Date,Close,High,Low,Open,Volume,Ticker,Log_Return,Return
2020-01-01,433.3164367675781,440.19903769161886,429.92292595365586,435.9451943322089,5154996,BHARTIARTL,,
2020-01-02,435.13275146484375,439.14758779263195,433.50769512741334,434.08123043712516,4933053,BHARTIARTL,0.00418289836678912,0.004191658896705697
2020-01-03,435.037109375,438.95636609332547,431.5958383383594,435.6106743610621,5154587,BHARTIARTL,-0.00021982395514500905,-0.00021979979562969376
2020-01-06,429.8273620605469,437.2834984688203,425.04777296091777,433.88998753328985,7538915,BHARTIARTL,-0.012047691866758239,-0.011975408998873172
2020-01-07,425.47796630859375,435.2283037271959,423.56614243512666,432.07380027996186,4353883,BHARTIARTL,-0.01017048087726806,-0.010118936428575864
2020-01-08,438.6217956542969,440.4380401424602,420.93736615994624,423.08816792332976,14118818,BHARTIARTL,0.030424364829238524,0.030891915413946647
2020-01-09,439.81671142578125,454.01205145203596,435.2283102843843,447.75080439615203,18180867,BHARTIARTL,0.002720546740278383,0.002724250785809401
2020-01-10,436.85333251953125,445.4087794797443,434.17678520881066,444.3094689335885,37724966,BHARTIARTL,-0.006760559947313249,-0.006737758773747937
2020-01-13,448.228759765625,449.56704838337845,434.22460809252055,438.7651898542739,15206224,BHARTIARTL,0.02570621133120137,0.026039465420777397
2020-01-14,448.658935546875,451.81346882381564,446.0301776293807,448.2287692163891,8238486,BHARTIARTL,0.0009592634986188245,0.0009597237390008839
2020-01-15,447.2250061035156,451.19205212155697,444.50063953163044,448.80227252512975,10875259,BHARTIARTL,-0.003201152741322966,-0.003196034514751256
2020-01-16,453.0083312988281,455.92385668642765,447.3684391300821,448.51550964853055,16290593,BHARTIARTL,0.012848679377249008,0.012931578324969273
2020-01-17,478.0055236816406,481.5901933129002,454.15542663121045,454.15542663121045,61915666,BHARTIARTL,0.0537117715419638,0.05518042529403955
2020-01-20,486.2742004394531,490.0978779777431,472.46123703172117,477.001818816019,45298836,BHARTIARTL,0.017150374991465513,0.017298287045150573
2020-01-21,489.18975830078125,492.2964721698591,482.1637578449721,487.5169123712778,65202963,BHARTIARTL,0.005977804750818207,0.005995707480868306
2020-01-22,491.8184814453125,500.66072588789274,484.3623449103197,492.0574594183589,20285793,BHARTIARTL,0.00535924027903858,0.005373626695829081
2020-01-23,500.56512451171875,502.81153545799845,489.76329554776856,492.29647413912346,15772863,BHARTIARTL,0.017628000929735776,0.017784291148845055
2020-01-24,501.138671875,504.1019867939133,491.48391440390105,497.5539726306099,23824625,BHARTIARTL,0.001145143760115694,0.0011457996875845478
2020-01-27,491.7229309082031,500.99528274879066,489.3331213180115,498.1753365578996,11856786,BHARTIARTL,-0.018967443651155574,-0.018788693619608443
2020-01-28,469.5934753417969,491.722938321801,464.67051684686965,491.6751189477279,31674769,BHARTIARTL,-0.046048034962916574,-0.04500391211272892
2020-01-29,468.6375427246094,479.2960022448026,466.7257188838404,471.36190952966496,20037283,BHARTIARTL,-0.0020377346934001717,-0.002035659921577282
2020-01-30,468.2073669433594,471.17071166855465,458.9349858393154,470.3103790696423,15337903,BHARTIARTL,-0.0009183501069253227,-0.0009179285525205971
2020-01-31,474.564208984375,477.3841549549805,465.53080611654167,471.4574656757954,18356252,BHARTIARTL,0.01348563860488955,0.013576979966196445
2020-02-03,487.564697265625,490.71920075790734,474.1818705203734,474.1818705203734,15212799,BHARTIARTL,0.027026065826456388,0.027394582303357007
2020-02-04,496.0245056152344,499.56138555999587,481.2556312183495,491.3405254559648,14646591,BHARTIARTL,0.017202338014652936,0.01735115031308454
2020-02-05,509.8374328613281,513.8045085471036,493.06112681926567,495.16413878043767,30647706,BHARTIARTL,0.02746658382166243,0.02784726780577329
2020-02-06,522.6945190429688,528.429990072868,510.5544030324323,511.46252522281907,17180298,BHARTIARTL,0.024905283999250395,0.025218011375672367
2020-02-07,515.6686401367188,524.797653298403,514.521510064528,524.7020145458172,8967847,BHARTIARTL,-0.013532810883470525,-0.01344165406424025
2020-02-10,514.9515380859375,519.6833666328434,512.4661794236116,516.3854057111088,8570467,BHARTIARTL,-0.0013915934922644224,-0.0013906256750286783
2020-02-11,510.7456359863281,520.6394022252092,509.2639783652011,515.7164139332125,6622800,BHARTIARTL,-0.00820110609511418,-0.008167568768204125
2020-02-12,515.8119506835938,518.4407381247338,511.4147678379099,512.370679736531,5160923,BHARTIARTL,0.009870573061823922,0.009919447843116158
2020-02-13,516.1465454101562,518.8231225423267,508.30803206015145,515.9075377119893,5729055,BHARTIARTL,0.0006484654945988106,0.0006486757938024557
2020-02-14,540.09228515625,542.5298547409566,510.6978434164507,520.8783475265493,37517890,BHARTIARTL,0.04534929550106399,0.04639329655314306
2020-02-17,539.9488525390625,543.6291314346453,531.9669698028821,540.0444318475465,23354434,BHARTIARTL,-0.00026560584226781835,-0.0002655705721588131
2020-02-18,524.0806274414062,543.7724600006919,513.6133268230427,538.5149445860964,21865560,BHARTIARTL,-0.02982887590469217,-0.029388385627707736
2020-02-19,519.4443969726562,529.1947332009695,514.9993654015734,524.8931300107942,22088140,BHARTIARTL,-0.008885768650360622,-0.008846406880911317
2020-02-20,521.5474243164062,527.6652716846015,514.8559823200537,519.7311800202433,16010058,BHARTIARTL,0.004040435595660112,0.004048609160107519
2020-02-24,506.5395812988281,518.1539527431494,503.8630041449425,518.1061630911014,9834434,BHARTIARTL,-0.029197741266563132,-0.028775605664717707
2020-02-25,511.6537170410156,514.2347148359951,507.5432720933805,509.5029449850639,9804202,BHARTIARTL,0.010045594992167563,0.010096221363539382
2020-02-26,512.3228759765625,515.6207778799695,497.36278384729695,509.2161326716696,18965240,BHARTIARTL,0.0013069811075069934,0.0013078355795337337
2020-02-27,508.2124328613281,512.227238962547,503.76740103227826,511.1279581376633,11381143,BHARTIARTL,-0.008055508334205912,-0.008023149673727303
2020-02-28,500.4217224121094,505.1057026112645,490.8625736897643,501.76001096042006,16934165,BHARTIARTL,-0.015448347344883526,-0.015329633722960367
2020-03-02,495.498779296875,512.3706961767349,489.28532203653776,510.45887231814896,10096159,BHARTIARTL,-0.00988629755815504,-0.00983758876714036
2020-03-03,497.8407287597656,509.83744626738076,491.4839030617847,500.899652627365,10563605,BHARTIARTL,0.0047153139146736,0.004726448501475522
2020-03-04,493.9692687988281,509.31170771690563,485.0314750355558,501.85557139933013,18066379,BHARTIARTL,-0.007806897759612209,-0.007776503080778818
2020-03-05,503.6718444824219,507.3043335493963,493.87371759589996,499.7526175037594,14344961,BHARTIARTL,0.019451647451236523,0.019642063376102747
2020-03-06,496.26348876953125,500.5650923288987,488.9029314595838,494.925200218644,9503868,BHARTIARTL,-0.014817940763298046,-0.014708695342110167
2020-03-09,474.373046875,489.4287191532207,469.40226919460775,487.5168953007312,15664232,BHARTIARTL,-0.04511298214968545,-0.04411052271608351
2020-03-11,472.03106689453125,486.0830081773819,465.5308418798955,465.5308418798955,21401999,BHARTIARTL,-0.004949227770528416,-0.004937000522894142
2020-03-12,444.4529113769531,460.27330799004187,438.9563878247566,457.4055720775573,14471096,BHARTIARTL,-0.060200689928845495,-0.05842445010878927
2020-03-13,470.1670227050781,486.608773227108,401.48449518469886,433.79443124081575,24254296,BHARTIARTL,0.056243885851165194,0.057855648303575036
2020-03-16,444.30950927734375,471.21853209704847,436.04085890527836,451.4310890691819,14936276,BHARTIARTL,-0.05656658649088898,-0.05499644207065968
2020-03-17,434.6547546386719,459.7953209915449,424.761018856035,444.50067105004524,12629709,BHARTIARTL,-0.021969364072183823,-0.021729795192488743
2020-03-18,406.7898254394531,457.6923132626586,389.48774249597875,439.72111575423787,29342689,BHARTIARTL,-0.06625539581974932,-0.06410818908994298
2020-03-19,425.1434326171875,431.7392372347362,345.80244026498195,398.0910103702801,24017236,BHARTIARTL,0.044129947848173035,0.04511815692024013
2020-03-20,442.2542724609375,451.19209658424086,417.4004730490881,425.3823852396203,19758966,BHARTIARTL,0.03945839323121983,0.04024721665912967
2020-03-23,389.3921813964844,426.0515417837546,381.8882249566302,398.04320841269083,14907385,BHARTIARTL,-0.12729797958516953,-0.11952872896015321
2020-03-24,386.2376403808594,418.54757692299125,382.5095719229185,392.78565500878796,12947855,BHARTIARTL,-0.008134185459039295,-0.00810119249007979
2020-03-25,410.1833190917969,418.92995498928184,387.7193289628498,388.62742153390826,14093189,BHARTIARTL,0.060151350820180145,0.06199726853997256
2020-03-26,449.94940185546875,471.6964570331547,401.7234622084563,407.6979413069109,22302573,BHARTIARTL,0.09253095661509833,0.09694709880382146
2020-03-27,429.15826416015625,453.8686958141139,418.213036334451,449.9494388674533,16378409,BHARTIARTL,-0.04730937109912752,-0.04620772382311322
2020-03-30,412.04736328125,429.492845844444,409.1318377249441,424.2830899586882,10210726,BHARTIARTL,-0.04068746285946218,-0.039870840917840655
2020-03-31,421.463134765625,427.29421547440694,405.3081515331468,421.5587140723535,17059457,BHARTIARTL,0.022594009450915598,0.022851187323210898
2020-04-01,402.7749328613281,420.60276022509174,394.21951584379923,420.60276022509174,9646905,BHARTIARTL,-0.045354384926853536,-0.044341249240433256
2020-04-03,405.2603454589844,412.9554600966426,397.27846319282645,412.9554600966426,14419445,BHARTIARTL,0.006151762187951883,0.006170723138105405
2020-04-07,449.4714660644531,464.3359502807825,414.05478590442254,414.05478590442254,15553539,BHARTIARTL,0.10354268374386696,0.1090931326019493
2020-04-08,441.29833984375,469.4500697680595,433.0296901248722,453.438486204767,13639333,BHARTIARTL,-0.018351218317646426,-0.01818386001733674
2020-04-09,467.1558837890625,470.59718452407174,450.2361774652168,450.2361774652168,11962829,BHARTIARTL,0.056941845933225536,0.05859424704490812
2020-04-13,489.61993408203125,497.93637423615417,469.35450504089744,469.35450504089744,24416550,BHARTIARTL,0.046966445171941755,0.04808684011590447
2020-04-15,487.9948425292969,512.3228957205665,482.7850869605922,510.4110719022965,26277115,BHARTIARTL,-0.003324608196317404,-0.003319087805894183
2020-04-16,478.3879089355469,490.38465775847186,475.42456397100983,477.95774260134726,17401120,BHARTIARTL,-0.01988290885692077,-0.019686547390453724
2020-04-17,480.2997131347656,489.90668161687887,476.2370873943188,488.47281370848583,16430317,BHARTIARTL,0.0039883830551124275,0.003996347239362041
2020-04-20,468.6853332519531,485.3182720255458,465.4352208286028,485.3182720255458,11688508,BHARTIARTL,-0.024478699369297457,-0.024181525754011113
2020-04-21,478.4356689453125,481.5902020540232,458.0268722024202,462.6630628416246,15781695,BHARTIARTL,0.020590146650538342,0.02080358611972577
2020-04-22,479.2960205078125,494.2561139597056,470.3582258796936,493.2523826291096,18447565,BHARTIARTL,0.0017966447250398084,0.0017982596581826993
2020-04-23,474.134033203125,484.9358609325322,469.4022338604788,479.7261353826725,12767355,BHARTIARTL,-0.010828351220495292,-0.01076993566359763
2020-04-24,472.46124267578125,477.00182451432124,463.09325191301707,473.0825676217262,12161869,BHARTIARTL,-0.0035343347072982227,-0.0035280962980928088
2020-04-27,472.2700500488281,480.87328738469245,469.4501038307308,476.09369787813046,10074370,BHARTIARTL,-0.00040475557660831033,-0.0004046736741204482
2020-04-28,464.2403564453125,475.5201712428494,462.75869882848883,475.5201712428494,11729091,BHARTIARTL,-0.01714853422384068,-0.017002335004486113
2020-04-29,474.134033203125,476.4282335413902,465.57858644332396,469.3066545630223,8371711,BHARTIARTL,0.0210876245077472,0.021311539637717702
2020-04-30,491.6273193359375,493.2045859301146,473.369353669807,480.92106990869513,20170888,BHARTIARTL,0.036230896240312234,0.036895234064157956
2020-05-04,509.0250244140625,516.1943641653057,477.8621575836276,480.29972715506347,34658164,BHARTIARTL,0.03477623078625216,0.03538799491782685
2020-05-05,504.7711181640625,529.2903595768794,502.8592943539224,514.2825070033607,30498970,BHARTIARTL,-0.008392084043643127,-0.008356968805014353
2020-05-06,521.9298095703125,527.1395949099259,506.6830085264375,508.3080350119214,26074684,BHARTIARTL,0.03342801924010774,0.03399301344470551
2020-05-07,504.7711181640625,521.308477337585,501.3298471937832,521.308477337585,15823732,BHARTIARTL,-0.03342801924010769,-0.03287547691590209
2020-05-08,506.6829833984375,521.7386250879046,505.01010790411334,516.194312459686,13847608,BHARTIARTL,0.0037804335528446717,0.003787588405075093
2020-05-11,512.5618286132812,524.319627958999,508.64260179128416,509.5507240217269,14490804,BHARTIARTL,0.011535816203109908,0.011602610325322171
2020-05-12,535.1692504882812,539.1362669962961,507.1130998300321,509.5029389927717,23041211,BHARTIARTL,0.043161707986198304,0.04410672159525353
2020-05-13,531.441162109375,544.6327694560894,525.0843066793257,543.3423300625041,21509772,BHARTIARTL,-0.006990562846322206,-0.006966185698271676
2020-05-14,516.0509643554688,537.7024107179234,511.510353064494,526.8050030594488,13428330,BHARTIARTL,-0.02938696133745623,-0.0289593634275902
2020-05-15,529.6727294921875,532.3493065682974,515.6207890024068,519.5400158753888,14758117,BHARTIARTL,0.026053795560517613,0.026396162545170077
2020-05-18,514.3302612304688,534.3566796462311,511.6058946566986,532.3492766718156,21991328,BHARTIARTL,-0.029393733598664318,-0.028965939546157116
2020-05-19,572.402099609375,576.8949208086284,532.4448430436872,533.8787107677311,73259076,BHARTIARTL,0.1069761250593188,0.1129076835572087
2020-05-20,567.861572265625,585.020257270329,562.6518461582049,578.3288735741761,36412918,BHARTIARTL,-0.0079640375373452,-0.007932408610745179
2020-05-21,568.3395385742188,577.8509280990583,559.5929618443705,564.4681010236345,20673544,BHARTIARTL,0.0008413410834190259,0.0008416951101071213
2020-05-22,567.0491333007812,571.0639400582332,561.1224430399323,570.6815633575538,11630640,BHARTIARTL,-0.002273064477408176,-0.0022704830226570882
2020-05-26,534.5957641601562,551.0374858219357,532.9706781359813,546.7836715819914,77933211,BHARTIARTL,-0.05893507453315043,-0.05723202317886389
2020-05-27,538.2760009765625,540.6179910799832,529.4337861648889,536.2685384308701,22948762,BHARTIARTL,0.006860561291455329,0.006884148852521976
2020-05-28,537.94140625,542.9599733823289,531.4889712855576,539.7576507253165,16574283,BHARTIARTL,-0.0006217976685680942,-0.0006216043924593961
2020-05-29,528.2388916015625,539.136299686609,519.8268426910328,533.4008280039391,55206200,BHARTIARTL,-0.01820101631622438,-0.018036378192327507
2020-06-01,534.4044799804688,536.8898983640611,525.8968525532061,534.3566903315376,40024637,BHARTIARTL,0.011604377785866295,0.011671969779076363
2020-06-02,533.4963989257812,547.0704434652133,531.5845750616058,538.1803792809844,32573015,BHARTIARTL,-0.0017006845700696638,-0.0016992392255407163
2020-06-03,527.3307495117188,543.2467244415465,525.036549036802,542.9599865320976,29783799,BHARTIARTL,-0.011624360954870943,-0.011557059103823986
2020-06-04,547.2138671875,559.5929933307756,525.3234104240836,527.9521387804712,30007267,BHARTIARTL,0.03701174821031355,0.03770521194561849
2020-06-05,558.5892333984375,563.990177974691,542.4343082069246,558.2547057959199,48771843,BHARTIARTL,0.020574670995801955,0.020787788638111815
2020-06-08,559.3538818359375,567.5269816528962,553.6662003819577,562.0782484415904,20813563,BHARTIARTL,0.0013679561085368729,0.0013688921872838655
2020-06-09,542.768798828125,565.567376457203,540.7613955903032,554.4309604609533,15219451,BHARTIARTL,-0.030098890759080496,-0.029650429801928224
2020-06-10,542.0996704101562,550.6072985667765,538.2282329959385,545.8277388652895,19489440,BHARTIARTL,-0.0012335661359736713,-0.0012328056060212367
2020-06-11,527.52197265625,548.5043664984232,522.5990435431105,544.8718770154093,27803048,BHARTIARTL,-0.02725935947159086,-0.02689117619805348
2020-06-12,535.408203125,537.2244476172312,516.1943264438481,516.1943264438481,19224358,BHARTIARTL,0.01483893365013709,0.01494957722621515
2020-06-15,526.4226684570312,538.8973733708557,524.7976418566956,531.4890257590397,13838935,BHARTIARTL,-0.016925010195319768,-0.016782586847797987
2020-06-16,520.8782958984375,534.6434982592366,513.3265801798807,533.4007890428155,19430678,BHARTIARTL,-0.01058802492077755,-0.010532169093030452
2020-06-17,538.6105346679688,540.5702075848737,517.1502468440971,522.7423493653268,20916747,BHARTIARTL,0.0334763221986505,0.03404295957263059
2020-06-18,536.1729736328125,547.6439762047005,533.592035204054,539.3752964224618,19692591,BHARTIARTL,-0.004535918528039389,-0.004525646786056492
2020-06-19,547.2615356445312,552.7102686599386,536.2684903200831,537.128822842501,41924711,BHARTIARTL,0.020469994464433018,0.020680941705414124
2020-06-22,555.4346923828125,562.078286132709,545.2541888852749,550.4161251116528,12954502,BHARTIARTL,0.014824221224406216,0.014934644965784782
2020-06-23,553.2838745117188,558.8281875287258,549.0300604431254,555.4347060924083,9944839,BHARTIARTL,-0.00387983142585171,-0.0038723146043808665
2020-06-24,532.779541015625,556.3428732379178,530.5331299479597,555.3869017828531,12619809,BHARTIARTL,-0.037763485780766166,-0.037059336880528315
2020-06-25,534.3567504882812,538.8495723922226,525.7535427946254,529.48161134985,15881470,BHARTIARTL,0.0029559684805991484,0.0029603416633634527
2020-06-26,535.6949462890625,541.4304170908374,532.588203218172,535.3125696809725,11317405,BHARTIARTL,0.0025011810222759254,0.002504311585019625
2020-06-29,542.0996704101562,543.8681253316665,526.9005992315873,534.2611568357975,13162970,BHARTIARTL,0.011885009281843332,0.011955916637745867
2020-06-30,535.1692504882812,551.5631809951142,532.8272604158766,546.7836215493625,13182057,BHARTIARTL,-0.012866825360095898,-0.012784401651879662
2020-07-01,535.4560546875,549.651364255113,533.6875998379676,549.651364255113,13894655,BHARTIARTL,0.0005357695258888618,0.0005359130760167474
2020-07-02,533.8309326171875,542.0040323161227,533.0183897241063,539.9009906116527,13795692,BHARTIARTL,-0.0030396392004588416,-0.003035024174413259
2020-07-03,555.8169555664062,557.7288386494585,535.886116814305,537.0332466641363,21005887,BHARTIARTL,0.04035984019544137,0.04118536713754839
2020-07-06,551.1807861328125,563.3209618275238,549.6991286975904,561.6958760057654,16114629,BHARTIARTL,-0.008376162597443903,-0.008341180288156669
2020-07-07,542.1474609375,556.9163658227661,541.0959696894505,553.4750352802521,12759442,BHARTIARTL,-0.016524828256083892,-0.01638904225724558
2020-07-08,536.5552978515625,548.6954138103565,534.356676856861,546.7835901418717,9581306,BHARTIARTL,-0.010368404342195811,-0.010314837731172477
2020-07-09,543.5813598632812,545.1108071695099,535.5994768615741,539.13632747222,8611659,BHARTIARTL,0.013009763274511376,0.01309475843375707
2020-07-10,549.3645629882812,553.4750079108738,540.7135662864175,544.0114682666672,13532330,BHARTIARTL,0.010582878766925222,0.010639075494521366
2020-07-13,560.93115234375,563.0341942052614,544.8718085134615,549.1734120994461,16660491,BHARTIARTL,0.020835904611253092,0.021054487556590784
2020-07-14,563.3688354492188,570.4903857934812,553.0449026330007,558.7326444170783,32935464,BHARTIARTL,0.0043363638740451654,0.004345779504816738
2020-07-15,538.7539672851562,562.9864117337357,534.9780498165632,562.9864117337357,20062926,BHARTIARTL,-0.04467553350952256,-0.043692278690629194
2020-07-16,537.94140625,541.2393082078473,528.9079735238352,540.9525108654792,11528871,BHARTIARTL,-0.001509361346563802,-0.001508222833607742
2020-07-17,541.7650756835938,548.5998875672897,536.9855160501744,538.2760149831574,12189475,BHARTIARTL,0.007082823864701239,0.007107966386615594
2020-07-20,550.3683471679688,556.820782448171,542.5776232909966,545.8277357574758,9789671,BHARTIARTL,0.015755308406972725,0.015880077676693194
2020-07-21,542.7210083007812,558.0634488048465,541.3827196644302,554.4309595690177,12005925,BHARTIARTL,-0.013992385159024956,-0.013894946732562752
2020-07-22,544.0592651367188,550.1293235797373,537.9892066937002,542.9599842753369,11034525,BHARTIARTL,0.002462793160793955,0.0024658283270211356
2020-07-23,542.1951904296875,550.36829012142,539.136236891298,544.8717673457958,9718786,BHARTIARTL,-0.0034321176355876486,-0.003426234652143645
2020-07-24,534.786865234375,542.3863705747516,530.9154280896341,540.0922296296184,9960443,BHARTIARTL,-0.01375778177146029,-0.013663576007454825
2020-07-27,534.8346557617188,538.8973109517959,520.1613906434688,533.5920059877096,10895560,BHARTIARTL,8.935969674771467e-05,8.936368944434392e-05
2020-07-28,539.7098999023438,548.9344918938076,530.8198949277361,533.8787894136935,14210206,BHARTIARTL,0.0090741283218119,0.009115423034211645
2020-07-29,541.2393188476562,544.0592649169009,535.5516370578101,540.331196592146,9979767,BHARTIARTL,0.0028297720917241777,0.0028337796760615763
2020-07-30,528.33447265625,554.8611184361613,519.1098807281963,550.6073043134542,45326361,BHARTIARTL,-0.024131990803211815,-0.02384314247324404
2020-07-31,530.3897094726562,534.6435234711744,522.2166090405424,526.6137919954557,13917435,BHARTIARTL,0.003882483148608602,0.0038900297496646807
2020-08-03,523.2202758789062,531.9669109957856,522.3121536689608,530.0550872779767,9392745,BHARTIARTL,-0.013609484253446175,-0.013517293917482465
2020-08-04,524.7975463867188,528.9557806015371,521.7863825705391,523.8416345745669,12035116,BHARTIARTL,0.0030100093054949636,0.003014543932119196
2020-08-05,534.3088989257812,535.7905563573615,522.4555800332774,527.6653055881262,12920232,BHARTIARTL,0.01796157183437507,0.01812385100606706
2020-08-06,532.72607421875,538.865891882363,530.1837691501286,538.865891882363,10620956,BHARTIARTL,-0.0029667741130082735,-0.002962377587596765
2020-08-07,538.0025024414062,540.4967867412223,529.6082064544761,533.3976240007299,7346008,BHARTIARTL,0.009855851518913817,0.009904580380065253
2020-08-10,536.1317138671875,542.0317248892165,532.2463742191738,541.3601478801068,9594610,BHARTIARTL,-0.0034833458192581658,-0.003477286008390812
2020-08-11,528.6967163085938,537.7145666369921,527.8332943185742,535.3162053609983,8290695,BHARTIARTL,-0.013964913366062913,-0.013867856286590707
2020-08-12,525.4349365234375,538.4341084134174,523.1804590130755,527.6414527732928,12613101,BHARTIARTL,-0.00618858220698726,-0.006169472373367957
2020-08-13,513.5869750976562,526.0105527139445,502.93826245890796,512.2919017046406,37464752,BHARTIARTL,-0.022806978094907553,-0.022548864954001324
2020-08-14,507.1114501953125,520.7821405088858,503.65776192859823,520.7821405088858,18550546,BHARTIARTL,-0.012688589737714267,-0.012608428983450048
2020-08-17,500.2041015625,510.852904081666,497.0382703746303,508.9821761621704,19369462,BHARTIARTL,-0.01371458404915295,-0.013620967600223133
2020-08-18,504.9049072265625,507.59109581430766,499.00489651657057,500.8276630830183,13771669,BHARTIARTL,0.009353890767593484,0.009397775126950059
2020-08-19,514.0665893554688,517.951988055925,505.6722956129602,507.49506199392135,17395288,BHARTIARTL,0.017982699316798745,0.018145361627066148
2020-08-20,504.18536376953125,511.9081409659912,501.4512139481754,509.4138571050943,13690809,BHARTIARTL,-0.019408822627398535,-0.019221684098020164
2020-08-21,499.1008605957031,508.26262507850976,495.0236163563457,508.26262507850976,22244899,BHARTIARTL,-0.010135784942741383,-0.010084590984184794
2020-08-24,505.4804992675781,510.7568942371427,487.5406907524169,496.8463685816353,29714401,BHARTIARTL,0.012701259830634028,0.01278226341717903
2020-08-25,507.159423828125,513.8748361609088,504.617118830536,512.771607745089,19881871,BHARTIARTL,0.0033159389840997514,0.0033214427915213562
2020-08-26,493.5845947265625,506.91952584574216,491.1862333305442,506.91952584574216,26386996,BHARTIARTL,-0.027131137515140534,-0.02676639428110672
2020-08-27,490.37078857421875,497.42201903143774,487.34884118588394,493.4886883175213,22268191,BHARTIARTL,-0.0065324457498797525,-0.006511155710044236
2020-08-28,502.1708068847656,508.02285690977135,491.28219750117785,491.28219750117785,22217757,BHARTIARTL,0.02377849825845603,0.02406346092689593
2020-08-31,492.24151611328125,501.0675519507617,487.8765041986451,497.4220186512216,190329697,BHARTIARTL,-0.019970832121285833,-0.01977273596026241
2020-09-01,524.0438842773438,532.8698896785047,493.2967789823525,496.46260994205187,75732733,BHARTIARTL,0.06260594697910926,0.06460724486462
2020-09-02,528.1691284179688,536.2755961964185,522.9406944193244,527.6414948570025,35680638,BHARTIARTL,0.007841121953310257,0.007871944057344926
2020-09-03,516.1292724609375,530.4235777195747,513.8747948914233,528.1691001500606,25084656,BHARTIARTL,-0.02305928925878737,-0.022795455677416032
2020-09-04,501.8829040527344,516.1292473566715,498.3813145410213,509.8935081374701,28610361,BHARTIARTL,-0.027990428506174794,-0.02760232594496248
2020-09-07,494.4960021972656,506.5358008552027,489.5553655492682,503.6577670392797,16450037,BHARTIARTL,-0.014827767128826363,-0.01471837712705315
2020-09-08,477.8513488769531,495.83912075703574,473.9180179073719,495.0236599067605,33745174,BHARTIARTL,-0.034239367982395304,-0.03365983394476979
2020-09-09,483.75128173828125,486.0537206022771,471.1358590754064,473.1984618005133,32068518,BHARTIARTL,0.012271195416326052,0.012346795452590431
2020-09-10,477.13177490234375,487.3488364408871,471.2317938022418,487.3488364408871,21400064,BHARTIARTL,-0.013778183535533475,-0.013683698805202926
2020-09-11,471.66351318359375,482.024458696732,468.68952703569033,479.0025112842905,15888599,BHARTIARTL,-0.0115268748360848,-0.011460694940866656
2020-09-14,454.8269348144531,477.0358325097661,449.2627126185383,475.8366518342078,53032505,BHARTIARTL,-0.03634885200762042,-0.035696164529451346
2020-09-15,465.81146240234375,467.82607399281346,450.9415624740134,455.834237492755,31436333,BHARTIARTL,0.02386398158933972,0.024151005024299455
2020-09-16,462.16595458984375,470.75212442959554,461.0147351209016,467.2025434947976,13379581,BHARTIARTL,-0.007856929488228125,-0.007826144495669762
2020-09-17,459.5277404785156,462.7415626233673,454.73098789236997,460.4870850304136,13750507,BHARTIARTL,-0.005724724668307799,-0.005708369656240553
2020-09-18,474.44561767578125,477.4196037812423,455.97817478626104,463.3651340460751,55830089,BHARTIARTL,0.03194769075410318,0.03246349650563274
2020-09-21,448.7350769042969,475.8366811481309,442.49933700724074,475.8366811481309,23162880,BHARTIARTL,-0.05571431729615913,-0.05419070134409798
2020-09-22,451.80499267578125,459.04806789914824,442.25947859871866,449.45459255985355,18950065,BHARTIARTL,0.006817970165215471,0.006841265435862276
2020-09-23,416.1651916503906,448.0155246892897,406.6676392853429,448.0155246892897,86810146,BHARTIARTL,-0.0821683778521603,-0.07888315003850788
2020-09-24,402.254638671875,415.8773665147158,399.23269153274885,407.96274447541646,36458719,BHARTIARTL,-0.033996959133984254,-0.03342555614358422
2020-09-25,421.77740478515625,426.8619548875875,404.98881509045526,407.7229351951046,34232784,BHARTIARTL,0.047392380439512646,0.04853335235049028
2020-09-28,425.6147766113281,429.4521846748334,416.40505094689604,427.86925422147067,21445626,BHARTIARTL,0.009056958847478976,0.009098097201595046
2020-09-29,417.89202880859375,426.4781984006053,412.04000910476225,425.9505648586724,18187111,BHARTIARTL,-0.018311562033433915,-0.018144924065422674
2020-09-30,403.8375549316406,422.496870629799,401.15136653444864,420.1944319541068,27686374,BHARTIARTL,-0.03421038952557767,-0.03363183049225016
2020-10-01,414.774169921875,416.9326952357397,406.4278362496104,408.68231391786304,13593932,BHARTIARTL,0.026721497906915914,0.027081718519432085
2020-10-05,407.1952819824219,419.7147817538751,405.8042264522604,414.7741455067462,15282146,BHARTIARTL,-0.01844132457212286,-0.01827232380666488
2020-10-06,409.4018249511719,412.51969486874174,405.90020526693064,409.6416610986772,11078299,BHARTIARTL,0.00540425215901209,0.005418881471336068
2020-10-07,405.276611328125,414.19853969999286,403.981478261246,410.40912267910846,10393534,BHARTIARTL,-0.01012730593300621,-0.010076197446210355
2020-10-08,407.1952819824219,417.7960926989365,402.0627708644682,408.6822898613232,17018635,BHARTIARTL,0.004723053773994195,0.004734224972936962
2020-10-09,407.914794921875,417.31642508377973,406.09202836871714,410.600983490035,20948615,BHARTIARTL,0.001765437937083228,0.001766997240120638
2020-10-12,398.17742919921875,413.09529132085385,395.1075205337145,410.60100730762616,14326607,BHARTIARTL,-0.024160608666763547,-0.023871077597274137
2020-10-13,398.417236328125,410.12130513868925,396.30667241015203,404.02944951575245,28303313,BHARTIARTL,0.0006020806980717479,0.0006022619850365452
2020-10-14,396.4505920410156,402.4465252332926,394.5798642256106,399.4725392679511,14374547,BHARTIARTL,-0.004948365577037391,-0.004936142585682979
2020-10-15,382.9717712402344,398.6091418715511,378.9425179643506,396.59453014693776,28378188,BHARTIARTL,-0.03459014094261065,-0.03399874050228879
2020-10-16,385.3221435546875,390.74248189661165,382.1563125767965,388.0083320951088,23786283,BHARTIARTL,0.0061184387938714065,0.006137194673230262
2020-10-19,381.53271484375,388.2001948998245,377.9831342342275,387.14489805555894,17237471,BHARTIARTL,-0.009883120682084686,-0.009834443138873716
2020-10-20,388.5359802246094,396.4026414439299,380.8132326205976,381.5327410438293,26395238,BHARTIARTL,0.018189178467579874,0.01835560912182177
2020-10-21,401.96685791015625,403.11807733585215,387.14491898931715,389.20752170313295,23929199,BHARTIARTL,0.03398386350072478,0.034567912289056535
2020-10-22,413.1432800292969,414.7741717946899,401.0075292303424,401.966873818614,27014551,BHARTIARTL,0.027424815596022337,0.02780433734573884
2020-10-23,416.7408142089844,419.81072279765897,409.92944986744766,417.22048649388176,18512271,BHARTIARTL,0.008670022090976734,0.008707715588239573
2020-10-26,416.4050598144531,421.58553247518296,410.6010012462933,416.69285722301447,11956996,BHARTIARTL,-0.0008059918993199969,-0.0008056671750966693
2020-10-27,415.7334899902344,421.0578759784496,410.1213066091397,416.4050371247228,13021129,BHARTIARTL,-0.0016140821024998298,-0.001612780172551176
2020-10-28,433.4814147949219,468.16185000811754,424.03182366528245,427.8692315252332,125905730,BHARTIARTL,0.04180451696012662,0.04269063049287758
2020-10-29,432.4741516113281,438.51804647022306,426.9099290538276,429.5001654466887,25537340,BHARTIARTL,-0.0023263633307348004,-0.002323659444708359
2020-10-30,416.1172180175781,436.4074565776012,412.9993482428485,436.4074565776012,23483928,BHARTIARTL,-0.03855556487429922,-0.037821760058506904
2020-11-02,438.80584716796875,441.3001610498711,417.316456320784,417.316456320784,28703578,BHARTIARTL,0.0530900590211756,0.054524610297265186
2020-11-03,436.11962890625,441.97164852728696,429.26030347820057,439.3814122902152,16337850,BHARTIARTL,-0.006140469732738074,-0.006121655577416507
2020-11-04,434.6326904296875,437.031052010945,428.9725451672566,434.584729163394,10191499,BHARTIARTL,-0.003415299365573548,-0.003409473864525725
2020-11-05,438.7098693847656,443.12287223083376,434.2009440139234,438.42207198378753,9407770,BHARTIARTL,0.009337020233133734,0.009380746190645217
2020-11-06,431.6107482910156,441.6359356177266,430.5074900192107,438.42211316275404,12195207,BHARTIARTL,-0.016314168371275764,-0.01618181305951838
2020-11-09,452.6204528808594,455.4505254554161,434.1530094215834,437.7505517214459,24953555,BHARTIARTL,0.04752978549259036,0.04867743603010988
2020-11-10,447.43994140625,454.87489134402017,446.09684713293495,454.7309777337882,9800899,BHARTIARTL,-0.01151160236841996,-0.01144559739100659
2020-11-11,459.1440124511719,461.7822100937159,445.1854948726383,448.9269507327271,16032885,BHARTIARTL,0.025821593907406248,0.026157859327751165
2020-11-12,460.34320068359375,463.5570230327663,455.73835250705815,457.4651668449268,14785276,BHARTIARTL,0.0026083862726945855,0.0026117910718685966
2020-11-13,456.40985107421875,458.56840619096084,450.89361977733296,457.60906161758936,8428163,BHARTIARTL,-0.008581097685789603,-0.008544385153368417
2020-11-14,461.9261169433594,467.202541977766,459.5277554852912,467.202541977766,4014491,BHARTIARTL,0.012013756202824862,0.012086211233516053
2020-11-17,464.8521423339844,474.82936776868183,461.6862813442602,470.9439983406852,19050384,BHARTIARTL,0.006314423290621669,0.006334401289078473
2020-11-18,458.9521179199219,465.2838397136354,451.9488787981777,464.2765040682778,10504589,BHARTIARTL,-0.012773495186002909,-0.012692260348503459
2020-11-19,449.5025634765625,461.87815021098925,448.01555552884076,456.64968650231657,11541941,BHARTIARTL,-0.02080432951515757,-0.02058941243410528
2020-11-20,464.03668212890625,466.19520744645706,446.4326612608968,451.37329780728686,12090462,BHARTIARTL,0.03182204856715871,0.03233378368286344
2020-11-23,457.848876953125,466.96267981261605,455.78627428345277,466.96267981261605,10193531,BHARTIARTL,-0.013424438733789365,-0.01333473282196751
2020-11-24,454.9708251953125,461.6862669024493,452.04483026986264,458.95211702654575,9346208,BHARTIARTL,-0.006305870234694371,-0.0062860299602900405
2020-11-25,445.23345947265625,458.4724687024039,440.00502541293224,457.1294041521323,14497115,BHARTIARTL,-0.021634523819773765,-0.021402176103217485
2020-11-26,449.358642578125,450.55782327352796,441.39605889932477,449.64643997969057,11535113,BHARTIARTL,0.0092225548048153,0.009265213603565803
2020-11-27,444.41802978515625,453.4359108508384,443.2188490260656,449.26274391320845,18491882,BHARTIARTL,-0.01105569941412532,-0.010994809768479663
2020-12-01,459.95947265625,462.8854677088412,441.779826942643,448.7350752639344,18534936,BHARTIARTL,0.03437275466445454,0.034970324850697176
2020-12-02,465.1878662109375,468.0658997487451,454.7789305265528,461.44641068112577,20948620,BHARTIARTL,0.01130295467213536,0.011367074417434342
2020-12-03,460.39117431640625,469.2651414757644,454.7309995576884,467.2984612325972,20094168,BHARTIARTL,-0.010364830288266885,-0.010311300536708812
2020-12-04,473.6781311035156,477.5634705637843,463.7488672932229,467.05861195443526,31622330,BHARTIARTL,0.028451535668009193,0.02886014660649816
2020-12-07,488.26019287109375,489.7472007501503,474.4935511778244,477.75533450222247,22541162,BHARTIARTL,0.03032040314243345,0.030784747722270023
2020-12-08,483.1277160644531,495.26346695740745,479.3382989460975,493.1049416170772,19661141,BHARTIARTL,-0.010567404682167764,-0.010511765819900987
2020-12-09,482.60009765625,486.29359236167744,478.8106804189031,484.3749031100241,11826802,BHARTIARTL,-0.0010926856474531969,-0.0010920888838692466
2020-12-10,484.6147155761719,488.0683441296547,474.0139042910218,481.113066105761,13441906,BHARTIARTL,0.004165818814683407,0.004174507899409541
2020-12-11,483.8951721191406,487.8285027465075,477.08380778589094,487.8285027465075,14019094,BHARTIARTL,-0.0014858776323480513,-0.0014847742627372984
2020-12-14,482.60009765625,491.18626784938823,480.7773309365162,486.3895148935969,14147649,BHARTIARTL,-0.0026799411823355095,-0.0026763533457444533
2020-12-15,483.70330810546875,486.1975919554616,477.85128857024705,485.28620868566054,13320211,BHARTIARTL,0.002283363428013416,0.002285972287565885
2020-12-16,495.2154846191406,497.70979835781577,481.68867867271746,483.70332013395387,17707777,BHARTIARTL,0.02352127133290854,0.02380007810730489
2020-12-17,494.1602478027344,501.2594098742568,491.186261604488,495.9829846726362,20023766,BHARTIARTL,-0.002133137456197702,-0.0021308639353589953
2020-12-18,489.8910827636719,493.9683268177688,484.51873553269644,493.00898229366476,11000487,BHARTIARTL,-0.008676766527413154,-0.008639232026544374
2020-12-21,470.9439697265625,490.41871729385144,460.6309862446079,486.8691365820452,15539470,BHARTIARTL,-0.03944395962341302,-0.038676174569704624
2020-12-22,479.96185302734375,484.4707782933921,465.811461526038,473.9179586139945,21632475,BHARTIARTL,0.018967501184857953,0.019148526959623657
2020-12-23,486.58135986328125,488.78784640167,478.1391038138106,479.9618704214591,13326963,BHARTIARTL,0.0136974948332809,0.01379173531018174
2020-12-24,496.2707824707031,501.7390524092514,489.69922453462624,498.86101873913714,21241048,BHARTIARTL,0.01971758744127836,0.019913263036102302
2020-12-28,500.39599609375,505.57646902396596,495.59927294601596,498.95697914942974,13124256,BHARTIARTL,0.008278066990713335,0.008312424927595652
2020-12-29,499.1008605957031,503.6097860291981,494.1602241414144,501.73905815686277,11457626,BHARTIARTL,-0.0025915763801592066,-0.0025882211451672132
2020-12-30,495.1675720214844,502.12285055456294,492.4334218753792,502.12285055456294,10691466,BHARTIARTL,-0.007911966152319122,-0.007880748932238224
2020-12-31,488.979736328125,497.37403137290937,485.717952769847,496.07892809848965,15816475,BHARTIARTL,-0.012575185002431922,-0.012496447754238083
2021-01-01,494.20819091796875,495.40737164096515,487.54071030612124,491.42607970995465,10377082,BHARTIARTL,0.010635817898142082,0.010692579265360935
2021-01-04,496.07891845703125,499.34070195191543,490.80249345295755,495.98296610326616,13489114,BHARTIARTL,0.003778156348103041,0.0037853025778218363
2021-01-05,493.1049499511719,495.88706125639266,490.32283864595115,493.1049499511719,10689423,BHARTIARTL,-0.00601299224829774,-0.005994950390372122
2021-01-06,503.9455871582031,510.1333657402959,492.24151752025733,494.0642841752374,30837593,BHARTIARTL,0.021746268642950685,0.021984442070810184
2021-01-07,523.0845947265625,531.9106010552654,505.67238839838797,510.37324863779025,39444841,BHARTIARTL,0.03727489972876598,0.03797832158087955
2021-01-08,518.287841796875,527.4016151964311,515.4577097015273,526.9699041753314,14538362,BHARTIARTL,-0.009212432912583605,-0.009170128461142957
2021-01-11,524.9072875976562,531.8146037075214,519.486949479782,519.486949479782,19892197,BHARTIARTL,0.012690884873254465,0.01277175589886892
2021-01-12,542.7510986328125,545.8689977936278,522.8446126347342,526.6820499300848,25857074,BHARTIARTL,0.03342918100835308,0.033994214705652226
2021-01-13,554.7430419921875,577.2397372237944,543.9503860185873,564.0966811461951,85239439,BHARTIARTL,0.021854186180059222,0.022094738066090747
2021-01-14,556.9495849609375,561.0267696515594,546.8764070884642,559.0121579383903,16974338,BHARTIARTL,0.003969704957849829,0.003977594673068685
2021-01-15,578.1510620117188,585.8258772596638,569.6608457391567,584.7705506427569,57451072,BHARTIARTL,0.03736046339603243,0.03806713861231836
2021-01-18,563.08935546875,578.4868885830567,560.2592831914147,578.1511001076736,21359539,BHARTIARTL,-0.02639685885262626,-0.02605150717973337
2021-01-19,568.221923828125,573.1625306701333,562.6577012327377,567.0706745049511,11034273,BHARTIARTL,0.00907372474403996,0.009115015777739766
2021-01-20,571.9153442382812,578.0071996127715,565.055989414626,568.2218500757982,13333007,BHARTIARTL,0.00647892746484788,0.00649996111602591
2021-01-21,557.717041015625,579.4942593376593,551.0495899404577,575.8487259198762,17380638,BHARTIARTL,-0.025139242032249005,-0.024825882651507758
2021-01-22,553.3999633789062,561.7462969610498,549.4666029045735,560.163336657322,12662954,BHARTIARTL,-0.0077707376330087485,-0.007740623504810196
2021-01-25,557.141357421875,563.9527508623296,546.3966635961633,555.462474777452,12503932,BHARTIARTL,0.006737990073813922,0.006760741399628678
2021-01-27,547.5958862304688,558.1007751448693,539.4894184524311,556.4218922800779,15567653,BHARTIARTL,-0.017281410228017408,-0.017132943128790767
2021-01-28,547.6918334960938,552.4405948951204,539.8731338024901,543.470705624369,15201598,BHARTIARTL,0.00017520011252261634,0.00017521546095866647
2021-01-29,531.0950317382812,554.9827795690611,528.2169984555323,554.9827795690611,25521965,BHARTIARTL,-0.030771808415193135,-0.03030317551362738
2021-02-01,555.6064453125,557.4771730803315,526.8739518431702,536.2755519427019,14212955,BHARTIARTL,0.045119238726128295,0.04615259437466879
2021-02-02,574.9852294921875,581.0291236788659,555.7023573981699,561.1226359050754,21711996,BHARTIARTL,0.034284141180387216,0.03487861658766023
2021-02-03,584.0990600585938,597.1941541471633,575.0811502391821,584.6266935644857,30641248,BHARTIARTL,0.01572623920407146,0.01585054728180646
2021-02-04,576.1845092773438,597.6739001597336,571.4357474849079,589.903161083638,51976676,BHARTIARTL,-0.01364265382367328,-0.0135500145822115
2021-02-05,557.4772338867188,581.2690639461775,552.8243945898224,579.2543925241657,35465208,BHARTIARTL,-0.0330062715853125,-0.03246750839255963
2021-02-08,573.0186767578125,579.1105332406868,560.9308863273354,565.0560922238719,21646080,BHARTIARTL,0.027496644451492504,0.027878166006420013
2021-02-09,574.6015625,583.043878795816,570.8121452294827,574.5536012336204,20927436,BHARTIARTL,0.002758554950154885,0.002762363263870471
2021-02-10,566.207275390625,583.0438873083792,556.6617901753963,580.3576984320059,31642664,BHARTIARTL,-0.014716643722647456,-0.014608883193517275
2021-02-11,573.7861328125,579.0145667746046,565.0560493521176,567.9340831118093,19253595,BHARTIARTL,0.013296513869510118,0.01338530561382556
2021-02-12,562.4178466796875,573.5462920965447,560.8349459381446,573.5462920965447,15905053,BHARTIARTL,-0.020011662906371592,-0.019812758591932322
2021-02-15,569.56494140625,578.4868689311423,566.0153310384371,568.0299425156786,17972742,BHARTIARTL,0.0126277356411011,0.012707802159473314
2021-02-16,569.8048095703125,577.143837396162,568.8934262500657,570.8121154183088,15064854,BHARTIARTL,0.0004210541264601864,0.0004211427821914082
2021-02-17,569.7089233398438,574.4576852991299,566.0633898265922,572.6828798094347,16436661,BHARTIARTL,-0.00016829324285581548,-0.00016827908234240407
2021-02-18,565.10400390625,573.6901438193793,561.4105093958402,572.7307992442063,22193564,BHARTIARTL,-0.008115777673272921,-0.008082933661277436
2021-02-19,557.717041015625,571.7714814577074,552.1048570919269,566.0154137369859,19465126,BHARTIARTL,-0.013158053105289629,-0.013071864364016195
2021-02-22,547.1162719726562,561.1227522421399,544.9098149661755,558.3407003493303,20227667,BHARTIARTL,-0.01919039595613294,-0.019007432556954584
2021-02-23,542.5593872070312,553.5438893774503,541.0723493166104,551.6252000839853,23764401,BHARTIARTL,-0.00836379392565868,-0.00832891470983843
2021-02-24,549.6585693359375,550.7617978234506,542.2236182291093,545.0057297355781,8888950,BHARTIARTL,0.012999753506070992,0.013084617640570562
2021-02-25,555.6064453125,560.6909950985688,553.5917741102368,556.3259238714227,16230241,BHARTIARTL,0.01076290901196634,0.010821037473769168
2021-02-26,533.6853637695312,562.1300309908667,529.320292393905,551.1454703121035,198547005,BHARTIARTL,-0.04025375256157409,-0.03945433269882115
2021-03-01,510.5650634765625,536.3715039064936,499.8203685368163,535.3162368137155,55091122,BHARTIARTL,-0.04428837890940415,-0.04332196807809241
2021-03-02,519.1992797851562,521.8854090675248,507.3512955685766,518.5277027245752,30622757,BHARTIARTL,0.016769698249903105,0.016911098949468295
2021-03-03,524.0918579101562,528.3609471024429,518.0479634129173,526.4422580116764,24669015,BHARTIARTL,0.00937919208653904,0.0094233145450906
2021-03-04,517.6642456054688,523.8040630054282,516.1293061688075,518.0479953779627,17678275,BHARTIARTL,-0.012340112716061447,-0.012264285750055226
2021-03-05,511.1406555175781,516.6089553105045,503.0821492697421,513.2512493450155,16658703,BHARTIARTL,-0.01268204985286687,-0.01260197153516085
2021-03-08,504.329345703125,513.6829854620996,503.4179623597729,509.4138959891977,15293359,BHARTIARTL,-0.013415289390275658,-0.013325705441207814
2021-03-09,500.53985595703125,510.37322741964135,493.39273284334195,508.55046078000146,20181762,BHARTIARTL,-0.007542290487036978,-0.007513918788149332
2021-03-10,504.47320556640625,508.93413988804605,495.35940239189716,499.05289685517863,19013738,BHARTIARTL,0.007827499647294135,0.007858214610811487
2021-03-12,502.8902282714844,511.0926776951095,500.3479831616923,508.9821435893666,11624491,BHARTIARTL,-0.0031428152833600444,-0.003137881809093468
2021-03-15,501.5951843261719,506.34394599587046,495.4073759497052,506.34394599587046,10875944,BHARTIARTL,-0.002578523583537785,-0.002575202047102376
2021-03-16,507.7829284667969,512.0520175538363,502.6983786402922,502.6983786402922,13252045,BHARTIARTL,0.012260661442492443,0.012336131474103729
2021-03-17,501.6431579589844,509.41389702583604,497.9017020477808,507.30330309097803,8482758,BHARTIARTL,-0.012165023883944293,-0.012091329116461158
2021-03-18,505.7683410644531,510.56506390227355,494.4000602161689,508.3105862725043,12465338,BHARTIARTL,0.008189714265254801,0.008223341712169985
2021-03-19,508.4065246582031,513.0114025874835,504.1374352340386,506.53579672776505,49597558,BHARTIARTL,0.005202632472251187,0.005216189665406157
2021-03-22,506.5357971191406,512.2919243618456,501.7390741279815,511.38054102819405,13581706,BHARTIARTL,-0.003686376294343093,-0.003679589950817741
2021-03-23,507.7349853515625,510.8048640694938,500.9235912811892,508.1666963671015,15239339,BHARTIARTL,0.002364632427390031,0.002367430375586732
2021-03-24,502.3626403808594,511.76430114831476,500.3000673489408,506.5358073635622,10801499,BHARTIARTL,-0.010637378986340335,-0.010581002148164487
2021-03-25,487.1090087890625,502.36262964065173,479.24234730065837,502.1228233180278,17572322,BHARTIARTL,-0.03083431470577886,-0.03036378577083787
2021-03-26,501.2593994140625,503.56183836938976,489.8431569927813,491.2821738831966,11148490,BHARTIARTL,0.02863579500926544,0.029049741166104592
2021-03-30,500.3000183105469,506.4398351922556,495.2634297349866,506.34391267055736,10691124,BHARTIARTL,-0.0019157752999248072,-0.001913941373742012
2021-03-31,496.2707824707031,504.5211635543576,495.26344682483847,501.11549634338684,7712521,BHARTIARTL,-0.008086244934632603,-0.008053639201233698
2021-04-01,499.6285095214844,502.60249566887194,493.6325759621795,498.81304871785005,7111516,BHARTIARTL,0.006743131159358987,0.006765917256028375
2021-04-05,506.775634765625,507.4951133474215,493.6805101478262,499.628482116349,9376649,BHARTIARTL,0.01420352934661863,0.014304878740778237
2021-04-06,510.5650634765625,515.9854020360987,503.226035783498,507.0154527875477,13115141,BHARTIARTL,0.007449709311734935,0.00747752743221386
2021-04-07,519.5829467773438,524.667497159996,513.4910905020247,515.1699734253468,21391503,BHARTIARTL,0.017508384376451625,0.017662554580950562
2021-04-08,520.9259643554688,526.2503799361625,518.527603142533,524.571497260454,11367448,BHARTIARTL,0.0025814643384082397,0.002584799186453157
2021-04-09,523.0845947265625,527.4016455325636,514.6902994437913,517.5683333144588,11641539,BHARTIARTL,0.004135271292894737,0.0041438333252683535
2021-04-12,501.21142578125,516.9447483121806,497.4220087646703,515.6975765099385,9869735,BHARTIARTL,-0.042715180371998625,-0.04181573910955361
2021-04-13,514.3544921875,518.047986749601,501.83499161829826,505.00085262200105,6657701,BHARTIARTL,0.025884681644084594,0.026222599346700015
2021-04-15,517.4244384765625,523.948005638874,508.6943548658271,518.0479945725741,9989813,BHARTIARTL,0.005950800616756038,0.005968541804711958
2021-04-16,518.7675170898438,522.0293005718968,516.1292896848569,518.0959400960993,6273393,BHARTIARTL,0.0025923369858525955,0.0025956999967680083
2021-04-19,505.04876708984375,513.2512162503356,501.9788885520972,510.6129890494809,7368743,BHARTIARTL,-0.026800845751158986,-0.026444890144546318
2021-04-20,508.6463317871094,515.1698981566361,504.521126633834,507.49508261132434,7369109,BHARTIARTL,0.0070979524420959695,0.007123202612680846
2021-04-22,509.2698974609375,511.7162199825552,504.665019977123,508.4544367359622,6675147,BHARTIARTL,0.0012251808821045292,0.0012259317228087152
2021-04-23,501.35528564453125,510.80484710343563,497.99757980999414,507.4951025297753,7123670,BHARTIARTL,-0.015663123694065195,-0.015541094920131893
2021-04-26,506.1040954589844,507.0154788095173,501.49927709416676,501.49927709416676,5929161,BHARTIARTL,0.009427367642703943,0.009471945246070756
2021-04-27,512.5797119140625,516.6569564420116,504.8569935628316,506.0081832642224,9875033,BHARTIARTL,0.012713863979751445,0.012795028756298565
2021-04-28,522.1732177734375,525.7228287161203,513.8268836541428,514.1626721725005,12195400,BHARTIARTL,0.01854313329240415,0.018716124802425682
2021-04-29,518.8634033203125,527.6414473151135,517.1845206067076,527.3536201017414,8846896,BHARTIARTL,-0.0063587111889328385,-0.006338537367424069
2021-04-30,514.9300537109375,524.7633649348438,511.8122138262687,511.8122138262687,8331737,BHARTIARTL,-0.007609583061108106,-0.00758070348420159
2021-05-03,536.1317138671875,539.6333037461833,507.54310174178096,508.45448507320566,14556346,BHARTIARTL,0.04034879230717044,0.041173864301484064
2021-05-04,529.9918823242188,542.9430340217376,524.4756212189897,542.9430340217376,14196229,BHARTIARTL,-0.011518175650314972,-0.011452095416406793
2021-05-05,537.1868896484375,541.9836118122386,531.4787843081839,534.2608950938493,12095639,BHARTIARTL,0.013484369318679643,0.013575693447729575
2021-05-06,536.0358276367188,541.4561070745322,530.1358162151616,537.1870173684129,9169742,BHARTIARTL,-0.0021450579353986796,-0.0021427589427435167
2021-05-07,545.389404296875,549.6105322429654,534.2609598062792,538.3861652281357,12894499,BHARTIARTL,0.017299041381551628,0.017449536351691997
2021-05-10,549.2748413085938,553.5439312750112,545.9650960615213,548.7472076782861,8365615,BHARTIARTL,0.007098895107420994,0.00712415199324945
2021-05-11,545.2935180664062,551.481296784383,541.1203511046742,542.5114067585849,8033470,BHARTIARTL,-0.007274722983240355,-0.00724832623446281
2021-05-12,538.913818359375,546.0129802104702,535.5081510520664,544.9097518350457,6815070,BHARTIARTL,-0.011768548550110145,-0.01169957004010147
2021-05-14,537.6187133789062,546.2048538184613,533.5414688577845,541.0723421306121,7697716,BHARTIARTL,-0.0024060686827097814,-0.0024031764195830974
2021-05-17,527.3056640625,541.0243145073039,523.6121697786473,541.0243145073039,13677009,BHARTIARTL,-0.019369209605034014,-0.01918283173513302
2021-05-18,514.54638671875,530.4235930339753,512.8195426321055,525.2430607740416,34968901,BHARTIARTL,-0.02449467806920068,-0.024197117939999346
2021-05-19,506.72772216796875,518.5756463276349,504.80903289449975,516.0334009362834,19583966,BHARTIARTL,-0.015311887850390086,-0.015195256934249723
2021-05-20,499.48455810546875,509.41385148469675,498.8610020604518,509.41385148469675,14036583,BHARTIARTL,-0.014397139284068031,-0.01429399605672066
2021-05-21,509.3658752441406,511.6203529707429,500.7797350303241,501.9789456179431,10492773,BHARTIARTL,0.019589887296568576,0.019783028280496717
2021-05-24,505.3845520019531,511.33252365025163,504.61705254626696,509.4138346643439,6386039,BHARTIARTL,-0.00784694160113418,-0.007816234725734672
2021-05-25,504.7130126953125,509.2219679403591,503.1780733228058,508.35854590166406,9412913,BHARTIARTL,-0.0013296525584251706,-0.0013287689621308552
2021-05-26,504.3772888183594,509.22197295132963,503.6577505612623,507.4951288569466,6908901,BHARTIARTL,-0.0006653991002321195,-0.0006651777713442275
2021-05-27,498.6691589355469,505.57644591793627,497.6138619952801,504.71302386014133,22783169,BHARTIARTL,-0.011381709224524543,-0.011317182611820908
2021-05-28,502.31463623046875,507.01543638621047,499.2447277508,501.0195032112394,10248988,BHARTIARTL,0.007283821036444657,0.007310412584374593
2021-05-31,513.1553344726562,514.2106015754571,503.75367411443517,504.13742387544806,12803471,BHARTIARTL,0.021351906824563966,0.021581489887572358
2021-06-01,511.2365417480469,516.5129961153847,508.74225799571235,515.6016128812669,8435896,BHARTIARTL,-0.003746212778909497,-0.003739204478077185
2021-06-02,507.9747619628906,512.8674666351551,506.53574521300294,508.35851169352225,10567595,BHARTIARTL,-0.006400617632404885,-0.006380177312841129
2021-06-03,510.42120361328125,511.7162770818003,507.01547655364567,508.45449347124514,6290021,BHARTIARTL,0.004804509128238528,0.0048160692884371414
2021-06-04,511.04473876953125,514.0186950133517,509.6057219109105,512.2439493117048,4878809,BHARTIARTL,0.0012208634822304804,0.001221609039428584
2021-06-07,514.6423950195312,519.0074075734885,511.3326497373751,512.2919944668893,9674473,BHARTIARTL,0.007015143089014758,0.007039806844821861
2021-06-08,524.571533203125,525.7227824561999,512.2918990901934,516.225199818249,12822963,BHARTIARTL,0.019109521277939676,0.019293276806736648
2021-06-09,518.0480346679688,529.0805581106586,513.5870401610302,527.5455589042648,12674395,BHARTIARTL,-0.012513833166870289,-0.012435860740140914
2021-06-10,522.9886474609375,525.5788539607121,518.3837696243239,521.7894369115497,7018193,BHARTIARTL,0.009491788274213885,0.009536978160983312
2021-06-11,518.8634033203125,527.401581361752,518.0959038535259,523.3243373810747,7777365,BHARTIARTL,-0.007919100789961582,-0.007887827318341811
2021-06-14,517.4244384765625,518.8634553811917,507.78297152756386,518.8634553811917,5714387,BHARTIARTL,-0.002777154590755378,-0.00277330186430913
2021-06-15,520.4463500976562,521.5496381358429,516.5130492008801,519.0073332095689,7264778,BHARTIARTL,0.005823307089867912,0.0058402955028391546
2021-06-16,514.9300537109375,521.6934863111721,513.1553080941162,521.6934863111721,10045600,BHARTIARTL,-0.010655735560220685,-0.010599164324399002
2021-06-17,507.159423828125,519.2472137497882,505.6244247151221,517.5683308399346,10214732,BHARTIARTL,-0.015205673818668636,-0.0150906512968354
2021-06-18,516.8487548828125,519.8707319696543,497.9016702123159,509.79755455126315,15000348,BHARTIARTL,0.018924888378234073,0.019105099105821255
2021-06-21,517.6642456054688,519.870762057323,511.33258314591956,513.2512723550748,5742834,BHARTIARTL,0.0015765696345715209,0.0015778130738481888
2021-06-22,514.5942993164062,526.682087473144,513.7308773547383,525.7707042528618,9114558,BHARTIARTL,-0.0059480357031902,-0.0059303811594556555
2021-06-23,512.33984375,517.280450131076,511.0447107522513,516.1292605686167,4767421,BHARTIARTL,-0.004390659719300081,-0.004381034864554656
2021-06-24,507.2553405761719,513.682985241973,505.96020745933464,513.2512742030274,6419922,BHARTIARTL,-0.009973655034513746,-0.009924083078553525
2021-06-25,513.3472290039062,514.1147285999051,507.83096733429585,509.70169540288936,5504204,BHARTIARTL,0.011937968721572541,0.012009510675264234
2021-06-28,509.6057434082031,515.1699660242505,508.88620512188334,515.1699660242505,5265796,BHARTIARTL,-0.0073151012426189935,-0.007288411009762519
2021-06-29,503.60980224609375,510.6130416771014,502.69841891210507,509.6536970785148,8713975,BHARTIARTL,-0.011835608289063581,-0.011765842986794062
2021-06-30,504.2812805175781,508.8381968343207,503.03416842806615,505.57641352128013,5760552,BHARTIARTL,0.0013324423289638198,0.0013333304246454514
2021-07-01,501.40325927734375,509.4138638009862,500.77970321725087,507.4951150520253,6575188,BHARTIARTL,-0.005723522601840494,-0.0057071744508946365
2021-07-02,503.65771484375,511.33253054416224,498.8609923143101,504.2333096166211,13309063,BHARTIARTL,0.004486214081680125,0.004496292205310892
2021-07-05,502.6504211425781,507.01543278380717,502.0268650947768,506.53576051935,6373586,BHARTIARTL,-0.002001959442785143,-0.001999956858566909
2021-07-06,504.7130126953125,506.2480117211313,499.916289872909,502.2187287583251,10494366,BHARTIARTL,0.004095035348323759,0.004103431462458396
2021-07-07,508.0707702636719,509.03011481293237,501.9308935644311,501.9308935644311,6669192,BHARTIARTL,0.006630773374209435,0.006652805622006763
2021-07-08,503.9455871582031,511.1406715962978,502.26670429599085,508.45448287808364,5400962,BHARTIARTL,-0.008152449162829764,-0.008119308070660969
2021-07-09,514.4503784179688,515.6495888957627,501.7390336892384,504.1373949915168,7303645,BHARTIARTL,0.020630804143928066,0.020845090278502454
2021-07-12,508.1187744140625,517.040703336574,507.1594297838276,517.040703336574,8932790,BHARTIARTL,-0.012383876247917472,-0.012307511607586141
2021-07-13,508.50250244140625,513.7309364178287,506.7276970554088,511.8602085035748,8138019,BHARTIARTL,0.0007549085471713,0.0007551935623442141
2021-07-14,508.50250244140625,509.7975758794946,505.24071890749406,507.4951369347734,6666859,BHARTIARTL,0.0,0.0
2021-07-15,504.08941650390625,510.8528488331744,503.6577055189186,510.8528488331744,6886797,BHARTIARTL,-0.008716470664897051,-0.008678592369382732
2021-07-16,519.1511840820312,521.3097391039412,504.5691114154338,505.5764172078885,11251138,BHARTIARTL,0.029441473522290623,0.029879158508395953
2021-07-19,516.5609130859375,522.5568454826386,507.7828699660729,517.0885465467716,9130551,BHARTIARTL,-0.005001923611253037,-0.004989434822678662
2021-07-20,504.3772888183594,514.9780403948562,501.7390614134201,514.6423115513027,7646460,BHARTIARTL,-0.023868639000934205,-0.02358603595226183
2021-07-22,524.4755859375,525.7227576561702,502.36258174094814,509.50976392669065,20220601,BHARTIARTL,0.03907430250228381,0.03984774406917957
2021-07-23,526.0105590820312,537.8585420389364,511.0926973707166,525.4349642722435,33200836,BHARTIARTL,0.0029224073906300445,0.002926681785935692
2021-07-26,521.933349609375,531.3350105109347,520.0626216129732,522.8447329744588,5214592,BHARTIARTL,-0.007781389846820652,-0.007751193207550022
2021-07-27,518.57568359375,523.6122731252061,514.3545549581142,523.6122731252061,5835018,BHARTIARTL,-0.006453913542718809,-0.006433131774656542
2021-07-28,544.813720703125,547.4999091578576,515.9853648608782,517.5682653860022,32532037,BHARTIARTL,0.04935795591525481,0.05059635061857204
2021-07-29,544.0943603515625,553.2561559823017,542.0317871295573,550.7618120239224,15844335,BHARTIARTL,-0.0013212510196727151,-0.0013203785518361988
2021-07-30,538.81787109375,545.3893990873551,535.124376719537,542.8950555612336,10125413,BHARTIARTL,-0.00974507603110823,-0.009697746645275118
2021-08-02,542.1755981445312,546.7804759766144,537.2349318144198,542.9910589311802,6372299,BHARTIARTL,0.006212318473750983,0.006231654944861775
2021-08-03,556.6137084960938,558.3405523506682,539.2495263968544,544.9096705276212,21680353,BHARTIARTL,0.026281546993619828,0.026629952364092935
2021-08-04,551.049560546875,563.0414273120343,547.1162000915393,551.6251553575812,21816567,BHARTIARTL,-0.010046726124949331,-0.009996426362283484
2021-08-05,574.3617553710938,593.8365349334643,554.0235537084562,554.0235537084562,72423461,BHARTIARTL,0.041434681988487106,0.04230507833285113
2021-08-06,583.187744140625,591.8698664936028,564.5763872416313,570.3324548648322,29055626,BHARTIARTL,0.015249731983090486,0.015366602471344581
2021-08-09,574.8893432617188,587.7925931672287,573.2584813767479,585.2023270723018,10078649,BHARTIARTL,-0.014331589849808979,-0.014229381468114699
2021-08-10,596.9063720703125,602.470594412516,574.0738878927596,577.7194211036256,34514358,BHARTIARTL,0.03758269461459965,0.03829785517274842
2021-08-11,595.611328125,603.6698348058818,588.7519723838623,596.9064015953932,18731287,BHARTIARTL,-0.002171950075374404,-0.0021695930985302647
2021-08-12,597.8177490234375,603.3819713065418,591.9177979032335,597.673865236109,8430316,BHARTIARTL,0.003697619665225112,0.003704464294497889
2021-08-13,611.1527099609375,612.8315331064593,592.973065015,597.8177490550958,21079044,BHARTIARTL,0.022060922432560633,0.02230606394554746
2021-08-16,608.2747192382812,617.8202042050438,606.3080090726154,612.783615106274,10506327,BHARTIARTL,-0.004720241643534348,-0.004709118810649171
2021-08-17,600.8876953125,612.0641012884536,597.6738731132937,608.2746842790358,11311229,BHARTIARTL,-0.012218566735895236,-0.012144223148106037
2021-08-18,597.6259765625,608.2267888761219,595.6113646819571,600.4560493102413,7136872,BHARTIARTL,-0.005442953016066829,-0.005428166986018446
2021-08-20,588.751953125,607.2673870672172,582.3243086353551,594.3161755604162,12770173,BHARTIARTL,-0.01496013828241076,-0.01484879136034667
2021-08-23,597.3380737304688,604.8689463489603,582.8998845554062,593.2608295636071,12790616,BHARTIARTL,0.014478278033089705,0.014583595960735218
2021-08-24,594.8917846679688,602.4226577115103,591.9657895887118,602.4226577115103,5885050,BHARTIARTL,-0.004103726271140801,-0.004095317492860517
2021-08-25,587.5527954101562,597.05037920748,586.1617396762036,597.05037920748,8127668,BHARTIARTL,-0.012413407988175569,-0.012336679454917454
2021-08-26,563.0414428710938,586.6413676420176,560.5470992002511,585.2023507488303,26316897,BHARTIARTL,-0.04261287029464493,-0.04171770218870585
2021-08-27,570.9560546875,580.789366429486,561.266626736086,564.8641987268874,16444274,BHARTIARTL,0.013959008461873474,0.014056890334835037
2021-08-30,595.2276000976562,599.5926122815164,566.1113528229442,571.7714981778346,40506274,BHARTIARTL,0.04163160889969598,0.04251035646419532
2021-08-31,637.0551147460938,640.9405141409372,599.5925940337163,600.5998999183114,60781970,BHARTIARTL,0.06791232061808451,0.07027146362429271
2021-09-01,639.3095703125,645.9291195377247,627.4136855193037,640.8445693722518,30796359,BHARTIARTL,0.0035326234536622652,0.0035388705219088212
2021-09-02,639.4055786132812,646.3607973169829,637.0551186636848,642.7153235344391,18951106,BHARTIARTL,0.0001501637030612494,0.00015017497819447279
2021-09-03,631.6828002929688,642.379534610862,627.4137107496509,640.8445951426986,7920313,BHARTIARTL,-0.012151591467255172,-0.012078059026418564
2021-09-06,627.9893188476562,638.6860533913108,626.8381291355661,637.3909202252216,10223448,BHARTIARTL,-0.00586421176395387,-0.0058470508356400774
2021-09-07,643.2908325195312,652.8363162283679,621.6575007746226,631.2030441367671,28185127,BHARTIARTL,0.024073769488204604,0.024365882050275678
2021-09-08,640.70068359375,656.0022967313529,637.9665333824557,650.4380737722246,20876941,BHARTIARTL,-0.004034532014726711,-0.004026404224721447
2021-09-09,658.2567138671875,660.2233642980575,639.9331845994416,640.7006244742639,19784500,BHARTIARTL,0.02703260230209422,0.027401297864962704
2021-09-13,665.1160888671875,668.665640068769,657.968905892146,663.8689170107858,19704664,BHARTIARTL,0.010366597250666156,0.01042051657886156
2021-09-14,665.9794921875,671.2558874026442,661.0867870835337,666.7469320631694,11694600,BHARTIARTL,0.0012972824096020548,0.001298124244420329
2021-09-15,696.0070190429688,705.0728307833979,667.8501796419065,668.6655807320853,56796797,BHARTIARTL,0.04410086756039105,0.04508776502537537
2021-09-16,689.3875732421875,707.0395852234345,686.3176347724132,705.120896049818,45001991,BHARTIARTL,-0.009556116663366759,-0.00951060207680543
2021-09-17,698.54931640625,704.8810384772969,691.6900204248157,691.6900204248157,26649321,BHARTIARTL,0.013202151054385767,0.01328968423520438
2021-09-20,695.4793701171875,703.873664364521,691.0183764105964,695.5273313771177,14330899,BHARTIARTL,-0.004404430527958677,-0.004394745248418652
2021-09-21,697.1102905273438,710.6370969109249,692.6493560989883,693.5127781569445,14216876,BHARTIARTL,0.0023422853147489747,0.0023450306079983996
2021-09-22,697.2062377929688,702.2907877048358,694.66393301038,697.4460441007732,16348622,BHARTIARTL,0.00013762623310785996,0.00013763570403235725
2021-09-23,697.2542114257812,710.0135178667405,693.800523305637,703.5858735571933,26497345,BHARTIARTL,6.88060143380233e-05,6.880838152611979e-05
2021-09-24,709.342041015625,722.3891754288528,698.4054408821937,699.4127467569435,72175065,BHARTIARTL,0.017187771045294974,0.017336330697990343
2021-09-27,706.1912841796875,715.3296337473705,701.8909370184006,714.449986100152,11282248,BHARTIARTL,-0.004451696026118321,-0.004441801914667698
2021-09-28,680.3890380859375,710.3450796996624,670.4688124083684,707.9994520080022,21944239,BHARTIARTL,-0.03722139215273489,-0.03653719136978861
2021-09-29,678.385498046875,686.1066652925475,673.547614155285,681.2198656822018,16729859,BHARTIARTL,-0.002949041857679754,-0.002944697705152377
2021-09-30,672.7168579101562,693.7300973429292,671.2508179497302,680.0470577122863,13911568,BHARTIARTL,-0.008391182760288633,-0.008356075053253975
2021-10-01,660.5975952148438,671.7883186003401,652.5343758574439,671.7883186003401,14952128,BHARTIARTL,-0.018179652143590266,-0.018015399127891407
2021-10-04,665.9730224609375,670.6643377878012,654.5379003400559,659.7178955895786,8917898,BHARTIARTL,0.008104290258998784,0.008137218913649713
2021-10-05,683.4189453125,687.5238690348152,664.9957341089136,668.9051739104867,25598885,BHARTIARTL,0.025858898535344843,0.026196140478927266
2021-10-06,675.7466430664062,691.9219371060128,672.6190795281992,689.7717334451634,10406502,BHARTIARTL,-0.011289844010953785,-0.011226352881665402
2021-10-07,676.8217163085938,686.3021190669724,675.648872522956,679.9981359158182,8121590,BHARTIARTL,0.0015896770926732379,0.0015909412991073069
2021-10-08,679.7537841796875,683.7120796910492,673.3032329503063,679.4117320892324,6297352,BHARTIARTL,0.004322755992289313,0.004332112579196412
2021-10-11,675.2090454101562,680.2913286880167,669.4915140058836,677.4081051276938,8792050,BHARTIARTL,-0.006708310683632572,-0.006685860197182647
2021-10-12,670.8109741210938,682.5882091762863,668.7096860321744,675.3557217248526,8579567,BHARTIARTL,-0.006534950263859966,-0.0065136439136280755
2021-10-13,674.2805786132812,681.0243257286561,667.6344839674362,673.4009308944751,7062149,BHARTIARTL,0.00515892346551058,0.0051722536244036554
2021-10-14,670.2734375,678.2878009694961,666.4128537914843,677.3104410257359,9820591,BHARTIARTL,-0.0059605682318240516,-0.005942839287351731
2021-10-18,665.1911010742188,686.0577700095705,664.2626569239787,684.1519063398185,8574445,BHARTIARTL,-0.007611375390691084,-0.0075824822250714075
2021-10-19,665.6798095703125,683.1745757872783,660.1577618813312,683.1745757872783,7328862,BHARTIARTL,0.0007344191148085814,0.0007346888665595852
2021-10-20,692.41064453125,697.7372680049622,665.9730707298983,667.9277905622099,21217306,BHARTIARTL,0.03937040804390639,0.0401556943392829
2021-10-21,680.2913818359375,696.2223371036011,673.5964900341637,694.8540689644469,8908979,BHARTIARTL,-0.0176579874791316,-0.01750299882162709
2021-10-22,678.7763671875,689.3318408804887,668.758429442832,682.6858063073704,6587256,BHARTIARTL,-0.0022294919102814692,-0.0022270084391615708
2021-10-25,675.4534301757812,688.061397253833,659.7179590146836,677.3104379217418,9540441,BHARTIARTL,-0.004907503419592339,-0.004895481298925142
2021-10-26,680.43798828125,693.7789153981741,673.4009849261051,679.2651444465066,10953878,BHARTIARTL,0.007352477480989772,0.0073795733099935035
2021-10-27,686.44873046875,698.4703054616531,678.2877988254762,683.5655663664247,11878571,BHARTIARTL,0.008794848686320257,0.008833636997080063
2021-10-28,674.1339721679688,690.0649261616816,668.9051207105571,686.8396505125626,8884507,BHARTIARTL,-0.018102677004050265,-0.017939807816924613
2021-10-29,669.8335571289062,685.1292628206784,661.721482210194,676.5285079712809,8602343,BHARTIARTL,-0.006399603594938058,-0.006379169744602287
2021-11-01,696.368896484375,706.4356910572762,673.9873319500789,674.329443691216,17121001,BHARTIARTL,0.038850284278481646,0.039614825314525426
2021-11-02,697.7861328125,706.7289403653789,693.4857252662096,696.3689489856555,7725455,BHARTIARTL,0.0020331122242895467,0.002035180398320291
2021-11-03,683.2722778320312,715.916122143304,680.2424860228527,709.3189428607549,23261507,BHARTIARTL,-0.021019225871877732,-0.020799861587918245
2021-11-04,685.2269897460938,688.843233241936,683.3700417613677,688.0613572666139,1064714,BHARTIARTL,0.002856725304455482,0.0028608096325297705
2021-11-08,692.9481811523438,698.7146285239644,688.0613815673483,691.4332852116582,7565546,BHARTIARTL,0.011205066459401988,0.011268078347455468
2021-11-09,697.0531005859375,700.2295202972803,689.1853652315823,695.5870607191639,5278131,BHARTIARTL,0.005906370621283753,0.005923847619842881
2021-11-10,718.79931640625,721.2915721027721,691.3354687225452,701.2556950999174,15180490,BHARTIARTL,0.03072061154467393,0.031197358998952485
2021-11-11,712.1043701171875,721.8779687169474,707.8528785876166,718.3594970823585,7421118,BHARTIARTL,-0.009357715975796668,-0.009314068803703002
2021-11-12,726.6671142578125,728.1331541655284,708.8302953806033,716.4048349038017,9207508,BHARTIARTL,0.020243995153596813,0.020450294580032446
2021-11-15,720.851806640625,729.1105100049909,719.532394592425,723.2463504070955,5454742,BHARTIARTL,-0.00803490554687526,-0.008002711975107046
2021-11-16,713.7659301757812,725.2499091156014,710.5895104690225,724.5657452480982,4639931,BHARTIARTL,-0.009878497812590238,-0.009829865722146058
2021-11-17,703.7479248046875,715.7694386317436,700.0339694280868,708.1460439843404,8002927,BHARTIARTL,-0.014134849024697405,-0.014035421063914644
2021-11-18,698.177001953125,707.071012596252,691.9707906161274,704.2855011640725,4469597,BHARTIARTL,-0.007947575606458177,-0.007916077128196974
2021-11-22,725.2987060546875,738.8351754935361,716.5024675838021,723.246274272805,36884348,BHARTIARTL,0.03811092327850061,0.03884645874282677
2021-11-23,741.7184448242188,743.7708767331161,719.0436834320471,728.1331184837996,18240414,BHARTIARTL,0.02238613838770437,0.022638588256757686
2021-11-24,741.7184448242188,764.0999505265648,739.1284172528502,746.7029564048629,21653712,BHARTIARTL,0.0,0.0
2021-11-25,747.8269653320312,751.1010971969378,735.7565345493041,741.865034038544,8483653,BHARTIARTL,0.008201904702069798,0.008235632470027232
2021-11-26,722.0245971679688,745.7255737924334,716.502490093109,745.7255737924334,11142921,BHARTIARTL,-0.035112415031405796,-0.03450312620461127
2021-11-29,722.6109619140625,737.9066670188905,710.638304071703,734.9745875472922,15885643,BHARTIARTL,0.0008117822860003573,0.0008121118704178532
2021-11-30,711.7623291015625,733.2153902924781,706.2891376618663,723.2463076349553,14272616,BHARTIARTL,-0.015126940453957292,-0.015013103017097906
2021-12-01,705.898193359375,720.7052198228394,701.9887537284474,716.404812367493,10488561,BHARTIARTL,-0.008273023189661612,-0.008238895910085087
2021-12-02,715.9649658203125,719.0436732935625,697.9815798791517,707.5108386779667,11507427,BHARTIARTL,0.014160210290372705,0.014260940962363966
2021-12-03,702.08642578125,718.0174390905545,700.0828500154311,713.4726919176994,11024093,BHARTIARTL,-0.019574725248503518,-0.019384384294783508
2021-12-06,681.8062133789062,705.5561056613859,678.1411139097967,701.7443783521873,8804487,BHARTIARTL,-0.029311037235426565,-0.028885635240386343
2021-12-07,683.0278930664062,689.7228436912676,678.3854338757263,686.4486524700652,10238693,BHARTIARTL,0.00179022491892803,0.0017918283282365444
2021-12-08,698.958984375,702.7217962795653,686.3998733643836,689.0387571308672,8296393,BHARTIARTL,0.02305636515715313,0.02332421775203386
2021-12-09,697.7861328125,707.5597320965093,694.9029090930542,700.5715847471163,9069515,BHARTIARTL,-0.001679407106890997,-0.0016779976918799289
2021-12-10,694.6097412109375,702.6241048794627,690.9934973985557,694.9029372706834,4251339,BHARTIARTL,-0.004562491416251628,-0.004552099063304338
2021-12-13,687.1817016601562,702.1353554139237,682.5392422714106,698.812307990128,9896899,BHARTIARTL,-0.01075142148470216,-0.010693831528811648
2021-12-14,675.9420776367188,690.3092799838379,672.8145737040867,685.1292844854381,9275631,BHARTIARTL,-0.01649135452672975,-0.016356116579186786
2021-12-15,669.9313354492188,679.1673981600261,668.6118638314963,676.0886907053196,7674319,BHARTIARTL,-0.008932165673556846,-0.008892392390358661
2021-12-16,665.9730224609375,674.2805811461395,662.2590073260808,674.2805811461395,9633006,BHARTIARTL,-0.005926059824418505,-0.005908535365982015
2021-12-17,650.9705200195312,670.1756650471667,646.1325768026991,665.5820617942825,13850460,BHARTIARTL,-0.02278480586953096,-0.02252719244687751
2021-12-20,643.3471069335938,646.1814742967899,630.4948013310214,644.2267546403264,11812939,BHARTIARTL,-0.01177995429205208,-0.01171084227548247
2021-12-21,651.8989868164062,655.7107138989949,644.2755923045372,648.9180513560783,8084499,BHARTIARTL,0.013205218985370649,0.013292792942791953
2021-12-22,669.2471923828125,670.4688922593784,651.8990541355764,651.8990541355764,8522226,BHARTIARTL,0.02626386549381832,0.02661180016727349
2021-12-23,663.3829956054688,673.4009340289767,660.2065761053321,673.4009340289767,5602466,BHARTIARTL,-0.008800993227246399,-0.008762377853935632
2021-12-24,661.7214965820312,667.3901719704346,657.4211488905897,666.6571520584864,3756020,BHARTIARTL,-0.00250772660413519,-0.00250458488451466
2021-12-27,660.450927734375,662.9920395180511,653.5116965651204,659.6690517742679,3658572,BHARTIARTL,-0.0019219418215014974,-0.0019200960739813588
2021-12-28,664.6536254882812,668.0255292638022,659.7668257131254,664.4581415666115,3892590,BHARTIARTL,0.006343215462440674,0.006363376259191922
2021-12-29,661.5260009765625,668.0254679422266,659.7179090870562,664.5558523510236,3847574,BHARTIARTL,-0.004716752162155868,-0.004705645755593513
2021-12-30,663.9693603515625,670.2733430309886,658.9359931425962,662.1612685717674,5701612,BHARTIARTL,0.0036867154933483293,0.003693519788176225
2021-12-31,668.3186645507812,678.3854592415854,664.6047089900288,665.0933889231097,4598628,BHARTIARTL,0.006529098165708974,0.006550459191243085
2022-01-03,675.6488647460938,676.9194206436965,667.6345018986812,672.2281052084564,2939833,BHARTIARTL,0.010908407714431231,0.010968121323140956
2022-01-04,681.6596069335938,687.3282818636633,674.7692322490562,676.5773240243454,6473875,BHARTIARTL,0.008856912935474482,0.00889625144232098
2022-01-05,684.1519165039062,686.8396561758859,676.0886974879674,685.0315642578794,4586105,BHARTIARTL,0.0036495699353451387,0.003656237724755318
2022-01-06,694.3164672851562,704.1877779939058,684.1519008962305,686.1066206130769,21642414,BHARTIARTL,0.014747868188024068,0.014857154582262888
2022-01-07,688.7455444335938,698.9589674819745,685.5691247079877,697.7372675875106,4315015,BHARTIARTL,-0.008055969917629984,-0.008023607553692802
2022-01-10,688.9898071289062,695.2448740949447,687.7192513118443,689.4296309722415,3565324,BHARTIARTL,0.00035458580284638484,0.00035464867582324366
2022-01-11,687.5238037109375,693.4856749805527,678.8741331798,687.0839798443861,10642484,BHARTIARTL,-0.0021300246662237328,-0.002127757773482508
2022-01-12,713.6682739257812,716.1116738915273,688.2569142820219,691.922014230641,12366953,BHARTIARTL,0.03732179951274062,0.03802700368151313
2022-01-13,715.23193359375,718.994804846613,709.7098861769192,712.4953379165026,5829874,BHARTIARTL,0.002188620708302434,0.0021910174868322585
2022-01-14,704.2855224609375,714.3523771876403,702.1842344608184,713.4238733488368,5344096,BHARTIARTL,-0.015423027128384349,-0.01530470134046058
2022-01-17,712.1043701171875,718.1151571173646,703.259275315067,703.6990991827186,4340924,BHARTIARTL,0.011040642298808247,0.011101815111759006
2022-01-18,698.177001953125,714.1568716809511,696.4177661110347,710.5406282174076,4312058,BHARTIARTL,-0.019751832837024256,-0.019558043383121726
2022-01-19,687.7681274414062,698.8122816401622,685.8134077724827,697.8349218057003,5879490,BHARTIARTL,-0.015020898015086827,-0.014908647066002367
2022-01-20,699.2032470703125,703.3570263527254,689.2830209227553,690.0160407961223,4812496,BHARTIARTL,0.016489711249576863,0.016626416916768916
2022-01-21,679.5094604492188,697.8349583038363,673.7430132629737,693.5345509459607,6704622,BHARTIARTL,-0.028570312152969787,-0.028166039994252712
2022-01-24,674.2805786132812,690.993408044113,662.0146648779685,674.6714867579535,11091633,BHARTIARTL,-0.007724843124924351,-0.007695083203816955
2022-01-25,695.7335815429688,704.1389119988268,666.7060418799217,668.5141337311744,14128764,BHARTIARTL,0.03132048888214597,0.03181613650182169
2022-01-27,691.23779296875,699.7896921394486,685.6179735137196,690.504773039833,8937312,BHARTIARTL,-0.0064829085915050775,-0.006461939876824974
2022-01-28,699.59423828125,736.9294001952818,685.7646308202386,698.7146501207525,21450677,BHARTIARTL,0.012016614055045066,0.012089103630474884
2022-01-31,712.7885131835938,718.359476153816,703.2592548264513,711.5179573333035,10745370,BHARTIARTL,0.01868425358683775,0.018859896466213222
2022-02-01,706.6800537109375,718.3595162804455,702.0375942519822,716.4047965082539,4814511,BHARTIARTL,-0.008606738215365773,-0.008569806274477454
2022-02-02,708.634765625,715.1830887198898,704.1877901232397,709.6609815633582,3286577,BHARTIARTL,0.002762230890562375,0.0027660493653356433
2022-02-03,705.3118286132812,712.4954003522133,702.233120923272,709.563320515373,3651578,BHARTIARTL,-0.004700238527892525,-0.00468920969293396
2022-02-04,703.8945922851562,706.875527966381,700.278348825319,704.7741803786437,3284198,BHARTIARTL,-0.0020113970315760094,-0.0020093755281425096
2022-02-07,690.5048217773438,703.7968935652333,683.6633019578937,701.7444614807258,6833983,BHARTIARTL,-0.019205662232269237,-0.01902240854606274
2022-02-08,692.8504028320312,698.5190778784184,685.1292363640371,695.0983184957164,7167684,BHARTIARTL,0.0033911511096935674,0.0033969075677851013
2022-02-09,703.0637817382812,709.6609607023423,686.2532401006558,691.0911236183185,10185173,BHARTIARTL,0.014633508672496624,0.014741102645683402
2022-02-10,707.6574096679688,710.4917771832351,692.557187580965,706.5823376605576,6074014,BHARTIARTL,0.006512476303899961,0.006533728587653886
2022-02-11,698.958984375,708.9769237517254,694.8052046334309,705.360680046049,5646980,BHARTIARTL,-0.012368028996894318,-0.012291859272765993
2022-02-14,674.0851440429688,688.061378870615,669.4915405204139,688.061378870615,7441445,BHARTIARTL,-0.03623563353006928,-0.03558698133664184
2022-02-15,695.4404296875,696.9553256122347,671.0552880844695,680.2424950688517,4650249,BHARTIARTL,0.031188927227810467,0.03168039799312061
2022-02-16,705.4583740234375,711.7135013346198,691.970819140348,701.1580261936504,5433910,BHARTIARTL,0.01430241082439831,0.014405179664977341
2022-02-17,700.76708984375,711.0293694021312,698.8123699278678,708.0484334610745,5107708,BHARTIARTL,-0.006672189779157121,-0.00664998014401863
2022-02-18,696.417724609375,703.2592433179292,695.2448809001039,695.9290447016211,4099366,BHARTIARTL,-0.006225918344617006,-0.0062065774740431845
2022-02-21,693.8766479492188,700.3271991956092,687.0839849581591,692.0196403447637,4307430,BHARTIARTL,-0.003655455333596722,-0.0036487822902290246
2022-02-22,683.4189453125,686.5953651512782,671.9349658953789,678.4832894936774,9148804,BHARTIARTL,-0.015186142561973799,-0.015071414591666832
2022-02-23,688.4523315429688,692.8993071193354,683.6632442125348,684.2496362862022,4124469,BHARTIARTL,0.007338019100230296,0.007365008337846479
2022-02-24,655.7107543945312,672.961120143625,630.8369340094494,666.5594249868041,14139461,BHARTIARTL,-0.048726312010319114,-0.047558234097423435
2022-02-25,673.0588989257812,679.4117380863403,662.1613125044205,662.1613125044205,6452099,BHARTIARTL,0.026113074262914603,0.026457007781226505
2022-02-28,670.95751953125,674.3782789170612,651.3614669803364,665.5820404964038,8301523,BHARTIARTL,-0.0031270170185251187,-0.003122132992944726
2022-03-02,658.98486328125,668.5141215934372,650.9216447093993,668.5141215934372,10220908,BHARTIARTL,-0.018005260759694917,-0.01784413454128131
2022-03-03,656.834716796875,664.4092561133521,653.46281317049,659.7179404673583,6517030,BHARTIARTL,-0.003268150787089534,-0.003262816195305107
2022-03-04,638.900146484375,652.8275243601444,635.2839031052674,649.9443008692351,7094874,BHARTIARTL,-0.02768423734324248,-0.027304540783044895
2022-03-07,660.10888671875,663.9694105215466,624.5329632305219,625.5103231103818,12615451,BHARTIARTL,0.0326566244055068,0.033195704134799
2022-03-08,667.536865234375,671.2996772898151,652.4854977059766,659.7179854073253,8462985,BHARTIARTL,0.011189816275210967,0.011252656440587927
2022-03-09,675.8443603515625,682.1971996028788,659.0337584020324,666.5594414457927,9896395,BHARTIARTL,0.012368195803328716,0.012444998246307737
2022-03-10,681.9528198242188,691.4820781449441,674.964673194363,684.1030233759675,5989327,BHARTIARTL,0.008997662938879209,0.009038263587016981
2022-03-11,679.1184692382812,686.4975838428502,675.8443375957075,680.9266207563014,3353880,BHARTIARTL,-0.0041648879170924575,-0.004156226799777896
2022-03-14,684.5429077148438,688.8921116100503,672.5702487668061,672.5702487668061,4016137,BHARTIARTL,0.007955739128955855,0.007987470113493877
2022-03-15,687.1817016601562,693.4368286978963,679.7537904994882,683.1745500490903,6006439,BHARTIARTL,0.0038474154102979287,0.00385482621406652
2022-03-16,695.8802490234375,699.3010086745359,689.0387297212408,693.9255292228098,3843706,BHARTIARTL,0.012578846601017702,0.012658293057376868
2022-03-17,706.5335083007812,711.469163954043,698.8123410903451,703.6991406783894,8168953,BHARTIARTL,0.015193040062356939,0.015309041020051817
2022-03-21,692.1663208007812,707.9506480252448,690.7979930247157,705.6538760296881,6317305,BHARTIARTL,-0.020544354875907674,-0.0203347574194368
2022-03-22,702.9661254882812,704.6765053556493,689.8694786425365,692.4595063030201,3000133,BHARTIARTL,0.015482430283299027,0.01560290404624931
2022-03-23,688.9898071289062,703.552432445445,687.0839435766592,702.9660404232036,7974713,BHARTIARTL,-0.020082227812914938,-0.01988192297269953
2022-03-24,690.358154296875,692.8015540921543,682.0505949929255,682.1972228419685,3597143,BHARTIARTL,0.0019840499353389472,0.0019860194647447482
2022-03-25,693.2901611328125,698.2747319829076,689.8694017792078,696.1733845186554,2930336,BHARTIARTL,0.004238087369189352,0.004247080761903499
2022-03-28,716.45361328125,720.314196550275,694.0231931947823,699.0566201934657,7960258,BHARTIARTL,0.03286488997076589,0.03341090563089666
2022-03-29,737.8578491210938,745.7255841794807,720.3142274446623,723.6372748790021,15833573,BHARTIARTL,0.029437685218068627,0.029875257020221646
2022-03-30,732.53125,752.4694159560557,727.7421625963126,745.4812687625084,9938988,BHARTIARTL,-0.007245187583214819,-0.007219004483639435
2022-03-31,737.8578491210938,741.8161446818164,722.9531110362483,735.9519854353198,7371181,BHARTIARTL,0.007245187583214898,0.007271497456379894
2022-04-01,741.3274536132812,749.2929603314922,732.2868749106802,742.5980095002817,5920139,BHARTIARTL,0.004691245713385906,0.004702266834079705
2022-04-04,750.4169311523438,757.4539344742515,739.0795799944423,740.6921880629468,5783224,BHARTIARTL,0.012186524879895098,0.01226108313507046
2022-04-05,749.2440185546875,756.2810212307124,743.7708273918402,750.4168622762433,3990794,BHARTIARTL,-0.0015642373525109664,-0.0015630145709201182
2022-04-06,758.0892333984375,763.0248889829714,745.7256067515196,746.702966655519,7490027,BHARTIARTL,0.011736377953942905,0.011805519463222058
2022-04-07,745.13916015625,760.2393218456646,742.3536488416504,757.4538701843751,5818505,BHARTIARTL,-0.0172301077830716,-0.01708251835227048
2022-04-08,744.845947265625,750.9544465695792,740.447827766778,750.9544465695792,5583587,BHARTIARTL,-0.0003935782887352076,-0.00039350084696065935
2022-04-11,740.8876342773438,747.8757811785568,738.884058483283,739.8614183490016,4927865,BHARTIARTL,-0.005328441657259076,-0.0053142706929029115
2022-04-12,724.8590087890625,742.7446834008083,723.3440531898673,742.7446834008083,3904026,BHARTIARTL,-0.021871807839089964,-0.02163435418100268
2022-04-13,723.881591796875,739.3727214517573,721.2427082893196,725.2010037239972,6343030,BHARTIARTL,-0.0013493335385104585,-0.001348423597328785
2022-04-18,712.9840087890625,723.392915026814,707.0221375803208,719.9721555603825,8950327,BHARTIARTL,-0.015168839671570362,-0.015054372332858557
2022-04-19,707.1199340820312,722.2690135267741,700.6204664589271,722.2690135267741,9957060,BHARTIARTL,-0.008258702564606644,-0.008224693169473496
2022-04-20,722.6109619140625,727.6443888682967,707.5596564185106,713.5215274827699,6632292,BHARTIARTL,0.021670699165856337,0.021907214158997546
2022-04-21,719.0924682617188,727.0579744422168,713.4726494475769,727.0579744422168,6111830,BHARTIARTL,-0.00488103248451717,-0.004869139603174477
2022-04-22,722.0245971679688,724.1259447300192,712.4953385251428,714.4500582467481,5182247,BHARTIARTL,0.004069250198516805,0.0040775408388546985
2022-04-25,722.6109619140625,726.1783491324975,712.6419394332761,713.423815361707,3571031,BHARTIARTL,0.0008117822860003573,0.0008121118704178532
2022-04-26,739.1773071289062,741.7184787526492,722.3667043112608,728.1331517907964,4987848,BHARTIARTL,0.022666831927665852,0.022925676592232325
2022-04-27,735.4633178710938,744.3084129527012,729.5014463981818,733.0199181439473,4571399,BHARTIARTL,-0.005037155558779216,-0.005024490365157841
2022-04-28,730.4298095703125,737.2224719891653,727.7420701685102,733.9971966376639,6101866,BHARTIARTL,-0.00686752395442246,-0.006843996401277308
2022-04-29,722.2689819335938,743.7709002049592,718.897078274012,734.9746609121279,7219115,BHARTIARTL,-0.011235520445227984,-0.011172637712471678
2022-05-02,724.5657348632812,726.1295464884919,713.8147760098777,717.3821634907417,3938533,BHARTIARTL,0.0031748683277438264,0.0031799135600962813
2022-05-04,706.0447998046875,722.6110020159242,700.767032601593,720.3142301637016,6785271,BHARTIARTL,-0.02589379770116969,-0.025561428269980868
2022-05-05,702.6729125976562,716.5025194017286,698.0793091333195,709.5632879675043,4836692,BHARTIARTL,-0.00478718144427956,-0.004775741154051438
2022-05-06,694.1698608398438,707.5108471798229,691.7264611184786,695.1472207283898,5912312,BHARTIARTL,-0.012174823037476083,-0.012101009737771506
2022-05-09,695.3915405273438,704.187779269081,688.5011654436453,690.1137734209767,4819274,BHARTIARTL,0.0017583677857914012,0.0017599146209286154
2022-05-10,703.3570556640625,712.0066666689283,694.0721368811458,694.9028689109239,6746893,BHARTIARTL,0.011389611067480319,0.011454719639928612
2022-05-11,706.484619140625,718.3595664473054,700.6693751348961,703.3571150093587,6919703,BHARTIARTL,0.004436765720480913,0.004446622737877659
2022-05-12,689.4296875,706.4357137257508,685.3736201114554,699.0566585165326,6754953,BHARTIARTL,-0.024436715422181038,-0.024140556182767003
2022-05-13,674.2805786132812,696.8575670939923,669.2471515674772,696.8575670939923,11938252,BHARTIARTL,-0.022218402931899625,-0.02197339215497407
2022-05-16,677.5057983398438,682.1971132625641,664.2625855073134,670.3221683036198,5412233,BHARTIARTL,0.0047717981204982,0.004783201279792815
2022-05-17,691.0422973632812,693.9255209655614,675.2090552359396,679.2651226353031,4847812,BHARTIARTL,0.019782922555597767,0.019979901362626284
2022-05-18,680.3890380859375,710.6871914163448,673.5963756505557,704.6764048781831,18992703,BHARTIARTL,-0.015536284300907666,-0.015416218830586748
2022-05-19,658.98486328125,677.310360035456,652.7297365278238,669.4914814203281,7322668,BHARTIARTL,-0.031964184392609486,-0.03145872964811647
2022-05-20,672.3258666992188,675.8443383084807,667.5367795584849,672.9122587496586,5577407,BHARTIARTL,0.020042578655964458,0.020244779753423314
2022-05-23,670.3222045898438,678.1899988154171,664.2137057521682,666.3639092736918,3788601,BHARTIARTL,-0.002984644509046101,-0.0029801948855723293
2022-05-24,662.8455200195312,673.6453353734182,660.5486883796959,673.6453353734182,4053608,BHARTIARTL,-0.011216537603461724,-0.011153866780956978
2022-05-25,672.6190795898438,674.2806033121666,664.1648927886001,665.826416510923,4188088,BHARTIARTL,0.014637204265056793,0.014744852722282209
2022-05-26,677.9456787109375,679.7537705585036,660.5975415040167,674.3782914239647,5780597,BHARTIARTL,0.007887999012232205,0.007919191237248047
2022-05-27,668.9050903320312,684.1518797917813,660.6952439132059,681.2686563677111,7131633,BHARTIARTL,-0.01342498273531477,-0.013335269569231922
2022-05-30,683.223388671875,687.81699188046,667.536775068354,671.8860383153474,4675033,BHARTIARTL,0.02117969379295261,0.021405575389980003
2022-05-31,684.3474731445312,690.6025412539517,676.9195014696128,681.7085892554592,44593174,BHARTIARTL,0.0016439144137834938,0.0016452663818218305
2022-06-01,678.9230346679688,690.2115288552319,675.5999873606753,685.6667817516261,3749781,BHARTIARTL,-0.00795802017715316,-0.007926438964752203
2022-06-02,680.193603515625,681.1709633713401,667.5856375155748,673.3032284634954,3466993,BHARTIARTL,0.0018696985705203934,0.0018714475467422886
2022-06-03,670.95751953125,684.933753091188,669.7358197506031,681.2686537492475,6673615,BHARTIARTL,-0.013671642925839531,-0.013578610467134156
2022-06-06,667.4878540039062,674.182744438216,661.1838716780883,666.7548341905159,6407024,BHARTIARTL,-0.005184631914180824,-0.005171214907566335
2022-06-07,669.7847290039062,671.6905927437365,658.0564101782608,662.7966414956144,8349903,BHARTIARTL,0.0034351669029185064,0.0034410738505910032
2022-06-08,648.2828369140625,672.2281554678026,645.4973849436276,667.0481597113303,13904149,BHARTIARTL,-0.03262928291968721,-0.03210269084788042
2022-06-09,661.037353515625,664.0183489739164,640.2684553574817,645.0575427940972,6774925,BHARTIARTL,0.0194832710254227,0.01967430861238939
2022-06-10,658.1052856445312,661.135137222469,652.8764338752698,652.8764338752698,3221484,BHARTIARTL,-0.00444542176505024,-0.004435555503028654
2022-06-13,656.1016845703125,658.1052604213077,643.1028099175358,645.1552418325427,5982102,BHARTIARTL,-0.0030491432049347426,-0.003044499288979985
2022-06-14,666.6082763671875,673.7919070847504,653.9514543295577,653.9514543295577,8878530,BHARTIARTL,0.015886797690234215,0.01601366380236602
2022-06-15,666.6571044921875,669.4914718108123,658.2518339628936,666.5105363122435,6005970,BHARTIARTL,7.324592046379474e-05,7.324860301172187e-05
2022-06-16,639.3888549804688,668.4164557808643,635.2839314924701,667.6345201425303,9525587,BHARTIARTL,-0.041763021469608586,-0.040902960949452116
2022-06-17,629.0776977539062,646.7678873586823,623.5555906835501,641.1480681636502,11085830,BHARTIARTL,-0.016258031127159303,-0.016126582667565392
2022-06-20,626.3900146484375,632.7917103783383,619.8416910649833,630.3483105078939,3883001,BHARTIARTL,-0.004281571218068753,-0.004272418359552388
2022-06-21,639.4866333007812,643.2495050764827,625.9990772898375,627.5628294217394,3515991,BHARTIARTL,0.02069251530884172,0.02090808976208569
2022-06-22,628.2957763671875,635.625975483177,626.9275083241906,633.915595689446,4348884,BHARTIARTL,-0.017654681935744595,-0.017499751129794405
2022-06-23,645.2529907226562,649.5533383094707,633.0848485497032,633.4758163545553,4336533,BHARTIARTL,0.026631436503139753,0.026989222263303247
2022-06-24,656.0039672851562,660.4020867712933,647.1099565323132,647.1099565323132,5621332,BHARTIARTL,0.01652436304579995,0.01666164545856552
2022-06-27,668.46533203125,671.4462678691472,656.003992998744,659.7179487797297,5284297,BHARTIARTL,0.018817699240726786,0.018995867963519375
2022-06-28,665.728759765625,669.3938596109471,660.9885281736845,667.5368518279902,3216376,BHARTIARTL,-0.004102215892089321,-0.004093813298154836
2022-06-29,672.2280883789062,673.4986442447001,659.7178943136939,661.6726140005493,5011798,BHARTIARTL,0.009715380199441079,0.009762727714466513
2022-06-30,669.4426879882812,675.9420956531621,663.6273845435766,674.1828597308378,6505666,BHARTIARTL,-0.0041521428974180576,-0.004143534670415283
2022-07-01,658.2030029296875,670.2733732161661,650.9216601163424,669.3448694279805,4488771,BHARTIARTL,-0.016932158432216172,-0.016789615093668053
2022-07-04,666.4617309570312,669.9802026896999,650.9705409525972,655.3198043813914,4229588,BHARTIARTL,0.012469321216325484,0.012547387341874439
2022-07-05,668.9540405273438,673.6942125001809,664.6536328164651,667.8300527053383,3494504,BHARTIARTL,0.0037326389536887503,0.003739613926119212
2022-07-06,678.2389526367188,679.2163125916234,668.7096930763987,669.0028891322066,4697006,BHARTIARTL,0.01378430436111899,0.013879745912074304
2022-07-07,671.2507934570312,680.7311967858609,669.9313814021182,676.3330770650621,3485283,BHARTIARTL,-0.010356835484898736,-0.010303388138531933
2022-07-08,679.4117431640625,680.8288672647437,671.1041841997047,672.4235961738952,2732170,BHARTIARTL,0.012084512305880576,0.012157825043306536
2022-07-11,645.5950317382812,665.582052438953,644.0312798523187,659.7178933866275,18687521,BHARTIARTL,-0.05105491883369498,-0.04977351623081272
2022-07-12,647.9895629882812,651.8012901613008,645.057483517746,648.2339029441592,7416645,BHARTIARTL,0.003702168369544344,0.003709029859713553
2022-07-13,628.9310913085938,654.8311284798101,626.4876915754602,654.8311284798101,12030163,BHARTIARTL,-0.029852891792431398,-0.029411695447372765
2022-07-14,627.1229858398438,637.4341205605853,614.515019627513,635.2839169111465,11379990,BHARTIARTL,-0.0028790268676532876,-0.002874886444217517
2022-07-15,637.0431518554688,642.6141150496798,628.6867368908083,634.2577000850195,5567877,BHARTIARTL,0.015694724531120766,0.015818533588495276
2022-07-18,648.0383911132812,654.8310535245329,634.4531259440848,642.1253763665942,8982417,BHARTIARTL,0.017112544548480144,0.017259802928243584
2022-07-19,657.6654663085938,661.6726178285054,648.0872920649414,659.7178981303415,7836419,BHARTIARTL,0.014746452033327398,0.014855717388554623
2022-07-20,655.4664306640625,664.6047217264762,653.0718870154147,664.6047217264762,4458819,BHARTIARTL,-0.0033493020850384595,-0.003343699429550706
2022-07-21,662.9920654296875,664.555877064332,656.0039779248076,656.2971739646428,3550107,BHARTIARTL,0.011415932345750422,0.011481342771437753
2022-07-22,663.4807739257812,666.4617694767484,659.9134459232322,664.3115656699243,2415220,BHARTIARTL,0.0007368541649799327,0.0007371257087021021
2022-07-25,663.0409545898438,671.006401677334,661.2328030522084,664.604706508539,2913348,BHARTIARTL,-0.0006631166947354952,-0.000662896881450048
2022-07-26,668.6118774414062,669.8335773049181,655.0754668150211,667.1458376051921,5016687,BHARTIARTL,0.008366978566051198,0.008402079559336917
2022-07-27,659.6201782226562,668.4652728218061,654.5378951367431,668.4652728218061,6237523,BHARTIARTL,-0.013539556650321147,-0.013448309134379666
2022-07-28,651.75244140625,664.0183561741272,649.1624733998453,663.4319044277844,7374170,BHARTIARTL,-0.011999383091498174,-0.011927677588041363
2022-07-29,662.6011352539062,665.2400188314051,655.808472232313,657.5677080662081,7669970,BHARTIARTL,0.016508404465484024,0.01664542111150147
2022-08-01,681.744384765625,685.0330693428729,664.6627104470199,665.54626805326,8812526,BHARTIARTL,0.02848158199453096,0.02889106053883106
2022-08-02,674.2343139648438,687.4873183333721,668.687722161683,687.1928191088742,6236599,BHARTIARTL,-0.01107708786178313,-0.011015962828007875
2022-08-03,680.4681396484375,684.10039645005,674.4306361868064,675.4123401696111,5237250,BHARTIARTL,0.009203304633793439,0.009245785262597561
2022-08-04,681.5971069335938,685.7202759091517,668.2459558796971,685.425776679139,6352142,BHARTIARTL,0.0016577290207337124,0.0016591038130595592
2022-08-05,690.7760620117188,697.0098586107839,683.6095746856015,685.2294102962354,5811092,BHARTIARTL,0.013376962128562748,0.013466833976775172
2022-08-08,691.4631958007812,696.8625678583164,686.2111033121982,694.9973661895152,5918607,BHARTIARTL,0.0009942328606011614,0.0009947272739321278
2022-08-10,702.1637573242188,704.8634432139659,693.0829956950695,700.8384809457248,12201239,BHARTIARTL,0.015356723390672086,0.01547524378509424
2022-08-11,696.8135375976562,706.2379326301376,692.7885748740242,705.648874236473,7142902,BHARTIARTL,-0.007648795774022416,-0.007619618174186216
2022-08-12,696.7153930664062,699.4641524889864,693.7212076254089,696.8626127263797,4540159,BHARTIARTL,-0.00014085754411354346,-0.00014084762415544905
2022-08-16,691.2177734375,702.9000751908768,687.6836629486162,701.9183711752471,6679663,BHARTIARTL,-0.007922065000966894,-0.007890768143803961
2022-08-17,709.7229614257812,711.3918703097453,689.4507486403886,694.064769701303,8812954,BHARTIARTL,0.026419767669937786,0.02677186365774853
2022-08-18,719.785400390625,722.5341596665343,707.7104529124982,711.7354154323878,10354897,BHARTIARTL,0.014078413855397416,0.014177981426201969
2022-08-19,718.90185546875,724.1048748895344,712.7171320093852,716.8403009551149,13743828,BHARTIARTL,-0.0012282656002624234,-0.0012275115908095824
2022-08-22,714.287841796875,720.96347726215,711.1464367761102,718.4600840034419,8118490,BHARTIARTL,-0.006438826097480947,-0.006418141275858158
2022-08-23,724.1049194335938,729.0134399284485,709.3302847277735,711.7354717539449,8229797,BHARTIARTL,0.013650277358986627,0.013743867755081407
2022-08-24,725.2338256835938,740.4011643770131,704.8634678048329,709.6247082091124,14922081,BHARTIARTL,0.0015578228100323933,0.0015590368463220816
2022-08-25,727.4426879882812,740.2539136270551,721.7978898021373,731.1731513276063,9849958,BHARTIARTL,0.003041095503703995,0.003045724325675847
2022-08-26,717.4783325195312,727.9335039133153,714.6805001333696,727.9335039133153,5928897,BHARTIARTL,-0.013792467946096908,-0.013697787651568927
2022-08-29,707.4159545898438,711.6373301790637,702.0165820085716,704.5690486344329,5878942,BHARTIARTL,-0.014123918236847662,-0.014024643635372147
2022-08-30,713.30615234375,716.7421165841697,698.7769441108103,708.7903375951543,8894800,BHARTIARTL,0.008291884068907974,0.008326356955465242
2022-09-01,721.6015014648438,732.351172073474,713.2079443852264,713.2079443852264,11869518,BHARTIARTL,0.011562335059412534,0.01162943722528853
2022-09-02,721.552490234375,727.3445682050015,706.4833567526471,711.7354495509142,5693707,BHARTIARTL,-6.792238495612068e-05,-6.792007828315683e-05
2022-09-05,726.8536987304688,728.3753280162025,719.8344908428309,721.5524729212148,3660135,BHARTIARTL,0.0073200904663389636,0.007346947821317729
2022-09-06,747.3222045898438,751.0035947602371,726.8536992098409,726.8536992098409,10166270,BHARTIARTL,0.027771206010128953,0.02816042058412238
2022-09-07,739.3212280273438,747.9602708068206,673.6452690794029,741.6773414978292,126794211,BHARTIARTL,-0.010763917745868025,-0.010706194079822873
2022-09-08,755.7157592773438,761.8023363192565,743.199032746325,745.1133676112315,10648073,BHARTIARTL,0.021932819853680587,0.022175112290152788
2022-09-09,751.7398681640625,760.624277736864,748.9420356191805,758.8572224496511,4627905,BHARTIARTL,-0.00527498157841697,-0.005261093293969732
2022-09-12,755.0776977539062,757.2865318773147,750.5127499314777,752.9670100685984,2654087,BHARTIARTL,0.004430310775264709,0.004440139110881036
2022-09-13,769.9013671875,774.4663147856409,755.9120850932419,759.8389011197003,8335652,BHARTIARTL,0.01944175719484797,0.019631978904540492
2022-09-14,769.017822265625,773.9754755153552,761.5568956599939,761.8023216656852,6645392,BHARTIARTL,-0.0011482669460632575,-0.0011476079398360373
2022-09-15,770.73583984375,776.184345356091,767.6925812002385,773.5828056084243,5485310,BHARTIARTL,0.0022315495437393302,0.0022340413035728535
2022-09-16,765.3856201171875,773.5828253268061,762.2441550357212,773.5828253268061,20211162,BHARTIARTL,-0.006965909272744701,-0.006941703564281032
2022-09-19,768.4288330078125,771.6193711199496,758.0718674274897,759.3480706886528,5760313,BHARTIARTL,0.0039681682197182395,0.003976051823601168
2022-09-20,777.6568603515625,782.369027645336,770.6376526687884,772.3065614799156,7936714,BHARTIARTL,0.011937419727095928,0.0120089550877851
2022-09-21,765.9254760742188,782.418091361382,764.7474192854662,777.6568509083098,9966193,BHARTIARTL,-0.015200498065679285,-0.015085553636137505
2022-09-22,769.7540893554688,780.258334233631,762.1458832870437,776.7242237692295,7721133,BHARTIARTL,0.004986224079320176,0.00499867598199466
2022-09-23,757.2373657226562,773.5827614905697,754.6358860418146,773.5827614905697,9271829,BHARTIARTL,-0.016394334018852888,-0.016260678320388022
2022-09-26,741.235595703125,757.041066107226,739.4194672644148,755.8630093195823,13144297,BHARTIARTL,-0.021358247665620906,-0.02113177550907075
2022-09-27,746.6840209960938,751.0035424626072,743.346263425111,744.9660390362119,5965026,BHARTIARTL,0.007323580634213239,0.007350463637408655
2022-09-28,747.5185546875,756.8938163039412,741.1865516335611,741.6774036545104,5546932,BHARTIARTL,0.0011170289648294645,0.0011176530740446555
2022-09-29,750.6599731445312,754.9303614950991,745.4078208943696,749.9727683740435,5413233,BHARTIARTL,0.004193656500366551,0.004202462182820943
2022-09-30,785.2650756835938,794.1985583678136,747.5185438368087,751.936211961228,7469164,BHARTIARTL,0.04506855303119068,0.046099570747193175
2022-10-03,788.6519165039062,800.6287177746458,783.4488970760119,788.7010496406699,12619046,BHARTIARTL,0.004303716224811695,0.00431299051134304
2022-10-04,793.904052734375,801.8067581094604,792.7259959270148,798.125368035496,5772140,BHARTIARTL,0.006637560522873418,0.006659637947437513
2022-10-06,774.1717529296875,800.9231870159736,772.2574780582787,795.7201677828828,6503205,BHARTIARTL,-0.025168861577601998,-0.024854766437739206
2022-10-07,778.5894165039062,782.2217332785997,770.343138875408,777.509566073964,6025982,BHARTIARTL,0.005690090118745688,0.0057063094300471295
2022-10-10,777.8531494140625,780.2583362255252,765.4346296217468,770.5885756812567,3519416,BHARTIARTL,-0.0009460897059545832,-0.0009456423041939166
2022-10-11,766.0236206054688,782.9089414197812,761.8023053815049,782.9089414197812,3699862,BHARTIARTL,-0.015324746830889163,-0.015207920437816158
2022-10-12,761.3605346679688,767.054405954962,755.1267381579642,766.0236287258572,5984299,BHARTIARTL,-0.0061059955470680665,-0.006087391840233658
2022-10-13,754.8322143554688,764.7474005882681,753.6050843801987,760.8205846674041,2842056,BHARTIARTL,-0.008611518107733035,-0.008574545192767347
2022-10-14,751.936279296875,765.680136914715,749.0893133943654,765.680136914715,3608210,BHARTIARTL,-0.0038439065278598828,-0.0038365281760881498
2022-10-17,751.9852905273438,756.8938107004988,745.9477867469794,747.0767703541887,4566333,BHARTIARTL,6.517790750451225e-05,6.518003163047403e-05
2022-10-18,768.821533203125,771.2266601360432,754.5868248025399,755.7648217009248,4391263,BHARTIARTL,0.022142102823286516,0.02238905851998041
2022-10-19,769.06689453125,774.2208402428408,765.2382251781153,773.5336354976047,5219180,BHARTIARTL,0.00031908859678231815,0.0003191395109638506
2022-10-20,778.3931274414062,779.4729778766232,764.0602130558248,767.6925298482612,4756732,BHARTIARTL,0.012053747039679555,0.012126686217381222
2022-10-21,782.85986328125,788.1610289064589,775.3007305313774,775.5461565302794,4807736,BHARTIARTL,0.005722004125685413,0.005738406060348922
2022-10-24,787.4247436523438,792.72596914715,785.3631892479503,785.3631892479503,522406,BHARTIARTL,0.005814096642215726,0.005831031306114731
2022-10-25,787.62109375,791.596982898331,784.0869833778071,791.4006900364527,3184277,BHARTIARTL,0.00024932620246445646,0.00024935728682540237
2022-10-27,802.1503295898438,807.1570560355239,789.4863837016234,791.7442909605968,8159181,BHARTIARTL,0.01827890496036916,0.018446986698474
2022-10-28,801.9049072265625,809.3168205350383,796.4564618825607,804.0155948434127,3905093,BHARTIARTL,-0.00030600238640589403,-0.0003059555724508334
2022-10-31,816.7777099609375,818.5447651382195,804.9972622211162,807.9423741560715,5487233,BHARTIARTL,0.01837694571448136,0.018546840903884032
2022-11-01,820.2628173828125,826.0548953185559,806.0281084775233,812.85096369513,10488759,BHARTIARTL,0.00425782090155785,0.004266898299712052
2022-11-02,795.0330200195312,814.8143810695069,792.4806133956138,814.8143810695069,11729925,BHARTIARTL,-0.03124114950213404,-0.0307581872890218
2022-11-03,803.6719970703125,809.3167950246786,789.486362401301,794.9348075735631,5897840,BHARTIARTL,0.010807573688626646,0.010866186476844675
2022-11-04,801.4631958007812,806.7643616232242,794.3949147857317,800.7759909945963,3768226,BHARTIARTL,-0.0027521702515077807,-0.002748386502930522
2022-11-07,807.6478881835938,808.9731646086626,794.1985314765055,802.0521634317738,7171570,BHARTIARTL,0.0076871297448730365,0.007716751580380432
2022-11-09,804.064697265625,810.3967004277043,799.5488825631517,809.1204971351324,3969171,BHARTIARTL,-0.0044464464122051465,-0.004436575604781612
2022-11-10,810.64208984375,815.5015366984395,802.5921049424456,804.8009389747174,4425290,BHARTIARTL,0.008146901976456572,0.008180178287260587
2022-11-11,811.7710571289062,821.5880970752302,808.7277387944719,815.5505935408582,4325441,BHARTIARTL,0.0013917139040503673,0.001392682787263011
2022-11-14,806.8626098632812,815.5997402517507,802.0522358887303,803.0339399718254,10406576,BHARTIARTL,-0.006064945282627718,-0.006046590627393544
2022-11-15,819.96826171875,823.40422570081,807.5988153507167,807.5988153507167,6229710,BHARTIARTL,0.016112228512973618,0.01624273041687907
2022-11-16,825.8094482421875,828.6072807813857,812.900016183031,822.1771313201261,3445345,BHARTIARTL,0.007098420418501952,0.007123673922687868
2022-11-17,830.6688842773438,833.8594223568892,823.0606780876585,826.3984358198002,4545534,BHARTIARTL,0.005867206204747884,0.005884451970730176
2022-11-18,821.9807739257812,836.2645556062275,815.8941969443124,834.3993538966938,7405949,BHARTIARTL,-0.010514255513495873,-0.010459173945248867
2022-11-21,835.62646484375,837.1971672915174,819.7228479066598,821.686255925598,5527122,BHARTIARTL,0.01646469544849403,0.016600985510642596
2022-11-22,832.09228515625,844.8053639204405,829.6380251600146,837.7862162822815,7601660,BHARTIARTL,-0.004238346517411364,-0.004229377402690138
2022-11-23,827.8219604492188,836.264591518731,826.2021247596388,836.264591518731,4596816,BHARTIARTL,-0.005145246676718602,-0.005132032568033407
2022-11-24,832.82861328125,835.4301530012232,822.4225742382782,830.5216327133195,3455310,BHARTIARTL,0.006029766984798444,0.006047982623358372
2022-11-25,831.3560180664062,844.2654497833842,826.2020720066821,836.4118176923758,2991065,BHARTIARTL,-0.0017697502686352103,-0.001768185184034321
2022-11-28,822.0789184570312,836.9516974707523,820.7535821625612,824.8767507701552,3668846,BHARTIARTL,-0.011221726065486982,-0.011158997358258094
2022-11-29,820.5572509765625,829.3435136161709,819.7228265576288,823.6496424932342,2680296,BHARTIARTL,-0.0018527144891253473,-0.00185099927306831
2022-11-30,833.2213134765625,836.4118516430412,817.3667690819071,819.5265299782925,6874390,BHARTIARTL,0.015315605510500445,0.01543349045411313
2022-12-01,833.073974609375,837.5898488746756,826.2020467398991,837.3934960947137,4506664,BHARTIARTL,-0.00017684604718615492,-0.0001768304108457075
2022-12-02,833.1231079101562,836.3627190655815,823.7477869515849,835.8227938594199,3505272,BHARTIARTL,5.897657763403997e-05,5.897831678658427e-05
2022-12-05,828.6563110351562,836.0190909338875,825.4657730790394,835.4300925093714,3311316,BHARTIARTL,-0.005375933269904995,-0.005361508800547754
2022-12-06,818.10302734375,829.5399032314247,814.5198435944765,829.4417567960588,5567349,BHARTIARTL,-0.012817207615250771,-0.012735417024970386
2022-12-07,818.7411499023438,826.2020764616485,816.7777418690048,822.2261871778288,3771882,BHARTIARTL,0.0007796986418038017,0.0007800026858055809
2022-12-08,817.36669921875,824.827685321414,811.1819762083591,817.7594047730579,4822179,BHARTIARTL,-0.001680147195259175,-0.0016787365381081276
2022-12-09,819.6246948242188,821.2935436920121,808.8750240240435,815.1088204662198,4615843,BHARTIARTL,0.0027587158316500645,0.0027625245897917594
2022-12-12,813.24365234375,821.6372099189884,810.2985402178095,817.366761385299,3149823,BHARTIARTL,-0.007815786219964527,-0.007785322380796766
2022-12-13,822.717041015625,824.631375836079,806.9607034967344,806.9607034967344,3832999,BHARTIARTL,0.01158156745578274,0.011648893470699528
2022-12-14,814.0289306640625,826.5947292919356,812.9981534960235,825.2694529213788,7491333,BHARTIARTL,-0.010616420756366545,-0.01056026545996569
2022-12-15,811.2310791015625,815.796026683964,809.267671095103,813.8326186775043,2996482,BHARTIARTL,-0.0034429621223636586,-0.003437041924563511
2022-12-16,807.6969604492188,817.4649271657812,804.8991280358292,809.9057944340389,4309644,BHARTIARTL,-0.004366005381278058,-0.004356488235457867
2022-12-19,825.0240478515625,829.5889354024661,806.9606706720564,807.6478754409914,6397169,BHARTIARTL,0.021225595597182952,0.021452460824796127
2022-12-20,813.7835693359375,824.3859608981825,806.960714329629,824.3859608981825,2828863,BHARTIARTL,-0.013718089508763392,-0.01362442530602137
2022-12-21,799.1071166992188,817.8085673360672,797.4872810087952,817.759494116031,5079337,BHARTIARTL,-0.01819944507816813,-0.018034835292502938
2022-12-22,801.6595458984375,809.6113850774277,794.6894707401219,804.0156597111302,3626834,BHARTIARTL,0.0031890111432179872,0.0031941014488292563
2022-12-23,793.85498046875,802.984815879435,790.2717368250791,799.1070730131855,2804496,BHARTIARTL,-0.009783211057393706,-0.009735511127658025
2022-12-26,796.1619873046875,800.2851563126455,786.4922263461145,790.3208362032854,6023206,BHARTIARTL,0.002901866460050385,0.0029060809501695317
2022-12-27,799.8923950195312,804.4573425173077,790.2717079499191,800.0887478002287,1782053,BHARTIARTL,0.004674545615779838,0.004685488348260103
2022-12-28,789.0936889648438,799.0089356394576,786.7867084569486,798.1253780432439,2907741,BHARTIARTL,-0.013592154664033396,-0.013500198429094779
2022-12-29,805.7335815429688,809.6603976577076,746.1932082358582,792.2842243662966,6110313,BHARTIARTL,0.020868086142033577,0.02108734718174432
2022-12-30,791.3516235351562,809.7095015507273,790.2226998104757,809.6113551115242,3113243,BHARTIARTL,-0.018010744494489583,-0.017849520408807162
2023-01-02,798.6162109375,801.266823744217,790.860725302746,791.4988568756722,1626846,BHARTIARTL,0.009138094239483762,0.009179974092794696
2023-01-03,802.6411743164062,803.8192311116688,793.7076917960417,795.5238202464974,1717603,BHARTIARTL,0.005027264065110323,0.005039921959737459
2023-01-04,796.9473266601562,805.4390905625847,791.4498080106325,803.9665345044845,2970216,BHARTIARTL,-0.0071191705879343386,-0.007093889322460134
2023-01-05,792.333251953125,809.9057770219532,789.044567613812,809.9057770219532,5297349,BHARTIARTL,-0.005806511113219587,-0.0057896859085629915
2023-01-06,781.4364013671875,797.3890917217311,777.5095852799152,792.7750708354946,3199618,BHARTIARTL,-0.013848309640869408,-0.013752862900902385
2023-01-09,804.4083251953125,806.4698797397402,786.3940198672135,788.0138555224498,4340729,BHARTIARTL,0.028973241074788766,0.029397048547948
2023-01-10,778.343994140625,810.9856522122543,775.8406609188231,810.9856522122543,8392344,BHARTIARTL,-0.032938429106669435,-0.03240186636352749
2023-01-11,751.54345703125,765.3855188632068,737.8978078940756,760.8205714670228,28389020,BHARTIARTL,-0.035039543734434034,-0.034432766631630085
2023-01-12,743.0518188476562,755.2249131073286,739.7630743315797,751.0035976792288,12732671,BHARTIARTL,-0.011363249560473875,-0.011298931690706837
2023-01-13,750.3163452148438,751.9361807606347,738.2413981594901,743.1499180940611,12279288,BHARTIARTL,0.009729126205364255,0.009776608014301802
2023-01-16,745.2606201171875,754.0468230360615,740.8429520902176,752.3779741606388,5779293,BHARTIARTL,-0.006760928354740792,-0.006738124698867698
2023-01-17,751.6907958984375,754.8322608121636,744.8679408323276,745.2606464159657,6594428,BHARTIARTL,0.008591080861490862,0.00862809010388732
2023-01-18,762.3422241210938,765.7291148821483,751.9852589740073,754.1450197432637,5800899,BHARTIARTL,0.014070504158412716,0.014169959617405414
2023-01-19,757.87548828125,762.2931562828894,751.6416918463194,761.8023042827073,4169463,BHARTIARTL,-0.00587645921693976,-0.005859226602584533
2023-01-20,750.463623046875,761.6550125207739,744.4261195739152,761.6550125207739,6289718,BHARTIARTL,-0.00982792906029329,-0.00977979278784169
2023-01-23,758.562744140625,761.8023555762649,749.8746272013396,753.8505766052888,2685320,BHARTIARTL,0.010734337104793832,0.010792156801508357
2023-01-24,761.458740234375,763.3239419045307,747.0767525032951,758.8572006373812,5012125,BHARTIARTL,0.0038104719276674743,0.0038177410057633754
2023-01-25,762.293212890625,766.2200291836868,753.9487282678687,760.7715835607559,6560514,BHARTIARTL,0.0010952868515926506,0.0010958868972903435
2023-01-27,760.3297119140625,764.6492332764369,751.788875535727,760.7714906767867,6745926,BHARTIARTL,-0.002579104823622114,-0.0025757817902075653
2023-01-30,756.1084594726562,760.7715536372532,749.0401784394701,757.4828091700936,5420851,BHARTIARTL,-0.005567339868238511,-0.005551870951852722
2023-01-31,756.2066040039062,764.7474410675567,754.3414022938413,760.8206249388401,8537557,BHARTIARTL,0.00012979376289774518,0.0001298021864726273
2023-02-01,755.028564453125,770.2941104374823,742.7572637701757,761.7532731784574,4472974,BHARTIARTL,-0.0015590423171493064,-0.001557827642001297
2023-02-02,763.5203247070312,766.7108628687771,751.0526712912862,751.1017445100825,2841909,BHARTIARTL,0.01118416249970265,0.011246939061248629
2023-02-03,778.3931274414062,780.40560866256,764.1584194071354,765.6309754106807,5493687,BHARTIARTL,0.01929195700352348,0.019479249278769206
2023-02-06,774.8098754882812,780.1111010111111,764.5510567908078,775.2516542682598,2407975,BHARTIARTL,-0.0046140244429319814,-0.004603396184782893
2023-02-07,771.5211791992188,781.2890858319015,768.6742136996157,779.3748110122416,4126502,BHARTIARTL,-0.0042535539043169835,-0.004244520356674553
2023-02-08,760.9187622070312,766.7108398944881,751.0035755688649,763.7657278334337,9951783,BHARTIARTL,-0.013837522609244422,-0.013742224164464356
2023-02-09,752.6234741210938,760.9188258521405,747.3713212218356,755.9121588969615,5913945,BHARTIARTL,-0.01096153241954787,-0.0109016737369928
2023-02-10,757.8264770507812,759.0536071516088,747.0768053838391,754.881364808795,2954992,BHARTIARTL,0.006889368965833469,0.00691315526102021
2023-02-13,754.5377197265625,765.3364644320444,752.6725179557831,756.8938334478702,3705892,BHARTIARTL,-0.004349167370133711,-0.00433972343776845
2023-02-14,761.0169067382812,763.3729602446538,752.1815712728642,754.9303303228588,3502010,BHARTIARTL,0.008550304121982379,0.008586962377529206
2023-02-15,771.0303955078125,772.7483776190879,758.0718898847854,760.8206492791339,3602838,BHARTIARTL,0.013072222181419318,0.013158037201103756
2023-02-16,770.0977172851562,776.0370145207571,766.318120921805,775.2025900854295,3399428,BHARTIARTL,-0.00121038391134487,-0.0012096516921903389
2023-02-17,762.587646484375,773.0428179320419,756.2065705574408,771.5702619489032,3093216,BHARTIARTL,-0.00979996427626369,-0.009752101106411115
2023-02-20,764.8947143554688,779.2766423576574,762.8821731712691,766.9562688387239,3381774,BHARTIARTL,0.003020747976614547,0.0030253150332681944
2023-02-21,764.7964477539062,773.5827100612623,763.912950152878,768.7232635410193,2769616,BHARTIARTL,-0.00012847900822298173,-0.00012847075514865747
2023-02-22,758.0228271484375,767.3490158814816,752.4761751450844,762.7840679552911,3261898,BHARTIARTL,-0.00889621689268684,-0.008856762639734894
2023-02-23,748.9910278320312,763.2748080766562,747.9111175544201,759.8388443103947,4062194,BHARTIARTL,-0.011986495577447675,-0.01191494371004953
2023-02-24,743.2481079101562,761.605985520727,741.186553384682,761.5078390836892,4357223,BHARTIARTL,-0.007697088405801956,-0.007667541677365608
2023-02-27,739.1249389648438,740.5974949118436,724.9393046917207,739.2230853939284,6719439,BHARTIARTL,-0.005562944613821479,-0.005547500089715496
2023-02-28,728.6697998046875,743.2480803534373,726.1173933517374,741.1865259043975,10562614,BHARTIARTL,-0.014246291680826967,-0.01414529345309179
2023-03-01,736.474365234375,739.6649032883136,727.4426762979957,728.817085888614,3744982,BHARTIARTL,0.010653749215271265,0.010710702477005896
2023-03-02,726.5591430664062,738.04509242923,722.337827637255,737.2597411733232,4910541,BHARTIARTL,-0.013554541188448302,-0.01346309204504803
2023-03-03,750.4146118164062,751.887167915011,729.9460460947224,731.3695289737326,5759333,BHARTIARTL,0.032305981629822726,0.03283348503374306
2023-03-06,752.57421875,761.7041133548277,751.1016628354735,752.6724250953739,4597345,BHARTIARTL,0.0028737517883350217,0.0028778849713044785
2023-03-08,752.5252075195312,755.8139519505957,746.7822629472319,750.0218742423356,3546995,BHARTIARTL,-6.512690076239119e-05,-6.512478005182842e-05
2023-03-09,759.2499389648438,780.4547225536338,756.1084740098667,780.4547225536338,5240056,BHARTIARTL,0.00889652911030903,0.00893622084432022
2023-03-10,759.5934448242188,764.6983174387154,754.1449997884921,758.8571668486218,4113931,BHARTIARTL,0.00045232559050936184,0.00045242790515520603
2023-03-13,751.298095703125,763.5693962990811,749.1874679516965,763.2258238497783,3447889,BHARTIARTL,-0.010980844424788057,-0.010920775024609974
2023-03-14,757.6791381835938,762.5385849863162,750.0218589372971,750.0218589372971,3753502,BHARTIARTL,0.0084574907732257,0.00849335638804849
2023-03-15,742.8063354492188,751.5434648615081,738.7322399921787,744.1316118459421,8101060,BHARTIARTL,-0.01982463688845582,-0.019629420931438046
2023-03-16,732.3020629882812,745.1132873684353,729.89687636157,736.2779519450942,7465693,BHARTIARTL,-0.014242275389104867,-0.014141333965043468
2023-03-17,743.3953247070312,745.5550854056188,725.6265069745817,736.2779709874856,9306857,BHARTIARTL,0.015034885577126966,0.015148478038532476
2023-03-20,740.9901733398438,745.8986933804077,735.099949291167,741.1374529084437,3566109,BHARTIARTL,-0.0032406049172050764,-0.003235359824377948
2023-03-21,743.100830078125,751.9852389990573,741.3337749205649,746.0950151948872,5332221,BHARTIARTL,0.0028443783520557403,0.0028484274342910343
2023-03-22,742.85546875,749.2365450933078,739.3704313461932,747.0767841934193,2680654,BHARTIARTL,-0.0003302403045747227,-0.00033018578124743847
2023-03-23,749.5801391601562,751.78897334269,743.0027098329189,744.1316934935986,2454948,BHARTIARTL,0.009011733416718265,0.009052461337427875
2023-03-24,748.500244140625,752.9669854605127,744.9660737075972,749.5800945982828,2336818,BHARTIARTL,-0.001441705289805522,-0.0014406665319883771
2023-03-27,747.8130493164062,755.6176083851856,745.4569356629584,749.0401793612314,2258853,BHARTIARTL,-0.0009185173660324851,-0.0009180956580818744
2023-03-28,734.7564086914062,751.5925972089484,729.2097568378593,751.5925972089484,4166723,BHARTIARTL,-0.017613985130993236,-0.017459765695363783
2023-03-29,729.9951171875,741.0884210327719,725.3320228888372,737.2597512201696,4891868,BHARTIARTL,-0.006501182199963541,-0.006480095236441774
2023-03-31,735.2963256835938,739.2231418421177,728.4734706244667,738.3887173758151,5796532,BHARTIARTL,0.007235736823534833,0.0072619780205078754
2023-04-03,746.635009765625,747.9603461957778,738.2905252677364,741.1865642242252,2120667,BHARTIARTL,0.01530287548749192,0.015420564044692942
2023-04-05,749.48193359375,753.9486748268059,742.168226782637,753.9486748268059,3197932,BHARTIARTL,0.0038057549938769492,0.0038130060751084827
2023-04-06,751.936279296875,754.635965614665,745.2115701542106,748.6475345586706,1777379,BHARTIARTL,0.003269372741344966,0.003274722969446975
2023-04-10,755.6666870117188,762.0968365089319,752.4270756538859,754.8813357611016,1701065,BHARTIARTL,0.004948803380665415,0.004961068933037716
2023-04-11,759.9862060546875,761.8023345601598,754.0959818183976,761.8023345601598,3485481,BHARTIARTL,0.005699894424887594,0.005716169730930254
2023-04-12,756.991943359375,760.3788342009026,751.1017192587907,759.838908975374,3794841,BHARTIARTL,-0.0039476726610030545,-0.003939890844672833
2023-04-13,753.0160522460938,757.0410746561244,751.4453497904697,755.9120910722048,4292170,BHARTIARTL,-0.005266065230048846,-0.005252223815800594
2023-04-17,745.75146484375,774.5644531711364,740.548385727987,774.5644531711364,9083437,BHARTIARTL,-0.0096941576478587,-0.009647320771814849
2023-04-18,745.849609375,751.0035553430405,738.7813286351388,751.0035553430405,4051481,BHARTIARTL,0.00013159621977756485,0.00013160487893992823
2023-04-19,750.6599731445312,752.8196739682701,742.1682097403054,747.4203020720113,3429794,BHARTIARTL,0.006428799913065113,0.006449509001636766
2023-04-20,758.1699829101562,759.5934656857628,748.6474421805498,750.0218517401264,2355441,BHARTIARTL,0.009954828580492117,0.010004542714813214
2023-04-21,751.199951171875,761.0660648923665,750.4636731342493,755.5194130415359,4524208,BHARTIARTL,-0.009235749468161504,-0.00919323093157487
2023-04-24,746.3405151367188,753.3597231662242,741.8247004067945,751.1999622403409,5271105,BHARTIARTL,-0.006489912226976187,-0.0064688982308578336
2023-04-25,758.4644775390625,762.7839990557957,747.8130132313415,750.954477978197,5773233,BHARTIARTL,0.016114014512230133,0.016244545427260837
2023-04-26,759.2989501953125,765.6309528073118,753.0650940132692,765.6309528073118,5057352,BHARTIARTL,0.0010996084436931419,0.0011002132347153193
2023-04-27,772.1102294921875,774.7608423908557,757.2373892796585,757.8755208747218,4129769,BHARTIARTL,0.016731750525539157,0.016872510219564596
2023-04-28,784.676025390625,787.3757114944401,772.7974305012225,775.3989102501869,6572656,BHARTIARTL,0.016143601938509437,0.01627461393265306
2023-05-02,775.7425537109375,792.0388170033259,774.122718058094,785.6086674477704,6301210,BHARTIARTL,-0.011450221630192955,-0.011384917329722466
2023-05-03,765.0419311523438,779.9638442468628,762.9803766767839,779.9638442468628,3908267,BHARTIARTL,-0.013890060168424272,-0.013794038379620788
2023-05-04,774.6626586914062,778.1968292991446,759.4953787246694,765.0419707764087,2457671,BHARTIARTL,0.012497011195770668,0.012575425146398533
2023-05-05,772.8955688476562,776.4788125153248,765.9745674376467,774.6626241134201,1438467,BHARTIARTL,-0.0022837145385600074,-0.0022811088464429474
2023-05-08,779.2276000976562,780.7492294117925,770.8340423417138,775.4480634220472,2489174,BHARTIARTL,0.008159231825427611,0.008192609073229162
2023-05-09,779.0802612304688,783.7433551753904,776.0370028337971,782.3199323269688,2486331,BHARTIARTL,-0.00018910110291172022,-0.00018908322442512393
2023-05-10,781.4854736328125,782.9580296637462,773.6318414678328,782.4181044360955,2737334,BHARTIARTL,0.0030824902188829177,0.0030872459771282834
2023-05-11,774.1717529296875,780.0129037322193,769.3614392652462,780.0129037322193,4808171,BHARTIARTL,-0.009402809904044572,-0.009358741716754437
2023-05-12,777.4605102539062,779.1784922880913,770.1468033246839,773.0919153832868,2576010,BHARTIARTL,0.0042391001104544685,0.00424809780487756
2023-05-15,782.4671630859375,787.8174618824129,775.1043830683449,778.4912738601289,7569060,BHARTIARTL,0.006419105333079945,0.006439751943666083
2023-05-16,772.9446411132812,786.5903510457644,769.6559565926731,786.1976454678745,4846217,BHARTIARTL,-0.012244527039579943,-0.012169867851196225
2023-05-17,777.7550048828125,783.0562305243732,769.5578003354951,773.5827628244319,6529233,BHARTIARTL,0.006204140449413468,0.006223425991546794
2023-05-18,784.72509765625,788.3083413570749,780.111136619189,783.3507479561426,11383252,BHARTIARTL,0.008921891545479102,0.00896181024831555
2023-05-19,791.008056640625,793.5604632624623,778.7367557309038,784.7251266074632,3432240,BHARTIARTL,0.007974690720486004,0.008006573261311933
2023-05-22,787.1793212890625,789.290008837291,784.8723408773808,786.3448968640175,9996762,BHARTIARTL,-0.0048520763968202115,-0.00484032408952062
2023-05-23,785.3141479492188,794.1494841873458,783.3507398963017,794.1494841873458,6516636,BHARTIARTL,-0.0023722505066390447,-0.0023694389440889196
2023-05-24,786.7376098632812,788.2101658638351,780.4546802935354,788.2101658638351,9104329,BHARTIARTL,0.0018109611162841792,0.0018126018966801993
2023-05-25,807.6478881835938,810.3966473842463,783.2525079714676,784.9704899616826,9570396,BHARTIARTL,0.0262313942745622,0.026578465371632998
2023-05-26,802.9848022460938,814.1761919432759,798.518061010525,812.7527690719038,6150206,BHARTIARTL,-0.005790394040951019,-0.005773662019951886
2023-05-29,806.2244262695312,814.2253379983717,803.0338882051465,814.2253379983717,3684829,BHARTIARTL,0.0040263607026955455,0.004034477382854229
2023-05-30,803.4756469726562,811.2310725847966,797.9289954315822,806.2244061759269,5148256,BHARTIARTL,-0.0034152722167314306,-0.003409446808246508
2023-05-31,834.350341796875,872.4895222625709,803.0339569178992,804.0156610217109,47342125,BHARTIARTL,0.037706512214735775,0.03842642268069829
2023-06-01,812.8018188476562,822.6188586068683,807.9423721831552,822.6188586068683,9713155,BHARTIARTL,-0.026166073672100745,-0.025826708361875172
2023-06-02,821.1954345703125,823.9441939157261,811.820172913662,817.5631176160166,6834131,BHARTIARTL,0.010273811090745594,0.010326767888581001
2023-06-05,819.2319946289062,825.9566431159367,816.9250141776218,823.1588106606805,5298053,BHARTIARTL,-0.0023938162018729493,-0.002390953308737731
2023-06-06,814.2744140625,822.9133974833456,811.0348027694902,819.2320073961848,2722174,BHARTIARTL,-0.00606988226213887,-0.0060514977428974825
2023-06-07,828.8035888671875,831.9941268166318,812.1146211316327,813.7344566733483,4110739,BHARTIARTL,0.017685774488809338,0.017843093868318727
2023-06-08,820.70458984375,833.8594481459502,819.2811069805442,832.1905392690352,4050621,BHARTIARTL,-0.009819974476452751,-0.00977191596685445
2023-06-09,818.2503051757812,824.4350285521464,813.7835638438763,823.2078985203891,3332436,BHARTIARTL,-0.0029949408735250524,-0.002990460512029114
2023-06-12,821.048095703125,827.6745975358217,816.5322813845213,819.5755397403035,1569715,BHARTIARTL,0.003413403249023757,0.0034192355439974786
2023-06-13,819.0847778320312,828.558246202082,817.5140752663316,822.766168143948,3224345,BHARTIARTL,-0.0023940972594795043,-0.0023912336943092694
2023-06-14,812.8018188476562,818.6920427031835,804.0155562794703,816.7777079664461,5108720,BHARTIARTL,-0.007700277755109686,-0.007670706567157626
2023-06-15,814.519775390625,818.5447375989316,809.1204036915311,811.8691627546518,3865201,BHARTIARTL,0.0021113923483459278,0.002113622906755319
2023-06-16,822.4716186523438,824.6313794870731,805.7826502579626,807.4515590810923,4907797,BHARTIARTL,0.00971526892087383,0.009762615349523163
2023-06-19,812.9981689453125,824.631337054231,812.3600373956859,824.631337054231,3017364,BHARTIARTL,-0.011585118520929525,-0.011518269435915496
2023-06-20,815.992431640625,818.4466918056181,811.7219830024602,812.9491130849568,2691557,BHARTIARTL,0.003676222645393335,0.0036829882399327385
2023-06-21,823.649658203125,825.3676402077203,815.2070277479253,816.7777301847437,3022724,BHARTIARTL,0.009340187443727473,0.009383943117100335
2023-06-22,827.380126953125,828.0673317432424,819.4283484461508,821.3917564645106,4380046,BHARTIARTL,0.004518967655076367,0.004529193587159863
2023-06-23,839.16064453125,846.965204034004,825.956712531032,828.5582523381042,7667340,BHARTIARTL,0.014137924500971313,0.014238337608503349
2023-06-26,836.3627319335938,841.6638975644546,830.8651536012538,841.6638975644546,4431992,BHARTIARTL,-0.0033397507162252413,-0.0033341799521819926
2023-06-27,849.0758056640625,855.4077484703582,837.9825026325549,840.8294681734377,5533649,BHARTIARTL,0.015086061650073125,0.015200430680450516
2023-06-28,856.2422485351562,857.6165981965239,847.7995581076513,853.5916357274691,6272649,BHARTIARTL,0.008404866225298365,0.008440286277488385
2023-06-30,862.6724243164062,866.8446664823747,851.1864750758132,863.8995543652205,5217511,BHARTIARTL,0.007481704446828235,0.007509762327484681
2023-07-03,863.0650634765625,867.973583294052,858.5982625078832,863.8994878781538,3333167,BHARTIARTL,0.0004550392741752841,0.00045514282025105324
2023-07-04,849.3212890625,857.8129932062891,837.6880600334869,857.8129932062891,7397493,BHARTIARTL,-0.016052533380039213,-0.015924378121274452
2023-07-05,850.7937622070312,855.0641504722029,847.2595919945348,852.1190385876832,4284477,BHARTIARTL,0.001732204548880756,0.001733705681811637
2023-07-06,853.7389526367188,861.8380110642725,847.6523755317137,848.5358732272798,6365222,BHARTIARTL,0.0034557193710550785,0.003461697253218432
2023-07-07,854.5242919921875,867.4336641427969,846.7197329051955,849.173993000573,18763997,BHARTIARTL,0.0009194594723799181,0.0009198823048230942
2023-07-10,869.2007446289062,873.3238534896889,849.1739590831463,851.1373670810265,4310681,BHARTIARTL,0.01702917460187529,0.01717499756794849
2023-07-11,875.5818481445312,876.8089781817791,870.0842696265852,873.7165865205309,3353977,BHARTIARTL,0.007314529606567288,0.007341346121774617
2023-07-12,873.66748046875,879.312278427949,866.9427721662826,873.66748046875,3033186,BHARTIARTL,-0.002188788537740898,-0.0021863948868264815
2023-07-13,868.8571166992188,876.9561747316848,867.0900614758267,875.0418399403195,4228714,BHARTIARTL,-0.005521157057914606,-0.005505943482010278
2023-07-14,870.2805786132812,873.9619685397333,863.555930315011,868.8080226427004,3860080,BHARTIARTL,0.0016369747326718108,0.0016383153072052625
2023-07-17,862.0342407226562,880.2448974832952,859.9726863323924,869.7897261307073,5614592,BHARTIARTL,-0.00952067151768682,-0.009475493413589442
2023-07-18,859.4328002929688,864.0958944096734,847.3578527744569,861.0035027648963,4731911,BHARTIARTL,-0.003022355174943002,-0.0030177924574164017
2023-07-19,854.8187866210938,860.954436826528,851.3337492880989,859.4328075592721,6641825,BHARTIARTL,-0.005383136115170902,-0.005368673001894031
2023-07-20,868.6607666015625,870.4769549655347,852.1190780514717,855.0641900723869,3779959,BHARTIARTL,0.0160631758995086,0.016192882277638043
2023-07-21,869.789794921875,875.5818728283552,858.7946974944753,862.034308900447,7001587,BHARTIARTL,0.001298890522439328,0.0012997344460825566
2023-07-24,871.9004516601562,876.2689866260627,864.6848911428009,868.8080600215098,4125577,BHARTIARTL,0.0024236890292482715,0.002426628537842035
2023-07-25,867.4827880859375,878.330605608849,863.015986824922,871.7531766392531,3652262,BHARTIARTL,-0.005079585650879949,-0.005066706372048757
2023-07-26,873.1275634765625,880.0976379244205,867.139133112394,870.2805979029546,2845581,BHARTIARTL,0.00648599518474397,0.00650707480096524
2023-07-27,878.7723999023438,884.9080501839653,871.9004715869277,873.0784685062312,3445446,BHARTIARTL,0.006444267456975149,0.006465076424005067
2023-07-28,878.7232055664062,883.435432589275,874.2564644561651,883.435432589275,2314339,BHARTIARTL,-5.5982314604118195e-05,-5.598074762358518e-05
2023-07-31,873.618408203125,881.3738338044303,869.0534606637722,877.6433706110278,4424817,BHARTIARTL,-0.005826274698447976,-0.0058093348746728335
2023-08-01,875.33642578125,880.9812239760907,871.9004616626513,878.1342583104396,2087412,BHARTIARTL,0.0019646226390000092,0.0019665537745006123
2023-08-02,862.0342407226562,874.3546736043062,856.6348688335829,867.0409669708703,3328903,BHARTIARTL,-0.015313306777869153,-0.015196654299769796
2023-08-03,855.7514038085938,865.9120164196064,849.2721213437592,858.9910150817819,4642067,BHARTIARTL,-0.0073150744394924975,-0.0072883844019878685
2023-08-04,873.3729858398438,876.6125970497444,850.352015101688,853.1007743125596,7066276,BHARTIARTL,0.020382792838367216,0.020591940548182253
2023-08-07,875.0909423828125,884.0734977526965,867.9244554706727,868.9552925734156,4086452,BHARTIARTL,0.001965104418892557,0.0019670365019555103
2023-08-08,869.2007446289062,877.9378742683986,864.3412978504615,875.6799670545278,3282856,BHARTIARTL,-0.006753710043663728,-0.006730954999794259
2023-08-09,867.5317993164062,881.030228733431,862.7214259567756,868.8080024775977,3185159,BHARTIARTL,-0.0019219376432528137,-0.0019200919037553055
2023-08-10,858.794677734375,867.7282204029109,852.3154550715126,865.8629587692443,3439922,BHARTIARTL,-0.010122298764675719,-0.010071240718687036
2023-08-11,858.548095703125,861.6546921077359,853.0746231654836,859.9781172257823,2812690,BHARTIARTL,-0.0002871669380842358,-0.0002871257096056512
2023-08-14,855.0963745117188,858.5974202807814,845.7766452099597,858.49882301156,2665905,BHARTIARTL,-0.004028520407305704,-0.004020416804464966
2023-08-16,845.1356201171875,861.9505472437885,841.4373197142536,858.005693480659,3962408,BHARTIARTL,-0.011717069652655352,-0.011648692114054504
2023-08-17,844.8890991210938,847.9956354623415,838.281456776003,845.3822058603738,3013019,BHARTIARTL,-0.000291736558685739,-0.0002916940077138941
2023-08-18,844.4452514648438,850.1159787009581,840.500397735373,844.8890595481474,4929835,BHARTIARTL,-0.0005254704804989494,-0.0005253324450649188
2023-08-21,859.9287719726562,861.950497370543,842.3248269570565,843.8535058567716,3220142,BHARTIARTL,0.01816965791010823,0.01833573044664938
2023-08-22,865.5502319335938,867.8185107603136,854.2580762385547,858.9918886146853,3333869,BHARTIARTL,0.006515848453738637,0.006537122775927218
2023-08-23,856.1812744140625,864.9092398147608,854.8498500723608,864.9092398147608,1860153,BHARTIARTL,-0.010883288086522933,-0.010824279370362455
2023-08-24,857.4632568359375,862.6408772111002,852.2856364607746,860.9643023842145,2842728,BHARTIARTL,0.0014962060540025968,0.001497325928732085
2023-08-25,861.4574584960938,863.8736935151591,849.2283874977792,857.4633060163329,3124339,BHARTIARTL,0.004647345061774052,0.004658160718040483
2023-08-28,858.350830078125,863.6764066487824,853.9128696671406,861.9998317881169,3094455,BHARTIARTL,-0.003612765233895393,-0.00360624704949708
2023-08-29,843.4097900390625,858.0057376757268,836.8021476067289,858.0057376757268,14064286,BHARTIARTL,-0.017559959709557395,-0.017406682111209215
2023-08-30,845.924560546875,850.7076715538085,844.6424951403073,847.9955846502774,3261665,BHARTIARTL,0.002977234630316599,0.0029816709949455067
2023-08-31,844.59326171875,847.6504994776662,835.3721294185701,843.7056454952223,12528190,BHARTIARTL,-0.0015750193056845955,-0.001573779613709636
2023-09-01,854.0115356445312,855.5894530622558,840.9935062703851,841.3880157216618,4427899,BHARTIARTL,0.011089537083744237,0.011151253926197535
2023-09-04,853.3704833984375,857.463293279756,847.8477121743447,853.8142914881948,3102649,BHARTIARTL,-0.0007509183874104739,-0.0007506365187560649
2023-09-05,853.9622192382812,855.8359886086195,846.56561863347,851.2007735241998,2216754,BHARTIARTL,0.0006931699517302031,0.0006934102495403938
2023-09-06,868.1636352539062,870.2347194892997,853.8635410976602,855.1949652904892,4235096,BHARTIARTL,0.016493263728341343,0.016630028466941393
2023-09-07,863.2326049804688,871.5168218866454,861.1122822179088,868.1636721404094,4532834,BHARTIARTL,-0.005696031319719718,-0.00567983969058472
2023-09-08,873.6371459960938,878.3710186318876,866.0433507130305,869.6429936291222,3741470,BHARTIARTL,0.011980939235826354,0.012052998178701202
2023-09-11,878.5189208984375,879.9982410594229,871.4181720869694,875.7575353033365,2733894,BHARTIARTL,0.005572320441625165,0.005587874696854511
2023-09-12,878.1244506835938,884.1403284505667,872.7988741536548,882.5624110606462,4106031,BHARTIARTL,-0.0004491181623497643,-0.0004490173238845818
2023-09-13,902.533203125,905.3438871940422,873.3412508203954,875.8067842822528,5222561,BHARTIARTL,0.027417152730634217,0.027796461449632437
2023-09-14,902.3359985351562,907.9080683522764,897.5528272372292,907.6122163591562,5513106,BHARTIARTL,-0.00021852507699403854,-0.0002185012021285182
2023-09-15,923.2437133789062,935.6206797098024,897.4542084754597,900.0183392793422,14003428,BHARTIARTL,0.02290628986052988,0.023170653589894785
2023-09-18,907.5136108398438,922.8985162790999,905.3439292538741,916.5867864397319,2977375,BHARTIARTL,-0.017184680282874138,-0.017037865853960832
2023-09-20,898.1445922851562,906.6260037958198,892.3259089088394,898.4404442785624,5241903,BHARTIARTL,-0.010377492948885106,-0.010323832549483325
2023-09-21,905.2946166992188,907.4642982518225,890.8958647182594,897.651462729919,4896202,BHARTIARTL,0.007929362787976737,0.007960883442910571
2023-09-22,898.8349609375,909.6339500423854,891.3397026135427,905.2946469856972,6112928,BHARTIARTL,-0.0071609971323174145,-0.007135418285454054
2023-09-25,897.8487548828125,900.7580364245587,889.6138364047512,899.4266723357491,5278045,BHARTIARTL,-0.001097807193386375,-0.0010972048235182719
2023-09-26,900.1170043945312,908.2532651449808,895.4817892615977,897.4542161101915,5355047,BHARTIARTL,0.0025231300466719763,0.0025263158180965917
2023-09-27,907.5629272460938,908.3518859672541,894.9394071264512,902.3360080005025,4713145,BHARTIARTL,0.008238145295796707,0.008272172190071148
2023-09-28,912.8884887695312,919.1509199945931,905.9356359086107,913.2336393937695,7386917,BHARTIARTL,0.0058508309188885525,0.005867980460150912
2023-09-29,913.6281127929688,923.490246738516,909.0914950618039,919.1508837249997,5608557,BHARTIARTL,0.0008098739023023946,0.0008102019387212778
2023-10-03,912.5432739257812,915.4526155804227,903.4207997064234,905.5904812892251,4338272,BHARTIARTL,-0.0011881020617114022,-0.0011873965478920168
2023-10-04,911.5077514648438,913.184326313958,905.6397695897889,905.6397695897889,5603669,BHARTIARTL,-0.0011354096544108916,-0.0011347653207531838
2023-10-05,916.0443725585938,916.784032673227,906.7247032691707,912.2967733498577,7063132,BHARTIARTL,0.004964707000638249,0.0049770515790561465
2023-10-06,913.282958984375,916.3895554485728,911.5570854361968,916.3895554485728,2420855,BHARTIARTL,-0.0030190503624476814,-0.0030144976127148837
2023-10-09,911.8036499023438,915.2553970407287,903.9139421574639,905.3439637249619,2248103,BHARTIARTL,-0.001621084061201476,-0.0016197708141585387
2023-10-10,935.2755126953125,940.8969414679625,908.3518972190016,911.8036443363156,7897875,BHARTIARTL,0.02541648113240839,0.025742233863049968
2023-10-11,942.425537109375,943.6090052735049,934.9303390593714,935.4234457782845,5645289,BHARTIARTL,0.007615758614069644,0.007644832262802659
2023-10-12,937.2479248046875,943.609013573357,933.9441338363861,942.4255453988175,5544735,BHARTIARTL,-0.005509069000085204,-0.005493921907685495
2023-10-13,941.0448608398438,942.7707343311474,933.2537507159111,933.2537507159111,4421671,BHARTIARTL,0.004042970548692699,0.004051154379400179
2023-10-16,933.5003051757812,945.5321209966937,930.8375168901686,944.7431622956171,1881721,BHARTIARTL,-0.008049522132763672,-0.008017211482701625
2023-10-17,940.5025024414062,947.0114872846042,932.9579452967827,933.5003506681002,3863410,BHARTIARTL,0.007473019596560693,0.007501012294052201
2023-10-18,939.7135009765625,945.6801407530503,937.543879450961,939.8614570777147,2334392,BHARTIARTL,-0.0008392668818069361,-0.0008389147958623999
2023-10-19,929.949951171875,938.1848091048574,928.3719735925793,932.7606353255136,4306963,BHARTIARTL,-0.010444273857199786,-0.010389921816107872
2023-10-20,932.1689453125,934.437224160907,924.0819831543746,924.8709418589913,3125104,BHARTIARTL,0.0023833012974212786,0.002386143617544967
2023-10-23,926.3502807617188,936.015160524795,924.0820018673782,928.6185596560593,2180066,BHARTIARTL,-0.006261633972552995,-0.0062420707963304345
2023-10-25,909.8804931640625,926.695480424769,906.3301488673036,911.8529200386376,6365249,BHARTIARTL,-0.01793917138630133,-0.01777922233057827
2023-10-26,893.0162353515625,911.8528872489238,887.6413602728843,908.9436058684945,6595332,BHARTIARTL,-0.018708503297445424,-0.018534585518868996
2023-10-27,901.9907836914062,905.7384428998489,893.9531803113205,898.1938860436366,3508393,BHARTIARTL,0.009999540977328511,0.010049703448348435
2023-10-30,913.480224609375,919.1016534149405,897.7994063928543,902.1880683635893,3686768,BHARTIARTL,0.01265742527314805,0.012737869527832846
2023-10-31,901.7935791015625,910.8173958161339,899.8211522533034,907.6122021877128,5697563,BHARTIARTL,-0.012876081776327838,-0.012793539688075839
2023-11-01,900.8566284179688,901.9414390638141,883.1047874909052,890.5506865076859,4821458,BHARTIARTL,-0.0010395258759119304,-0.0010389857560609839
2023-11-02,911.11328125,913.1843656329122,903.7660391254826,907.3163835051998,6611573,BHARTIARTL,0.011321117778735056,0.011385444152243629
2023-11-03,917.9181518554688,920.827493518675,909.4860390504098,912.2474246213361,3895154,BHARTIARTL,0.007440989673692376,0.007468742631138836
2023-11-06,926.251708984375,927.7310291988325,917.1785329636305,921.3206416028502,2760800,BHARTIARTL,0.009037794219212325,0.009078758396988684
2023-11-07,924.2299194335938,926.0050915293499,919.5947043770105,923.1450485685227,3616946,BHARTIARTL,-0.002185150421615982,-0.0021827647184565757
2023-11-08,923.8353881835938,928.8157537379462,921.5178108068587,928.8157537379462,1808553,BHARTIARTL,-0.00042696678993699584,-0.0004268756525884765
2023-11-09,919.49609375,924.3778624072252,917.7209215638343,923.8354570439095,3914416,BHARTIARTL,-0.004708108651779558,-0.004697042881335656
2023-11-10,922.6026611328125,924.0819812735921,916.1922738561013,916.1922738561013,1345614,BHARTIARTL,0.0033728597010888074,0.0033785541928110785
2023-11-13,922.1095581054688,927.3364772517135,920.926089949376,925.0681983988553,1656368,BHARTIARTL,-0.0005346124278310007,-0.0005344695480699047
2023-11-15,936.9027709960938,939.5655593313472,923.2930375193099,934.9303441097862,4816316,BHARTIARTL,0.015915467498938914,0.016042793137312827
2023-11-16,936.458984375,940.749049067278,930.2458515794418,935.9165790075699,5310736,BHARTIARTL,-0.00047378636627220887,-0.0004736741472350925
2023-11-17,934.2399291992188,940.847570928967,932.9578638352231,935.7192492792958,3249469,BHARTIARTL,-0.0023724354576776805,-0.0023696234568802987
2023-11-20,948.1456298828125,951.0056127564409,928.9637663432277,935.9165590901432,4646962,BHARTIARTL,0.014774819725962746,0.014884506911958972
2023-11-21,957.46533203125,962.8895061658721,947.7511533403585,953.6684342144919,5704644,BHARTIARTL,0.009781405166619576,0.009829399466397826
2023-11-22,956.3804931640625,962.8401792230035,952.6328940926968,960.8677523229487,3309732,BHARTIARTL,-0.001133674373446037,-0.0011330320074210976
2023-11-23,963.1854248046875,967.4754293896409,950.4139481272168,956.627081047861,2749555,BHARTIARTL,0.007090103115131898,0.0071152974043957595
2023-11-24,959.733642578125,963.6784963766171,957.6132595839587,961.5581133824509,2322104,BHARTIARTL,-0.003590152068975758,-0.0035837151784792187
2023-11-28,971.3216552734375,974.3788929044665,957.8105189100116,960.6212031774514,5096984,BHARTIARTL,0.012001884987668108,0.012074196611659538
2023-11-29,981.6768798828125,993.2155289479946,977.2882180466725,982.1699866016216,5647918,BHARTIARTL,0.010604536014959143,0.010660963392667089
2023-11-30,1000.7107543945312,1004.1625013130739,979.0140594779771,981.2823382714245,9934052,BHARTIARTL,0.019203569591600682,0.019389144128555635
2023-12-01,1000.7107543945312,1008.4525055486441,994.3003672600947,1001.0066063773827,5544950,BHARTIARTL,0.0,0.0
2023-12-04,1018.6598510742188,1029.606795802691,1011.0659356160437,1021.7170885551609,5164902,BHARTIARTL,0.01777738998614168,0.017936348341281994
2023-12-05,1016.8847045898438,1031.529950826312,1008.0087831874522,1024.4786206887675,4266159,BHARTIARTL,-0.0017441494262001108,-0.001742629281504593
2023-12-06,1010.3262939453125,1020.7308937222647,999.4780064762542,1014.9122104438597,4121251,BHARTIARTL,-0.006470400496545357,-0.006449512530701806
2023-12-07,986.2134399414062,1005.6418567469901,984.2410130615234,1001.0066415405273,13805235,BHARTIARTL,-0.024155819268699707,-0.02386640251610772
2023-12-08,986.4599609375,990.158261215946,977.633338900871,984.9313421944802,6630766,BHARTIARTL,0.0002499359470930438,0.00024996718368419657
2023-12-11,987.0516967773438,990.7499971752111,978.3730305490866,982.367182940045,6195119,BHARTIARTL,0.0005996780969229039,0.0005998579397803461
2023-12-12,981.5289306640625,987.051701875929,973.3926697467267,985.4737844421647,7119331,BHARTIARTL,-0.005610926497490674,-0.005595214649154356
2023-12-13,986.1148681640625,988.1858923639949,977.830650976947,979.5072259069219,4153219,BHARTIARTL,0.004661357717723249,0.004672238745828228
2023-12-14,991.341796875,997.2590777236048,985.3752173913955,992.1307556160752,6541673,BHARTIARTL,0.005286528879841487,0.005300527230330587
2023-12-15,978.8661499023438,996.9138440381273,974.6254440967956,985.8683015288926,10119597,BHARTIARTL,-0.01266446390963725,-0.01258460705680231
2023-12-18,976.5978393554688,985.0299520594615,968.609534729305,981.2823531014303,5750263,BHARTIARTL,-0.002319972729464426,-0.0023172836726464974
2023-12-19,974.8226928710938,984.1917206093783,972.3078606221873,981.7261869940402,3912964,BHARTIARTL,-0.0018193382151133785,-0.0018176842225522405
2023-12-20,958.1556396484375,979.9509924259523,955.6408074570255,979.2113323582611,3990591,BHARTIARTL,-0.01724537312121763,-0.017097522805473164
2023-12-21,964.4181518554688,968.0177948131771,946.7649071140938,954.654614673378,4294277,BHARTIARTL,0.006514740171814142,0.00653600724964587
2023-12-22,975.907470703125,985.1779008619243,962.1004829224306,968.3629742106023,4605120,BHARTIARTL,0.011842809265845298,0.011913212982928245
2023-12-26,986.0654296875,988.6789192372732,976.0061013075674,981.2823188439769,2460643,BHARTIARTL,0.010354933799027898,0.010408731656758707
2023-12-27,1007.1211547851562,1009.9318991434651,984.2409914423476,986.2134182789054,4791379,BHARTIARTL,0.021128486968134064,0.021353273792723115
2023-12-28,1022.4074096679688,1027.5850301498538,1008.107375197405,1009.7839500588487,5288328,BHARTIARTL,0.015064132846274374,0.015178168793478886
2023-12-29,1017.9694213867188,1028.8671275909194,1010.2770291137928,1018.9063963473615,4631749,BHARTIARTL,-0.004350172196045413,-0.004340723902510946
2024-01-01,999.08349609375,1017.7228936715331,993.1169169235629,1017.7228936715331,3804406,BHARTIARTL,-0.01872680389939802,-0.01855254676239837
2024-01-02,1007.6142578125,1011.3124979238426,1001.9928293101128,1003.3735521681342,6865791,BHARTIARTL,0.008502339819395056,0.008538587367426187
2024-01-03,1020.9281005859375,1022.7033329253317,1007.2690685775741,1017.7229069195852,3604276,BHARTIARTL,0.013126700454390499,0.01321323380471151
2024-01-04,1033.4530029296875,1044.2027526198056,1013.3835851523644,1020.9773798613927,4664043,BHARTIARTL,0.012193509283368348,0.012268153199585408
2024-01-05,1032.1710205078125,1048.9860087642198,1024.6264631883344,1039.2718299091878,4008221,BHARTIARTL,-0.0012412545283422781,-0.0012404844905774537
2024-01-08,1034.5872802734375,1044.4000560635563,1030.839620963581,1035.524134907209,4489695,BHARTIARTL,0.0023382132933181515,0.0023409490458627946
2024-01-09,1049.82421875,1053.1773685613894,1033.6010556335234,1042.4276178663692,3371125,BHARTIARTL,0.014620155271025257,0.014727552490820806
2024-01-10,1048.0489501953125,1058.5029087264575,1040.7510672186897,1052.2403572179799,3111573,BHARTIARTL,-0.0016924464307180782,-0.0016910150508827604
2024-01-11,1048.1968994140625,1059.0946057565116,1042.7727256555797,1051.0569423823747,2604325,BHARTIARTL,0.00014115636200143087,0.00014116632502947368
2024-01-12,1061.5107421875,1063.6804838450962,1037.101961154325,1043.5123480923305,3394013,BHARTIARTL,0.012621672556929754,0.012701662045441875
2024-01-15,1087.2017822265625,1089.4700010352597,1059.7357604364315,1063.1875076729355,3312897,BHARTIARTL,0.023914101206070213,0.024202336366488275
2024-01-16,1080.791259765625,1101.600337862637,1077.9312169058746,1091.7382041306525,5025540,BHARTIARTL,-0.005913802322908111,-0.005896350213673185
2024-01-17,1070.2882080078125,1093.6614199586245,1063.927179045376,1076.945149177177,4568700,BHARTIARTL,-0.009765455328721046,-0.0097179281039802
2024-01-18,1072.0633544921875,1080.8899165131406,1060.376629066698,1060.376629066698,4407330,BHARTIARTL,0.0016571947589776787,0.0016585686650507636
2024-01-19,1109.4901123046875,1120.6836106935739,1074.775447612418,1075.9588555772568,11753391,BHARTIARTL,0.0343153912607998,0.03491095713296555
2024-01-23,1142.03515625,1156.384609865607,1119.3522472743955,1129.214381611615,18194595,BHARTIARTL,0.02891134406449155,0.029333333920126936
2024-01-24,1173.544677734375,1177.538890467549,1124.3819600280942,1124.3819600280942,9546592,BHARTIARTL,0.027216912223421815,0.027590675568902823
2024-01-25,1144.550048828125,1184.0971834486747,1141.098301809594,1169.6491325650616,11424697,BHARTIARTL,-0.025017218473460136,-0.02470688117492592
2024-01-29,1146.1279296875,1153.6231274683355,1142.0351199900256,1142.0351199900256,4015858,BHARTIARTL,0.001377654234888546,0.0013786036364162868
2024-01-30,1142.67626953125,1164.5701605719744,1138.6328183518679,1146.1280167017399,3902023,BHARTIARTL,-0.0030161276129091158,-0.0030115836695394638
2024-01-31,1154.56005859375,1158.8501834885712,1130.3978286327495,1143.021409175492,5981966,BHARTIARTL,0.010346253822591144,0.010399961370839428
2024-02-01,1135.328857421875,1154.066912673751,1133.109877194679,1148.988009796964,3606209,BHARTIARTL,-0.016797018573752945,-0.01665673520292965
2024-02-02,1134.9344482421875,1158.99795930292,1129.510274449626,1139.0764964379189,4969983,BHARTIARTL,-0.00034745677531889047,-0.0003473964192041157
2024-02-05,1098.1981201171875,1143.662539591825,1094.6970139446594,1138.4355597486633,7809331,BHARTIARTL,-0.03290413033710045,-0.03236867836895607
2024-02-06,1118.4154052734375,1140.1613394996843,1107.5176985530247,1109.4901254427007,9863065,BHARTIARTL,0.018242102712971994,0.018409506250195218
2024-02-07,1118.661865234375,1132.4194934862473,1116.1963318281346,1123.0998253656078,2770694,BHARTIARTL,0.0002203410362116335,0.00022036531308078366
2024-02-08,1126.4036865234375,1130.6936908412158,1100.8113759331113,1128.6226667278795,6519392,BHARTIARTL,0.006896771428268448,0.006920608925415017
2024-02-09,1104.8056640625,1130.1513026439034,1100.8608100957515,1130.1513026439034,4203171,BHARTIARTL,-0.019360529377000748,-0.01917431798150293
2024-02-12,1103.2769775390625,1113.4350245897435,1095.979094059811,1107.4191464085875,3887976,BHARTIARTL,-0.001384628218952215,-0.0013836700635805332
2024-02-13,1102.438720703125,1109.49017120202,1088.5824934641016,1095.6831824048393,3211554,BHARTIARTL,-0.0007600769917553488,-0.0007597882064096506
2024-02-14,1100.4661865234375,1105.693165642393,1089.4698831537632,1094.6968622727188,4653070,BHARTIARTL,-0.0017908487110807705,-0.0017892460983495173
2024-02-15,1105.2493896484375,1115.8511844698764,1094.1052496499617,1106.8274275131657,5056712,BHARTIARTL,0.004337105540292041,0.004346524394457818
2024-02-16,1104.55908203125,1111.5119351222047,1101.4524855355598,1108.5039358956474,3091952,BHARTIARTL,-0.0006247669411068332,-0.0006245718148797375
2024-02-19,1126.4530029296875,1129.2144488635233,1102.9318352120604,1105.5946838741286,4711035,BHARTIARTL,0.01962752591879002,0.01982141223100098
2024-02-20,1128.1788330078125,1135.723390011462,1119.3522707458717,1129.2144052898882,5397418,BHARTIARTL,0.0015309199379583884,0.0015320923941224418
2024-02-21,1124.1846923828125,1143.1693005632474,1116.985286320475,1139.0764908260933,4570259,BHARTIARTL,-0.0035466253708002745,-0.0035403435236870395
2024-02-22,1119.8946533203125,1123.050487985607,1082.5171420905613,1121.9163185196064,8642368,BHARTIARTL,-0.0038234336917955486,-0.0038161336758703035
2024-02-23,1110.229736328125,1116.245613997575,1099.9238544412117,1111.4625030795441,6709844,BHARTIARTL,-0.008667657773738425,-0.008630201924379688
2024-02-26,1094.7462158203125,1110.3776738900342,1089.1247272952041,1102.6851613345705,3186134,BHARTIARTL,-0.014044393541610332,-0.013946231127821673
2024-02-27,1111.9556884765625,1115.4074356248268,1086.1169436930818,1097.655593148039,7149094,BHARTIARTL,0.015597776509774891,0.015720056765261115
2024-02-28,1113.1883544921875,1136.7588783901397,1108.0107342387355,1117.7742707941488,5302711,BHARTIARTL,0.0011079427829541293,0.0011085567782955774
2024-02-29,1107.86279296875,1122.261484455324,1083.8485208828965,1103.4248326921595,13818650,BHARTIARTL,-0.004795541728621972,-0.004784061477059676
2024-03-01,1113.13916015625,1125.0230813156816,1101.9950195297185,1112.4488588420677,5927490,BHARTIARTL,0.004751348468086963,0.0047626540226708425
2024-03-04,1117.8729248046875,1133.4057863535838,1116.3936046571737,1116.3936046571737,5855090,BHARTIARTL,0.004243609242849732,0.004252626102717594
2024-03-05,1152.784912109375,1163.4853038374815,1117.4291844237036,1117.4291844237036,5375008,BHARTIARTL,0.0307529722717758,0.03123072983522457
2024-03-06,1177.242919921875,1180.1029629382997,1141.394085919773,1157.7652047342087,5464839,BHARTIARTL,0.020994518462202332,0.021216453785595224
2024-03-07,1183.1602783203125,1196.868669938014,1173.0515900262626,1193.1703693426298,8903981,BHARTIARTL,0.005013864410225376,0.005026454861865037
2024-03-11,1180.1029052734375,1201.5038078308794,1169.6490675331627,1169.6490675331627,6679208,BHARTIARTL,-0.0025874179175562903,-0.0025840734369610985
2024-03-12,1187.6475830078125,1191.3458835569338,1181.286554218279,1183.4561757188085,4249548,BHARTIARTL,0.0063728870980837545,0.006393237149625364
2024-03-13,1152.636962890625,1195.2906943516043,1135.8219755123262,1195.2906943516043,7528096,BHARTIARTL,-0.029922200986013787,-0.029478963808876935
2024-03-14,1178.1304931640625,1183.1601573821938,1147.508639596765,1157.7651625563362,8569080,BHARTIARTL,0.021876525629890137,0.022117571355254828
2024-03-15,1203.180419921875,1205.9418657618958,1171.4736331390798,1173.5940161533042,10115416,BHARTIARTL,0.02103954646882407,0.021262438162123143
2024-03-18,1208.4073486328125,1213.5849690747523,1198.4464968060338,1208.1114364526068,4141080,BHARTIARTL,0.004334851058705921,0.004344260116264875
2024-03-19,1211.415283203125,1223.299203587274,1197.8548480868242,1199.432765550153,7703719,BHARTIARTL,0.0024860798307891397,0.0024891726897520172
2024-03-20,1214.8177490234375,1221.9184375515933,1206.7800855060536,1211.3166431983411,6596032,BHARTIARTL,0.00280473310319721,0.002808670046918982
2024-03-21,1203.969482421875,1225.7647765761296,1197.3617797752963,1220.9323063748739,9952250,BHARTIARTL,-0.00897006499780301,-0.008929953987158235
2024-03-22,1219.058349609375,1227.835672874467,1205.1527648615252,1210.0344729963163,7840007,BHARTIARTL,0.01245471639758539,0.012532599378804576
2024-03-26,1196.37548828125,1216.987373053061,1193.3182507246386,1208.1114521799027,10898138,BHARTIARTL,-0.018782156469496693,-0.018606870897847738
2024-03-27,1207.914306640625,1211.3166949583808,1193.860764688126,1193.860764688126,5779169,BHARTIARTL,0.009598599117189759,0.009644813415520703
2024-03-28,1211.661865234375,1221.4254028265746,1203.4763655302231,1210.0345889044436,10518377,BHARTIARTL,0.00309770085689455,0.0031025036901604075
2024-04-01,1200.56689453125,1214.9163480879006,1191.345823041312,1211.0700916347114,5461473,BHARTIARTL,-0.009199002290020703,-0.009156820909750119
2024-04-02,1191.5924072265625,1210.8235696026586,1186.6119811229273,1208.1114826009014,3625577,BHARTIARTL,-0.007503287429770607,-0.007475208041773929
2024-04-03,1208.8017578125,1223.4963620555268,1173.0515208325537,1178.5250535458156,9532291,BHARTIARTL,0.014339016233011192,0.014442313060715417
2024-04-04,1190.211669921875,1216.0011755406229,1184.7382575442073,1214.9656032702455,7327626,BHARTIARTL,-0.015498420965417545,-0.015378938498787798
2024-04-05,1174.5802001953125,1194.6496195048844,1172.558414500141,1189.2748044431585,4227519,BHARTIARTL,-0.013220357861511224,-0.013133352765385409
2024-04-08,1188.09130859375,1193.8607536518778,1166.7891219085707,1171.621591946095,4827733,BHARTIARTL,0.011437269744421531,0.011502925382354423
2024-04-09,1187.8447265625,1198.1999676555577,1181.7796102321865,1198.1999676555577,3372798,BHARTIARTL,-0.0002075662210486508,-0.00020754468067096798
2024-04-10,1212.4508056640625,1213.7328108808472,1192.0854744125477,1196.52343481367,6442196,BHARTIARTL,0.020503259506668748,0.02071489526477932
2024-04-12,1208.6539306640625,1214.8670031093752,1202.7366500185933,1209.196275824134,7877073,BHARTIARTL,-0.003136483982443829,-0.003131570355071389
2024-04-15,1207.667724609375,1217.973606974979,1193.66342143035,1193.909974792086,4281602,BHARTIARTL,-0.0008162871092068962,-0.0008159540375181074
2024-04-16,1199.6793212890625,1216.938056925768,1195.340078353171,1207.0266838354057,5235632,BHARTIARTL,-0.0066367104446251445,-0.006614736121143272
2024-04-18,1248.2996826171875,1264.177695190026,1199.038368617902,1203.1804169804218,19939924,BHARTIARTL,0.03972808260086592,0.04052779810848306
2024-04-19,1271.2291259765625,1278.6257267871322,1236.0705927128452,1262.3532050038789,13103862,BHARTIARTL,0.01820187674558484,0.01836854056655768
2024-04-22,1279.6612548828125,1287.4030060531604,1270.4894220393564,1286.022283205372,7894656,BHARTIARTL,0.0066111501157672765,0.006633052007656293
2024-04-23,1323.843505859375,1332.3742756692998,1284.1484173355489,1291.939527110868,12074766,BHARTIARTL,0.03394385425331944,0.034526520833522145
2024-04-24,1317.9755859375,1335.3329173589298,1315.1649018802093,1333.3604905976906,6277492,BHARTIARTL,-0.004442340196628592,-0.004432487598347801
2024-04-25,1320.243896484375,1325.2736813859462,1306.0917575637384,1312.6501010793654,8512627,BHARTIARTL,0.0017195772534678935,0.0017210565742471484
2024-04-26,1307.718994140625,1327.147350348094,1303.774140462976,1319.5535551735718,5289771,BHARTIARTL,-0.009532095923853129,-0.009486809503230442
2024-04-29,1314.080078125,1327.443318678238,1301.8017686889111,1306.2397292639869,3195888,BHARTIARTL,0.0048524667915226995,0.004864259074676136
2024-04-30,1304.070068359375,1316.3977362505912,1301.752370485921,1304.9083256985014,5272565,BHARTIARTL,-0.007646664996681484,-0.007617503630302225
2024-05-02,1286.0716552734375,1301.7031138636721,1275.7656528279133,1297.1171973947226,7995432,BHARTIARTL,-0.013897851704918278,-0.01380172240942612
2024-05-03,1259.7890625,1292.4327030317183,1240.8044539281873,1287.9947425863597,11290875,BHARTIARTL,-0.02064804752602073,-0.020436336238084163
2024-05-06,1265.706298828125,1280.548738232754,1255.646849938026,1257.422082209037,5555467,BHARTIARTL,0.004686009126464349,0.004697005637104512
2024-05-07,1268.41845703125,1276.6039564611576,1253.4772991363725,1268.615651566955,5767030,BHARTIARTL,0.002140509643337055,0.0021428021695366617
2024-05-08,1270.8345947265625,1281.485747866059,1257.1262040486083,1258.5562857465543,2682816,BHARTIARTL,0.0019030308324846017,0.001904842744852031
2024-05-09,1257.8658447265625,1277.4422772109124,1252.5403886262889,1265.311804121669,4809145,BHARTIARTL,-0.010257334956826413,-0.01020490790368389
2024-05-10,1283.2115478515625,1290.4601920288928,1254.2168507548677,1257.4714030242196,5532513,BHARTIARTL,0.01994944647067828,0.020149766552020276
2024-05-13,1268.22119140625,1284.9375823218068,1263.7339922517683,1283.2117087114548,3703942,BHARTIARTL,-0.0117506753764374,-0.011681905817018556
2024-05-14,1266.593994140625,1281.9789000307385,1263.0435293766575,1272.7578282622558,3262908,BHARTIARTL,-0.0012838786026043078,-0.0012830547830703365
2024-05-15,1291.8409423828125,1300.0758001038328,1262.8462446675198,1263.881816880964,6891004,BHARTIARTL,0.019736884799514614,0.01993294485761199
2024-05-16,1326.5557861328125,1338.1437950317575,1303.083976510364,1309.6915589616137,11932181,BHARTIARTL,0.026517660672552894,0.026872382358441138
2024-05-17,1325.9146728515625,1341.2503407109705,1320.78641088027,1334.9385503242647,6614017,BHARTIARTL,-0.00048340843274108646,-0.000483291609709835
2024-05-21,1325.766845703125,1343.9624364790357,1317.334672189963,1337.3054954067675,5422220,BHARTIARTL,-0.00011149691058765833,-0.00011149069503813003
2024-05-22,1329.3170166015625,1332.3742539506213,1311.2200254606848,1323.6462897620243,3026723,BHARTIARTL,0.002674245484009644,0.0026778244681135988
2024-05-23,1355.1065673828125,1358.311760925617,1325.7667187986788,1332.1277470594475,7147341,BHARTIARTL,0.019214809769893895,0.01940060230868168
2024-05-24,1369.357421875,1378.4798965976097,1355.1066851930134,1356.53664658917,5622368,BHARTIARTL,0.01046149592681237,0.01051640869818149
2024-05-27,1365.2645263671875,1387.602284448038,1359.0020952163445,1376.7539368084301,6553974,BHARTIARTL,-0.0029933926088816917,-0.002988916876215053
2024-05-28,1352.14794921875,1367.8286461891164,1348.0551394737822,1365.708383659235,2068963,BHARTIARTL,-0.00965380054274877,-0.009607352198140795
2024-05-29,1358.114501953125,1371.0832327456567,1336.8123157610053,1336.8123157610053,4445083,BHARTIARTL,0.004402940660378962,0.0044126478450989826
2024-05-30,1358.1639404296875,1367.3356537123213,1344.702102128481,1359.7912167759678,7100303,BHARTIARTL,3.640162642859163e-05,3.6402288975834196e-05
2024-05-31,1353.8245849609375,1368.8643408674423,1319.5536657641483,1360.9746328509152,24825643,BHARTIARTL,-0.003200130923374075,-0.0031950159620474095
2024-06-03,1371.92138671875,1400.866724877541,1365.9055092752292,1395.787822362337,6017122,BHARTIARTL,0.013278616459416914,0.013367168803730012
2024-06-04,1281.7816162109375,1377.7402363000324,1202.2435950852018,1371.9215526705361,19924421,BHARTIARTL,-0.06796123153352748,-0.06570330587483697
2024-06-05,1325.81591796875,1330.1552808679628,1262.2051556955462,1307.3737761313134,12175520,BHARTIARTL,0.033777059246699326,0.03435398136539192
2024-06-06,1351.7041015625,1357.2762315132186,1310.677646998051,1340.264049864824,10279789,BHARTIARTL,0.019338036811117388,0.019526227768793536
2024-06-07,1405.6007080078125,1410.9262846713211,1344.3568773459206,1351.7041193328077,12280748,BHARTIARTL,0.03909866771924643,0.03987308049373439
2024-06-10,1406.3897705078125,1416.8436092380489,1401.4587031456833,1401.4587031456833,5318477,BHARTIARTL,0.0005612127969414361,0.0005613703063072073
2024-06-11,1407.5731201171875,1414.8217647612814,1393.5195787182245,1406.3403533278047,4416792,BHARTIARTL,0.0008410556394139074,0.0008414094258859528
2024-06-12,1418.5694580078125,1427.889127004306,1402.4941305334312,1405.354173630929,4876138,BHARTIARTL,0.007781909850418556,0.007812267606893242
2024-06-13,1406.09375,1435.8773464180806,1400.8667708438215,1429.0232114676485,7990376,BHARTIARTL,-0.008833470196257966,-0.008794569724723145
2024-06-14,1407.7210693359375,1414.2300538746206,1401.3599205013531,1414.2300538746206,3978442,BHARTIARTL,0.0011566642596263178,0.0011573334537171576
2024-06-18,1408.6578369140625,1424.0921001657716,1398.4505526558617,1424.0921001657716,8671131,BHARTIARTL,0.0006652283970681866,0.0006654497105502699
2024-06-19,1373.1541748046875,1415.0190049949163,1369.1600828503258,1414.1806273124805,8640918,BHARTIARTL,-0.02552695139888445,-0.025203893506994368
2024-06-20,1362.108642578125,1387.552875712471,1357.2761729077358,1386.566662326162,8742855,BHARTIARTL,-0.008076439453596684,-0.008043912642317519
2024-06-21,1396.527587890625,1404.3185777456931,1353.923095110488,1365.8562536401241,43929578,BHARTIARTL,0.02495488974128799,0.02526886933729
2024-06-24,1400.225830078125,1404.170683668555,1370.195559888549,1382.6711834457599,6195831,BHARTIARTL,0.0026446695795799757,0.0026481698031373124
2024-06-25,1395.4427490234375,1414.2301644254685,1390.4130842316201,1414.2301644254685,6353748,BHARTIARTL,-0.003421783080707973,-0.003415935452655283
2024-06-26,1439.3785400390625,1459.546557073419,1389.525401648429,1395.4426823885688,9579826,BHARTIARTL,0.030999703287149922,0.03148519783156445
2024-06-27,1455.453857421875,1468.4718268047473,1420.1967265902633,1443.8164905588649,19675528,BHARTIARTL,0.011106330465426108,0.011168234717724879
2024-06-28,1424.1414794921875,1515.0703049699323,1416.8434764029776,1515.0703049699323,29145832,BHARTIARTL,-0.02174861985261571,-0.0215138238632675
2024-07-01,1433.954345703125,1446.5779259247906,1429.2698318502432,1430.0094919322773,6011806,BHARTIARTL,0.006866743012991551,0.006890373149187834
2024-07-02,1399.3875732421875,1453.0869696122393,1397.4645051057128,1441.8441118310177,7792632,BHARTIARTL,-0.024401211414599853,-0.024105908646615992
2024-07-03,1400.275146484375,1412.6521734684666,1389.0322890481596,1408.2634513723176,8261388,BHARTIARTL,0.0006340572853075942,0.0006342583421197201
2024-07-04,1403.4310302734375,1421.2321099522144,1392.0402173221203,1398.4506044369582,9570938,BHARTIARTL,0.002251223860803432,0.002253759767846919
2024-07-05,1409.9893798828125,1413.8356365750676,1397.316560601344,1402.8886909027945,4881198,BHARTIARTL,0.00466219798868457,0.004673082943090767
2024-07-08,1415.3642578125,1419.0131994250407,1403.52969640441,1411.2714479147253,3261797,BHARTIARTL,0.00380475161900448,0.0038119988748668288
2024-07-09,1415.7586669921875,1421.774544537719,1408.4606638966388,1416.2024148586067,2897480,BHARTIARTL,0.00027862384835602034,0.000278662667585694
2024-07-10,1425.127685546875,1428.7766268790363,1406.4882286838856,1421.1334732236005,3416762,BHARTIARTL,0.006595865767902331,0.0066176663954968795
2024-07-11,1418.12548828125,1430.8476650205193,1408.31271325908,1430.0094077210547,4178558,BHARTIARTL,-0.0049254927323828185,-0.004913382384356679
2024-07-12,1413.490478515625,1427.642617959305,1401.8531112282892,1422.1198465163309,6342135,BHARTIARTL,-0.003273758842735571,-0.0032684059372225516
2024-07-15,1417.7803955078125,1420.1473318049636,1406.3897026830555,1413.490391187128,3324806,BHARTIARTL,0.0030303849161792697,0.0030349811741869903
2024-07-16,1446.281982421875,1452.9882818420633,1425.0783938626726,1431.9818878121805,6967651,BHARTIARTL,0.019903566375347983,0.020102963057162304
2024-07-18,1463.1956787109375,1465.4638975213081,1438.9348507653756,1445.7889864136769,6470342,BHARTIARTL,0.011626751460768121,0.011694604852049428
2024-07-19,1441.5975341796875,1459.595929937361,1431.932594056229,1459.595929937361,3858596,BHARTIARTL,-0.01487096738036179,-0.01476094062161104
2024-07-22,1445.1971435546875,1451.7061279312516,1429.0725785073832,1430.009433084453,3560584,BHARTIARTL,0.002493846388412635,0.002496958609913502
2024-07-23,1445.4930419921875,1449.7338080891718,1408.7565900525128,1449.7338080891718,2936143,BHARTIARTL,0.0002047251137551821,0.00020474607137144218
2024-07-24,1435.1376953125,1455.2564728030707,1416.7449116638622,1445.7888482155604,4529339,BHARTIARTL,-0.007189669368143571,-0.007163885524772762
2024-07-25,1429.1712646484375,1433.9543758687344,1420.2459846491834,1425.0784546976074,4277756,BHARTIARTL,-0.004166058464314778,-0.0041573924812582375
2024-07-26,1493.5216064453125,1499.0443774426253,1429.1711816899629,1430.2559923593205,9564987,BHARTIARTL,0.04404208449104095,0.04502633336439543
2024-07-29,1460.92724609375,1503.975486556938,1456.6866005608056,1503.975486556938,4589313,BHARTIARTL,-0.02206549136277362,-0.02182382913705505
2024-07-30,1450.078857421875,1464.4283106340004,1443.8657851965568,1463.9352039310047,4263689,BHARTIARTL,-0.00745339481117776,-0.00742568714553149
2024-07-31,1470.9866943359375,1483.4129595158647,1452.8403430889193,1457.4754980696648,5634305,BHARTIARTL,0.014315456876935128,0.014418413734570867
2024-08-01,1484.744384765625,1490.1685588713779,1464.5270085532734,1464.5270085532734,4531379,BHARTIARTL,0.009309229707863288,0.009352695359286178
2024-08-02,1473.2056884765625,1484.399186970816,1463.1462391312123,1473.5014802768655,3335905,BHARTIARTL,-0.007801859079680699,-0.007771503571561866
2024-08-05,1445.4930419921875,1467.4856506372025,1431.4888588036958,1461.568369787859,5111901,BHARTIARTL,-0.01899029798974899,-0.018811118298784568
2024-08-06,1423.6484375,1472.3180459355494,1411.370008129027,1462.6531062177266,8249573,BHARTIARTL,-0.01522757016707443,-0.015112216978977022
2024-08-07,1429.7969970703125,1442.8379996148785,1410.8057382521752,1439.9620182043307,5700734,BHARTIARTL,0.0043095753729606055,0.004318874947181195
2024-08-08,1439.7637939453125,1454.34187409286,1418.1444800223592,1423.1030271553045,5986360,BHARTIARTL,0.006946594046932504,0.006970777596695399
2024-08-09,1451.961669921875,1469.7132919239743,1445.2181188152174,1452.8542325699207,3615910,BHARTIARTL,0.008436449777966799,0.008472136907358374
2024-08-12,1446.50732421875,1465.2506563183356,1433.0201004263924,1453.8459980796479,4028226,BHARTIARTL,-0.0037636091001409795,-0.003756535600157096
2024-08-13,1447.59814453125,1466.1431827127315,1438.3256859696467,1455.8293808709282,4495208,BHARTIARTL,0.0007538221228861704,0.0007541063181890628
2024-08-14,1459.4986572265625,1467.829040293595,1441.0528868298818,1441.0528868298818,5891784,BHARTIARTL,0.008187260337216458,0.008220867607678484
2024-08-16,1471.25048828125,1478.6386746844998,1455.9285058381872,1467.7298715848824,7176426,BHARTIARTL,0.00801972018549866,0.008051964279994106
2024-08-19,1457.4658203125,1476.7545207301773,1452.1601989560693,1474.671955092678,4404075,BHARTIARTL,-0.009413523407178302,-0.00936935489812718
2024-08-20,1437.1357421875,1472.440573622216,1434.5076879909316,1467.7299538379389,10046892,BHARTIARTL,-0.014047123227159425,-0.013948922740871561
2024-08-21,1451.317138671875,1454.4410476348723,1435.6977149151705,1440.9538233962949,6175510,BHARTIARTL,0.009819450770753243,0.0098678197668296
2024-08-22,1474.0272216796875,1487.4649322833907,1452.8542505000953,1461.4820737350453,6781325,BHARTIARTL,0.015526745882669678,0.015647912094936656
2024-08-23,1494.2581787109375,1497.4812343477788,1467.085316207143,1480.6221740935323,6238112,BHARTIARTL,0.013631620669502506,0.01372495482695113
2024-08-26,1501.0018310546875,1508.0924565137798,1492.5226671469204,1496.489504800467,4307432,BHARTIARTL,0.004502890377660933,0.004513043622466739
2024-08-27,1510.12548828125,1513.6956179082501,1489.547518239,1505.414868633024,3965066,BHARTIARTL,0.006059979655392394,0.006078378478826751
2024-08-28,1543.4468994140625,1551.5293552301443,1509.034631681102,1515.282328261828,6225319,BHARTIARTL,0.021825409460474104,0.022065325955618054
2024-08-29,1552.9178466796875,1558.6696888351357,1533.1331705845757,1552.0252839660698,8036748,BHARTIARTL,0.006117481355482723,0.006136231359316957
2024-08-30,1575.8758544921875,1595.0654069756854,1548.6533591036334,1562.9339985302859,37820442,BHARTIARTL,0.014675572790835817,0.014783787733257725
2024-09-02,1558.322509765625,1591.6935546081613,1552.5210341053435,1591.6935546081613,4890314,BHARTIARTL,-0.011201287359157468,-0.011138786520857535
2024-09-03,1547.6617431640625,1565.9092212522494,1545.6783242644397,1565.9092212522494,4546295,BHARTIARTL,-0.00686468932111828,-0.0068411811642031806
2024-09-04,1548.950927734375,1553.0169120408345,1529.2158865689444,1545.0832368835377,5213811,BHARTIARTL,0.0008326418456592198,0.0008329885881115384
2024-09-05,1534.372802734375,1550.0418603667697,1528.7201073290948,1546.0750225923184,5652812,BHARTIARTL,-0.009456180994767752,-0.0094116119103419
2024-09-06,1526.48876953125,1542.7031948124218,1517.5137505935581,1539.9264809899037,5497805,BHARTIARTL,-0.005151523812918386,-0.005138277470165709
2024-09-09,1529.860595703125,1533.9265802057687,1510.6214083067318,1510.6214083067318,3912508,BHARTIARTL,0.0022064411733645523,0.002208877155978284
2024-09-10,1564.7686767578125,1572.8511327043614,1532.3398273000187,1532.3398273000187,6163457,BHARTIARTL,0.022561385354998797,0.02281781827228757
2024-09-11,1564.7191162109375,1585.644160024583,1561.3967929242822,1565.3636304646234,5994914,BHARTIARTL,-3.167326422581011e-05,-3.1672762633272455e-05
2024-09-12,1633.097412109375,1639.097302247129,1576.917051844284,1582.916941982038,12204496,BHARTIARTL,0.0427721350256294,0.043700045068804316
2024-09-13,1620.8994140625,1641.1799443485638,1617.527698879112,1637.3122533966011,5609618,BHARTIARTL,-0.007497275403155129,-0.00746924093837098
2024-09-16,1621.89111328125,1639.2460280324376,1616.5854921261139,1620.8994038668964,3762063,BHARTIARTL,0.0006116332469233206,0.00061182033267837
2024-09-17,1647.97314453125,1652.2375435015663,1624.9159002945407,1636.3205587342034,4223072,BHARTIARTL,0.01595331326649441,0.016081246784337644
2024-09-18,1641.179931640625,1657.0967950829047,1634.1883318562805,1641.477371829532,3171195,BHARTIARTL,-0.0041306819065088304,-0.004122162374531446
2024-09-19,1651.04736328125,1697.5089242598776,1634.0395229327034,1634.0395229327034,8498240,BHARTIARTL,0.005994398505155407,0.006012400865005096
2024-09-20,1697.55859375,1709.1120326642626,1652.187887943625,1657.1464350262888,21646275,BHARTIARTL,0.02778124536903747,0.02817074270741382
2024-09-23,1735.937744140625,1739.7062884431361,1704.7485306163608,1704.7485306163608,5001827,BHARTIARTL,0.0223566563969249,0.022608439279756087
2024-09-24,1742.0863037109375,1752.8959601467361,1731.623721345911,1737.4748308899004,7579205,BHARTIARTL,0.0035356661661599636,0.0035419240068175206
2024-09-25,1745.8052978515625,1752.2514091209669,1730.5329484785486,1740.9955313468167,4017103,BHARTIARTL,0.002132517850235707,0.00213479328360644
2024-09-26,1756.41650390625,1764.2510324215198,1731.6734026618167,1755.3256477718326,7417423,BHARTIARTL,0.0060597181593668396,0.006078115393363781
2024-09-27,1720.2191162109375,1748.8299084418002,1708.2194565766843,1740.6483058195895,7116861,BHARTIARTL,-0.020823980243291212,-0.020608658376193745
2024-09-30,1695.3768310546875,1718.6323677577009,1690.07108898735,1699.7898894037503,6907288,BHARTIARTL,-0.01454664052797158,-0.01444134931541119
2024-10-01,1684.61669921875,1708.5665052962765,1681.9391322781742,1690.8645168244616,3649090,BHARTIARTL,-0.006366975610690303,-0.006346749370901628
2024-10-03,1659.5760498046875,1680.9474358340296,1651.1961537838697,1651.1961537838697,7200276,BHARTIARTL,-0.014975881652257161,-0.01486430083809287
2024-10-04,1627.2960205078125,1672.716239560555,1616.6351441837319,1656.2043744726727,8576527,BHARTIARTL,-0.019642423842084446,-0.01945076834573145
2024-10-07,1648.2706298828125,1656.1546710612615,1628.8330291123602,1637.31219276775,5387707,BHARTIARTL,0.012806880942584057,0.012889240255411272
2024-10-08,1643.708740234375,1665.5759815080908,1638.3039722842311,1648.8160679915902,5224335,BHARTIARTL,-0.002771519536215174,-0.0027676824216432694
2024-10-09,1664.1875,1690.467798785298,1647.278927567443,1652.9316226564424,3414614,BHARTIARTL,0.01238190070872803,0.012458873804312098
2024-10-10,1664.1875,1684.86461653074,1651.1961312272244,1672.617029799058,5047657,BHARTIARTL,0.0,0.0
2024-10-11,1673.4105224609375,1676.236870135029,1644.8988762450629,1664.187576305186,2367678,BHARTIARTL,0.005526756592808439,0.005542057286776592
2024-10-14,1681.54248046875,1695.8727543260768,1665.4272022775158,1672.0220941797384,2069815,BHARTIARTL,0.004847742383395644,0.0048595116970182595
2024-10-15,1703.012939453125,1718.3844349031313,1685.8563186888402,1693.8396276523147,5891334,BHARTIARTL,0.012687484370668837,0.01276831197174988
2024-10-16,1719.574462890625,1727.8056993204557,1702.864183739646,1705.7401652065914,3299887,BHARTIARTL,0.009677855233069847,0.009724837112992324
2024-10-17,1687.0465087890625,1723.541342912728,1680.352470185237,1722.351340028693,4373392,BHARTIARTL,-0.019097482803197677,-0.018916281209993446
2024-10-18,1693.69091796875,1701.8725207283533,1671.228675271638,1695.8231174450298,4154915,BHARTIARTL,0.0039307505411191376,0.003938486073188807
2024-10-21,1678.517822265625,1694.7817598587612,1648.2210511511773,1691.4100446873852,3836168,BHARTIARTL,-0.00899896730403809,-0.008958597783190636
2024-10-22,1678.22021484375,1698.6990379542221,1673.3608146222061,1677.9722874963065,3070057,BHARTIARTL,-0.00017731942103590235,-0.00017730370087654101
2024-10-23,1671.82373046875,1687.2447387780294,1666.1709143365383,1675.9888614644642,2764757,BHARTIARTL,-0.0038187511881458192,-0.003811469030359338
2024-10-24,1664.53466796875,1678.9640888032186,1643.6592568061362,1673.0138321388245,3669575,BHARTIARTL,-0.004369479070665465,-0.004359946785751356
2024-10-25,1652.1878662109375,1670.7824175263368,1642.1219915538793,1667.1626539919503,3434386,BHARTIARTL,-0.007445216573737099,-0.007417569603929919
2024-10-28,1649.559814453125,1663.9396008243875,1632.0066064094465,1644.4029739708797,2811651,BHARTIARTL,-0.0015919158984818856,-0.0015906494724716724
2024-10-29,1623.5274658203125,1654.121677188332,1596.6521647739714,1636.8163962480994,6990747,BHARTIARTL,-0.015907243124059618,-0.01578139113521204
2024-10-30,1619.80859375,1637.3122896223679,1604.3875845535772,1614.3046789789096,4622628,BHARTIARTL,-0.0022932398196102892,-0.0022906123540284984
2024-10-31,1599.2305908203125,1625.2134503297918,1588.8672757765003,1620.453196677562,4921681,BHARTIARTL,-0.012785357409413268,-0.012703971944023063
2024-11-01,1603.048583984375,1612.866531089306,1592.0406340429627,1606.5692007178998,279441,BHARTIARTL,0.002384548482354168,0.002387393779219815
2024-11-04,1578.0576171875,1610.3873201213667,1560.008554136931,1605.726334262962,6094029,BHARTIARTL,-0.015712446780363466,-0.015589650274204447
2024-11-05,1565.314208984375,1580.6857053503006,1553.016987679978,1570.123975571089,6473278,BHARTIARTL,-0.008108158196208927,-0.008075375743147428
2024-11-06,1585.5450439453125,1597.3959229028424,1553.5127817645832,1569.8759869347814,6631728,BHARTIARTL,0.012841648169538656,0.012924456217684233
2024-11-07,1562.7357177734375,1595.214200557558,1556.6366807641537,1582.718565296283,5160994,BHARTIARTL,-0.014490273898240553,-0.014385795130183454
2024-11-08,1556.8846435546875,1566.4050297804436,1545.9262060341464,1557.9754997056518,3096384,BHARTIARTL,-0.0037511494361377666,-0.003744122663994931
2024-11-11,1547.6121826171875,1568.4875932572072,1538.9347251988436,1548.0584034325336,3664301,BHARTIARTL,-0.005973585434075857,-0.005955779046242671
2024-11-12,1542.7528076171875,1581.7765496942259,1537.2487718266007,1555.79381090626,4479934,BHARTIARTL,-0.0031448576594302526,-0.003139917774349854
2024-11-13,1537.5958251953125,1559.4630663776882,1533.5298407760313,1546.967551869879,5816699,BHARTIARTL,-0.003348314008966659,-0.003342714656821788
2024-11-14,1537.6453857421875,1555.0002998024831,1523.811088386004,1537.1495310547505,5139154,BHARTIARTL,3.2231973676023004e-05,3.223249313166754e-05
2024-11-18,1524.25732421875,1555.942390635251,1516.7698699412754,1555.942390635251,4816078,BHARTIARTL,-0.00874498513653806,-0.008706858972542197
2024-11-19,1512.8526611328125,1545.0832160242032,1506.7041113922262,1524.2573190174585,6238241,BHARTIARTL,-0.007510242794216385,-0.007482111389415791
2024-11-21,1512.505615234375,1529.2655283017389,1498.472903016313,1525.2490568094568,7356679,BHARTIARTL,-0.00022942466197854375,-0.00022939834615332
2024-11-22,1556.2896728515625,1561.9423682371082,1507.5966424935457,1520.2905717507851,7640321,BHARTIARTL,0.028536950033710675,0.028948029796506125
2024-11-25,1565.6612548828125,1595.908392348482,1549.5956106194408,1568.8346766198333,12155641,BHARTIARTL,0.00600368833302336,0.006021746590452182
2024-11-26,1564.1737060546875,1591.544862243798,1553.0169749130705,1576.8180013485198,4030593,BHARTIARTL,-0.0009505606261664184,-0.0009501089865293633
2024-11-27,1564.5704345703125,1570.619837990379,1541.2652625464616,1556.1409042638131,4982785,BHARTIARTL,0.00025360240398048856,0.000253634563788685
2024-11-28,1547.46337890625,1575.3303889594742,1544.0419088259516,1557.9754743817023,6714728,BHARTIARTL,-0.010994242996504993,-0.010934027184759332
2024-11-29,1613.6600341796875,1635.229714428469,1538.290116988543,1538.290116988543,10775801,BHARTIARTL,0.04188785146890246,0.04277752622503117
2024-12-02,1629.9735107421875,1632.5519309153465,1603.7923589308846,1613.6599398846556,3790108,BHARTIARTL,0.010058851523641662,0.010109611824645093
2024-12-03,1607.11474609375,1639.1965215609926,1599.776072187385,1639.1965215609926,9131055,BHARTIARTL,-0.01412327548551172,-0.01402400989819097
2024-12-04,1570.966796875,1616.9821360910237,1569.2809393606492,1616.238354059703,8772014,BHARTIARTL,-0.022749264098021627,-0.022492450714307166
2024-12-05,1601.957763671875,1608.6022893224847,1572.2064815122776,1586.7350485118698,10324005,BHARTIARTL,0.01953525952479494,0.01972732132755639
2024-12-06,1584.6029052734375,1611.1807667018509,1581.5782641149153,1604.585874710944,4296866,BHARTIARTL,-0.010892640559360666,-0.010833530566160543
2024-12-09,1589.263916015625,1592.5861182283777,1575.875839379953,1582.6690244241763,4264409,BHARTIARTL,0.0029371201473703144,0.0029414377107830347
2024-12-10,1565.5621337890625,1598.4868388183645,1557.033456805162,1597.1976891795864,14645786,BHARTIARTL,-0.015026012719448995,-0.014913685504157281
2024-12-11,1572.85107421875,1574.8344929756463,1558.173726994408,1574.8344929756463,3853182,BHARTIARTL,0.004644992900600051,0.004655797602900913
2024-12-12,1597.1976318359375,1604.486671756462,1565.413296958698,1565.413296958698,13120939,BHARTIARTL,0.015360670189940518,0.015479251669952676
2024-12-13,1667.8072509765625,1671.0303064638074,1593.4786813171052,1604.5857779575313,12900707,BHARTIARTL,0.043259126782275635,0.04420844216971509
2024-12-16,1648.7664794921875,1673.0137254297294,1646.386352766584,1667.807251180467,4375126,BHARTIARTL,-0.011482320148309414,-0.011416649899576803
2024-12-17,1601.908203125,1644.8987803535226,1595.1645309463686,1636.8163247292393,6182486,BHARTIARTL,-0.028831874558258478,-0.028420201981313675
2024-12-18,1588.619384765625,1609.5444298514833,1582.8674215591093,1607.957718950532,3905144,BHARTIARTL,-0.00833021802106921,-0.008295617897112417
2024-12-19,1587.0325927734375,1596.4041981301114,1572.3056114154133,1573.2478079753505,5865855,BHARTIARTL,-0.000999348880463729,-0.000998849697671056
2024-12-20,1565.0166015625,1608.850230283404,1560.3556157413789,1596.6521560714723,9738879,BHARTIARTL,-0.013969546719737195,-0.013872425374997
2024-12-23,1573.74365234375,1594.1232076362628,1565.2644886513433,1572.8510896827163,4363599,BHARTIARTL,0.005560840946182639,0.005576331121687206
2024-12-24,1570.7685546875,1585.545049070309,1561.9423167494508,1576.8179578613504,3610076,BHARTIARTL,-0.0018922480487229506,-0.0018904588760814134
2024-12-26,1586.2392578125,1593.5282980240522,1567.9917798066892,1570.7686146769386,3400479,BHARTIARTL,0.009800943098444079,0.009849129637101717
2024-12-27,1586.5863037109375,1614.949169131801,1583.0658078775332,1586.2392296228948,2559578,BHARTIARTL,0.0002187614119288905,0.00021878534195152177
2024-12-30,1573.74365234375,1599.676877056794,1567.991689468889,1591.6935680584866,4438130,BHARTIARTL,-0.008127456461650051,-0.008094517983137317
2024-12-31,1574.586669921875,1583.9582757456174,1550.388935273378,1569.876050062244,2249626,BHARTIARTL,0.0005355331315209745,0.0005356765549899833
2025-01-01,1582.470703125,1593.2308473829798,1570.9173850092022,1579.793136063459,1405565,BHARTIARTL,0.0049945557909386,0.0050070493760221435
2025-01-02,1596.3546142578125,1606.1725617847092,1575.2312761236258,1586.6359345201176,3728040,BHARTIARTL,0.00873530190015533,0.008773565984757425
2025-01-03,1585.5946044921875,1603.5941549326797,1580.090689767925,1601.6107360644885,3669685,BHARTIARTL,-0.006763181961751389,-0.0067403631182709756
2025-01-06,1575.28076171875,1596.5033672751379,1554.1077900561047,1582.9169968001856,4584188,BHARTIARTL,-0.006525963970404803,-0.006504716113574727
2025-01-07,1577.660888671875,1589.7101821996414,1570.9173373274543,1580.7847975210407,2830856,BHARTIARTL,0.0015097820823569343,0.0015109223771183622
2025-01-08,1585.941650390625,1600.0735095752789,1564.7686785607114,1585.4954295765262,3674564,BHARTIARTL,0.005235032231813255,0.005248758955874955
2025-01-09,1593.7266845703125,1606.7675667009034,1579.198117239554,1586.7350846801287,4684859,BHARTIARTL,0.004896768414554757,0.004908777178384893
2025-01-10,1602.5032958984375,1611.5278275208984,1578.603122791168,1594.668767171449,4145892,BHARTIARTL,0.0054918660050923785,0.005506973945467397
2025-01-13,1583.958251953125,1601.3131669647628,1565.016626066365,1566.9008981935704,3705039,BHARTIARTL,-0.011640029578759542,-0.011572546523166638
2025-01-14,1586.834228515625,1619.8582008285803,1565.4133291231879,1591.3960676641,7284572,BHARTIARTL,0.0018140432518951933,0.0018156896237344622
2025-01-15,1594.123291015625,1600.470255643723,1579.7931380299403,1594.7184135262914,2960985,BHARTIARTL,0.0045829441060753874,0.0045934618556964235
2025-01-16,1616.6846923828125,1621.4449461526285,1587.2806041203096,1605.6272288932903,5299325,BHARTIARTL,0.014053641833957051,0.014152858498675869
2025-01-17,1614.007080078125,1625.4117384012577,1609.544387690812,1616.5855003569166,2678801,BHARTIARTL,-0.0016576096429943752,-0.001656236566909608
2025-01-20,1627.5439453125,1631.3620023830172,1604.6849946673472,1624.4200364154299,3933044,BHARTIARTL,0.00835213996051712,0.008387116389675153
2025-01-21,1612.6683349609375,1642.9649858098971,1606.8668589309905,1640.2874187370853,7958844,BHARTIARTL,-0.009181938450793284,-0.009139913176787529
2025-01-22,1618.2218017578125,1627.3951136415324,1609.0981237670446,1614.0070368382655,3262136,BHARTIARTL,0.0034377351325004858,0.0034436509209498922
2025-01-23,1622.4366455078125,1631.7587384650515,1603.7924595933343,1611.0319869360887,2457080,BHARTIARTL,0.002601228235059293,0.002604614364620117
2025-01-24,1631.1636962890625,1648.1219030954665,1620.5028200642591,1620.5028200642591,3620058,BHARTIARTL,0.005364562818880753,0.005378977851254296
2025-01-27,1589.3134765625,1633.5436920454204,1580.4872386001332,1625.362089411334,6622807,BHARTIARTL,-0.02599153695650885,-0.02565666451611981
2025-01-28,1604.932861328125,1616.783861131008,1583.7598901393571,1594.3216193165626,5216471,BHARTIARTL,0.009779777515535609,0.009827755817818806
2025-01-29,1587.1812744140625,1613.4120609039126,1579.9418683669626,1606.5692417735918,5009227,BHARTIARTL,-0.011122265154160742,-0.011060641439775032
2025-01-30,1627.147216796875,1631.3123479015524,1581.974804683119,1593.3794629145157,4283637,BHARTIARTL,0.024868648126344352,0.025180452306915457
2025-01-31,1612.8170166015625,1625.5108240580212,1561.1984948377387,1625.5108240580212,8340866,BHARTIARTL,-0.008845957923533468,-0.008806947550524802
2025-02-01,1609.7923583984375,1630.370329405225,1595.858792257276,1613.511268821351,2741589,BHARTIARTL,-0.0018771490673068886,-0.0018753883248940895
2025-02-03,1638.6510009765625,1647.229311488262,1594.7678600774923,1606.4700794072216,4146970,BHARTIARTL,0.017768142227366602,0.017926934755011503
2025-02-04,1647.675537109375,1654.4688433579638,1615.544249339391,1648.369806325564,6385876,BHARTIARTL,0.005492186313789673,0.0055072960181479225
2025-02-05,1646.683837890625,1661.3115516568514,1635.4279603228454,1656.1547111591876,3920893,BHARTIARTL,-0.0006020589351794774,-0.0006018777340651704
2025-02-06,1606.3212890625,1653.477119115643,1599.8751780090004,1652.0887017540035,5229162,BHARTIARTL,-0.02481681937390442,-0.024511413727014375
2025-02-07,1662.8487548828125,1693.3934531647135,1621.4448869738474,1621.494520867708,14873255,BHARTIARTL,0.03458559794854825,0.03519063477849049
2025-02-10,1679.013671875,1685.906003879313,1664.1380306643002,1684.7655138415037,6782878,BHARTIARTL,0.009674272009233128,0.009721219049369623
2025-02-11,1682.6829833984375,1692.500931014039,1672.2204004385974,1691.8562956698006,8965266,BHARTIARTL,0.0021830125421163195,0.002185397048816151
2025-02-12,1697.3603515625,1699.492430025827,1670.5345626116448,1689.872896818191,7148192,BHARTIARTL,0.008684776473677533,0.008722598557702854
2025-02-13,1700.3848876953125,1714.070525634729,1689.7736456967139,1695.823048734932,5356002,BHARTIARTL,0.001780320017364557,0.0017819057279311323
2025-02-14,1702.814697265625,1709.8061759974432,1691.112477760319,1699.7899351304422,5125863,BHARTIARTL,0.0014279562056408869,0.0014289762205579315
2025-02-17,1661.65869140625,1702.6658498434836,1652.4357457970964,1697.5585223514956,4906462,BHARTIARTL,-0.024466270989569175,-0.02416939783610228
2025-02-18,1655.0638427734375,1681.889509423088,1642.0724738380143,1677.9723057142642,7529598,BHARTIARTL,-0.003976731400336072,-0.003968834675207145
2025-02-19,1631.560302734375,1659.5760940790167,1624.8662640945047,1656.1547449752838,7776555,BHARTIARTL,-0.014302785881860987,-0.014200986953879058
2025-02-20,1629.8743896484375,1636.122207256284,1613.7591119899116,1626.254626147329,5524503,BHARTIARTL,-0.0010338476131619837,-0.001033313376840539
2025-02-21,1625.65966796875,1644.9483677790772,1615.6929398668744,1629.8744330069487,5447583,BHARTIARTL,-0.0025892673581820323,-0.0025859180967906514
2025-02-24,1588.0242919921875,1623.973757319966,1584.7516025873142,1613.511174849537,4673190,BHARTIARTL,-0.023423022993476088,-0.023150833300544127
2025-02-25,1627.7918701171875,1635.4776181406846,1583.7599475515622,1583.7599475515622,6286808,BHARTIARTL,0.02473375556701599,0.02504217241860407
2025-02-27,1636.71728515625,1642.270833812559,1625.0646992279303,1629.7753190712936,7568745,BHARTIARTL,0.0054681649548498695,0.005483142656573126
2025-02-28,1557.18212890625,1634.7833933159038,1546.5708862217894,1628.3372818952935,13640211,BHARTIARTL,-0.04981472019384296,-0.04859431556770488
2025-03-03,1582.5699462890625,1589.4622783583984,1559.7109956563227,1565.9091795525883,6993525,BHARTIARTL,0.01617221366585012,0.016303691720791047
2025-03-04,1562.2894287109375,1577.3138508099057,1555.0003886010263,1575.8262866626471,5219668,BHARTIARTL,-0.012897746004398287,-0.012814926522319192
2025-03-05,1604.833740234375,1612.6186348305923,1564.0248741190308,1564.9174367927353,6295425,BHARTIARTL,0.02686783465557005,0.027232029316450745
2025-03-06,1613.412109375,1618.221875939078,1577.2642277141515,1604.5858711625117,5174009,BHARTIARTL,0.005331096416089662,0.005345331996429836
2025-03-07,1617.1805419921875,1628.7836151225642,1602.2057535986596,1615.494684360612,3035558,BHARTIARTL,0.0023329678068875746,0.0023356912938055086
2025-03-10,1617.428466796875,1641.1799805793491,1613.1145549337234,1626.4034856746728,3778450,BHARTIARTL,0.00015329506873901322,0.00015330681902847587
2025-03-11,1649.1630859375,1662.5016499024227,1610.5856874134624,1616.4863098758956,6078564,BHARTIARTL,0.019430416719641425,0.019620415858929263
2025-03-12,1629.229736328125,1702.417937247302,1620.4531324965762,1675.9888579676951,9907628,BHARTIARTL,-0.012160589858914697,-0.012086948694976063
2025-03-13,1618.965576171875,1643.163309454644,1616.0895947345548,1637.1139063985204,8317331,BHARTIARTL,-0.006319936661839319,-0.006300007867142687
2025-03-17,1625.560546875,1634.7338591616337,1598.833904929244,1598.833904929244,6405522,BHARTIARTL,0.004065296154651328,0.004073570680062977
2025-03-18,1625.560546875,1625.560546875,1625.560546875,1625.560546875,0,BHARTIARTL,0.0,0.0
2025-03-19,1623.5770263671875,1628.4364265129727,1614.0070066934181,1621.444827000761,6283464,BHARTIARTL,-0.0012209521508441698,-0.0012202070920247499
2025-03-20,1691.1124267578125,1695.4759722582721,1632.4527924932477,1646.2375771399904,12074465,BHARTIARTL,0.0407547970030017,0.04159667160463454
2025-03-21,1711.4921875,1717.045736111863,1677.9723602490183,1695.4760559490876,14715349,BHARTIARTL,0.01197906119366606,0.012051097502286945
2025-03-24,1704.5501708984375,1725.5743618261117,1700.6328461202454,1725.5743618261117,4120999,BHARTIARTL,-0.004064367727060703,-0.004056119363128885
2025-03-25,1716.153076171875,1726.0701699376762,1691.9553431716658,1710.6986746006844,4857399,BHARTIARTL,0.006783955774281572,0.00680701892589175
2025-03-26,1724.136474609375,1750.3671405587422,1711.8392534895443,1724.7314760545662,7142394,BHARTIARTL,0.004641128399166583,0.0046519151166328765
2025-03-27,1710.401123046875,1731.9212892754517,1699.0460990440622,1725.5246911253353,6222339,BHARTIARTL,-0.007998412827356501,-0.007966510635773139
2025-03-28,1719.0291748046875,1731.2767622290205,1646.237677388042,1718.9300280719228,4133264,BHARTIARTL,0.005031780332462708,0.005044460998974598
2025-04-01,1709.8558349609375,1750.3671408940534,1694.2859243021528,1700.781669480624,6773056,BHARTIARTL,-0.005350638299716329,-0.005336349131359164
2025-04-02,1740.0533447265625,1745.8053078539904,1702.7154604097407,1705.7402225998721,6431226,BHARTIARTL,0.017506710725180424,0.017660851370147723
2025-04-03,1731.524658203125,1740.4004091446,1721.0620753330531,1733.5080770555912,2341989,BHARTIARTL,-0.004913444937424569,-0.004901393712603563
2025-04-04,1728.9957275390625,1756.1190768291567,1725.5743784877857,1739.954164975184,7817334,BHARTIARTL,-0.0014615900687557574,-0.0014605224661869975
2025-04-07,1672.666748046875,1760.036325335164,1655.5597602389971,1715.657327978495,14870388,BHARTIARTL,-0.033121527710048934,-0.03257901601200741
2025-04-08,1706.1368408203125,1727.8553004445048,1692.6496174698434,1706.4342809992186,7206935,BHARTIARTL,0.01981244942439243,0.020010018619978975
2025-04-09,1701.3271484375,1712.5333922783918,1697.409823583095,1705.3931328586782,5600666,BHARTIARTL,-0.0028230353085010526,-0.002819054291389622
2025-04-11,1742.0367431640625,1752.3505453449245,1717.9877897262502,1745.4085794041125,8340002,BHARTIARTL,0.02364634867956522,0.023928140313254964
2025-04-15,1783.886962890625,1804.9111542864744,1766.3336334255087,1793.2089346430635,10313411,BHARTIARTL,0.023739699817441607,0.02402372963187327
2025-04-16,1807.489501953125,1811.3571927685562,1779.2257844639905,1787.4570207876448,6180958,BHARTIARTL,0.013144196443860333,0.013230961127858931
2025-04-17,1873.438232421875,1881.9669091826656,1810.5638312738126,1818.79506784495,10894325,BHARTIARTL,0.03583650263866033,0.036486369850274425
2025-04-21,1867.7855224609375,1888.5122732911605,1853.1081748053396,1882.6611635747417,3501123,BHARTIARTL,-0.0030218530795338445,-0.0030172918771013135
2025-04-22,1836.8441162109375,1872.3473614239613,1821.5718881815376,1872.3473614239613,6155127,BHARTIARTL,-0.01670457171831297,-0.01656582400811879
2025-04-23,1866.0003662109375,1870.2647650162721,1820.8775889127721,1851.521433311533,6855027,BHARTIARTL,0.01574835385298869,0.015873012708418566
2025-04-24,1830.298828125,1862.2319431555222,1824.2494250505401,1858.959253741363,5180688,BHARTIARTL,-0.019318051099971298,-0.01913265331154912
2025-04-25,1802.13427734375,1846.2653457438348,1791.0271804618708,1831.3897047100984,4570083,BHARTIARTL,-0.015507575440645053,-0.015387952146646122
2025-04-28,1806.6962890625,1823.6544961138422,1798.3659056339327,1820.7785145534906,3301891,BHARTIARTL,0.0025282506700467734,0.0025314493909267544
2025-04-29,1808.6796875,1832.4807135652707,1802.5310164648379,1808.5804197114385,4684155,BHARTIARTL,0.0010972018674319278,0.0010978040136060407
2025-04-30,1849.042236328125,1861.3394574990027,1811.8531326208015,1821.7702269427543,9139821,BHARTIARTL,0.02207067026267009,0.02231602925994869
2025-05-02,1832.8773193359375,1867.9838573549073,1816.9108217312728,1836.645863591673,3866806,BHARTIARTL,-0.00878075721619978,-0.008742318955508699
2025-05-05,1850.52978515625,1857.9676058361385,1833.869018409988,1852.5132040042204,3548839,BHARTIARTL,0.009584930725812374,0.00963101328937177
2025-05-06,1885.2396240234375,1896.148427739512,1866.9921463230748,1872.644962701827,8597920,BHARTIARTL,0.018582965869766394,0.018756703699452704
2025-05-07,1881.074462890625,1901.1069446087308,1869.8680981010757,1885.239594001668,5554616,BHARTIARTL,-0.002211797919509013,-0.002209353696864924
2025-05-08,1859.35595703125,1889.9998013528443,1846.9595896728601,1881.272710309228,5500724,BHARTIARTL,-0.011612968296283617,-0.011545798046718736
2025-05-09,1833.07568359375,1855.5874386047467,1821.2743174936254,1839.6209414378845,3686209,BHARTIARTL,-0.014234910630188802,-0.014134073326906416
2025-05-12,1855.2900390625,1867.7855535947258,1838.6292723140127,1853.4057669450206,3936019,BHARTIARTL,0.012045781654356968,0.012118624270438527
2025-05-13,1805.506103515625,1868.0829422390414,1801.5392659286156,1854.496571926845,8817763,BHARTIARTL,-0.027200096884610482,-0.026833505542902314
2025-05-14,1818.993408203125,1855.1908027985153,1805.1094760295505,1814.8282769743653,7401614,BHARTIARTL,0.007442333429542616,0.0074700964240652645
2025-05-15,1851.7197265625,1854.3974145533252,1809.8696386831102,1834.5632267321403,8788351,BHARTIARTL,0.017831513550328273,0.017991444175547322
2025-05-16,1798.9608154296875,1818.7950030308969,1795.0931246357968,1818.7950030308969,100662047,BHARTIARTL,-0.028905615797476938,-0.028491844838070213
2025-05-19,1803.2252197265625,1813.5389004642545,1794.0022740403588,1806.8944960207482,5799804,BHARTIARTL,0.0023676768758777366,0.002370482036239574
2025-05-20,1793.9031982421875,1809.770548999271,1784.581105460745,1794.7957609339292,12512596,BHARTIARTL,-0.005183046736211843,-0.0051696379256434
2025-05-21,1807.390380859375,1811.3572184579689,1790.3330276087313,1797.9691415627142,6849562,BHARTIARTL,0.0074902228198436,0.007518344708010716
2025-05-22,1816.2166748046875,1821.4726621501404,1801.241886619295,1804.812016356604,6496923,BHARTIARTL,0.0048715609972416205,0.004883446342740738
2025-05-23,1816.5140380859375,1826.5303997541675,1806.3986507488094,1809.8696336077833,3460945,BHARTIARTL,0.0001637133635360368,0.00016372676530007624
2025-05-26,1832.083984375,1834.6624046238971,1815.7207791445708,1818.79505409742,3254715,BHARTIARTL,0.008534807455622353,0.008571332762981942
2025-05-27,1828.513916015625,1842.1994336685257,1818.4975538133851,1828.7122094805422,5847725,BHARTIARTL,-0.0019505390039615603,-0.0019486379389932473
2025-05-28,1840.7117919921875,1851.5214486571706,1829.8029885989208,1832.678970068801,3713699,BHARTIARTL,0.006648771093590734,0.006670923239754156
2025-05-29,1848.149658203125,1851.5214944561042,1835.1582889614467,1842.5961096408364,5786774,BHARTIARTL,0.004032613526361581,0.004040755453023737
2025-05-30,1840.8109130859375,1851.521422873486,1827.7203976196222,1838.6292008609764,16712960,BHARTIARTL,-0.003978765647799142,-0.003970860847017477
2025-06-02,1838.7283935546875,1843.5877938771541,1816.3157850919893,1828.7121527216095,3199499,BHARTIARTL,-0.0011319459204324578,-0.0011313055113080228
2025-06-03,1826.0345458984375,1854.0007022374143,1816.8116001599053,1851.5214287655804,5596977,BHARTIARTL,-0.006927541361675794,-0.0069036012609289266
2025-06-04,1859.851806640625,1868.9754845681452,1834.6623640255916,1839.6209109553906,5892170,BHARTIARTL,0.018350109815135903,0.018519507650140765
2025-06-05,1863.2236328125,1873.3390200719505,1853.1081244947754,1868.3804731686369,8999675,BHARTIARTL,0.0018113127969509207,0.0018129542148659361
2025-06-06,1854.6949462890625,1866.2980193721837,1851.8190857596499,1856.5792184367435,4644174,BHARTIARTL,-0.004587890402556461,-0.0045773821098241685
2025-06-09,1849.63720703125,1859.4551544584463,1833.373148401931,1858.463445042735,3649505,BHARTIARTL,-0.002730717544411112,-0.0027269925266859563
2025-06-10,1841.7034912109375,1860.050114998196,1834.959939967343,1851.1247304530432,7925901,BHARTIARTL,-0.00429856178837381,-0.004289336195310689
2025-06-11,1844.77783203125,1851.0256498593915,1832.4807319540828,1842.4969729787406,8907265,BHARTIARTL,0.0016679002351843457,0.0016692919544236684
2025-06-12,1828.910400390625,1867.3887729729095,1816.4148863444686,1856.3808230050638,7346031,BHARTIARTL,-0.008638474094628219,-0.008601269684140544
2025-06-13,1825.1419677734375,1829.3070987475194,1799.952525301367,1799.952525301367,4613000,BHARTIARTL,-0.002062605334305742,-0.0020604796256736835
2025-06-16,1845.8687744140625,1854.4965978631628,1823.5553126750672,1826.827881095153,5722187,BHARTIARTL,0.011292272534598307,0.01135627091294733
2025-06-17,1839.422607421875,1863.4219260072807,1832.2822272471274,1863.4219260072807,6561555,BHARTIARTL,-0.0034983250432372,-0.0034922130335259816
2025-06-18,1850.4306640625,1855.4883579832406,1827.8196404590603,1832.2823329288224,5069427,BHARTIARTL,0.005966681322583619,0.005984517422047864
2025-06-19,1861.4385986328125,1863.4220174912384,1848.6455227843087,1856.4800514867475,4712312,BHARTIARTL,0.005931225515942723,0.005948850061825661
2025-06-20,1920.6435546875,1932.8416287824498,1858.4634234675787,1864.4136798927684,16228526,BHARTIARTL,0.031310685711308614,0.031806021481542546
2025-06-23,1920.2469482421875,1932.8416091240983,1911.1231491813926,1913.9991306359723,2946463,BHARTIARTL,-0.0002065179657788632,-0.00020649664241167986
2025-06-24,1917.5693359375,1946.7256174869638,1913.1066434878355,1934.7259575561889,6837210,BHARTIARTL,-0.0013953834894020382,-0.0013944103945269237
2025-06-25,1949.303955078125,1953.6675006109415,1921.9328000934033,1925.8996376580956,4152765,BHARTIARTL,0.0164139495857168,0.016549398525456782
2025-06-26,1997.600341796875,2001.6663262248617,1949.9982894303303,1953.6675658769398,9413241,BHARTIARTL,0.02447426834572809,0.02477622158049453
2025-06-27,2010.2940673828125,2022.095433259888,1991.9474437853098,1993.3358611340732,6405854,BHARTIARTL,0.006334382463194048,0.006354487091506655
2025-06-30,1992.939208984375,2007.1207019910378,1983.6171163053416,2001.2695922519854,5597484,BHARTIARTL,-0.00867047505065631,-0.008632994883694622
2025-07-01,2002.657958984375,2013.9634702002932,1990.261591655139,1992.3441571547958,3769165,BHARTIARTL,0.004864739240805573,0.0048765912960049285
2025-07-02,2016.4427490234375,2028.8391163856081,2001.5671081888327,2020.11202533933,6513288,BHARTIARTL,0.006859665927346236,0.0068832473249966775
2025-07-03,2002.558837890625,2027.9465742942143,1996.2118735251586,2024.8722993688673,5558647,BHARTIARTL,-0.0069091619215943265,-0.0068853485374362755
2025-07-04,2000.4761962890625,2019.6162365440955,1988.4765365025921,2010.1949970414346,2178315,BHARTIARTL,-0.0010405313826570624,-0.0010399902175939335
2025-07-07,2017.037841796875,2019.1204073963843,1993.9309635639677,2001.2696375863966,4165432,BHARTIARTL,0.008244769858783297,0.008278851574707424
2025-07-08,2013.1700439453125,2018.1285908515817,1998.0961097735637,2009.2032064202972,3624619,BHARTIARTL,-0.0019194042335611754,-0.0019175633552401816
2025-07-09,2002.9554443359375,2023.7813419187191,1981.931253294726,2018.128646712418,2937734,BHARTIARTL,-0.0050868040178978485,-0.005073888139800142
2025-07-10,1948.213134765625,2011.7816836964873,1946.0314224882566,2011.7816836964873,5695845,BHARTIARTL,-0.02771120063831633,-0.027330767504147757
2025-07-11,1905.96630859375,1942.8578496282753,1898.3300736247704,1925.8996432020544,13103980,BHARTIARTL,-0.02192348275539782,-0.02168490983762794
2025-07-14,1904.974609375,1911.5198671988896,1884.4461521740072,1899.1234997073275,5269381,BHARTIARTL,-0.0005204484994552933,-0.0005203130896273
2025-07-15,1918.164306640625,1926.8913979367326,1907.2555030496296,1908.8423349640334,4163140,BHARTIARTL,0.0068999583247271,0.006923817882251049
2025-07-16,1920.54443359375,1927.8831074944278,1912.809172772721,1927.8831074944278,4211258,BHARTIARTL,0.0012400666053065672,0.0012408358058197955
2025-07-17,1913.9000244140625,1928.7756656405695,1911.6190443360201,1927.585541707482,6256455,BHARTIARTL,-0.0034656471897250457,-0.0034596487659774855
2025-07-18,1901.0,1916.0,1891.800048828125,1915.0999755859375,4643961,BHARTIARTL,-0.006762994311783199,-0.006740176733114223
2025-07-21,1909.199951171875,1919.9000244140625,1892.5999755859375,1894.800048828125,5109654,BHARTIARTL,0.004304217068136455,0.00431349351492627
2025-07-22,1906.800048828125,1911.300048828125,1883.0,1909.199951171875,4513541,BHARTIARTL,-0.0012578106185296629,-0.0012570199063104415
2025-07-23,1943.800048828125,1949.0,1907.300048828125,1920.0,5194282,BHARTIARTL,0.019218375251266573,0.01940423696902016
2025-07-24,1936.0999755859375,1970.4000244140625,1933.699951171875,1943.800048828125,4150685,BHARTIARTL,-0.003969217404101104,-0.003961350472662883
2025-07-25,1937.9000244140625,1952.699951171875,1925.0,1936.0999755859375,3896884,BHARTIARTL,0.0009292973452077651,0.0009297292757726172
2025-07-28,1890.300048828125,1930.0,1885.0,1930.0,3575044,BHARTIARTL,-0.024869352683403418,-0.02456265802480173
2025-07-29,1918.300048828125,1923.5999755859375,1880.0,1880.0,3748040,BHARTIARTL,0.014703830149138446,0.014812463247492635
2025-07-30,1932.5999755859375,1939.199951171875,1922.0999755859375,1934.0,5044683,BHARTIARTL,0.007426831336308744,0.00745447864975457
2025-07-31,1914.300048828125,1926.5,1895.5999755859375,1913.0,4674966,BHARTIARTL,-0.009514187883003256,-0.009469071193723977
2025-08-01,1884.4000244140625,1919.699951171875,1878.0,1914.0,5192594,BHARTIARTL,-0.015742565267682508,-0.015619298778353108
2025-08-04,1914.5999755859375,1919.9000244140625,1878.5,1892.0,3074380,BHARTIARTL,0.015899229978964393,0.016026295256106993
2025-08-05,1931.800048828125,1937.5999755859375,1912.0999755859375,1920.0,5167672,BHARTIARTL,0.008943525260436755,0.008983638076629274
2025-08-06,1929.699951171875,1964.800048828125,1921.5999755859375,1930.0,5461349,BHARTIARTL,-0.0010877109223383107,-0.0010871195792359067
2025-08-07,1922.5999755859375,1933.300048828125,1909.0999755859375,1928.0999755859375,4268534,BHARTIARTL,-0.003686101165576101,-0.003679315834374086
2025-08-08,1858.5999755859375,1893.800048828125,1856.0,1886.300048828125,93801105,BHARTIARTL,-0.03385492094574235,-0.03328825591007056
2025-08-11,1857.4000244140625,1866.0,1845.699951171875,1863.0,5266532,BHARTIARTL,-0.0006458295013901514,-0.0006456209984059269
2025-08-12,1850.300048828125,1865.0,1847.0999755859375,1857.4000244140625,4645011,BHARTIARTL,-0.003829859009149616,-0.0038225344527909044
2025-08-13,1867.4000244140625,1872.5,1851.800048828125,1853.0,6697206,BHARTIARTL,0.009199287646679537,0.00924173114342608
2025-08-14,1873.800048828125,1883.0,1866.800048828125,1873.0,3958631,BHARTIARTL,0.0034213784517801403,0.0034272380477613495
2025-08-18,1892.300048828125,1912.5999755859375,1870.300048828125,1892.5,7146376,BHARTIARTL,0.009824565638158459,0.009872985120034539
2025-08-19,1909.699951171875,1931.800048828125,1900.0,1901.0999755859375,5706265,BHARTIARTL,0.00915308985929878,0.009195107485478138
2025-08-20,1928.4000244140625,1952.0,1926.0,1937.0,6962619,BHARTIARTL,0.00974452011884729,0.00979215254768806
2025-08-21,1929.9000244140625,1940.9000244140625,1927.699951171875,1930.0,3376913,BHARTIARTL,0.0007775445437570825,0.0007778469098784768
2025-08-22,1933.300048828125,1947.699951171875,1917.4000244140625,1934.0,3271920,BHARTIARTL,0.0017602118593252475,0.001761761941577733
2025-08-25,1930.699951171875,1940.0999755859375,1913.199951171875,1940.0,2451388,BHARTIARTL,-0.001345806443421472,-0.0013449012520462267
2025-08-26,1904.699951171875,1925.800048828125,1896.199951171875,1922.0999755859375,5984656,BHARTIARTL,-0.013558115942481937,-0.013466618665535668
2025-08-28,1881.0999755859375,1899.800048828125,1878.199951171875,1893.0,5494113,BHARTIARTL,-0.012467791088549618,-0.012390390187923095
2025-08-29,1888.800048828125,1900.0999755859375,1872.5,1872.5,4339042,BHARTIARTL,0.004085033502338005,0.004093388624806682
2025-09-01,1900.5999755859375,1904.800048828125,1884.199951171875,1889.0,3421488,BHARTIARTL,0.006227880309061506,0.006247313878000815
2025-09-02,1887.199951171875,1917.5,1878.0,1904.5,4423049,BHARTIARTL,-0.007075389711617373,-0.007050418071236408
2025-09-03,1883.9000244140625,1892.0999755859375,1870.0,1891.0,3803044,BHARTIARTL,-0.0017501140894990196,-0.001748583532849013
2025-09-04,1880.4000244140625,1903.5,1876.5999755859375,1899.0,5205333,BHARTIARTL,-0.0018595759972320051,-0.00185784805703193
2025-09-05,1895.300048828125,1910.699951171875,1875.699951171875,1887.0,2620140,BHARTIARTL,0.007892629961579732,0.007923858870776845
2025-09-08,1887.699951171875,1899.0,1884.0999755859375,1898.0,2547552,BHARTIARTL,-0.004018032186772925,-0.004009970696169818
2025-09-09,1893.699951171875,1904.0,1883.0,1892.0,4517793,BHARTIARTL,0.003173430576126743,0.003178471237590186
2025-09-10,1891.4000244140625,1905.0,1883.0,1904.0,3566139,BHARTIARTL,-0.0012152529950062853,-0.0012145148741168343
2025-09-11,1913.0,1916.0,1882.0999755859375,1884.0,4718266,BHARTIARTL,0.011355381950909174,0.011420099030943431
2025-09-12,1902.5999755859375,1925.0,1901.5999755859375,1925.0,3192824,BHARTIARTL,-0.005451331499843396,-0.005436499955077112
2025-09-15,1904.5,1913.0,1898.4000244140625,1904.0,3553258,BHARTIARTL,0.000998147978249168,0.0009986462937261464
2025-09-16,1939.5,1942.0,1902.5,1903.300048828125,5427586,BHARTIARTL,0.01821070096136321,0.018377526909950204
2025-09-17,1941.300048828125,1950.0999755859375,1932.5999755859375,1938.0999755859375,4234637,BHARTIARTL,0.0009276690035898396,0.0009280994215647986
2025-09-18,1941.0999755859375,1949.800048828125,1920.5,1944.5,5080814,BHARTIARTL,-0.00010306678400287802,-0.00010306147280436662
2025-09-19,1962.4000244140625,1976.800048828125,1927.800048828125,1930.199951171875,11287603,BHARTIARTL,0.010913416285591135,0.010973184841597483
2025-09-22,1956.199951171875,1966.0,1944.0,1954.0,4469137,BHARTIARTL,-0.0031644354895096773,-0.0031594339406099126
2025-09-23,1938.699951171875,1955.0,1930.0999755859375,1950.0,4348633,BHARTIARTL,-0.008986170736542686,-0.008945915773853508
2025-09-24,1931.0999755859375,1937.300048828125,1918.800048828125,1926.0,5237977,BHARTIARTL,-0.00392784407503555,-0.003920140185356469
2025-09-25,1935.5999755859375,1950.0,1928.800048828125,1930.0,7133365,BHARTIARTL,0.002327567221875788,0.0023302781093115232
2025-09-26,1916.5999755859375,1944.699951171875,1911.9000244140625,1931.0999755859375,3239306,BHARTIARTL,-0.009864573134541022,-0.009816077825816505
2025-09-29,1902.199951171875,1928.0,1897.5,1928.0,5072608,BHARTIARTL,-0.007541684792452906,-0.007513317644523121
2025-09-30,1878.4000244140625,1907.5999755859375,1875.199951171875,1896.0,5945625,BHARTIARTL,-0.012590721747951736,-0.012511790226442887
2025-10-01,1867.5999755859375,1877.0,1855.9000244140625,1868.0,5675393,BHARTIARTL,-0.00576619260668619,-0.005749600025422685
2025-10-03,1896.699951171875,1900.300048828125,1848.0999755859375,1851.199951171875,5828332,BHARTIARTL,0.015461337222194352,0.015581482098064203
2025-10-06,1903.0999755859375,1907.0,1887.5,1892.5999755859375,2809218,BHARTIARTL,0.003368614447855397,0.003374294605801076
2025-10-07,1929.0,1946.0,1900.0,1900.0,5713060,BHARTIARTL,0.01351761121132316,0.01360938718213589
2025-10-08,1943.5,1962.5999755859375,1927.5999755859375,1929.0,4957406,BHARTIARTL,0.007488737386548708,0.007516848107827823
2025-10-09,1942.0,1948.800048828125,1931.300048828125,1945.0,3945737,BHARTIARTL,-0.0007721014410075981,-0.000771803447388697
2025-10-10,1939.9000244140625,1947.5999755859375,1935.4000244140625,1937.0,2512581,BHARTIARTL,-0.001081931928992904,-0.0010813468516670532
2025-10-13,1954.9000244140625,1965.9000244140625,1936.0,1937.9000244140625,3672419,BHARTIARTL,0.007702615782446839,0.007732357240693766
2025-10-14,1946.5999755859375,1964.0,1939.199951171875,1964.0,4454239,BHARTIARTL,-0.004254805254230869,-0.004245766394428641
2025-10-15,1968.5,1976.0,1951.5999755859375,1957.199951171875,3447352,BHARTIARTL,0.01118758293329912,0.011250397970168802
2025-10-16,1967.4000244140625,1986.9000244140625,1962.0,1962.300048828125,3700674,BHARTIARTL,-0.0005589448958317769,-0.0005587887152336268
2025-10-17,2012.0,2034.300048828125,1970.300048828125,1973.5999755859375,6743801,BHARTIARTL,0.022416365731669424,0.02266950037231008
2025-10-20,2051.5,2057.0,2019.699951171875,2026.0,7387180,BHARTIARTL,0.019441980662611047,0.019632206759443438
2025-10-21,2043.5,2058.5,2038.5,2051.800048828125,240850,BHARTIARTL,-0.00390720887790882,-0.0038995856690227093
2025-10-23,2007.9000244140625,2067.0,2003.5999755859375,2063.89990234375,8790128,BHARTIARTL,-0.017574612070622667,-0.017421079317806454
2025-10-24,2029.300048828125,2033.0,2006.9000244140625,2008.0,3236799,BHARTIARTL,0.01060151811077421,0.010657913319318535
2025-10-27,2080.10009765625,2094.0,2030.0,2030.0,5796831,BHARTIARTL,0.024725086366160852,0.02503328616064482
2025-10-28,2090.199951171875,2102.60009765625,2071.699951171875,2092.0,9891522,BHARTIARTL,0.004843715389255023,0.0048554651418002415
2025-10-29,2100.60009765625,2110.39990234375,2081.60009765625,2083.0,2742750,BHARTIARTL,0.004963332878468026,0.00497567061875781
2025-10-30,2066.300048828125,2088.0,2058.60009765625,2070.0,4222189,BHARTIARTL,-0.016463472778103977,-0.016328690485350017
2025-10-31,2054.5,2073.800048828125,2051.699951171875,2056.0,4659723,BHARTIARTL,-0.005727082576798927,-0.005710714102154402
2025-11-03,2074.0,2081.0,2047.199951171875,2055.0,2979629,BHARTIARTL,0.009446600466008124,0.009491360428327988
2025-11-04,2113.300048828125,2135.60009765625,2103.5,2107.0,12263078,BHARTIARTL,0.018771620083788854,0.018948914574794973
2025-11-06,2094.89990234375,2123.300048828125,2080.5,2115.0,9546299,BHARTIARTL,-0.008744956969350294,-0.008706831050601771
2025-11-07,2001.199951171875,2048.0,1995.5999755859375,2048.0,70392750,BHARTIARTL,-0.04575879668928443,-0.044727650742187985
2025-11-10,2019.800048828125,2028.800048828125,1992.199951171875,1995.0,7457061,BHARTIARTL,0.009251544552562163,0.009294472371617957
2025-11-11,2042.300048828125,2056.89990234375,2017.4000244140625,2020.0999755859375,14825625,BHARTIARTL,0.011078126864322923,0.011139716534344313
2025-11-12,2073.800048828125,2079.800048828125,2054.89990234375,2060.0,8210277,BHARTIARTL,0.015306049037908723,0.015423786538160567
2025-11-13,2091.800048828125,2107.0,2079.0,2099.89990234375,5958875,BHARTIARTL,0.00864226599338262,0.008679718186992869
2025-11-14,2100.699951171875,2107.89990234375,2081.89990234375,2090.0,6312655,BHARTIARTL,0.004245636595091187,0.004254662078593929
2025-11-17,2112.199951171875,2122.0,2100.89990234375,2112.0,5998770,BHARTIARTL,0.005459435937291207,0.005474365814872595
2025-11-18,2149.199951171875,2159.0,2110.300048828125,2122.0,10972556,BHARTIARTL,0.01736562194027116,0.017517280965503312
2025-11-19,2159.800048828125,2166.199951171875,2146.699951171875,2155.0,7419461,BHARTIARTL,0.004919990270909103,0.004932113296610696
2025-11-20,2158.300048828125,2169.300048828125,2149.89990234375,2153.10009765625,7452899,BHARTIARTL,-0.0006947500180224451,-0.0006945087351090118
2025-11-21,2162.699951171875,2174.5,2148.60009765625,2150.10009765625,6720938,BHARTIARTL,0.002036521112907298,0.0020385962304634297
2025-11-24,2152.10009765625,2165.800048828125,2140.39990234375,2162.10009765625,9686848,BHARTIARTL,-0.004913263520522622,-0.004901213184880904
2025-11-25,2161.60009765625,2170.699951171875,2138.699951171875,2159.0,7102592,BHARTIARTL,0.00440457840296717,0.004414292815815513
2025-11-26,2126.800048828125,2134.89990234375,2097.5,2104.0,43174047,BHARTIARTL,-0.016230207795018114,-0.016099207649859726
2025-11-27,2115.60009765625,2136.89990234375,2103.800048828125,2132.0,4444877,BHARTIARTL,-0.0052800192367805044,-0.005266104436120411
2025-11-28,2101.60009765625,2129.5,2096.39990234375,2118.0,6263457,BHARTIARTL,-0.006639500512995243,-0.006617507730080852
2025-12-01,2089.699951171875,2119.0,2083.10009765625,2114.699951171875,5058900,BHARTIARTL,-0.005678514218942457,-0.0056624219315778435
2025-12-02,2104.0,2114.800048828125,2087.10009765625,2089.800048828125,6591396,BHARTIARTL,0.006819803237641532,0.006843111050514938
2025-12-03,2086.0,2109.89990234375,2081.60009765625,2100.10009765625,4357641,BHARTIARTL,-0.008591938296882713,-0.008555133079847899
2025-12-04,2103.800048828125,2108.5,2074.10009765625,2094.800048828125,4611819,BHARTIARTL,0.008496899953945774,0.008533101068132876
2025-12-05,2108.800048828125,2111.89990234375,2090.0,2092.60009765625,2938290,BHARTIARTL,0.002373831947984325,0.002376651717821421
2025-12-08,2086.199951171875,2114.39990234375,2078.89990234375,2114.39990234375,4327091,BHARTIARTL,-0.010774882626071616,-0.010717041508420455
2025-12-09,2089.699951171875,2100.39990234375,2080.39990234375,2086.800048828125,5139229,BHARTIARTL,0.0016762857833827274,0.0016776915357676891
2025-12-10,2067.0,2096.89990234375,2062.199951171875,2072.0,3987451,BHARTIARTL,-0.01092221093819064,-0.010862780160924679
2025-12-11,2053.199951171875,2069.199951171875,2038.0,2066.0,3254850,BHARTIARTL,-0.006698752777095662,-0.006676366148101076
2025-12-12,2083.39990234375,2087.10009765625,2050.60009765625,2053.10009765625,2706420,BHARTIARTL,0.014601599772174631,0.014708723889574449
2025-12-15,2069.699951171875,2078.89990234375,2061.5,2070.10009765625,3233614,BHARTIARTL,-0.006597482048560198,-0.006575766446212827
2025-12-16,2102.0,2106.60009765625,2070.10009765625,2070.10009765625,5756692,BHARTIARTL,0.015485626808609307,0.015606150451825895
2025-12-17,2108.0,2128.0,2096.39990234375,2117.60009765625,6412516,BHARTIARTL,0.002850358224356616,0.0028544243577546258
2025-12-18,2092.0,2116.60009765625,2088.10009765625,2099.0,3760341,BHARTIARTL,-0.007619084476439405,-0.007590132827324458
2025-12-19,2097.699951171875,2115.0,2082.0,2113.89990234375,10127415,BHARTIARTL,0.002720936942948134,0.002724642051565418
2025-12-22,2147.60009765625,2151.699951171875,2101.699951171875,2118.0,7670853,BHARTIARTL,0.023509501892922974,0.02378802862463636
2025-12-23,2122.89990234375,2164.0,2119.199951171875,2157.0,4110853,BHARTIARTL,-0.011567952584072122,-0.011501301075305448
2025-12-24,2123.699951171875,2137.199951171875,2111.0,2111.0,3145464,BHARTIARTL,0.00037679501963354525,0.0003768660157936754
2025-12-26,2105.39990234375,2123.0,2101.800048828125,2123.0,1297870,BHARTIARTL,-0.008654401022726568,-0.008617059494693158
2025-12-29,2081.60009765625,2112.699951171875,2079.39990234375,2105.39990234375,2371034,BHARTIARTL,-0.011368550761247367,-0.011304172979682336
2025-12-30,2099.800048828125,2102.800048828125,2071.60009765625,2077.0,6983390,BHARTIARTL,0.008705249662271172,0.008743250537107006
