Date,Close,High,Low,Open,Volume,Ticker,Log_Return,Return
2020-01-01,605.5293579101562,606.1923924015477,601.7406554576465,604.345388393747,3673698,HDFCBANK,,
2020-01-02,609.38916015625,609.9811449630853,605.7188543538712,605.7188543538712,6137166,HDFCBANK,0.006354031443098237,0.006374261124869163
2020-01-03,600.6987915039062,608.5603376104458,598.4255468849254,607.2342686142049,10855550,HDFCBANK,-0.014363448620568669,-0.014260786408008097
2020-01-06,587.6987915039062,597.5731439576414,585.3545548818191,596.720662743602,10890186,HDFCBANK,-0.021879072739166117,-0.021641461883839086
2020-01-07,597.0047607421875,602.1431767378965,593.050314229868,596.1996846178865,14724494,HDFCBANK,0.015710530501446586,0.01583458971298457
2020-01-08,595.4419555664062,597.7388448014235,587.2725661329978,590.5402756575533,11332110,HDFCBANK,-0.0026211755195201963,-0.0026177432384933974
2020-01-09,602.1195068359375,604.2033046016976,598.1887051911852,599.0885335231053,9546316,HDFCBANK,0.01115202966201538,0.011214445349554403
2020-01-10,607.4711303710938,609.4602340876271,603.871874164867,608.1341649432716,9214580,HDFCBANK,0.008848710116778909,0.008887975683230076
2020-01-13,609.0338745117188,614.0065461154303,604.2979967938983,607.4710117404351,7451568,HDFCBANK,0.0025692372723321814,0.002572540590810135
2020-01-14,610.6915283203125,612.1359943771557,605.0084741599063,610.4547343969623,7886290,HDFCBANK,0.002718078717226587,0.00272177604229773
2020-01-15,608.2052001953125,609.9574521269482,603.3982719253166,609.2234256414325,11787448,HDFCBANK,-0.00407964270518181,-0.004071332267926775
2020-01-16,609.8153686523438,611.4018762888768,605.8845666176381,607.163288419645,7150400,HDFCBANK,0.0026439116648312604,0.002647409881589624
2020-01-17,605.3163452148438,608.5130633247333,602.3564210390201,607.0212499779143,16918814,HDFCBANK,-0.007405030984883013,-0.00737768129301597
2020-01-20,594.3053588867188,617.9610470531414,593.1687365718038,617.9610470531414,22178450,HDFCBANK,-0.018357946554268798,-0.018190465886423257
2020-01-21,589.3088989257812,591.9846812472196,586.4910749674461,591.9846812472196,14984804,HDFCBANK,-0.008442766901505505,-0.008407226834193593
2020-01-22,587.6513671875,594.3526456307169,584.5967492247966,591.0612337852921,18368310,HDFCBANK,-0.0028166334613487433,-0.002812670470957901
2020-01-23,589.5457153320312,590.49289085823,582.9865363753064,587.2488262432006,11508920,HDFCBANK,0.0032184071942102043,0.0032235918272387476
2020-01-24,589.4037475585938,593.8791293563715,586.8226592396154,590.0904267767455,11831756,HDFCBANK,-0.00024083776038306983,-0.00024080876129772832
2020-01-27,574.5567016601562,584.8809389292223,573.8700224675994,584.8809389292223,18888552,HDFCBANK,-0.025512638718380647,-0.02518994146192044
2020-01-28,579.2926025390625,581.4711527758164,574.5804268199824,577.2088623646235,13412158,HDFCBANK,0.008208918541143806,0.008242704097301656
2020-01-29,585.283447265625,588.1960236793792,578.8426650097595,580.2871308654205,13788350,HDFCBANK,0.01028854676139162,0.010341655840769182
2020-01-30,580.642333984375,586.7515702363573,576.4510357873509,586.7515702363573,12111984,HDFCBANK,-0.007961291995620751,-0.007929684844040441
2020-01-31,580.7606811523438,586.2069402792469,577.8954521394406,583.1996118168922,11178268,HDFCBANK,0.00020380034636710348,0.0002038211150685587
2020-02-03,564.8955688476562,567.3344998460584,557.744346592457,566.8846145462204,13077010,HDFCBANK,-0.02769788331393852,-0.02731781406621392
2020-02-04,582.4183349609375,584.4073807174176,567.3582188812532,567.3582188812532,20897704,HDFCBANK,0.030548097954718485,0.031019478784417354
2020-02-05,589.4511108398438,591.0376185260882,581.2343734585951,584.8336294451086,18020682,HDFCBANK,0.01200280515321208,0.012075127887891668
2020-02-06,587.1541748046875,591.3690599560683,585.9228002816666,589.4510640616896,11827550,HDFCBANK,-0.0039043492002685046,-0.003896737138867401
2020-02-07,588.2907104492188,590.5639548915685,583.2706916009547,590.0903671169963,6815448,HDFCBANK,0.001933797174106447,0.0019356681657067831
2020-02-10,587.3909301757812,588.6458915087595,580.6423045001527,588.6458915087595,9219834,HDFCBANK,-0.0015306532279158983,-0.001529482375729585
2020-02-11,587.5330810546875,594.3527577254539,586.3254667116565,588.8118029491535,11613520,HDFCBANK,0.0002419745928096481,0.0002420038710229111
2020-02-12,591.5111694335938,593.3581734383829,589.1669329193304,589.7115126471815,6297930,HDFCBANK,0.006748013864050241,0.006770833008696631
2020-02-13,587.9119262695312,596.6733008644125,584.2179181807978,596.6733008644125,9112140,HDFCBANK,-0.006103415051513729,-0.006084827049857688
2020-02-14,577.4692993164062,591.2270486728398,575.4092038524705,588.7643573113077,14688858,HDFCBANK,-0.017921871797834638,-0.01776223016836287
2020-02-17,576.4273681640625,583.9337227869158,575.1486464932532,580.1450206114938,10152690,HDFCBANK,-0.0018059354271271653,-0.0018043057069477841
2020-02-18,574.5803833007812,577.06671918566,569.9629023717208,576.3089902877083,10529116,HDFCBANK,-0.003209337984450662,-0.003204193564167457
2020-02-19,581.1869506835938,582.513019706518,574.8882673522369,578.9611110497709,10012268,HDFCBANK,0.011432472861471733,0.011498073332855352
2020-02-20,576.40380859375,582.5131039288668,574.9830449256308,582.5131039288668,11123414,HDFCBANK,-0.008264007418969608,-0.008229954379082027
2020-02-24,573.017578125,575.2908228585611,568.3054022887617,572.5439902897593,16568084,HDFCBANK,-0.005892078056665526,-0.005874753806730304
2020-02-25,568.4474487304688,572.5676393882633,567.3581736866331,570.1997004329769,13886680,HDFCBANK,-0.008007523151160295,-0.007975548340917182
2020-02-26,567.9501342773438,570.5311645044618,561.5093521550158,567.1213556782315,13814786,HDFCBANK,-0.0008752473470707849,-0.0008748644298354202
2020-02-27,568.044921875,569.4893879376268,559.3072491927961,565.937479073151,20655098,HDFCBANK,0.00016688029998517803,0.00016689422527704778
2020-02-28,557.7207641601562,561.2016234268023,554.1451526333246,556.7025386820304,24313056,HDFCBANK,-0.01834208892591634,-0.01817489659227267
2020-03-02,558.6441650390625,568.8500053945262,552.2744321654279,568.4000622917009,14664898,HDFCBANK,0.0016542997103258035,0.0016556688189595103
2020-03-03,559.68603515625,561.3672370094275,553.1505009757981,556.4656152795914,22369550,HDFCBANK,0.0018632608122910348,0.0018649977613471869
2020-03-04,544.0813598632812,558.833632138287,536.6223516377066,558.0522006667385,34288870,HDFCBANK,-0.02827718075329202,-0.02788112318831093
2020-03-05,545.2654418945312,551.7299285856584,541.1925973315547,546.0468735272653,19549708,HDFCBANK,0.0021739311955897376,0.0021762958972670887
2020-03-06,537.4747924804688,540.316319210145,521.4201548955959,532.786261814301,23053566,HDFCBANK,-0.0143908642496423,-0.014287810698205616
2020-03-09,524.4038696289062,529.66068340419,504.371079677857,525.6825337487523,34420590,HDFCBANK,-0.02461973017396481,-0.02431913651473705
2020-03-11,527.4821166992188,530.4183379455845,517.1578794969449,523.3145209195276,35538240,HDFCBANK,0.005852831766168399,0.005869993050376943
2020-03-12,483.6752624511719,511.4748748564138,475.2217309428317,509.1069356209674,59000770,HDFCBANK,-0.08670122660028089,-0.0830489847166258
2020-03-13,506.6442565917969,512.1615082677355,435.32191586076743,464.13972221452224,66342364,HDFCBANK,0.04639535759983892,0.04748846162655207
2020-03-16,473.3510437011719,491.1105876119212,471.219898431882,490.1634119366812,31986322,HDFCBANK,-0.06797181628578466,-0.06571319512154128
2020-03-17,461.79547119140625,478.3236976526971,452.1342970177646,477.37652201378086,42676838,HDFCBANK,-0.024715187486397946,-0.02441226794264917
2020-03-18,415.2891845703125,470.2727207173597,409.6534777648702,466.4840180328291,61181406,HDFCBANK,-0.10614698216379932,-0.10070754159002504
2020-03-19,424.1215515136719,435.67710547774163,376.502303667405,401.12886944187676,67220048,HDFCBANK,0.021044984398816583,0.0212679917308658
2020-03-20,418.10699462890625,433.14340788887984,390.4968305499615,414.38934181029646,88637464,HDFCBANK,-0.014282724463654743,-0.014181210229237129
2020-03-23,365.3966979980469,397.22180713467804,362.2947033776795,376.3128921030309,50276954,HDFCBANK,-0.13475376055668142,-0.126068918501693
2020-03-24,363.5733642578125,383.6061226600706,349.86299150015697,376.62070252521124,61057272,HDFCBANK,-0.005002503222167311,-0.004990011541494921
2020-03-25,405.746337890625,410.8137330098405,357.6771773468276,364.8757175147829,47228042,HDFCBANK,0.1097470768191241,0.11599577355976853
2020-03-26,426.75,444.08333265034827,398.2873817820586,412.06877665250437,57043156,HDFCBANK,0.050470180852002965,0.05176550013628667
2020-03-27,428.3364562988281,468.2125515636953,413.01587488426924,447.51676062296764,55235936,HDFCBANK,0.0037106379301081707,0.00371753087013027
2020-03-30,393.8592834472656,420.07235515186903,392.130676511553,416.7572407369163,39268444,HDFCBANK,-0.08391530271047999,-0.08049086727166077
2020-03-31,408.1853332519531,413.72628734505696,396.8665733565511,404.3492547580676,35211092,HDFCBANK,0.03572762253706963,0.03637352325251375
2020-04-01,392.91217041015625,409.1088517184622,388.3420361059741,409.1088517184622,29103504,HDFCBANK,-0.03813521749990644,-0.03741722594517993
2020-04-03,385.4294738769531,399.70815962480606,383.6061721517689,399.23457175795204,34996280,HDFCBANK,-0.01922787280632337,-0.019044196379542133
2020-04-07,424.38201904296875,429.68620822188024,400.3474380216403,413.9157401505629,60412638,HDFCBANK,0.09627580876949866,0.10106270486841673
2020-04-08,420.97222900390625,447.5404944115309,410.1744034746511,416.73361219107665,56219352,HDFCBANK,-0.008067170749147269,-0.008034718451907952
2020-04-09,438.0924072265625,440.86291331760424,421.4931599122434,432.3856797751441,44457146,HDFCBANK,0.0398629963820068,0.04066818911823611
2020-04-13,424.0268249511719,448.3455758120512,419.6935139266889,442.33100497402285,34158056,HDFCBANK,-0.0326331439023791,-0.03210642787542428
2020-04-15,408.8483581542969,440.6734653560616,399.23453121457277,440.6734653560616,57978752,HDFCBANK,-0.0364523947905214,-0.03579600606311373
2020-04-16,416.63885498046875,421.8246470213436,405.5095420028717,409.65343513282806,53854396,HDFCBANK,0.018875466519136287,0.019054734281779284
2020-04-17,431.1069641113281,435.7007715050366,420.1907712150475,433.33283252946575,55883462,HDFCBANK,0.03413644455182797,0.034725779792039724
2020-04-20,447.4694519042969,455.0942333496393,442.8046233171163,450.38202863591187,66232986,HDFCBANK,0.03725203557837117,0.037954589359737945
2020-04-21,436.48223876953125,442.33103695724475,430.0177532732101,438.06874645123276,33178006,HDFCBANK,-0.02486058713618589,-0.02455410774524902
2020-04-22,439.7736511230469,441.8574491550055,429.68623603919485,435.29826921581855,38289354,HDFCBANK,0.007512480934747418,0.0075407704166710054
2020-04-23,452.252685546875,453.93391649352765,432.1725508137539,442.8046029436081,40901222,HDFCBANK,0.027980897166389997,0.02837603933741928
2020-04-24,444.2490539550781,453.8865835478693,438.54232643857176,441.8574412172651,33284568,HDFCBANK,-0.01785572494901458,-0.01769725608620476
2020-04-27,440.2945861816406,453.4129741043949,438.684376089416,447.61152351828474,27421072,HDFCBANK,-0.008941320562803251,-0.008901465829204369
2020-04-28,441.0997314453125,446.972203393988,436.6479941295112,446.972203393988,29441436,HDFCBANK,0.0018269813442747418,0.001828651291523542
2020-04-29,462.7426452636719,470.1306325655098,442.3783690959177,442.80460969418954,55877778,HDFCBANK,0.047900059504585396,0.04906580592884047
2020-04-30,474.44024658203125,482.58596242566557,469.84643919589695,474.25082880760095,43793134,HDFCBANK,0.024964623107937924,0.02527884870367636
2020-05-04,437.12152099609375,454.64426885834234,434.5167882057595,453.46029940819045,26722324,HDFCBANK,-0.08192444437265868,-0.07865843139318296
2020-05-05,431.6515808105469,447.0668570166187,430.0413708226499,444.2253303830385,29672858,HDFCBANK,-0.012592499595484448,-0.012513545828359618
2020-05-06,448.20355224609375,449.908456941775,428.90484738253866,435.2272336099908,33785846,HDFCBANK,0.0376287499923576,0.03834567547387624
2020-05-07,438.0687561035156,446.73540787559705,436.3401489091201,445.4093676922772,21831730,HDFCBANK,-0.022871611455888532,-0.022612038864460948
2020-05-08,439.9867858886719,447.0432564098975,438.16348422991985,446.11975432207817,20807484,HDFCBANK,0.00436881892806564,0.004378376130305561
2020-05-11,433.71173095703125,451.8027919285637,432.85927864015434,443.7517987809897,28550784,HDFCBANK,-0.014364595362553263,-0.014261916795902052
2020-05-12,426.9631042480469,430.680786073331,412.5423489795209,426.7026367214937,49568418,HDFCBANK,-0.015682496445488636,-0.015560166413052356
2020-05-13,439.32373046875,454.64428410530485,436.69529507686207,450.3819939418176,44346966,HDFCBANK,0.028538965763235495,0.028950103879519684
2020-05-14,423.2454528808594,431.43851662513083,421.4931721145625,425.2818747852552,39554890,HDFCBANK,-0.03728429073094125,-0.03659778990480533
2020-05-15,420.61700439453125,422.62975248836386,414.3893134361181,421.7299241312722,24349628,HDFCBANK,-0.006229586264936486,-0.006210222622445971
2020-05-18,396.227294921875,420.54601998851155,393.69358252571084,420.54601998851155,46649964,HDFCBANK,-0.05973466768136467,-0.05798555269481953
2020-05-19,393.3857116699219,410.7426869335507,391.2308640881771,407.68803988874686,47460692,HDFCBANK,-0.007197438479678477,-0.007171598949318736
2020-05-20,405.912109375,409.1798768985452,394.11978998824173,396.13253822530055,40014306,HDFCBANK,0.03134607160636248,0.03184253350713617
2020-05-21,407.0724182128906,418.65164657168174,403.63890640560027,407.97224666252146,48478908,HDFCBANK,0.002854444546856643,0.0028585223527259895
2020-05-22,397.2691345214844,412.16347736443464,394.52233092393,402.54965032024086,42047432,HDFCBANK,-0.024377129629852126,-0.024082407092192892
2020-05-26,403.686279296875,412.8501922779216,401.9576721489945,405.8647717604575,38005152,HDFCBANK,0.016024068194939192,0.01615314208369134
2020-05-27,427.9576416015625,430.87018932741387,405.93580815185277,407.23817464619043,56025754,HDFCBANK,0.05838618255675711,0.060124318188278236
2020-05-28,447.6589050292969,449.908447265625,432.83561144259414,435.7008120888158,75488806,HDFCBANK,0.04500734725765209,0.04603554537314847
2020-05-29,450.68988037109375,452.2763880759633,437.334697476126,447.0669218258737,53025166,HDFCBANK,0.00674790658627008,0.006770725004562328
2020-06-01,467.7389831542969,471.21984178011917,457.5331433561633,461.74808616644845,39190230,HDFCBANK,0.037130935719185805,0.037828900815711775
2020-06-02,474.0613708496094,475.9557219818755,461.84281182759344,467.28907133285867,41623594,HDFCBANK,0.01342637565367959,0.013516914182940543
2020-06-03,484.1251525878906,495.49126035224316,480.9047611690921,483.0595799849826,50546088,HDFCBANK,0.021006665337444153,0.021228858449793053
2020-06-04,474.3929138183594,492.03403078925146,469.3728657021748,486.87196992255116,54275882,HDFCBANK,-0.020307542590858433,-0.020102733182747468
2020-06-05,489.3819580078125,493.667950866198,474.91385601288056,475.0559265765521,35195984,HDFCBANK,0.031107374368487043,0.031596264937448604
2020-06-08,481.11785888671875,505.15243980188677,476.6187747745198,502.0030693611453,49812664,HDFCBANK,-0.017031015833724128,-0.01688680791326158
2020-06-09,467.5732421875,486.25628719919104,463.9029366352295,483.05956946011673,61844146,HDFCBANK,-0.028556264723232225,-0.028152388129096373
2020-06-10,469.72808837890625,473.51679110565817,463.26363169469056,468.85196243554805,36497730,HDFCBANK,0.004597987685542078,0.004608574650946551
2020-06-11,458.7171325683594,468.0941941542392,457.0122280466569,466.4839840683493,30897714,HDFCBANK,-0.023720240749362454,-0.02344112707534085
2020-06-12,465.4184265136719,467.2654305596224,439.4894935687484,439.4894935687484,42644876,HDFCBANK,0.014503091762614545,0.014608771876018611
2020-06-15,449.83734130859375,461.27449775875635,446.59327657752283,458.4329710785176,32009936,HDFCBANK,-0.03405078927525571,-0.03347758558205782
2020-06-16,469.0413818359375,470.72261279198466,450.85559824373564,461.748117949204,45399970,HDFCBANK,0.041804945083722664,0.04269107689343543
2020-06-17,463.7608642578125,473.0668763129085,460.9193373897534,468.37834541840857,36957838,HDFCBANK,-0.011321958127374441,-0.01125810596381882
2020-06-18,483.035888671875,485.38015409345786,460.32734758550146,464.11605003476484,40870126,HDFCBANK,0.04072191394240826,0.041562421281299056
2020-06-19,489.3819580078125,493.9520919935411,479.34191943493755,482.088722986111,47877752,HDFCBANK,0.013052330234661456,0.013137883715817145
2020-06-22,487.20343017578125,495.3491168924699,484.85916487645915,492.27079631298744,29694474,HDFCBANK,-0.004461527833745196,-0.004451590003235251
2020-06-23,493.62060546875,494.89926945201995,481.4256902585646,492.0577425460753,28830512,HDFCBANK,0.013085460035327895,0.013171449327960216
2020-06-24,488.9794616699219,500.81915807839454,487.8191945462986,496.55686737134437,39429246,HDFCBANK,-0.009446729079101851,-0.00940224890818897
2020-06-25,487.20343017578125,496.79358275032274,476.9028959290515,483.9593654349899,70646790,HDFCBANK,-0.0036387309562261657,-0.003632118797127548
2020-06-26,500.3218078613281,503.42383107372194,486.8482580844649,493.00489948047465,39969138,HDFCBANK,0.026569750151490226,0.026925872998911027
2020-06-29,509.604248046875,512.7062138929917,491.11061869299635,491.11061869299635,46005956,HDFCBANK,0.01838293315188089,0.01855293940758962
2020-06-30,504.7735290527344,510.7881286085143,500.25080039283444,508.6332810624773,35746130,HDFCBANK,-0.009524568897974013,-0.009479353856752581
2020-07-01,513.6533813476562,519.0522945133749,502.6188188972583,504.77360897345386,34846718,HDFCBANK,0.017438811253581037,0.017591755081899585
2020-07-02,515.9265747070312,526.2744568521122,513.9374712071245,516.3528153006549,36954496,HDFCBANK,0.0044157756564113405,0.004425539560181324
2020-07-03,508.6095886230469,518.9575281785096,506.738939959749,517.6314592299118,27597254,HDFCBANK,-0.014283752491746751,-0.014182223678125716
2020-07-06,522.3673706054688,530.3710164045095,520.9466071314738,524.7116072131548,35558216,HDFCBANK,0.026690409670103322,0.027049788856061907
2020-07-07,523.3856201171875,526.4875858251261,517.65521873679,525.3983684647952,24349850,HDFCBANK,0.001947400280085613,0.0019492976954869068
2020-07-08,525.8482055664062,532.7389312253459,523.314522382233,524.2616979883546,30056350,HDFCBANK,0.004694072780956137,0.004705107199290959
2020-07-09,532.7626342773438,535.0121765882539,524.3801523695173,529.471221809998,20114484,HDFCBANK,0.013063397389680067,0.01314909633187722
2020-07-10,523.3618774414062,530.4183473749359,520.7334997816465,529.4238245358104,17562978,HDFCBANK,-0.01780283483755112,-0.017645300610634962
2020-07-13,511.59326171875,527.1032634047384,507.35467369538213,525.6351526699472,29922114,HDFCBANK,-0.02274325244596047,-0.02248657426137013
2020-07-14,501.45843505859375,506.2180156165715,497.26719455242556,503.23438932485243,26612674,HDFCBANK,-0.020009175894487388,-0.019810320851582852
2020-07-15,498.759033203125,511.0012670090253,497.3145672016317,506.8336709933505,20974394,HDFCBANK,-0.005397643002533058,-0.005383101901862197
2020-07-16,503.2108154296875,504.6078765246582,489.7372058138159,498.9958718157995,23662456,HDFCBANK,0.008886118731971409,0.008925717491214735
2020-07-17,520.2125854492188,522.8410213166592,501.1980782506949,501.5532691619154,28405738,HDFCBANK,0.033228347746173635,0.033786575125603235
2020-07-20,536.5987548828125,545.9994624639867,532.3838113117391,537.522228097427,65124096,HDFCBANK,0.031013071402779754,0.031498986937126494
2020-07-21,539.203369140625,548.3909254676531,537.0485217007565,545.5968039227769,47512422,HDFCBANK,0.004842190378332543,0.004853932727408861
2020-07-22,533.4255981445312,542.0212281345551,529.2580602600719,539.1797013815561,24718012,HDFCBANK,-0.010773206866193312,-0.010715383706341286
2020-07-23,535.3436889648438,541.7371246026141,528.6424096786076,532.7863031475329,20149122,HDFCBANK,0.0035893488009896045,0.0035957982275023337
2020-07-24,529.9920654296875,531.7917220922633,521.5385352402088,531.7917220922633,19598440,HDFCBANK,-0.010046914372855549,-0.009996612728365828
2020-07-27,511.2380676269531,522.3673817438901,509.27266655048254,520.8755685021828,37970094,HDFCBANK,-0.03602666806706362,-0.03538543126589966
2020-07-28,514.624267578125,518.2945735498025,501.766345418367,511.001308830975,35596450,HDFCBANK,0.0066016893946795035,0.006623528578162841
2020-07-29,504.18157958984375,515.5003400046988,499.89564452262283,511.9484313689292,33592086,HDFCBANK,-0.02050057672315395,-0.020291868546008618
2020-07-30,497.5750427246094,513.2034404101939,495.7043361938187,508.6333064944797,26956266,HDFCBANK,-0.01319009528023488,-0.013103487181362006
2020-07-31,489.12152099609375,500.9138114020133,483.08324741798464,500.9138114020133,37726696,HDFCBANK,-0.017135417074905093,-0.016989440793143573
2020-08-03,474.53497314453125,486.3509655689854,470.27268296658633,485.87737777143593,31783542,HDFCBANK,-0.030275647204980452,-0.0298219301858913
2020-08-04,493.3127746582031,502.50039012196834,475.0085934673722,477.3765326172594,60306168,HDFCBANK,0.03880808364051699,0.03957095383136844
2020-08-05,486.6351623535156,500.01401757537576,483.0595513733578,496.29630713217466,33221360,HDFCBANK,-0.013628715182736478,-0.013536264714235635
2020-08-06,492.86279296875,499.63512153192795,486.0194724854418,491.1105412593453,33646888,HDFCBANK,0.012716135850103593,0.01279732969791092
2020-08-07,494.3546447753906,495.94115244366236,483.34372772806677,490.0923543054588,24836784,HDFCBANK,0.0030223391225009527,0.0030269109941418737
2020-08-10,497.5750427246094,503.89742840793895,494.3309777975313,494.4256722348574,22172854,HDFCBANK,0.006493220849500471,0.006514347509937846
2020-08-11,505.1524658203125,507.2125612998036,496.55683522207664,496.55683522207664,20136148,HDFCBANK,0.015113911353469976,0.01522870410503474
2020-08-12,503.75537109375,504.8446462692065,496.3200650001205,504.371058420924,20666432,HDFCBANK,-0.0027695207995224467,-0.002765689214827005
2020-08-13,501.55316162109375,507.3782566295072,500.3454896574793,505.768046615024,19892740,HDFCBANK,-0.004381168414554102,-0.004371585096700437
2020-08-14,489.9029235839844,504.7972960094688,486.5168167379499,504.7972960094688,20924512,HDFCBANK,-0.023502350667790307,-0.0232283213995782
2020-08-17,489.09783935546875,495.84646604229073,483.1543177737902,495.84646604229073,19561012,HDFCBANK,-0.0016447063995777523,-0.0016433546112072372
2020-08-18,500.345458984375,502.78444746448366,484.00668157314834,486.8482080794486,24040824,HDFCBANK,0.02273622787403248,0.022996665950780537
2020-08-19,505.1287536621094,506.6442693619533,500.2271313221259,504.3710247176938,17715624,HDFCBANK,0.009514576708902357,0.009559984190610438
2020-08-20,501.5295104980469,506.24168626831124,498.2143956977765,499.6114566677705,19216734,HDFCBANK,-0.007150904392479724,-0.007125397510968301
2020-08-21,514.1506958007812,515.642509191707,504.1816477574561,504.56054118757146,28924302,HDFCBANK,0.024853954843940804,0.025165389151678985
2020-08-24,529.021240234375,531.8153618213412,514.1505727326426,514.3163168895124,36779740,HDFCBANK,0.028512177746659838,0.028922540716264322
2020-08-25,530.2762451171875,533.7334592375407,523.8828097137209,529.9447567762272,27601738,HDFCBANK,0.002369505237873928,0.00237231473401045
2020-08-26,529.6842651367188,535.983006159888,525.445677344286,530.8919371815633,25190062,HDFCBANK,-0.0011169850882007907,-0.0011163614925611132
2020-08-27,526.677001953125,535.1068882558171,523.906524774149,533.1651897600997,20645996,HDFCBANK,-0.005693641751716926,-0.00567746369210631
2020-08-28,527.8136596679688,532.7863321009106,518.5786965782196,526.6059875241332,38696610,HDFCBANK,0.00215584299879805,0.002158168499153401
2020-08-31,528.4529418945312,544.0576947927252,521.2780750696418,534.9174270102438,38501166,HDFCBANK,0.0012104563443991723,0.0012111892423638526
2020-09-01,533.8755493164062,541.5949957589843,524.7352816648081,534.2070376515376,28877884,HDFCBANK,0.010208997619180473,0.010261287225376448
2020-09-02,537.11962890625,539.4165182338052,530.7498381439231,532.3600482680174,19761682,HDFCBANK,0.0060580842516997115,0.00607647155596025
2020-09-03,535.5803833007812,542.7078440555674,534.2069673013697,538.5876538683357,19833362,HDFCBANK,-0.0028698548417945796,-0.0028657407449493855
2020-09-04,530.0867919921875,532.9756657065822,523.030322951089,525.682402790353,23661370,HDFCBANK,-0.010310235879230346,-0.010257267592096553
2020-09-07,525.919189453125,530.181479147027,520.4729303998058,528.6660214913745,17615466,HDFCBANK,-0.007893182898359233,-0.007862113529370718
2020-09-08,526.8427124023438,529.8500411093245,522.3673309236393,527.576796599215,14624918,HDFCBANK,0.0017544768375246233,0.0017560168325081449
2020-09-09,519.2890625,525.6824982900137,516.8027263594391,521.4202077633379,15728872,HDFCBANK,-0.014441356932284048,-0.014337580694435248
2020-09-10,516.47119140625,523.2434621677486,513.369168233938,522.3673363118392,15188088,HDFCBANK,-0.00544117817878322,-0.005426401781281509
2020-09-11,510.8354797363281,523.2434566732622,507.21252159133104,519.2653076868147,20794730,HDFCBANK,-0.010971929542016557,-0.010911957459963872
2020-09-14,501.03216552734375,518.1050280117313,498.3800855384798,515.2635013498754,21650590,HDFCBANK,-0.019377279227767365,-0.019190746527716573
2020-09-15,506.9756774902344,509.65145979304214,501.1031779309492,505.79170813598347,16505110,HDFCBANK,0.011792727375028822,0.011862535724896928
2020-09-16,517.9393310546875,519.0522508698061,505.9575360808241,506.83366198587436,18710112,HDFCBANK,0.02139508483579497,0.02162560069691777
2020-09-17,513.1797485351562,518.1050734094782,510.52766831390994,513.3691952247481,18318686,HDFCBANK,-0.009231943076496421,-0.009189459525769661
2020-09-18,500.72442626953125,517.2525949736809,495.94114302860316,517.1579005338858,23481778,HDFCBANK,-0.02457026842056738,-0.024270876434968502
2020-09-21,496.9356689453125,507.3782445611491,493.241661224128,499.63509610317334,19842878,HDFCBANK,-0.0075953234102256965,-0.007566551830605728
2020-09-22,490.3528137207031,501.126936039716,487.55863417247144,499.18523764552447,18620678,HDFCBANK,-0.01333541896657674,-0.013246896200026725
2020-09-23,495.9648132324219,499.6351186060683,489.85551917731163,495.37282849473695,16079828,HDFCBANK,0.011379823134516387,0.011444819637387083
2020-09-24,487.98492431640625,495.8464709371609,485.42753840553,491.5841803560392,19809510,HDFCBANK,-0.016220470563120096,-0.01608962713303619
2020-09-25,494.42572021484375,498.19072053460155,485.73539464491853,497.2672473425153,20321544,HDFCBANK,0.013112415296897764,0.013198759997473442
2020-09-28,499.2562255859375,501.529470104583,493.78632129264906,496.76988968598556,16152422,HDFCBANK,0.009722514216263158,0.009769931404447929
2020-09-29,503.2108154296875,506.69167471915534,497.7408523955099,501.0559674923401,12644446,HDFCBANK,0.00788975636262744,0.0079209625059935
2020-09-30,510.81182861328125,514.7426307785333,498.21440373132714,502.0031064212992,18813842,HDFCBANK,0.01499208246738544,0.015105027456739695
2020-10-01,524.238037109375,525.6825031478362,516.2580935562258,516.2580935562258,21203080,HDFCBANK,0.02594456953980536,0.02628405949905721
2020-10-05,527.74267578125,536.1015139523407,526.156167845451,526.6297557553029,16940126,HDFCBANK,0.006662957969905606,0.006685204856937466
2020-10-06,541.831787109375,543.6787910802993,533.3545539789349,537.5458522321513,19371990,HDFCBANK,0.02634678894793884,0.026696933893526786
2020-10-07,550.4273681640625,551.658684764672,538.7534184429076,542.2106321782777,21248778,HDFCBANK,0.01573941213568886,0.015863929099737994
2020-10-08,564.4219360351562,569.7260960158046,550.948329086166,558.8335771393595,35060674,HDFCBANK,0.02510707581990774,0.025424912859570048
2020-10-09,584.1942749023438,585.8281297469175,564.350933803847,568.7789683314858,44972388,HDFCBANK,0.03443150467421194,0.03503113115354872
2020-10-12,574.7698364257812,588.5512296372209,570.9574315684628,583.247069481048,19220546,HDFCBANK,-0.016263913827106073,-0.016132370482641156
2020-10-13,567.5712890625,578.9373965283816,565.9374342386844,574.6514615247294,18353952,HDFCBANK,-0.012603315225749815,-0.012524226058983179
2020-10-14,573.751708984375,575.0777781551355,556.7025455312693,566.1980055233097,22582918,HDFCBANK,0.01083037903284116,0.010889239891051616
2020-10-15,553.74267578125,576.3564989743693,551.2563391998076,575.0304296731898,28246896,HDFCBANK,-0.03549664530058523,-0.03487402806789708
2020-10-16,567.99755859375,569.9629596720636,555.5185306982389,558.8336455446905,25822848,HDFCBANK,0.025417025769735827,0.02574279252071099
2020-10-19,569.986572265625,584.8808842087241,564.8007516016243,584.8808842087241,42359556,HDFCBANK,0.0034956826609134017,0.0035017996851947064
2020-10-20,579.6477661132812,581.281678713912,571.0995409888332,571.8572699084973,27411978,HDFCBANK,0.016807816132169813,0.016949862185795306
2020-10-21,590.421875,592.4583256225468,578.5821802433544,582.7971231389221,35640752,HDFCBANK,0.018416704497090205,0.01858733789135858
2020-10-22,584.0758666992188,591.9847599679864,579.1978891526778,587.2251793734391,21913060,HDFCBANK,-0.010806440629289794,-0.01074826081059621
2020-10-23,585.2599487304688,591.2507894042243,583.0813981461691,588.9065524284958,15866230,HDFCBANK,0.002025222216471238,0.002027274364102105
2020-10-26,573.467529296875,588.1960996171958,570.4839027686133,582.4183510706442,19571976,HDFCBANK,-0.02035478886073853,-0.02014902857981926
2020-10-27,583.9810180664062,585.3544340450554,567.2870505906068,580.6185567469563,24317780,HDFCBANK,0.018167162510944624,0.018333189295689944
2020-10-28,572.851806640625,583.4601852065834,569.0157569202192,581.5658339559128,16571186,HDFCBANK,-0.01924142287829727,-0.019057488311230886
2020-10-29,562.2434692382812,570.4128596049055,558.1232780908251,568.5895579548477,23060024,HDFCBANK,-0.018692080744229785,-0.018518467218518908
2020-10-30,560.514892578125,567.973900810896,557.1050255565358,560.0413047538221,11522716,HDFCBANK,-0.0030791630411274766,-0.0030744272805838246
2020-11-02,575.527587890625,580.1450690524712,557.6496480075795,565.6295910686702,21926080,HDFCBANK,0.026431351943250886,0.026783758132541635
2020-11-03,591.0139770507812,592.3400462511466,580.3819521733202,580.8318375389686,28164230,HDFCBANK,0.026552502689931458,0.026908161287134247
2020-11-04,595.4892578125,598.9938187800234,582.512941695457,592.9318723599285,23404822,HDFCBANK,0.007543682736221361,0.007572207994218427
2020-11-05,601.0775756835938,604.2979956500186,593.0976333063729,599.5621179411627,21433928,HDFCBANK,0.00934065418714589,0.009384414240522387
2020-11-06,619.2871704101562,620.400090307665,599.3254307514122,599.6806216428098,35705724,HDFCBANK,0.02984508757131162,0.030294916102722835
2020-11-09,634.8681030273438,637.4254307157104,622.8626069068144,622.8626069068144,26288440,HDFCBANK,0.024848174096410647,0.02515946294651661
2020-11-10,660.0156860351562,660.6550180387974,640.0776500995573,642.6586806298552,41517356,HDFCBANK,0.03884633590832886,0.03961072053848236
2020-11-11,658.2633666992188,670.0320702645637,649.0521067328153,662.9756001906362,36116194,HDFCBANK,-0.0026584968703875305,-0.0026549661970369787
2020-11-12,649.620361328125,657.6003619970146,644.0794071994167,652.3198464713761,27053948,HDFCBANK,-0.013216971822291515,-0.013130011190555901
2020-11-13,643.5111083984375,648.2469862706338,637.9227493848422,648.2469862706338,22472480,HDFCBANK,-0.009448843409680944,-0.009404343357091505
2020-11-14,648.6732788085938,651.1596151122721,646.5421334054408,647.7735081094111,1835066,HDFCBANK,0.007989878105920334,0.008021882361912702
2020-11-17,667.0247192382812,668.9901201865498,653.8353104626648,656.2980017294028,31059900,HDFCBANK,0.027897938094623865,0.028290729754420152
2020-11-18,667.1431274414062,672.0211050279592,662.5730513057764,664.4437000382147,18862776,HDFCBANK,0.0001775012098073322,0.00017751696407919404
2020-11-19,650.8753662109375,662.7624081519232,647.8680953131696,658.14492720945,20266882,HDFCBANK,-0.024686432639030607,-0.024384214662988457
2020-11-20,664.7515258789062,667.0010679250034,646.4710483928237,650.0703041043771,20405362,HDFCBANK,0.021095151411238234,0.02131922698004174
2020-11-23,660.4655151367188,674.2232634515739,651.3489502514798,670.1267175383426,25246636,HDFCBANK,-0.006468413178440418,-0.006447538027867905
2020-11-24,681.1140747070312,684.3344954571203,663.993918872267,666.8117436703291,40154400,HDFCBANK,0.030784890344453857,0.03126364525790293
2020-11-25,664.3489990234375,693.5219963829492,661.6021666174429,687.3180076712156,24152602,HDFCBANK,-0.024922190368639952,-0.02461419651444574
2020-11-26,675.64404296875,678.1777261235598,656.8662752328055,670.1267335648304,27943126,HDFCBANK,0.016858761368387848,0.0170016722564732
2020-11-27,682.3690185546875,684.8080074601961,670.3872810499112,678.0830833467495,17994580,HDFCBANK,0.009904220731699795,0.009953429851002893
2020-12-01,678.7933959960938,686.2287011031041,675.0993881452553,682.3689490895632,17147574,HDFCBANK,-0.005253790062062799,-0.005240013044799707
2020-12-02,666.3142700195312,678.0829720021048,660.5602250343195,677.7040786729938,17892150,HDFCBANK,-0.018555368225881826,-0.01838427723394398
2020-12-03,652.2251586914062,678.1777957887336,650.7334032246226,676.7570322500701,37933222,HDFCBANK,-0.02137159841932682,-0.02114484405040884
2020-12-04,656.2032470703125,663.7096021718844,650.3781517907096,654.0247547427127,26912322,HDFCBANK,0.006080731080068399,0.0060992562551369645
2020-12-07,649.880859375,653.527462315225,643.1795804342909,651.1832258266534,24316318,HDFCBANK,-0.009681515988250254,-0.009634800991216497
2020-12-08,651.7989501953125,657.7187980398132,646.5184343558151,651.1832628950788,19457896,HDFCBANK,0.0029471029580311063,0.0029514499352345513
2020-12-09,666.4328002929688,667.7825719160998,651.2069971437802,652.1304703281169,22069074,HDFCBANK,0.022203153990647543,0.022451478470886244
2020-12-10,656.3216552734375,663.9701099711853,651.5384299521099,662.0757587301833,19727966,HDFCBANK,-0.015288312835621248,-0.015172039874217336
2020-12-11,654.8773193359375,660.6550681335584,650.2361351594091,658.3108313387821,21356384,HDFCBANK,-0.002203077564349172,-0.002200652570115591
2020-12-14,649.83349609375,657.3398509855255,647.8680952076361,654.9719120410531,17222050,HDFCBANK,-0.007731749149522153,-0.007701936062317838
2020-12-15,658.9027709960938,660.631320326763,646.920975772821,653.9300987811489,21561436,HDFCBANK,0.013859813179634181,0.013956305664236446
2020-12-16,668.09033203125,670.9792640576541,660.4182322709024,664.9173166786283,16832092,HDFCBANK,0.013847408586902794,0.013943728027227653
2020-12-17,682.8189086914062,684.3343665170745,665.1540607427205,671.831637116775,21924478,HDFCBANK,0.021806291420597947,0.022045786256741362
2020-12-18,668.3981323242188,681.8243349393504,666.0065486123938,679.5984953959074,22995918,HDFCBANK,-0.021345680937799403,-0.0211194742612274
2020-12-21,650.0703735351562,674.3180483184574,647.2524911424747,671.3107770346853,23761824,HDFCBANK,-0.027803378462309233,-0.027420421905326786
2020-12-22,650.283447265625,655.8244596437975,636.9756406113383,655.8244596437975,22851558,HDFCBANK,0.0003277165475539267,0.000327770252488202
2020-12-23,651.4910888671875,654.0010695985399,644.5767183346328,647.6313366151035,15467394,HDFCBANK,0.0018553780466239098,0.0018571003254665985
2020-12-24,661.6494750976562,664.9172423380148,652.130372293053,658.0028723203482,14952188,HDFCBANK,0.01547220329489268,0.015592517540235606
2020-12-28,669.1085815429688,672.9683340782458,664.9173406374786,665.3909284869355,11699194,HDFCBANK,0.011210429312427784,0.011273501644071482
2020-12-29,675.9044799804688,679.4800909681309,672.4946709703752,672.9919612810602,14495346,HDFCBANK,0.010105413046985048,0.010156645161878863
2020-12-30,678.4144897460938,681.9190508539295,669.179528105571,681.9190508539295,16216726,HDFCBANK,0.003706678700632602,0.0037135569299637794
2020-12-31,680.2141723632812,683.8607752565193,674.8863096751678,679.5984851060285,22145750,HDFCBANK,0.002649264983116742,0.0026527773866698023
2021-01-01,674.8862915039062,683.3871690618734,672.7787911885241,681.9664057166303,8810938,HDFCBANK,-0.007863488287832099,-0.007832651943819768
2021-01-04,670.6004028320312,681.0193356443933,662.549409295206,681.0193356443933,15740192,HDFCBANK,-0.006370784914958816,-0.006350534491261328
2021-01-05,675.667724609375,677.5857784188031,667.2852432584963,672.1158159334071,14386824,HDFCBANK,0.00752798882290817,0.0075563953674107065
2021-01-06,672.7551879882812,681.9664477871121,669.2269241099976,679.5985087322957,22134050,HDFCBANK,-0.004319922367524425,-0.004310604924599004
2021-01-07,670.7186889648438,678.4618375541515,668.9664373148993,678.4144903386681,19894842,HDFCBANK,-0.003031693608918668,-0.003027102666464998
2021-01-08,678.0120849609375,682.9137078482687,673.9628855521313,678.1778291530658,13768764,HDFCBANK,0.01081530462539714,0.010874001449624249
2021-01-11,687.388916015625,693.7587059341912,680.214107858165,686.7022369031238,17331392,HDFCBANK,0.013735127573555047,0.013829887789135409
2021-01-12,701.3834838867188,704.5564988055578,686.2760225365455,687.862529995965,20388156,HDFCBANK,0.020154550294736538,0.020359024629334588
2021-01-13,696.48193359375,708.9136137714456,692.4327346400382,707.019262506273,16934650,HDFCBANK,-0.00701293603856853,-0.0069884027861716325
2021-01-14,695.5820922851562,704.6986575797872,689.5438477393617,696.7187145853906,12297166,HDFCBANK,-0.001292816159596618,-0.0012919808327988003
2021-01-15,694.5875854492188,696.9555245413233,684.3343976182036,695.7478524799448,14165236,HDFCBANK,-0.0014307706771640024,-0.0014297476127803632
2021-01-18,702.3780517578125,711.731410769727,694.7532997710615,696.1267159476713,42825632,HDFCBANK,0.011153527134607905,0.011215959616605264
2021-01-19,712.2049560546875,715.8989637835467,694.7532582996815,706.4982581151764,17360254,HDFCBANK,0.013893935280438434,0.013990904573799812
2021-01-20,706.593017578125,710.8553078986365,703.751490697784,710.8553078986365,13346052,HDFCBANK,-0.007910876457401898,-0.007879667824344017
2021-01-21,698.4473876953125,707.7059955211522,695.2980169153192,706.5930756304524,26333054,HDFCBANK,-0.011594999137335344,-0.011528036196468472
2021-01-22,683.647705078125,695.1795566696569,682.0374949646825,695.1795566696569,15392364,HDFCBANK,-0.021417120138153854,-0.021189402205400776
2021-01-25,692.7879028320312,701.3835329786784,689.1412998903074,693.853475383822,20344718,HDFCBANK,0.013281161942791457,0.013369748316293562
2021-01-27,667.5693969726562,697.073942054867,665.9355420753217,695.2269379463488,23556276,HDFCBANK,-0.03708054545313984,-0.03640148125607401
2021-01-28,649.5020141601562,663.6386573049136,635.5548755229009,658.2397444156159,42704446,HDFCBANK,-0.027437413173238098,-0.027064426401859243
2021-01-29,658.5238647460938,667.1668424746923,646.2105814067206,658.9264028315245,28704502,HDFCBANK,0.013794824399684871,0.013890412022206311
2021-02-01,699.3707885742188,702.0939184433921,663.4965124716306,667.8771996524747,26370544,HDFCBANK,0.06018029575007753,0.062028008421341374
2021-02-02,739.0574951171875,747.5583733559366,709.1504127425507,710.8553173311757,42420206,HDFCBANK,0.055194661813964443,0.056746302807237026
2021-02-03,745.8060913085938,749.0738008830458,730.2723883286894,747.7951369461741,20237254,HDFCBANK,0.009089916031099448,0.00913135478091065
2021-02-04,747.842529296875,752.0574725376579,730.9591116288991,741.6385402984712,24484684,HDFCBANK,0.0027267982870983988,0.002730519383004948
2021-02-05,756.6038818359375,766.3834817798823,733.1139377693545,733.1139377693545,27054716,HDFCBANK,0.011647409336298502,0.01171550452914194
2021-02-08,760.2268676757812,772.7295980086683,755.7040807536468,767.2122882010688,17447580,HDFCBANK,0.0047770560173553325,0.0047884843401178045
2021-02-09,763.3524780273438,771.0009325010271,751.4417333862714,762.4763521662492,18421366,HDFCBANK,0.004102989116020737,0.004111417899657077
2021-02-10,749.0975341796875,764.7732794572811,742.1121138356696,761.6949586277138,19788006,HDFCBANK,-0.01885069371288424,-0.018674130572673198
2021-02-11,744.645751953125,756.6985959261269,740.7859998925289,749.215885700542,13648618,HDFCBANK,-0.005960589678775122,-0.005942860606846789
2021-02-12,749.1921997070312,754.1885741389179,744.9536120066047,745.3798525902982,9910106,HDFCBANK,0.006086954460337158,0.00610551761288014
2021-02-15,765.60205078125,769.5801999926454,756.1776416929837,757.7878518274786,10355244,HDFCBANK,0.021666959774539356,0.021903392855178838
2021-02-16,770.361572265625,777.1575453320123,761.7422400012975,767.7804841834933,13897358,HDFCBANK,0.00619746020907586,0.006216704199679457
2021-02-17,751.3470458984375,768.0647183895073,749.6894885957936,767.2122372237433,12794426,HDFCBANK,-0.0249923222640999,-0.02468259977099585
2021-02-18,736.0975341796875,760.5582975853896,733.1139079415677,760.5582975853896,14720560,HDFCBANK,-0.02050502752417418,-0.020296229022255807
2021-02-19,728.8989868164062,740.7860292853279,726.0101127375784,731.6931664576377,17139508,HDFCBANK,-0.009827470844930297,-0.009779339053626046
2021-02-22,733.1138916015625,745.3798268023176,729.0646929130805,731.7168307594127,29451838,HDFCBANK,0.00576590880239113,0.005782563649272765
2021-02-23,724.1868286132812,737.7077262268455,721.1085077743629,735.8370774568311,18239906,HDFCBANK,-0.012251657505089534,-0.012176911514770516
2021-02-24,760.795166015625,764.3470748323017,718.0775657714667,722.931841154258,14314332,HDFCBANK,0.04931474772624233,0.05055095723356873
2021-02-25,760.771484375,774.908069216845,758.6876864081806,762.3579920072215,20109570,HDFCBANK,-3.1127970136373635e-05,-3.11274856661381e-05
2021-02-26,726.6731567382812,752.4836927211386,720.3270684390092,751.6075668233725,27912846,HDFCBANK,-0.045856231056977025,-0.04482072256524139
2021-03-01,738.2760620117188,744.7405472981088,729.6567290261943,740.6913483244873,13536018,HDFCBANK,0.015841024054770492,0.0159671582276657
2021-03-02,742.6803588867188,751.8206264779094,734.53467191637,746.2322673582679,16110038,HDFCBANK,0.005947926349998117,0.00596565038692809
2021-03-03,751.5128173828125,755.8461574794367,741.1649351223799,750.1631036638017,11222410,HDFCBANK,0.011822516008744609,0.011892678176293359
2021-03-04,735.0320434570312,744.0065100625322,728.8990461317771,733.3744859871274,16291438,HDFCBANK,-0.02217416997715352,-0.02193013019149359
2021-03-05,724.58935546875,731.9773138054445,720.3744123616639,725.0629432827818,17445822,HDFCBANK,-0.01430900666665544,-0.014207119378315536
2021-03-08,719.6167602539062,736.4291294470709,716.301645201733,730.2724872073204,15117050,HDFCBANK,-0.006886295261004416,-0.006862639062130471
2021-03-09,739.9810791015625,741.4965372271538,728.4965727539062,731.693291015625,15066696,HDFCBANK,0.027905824214602387,0.02829883901046304
2021-03-10,736.7841796875,745.9007443405512,735.0792752626375,744.4799810179977,11055016,HDFCBANK,-0.004329604030136959,-0.004320244806723883
2021-03-12,734.9845581054688,757.7404748656829,726.9809705885083,757.7404748656829,15631204,HDFCBANK,-0.002445523447697298,-0.0024425355913512137
2021-03-15,723.9500732421875,733.3034332122131,717.6276870525,733.3034332122131,12230386,HDFCBANK,-0.01512705921416706,-0.015013219994341465
2021-03-16,716.1358032226562,729.5146585706096,715.1175778906098,725.0155744712979,13722366,HDFCBANK,-0.010852612116572014,-0.010793934980260822
2021-03-17,708.1795043945312,728.8516234041614,705.7405156649922,721.8662033617888,21064428,HDFCBANK,-0.011172219442096412,-0.011110041967349105
2021-03-18,706.1194458007812,720.8243708649012,701.4546172951518,715.9463931517981,18065540,HDFCBANK,-0.002913188969538674,-0.002908949752098877
2021-03-19,709.19775390625,715.6858838559789,698.0921427541265,703.2779062108723,21235020,HDFCBANK,0.004349997244724127,0.004359472216457272
2021-03-22,695.7715454101562,707.9664315664949,691.6276520560606,707.9664315664949,14015632,HDFCBANK,-0.01911304001530368,-0.018931544018776725
2021-03-23,710.4527587890625,713.9099150865279,695.7478342871996,696.1740748748355,19761428,HDFCBANK,0.0208810881349186,0.021100623438476074
2021-03-24,700.3416748046875,713.4363314696999,696.6476667715011,706.0720757291848,16368900,HDFCBANK,-0.014334132411948648,-0.014231887847981461
2021-03-25,693.0247192382812,708.2742816057414,686.8207304085842,705.7405405403921,23964356,HDFCBANK,-0.010502654371580685,-0.010447694075105263
2021-03-26,706.2615966796875,709.9082000666299,698.0685036012092,707.5402607735458,12021258,HDFCBANK,0.01892003395301898,0.01910015194833914
2021-03-30,735.8134155273438,740.0047142264807,711.1158555293341,713.5311419893512,25607644,HDFCBANK,0.04099087267436342,0.04184259626544429
2021-03-31,707.3744506835938,733.1139368392285,704.698667969491,733.1139368392285,30774506,HDFCBANK,-0.03941641617140293,-0.03864969602839918
2021-04-01,704.1066284179688,710.0975253674159,693.8060942541276,710.0975253674159,35763762,HDFCBANK,-0.004630353396248189,-0.00461964983675478
2021-04-05,686.5128173828125,703.2778359432572,677.7040964544115,700.9098971016974,16006586,HDFCBANK,-0.02530490985307763,-0.02498742424096634
2021-04-06,682.0848999023438,692.6932792880586,678.4856438101414,691.4382599253059,15075734,HDFCBANK,-0.006470758900942177,-0.006449868623501165
2021-04-07,685.3762817382812,689.87536610547,673.228800195683,681.6349841449041,25088180,HDFCBANK,0.004813867093478457,0.004825472366282835
2021-04-08,678.556640625,691.8644465891563,677.4673655322455,688.123091309579,17613592,HDFCBANK,-0.01000004887669722,-0.00995021464119672
2021-04-09,673.323486328125,678.5566548887363,670.1741157477531,675.3362345728195,28157816,HDFCBANK,-0.007742077617705745,-0.007712184928372223
2021-04-12,647.4182739257812,662.54938215217,640.7643417097112,659.7078551379362,22549128,HDFCBANK,-0.03923330962273905,-0.03847365037511785
2021-04-13,663.1886596679688,666.0775336661652,644.5529914266166,647.8681060041231,18600682,HDFCBANK,0.0240669365275785,0.02435888262245034
2021-04-15,677.2780151367188,680.4036835802575,658.7607406042946,665.3909709195067,34444984,HDFCBANK,0.021022341869288988,0.02124486790199942
2021-04-16,676.5912475585938,684.3343968185246,674.1522587343736,679.5748161245511,15606526,HDFCBANK,-0.0010145257831810073,-0.001014011325890074
2021-04-19,668.8953857421875,671.4053662659722,649.9045275050281,658.2870080077744,24069242,HDFCBANK,-0.011439646522911568,-0.011374462563883192
2021-04-20,658.9500732421875,675.5256461606865,655.4218094629292,674.8626116817444,23186270,HDFCBANK,-0.01497990358334727,-0.014868262978021574
2021-04-22,673.6786499023438,675.7151005800558,649.3125805575211,653.551168270815,38485312,HDFCBANK,0.022105446416262043,0.02235158209739363
2021-04-23,669.7242431640625,679.4090911892929,663.1176582311249,667.2852542707776,22713528,HDFCBANK,-0.005887166359265462,-0.005869870952351697
2021-04-26,665.296142578125,676.7569438349715,664.3252644958056,669.1795392853847,30170952,HDFCBANK,-0.006633781584446946,-0.006611826630341544
2021-04-27,681.350830078125,682.9136931382856,665.2962478960185,666.4565150269433,20592906,HDFCBANK,0.02384507376727727,0.02413164074240015
2021-04-28,699.3944091796875,700.436279100601,677.7040672028128,680.1904028791333,24103940,HDFCBANK,0.026137488379829512,0.026482068128534486
2021-04-29,697.3579711914062,712.1102413631912,691.9117119936466,703.8461003286831,24078552,HDFCBANK,-0.0029159634303960315,-0.0029117161383513945
2021-04-30,668.8480224609375,688.5019146739703,666.5747780685216,684.3343192248765,35232902,HDFCBANK,-0.04174200431741342,-0.040882803249184474
2021-05-03,669.8662719726562,673.394535934582,652.2725306270976,659.7078363110799,22473700,HDFCBANK,0.0015212352812221956,0.0015223929465653097
2021-05-04,657.5055541992188,673.9153816245907,655.113970700858,667.7350382400332,21486328,HDFCBANK,-0.01862488692527864,-0.01845251551035254
2021-05-05,664.2542724609375,667.5693872393219,654.3562753461298,663.4965435023666,14421612,HDFCBANK,0.010211805159147422,0.010264123578298978
2021-05-06,663.44921875,668.1377499432683,660.6550389228186,666.6222341637894,11477044,HDFCBANK,-0.001212701201629826,-0.0012119661766795131
2021-05-07,670.00830078125,674.838872933729,667.877155806155,669.1558196668091,12048334,HDFCBANK,0.009837786108971123,0.009886336204612434
2021-05-10,672.423583984375,677.2305114143073,669.0848248909298,675.809748103648,11060050,HDFCBANK,0.0035983737226202546,0.003604855641801352
2021-05-11,664.7042236328125,674.4837660986876,660.678727067445,661.128612382698,14519034,HDFCBANK,-0.011546310035192674,-0.011479907212388674
2021-05-12,662.7860717773438,667.0957088419191,657.7423505585303,662.9044687176398,13774926,HDFCBANK,-0.0028898941062733487,-0.0028857223818821165
2021-05-14,656.7952270507812,662.5019831493979,654.664081956677,660.3471355409549,10604142,HDFCBANK,-0.009079979978411491,-0.009038881445557978
2021-05-17,682.0848999023438,683.1978197859106,654.166919312643,660.7260994627449,15120692,HDFCBANK,0.03778184561921408,0.03850465382509127
2021-05-18,699.3470458984375,702.2122750684749,689.0702142806481,690.9408628719897,22165280,HDFCBANK,0.024992971392985116,0.025307914012706156
2021-05-19,690.5857543945312,700.3653547002302,687.9100293890692,696.2688083859091,10130916,HDFCBANK,-0.0126069512735702,-0.012527816561591076
2021-05-20,678.556640625,694.2323856507859,676.5201899075936,690.6567745433202,10684184,HDFCBANK,-0.01757220190263377,-0.0174187111346914
2021-05-21,709.1030883789062,711.2815808574237,683.3872458173004,683.3872458173004,19341646,HDFCBANK,0.04403296067802861,0.045016798783032774
2021-05-24,715.0939331054688,720.06660540615,709.6713754829415,711.9209177142021,22146102,HDFCBANK,0.008412993386976743,0.008448482068042162
2021-05-25,700.41259765625,716.8934749022702,696.4108041907768,715.354314675395,19236974,HDFCBANK,-0.02074432241395354,-0.020530639080465263
2021-05-26,699.512939453125,704.225115318239,696.1741220698126,700.9100004512399,12283990,HDFCBANK,-0.0012852945433572572,-0.001284468906092573
2021-05-27,702.1650390625,705.172310355068,692.5985297827585,697.6422519596574,20439496,HDFCBANK,0.003784182693702931,0.003791351753190453
2021-05-28,712.0155639648438,716.5383506375555,700.3179682784436,706.0720716848272,17750020,HDFCBANK,0.013931295900098024,0.014028788610005005
2021-05-31,717.8881225585938,719.6167297533075,704.4619187285587,710.3817667851011,15661054,HDFCBANK,0.00821396806954918,0.008247795260329482
2021-06-01,715.9226684570312,723.168585066384,713.8152258292779,719.9955698673149,11030162,HDFCBANK,-0.002741582564383726,-0.0027378278589671456
2021-06-02,712.2760620117188,715.2122832918838,707.0665961326437,715.1175888548506,10624016,HDFCBANK,-0.005106592369786915,-0.005093575893010516
2021-06-03,720.1139526367188,722.1976927085534,704.5802496675188,714.1704026204795,10287260,HDFCBANK,0.010943903228487758,0.011004006793184917
2021-06-04,710.8316650390625,720.1613804324387,710.0028862960756,717.959185353156,9424476,HDFCBANK,-0.012973823298739176,-0.012890026035003
2021-06-07,710.3106689453125,717.0119480537238,708.4873674295712,715.1175968039121,8091668,HDFCBANK,-0.0007332075114948464,-0.0007329387805499188
2021-06-08,702.3545532226562,710.9975323361676,701.6204688584695,708.7479898271715,9872540,HDFCBANK,-0.01126409813199764,-0.01120089570732441
2021-06-09,701.0521240234375,711.3289573399608,697.1450242244664,702.7570287371487,10223442,HDFCBANK,-0.0018560971587946646,-0.0018543756757078977
2021-06-10,701.4072875976562,705.1722877692647,697.9027260492259,701.9045201388227,11483540,HDFCBANK,0.000506486788663101,0.0005066150747541354
2021-06-11,703.917236328125,708.7478667213167,701.4072555985663,706.1194312271526,7205974,HDFCBANK,0.0035720594874228727,0.00357844689504927
2021-06-14,700.6494140625,703.7514371284857,692.6458268742463,700.0811318540942,8881964,HDFCBANK,-0.004653147874322976,-0.004642338753730657
2021-06-15,705.7642822265625,708.4874123207096,698.4473731849562,703.7515338961059,7569602,HDFCBANK,0.007273664538710526,0.00730018189040571
2021-06-16,703.0885009765625,707.5402382681639,700.0101799934681,704.6987112068459,7702098,HDFCBANK,-0.0037985295543527557,-0.0037913242670178926
2021-06-17,694.3271484375,700.3180464153616,691.4382740601372,694.279801213809,9283802,HDFCBANK,-0.012539529445245763,-0.012461237137136094
2021-06-18,700.8152465820312,705.6458189970701,689.0702460676088,695.9372691383855,11938060,HDFCBANK,0.009301050475073722,0.009344439662386739
2021-06-21,705.0301513671875,706.4983198306301,690.9646164997872,692.0775362938388,7260472,HDFCBANK,0.005996274441433753,0.0060142880819344935
2021-06-22,702.7096557617188,714.17045829429,700.909998856465,708.960992086573,14366824,HDFCBANK,-0.003296770746195452,-0.0032913423645341
2021-06-23,703.5147094726562,709.3398628067645,700.2469419391567,705.645854671328,7844868,HDFCBANK,0.001144986275010151,0.0011456420220450347
2021-06-24,713.3416748046875,716.7514840843272,704.6986968360997,705.6458725038901,14785024,HDFCBANK,0.013871727607565608,0.013968386445533554
2021-06-25,717.5328369140625,720.8006041719187,713.696787442235,715.6384857861468,10383176,HDFCBANK,0.005858199389593673,0.0058753921962046984
2021-06-28,714.3361206054688,721.2741931855088,712.749613095332,719.853429837146,9356786,HDFCBANK,-0.00446510360172555,-0.004455149846998019
2021-06-29,714.4313354492188,717.3564596471477,709.722512551715,716.7857178673613,10971692,HDFCBANK,0.00013328249252512263,0.00013329137503115263
2021-06-30,712.4574584960938,717.7370233979096,710.6500126812062,712.5050106362283,9679022,HDFCBANK,-0.002766688224895777,-0.0027628644702207827
2021-07-01,707.1539916992188,714.4074629441578,705.3703512291518,714.4074629441578,16911442,HDFCBANK,-0.007471750765608501,-0.0074439066271688725
2021-07-02,704.1337890625,708.3431694594663,702.516609898695,706.321710020015,14827036,HDFCBANK,-0.0042800728362916715,-0.0042709263783713425
2021-07-05,711.2920532226562,715.5965956833905,706.1076510887453,708.6760470569808,7373882,HDFCBANK,0.01011473010458732,0.01016605689337391
2021-07-06,729.9608764648438,732.4817785375456,711.5537277221872,712.029365240718,17669032,HDFCBANK,0.025907829333424795,0.026246354303558705
2021-07-07,732.2439575195312,735.0264253821098,726.6314115936917,729.627951175681,9629190,HDFCBANK,0.0031227949148833005,0.0031276759183920255
2021-07-08,723.1829833984375,731.3877299302179,719.853521037715,725.3471571573934,8420922,HDFCBANK,-0.01245145452906803,-0.0123742559129989
2021-07-09,714.4075927734375,721.0665184051472,712.2672238203879,719.4255920989655,10695842,HDFCBANK,-0.01220862152015915,-0.012134398660435863
2021-07-12,707.2730102539062,714.4075732356201,705.8460976575634,714.4075732356201,14458978,HDFCBANK,-0.010036913212203227,-0.009986711495931555
2021-07-13,714.3362426757812,716.3577022627734,705.8936761654023,711.6013267639684,18178142,HDFCBANK,0.009937035129169386,0.00998657140803294
2021-07-14,713.052001953125,716.95220640485,709.2230966806467,712.2671884304233,9788494,HDFCBANK,-0.00179942783473698,-0.0017978098351074667
2021-07-15,723.3019409179688,726.1795710886405,713.2898061320276,715.8344552077314,10438802,HDFCBANK,0.014272405501682628,0.014374742566836796
2021-07-16,724.0867919921875,727.7016256569119,722.3983135745475,726.7503505840253,5170628,HDFCBANK,0.0010845063710924465,0.001085094660775665
2021-07-19,699.6627807617188,708.1528987460736,697.2845931996463,707.2729809603507,25111600,HDFCBANK,-0.03431278644353283,-0.033730778548343276
2021-07-20,686.416259765625,691.5769149534121,683.0867973139923,685.8692650363275,24174250,HDFCBANK,-0.019114240836666702,-0.01893272210602992
2021-07-22,689.0560302734375,698.4736760969855,687.2961947294137,692.5757594227039,13207114,HDFCBANK,0.0038383524959328804,0.0038457284049679963
2021-07-23,686.2260131835938,693.217861311592,682.6825369811414,690.3878413695973,13126684,HDFCBANK,-0.004115550112527679,-0.004107092842247861
2021-07-26,682.3258056640625,686.8205568594655,679.2579089216915,680.161631792961,13167166,HDFCBANK,-0.005699774060121857,-0.0056835611658571095
2021-07-27,684.7991333007812,689.6268658388828,683.0630447053469,683.0630447053469,22401430,HDFCBANK,0.003618294516670428,0.0036248484465739583
2021-07-28,674.12109375,684.2996904317964,667.7950913834882,682.5636598981887,20670342,HDFCBANK,-0.01571580011075848,-0.015592951321816595
2021-07-29,674.5728759765625,680.1378114327916,672.2184936053619,679.3292509173456,13702230,HDFCBANK,0.0006699551619590603,0.0006701796320440767
2021-07-30,678.4730834960938,680.9939854514296,669.6737898129428,674.9296073725011,11655488,HDFCBANK,0.0057650936312897035,0.005781743764726732
2021-08-02,676.665771484375,682.5398836091144,673.6216795549884,682.5398836091144,13258786,HDFCBANK,-0.002667347448009346,-0.002663793237612122
2021-08-03,682.3970947265625,684.8704445513364,670.6488717578449,670.6488717578449,12033120,HDFCBANK,0.008434278296355936,0.008469947031035652
2021-08-04,696.95166015625,701.3275019831323,684.9180080404954,685.393645546079,22053948,HDFCBANK,0.0211043154699828,0.021328586452320053
2021-08-05,706.2503051757812,716.8094921374355,693.1940794890436,697.8077398506728,18822408,HDFCBANK,0.013253660364166338,0.01334187943170484
2021-08-06,709.9603881835938,713.4563125026119,701.0897364192333,705.632098166656,13339270,HDFCBANK,0.005239462620397926,0.005253212608367086
2021-08-09,715.3112182617188,716.9521443443277,702.0409209486176,709.6511206336975,10998048,HDFCBANK,0.007508541099226092,0.007536800879574201
2021-08-10,717.0949096679688,722.8501119757157,708.224258418714,708.224258418714,14838346,HDFCBANK,0.002490484079085882,0.0024935879107061965
2021-08-11,711.0542602539062,722.4220081617676,709.1993204454371,720.5432632537157,12585786,HDFCBANK,-0.008459460068861946,-0.008423779520146724
2021-08-12,714.1221923828125,717.0711218163615,708.3669899366287,712.0293756584126,8597674,HDFCBANK,0.004305343190530765,0.004314624495479036
2021-08-13,725.9179077148438,728.2009908715206,713.9318662953315,714.0269705680195,16658428,HDFCBANK,0.016382848170182502,0.01651778289185013
2021-08-16,728.0107421875,730.1035587891065,723.6586474723767,725.8941785477451,6252778,HDFCBANK,0.0028788701814618225,0.00288301810771463
2021-08-17,720.4243774414062,724.8715766174648,715.9771782653477,721.6372182742111,8282666,HDFCBANK,-0.010475352352399622,-0.01042067693025861
2021-08-18,719.6395263671875,744.5391374947473,717.4278004141593,740.4248615711514,22985932,HDFCBANK,-0.0010900226717065423,-0.0010894288127869522
2021-08-20,720.471923828125,722.8739164966347,706.8211504103504,706.8211504103504,13150406,HDFCBANK,0.0011560182422332647,0.0011566866888754745
2021-08-23,725.156982421875,729.2237066164494,717.5705868776091,727.6540795087693,10843054,HDFCBANK,0.00648171183642349,0.006502763589810057
2021-08-24,741.447509765625,744.1348732691891,726.5124805626797,727.725379419533,18381314,HDFCBANK,0.02221621092045975,0.022464828635232914
2021-08-25,740.7578735351562,744.2776027396884,736.2868693056814,738.2369714945701,7727974,HDFCBANK,-0.000930554278109242,-0.0009301214467450913
2021-08-26,739.5211791992188,747.226483172308,734.1226473371297,737.2380960643395,11119002,HDFCBANK,-0.0016708939052794062,-0.0016694987392243954
2021-08-27,736.5008544921875,741.35239176859,734.9788377356009,738.189390820678,6382138,HDFCBANK,-0.004092525522854987,-0.004084162552723369
2021-08-30,745.9185791015625,746.75094480437,737.9992023740358,739.9017525518813,9049166,HDFCBANK,0.012706054843057323,0.012787119732357244
2021-08-31,752.1731567382812,753.100626642032,743.040881869667,743.6592338463132,12062576,HDFCBANK,0.008350108112051257,0.008385067501941235
2021-09-01,751.0792236328125,760.0687847011596,748.8913025732014,749.1291213418814,12422558,HDFCBANK,-0.0014554220074488595,-0.0014543633944774648
2021-09-02,755.7880249023438,757.2149374729586,747.3454588595391,748.701014189379,9618524,HDFCBANK,0.006249809465689066,0.00626938027490076
2021-09-03,749.6285400390625,760.0687604261853,745.9423492422521,754.4086623001291,10735334,HDFCBANK,-0.008183142631183509,-0.008149751862074228
2021-09-06,744.70556640625,751.9590378515261,742.9219258869199,751.4834003797047,7876896,HDFCBANK,-0.006588876505962397,-0.00656721745486899
2021-09-07,746.3941650390625,752.4585433116437,739.7114347769459,743.1836118359313,7245496,HDFCBANK,0.002264904645945382,0.0022674714799852946
2021-09-08,749.794921875,751.7450238964017,744.6580139570113,747.6783002895594,6724080,HDFCBANK,0.004545899608710544,0.004556247885136644
2021-09-09,746.0850219726562,751.2456775887658,742.47018833739,748.6534762607636,8250948,HDFCBANK,-0.004960167457157211,-0.0049478861407415975
2021-09-13,739.8779296875,753.4097932161694,738.9742068333936,742.9457683103893,8959164,HDFCBANK,-0.008354351473268557,-0.008319550858620128
2021-09-14,736.5484619140625,744.1348566916412,735.6209339673617,741.9944879763249,9758506,HDFCBANK,-0.004510178680491815,-0.004500023098193751
2021-09-15,735.716064453125,739.5211642267409,730.1035190625556,730.1035190625556,14822998,HDFCBANK,-0.001130771725766501,-0.001130132644326376
2021-09-16,741.970703125,744.0397727219095,730.7219225742858,731.411573732443,10260550,HDFCBANK,0.008465496426027959,0.008501430068030613
2021-09-17,752.5298461914062,755.7879512981008,741.6139312525427,746.2752017537572,20498102,HDFCBANK,0.014130899820467831,0.01423121293325158
2021-09-20,741.9232177734375,752.3158865869241,741.0432999217188,743.8971252102491,8781610,HDFCBANK,-0.014194900826078693,-0.01409462823521146
2021-09-21,738.1655883789062,746.1087693954601,727.2259259755568,742.9457684361612,14774996,HDFCBANK,-0.005077583793797108,-0.005064714655794389
2021-09-22,729.4852294921875,737.3095014073501,727.7253939209189,736.7625066558845,10582202,HDFCBANK,-0.01182905361204026,-0.011759365409842237
2021-09-23,746.7508544921875,747.7021294660628,733.4330048579319,733.4330048579319,13664304,HDFCBANK,0.023392481059631806,0.02366823110595262
2021-09-24,761.7572631835938,764.8012967419484,749.1290643037012,751.031614308282,20806702,HDFCBANK,0.019896351308563983,0.02009560297270907
2021-09-27,772.95849609375,777.9051377473095,764.8251063880609,768.487491944163,16415462,HDFCBANK,0.014597402472970564,0.014704464862393518
2021-09-28,768.1784057617188,776.2404385627441,752.4585623812875,776.2404385627441,12773790,HDFCBANK,-0.006203349819266147,-0.006184148768902942
2021-09-29,758.0948486328125,764.1592270047574,753.9568254387971,759.5931184310665,16263036,HDFCBANK,-0.013213497402607766,-0.013126582384084928
2021-09-30,758.6179809570312,764.0402598802681,752.9816883907416,754.3610487049043,15975348,HDFCBANK,0.0006898238542690326,0.0006900618374630074
2021-10-01,752.7914428710938,755.7879823250635,744.4915917774107,752.9341573446038,11128596,HDFCBANK,-0.0077101106525534775,-0.007680463991358466
2021-10-04,754.2421875,761.6621211029538,753.2195552330974,755.7880094198329,7051028,HDFCBANK,0.0019252988756210767,0.0019271534535159063
2021-10-05,758.8558349609375,759.8309150717456,749.7236180793985,757.2149087913734,10257178,HDFCBANK,0.006098298577639012,0.006116931056627584
2021-10-06,768.1071166992188,773.7909623866047,754.8368169998308,759.1175550924576,18600830,HDFCBANK,0.01211737969906089,0.012191092579208362
2021-10-07,766.0142211914062,774.19516325999,764.3494898817696,773.6719736034911,11265724,HDFCBANK,-0.002728463198448304,-0.0027247443257736315
2021-10-08,762.2804565429688,771.4840306228035,761.0913627843023,766.7276555881376,7245562,HDFCBANK,-0.004886193914607695,-0.004874275888286039
2021-10-11,777.0965576171875,782.4236743028476,760.5443496718865,760.9724350269096,13080848,HDFCBANK,0.01925007124671303,0.019436548513143803
2021-10-12,775.098876953125,780.7827800509983,772.9109560129631,772.9109560129631,8176946,HDFCBANK,-0.0025740080437586864,-0.0025706981255817496
2021-10-13,779.7601318359375,783.8506027379818,775.2891277080766,778.6185902197064,6225644,HDFCBANK,0.005995744720765428,0.006013755175514612
2021-10-14,802.5907592773438,803.827405211579,779.094254281992,779.094254281992,14757288,HDFCBANK,0.028858595180644746,0.029279039167662724
2021-10-18,794.4573364257812,820.4746843514532,792.9115145567133,810.9619343879581,28856456,HDFCBANK,-0.010185658393057703,-0.010133960250035656
2021-10-19,803.2090454101562,804.9926860848645,794.7902846500209,796.9068483595202,8987540,HDFCBANK,0.010955724700901724,0.011015958419804406
2021-10-20,796.1458740234375,807.9892602226093,791.6748695952446,803.3993464110135,10908568,HDFCBANK,-0.008832582711934113,-0.008793690045051705
2021-10-21,797.3112182617188,799.9985238690318,789.9625835542432,795.1708493673277,9738190,HDFCBANK,0.0014626618459735957,0.0014637320575336954
2021-10-22,799.427734375,812.3888563513312,794.6713593378141,799.1185583853392,12175554,HDFCBANK,0.002651049940719077,0.002654567080964565
2021-10-25,788.1314086914062,803.8274476092195,767.5838900598493,803.8274476092195,16426766,HDFCBANK,-0.014231301411311046,-0.014130515114571751
2021-10-26,786.10986328125,796.1458027295024,783.0657717264866,784.8018601809484,12090656,HDFCBANK,-0.002568280424778785,-0.00256498521422055
2021-10-27,781.3773193359375,791.9602538614304,778.761313048737,786.1098893037489,13249642,HDFCBANK,-0.006038401305905672,-0.006020206801068073
2021-10-28,757.9759521484375,784.8019203094409,754.9081133208074,784.8019203094409,17797750,HDFCBANK,-0.030406496781376222,-0.02994886927021112
2021-10-29,752.8628540039062,761.9713243308421,741.9945480375242,756.2636739613226,12406874,HDFCBANK,-0.0067685813265065484,-0.006745726074868785
2021-11-01,763.5408935546875,766.252004050304,753.1957780437663,753.885429186674,8122320,HDFCBANK,0.01408360545752343,0.014183246648433956
2021-11-02,764.2305908203125,771.4840630530865,761.043842637615,763.873862677717,13237722,HDFCBANK,0.0009028802010401477,0.0009032879200667754
2021-11-03,752.1968994140625,765.728821094555,749.3906846195152,763.4457378753382,10207338,HDFCBANK,-0.015871440068902343,-0.015746152471249886
2021-11-04,758.1423950195312,759.9973929432354,756.3112021961033,758.6418376355663,1096808,HDFCBANK,0.007873100221469288,0.00790417457197723
2021-11-08,761.1388549804688,763.2554184797219,746.9648352689229,757.2623980202548,18943580,HDFCBANK,0.003944580828962111,0.003952370927443383
2021-11-09,747.8209838867188,758.451469326388,746.298967264845,758.451469326388,12695476,HDFCBANK,-0.017652182078155866,-0.017497295016021375
2021-11-10,739.7352294921875,746.2752451845312,737.2381325914745,745.7996076796335,13714126,HDFCBANK,-0.010871298786986974,-0.010812419775260151
2021-11-11,736.4295043945312,739.5687000261834,730.3888738006117,737.2618699516246,7999404,HDFCBANK,-0.004478809915677619,-0.004468795003754966
2021-11-12,738.6649780273438,741.5426078951424,734.8836834312771,737.2380656422298,14914092,HDFCBANK,0.0030309588583499938,0.0030355568584266024
2021-11-15,740.6865234375,747.6308195742927,739.3309681261308,742.9933537829838,9533594,HDFCBANK,0.002733017361273028,0.002736755457873441
2021-11-16,736.286865234375,740.6627071004274,733.2427735591466,739.6163278032643,8245406,HDFCBANK,-0.005957685155768227,-0.005939973340822191
2021-11-17,728.1058959960938,734.3842876661621,727.0119065399798,731.007273085122,7598878,HDFCBANK,-0.011173306186612292,-0.01111111663750386
2021-11-18,732.1964111328125,734.1465133558511,725.4661286012387,725.8466618423676,9152874,HDFCBANK,0.005602300038021515,0.005618022267382727
2021-11-22,720.7572631835938,738.5223119294355,713.0044068868091,735.3355639518028,15261272,HDFCBANK,-0.015746385463716282,-0.015623059298420672
2021-11-23,720.8524780273438,726.6790377392206,711.7202026626078,714.407566305228,11235214,HDFCBANK,0.00013209517273164462,0.00013210389768314457
2021-11-24,722.0415649414062,730.7456967746908,720.1390148495992,724.8715849784808,30802286,HDFCBANK,0.0016481975083922314,0.001649556532449692
2021-11-25,725.7990112304688,729.294993262682,716.7857039376246,720.4956996177941,10251652,HDFCBANK,0.005190426054537081,0.005203919651588729
2021-11-26,708.65234375,716.6430191487968,706.3217083190601,713.4562710293536,18624936,HDFCBANK,-0.023908073508848222,-0.023624539597263294
2021-11-29,714.05078125,717.0948727956322,695.3820097835137,710.9829426666183,12990996,HDFCBANK,0.007589023057003373,0.007617892677011184
2021-11-30,710.3883666992188,727.2496917899412,707.0589044084865,711.0780178063845,25221542,HDFCBANK,-0.0051422661704517885,-0.005129067353402905
2021-12-01,715.6679077148438,716.809449218188,708.2717220709286,711.0779946654629,8677634,HDFCBANK,0.007404427485045201,0.007431908042295321
2021-12-02,725.7039184570312,727.15463606218,713.4562527842353,715.596621542588,11203110,HDFCBANK,0.0139258625004755,0.014023279001335709
2021-12-03,719.9011840820312,730.5554179694886,716.8095402344054,725.7277436410184,8124694,HDFCBANK,-0.008028147563745404,-0.007996008051517234
2021-12-06,715.263671875,722.3982341371078,712.1957752655638,719.6395135046063,7029532,HDFCBANK,-0.006462711693197134,-0.00644187328701884
2021-12-07,725.6801147460938,728.6766542380091,718.165077039117,720.0913740885894,12427534,HDFCBANK,0.01445805786131586,0.014563081113553533
2021-12-08,739.0455932617188,739.6401401548495,729.6279472500399,730.5792222790491,15295534,HDFCBANK,0.01825031050490483,0.018417865177829063
2021-12-09,726.2271118164062,739.4736046987022,723.9202815328325,734.9550484079257,11747744,HDFCBANK,-0.017496822835465817,-0.017344642282134615
2021-12-10,724.181884765625,726.7740858657247,717.4753496970789,725.2996212566436,7779384,HDFCBANK,-0.0028202092115724793,-0.0028162361573995653
2021-12-13,718.7595825195312,731.3639756168698,716.8807796550856,725.8227874165515,10322142,HDFCBANK,-0.007515658662934845,-0.007487486721445169
2021-12-14,714.6215209960938,721.0664321863622,712.0531250085195,714.6453260949929,9191100,HDFCBANK,-0.00577386294451857,-0.0057572262326326396
2021-12-15,713.456298828125,724.5624236009718,711.387287173768,714.8832114257813,10115148,HDFCBANK,-0.0016318752527029671,-0.001630544468272599
2021-12-16,713.5038452148438,721.5421310623909,710.6024679019197,719.5444766662719,13210432,HDFCBANK,6.664010474978236e-05,6.664232525088742e-05
2021-12-17,700.6378784179688,716.3101116196879,698.0931712139019,712.0293739008451,14994768,HDFCBANK,-0.018196651145757244,-0.01803209174437026
2021-12-20,678.0925903320312,693.4794513193636,672.5989541701382,690.6256264168148,21156668,HDFCBANK,-0.0327073324576011,-0.032178231837599824
2021-12-21,685.774169921875,690.0311023174055,680.1616242039565,684.6801804486681,9118750,HDFCBANK,0.011264532635651104,0.01132821638130932
2021-12-22,687.3912963867188,692.5282046456658,682.872740106407,690.7683691083477,8577484,HDFCBANK,0.0023553275291492487,0.002358103492040131
2021-12-23,686.8681640625,693.3844332367066,683.4197918766113,691.2202591921077,9779166,HDFCBANK,-0.0007613298136816662,-0.0007610400756724589
2021-12-24,684.3948364257812,690.6256763008242,679.2103758660999,687.5340324330864,5561024,HDFCBANK,-0.003607375562511152,-0.0036008768001274394
2021-12-27,690.0548706054688,691.5768872980073,676.4278453611157,679.6383983110893,4705098,HDFCBANK,0.008236119729619096,0.008270129870129761
2021-12-28,694.811279296875,697.7126564182305,691.2915502045277,694.7636690981695,5450678,HDFCBANK,0.006869151064766709,0.0068927977962576215
2021-12-29,691.5055541992188,694.906373869757,688.4377156088801,692.5519915154243,7668702,HDFCBANK,-0.004769084935390177,-0.004757730906443491
2021-12-30,695.1442260742188,697.6888751595437,687.2962071004079,693.7173135335258,7215918,HDFCBANK,0.005248160391295204,0.005261956108528532
2021-12-31,703.6581420898438,706.2265962494574,695.1442190705774,695.1442190705774,6325736,HDFCBANK,0.012173301030053988,0.012247697235013844
2022-01-03,722.8025512695312,724.3959253104654,704.1813312029835,706.3216999908345,9069184,HDFCBANK,0.026843443818228042,0.02720697457266552
2022-01-04,727.0357055664062,729.1047170271323,717.1662276895983,722.9689818191866,8857352,HDFCBANK,0.005839501483760526,0.005856584608673332
2022-01-05,744.3013305664062,747.7021503050373,726.8216524342752,730.9597335226943,14332638,HDFCBANK,0.023470377140252435,0.023747973954798995
2022-01-06,732.3628540039062,739.4974166342414,727.7491933941105,733.9086759071455,9628930,HDFCBANK,-0.016169873706442323,-0.01603984310146933
2022-01-07,737.499755859375,745.2050602081262,730.5316548059,734.3843069802756,11179384,HDFCBANK,0.006989663843088952,0.007014148556804489
2022-01-10,741.5902099609375,747.7021401431209,735.0977465592833,741.0432152309048,8856496,HDFCBANK,0.0055310557494269875,0.005546380278860008
2022-01-11,744.80078125,746.1325314282669,736.191754015291,742.731769713943,8389198,HDFCBANK,0.0043199619764082205,0.0043293064632441425
2022-01-12,740.401123046875,749.9138730090968,738.1893970684148,745.7995970381922,21085530,HDFCBANK,-0.005924677392413294,-0.0059071611011752845
2022-01-13,726.774169921875,739.6163836574055,723.1593361863409,739.6163836574055,41963896,HDFCBANK,-0.018576301076801388,-0.018404825034466166
2022-01-14,734.9313354492188,736.619813831022,722.493402522968,727.7254153127986,11208968,HDFCBANK,0.01116127725887801,0.011223796696325339
2022-01-17,723.6824340820312,740.0919273293728,722.5646976035137,727.7253527081879,22989372,HDFCBANK,-0.015424404489030331,-0.015306057620079194
2022-01-18,727.3685913085938,737.666154009168,724.395857160692,729.1522317973348,12341152,HDFCBANK,0.005080683024089517,0.0050936115801101245
2022-01-19,722.2317504882812,732.3628526288228,719.8060108107658,729.6279369589961,14317626,HDFCBANK,-0.007087280782085644,-0.007062225234486519
2022-01-20,717.7369995117188,727.0119309169397,713.5038140786304,726.9881258170541,15197846,HDFCBANK,-0.006242865443460087,-0.0062234192466943394
2022-01-21,723.7300415039062,727.6303040191038,706.6070907204011,713.4562826460474,11537694,HDFCBANK,0.008315246000340781,0.008349913681842569
2022-01-24,707.1065063476562,723.5635523601698,698.0218416410312,718.1888253449379,11868508,HDFCBANK,-0.023237151979935814,-0.022969248480699256
2022-01-25,707.7723388671875,711.0779959583617,686.820485728344,693.788586063523,13594248,HDFCBANK,0.000941186690202481,0.0009416297453836986
2022-01-27,701.5415649414062,706.3217454329671,682.5398684823622,689.6744315675436,28617838,HDFCBANK,-0.008842337404010138,-0.008803358910230652
2022-01-28,695.9765625,707.1302385002696,694.4307406458227,702.7543967837006,24925208,HDFCBANK,-0.007964164108940545,-0.007932534178314965
2022-01-31,706.6546020507812,709.4371278413857,697.6650998575648,700.4951197241377,12842546,HDFCBANK,0.015226021084108279,0.015342527501824188
2022-02-01,712.029296875,721.5420463322478,700.8280111646047,717.4991278129174,14739484,HDFCBANK,0.007577051579235989,0.007605830074014719
2022-02-02,728.296142578125,730.1035883666477,716.1198337589774,719.1401203787386,13969290,HDFCBANK,0.022588696874236827,0.02284575336228145
2022-02-03,720.7572631835938,732.457933895551,717.7369767162163,727.1308172000766,10564762,HDFCBANK,-0.010405341010450209,-0.010351392728573439
2022-02-04,724.8715209960938,729.0809010904223,720.1626983222618,726.9643375245986,11579958,HDFCBANK,0.005692013005933701,0.0057082432916837345
2022-02-07,698.3072509765625,722.4934077542481,694.4307934965123,719.211497186438,12268042,HDFCBANK,-0.03733523317780022,-0.03664686672063977
2022-02-08,695.3106079101562,703.206178118259,687.082114705199,702.2311561639202,13981130,HDFCBANK,-0.004300529970625408,-0.004291295933438355
2022-02-09,712.314697265625,713.3135243877856,697.7602016051236,701.0896640531371,11308342,HDFCBANK,0.024161140721444714,0.02445538607066089
2022-02-10,725.3947143554688,730.3413557953064,714.2410385936968,720.1151499017218,14314530,HDFCBANK,0.01819613599368865,0.018362694382208167
2022-02-11,722.422119140625,725.3473018389752,713.2185436770776,713.5752718583099,10711104,HDFCBANK,-0.004106319698772793,-0.004097900296233803
2022-02-14,700.9469604492188,713.1946260728857,698.8542018984211,708.6998749228623,14656620,HDFCBANK,-0.03017739912469144,-0.029726607370428426
2022-02-15,721.9226684570312,725.2996833180713,700.6378889247106,702.0409964179948,13135066,HDFCBANK,0.02948580428142424,0.02992481484529108
2022-02-16,720.9475708007812,729.9846836790362,716.7857425015849,729.7944170588287,10032264,HDFCBANK,-0.0013516084512181753,-0.001350695439906402
2022-02-17,716.5479125976562,723.9202940415751,714.4075437913573,719.6871085679842,7351208,HDFCBANK,-0.006121301933793055,-0.006102604934555944
2022-02-18,719.330322265625,721.5420481321954,708.9138499717109,712.6476505919669,7796128,HDFCBANK,0.003875555855704874,0.0038830755334724465
2022-02-21,723.9678344726562,728.0583054018553,711.3396935564448,715.3588072476773,7468066,HDFCBANK,0.006426292647950355,0.00644698556905654
2022-02-22,718.5455932617188,723.9678727153232,707.7248394554956,708.6048153348694,9536196,HDFCBANK,-0.007517804194033642,-0.007489616185623937
2022-02-23,713.8843994140625,725.6801756356834,711.3873023150155,725.3948047223228,9029562,HDFCBANK,-0.0065081160318804275,-0.006486984112584304
2022-02-24,675.1199340820312,701.5415645216091,669.2933742326196,689.6268790132194,23630766,HDFCBANK,-0.055830688438100816,-0.05430075984830052
2022-02-25,692.5757446289062,697.2370153028564,681.5171728738023,684.8941874749454,18318654,HDFCBANK,0.025527255394780724,0.025855865996031957
2022-02-28,678.3779907226562,684.2283552518861,672.5752363928466,678.2590813465437,24880832,HDFCBANK,-0.020712969574797596,-0.0204999294537197
2022-03-02,653.6448364257812,665.1314936990638,644.2034436334029,659.4713958190617,38505560,HDFCBANK,-0.0371405006551689,-0.03645925226808655
2022-03-03,652.0989990234375,662.0873863170132,648.2463469653018,656.8553739251402,17527922,HDFCBANK,-0.002367750982346572,-0.002364950071045646
2022-03-04,649.9586181640625,659.2335490489504,635.8797603305272,646.8669745357665,21219364,HDFCBANK,-0.003287692893241654,-0.0032822943488340917
2022-03-07,630.1246337890625,633.715662365495,616.9256921049088,627.1280940741168,27054458,HDFCBANK,-0.030991065269304924,-0.030515764882116714
2022-03-08,631.551513671875,634.5004430311901,614.5236674634915,619.3751468768733,39212492,HDFCBANK,0.00226188074336328,0.002264440725372685
2022-03-09,652.1702880859375,653.8587661628102,627.2944267258922,632.5977957991574,23134694,HDFCBANK,0.03212619389742232,0.03264781093498437
2022-03-10,662.4203491210938,678.7347392382749,656.4986852373013,678.7347392382749,22273206,HDFCBANK,0.015594617019176712,0.01571684761236103
2022-03-11,664.3705444335938,670.1494941420394,652.90763317853,660.18491082348,15150780,HDFCBANK,0.0029397197801574898,0.002944044993617112
2022-03-14,686.1309204101562,689.6743966720176,673.0270836488999,673.0270836488999,25018126,HDFCBANK,0.032228412925178807,0.03275337258534572
2022-03-15,677.3078002929688,689.436556548215,671.4812409154484,686.5827315469807,18867928,HDFCBANK,-0.012942632694160043,-0.012859236997967094
2022-03-16,688.7945556640625,692.052661392393,683.1106518901175,688.2475608486549,13364108,HDFCBANK,0.016817226092231012,0.016959431688406967
2022-03-17,703.96728515625,708.6047506498716,699.4487290342597,700.1383801652347,14823954,HDFCBANK,0.02178883613566752,0.02202794631203142
2022-03-21,707.0350952148438,710.4359147186346,700.518885136643,707.2729139485184,12257876,HDFCBANK,0.004348419159750768,0.004357887253116921
2022-03-22,710.6737670898438,712.5049598135698,693.0989270027054,704.561836957358,10461814,HDFCBANK,0.005133183492792381,0.0051463808510019415
2022-03-23,703.5867919921875,722.3982788795391,700.8994284281059,716.785732994576,31188256,HDFCBANK,-0.010022247135775281,-0.009972191778904294
2022-03-24,686.178466796875,699.0206795927611,682.3258145703531,697.2845910655177,20160044,HDFCBANK,-0.025053491074700274,-0.024742256951727715
2022-03-25,680.5897827148438,690.6257234195076,674.9296842508825,690.1500858689433,16366462,HDFCBANK,-0.00817799979103064,-0.008144650921675822
2022-03-28,681.493408203125,683.9666998878296,666.6534839112492,680.589685374062,15754886,HDFCBANK,0.0013268288264238755,0.001327709453228465
2022-03-29,690.530517578125,694.5496310648167,680.16159727628,685.3936095630206,12377448,HDFCBANK,0.013173589613238931,0.013260743634817995
2022-03-30,702.4927368164062,705.2514573618828,691.6006852221561,700.1383545686673,20109742,HDFCBANK,0.017174893882601194,0.017323230376893317
2022-03-31,699.3535766601562,706.1789630767555,697.237013039462,699.6627526430442,14295714,HDFCBANK,-0.004478615627370516,-0.004468601583663689
2022-04-01,716.31005859375,718.2126085501743,699.3298234571498,702.2312005284535,14568556,HDFCBANK,0.02395666947770138,0.024245935817718056
2022-04-04,788.0362548828125,819.0953496497071,743.2074192757403,751.5072706543655,97450970,HDFCBANK,0.09543098158063898,0.10013288998045677
2022-04-05,764.9439697265625,792.7449569360995,761.9712355056448,792.7449569360995,30922582,HDFCBANK,-0.029741508577347517,-0.02930358218059903
2022-04-06,737.6423950195312,756.1685102240006,735.9776637926485,755.1696250388968,27027860,HDFCBANK,-0.03634344138729296,-0.035690947033402365
2022-04-07,721.4232177734375,733.1238893042467,719.9725000942207,733.1001422646726,40781732,HDFCBANK,-0.022233195290952232,-0.021987859368717944
2022-04-08,720.4243774414062,725.7039422730295,712.1720781256234,719.211478547381,41256322,HDFCBANK,-0.001385500790968995,-0.0013845414278653712
2022-04-11,711.6250610351562,718.2126288330701,710.245700665551,716.3100788229164,20799066,HDFCBANK,-0.01228927844753228,-0.012214073651284352
2022-04-12,710.3646240234375,716.7143731950656,704.0148748518094,705.8460676603825,27435402,HDFCBANK,-0.0017727798662194195,-0.0017712094201478568
2022-04-13,696.7850952148438,714.5502013407392,695.691163859955,708.6998371784712,28892520,HDFCBANK,-0.019301358198823452,-0.01911627965323015
2022-04-18,663.7283325195312,680.9464450214841,661.15993644386,674.8582617385757,45620376,HDFCBANK,-0.04860410698995719,-0.047441833819823476
2022-04-19,638.400634765625,660.9221170332797,631.1709679279387,656.8078410106541,74096022,HDFCBANK,-0.03890688754278798,-0.038159735712594345
2022-04-20,644.1558837890625,646.8194421533099,635.142518406885,644.2271829644586,49325736,HDFCBANK,0.0089747119445469,0.009015105421300795
2022-04-21,653.6923828125,656.2846420095574,643.6802483309051,649.2451838249173,52446270,HDFCBANK,0.01469612574325032,0.014804644750493923
2022-04-22,644.774169921875,654.168010350688,641.706331335433,646.8669864904109,20659148,HDFCBANK,-0.013736746794089535,-0.013642828224882386
2022-04-25,649.6019287109375,651.9325641201308,628.9116970441421,642.1106379350289,20935488,HDFCBANK,0.007459626581910508,0.007487518908593227
2022-04-26,652.5984497070312,657.3072144691479,645.5114394033479,652.5746446077407,17016842,HDFCBANK,0.00460225067476869,0.004612857295605677
2022-04-27,652.8363037109375,655.9041425017765,645.0120316413157,646.8670295884091,18054334,HDFCBANK,0.00036440581333634797,0.0003644722172004844
2022-04-28,652.2654418945312,655.9040802026046,647.8657952361744,652.5746178665507,20773722,HDFCBANK,-0.0008748158597370111,-0.0008744333199015575
2022-04-29,658.5677490234375,668.1518573977863,652.3607137487355,656.5462894086016,28401476,HDFCBANK,0.009615801207478228,0.009662181566144179
2022-05-02,667.65234375,668.9603468911126,647.8420880799416,647.8420880799416,19494316,HDFCBANK,0.013700194817276266,0.013794472535336944
2022-05-04,644.9644775390625,667.6048118935288,642.1106524172083,665.8925284326605,29055916,HDFCBANK,-0.034572352874583746,-0.03398155705334105
2022-05-05,643.5137939453125,654.001625047842,640.4459550013958,654.001625047842,17862912,HDFCBANK,-0.0022517790774292047,-0.002249245724796012
2022-05-06,626.7000122070312,634.976117030004,624.5120911313822,632.5979293257718,26731268,HDFCBANK,-0.026475485909990368,-0.02612808287324786
2022-05-09,627.7700805664062,630.9330812402754,616.1883202011134,618.3286887390562,32762434,HDFCBANK,0.0017060089755385993,0.0017074650367510102
2022-05-10,637.853759765625,643.5376052646478,625.4871834634218,625.4871834634218,20113812,HDFCBANK,0.015935054717897516,0.016062694784881648
2022-05-11,641.4447631835938,644.4888549965599,631.9558176573953,643.5375799338344,17102924,HDFCBANK,0.005614034230681982,0.0056298224522315365
2022-05-12,626.9856567382812,638.4133907389254,622.1498973824371,635.6706993369925,22382290,HDFCBANK,-0.022799410277256498,-0.022541467754058186
2022-05-13,621.3560180664062,634.1791515037851,619.2629499130284,630.353891041967,16768238,HDFCBANK,-0.009019448681269332,-0.008978895468138237
2022-05-16,627.9719848632812,631.292053906236,618.4448991695826,625.0368734940553,9804356,HDFCBANK,0.01059133970833157,0.01064762648869677
2022-05-17,632.25439453125,633.6978977151113,624.6519209350625,631.5807479648557,16641444,HDFCBANK,0.006796280765872231,0.006819427890403462
2022-05-18,632.2063598632812,641.5410265716883,630.3297937681616,637.0902245927911,15732384,HDFCBANK,-7.597652647571034e-05,-7.597364033251619e-05
2022-05-19,619.2869262695312,623.7858326225379,615.076708796021,618.8778867259274,20537506,HDFCBANK,-0.02064716239751147,-0.02043546919797501
2022-05-20,635.5985107421875,637.1623059170763,621.837124950426,626.9615731938593,13919350,HDFCBANK,0.025998394361142593,0.02633930054185729
2022-05-23,627.4427490234375,639.9290287015857,625.0850152898169,632.2544265466233,19486320,HDFCBANK,-0.01291466135826053,-0.012831624965934152
2022-05-24,634.6361694335938,637.5472577654566,624.0264559706711,625.5180642227122,12870796,HDFCBANK,0.01139944293802416,0.011464664180679707
2022-05-25,639.375732421875,642.8160348600121,636.6811460213428,639.9531102298189,12887112,HDFCBANK,0.007440409067480006,0.007468157688697907
2022-05-26,657.6119384765625,659.6809832899339,644.7647830842534,645.7993054909392,26992428,HDFCBANK,0.028122715961726674,0.028521892730603016
2022-05-27,669.8095703125,671.0846178237094,659.5606740424182,660.0659236596756,24031718,HDFCBANK,0.01837845037688221,0.018548373474172042
2022-05-30,674.3806762695312,683.4987815396562,672.8890092715018,678.5668121550864,12624674,HDFCBANK,0.006801304487061473,0.006824485883202058
2022-05-31,668.3179321289062,675.944488061126,664.0115042012508,671.662083279525,13485388,HDFCBANK,-0.009030746447876268,-0.00899009173003329
2022-06-01,671.1568603515625,673.8513881488794,663.6025497657505,664.0115306279351,12091896,HDFCBANK,0.00423887405634902,0.004247870790497821
2022-06-02,666.4654541015625,667.860852355906,663.3378636546508,667.4999765351084,11475020,HDFCBANK,-0.0070145741973957326,-0.006990029495552719
2022-06-03,664.1558837890625,673.995741003826,662.231212745682,672.8169034842749,6957244,HDFCBANK,-0.003471419803773349,-0.0034654013922048588
2022-06-06,663.2656860351562,667.3796939444019,654.7009350100217,662.2312223234171,6173266,HDFCBANK,-0.0013412436675633705,-0.0013403446022756116
2022-06-07,655.63916015625,661.2688580365657,651.5492343077399,655.3504712553794,10253966,HDFCBANK,-0.01156506613074637,-0.011498447815830537
2022-06-08,657.9488525390625,664.4927227830032,652.9446957397068,660.7877542678001,5986588,HDFCBANK,0.00351661973274121,0.0035228102944036
2022-06-09,662.9048461914062,664.9979730840081,653.0168832680971,655.4708272698372,7311816,HDFCBANK,0.007504263212078195,0.007532490760061794
2022-06-10,650.1057739257812,658.2134392480132,646.4970155862447,654.4362839332251,9155430,HDFCBANK,-0.0194963810452547,-0.019307555736180926
2022-06-13,638.3171997070312,639.9531819947298,629.5118640988112,636.873696288998,10892572,HDFCBANK,-0.018299740750489447,-0.018133317210155764
2022-06-14,631.2921142578125,638.0284630380025,627.9239398677174,630.9312384303023,11870356,HDFCBANK,-0.011066643996713612,-0.011005633958231176
2022-06-15,629.102783203125,633.1205811087782,624.7482500861813,626.3120453531265,11810470,HDFCBANK,-0.0034740433510371134,-0.0034680158443947118
2022-06-16,616.520263671875,635.4060979237764,614.9323865969412,630.3297546494468,12169192,HDFCBANK,-0.020203459712923665,-0.020000737347218744
2022-06-17,620.586181640625,625.0369838737522,611.852974160255,613.4889564580709,14723922,HDFCBANK,0.0065732946816818546,0.006594946197768348
2022-06-20,636.1759643554688,637.547280721459,622.703267102487,627.7795517185277,15936840,HDFCBANK,0.024810712950110322,0.025121060017207375
2022-06-21,643.1047973632812,651.5011513361289,637.0902003236198,643.2731943331319,13220684,HDFCBANK,0.010832494272019847,0.010891378165838628
2022-06-22,640.0733642578125,643.2971645111071,636.6811083122385,641.0356997049206,8159698,HDFCBANK,-0.004724891423127551,-0.004713746683118525
2022-06-23,642.43115234375,648.6141463686242,634.419697319756,640.193710492177,15372244,HDFCBANK,0.003676853705715087,0.003683621624642086
2022-06-24,651.4049072265625,655.1820622227635,644.067099221751,644.067099221751,8013432,HDFCBANK,0.01387177102484091,0.013968430469279092
2022-06-27,652.5838012695312,662.0868649193548,650.5388382056451,659.1998582409274,9804164,HDFCBANK,0.0018081358473013875,0.0018097715106077938
2022-06-28,647.6036376953125,650.0575812882241,643.994879842121,646.6894072919121,9770574,HDFCBANK,-0.007660723032259121,-0.00763145448068181
2022-06-29,646.6654052734375,649.9373696255954,640.5545980485462,640.5545980485462,9994046,HDFCBANK,-0.0014498262031666237,-0.001448775712894368
2022-06-30,648.6141357421875,651.5011422810993,642.8401226643639,642.8401226643639,12475822,HDFCBANK,0.0030089750935581266,0.0030135066030414492
2022-07-01,651.380859375,654.3881578947369,639.9772068826776,646.6653918015329,11472452,HDFCBANK,0.004256520710445002,0.0042655925616648105
2022-07-04,652.2951049804688,654.4843831117648,645.8474450575549,651.3567925787985,8487480,HDFCBANK,0.001402565944821026,0.0014035500004496715
2022-07-05,650.8275146484375,663.6987525096566,648.7585284770123,656.3128389795442,14325718,HDFCBANK,-0.002252421883248973,-0.0022498870845814034
2022-07-06,659.80126953125,660.835791929005,648.18105675633,648.6141194735643,15049078,HDFCBANK,0.013694030263041532,0.013788222963591057
2022-07-07,671.6139526367188,672.6724981664967,661.3409744346241,664.0114788767993,17743142,HDFCBANK,0.01774501729815335,0.017903395538873434
2022-07-08,672.2393798828125,678.4464549412353,671.108647538502,678.4464549412353,12474030,HDFCBANK,0.0009307969495095279,0.0009312302754258539
2022-07-11,676.5940551757812,678.3984342696596,670.3869793455802,670.7478551643559,7462880,HDFCBANK,0.006456972832295494,0.006477864021783297
2022-07-12,669.6893310546875,676.1610141176355,668.5345166503326,676.1610141176355,9876974,HDFCBANK,-0.010257550130971666,-0.010205120881973895
2022-07-13,653.3536376953125,670.8440741987707,651.6214454892688,668.823193081103,15945610,HDFCBANK,-0.02469537867826968,-0.0243929425210464
2022-07-14,650.0817260742188,660.4749379498609,649.215600611124,655.350489555198,10372410,HDFCBANK,-0.005020453770709731,-0.005007872356286747
2022-07-15,655.3745727539062,656.7458891263111,648.0367643942972,651.0199810197498,13595646,HDFCBANK,0.00810885157370386,0.00814181735525854
2022-07-18,648.3975830078125,657.3232089503867,645.7511605542314,648.6140849867697,20332220,HDFCBANK,-0.010702876752241765,-0.010645804759827904
2022-07-19,648.6382446289062,653.6905062823398,643.3213172038678,643.3213172038678,15792538,HDFCBANK,0.00037109479742592286,0.0003711636616183789
2022-07-20,656.8180541992188,659.7290838164299,652.1025868008825,654.3400285637287,20347862,HDFCBANK,0.012531888856688716,0.01261074202461221
2022-07-21,654.7490234375,658.9592412990309,653.473917137891,654.6528133808986,12640278,HDFCBANK,-0.0031550540011582315,-0.003150082048583913
2022-07-22,670.026123046875,672.19137802261,655.5429848453301,657.275177078658,12729592,HDFCBANK,0.023064709364819642,0.02333275661744194
2022-07-25,671.9989013671875,675.8482435588785,665.5994052152816,671.2290446761094,10143126,HDFCBANK,0.00294000440441874,0.002944330455865618
2022-07-26,670.6275634765625,674.5971974845852,667.0428871698978,671.710190933296,8527964,HDFCBANK,-0.0020427697552600254,-0.002040684721113406
2022-07-27,675.7520141601562,676.5218708292028,666.0564720450384,668.2939138771885,9212778,HDFCBANK,0.007612229884980462,0.007641276563445043
2022-07-28,681.7424926757812,685.1828537236895,678.9276731770548,680.8764259957169,17420406,HDFCBANK,0.008825844040418277,0.008864906637489067
2022-07-29,690.0906982421875,692.2078478890704,680.9966756169249,691.9191590136528,20019736,HDFCBANK,0.012171025859053696,0.012245394201027882
2022-08-01,695.8407592773438,696.9474098698968,688.0939701842794,692.4003980885738,13193036,HDFCBANK,0.008297804334550732,0.008332326533023737
2022-08-02,688.190185546875,695.094931123578,684.7258011854689,693.8439067006424,15036510,HDFCBANK,-0.011055607801451487,-0.010994719163065603
2022-08-03,689.8020629882812,690.8365853805471,681.8146902206062,685.6399502739025,10975498,HDFCBANK,0.0023394589893800367,0.002342197658813383
2022-08-04,688.984130859375,696.1053785024752,679.8659665183745,692.8815779882993,12012206,HDFCBANK,-0.0011864525892472508,-0.00118574903264701
2022-08-05,686.6504516601562,691.4139653304088,683.8115502270574,689.5133762386452,9268982,HDFCBANK,-0.0033928798644318595,-0.003387130551625206
2022-08-08,703.4913330078125,704.6701705018421,686.6744848885744,687.1075476112192,15357736,HDFCBANK,0.02423019791068607,0.02452613452294261
2022-08-10,705.536376953125,708.0384260481038,697.2362323052624,703.1545610732601,17353102,HDFCBANK,0.002902775249676863,0.002906992381226381
2022-08-11,714.8709106445312,717.421123242461,709.5059371613006,715.2558683433389,18301766,HDFCBANK,0.013143649930862826,0.013230407384120513
2022-08-12,714.6063232421875,716.6031812290219,710.1795445295438,714.5341363296417,8850370,HDFCBANK,-0.0003701876449559016,-0.0003701191339638976
2022-08-16,722.7860717773438,725.8414749228665,716.0016189595292,719.2495009321705,12563756,HDFCBANK,0.011381494521071492,0.011446510154072609
2022-08-17,726.5151977539062,727.8865140946783,714.8949848396419,721.7516252798,12384350,HDFCBANK,0.005146113212850535,0.0051593771963431845
2022-08-18,727.3812255859375,728.4398298215469,721.5831897478574,721.7515867041628,8342138,HDFCBANK,0.0011913199875232723,0.0011920298910590432
2022-08-19,718.4075317382812,727.5256370949188,716.939946608088,726.563301596116,8063702,HDFCBANK,-0.012413720938739749,-0.012336988544662475
2022-08-22,707.4849853515625,716.1460048012029,706.2098790742172,714.4378945404134,8234066,HDFCBANK,-0.015320593804256885,-0.015203830561589804
2022-08-23,705.2957153320312,710.1795210324121,697.8857201939286,699.2811184238794,14966884,HDFCBANK,-0.003099237936716153,-0.003094440256485975
2022-08-24,708.6879272460938,709.9630335639699,702.1199755407531,703.4191637412739,13455520,HDFCBANK,0.004798101363846647,0.004809630684436517
2022-08-25,704.8385620117188,715.4002292936442,701.0614069473538,712.0801600941289,11823040,HDFCBANK,-0.005446484065654623,-0.005431678862279132
2022-08-26,704.9589233398438,712.9944607425392,703.0823571957231,708.3030747503891,7706176,HDFCBANK,0.00017074981288885138,0.00017076439146790356
2022-08-29,692.5929565429688,695.7686523374972,687.3963207073368,691.438142053239,8653178,HDFCBANK,-0.017697074020573366,-0.017541400480881153
2022-08-30,715.0633544921875,716.9158385123882,694.3731420244557,695.9850421787525,10135400,HDFCBANK,0.0319286841219012,0.0324438730381813
2022-09-01,708.35107421875,716.6752405737923,702.0237069224642,704.7904213260312,22403136,HDFCBANK,-0.00943130811731495,-0.009386972820337514
2022-09-02,714.774658203125,717.1804968372654,705.0069298539969,708.351080797229,12038086,HDFCBANK,0.009027491334683184,0.009068362028616495
2022-09-05,719.369873046875,721.2704621778411,714.101050906599,715.0633864131738,12131932,HDFCBANK,0.006408322828600059,0.006428900061037357
2022-09-06,716.6271362304688,724.9513613297232,715.2317380870402,721.2223114778902,12238696,HDFCBANK,-0.0038199803118124202,-0.003812693468506656
2022-09-07,713.2349853515625,716.9399535633776,707.9421400567993,707.9421400567993,9776206,HDFCBANK,-0.004744733343891239,-0.004733494878172317
2022-09-08,720.5968017578125,721.7516160908172,713.1627836065959,716.9880436773584,11164690,HDFCBANK,0.010268821159467704,0.010321726440019274
2022-09-09,721.0780639648438,726.0822209058895,718.8887856843456,719.9232494805556,15128888,HDFCBANK,0.0006676432201887011,0.000667866143531759
2022-09-12,718.6480712890625,723.676250465666,716.9399023895229,721.751579586768,11080492,HDFCBANK,-0.0033756350235525,-0.0033699439730837666
2022-09-13,728.054931640625,729.4022248737516,721.0539759192867,721.2223728893526,13001966,HDFCBANK,0.013004732704039772,0.013089662001999347
2022-09-14,735.537109375,740.4690789237419,718.0706961615213,718.8887165967504,20219760,HDFCBANK,0.010224492491037952,0.01027694121584255
2022-09-15,731.7117919921875,741.4554391702014,727.5256559583752,736.1866756721654,13539372,HDFCBANK,-0.005214283747466318,-0.005200712967511567
2022-09-16,718.26318359375,728.8247925761237,713.5717978693896,723.2432582308112,20560046,HDFCBANK,-0.018550656792883532,-0.018379652406341318
2022-09-19,723.0026245117188,728.4879484201334,712.1282454833537,716.4587550842659,12076038,HDFCBANK,0.00657679933115942,0.006598473966402452
2022-09-20,731.7117919921875,733.299669100902,726.5152154056927,728.4879914821296,10781668,HDFCBANK,0.011973857461724,0.012045831073366431
2022-09-21,730.5811157226562,732.0968060364729,724.1575373545131,725.6010407512331,9072304,HDFCBANK,-0.0015464432452610124,-0.0015452481180504574
2022-09-22,715.0152587890625,726.6354714109892,713.4514636402978,722.7139425983661,12048144,HDFCBANK,-0.021536382968662577,-0.02130613096698608
2022-09-23,695.8407592773438,709.7224372346395,691.438062580459,708.4473309391279,15806252,HDFCBANK,-0.02718304341471672,-0.02681690953587812
2022-09-26,686.4579467773438,691.1733552416581,682.2958342078718,685.8324052401812,8923486,HDFCBANK,-0.013575874109160157,-0.013484137534203078
2022-09-27,680.2990112304688,692.881559633574,677.0030238919713,689.2246964827675,12639700,HDFCBANK,-0.009012541987800845,-0.00897205076551133
2022-09-28,668.6066284179688,678.7351736760943,666.8503544937673,676.5218139126857,11816132,HDFCBANK,-0.01733653610477192,-0.017187123043662544
2022-09-29,665.1422119140625,674.6933797809945,663.434101683277,671.8545371114053,14410388,HDFCBANK,-0.00519501751854987,-0.005181546752091926
2022-09-30,683.9078369140625,688.7676199193113,656.7940432846984,663.4341823816585,15781756,HDFCBANK,0.02782229689539204,0.028212951552117893
2022-10-03,679.9862670898438,682.22370896109,674.1641488370536,678.4224718418965,11541112,HDFCBANK,-0.00575056468029969,-0.005734061831947579
2022-10-04,699.13671875,701.5425574242946,686.2173768162974,687.8292769808156,11538526,HDFCBANK,0.02777371251512012,0.02816299767657804
2022-10-06,691.4381103515625,703.7559939592081,690.0908170525987,702.4808875755999,12549198,HDFCBANK,-0.011072668502025155,-0.011011592142094906
2022-10-07,688.454833984375,690.4516331398249,683.4265958004532,688.1901682297433,13297994,HDFCBANK,-0.004323931109975893,-0.004314596378945157
2022-10-10,680.8523559570312,686.1452011270152,672.7687143847188,677.4841817579505,13109302,HDFCBANK,-0.011104237531334627,-0.011042813053319778
2022-10-11,673.9476318359375,681.8147129301799,673.3701952846903,674.1641338324686,14521620,HDFCBANK,-0.010193067560992546,-0.0101412943065875
2022-10-12,678.3502807617188,680.7801425260418,672.3356842119671,675.1745267944143,9225050,HDFCBANK,0.006511382499501198,0.006532627637236166
2022-10-13,670.5553588867188,676.6421426191388,665.9361602736982,674.6212615810351,14714234,HDFCBANK,-0.011557529917415791,-0.011490998229184868
2022-10-14,692.400390625,696.249732615966,680.9726565893199,681.8147001498437,12849920,HDFCBANK,0.03205812455979823,0.032577521674793886
2022-10-17,696.033203125,701.3500712981873,686.6263505116987,690.475692350587,18410500,HDFCBANK,0.005232977373125022,0.005246693313851081
2022-10-18,694.7340698242188,703.90033929577,692.8815856653596,701.5666873690876,10561108,HDFCBANK,-0.0018682258403831596,-0.001866481792748509
2022-10-19,701.8553466796875,710.8772419458467,699.329216005163,704.4295823817055,12967040,HDFCBANK,0.010198184936396692,0.010250363649605632
2022-10-20,697.1159057617188,699.0886819198254,694.0845252418784,694.8062769145736,7898078,HDFCBANK,-0.006775634655378103,-0.006752731799208989
2022-10-21,692.2079467773438,701.3742163513118,689.9945867678867,698.6556066854753,10492606,HDFCBANK,-0.007065277676965825,-0.007040377279890375
2022-10-24,703.0101928710938,703.9484465267632,699.7623104281301,699.7623104281301,2167794,HDFCBANK,0.015484979211371078,0.015605492748300698
2022-10-25,698.1263427734375,706.2580899913314,695.2874411281454,703.0342306280569,13773394,HDFCBANK,-0.00697129758960353,-0.006947054462625335
2022-10-27,699.8104248046875,706.0415240061888,698.2947345638005,704.6702075925484,15937276,HDFCBANK,0.002409383435647538,0.002412288332452439
2022-10-28,701.8793334960938,705.8730490883848,696.442173472227,697.6931978037887,10474278,HDFCBANK,0.0029520229874011954,0.002956384497964093
2022-10-31,720.1637573242188,720.7892989018973,705.9933903964011,708.2789372387135,12830528,HDFCBANK,0.025717127233065823,0.026050665628021052
2022-11-01,728.1271362304688,735.7055286941263,721.2223903997298,723.4357504196331,19073756,HDFCBANK,0.01099704375105563,0.011057733501944167
2022-11-02,728.5841674804688,735.34459771333,727.33314310533,729.931460645262,12720406,HDFCBANK,0.000627483652843896,0.0006276805618947723
2022-11-03,725.3844604492188,731.4952673413037,720.3081172240958,720.6449111524606,10332352,HDFCBANK,-0.00440134970610185,-0.004391677961264162
2022-11-04,720.3803100585938,729.4984154442802,716.7474700445205,723.2913397099678,10818060,HDFCBANK,-0.006922523603404471,-0.006898618130757872
2022-11-07,725.9859619140625,727.5256752984809,717.9504248353214,726.5633397491442,9835834,HDFCBANK,0.007751397459469234,0.00778151731411536
2022-11-09,725.7693481445312,730.38854669658,723.6762802249166,728.9932072410344,9269790,HDFCBANK,-0.00029841636484872125,-0.00029837184311409803
2022-11-10,733.6605834960938,734.743211017239,719.3699237114974,720.3562824334263,12774182,HDFCBANK,0.01081423929375037,0.010872924534133244
2022-11-11,775.2333984375,787.6715724866862,740.0359673088109,743.404141412297,56722338,HDFCBANK,0.05511764192796369,0.05666491546172536
2022-11-14,777.1100463867188,783.3411456416203,768.906112245276,775.6424611635699,19195390,HDFCBANK,0.0024178268922362203,0.002420752192825004
2022-11-15,779.0105590820312,781.0074169195871,772.3945027587589,781.0074169195871,11030202,HDFCBANK,0.0024426302608872475,0.0024456159126358124
2022-11-16,785.6988525390625,790.0774674383857,775.6424345375626,778.8422119111716,13578150,HDFCBANK,0.008548979308014149,0.008585626188318374
2022-11-17,778.6016235351562,785.0492832742325,776.5566605526772,778.5775416526076,12100930,HDFCBANK,-0.009074059377153694,-0.009033014342544665
2022-11-18,776.556640625,780.9352553866862,772.3945278555009,779.9729198902146,10459232,HDFCBANK,-0.0026299369472201303,-0.0026264816927444867
2022-11-21,768.5933227539062,775.6424423049926,765.1529614641645,773.5493742606727,8344816,HDFCBANK,-0.010307592875653786,-0.010254651695058015
2022-11-22,767.4625244140625,771.9614309133688,765.537853506441,769.8683630485893,8546314,HDFCBANK,-0.0014723404050783978,-0.001471257043701657
2022-11-23,769.4594116210938,772.2742311837565,766.9813859856123,772.2742311837565,10185738,HDFCBANK,0.0025985553122443586,0.002601934483453583
2022-11-24,781.9697265625,785.2657136747216,769.4593659279763,772.7312711598448,17197960,HDFCBANK,0.01612782150380741,0.01625857680400533
2022-11-25,778.3610229492188,785.1213945985398,776.6528539412901,784.1590590980275,8410496,HDFCBANK,-0.004625570634556561,-0.004614889158362834
2022-11-28,769.9886474609375,773.4530315663065,767.0054310777749,771.2637536720435,16105980,HDFCBANK,-0.010814685143897383,-0.010756416677389913
2022-11-29,768.8338623046875,775.8107945409757,766.4280236025191,768.5451734076865,12638236,HDFCBANK,-0.0015008688340528158,-0.0014997430936909417
2022-11-30,773.9342651367188,776.0754969244954,768.4730227722782,768.4730227722782,15184806,HDFCBANK,0.006612038871380873,0.006633946658829659
2022-12-01,779.251220703125,787.6716568638566,777.0859656903655,780.454140154658,20446366,HDFCBANK,0.0068465439373396565,0.00687003509977302
2022-12-02,773.28466796875,778.8180970128258,772.3464143644907,774.6800661706023,7811078,HDFCBANK,-0.007686240495128812,-0.0076567768851120155
2022-12-05,776.0994873046875,776.893425827618,768.0399276122688,774.6559840761946,11592622,HDFCBANK,0.0036334725938116873,0.0036400816575496986
2022-12-06,775.2333984375,776.46034090485,769.8683665111166,770.349534240186,12353092,HDFCBANK,-0.0011165739669797333,-0.0011159508302155396
2022-12-07,774.8965454101562,778.8180741474324,772.0095390371375,776.6769012486282,11674720,HDFCBANK,-0.0004346126387442214,-0.0004345182083520527
2022-12-08,779.251220703125,782.378811277111,772.2742878842332,774.6801267872993,14803634,HDFCBANK,0.005603954507040978,0.005619686032622306
2022-12-09,784.8087158203125,786.637118107019,779.4917884600618,782.3787950839879,11963384,HDFCBANK,0.0071065288183102815,0.007131840117199806
2022-12-12,790.9194946289062,795.6589852525027,780.1654070879796,781.897599252911,14434808,HDFCBANK,0.007756171911495801,0.007786328930109443
2022-12-13,793.1088256835938,797.2949616133573,791.5209486143468,793.9267873639345,17031702,HDFCBANK,0.0027642592252840386,0.0027680833125940385
2022-12-14,799.821044921875,801.3848400164733,793.9267403345427,795.3702434987874,14227640,HDFCBANK,0.008427563685494743,0.008463175570510018
2022-12-15,785.1695556640625,803.2614512642567,782.8840088582007,797.3190413162754,18182648,HDFCBANK,-0.018488319861597848,-0.018318459298909295
2022-12-16,788.9467163085938,791.5690570624564,774.1989129626363,779.5158401167187,14647958,HDFCBANK,0.00479909643423391,0.004810630541242311
2022-12-19,791.400634765625,792.3148652124158,782.4749497572581,791.0397589631783,9604542,HDFCBANK,0.0031055456606802418,0.0031103728633448124
2022-12-20,785.9393920898438,787.3828952985053,779.5879427299554,779.5879427299554,7174698,HDFCBANK,-0.006924650874708544,-0.006900730724582527
2022-12-21,778.3369140625,791.4247116571615,773.0200458484181,789.5962507751079,9269198,HDFCBANK,-0.009720198222807336,-0.009673109789201995
2022-12-22,775.6665649414062,783.1005838558391,774.1989796768327,780.5503710559809,9747096,HDFCBANK,-0.0034367384442846576,-0.0034308396182264334
2022-12-23,768.7376708984375,771.8652612871225,762.867389080973,763.6132225912555,10693152,HDFCBANK,-0.008972962352157473,-0.008932825464111782
2022-12-26,784.0387573242188,788.6339327760353,765.0567133092716,769.6278068793584,9907322,HDFCBANK,0.019708673354615753,0.019904171481408772
2022-12-27,784.832763671875,787.1664156857469,776.3642223890472,785.7469942121562,7926772,HDFCBANK,0.0010122006866996288,0.0010127131347001939
2022-12-28,784.2072143554688,785.7469276450677,780.9833552219441,780.9833552219441,8691870,HDFCBANK,-0.0007973657246592349,-0.0007970479130861019
2022-12-29,789.7406616210938,790.7992071900476,775.1612551160126,779.5398699494827,11012896,HDFCBANK,0.007031325684484994,0.007056103494499144
2022-12-30,783.4132080078125,791.520872062532,779.4916794779951,791.520872062532,7122640,HDFCBANK,-0.008044334196276438,-0.008012065125648893
2023-01-02,783.6778564453125,788.994783343364,778.7940509867589,782.8598948008254,4381378,HDFCBANK,0.0003377575764664245,0.0003378146229791046
2023-01-03,788.8023681640625,790.5586422632767,780.5503292014555,780.5503292014555,8378030,HDFCBANK,0.0065177670025468055,0.006539053868376943
2023-01-04,774.7041625976562,791.8818278494382,773.2365774595456,786.709274515468,10351600,HDFCBANK,-0.018034574723196885,-0.017872925000491313
2023-01-05,769.7240600585938,778.5535356487463,764.7680672572426,777.085950452134,10941436,HDFCBANK,-0.006449143737213554,-0.0064283926426362825
2023-01-06,767.1738891601562,774.2470317456477,759.3789361975485,770.8307523930382,9092462,HDFCBANK,-0.0033185980112374123,-0.00331309755114495
2023-01-09,768.66552734375,775.4259581366615,765.0567689994132,767.9437756748827,10729340,HDFCBANK,0.0019424409043944087,0.0019443286648177516
2023-01-10,754.6154174804688,769.8684118966518,753.0275403864125,769.8684118966518,16371766,HDFCBANK,-0.0184476913030825,-0.01827857418275758
2023-01-11,765.48974609375,768.9060251968651,750.6216516314828,754.4469115539331,15195798,HDFCBANK,0.014307581313964831,0.014410424649934583
2023-01-12,769.5796508789062,771.7449055844786,762.2418432655777,763.9981171629116,9250070,HDFCBANK,0.005328637872325456,0.005342860313971354
2023-01-13,770.1812133789062,774.6320153125537,763.1320937043018,769.2669828560861,9244546,HDFCBANK,0.0007813713734003255,0.0007816767235373501
2023-01-16,762.7952270507812,780.1172653577423,760.3893883970367,777.0858851595061,14748094,HDFCBANK,-0.009636212646678632,-0.009589933122000627
2023-01-17,774.1508178710938,775.1612584159965,759.0421385172157,764.9605254372576,10786354,HDFCBANK,0.014777093175561664,0.014886814203356913
2023-01-18,787.8159790039062,789.884965083016,769.724024650822,772.274237215273,19090642,HDFCBANK,0.017497823664289484,0.017651807396382502
2023-01-19,791.087890625,793.9267921137573,785.7469403162216,787.6716113274065,11172162,HDFCBANK,0.004144541498136212,0.00415314198784178
2023-01-20,799.195556640625,803.068980550622,790.7510978089086,791.0878917418223,18843404,HDFCBANK,0.010196592658940965,0.010248755052007619
2023-01-23,805.041748046875,809.6128416563689,799.4121088854909,801.7457607178152,15444400,HDFCBANK,0.007288469441716385,0.0073150949822895495
2023-01-24,815.8198852539062,819.139954334254,805.9559468005266,805.9800286815163,24983940,HDFCBANK,0.01329946474277391,0.013388295989841925
2023-01-25,793.2772216796875,814.5929177332151,791.6653214666925,813.8471429635326,14704142,HDFCBANK,-0.028020855223585835,-0.027631912364091016
2023-01-27,777.4708862304688,787.6716191971464,765.032652707376,785.2657804091282,35179948,HDFCBANK,-0.02012654853126204,-0.019925361547316833
2023-01-30,776.6768798828125,782.0419116590099,761.2073260790175,767.462506381816,18512822,HDFCBANK,-0.0010217901206706695,-0.0010212682709007659
2023-01-31,771.552490234375,780.7908875770869,767.4625643428925,779.3473843212695,18596244,HDFCBANK,-0.00661970178332389,-0.006597839823957008
2023-02-01,783.1245727539062,801.1442809848427,772.7553845415359,781.4164037954262,17302790,HDFCBANK,0.014887073998982986,0.014998438429012051
2023-02-02,771.4802856445312,781.6569951120864,764.4552483744704,773.7658324138648,17497106,HDFCBANK,-0.014980661887750086,-0.014869010007471872
2023-02-03,798.1611328125,798.9790945397306,773.236618443449,775.1612895534513,14411100,HDFCBANK,0.03399937968742202,0.0345839649624724
2023-02-06,794.7688598632812,803.2614827057959,792.0983552594887,798.7384939446326,11167672,HDFCBANK,-0.004259167813959122,-0.004250110422271858
2023-02-07,795.9476318359375,801.0961617651983,785.5544206626682,798.449739262286,10264588,HDFCBANK,0.0014820644590953238,0.001483163259389686
2023-02-08,795.8515014648438,802.6840603891873,793.9268303609384,795.9717934088378,8444826,HDFCBANK,-0.00012078203738096174,-0.00012077474352434336
2023-02-09,794.1915283203125,799.5324791028548,786.9740113881463,798.7385404930559,11777336,HDFCBANK,-0.0020879607865971267,-0.0020857825127877927
2023-02-10,797.3430786132812,798.0167252205403,790.173667284601,793.3494214707791,8172116,HDFCBANK,0.003960396963420559,0.003968249698701909
2023-02-13,797.9445190429688,799.5805011250109,791.3044393965116,796.3326188427218,5736944,HDFCBANK,0.0007540213552299205,0.0007543057007950438
2023-02-14,805.3304443359375,807.1589052910266,797.7520522296284,801.1443083812574,10908592,HDFCBANK,0.009213613024935771,0.009256189016533689
2023-02-15,803.6945190429688,807.3994872360046,797.1746725138561,807.3994872360046,11438712,HDFCBANK,-0.002033437508922049,-0.0020313714754912615
2023-02-16,800.783447265625,809.2760700053668,799.2196520403804,805.0898752375481,8062500,HDFCBANK,-0.0036286880003785467,-0.003622112268241162
2023-02-17,796.7656860351562,802.6599909509282,790.5345284538475,799.2196298038508,8956270,HDFCBANK,-0.005029916911494651,-0.0050172880623193805
2023-02-20,789.2835083007812,803.2854781022144,786.6130625255412,798.7384663515395,8086706,HDFCBANK,-0.009435058214465471,-0.009390687708462409
2023-02-21,792.2427368164062,799.8692342574486,786.2281396647481,789.115146297544,12389296,HDFCBANK,0.0037422483228266895,0.0037492592769305944
2023-02-22,776.7009887695312,790.0533943514464,774.2230217496752,788.6339729282492,10359102,HDFCBANK,-0.019812382272552248,-0.019617406792934222
2023-02-23,771.4321899414062,778.9383950431011,766.0671578181314,776.1235754720026,27882010,HDFCBANK,-0.006806674313134309,-0.006783561376008995
2023-02-24,764.551513671875,778.4813560195853,762.7471345130758,778.4813560195853,17061740,HDFCBANK,-0.008959368877990492,-0.008919353326510615
2023-02-27,766.4521484375,769.3872600713753,758.9459430133319,763.0839740657053,14312972,HDFCBANK,0.002482862437304694,0.002485947292808266
2023-02-28,769.6759033203125,772.4185946735463,764.431163219567,766.0190402522969,18993992,HDFCBANK,0.004197253753483079,0.004206074559754969
2023-03-01,768.9302368164062,776.1236720304117,767.8235273667264,775.6425042238213,14137256,HDFCBANK,-0.0009692754277181339,-0.0009688058320255211
2023-03-02,762.38623046875,772.7313372630384,761.2073929564784,766.981406050965,17391814,HDFCBANK,-0.008546954629286514,-0.008510533250389973
2023-03-03,777.5189819335938,779.4917579688479,764.094389910204,767.943731924865,14986234,HDFCBANK,0.019654766411241014,0.019849193046862057
2023-03-06,783.0042724609375,788.8504134058667,778.5534709474247,779.4917245287281,27004710,HDFCBANK,0.007030094685424239,0.00705486381014464
2023-03-08,784.568115234375,788.8745431955432,779.4917718675084,779.4917718675084,20099774,HDFCBANK,0.001995242203188348,0.0019972340234140074
2023-03-09,784.6402587890625,791.9780672791738,782.859961535162,784.27938296168,20700166,HDFCBANK,9.194898004952685e-05,9.195320748656144e-05
2023-03-10,764.4072265625,776.4845264268987,762.6509523697192,774.8966492145099,27387000,HDFCBANK,-0.02612467746334968,-0.025786380446229162
2023-03-13,754.7356567382812,771.6968190039678,753.0034059433883,764.0462404475056,26443550,HDFCBANK,-0.012733101807165813,-0.012652378847478052
2023-03-14,752.7147827148438,761.9772622068983,750.2849207392273,755.5536842804477,33185612,HDFCBANK,-0.0026811829844290763,-0.0026775918235678597
2023-03-15,741.9125366210938,761.6404136039248,739.3623241507462,759.2826799733518,37264754,HDFCBANK,-0.014455020385760202,-0.014351048155038404
2023-03-16,746.7242431640625,750.1886274704333,737.1730750713688,740.5171674402086,21753342,HDFCBANK,0.006464603542658947,0.006485544192153414
2023-03-17,756.70849609375,759.8601097073861,740.9983568458301,749.4187927190782,22950876,HDFCBANK,0.0132821368720709,0.013370736280613693
2023-03-20,751.4636840820312,754.5190873460873,743.5966036348024,754.446900441081,26503114,HDFCBANK,-0.0069552180100072615,-0.006931086460365221
2023-03-21,759.9804077148438,761.4479929018443,748.793257108229,756.3716494546454,33050494,HDFCBANK,0.01126977017495969,0.01133351326646781
2023-03-22,758.2241821289062,763.156151684689,753.1719206327385,762.1697342790129,14177324,HDFCBANK,-0.002313556922489153,-0.002310882712382334
2023-03-23,752.137451171875,765.2251917130186,749.9240910601629,754.3508112835871,28364178,HDFCBANK,-0.008060008641895515,-0.00802761386472961
2023-03-24,750.9344482421875,757.3099208232004,748.1917568712191,750.6216774626521,31477748,HDFCBANK,-0.0016007260690989436,-0.001599445590447779
2023-03-27,754.2063598632812,759.9803728144399,750.092410877359,751.6802291971494,31872006,HDFCBANK,0.004347655391851294,0.004357120157095995
2023-03-28,760.34130859375,761.6404968520089,752.5945190205312,753.3643757274799,39276302,HDFCBANK,0.008101405340585382,0.008134310524218868
2023-03-29,763.9981689453125,770.8307274292553,761.1592675027767,762.1697080199377,39763612,HDFCBANK,0.004797969770746017,0.004809498458430372
2023-03-31,774.4635620117188,776.0994853441741,766.2115234957539,767.7512367744048,34711228,HDFCBANK,0.013605219142915891,0.01369819129390537
2023-04-03,774.9447021484375,777.4226689404504,771.1915704030113,773.5011989750112,40025398,HDFCBANK,0.0006210631030099041,0.0006212560026310765
2023-04-05,795.7310791015625,796.813706420068,777.5669985355254,778.8180228007624,43365392,HDFCBANK,0.026469613697678862,0.026823045432141646
2023-04-06,801.7938842773438,803.1652006446278,792.5314049071793,793.2291334002176,44637344,HDFCBANK,0.007590284249038856,0.0076191634774736006
2023-04-10,797.99267578125,804.0313548734133,795.8515026694348,800.3023046039525,31813286,HDFCBANK,-0.004752153499148863,-0.00474087988276406
2023-04-11,800.3262939453125,803.2614052965625,794.4560125065183,798.2572492502067,42361542,HDFCBANK,0.0029200927555534696,0.002924360379345403
2023-04-12,810.7196044921875,812.3074229248433,802.4916471991853,802.5878572606912,26955504,HDFCBANK,0.01290274193561586,0.012986341477848828
2023-04-13,814.3523559570312,816.5657746530499,807.4716921966794,812.3555567321653,35330086,HDFCBANK,0.00447088818767782,0.004480897519579807
2023-04-17,801.9382934570312,827.6085828103118,795.5147153318975,827.6085828103118,32405148,HDFCBANK,-0.01536147798777781,-0.015244092325871539
2023-04-18,798.5460205078125,807.0386434079419,797.00630713609,803.550177070361,29637226,HDFCBANK,-0.004239064387514321,-0.004230092236392924
2023-04-19,801.4810791015625,803.6944976892919,797.3671301762054,801.1442851788886,24741168,HDFCBANK,0.003668765218518623,0.0036755033753514965
2023-04-20,804.4644165039062,807.1348624191324,801.8179937357015,804.3681477069183,32922716,HDFCBANK,0.003715369970316704,0.003722280513082099
2023-04-21,805.7635498046875,806.8942823364474,800.3023072681698,803.0690219934318,20128618,HDFCBANK,0.0016136020611294839,0.0016149046174436243
2023-04-24,812.2833251953125,813.8711434821779,805.5228950106629,811.729970551708,35675852,HDFCBANK,0.008058865014427237,0.008091425074024938
2023-04-25,800.7352905273438,812.066755339811,799.6526631336261,812.066755339811,50353068,HDFCBANK,-0.014318783255408949,-0.014216757022793791
2023-04-26,804.416259765625,805.955973055451,796.3326181532963,798.738456878835,27392750,HDFCBANK,0.004586452525566406,0.004596986397161329
2023-04-27,808.8429565429688,810.8879194015693,801.5532536644629,803.7906953628967,47790392,HDFCBANK,0.005487906521821022,0.0055029926653067385
2023-04-28,812.0186157226562,813.6545976840637,803.5500757731439,810.6232176162707,27916272,HDFCBANK,0.003918487917075296,0.003926175228452733
2023-05-02,811.8502197265625,817.5039403262289,809.3240892458605,812.5478894124298,32221184,HDFCBANK,-0.00020740098340611563,-0.00020737947730897766
2023-05-03,814.689208984375,816.0605253605099,808.1934441893474,810.7435980893194,29407270,HDFCBANK,0.003490837161005386,0.0034969372290971634
2023-05-04,831.3616943359375,834.5614130090665,811.7781309061464,811.7781309061464,56854638,HDFCBANK,0.02025825022597754,0.02046484127652448
2023-05-05,782.2103271484375,799.1955126698393,780.5021582230617,788.6339045566583,62770416,HDFCBANK,-0.060941287139500165,-0.05912152017872363
2023-05-08,791.25634765625,794.095249360511,784.3034965950662,786.7093355416769,37244524,HDFCBANK,0.01149833081080224,0.011564690715334836
2023-05-09,791.2803344726562,796.8137633850524,789.0909977997552,793.878651970084,43688938,HDFCBANK,3.0314389143627158e-05,3.0314848629364732e-05
2023-05-10,794.937255859375,796.1642571593527,785.7950682892969,791.2803925786036,46340550,HDFCBANK,0.00461087796265874,0.004621524417330436
2023-05-11,795.466552734375,812.2112150220032,793.5659634923215,801.216542964019,35734618,HDFCBANK,0.000665613213049039,0.0006658347826808964
2023-05-12,802.4916381835938,804.8974770572269,791.1601135942614,792.4833249747595,22478760,HDFCBANK,0.00879263393553338,0.008831402684462919
2023-05-15,806.3410034179688,808.7227604763904,801.1924728395238,804.5125423272495,18512260,HDFCBANK,0.004785298955793197,0.004796766783873085
2023-05-16,801.7174072265625,813.641207320555,800.1113205928083,813.641207320555,32722086,HDFCBANK,-0.005750548490271844,-0.005734045734754223
2023-05-17,797.4102172851562,803.0314612780545,791.0346460503185,803.0314612780545,30466868,HDFCBANK,-0.005386937591817501,-0.005372454062468779
2023-05-18,800.5980224609375,804.953835962047,798.1645938212387,802.0580796447568,49646942,HDFCBANK,0.003989728369475975,0.003997697930977484
2023-05-19,801.5227661132812,803.0314800422937,794.0521518021368,802.0581085513332,30460332,HDFCBANK,0.0011543995454456242,0.0011550661210744106
2023-05-22,798.6757202148438,804.4429348055172,794.6118464382748,800.5981052751066,28334032,HDFCBANK,-0.0035583696983448087,-0.003552046203557424
2023-05-23,796.8018798828125,802.8367950174272,794.9768083346355,802.5447954516952,22470074,HDFCBANK,-0.0023489407729650846,-0.002346184170375465
2023-05-24,786.3868408203125,795.6095118101778,785.3160965486113,792.1053982534182,33588112,HDFCBANK,-0.013157230308475319,-0.01307105232235617
2023-05-25,783.3693237304688,788.455225154943,777.407423655138,786.3380947431477,29776930,HDFCBANK,-0.003844572647328796,-0.0038371917397499455
2023-05-26,786.3868408203125,787.944211421121,779.7922252930767,787.944211421121,26635066,HDFCBANK,0.0038445726473288733,0.003851972496796474
2023-05-29,795.9744873046875,798.6512587386072,790.7912725552128,792.5676872978805,21816292,HDFCBANK,0.012118298956161982,0.012192023043485545
2023-05-30,796.5828857421875,799.4543434930372,792.5920864341458,795.0498137776772,37125928,HDFCBANK,0.0007640521809689214,0.0007643441431899323
2023-05-31,783.9777221679688,795.706836766176,780.9602943063138,793.249109394473,43334270,HDFCBANK,-0.015950582042343005,-0.015824045180777846
2023-06-01,780.6439208984375,788.3822359863269,778.6971779535536,788.3822359863269,50366938,HDFCBANK,-0.004261485617980725,-0.004252418372695743
2023-06-02,781.8606567382812,785.9001722239442,779.1838851154611,784.7564131844704,17859710,HDFCBANK,0.001557417627053442,0.001558631031730151
2023-06-05,780.838623046875,786.7275086936293,779.889550195903,785.7541372012771,18697242,HDFCBANK,-0.0013080364857763732,-0.0013071813789299336
2023-06-06,778.4051513671875,783.4909933701617,774.9253365920524,782.4203085516023,32182852,HDFCBANK,-0.003121351125925085,-0.003116484774013828
2023-06-07,782.444580078125,784.805053262948,776.7503811233141,780.3761658426776,24949026,HDFCBANK,0.005175946982880281,0.005189365337373131
2023-06-08,782.9312744140625,791.350960923385,780.278861070367,780.278861070367,37395522,HDFCBANK,0.0006218242733502062,0.0006220176461428917
2023-06-09,783.8560180664062,787.7008471820789,782.1039613355581,786.4354761770152,18212578,HDFCBANK,0.0011804330609032742,0.0011811300462301055
2023-06-12,779.0864868164062,786.3867722647989,778.4294135981509,784.8050437509804,13408292,HDFCBANK,-0.006103290480067695,-0.006084703236399647
2023-06-13,780.4005737304688,783.0773452649356,773.8789730190645,773.8789730190645,27926108,HDFCBANK,0.0016852813445226045,0.0016867022292124112
2023-06-14,779.5488891601562,784.5374180278894,778.7945024942541,783.7830313619872,20113968,HDFCBANK,-0.0010919387777581677,-0.0010913428295437066
2023-06-15,769.961181640625,781.5929230405386,768.4767664026215,780.6439096325554,35377476,HDFCBANK,-0.012375305022603167,-0.012299045836445921
2023-06-16,780.0355834960938,783.1746828103192,770.9102257106925,772.4432977006162,15779272,HDFCBANK,0.012999438386674894,0.013084298398007954
2023-06-19,780.7169799804688,785.6324943134937,777.8941787861185,784.0507655809437,24829146,HDFCBANK,0.0008731640666339574,0.0008735453853541131
2023-06-20,782.3472900390625,784.0506900484788,774.146647589991,780.7169047691681,20005626,HDFCBANK,0.0020860442926963914,0.002088221596812989
2023-06-21,796.0231323242188,796.8261756245972,784.050675786365,786.4841043269806,24308946,HDFCBANK,0.017329499261746324,0.017480526179714184
2023-06-22,799.9166259765625,806.7059273185989,797.702241628417,798.1645692917998,56596140,HDFCBANK,0.004879258576660154,0.00489118154264645
2023-06-23,799.8679809570312,807.8496386483743,795.2688246661945,796.9722246864862,21339218,HDFCBANK,-6.0814461316160033e-05,-6.08126121542929e-05
2023-06-26,795.9989013671875,803.396500995714,792.6650564551716,800.598057936059,16130314,HDFCBANK,-0.004848884594835237,-0.004837147731822533
2023-06-27,807.2169799804688,814.1766100290189,797.4589662553369,799.6003360457688,33831864,HDFCBANK,0.013994698821391508,0.01409308303568424
2023-06-28,815.7583618164062,817.5834334461853,808.1417176661517,812.7652324615918,59562950,HDFCBANK,0.010525681412535995,0.010581271266300929
2023-06-30,828.047119140625,831.6486054517263,819.2137611926184,829.3124901661796,40699016,HDFCBANK,0.014951874055393173,0.015064212516137765
2023-07-03,837.002197265625,855.3502267293802,832.2326530339916,833.449367439012,44104116,HDFCBANK,0.010756635713264602,0.01081469631135712
2023-07-04,841.0902709960938,850.2399866599931,834.0820438772298,838.778513734139,38795188,HDFCBANK,0.004872296247207904,0.004884185183532397
2023-07-05,814.3712768554688,837.0994772709068,812.0595195781218,835.2744057361592,37165754,HDFCBANK,-0.032282615814055,-0.03176709452242499
2023-07-06,815.1986083984375,821.4525082286525,808.0930085295972,814.2252369257229,52156544,HDFCBANK,0.0010153987521975374,0.0010159144440400336
2023-07-07,808.093017578125,815.1986175265295,806.0976179186929,810.3317601084606,19926336,HDFCBANK,-0.00875460217917571,-0.008716392235104897
2023-07-10,806.1705932617188,816.0503378295722,802.8854644229833,808.3850372058562,38398442,HDFCBANK,-0.002381798378303611,-0.00237896414718175
2023-07-11,802.2527465820312,815.6852604691176,800.8413461228718,809.3583461576029,50670426,HDFCBANK,-0.004871670699137614,-0.004859823358026594
2023-07-12,794.7335205078125,810.9645387950601,791.9107786303803,805.6352938593309,70958358,HDFCBANK,-0.009416839448413422,-0.009372639864748566
2023-07-13,798.699951171875,806.6572510904781,797.2155953198356,806.2922367876993,41913546,HDFCBANK,0.00497848065448136,0.004990893880414182
2023-07-14,800.3546752929688,804.7835035114284,795.7311609024043,804.7835035114284,24727214,HDFCBANK,0.0020696287473313045,0.0020717719071672303
2023-07-17,817.0966796875,818.6053935606003,794.7577929158504,803.0314502823962,49252928,HDFCBANK,0.020702449313617408,0.02091823151829897
2023-07-18,816.415283203125,829.3124545920268,812.7651403572094,826.3923403152943,81076818,HDFCBANK,-0.000834271850315402,-0.0008339239423119649
2023-07-19,820.1141357421875,821.8905505906512,815.1986216073076,818.1673927652148,32935134,HDFCBANK,0.004520369502301403,0.0045306017846094004
2023-07-20,821.8905639648438,823.4722926593728,817.6320636334198,818.1917641303833,56210948,HDFCBANK,0.002163731828583823,0.0021660743855471676
2023-07-21,815.5635986328125,822.4015567907909,814.3468843278255,817.6320129512904,42154248,HDFCBANK,-0.007727846022818211,-0.007698062989687671
2023-07-24,816.8533325195312,819.8951183000274,812.813817239081,816.9019892100436,32179444,HDFCBANK,0.001580152876958734,0.001581401976352037
2023-07-25,825.7109985351562,826.879056170404,816.8533420034627,819.8951278192749,55992596,HDFCBANK,0.01078527240589828,0.010843643115593382
2023-07-26,822.8395385742188,827.1710534459679,821.5255108693627,827.1710534459679,24794358,HDFCBANK,-0.0034836212784636464,-0.003477560509708044
2023-07-27,814.2982177734375,828.8257745170246,811.5240735457453,827.3170606790924,59741302,HDFCBANK,-0.010434550502134559,-0.010380299439160745
2023-07-28,799.8679809570312,812.2298101291246,798.6999233468555,808.628323918532,41015684,HDFCBANK,-0.017879969563510508,-0.017721071348852147
2023-07-31,803.6154174804688,806.3409049738307,797.531846128994,803.0557764440342,34565006,HDFCBANK,0.004674128026214522,0.004685068802171344
2023-08-01,808.9933471679688,811.5240891764785,803.0314470309211,805.1971747453257,35394188,HDFCBANK,0.006669875226795037,0.006692168381190466
2023-08-02,798.4080200195312,803.7615635856482,794.8308914277848,799.1380486876382,28116322,HDFCBANK,-0.013170923437854061,-0.013084566375599294
2023-08-03,792.6407470703125,803.6884896703888,789.8909607409018,798.1646183703506,57673946,HDFCBANK,-0.007249681251921981,-0.007223465702508425
2023-08-04,804.1021728515625,806.1949453417267,792.9327586465489,795.8042164551875,37388304,HDFCBANK,0.01435625295652679,0.014459798873086793
2023-08-07,803.6397705078125,809.4069842309956,801.8390571629793,809.4069842309956,28300918,HDFCBANK,-0.0005752196220416563,-0.0005750542149515203
2023-08-08,802.9828491210938,805.7569341954113,799.1623777784342,803.8588478451442,43773828,HDFCBANK,-0.0008177669295852215,-0.0008174326493369799
2023-08-09,803.2748413085938,805.2215843350914,793.8331257481036,804.4915557001548,33361236,HDFCBANK,0.0003635683022171467,0.0003636344011825887
2023-08-10,796.1448364257812,805.099865704745,793.7844225264857,801.5957522263969,50781118,HDFCBANK,-0.008915798915346721,-0.008876171039039593
2023-08-11,787.8468627929688,797.385890968424,786.5814324003055,797.385890968424,28225822,HDFCBANK,-0.010477390186356735,-0.010422693526551674
2023-08-14,784.0020751953125,785.9974748594191,778.8188601509507,784.0507318876311,31304410,HDFCBANK,-0.004892067135236003,-0.004880120464053395
2023-08-16,781.714599609375,783.3937010320665,769.5961724006356,770.4721710730195,34137542,HDFCBANK,-0.0029219554856282754,-0.002917690728519662
2023-08-17,777.3831176757812,783.5153458133944,775.7770310495571,777.529087744607,52884040,HDFCBANK,-0.005556410005141181,-0.005541001710545279
2023-08-18,774.1953125,776.8964420218484,771.6402124587459,772.6379419530916,25633366,HDFCBANK,-0.004109118300758215,-0.004100687425927285
2023-08-21,773.5870361328125,778.9405796354617,772.3703217003922,778.9405796354617,21837270,HDFCBANK,-0.0007859973322999512,-0.0007856885173113115
2023-08-22,770.2774658203125,777.7237811054864,768.963438139342,776.9207377849476,32273570,HDFCBANK,-0.004287390995705731,-0.004278213255802021
2023-08-23,772.1755981445312,774.0980425006611,765.6783552717781,768.9634840803492,36498588,HDFCBANK,0.002461187736231313,0.0024642189450490015
2023-08-24,768.622802734375,776.8477441031978,767.0897307917666,775.4364030038525,43145792,HDFCBANK,-0.004611637323387649,-0.004601020051259508
2023-08-25,759.9598388671875,767.7468112795314,758.4511248442728,766.3111120049593,30069756,HDFCBANK,-0.01133475728471287,-0.01127076094590096
2023-08-28,767.868408203125,770.2531801549441,759.9597651143588,759.9597651143588,28867238,HDFCBANK,0.010352786692886862,0.010406562204295033
2023-08-29,773.976318359375,775.1200179106506,769.669102242421,773.6842594017068,35538932,HDFCBANK,0.007922901705544777,0.00795437094559337
2023-08-30,768.3307495117188,780.6195643753474,765.8973208258516,780.6195643753474,28084204,HDFCBANK,-0.007320972821218314,-0.007294239776771683
2023-08-31,764.8023071289062,770.4965661172561,760.7384929502665,768.4768083488655,100075772,HDFCBANK,-0.00460292548942654,-0.004592348262847601
2023-09-01,766.3839721679688,768.4767445078436,758.9133583196115,764.5832587851945,43226776,HDFCBANK,0.0020659349198789228,0.002068070433783209
2023-09-04,771.1779174804688,774.5360015777221,766.4813881806992,773.8303310146484,25073638,HDFCBANK,0.006235795617989764,0.006255278667870234
2023-09-05,766.4813842773438,773.0516417713671,764.38861183011,773.0516417713671,38712082,HDFCBANK,-0.006108697554097228,-0.0060900773954590814
2023-09-06,776.507080078125,778.6971658570981,766.4813659496907,767.4060807161218,56320910,HDFCBANK,0.01299534912437344,0.01308015563904874
2023-09-07,783.9777221679688,785.510794150052,772.4432937501639,776.5071078478363,34208342,HDFCBANK,0.009574843860365358,0.009620829328551794
2023-09-08,790.085693359375,794.7092081887672,782.3960344054848,782.7367500914759,34502210,HDFCBANK,0.007760807840546958,0.007791000966858697
2023-09-11,794.173828125,796.4612273788786,790.3776555229446,792.762427572447,31573022,HDFCBANK,0.005160952210521835,0.005174292864667196
2023-09-12,796.6559448242188,799.576059429664,790.888730360441,798.164658821722,39033340,HDFCBANK,0.003120533391575217,0.0031254073243371927
2023-09-13,800.0626831054688,803.8101394610018,792.6163676755281,793.9304547919241,46420094,HDFCBANK,0.004267180693018097,0.004276298072440454
2023-09-14,799.5759887695312,803.0314455319658,795.7798163539742,800.2330026157181,23538848,HDFCBANK,-0.0006085053575064818,-0.0006083202556684819
2023-09-15,808.75,812.7651572137806,803.0314427561306,803.0314427561306,173411202,HDFCBANK,0.01140827269235856,0.011473595204611664
2023-09-18,792.8353881835938,805.464858730247,791.399629677695,804.8565015861909,37056288,HDFCBANK,-0.01987422683338005,-0.01967803624903397
2023-09-20,761.0304565429688,778.2104866731253,759.4244292708094,778.2104866731253,115474648,HDFCBANK,-0.040942240182431845,-0.04011542889563857
2023-09-21,755.9932861328125,763.5855718328563,748.0603441770149,755.8229580049356,72841442,HDFCBANK,-0.006640883435902687,-0.006618881500535356
2023-09-22,744.4588623046875,761.3711919566923,741.5874045249608,758.7430770496563,61704250,HDFCBANK,-0.015374900233147458,-0.015257309872588776
2023-09-25,745.1158447265625,749.8366724935371,742.195730377536,742.195730377536,40208754,HDFCBANK,0.0008821074382834028,0.0008824966094715947
2023-09-26,748.3523559570312,749.4960555884529,742.1957693327212,742.1957693327212,27575308,HDFCBANK,0.004334228603755116,0.00434363495740242
2023-09-27,743.0961303710938,745.8459167585748,737.3289160778081,741.2224021033014,39338538,HDFCBANK,-0.0070485134358335266,-0.007023730925809102
2023-09-28,741.5630493164062,748.3279930851168,738.9592924506106,746.5759362770035,55354188,HDFCBANK,-0.002065230351271884,-0.0020630992304075946
2023-09-29,742.8284301757812,747.2815569377753,740.8816873168103,741.5629997895483,32053782,HDFCBANK,0.0017049156955801122,0.0017063698906538693
2023-10-03,733.9464721679688,743.1691434056778,732.9487426122795,743.1691434056778,38971694,HDFCBANK,-0.012029003327167975,-0.011956944089647537
2023-10-04,744.4102172851562,747.0626308751249,724.7967576747751,727.5952007546005,54649430,HDFCBANK,0.01415615045114676,0.014256823234369165
2023-10-05,747.4276123046875,755.1172706279191,745.8945403681716,747.0869560565192,48512674,HDFCBANK,0.004045210644661953,0.004053403552863211
2023-10-06,746.600341796875,751.9295273041055,744.5562258825445,751.4428415259151,17759356,HDFCBANK,-0.0011074365644759235,-0.0011068235829040374
2023-10-09,737.937255859375,744.6291848078113,735.8688414571311,743.6558133244023,16454972,HDFCBANK,-0.011671222459525702,-0.011603377942006055
2023-10-10,742.1227416992188,744.1424994102023,737.426212407623,740.0300286548502,33266292,HDFCBANK,0.005655847741397084,0.005671872244706666
2023-10-11,749.3013305664062,750.5424029295025,743.8991308991633,744.6778161774354,31333360,HDFCBANK,0.009626563547795527,0.009673047952621472
2023-10-12,754.2898559570312,755.3362421435227,745.4078415117224,747.5979272653602,22025336,HDFCBANK,0.006635505367450937,0.006657569107549888
2023-10-13,747.4276123046875,753.7788848660191,744.6048112974557,749.4960266639874,39745300,HDFCBANK,-0.00913925763264204,-0.009097621555094415
2023-10-16,744.4344482421875,746.7948620477135,740.0056201744178,745.3591629708128,17856084,HDFCBANK,-0.004012660631091672,-0.00400462066590046
2023-10-17,750.0800170898438,757.1613181665532,747.0625893528261,757.1613181665532,32902558,HDFCBANK,0.007555090074255952,0.007583701776545881
2023-10-18,739.640625,750.0800099587005,738.8375816778204,750.0800099587005,31216200,HDFCBANK,-0.014015463948459374,-0.013917704580834522
2023-10-19,737.3045043945312,742.8040767694536,731.5859472105568,732.6566914356105,30252364,HDFCBANK,-0.0031634520567998528,-0.003158453614508727
2023-10-20,741.1250610351562,743.1691173582408,732.46203118805,732.46203118805,21094010,HDFCBANK,0.00516841009496081,0.005181789366338396
2023-10-23,732.9730224609375,744.0207640901824,730.0772068991747,741.4656641644435,22376136,HDFCBANK,-0.011060487455396829,-0.010999545154811607
2023-10-25,728.3251953125,741.1250537819102,725.8674086108082,740.2489957035165,28311996,HDFCBANK,-0.006361251611695637,-0.0063410616844158385
2023-10-26,712.2158813476562,726.1350808000519,710.6828094760561,725.7700665168079,55561798,HDFCBANK,-0.02236657572031881,-0.02211829834876411
2023-10-27,715.0143432617188,719.3215000369331,713.9193003827721,715.1846713831347,31940532,HDFCBANK,0.0039215334038421226,0.003929232676989969
2023-10-30,722.7769775390625,725.1373914861161,711.4858921827074,712.1429060469561,23310982,HDFCBANK,0.010798103439908101,0.010856613367967505
2023-10-31,718.5914916992188,731.9753494856925,717.3747773549939,731.9753494856925,32634824,HDFCBANK,-0.005807671936131576,-0.005790840010005072
2023-11-01,717.6181640625,719.0538633124389,711.6562634115908,711.6562634115908,33877466,HDFCBANK,-0.0013554118395259487,-0.001354493683771829
2023-11-02,718.713134765625,725.4050633947277,714.0409637501907,722.7282919430866,45225154,HDFCBANK,0.0015246773723251747,0.0015258402838165264
2023-11-03,722.1199951171875,725.84315305655,721.0979669049797,724.188409593513,18095340,HDFCBANK,0.0047290232714082715,0.00474022274919661
2023-11-06,727.351806640625,729.0552066561768,721.7549208752405,729.0552066561768,25593730,HDFCBANK,0.0072189527766517185,0.007245072230119387
2023-11-07,723.8233032226562,727.1084316790375,718.9320882014275,727.1084316790375,41952848,HDFCBANK,-0.0048629698065070295,-0.004851164712528333
2023-11-08,725.9161376953125,726.8407930714139,720.7815793854345,722.2172785513859,31399546,HDFCBANK,0.002887189059475381,0.002891361003905857
2023-11-09,723.044677734375,726.4271198457463,721.9982915168673,723.2150058605088,22116740,HDFCBANK,-0.003963480156786994,-0.0039556359362032945
2023-11-10,725.8917846679688,728.0818705084018,720.3192566823748,720.3435553235623,14015186,HDFCBANK,0.003929931604019367,0.003937663911053324
2023-11-13,724.5777587890625,728.0575143276742,723.1663582507371,726.1837860969108,20605914,HDFCBANK,-0.0018118632608491122,-0.001810222827507646
2023-11-15,732.1700439453125,735.3577999173147,730.2963157159859,732.0240144584016,41245460,HDFCBANK,0.010423703932787284,0.010478219989719983
2023-11-16,734.0924072265625,739.2756221207742,731.8536647558356,734.7494210785321,29713838,HDFCBANK,0.0026221286389171675,0.002625569424953955
2023-11-17,732.5106811523438,733.6787387876133,724.6750527726409,725.16173850318,23701874,HDFCBANK,-0.0021569935315373947,-0.002154668892700551
2023-11-20,732.559326171875,736.3554985735485,730.7829708116128,736.3554985735485,19331452,HDFCBANK,6.640640966760783e-05,6.640861462203773e-05
2023-11-21,738.7646484375,740.7357495903111,735.917548535572,739.2756922652317,24959972,HDFCBANK,0.008435068231404606,0.008470743657106983
2023-11-22,736.1365356445312,739.7623206231069,731.7563640092628,739.7623206231069,29123650,HDFCBANK,-0.00356378529338171,-0.0035574425475383142
2023-11-23,740.39501953125,741.6360324879696,734.1654184677379,734.1654184677379,13046220,HDFCBANK,0.005768242039067369,0.005784910380776331
2023-11-24,745.6511840820312,746.1622278549652,739.6892839772345,740.3462978210936,16469192,HDFCBANK,0.00707405524428202,0.007099135477854679
2023-11-28,743.97216796875,748.1576534487249,742.5851254924052,747.1599239182611,28489338,HDFCBANK,-0.0022542837046751973,-0.002251744715390358
2023-11-29,758.8160400390625,760.6897681490088,746.0891967833849,746.5272258063289,34042488,HDFCBANK,0.019755751039659476,0.019952187338997396
2023-11-30,758.645751953125,765.2889647471237,750.542422535641,763.6829374580863,69491440,HDFCBANK,-0.00022443805511405005,-0.0002244128707779014
2023-12-01,756.990966796875,762.0281520239192,755.3848801865702,758.207681074416,22153536,HDFCBANK,-0.002183618004638836,-0.002181235645213553
2023-12-04,783.2720336914062,784.5374047202694,765.873018667368,772.8569470817542,50662456,HDFCBANK,0.034128740076864436,0.034717807803885226
2023-12-05,790.2316284179688,797.6779441560443,786.7275147823341,796.4612297811876,52230820,HDFCBANK,0.008846042469277495,0.008885284329332332
2023-12-06,792.22705078125,797.4102062498663,786.8004930390686,797.4102062498663,38613060,HDFCBANK,0.002521927993576289,0.0025251107289594454
2023-12-07,793.5167236328125,795.2444817359088,786.5814519897668,790.86431017188,20450386,HDFCBANK,0.001626584517272342,0.0016279081234233939
2023-12-08,804.5888671875,805.4649253113081,793.5167662504412,793.5167662504412,33728038,HDFCBANK,0.013856807437845248,0.01395325797797664
2023-12-11,803.5181884765625,809.6990738547369,801.5714454396721,803.0558607692541,23187620,HDFCBANK,-0.0013316014818462111,-0.0013307152939863176
2023-12-12,795.5364990234375,806.0732571804058,794.1981132379304,805.0755276490755,36581476,HDFCBANK,-0.009983092892026708,-0.00993342722988999
2023-12-13,793.7357788085938,796.2178641804811,786.0461204150259,794.4901060535459,29346914,HDFCBANK,-0.002266095005301772,-0.0022635293503870946
2023-12-14,803.1044921875,807.3872910879392,800.5980487244109,801.0847344683164,35172366,HDFCBANK,0.011734199153319767,0.011803314943127363
2023-12-15,806.2192993164062,811.7918273650013,801.3767404796611,803.0314839042278,138837130,HDFCBANK,0.0038709562796295,0.0038784581075148594
2023-12-18,805.8055419921875,810.1857135762941,803.4937847672423,808.2389706500245,18014754,HDFCBANK,-0.0005133386567031614,-0.0005132069209575763
2023-12-19,804.4428100585938,807.2412528497581,800.1356534706899,803.0314096384661,24008446,HDFCBANK,-0.0016925740146711318,-0.001691142419081304
2023-12-20,806.4382934570312,812.2541644467366,800.3303634873538,806.9249792104754,34232520,HDFCBANK,0.0024775067691573216,0.002480578325129379
2023-12-21,820.8927612304688,822.3771764061897,803.1530909094922,806.438219443738,36589240,HDFCBANK,0.01776509811049284,0.01792383607116954
2023-12-22,813.1788330078125,820.5034769444852,811.3537615362043,819.3840760112807,48578850,HDFCBANK,-0.009441429068071877,-0.00939699871526889
2023-12-26,818.8244018554688,820.5278019503709,812.059517577905,814.3469167985355,18045856,HDFCBANK,0.006918603158096997,0.0069425919840711
2023-12-27,828.9718627929688,830.5292334309963,816.9506891067552,818.3620896655261,27009078,HDFCBANK,0.012316558100867903,0.012392719262525276
2023-12-28,829.9208374023438,837.7808237889657,828.3391087868577,831.8919383640549,44076470,HDFCBANK,0.0011441062014183796,0.0011447609405916825
2023-12-29,831.8676147460938,834.6174011041943,825.4190285852712,825.9057143332578,25011426,HDFCBANK,0.0023429916507368446,0.002345738600615821
2024-01-01,826.4410400390625,831.8189412093673,823.4722689184366,830.285869252277,14239686,HDFCBANK,-0.006544733468413446,-0.006523363346327082
2024-01-02,826.927734375,828.7285072707376,821.8661907638304,826.781764297971,29242092,HDFCBANK,0.000588730545207578,0.0005889038810493741
2024-01-03,814.1765747070312,829.6531453722021,812.2541304155426,828.3391176569097,28389762,HDFCBANK,-0.015540043623030577,-0.01541992019121985
2024-01-04,822.9125366210938,824.907936188308,813.1058074949292,816.6586370098769,26734056,HDFCBANK,0.010672656456348899,0.010729812408574846
2024-01-05,818.7026977539062,829.7504992888211,811.8404409559379,821.1118277236433,31889470,HDFCBANK,-0.005128909634363039,-0.005115779235145945
2024-01-08,809.577392578125,818.7757651976441,807.8983504931613,816.9020369293803,17998470,HDFCBANK,-0.011208637588592916,-0.011146054850944442
2024-01-09,803.2748413085938,816.5613862283932,801.4497697212522,811.3781710383666,25326888,HDFCBANK,-0.00781545043957443,-0.007784989214509319
2024-01-10,805.9271850585938,807.8739279163432,798.8459435594566,799.6246288205809,16115824,HDFCBANK,0.0032964737906128073,0.0033019131355827014
2024-01-11,802.5447998046875,809.309743595266,799.6246853117656,807.8983430417109,18314010,HDFCBANK,-0.004205718559465641,-0.004196886910646125
2024-01-12,798.7485961914062,805.95156875827,795.0497965259408,804.0048258385641,19773552,HDFCBANK,-0.004741430564434499,-0.004730207726976854
2024-01-15,814.1279296875,818.0700722997735,799.916670432672,801.9120700848223,28320356,HDFCBANK,0.019071267248823843,0.019254285477840583
2024-01-16,817.2183227539062,819.4084084513863,806.9735647828543,814.2251937520415,25322500,HDFCBANK,0.0037887686425898638,0.0037959550995780855
2024-01-17,748.279296875,777.1397839265529,743.8504686909188,764.0965828252033,170145236,HDFCBANK,-0.08812998424944689,-0.08435815003093883
2024-01-18,723.2879638671875,737.3288344094451,720.3191929835535,727.1084347245617,161070930,HDFCBANK,-0.033968866690336545,-0.03339840232408209
2024-01-19,715.744384765625,735.0171279009493,714.6493418669147,732.924355486129,109600538,HDFCBANK,-0.010484334432905402,-0.01042956537148687
2024-01-23,694.6708984375,717.7154569857805,693.5271987986505,712.9946289403671,115469402,HDFCBANK,-0.029884892714861597,-0.029442754671453852
2024-01-24,708.5657958984375,709.8068089160445,671.7480069982282,671.7480069982282,86004404,HDFCBANK,0.019804715307964394,0.02000212977424387
2024-01-25,698.3453979492188,709.27146932584,690.8017687875753,706.9110553088505,98941852,HDFCBANK,-0.014529101456688991,-0.01442406338039448
2024-01-29,707.9573974609375,711.9238979776146,703.6502407027771,704.7452835773879,65645498,HDFCBANK,0.013670098966983388,0.01376396198778651
2024-01-30,702.9202270507812,712.1185398649957,701.2654836786888,707.90875580775,41728768,HDFCBANK,-0.007140508468040043,-0.007115075607969978
2024-01-31,711.80224609375,717.8371016849802,699.2700884068386,700.5841161285045,65761040,HDFCBANK,0.012556718246111407,0.012635884843198664
2024-02-01,713.651611328125,717.1800828855794,708.6387839338071,713.0189555223712,32690740,HDFCBANK,0.0025947753585598113,0.002598144701739802
2024-02-02,703.8206176757812,720.7085896391353,701.8252179588541,717.8614898495053,44867754,HDFCBANK,-0.013871384690041412,-0.013775620339521177
2024-02-05,703.1878662109375,706.6190243767684,697.9316959646247,703.7475666832909,38605046,HDFCBANK,-0.000899428133869192,-0.0008990237696264725
2024-02-06,702.8228759765625,705.5483042801744,697.2259898811583,703.5286059562596,41075740,HDFCBANK,-0.0005191855675382089,-0.0005190508140331396
2024-02-07,695.936279296875,707.5437822099352,694.3302519335382,707.154409837675,54837086,HDFCBANK,-0.00984680214182077,-0.009798481118188818
2024-02-08,682.844482421875,700.3164537570308,681.6034099643059,695.8876252029665,69106124,HDFCBANK,-0.018990967536899488,-0.01881177525078448
2024-02-09,683.1121215820312,688.2709787615526,675.0331498393979,677.5395933880455,56642124,HDFCBANK,0.0003918706682141085,0.0003919474595548422
2024-02-12,676.4931640625,688.0032934481292,673.2566920790741,681.18969323455,34447812,HDFCBANK,-0.00973666383993487,-0.00968941599836104
2024-02-13,678.658935546875,683.4771364619307,673.7434212435891,677.4422211445823,57580994,HDFCBANK,0.0031963546068602402,0.003201468395288787
2024-02-14,673.5974731445312,677.2232584177402,663.6204147201233,669.6796288773342,91320810,HDFCBANK,-0.007485985655991406,-0.007458035453795531
2024-02-15,688.197998046875,688.903668609651,673.7433958465795,674.0597534612269,41584944,HDFCBANK,0.021443872738105395,0.021675444882809147
2024-02-16,691.0451049804688,694.8412181662663,685.4725175238648,692.9918479710976,32175742,HDFCBANK,0.0041285121837181925,0.004137046230407337
2024-02-19,689.682373046875,695.4739454261017,688.7576582283627,695.4739454261017,34451756,HDFCBANK,-0.0019739338830590857,-0.0019719869568169957
2024-02-20,707.7870483398438,709.22274741334,687.1029057664576,688.660276266856,56133508,HDFCBANK,0.02591210657972771,0.026250743821371048
2024-02-21,700.413818359375,712.5079475266035,698.3940605878935,712.5079475266035,45893136,HDFCBANK,-0.010471939812958273,-0.010417299946026248
2024-02-22,690.874755859375,695.3765988884213,687.2975681948778,689.9986977762575,50560882,HDFCBANK,-0.013712772682122405,-0.013619180904146044
2024-02-23,691.3858032226562,697.8587478235042,690.1204320838871,692.3348761341468,29833452,HDFCBANK,0.0007394371245114423,0.0007397105755377886
2024-02-26,692.2131958007812,698.3210665804025,687.9546953048787,687.9546953048787,23506870,HDFCBANK,0.0011960006870999095,0.0011967161811370364
2024-02-27,691.1668090820312,694.3545652339111,687.7113519923358,687.9546948776648,32087150,HDFCBANK,-0.0015127975171192497,-0.0015116538157575743
2024-02-28,685.9348754882812,693.1377886016653,683.3067606806109,691.1667470533215,25321986,HDFCBANK,-0.007598507540144253,-0.007569711862609241
2024-02-29,683.0148315429688,686.4216319830621,680.046060184293,682.3821162687117,53295700,HDFCBANK,-0.004266114903976749,-0.004257027962361382
2024-03-01,696.32568359375,697.299055159144,681.360095775817,681.360095775817,34738898,HDFCBANK,0.019300912459467075,0.019488379221152874
2024-03-04,697.2745971679688,699.3673694975699,693.1864847071581,696.4228971703204,35616474,HDFCBANK,0.0013618162022042144,0.0013627438949563864
2024-03-05,701.2410888671875,702.2874750189414,691.8967470591605,692.067075174591,37991672,HDFCBANK,0.005672445971853484,0.005688564756738401
2024-03-06,702.0927734375,707.0813018234176,697.688303532932,697.688303532932,42409530,HDFCBANK,0.0012138019294717244,0.0012145388851763084
2024-03-07,703.7962036132812,706.2053335588424,701.5088045068723,703.504204064998,49348046,HDFCBANK,0.002423279557877984,0.0024262180729208715
2024-03-11,694.8899536132812,703.7232526512562,692.5538381955413,695.9606385239804,50531094,HDFCBANK,-0.012735337842847068,-0.012654586589520456
2024-03-12,710.3422241210938,712.5079519871562,695.5956218426523,697.9073792005341,65418454,HDFCBANK,0.021993366809339512,0.02223700375500326
2024-03-13,710.755859375,716.2067158438075,705.7429725398497,713.2379447418698,63067454,HDFCBANK,0.0005821347173585562,0.0005823041906569681
2024-03-14,708.3467407226562,713.4812990740788,702.9202422173576,711.5832127948388,52432158,HDFCBANK,-0.0033952738392760934,-0.0033895164149082557
2024-03-15,706.9840698242188,710.2205419583659,701.9225261192986,705.6943406988961,143613804,HDFCBANK,-0.0019255870208368135,-0.001923734267552768
2024-03-18,703.77197265625,708.6144722431341,698.7834435762417,704.2343003680048,21437856,HDFCBANK,-0.004553732356093345,-0.004543379837069539
2024-03-19,705.3779907226562,706.8624060469253,698.6374048635253,698.6374048635253,36183594,HDFCBANK,0.0022794149714559725,0.0022820148127591366
2024-03-20,696.4716796875,706.4973944482159,693.3568789456579,705.2320233558721,43606094,HDFCBANK,-0.01270668468541411,-0.012626295620638439
2024-03-21,703.6259155273438,706.3026871236781,700.0001304926251,702.0928435492851,28922860,HDFCBANK,0.010219713441980164,0.010272113064315525
2024-03-22,702.2144775390625,706.0593065998343,699.7323922549797,701.3141208411934,45980326,HDFCBANK,-0.0020079640184989464,-0.0020059494073969564
2024-03-26,693.7218627929688,699.8297331586394,692.1401341445468,694.5978614753975,56844290,HDFCBANK,-0.012167774821030966,-0.012094046787324064
2024-03-27,701.1681518554688,704.6966236214441,691.7021375713913,692.8215385852401,62168668,HDFCBANK,0.010676626426351761,0.010733824983576001
2024-03-28,704.6723022460938,710.8045307526719,701.1681292352769,701.1681292352769,55592142,HDFCBANK,0.004985142712874958,0.004997589210736564
2024-04-01,715.6713256835938,717.2774122661472,708.4196968327743,709.5877544010062,25199570,HDFCBANK,0.015488143986000034,0.01560870691588323
2024-04-02,720.367919921875,727.5221766350272,712.1429189199621,713.0676337207477,41225446,HDFCBANK,0.006541062158503694,0.006562501625722028
2024-04-03,721.414306640625,727.9115494819865,716.109420115624,716.450076374618,45584386,HDFCBANK,0.0014515186596032218,0.0014525726227001545
2024-04-04,743.461181640625,744.6292393883092,731.9754091764817,731.9754091764817,88935066,HDFCBANK,0.03010295419020905,0.030560629026979758
2024-04-05,754.1439208984375,756.5529915753328,744.7022055513205,749.0093625181328,59055902,HDFCBANK,0.014266672081054628,0.014368926746435529
2024-04-08,752.7081298828125,757.891344732456,750.2504026191882,756.7719438017782,20482940,HDFCBANK,-0.0019056833740277175,-0.0019038687123732467
2024-04-09,753.6572265625,756.7233110790663,749.6420692068525,756.7233110790663,21884494,HDFCBANK,0.0012601150195270577,0.001260909298050672
2024-04-10,747.7196655273438,754.3142814277871,746.0649220391629,754.3142814277871,27807400,HDFCBANK,-0.007909528941350132,-0.00787833092537038
2024-04-12,739.2513427734375,744.5562296646365,736.5745709797934,740.24907238775,41084208,HDFCBANK,-0.011390153890044219,-0.011325531672266242
2024-04-15,727.4490966796875,734.8954117012732,726.1594270943376,728.8361984614614,23415248,HDFCBANK,-0.016093948732705178,-0.01596513311625747
2024-04-16,734.5304565429688,736.3068713842836,721.3899415012858,723.7016987771374,20744886,HDFCBANK,0.009687434037751127,0.009734509116311907
2024-04-18,727.4490966796875,739.2025682918519,725.6727413912242,734.7980983246009,34234884,HDFCBANK,-0.009687434037751115,-0.009640662004145262
2024-04-19,745.2619018554688,747.0382572891224,720.4165709168466,723.4827148610226,34576434,HDFCBANK,0.024191676318548735,0.024486668905198572
2024-04-22,735.9661254882812,757.9643557818745,734.0680986992392,757.9643557818745,42298438,HDFCBANK,-0.012551610198530749,-0.012473167277226915
2024-04-23,733.7274169921875,742.9257894510552,731.6103458842442,742.8284760660457,26827060,HDFCBANK,-0.0030464993726503358,-0.003041863502356801
2024-04-24,735.7227783203125,740.613993564681,734.4331086916868,737.3288649584306,22441580,HDFCBANK,0.0027157947385978735,0.0027194858498060803
2024-04-25,735.2605590820312,739.6163731494744,733.070473021552,733.070473021552,35445204,HDFCBANK,-0.0006284493396236697,-0.0006282519066984626
2024-04-26,734.7981567382812,743.6558134751455,732.729742335618,739.6650141563123,24854694,HDFCBANK,-0.0006290937280582573,-0.0006288958900872998
2024-04-29,744.3858032226562,746.7948737548492,733.2163897953944,737.3288603349619,36093350,HDFCBANK,0.012963608333555594,0.013048000184069375
2024-04-30,739.8109741210938,749.2526892649995,737.2802320622603,744.2398024289921,52307382,HDFCBANK,-0.006164739958850703,-0.00614577693684748
2024-05-02,745.7242431640625,748.0360004850149,739.9326708359107,740.7357142083232,33475006,HDFCBANK,0.007961171443356346,0.007992945833216192
2024-05-03,739.5676879882812,749.7880892104946,733.5327725274736,746.2109606646968,31865242,HDFCBANK,-0.008290074571726048,-0.008255806663411303
2024-05-06,741.0520629882812,746.819277196089,738.3752913854279,740.7357053714223,28793396,HDFCBANK,0.0020050732084668913,0.0020070847119317836
2024-05-07,733.021728515625,741.7334150168236,732.0483570497901,740.7113274497933,28480602,HDFCBANK,-0.010895538555416822,-0.01083639716253415
2024-05-08,721.5845947265625,728.5441648774708,720.465193806477,728.0574791574124,41687862,HDFCBANK,-0.015725724966413238,-0.015602721371197004
2024-05-09,704.4776611328125,723.5800778509216,703.4069761889998,717.8371619271286,46281278,HDFCBANK,-0.023992997738097183,-0.023707454009924467
2024-05-10,709.361572265625,716.2928456267198,703.8856031439476,709.9042250216206,27276608,HDFCBANK,0.0069087495148197915,0.00693266997985309
2024-05-13,717.9208984375,720.1655815796556,705.6122976051453,706.4509373389452,27047202,HDFCBANK,0.011994022146182481,0.012066238863965184
2024-05-14,720.7328491210938,722.9775322143812,715.4789152317669,716.4408878596623,25665142,HDFCBANK,0.003909146685573089,0.003916797365439262
2024-05-15,709.6575927734375,720.116199874965,708.3256213801538,720.116199874965,38931996,HDFCBANK,-0.015485950348172349,-0.01536665958983563
2024-05-16,720.3875122070312,721.5221990437014,708.1775543730138,713.3822271543565,34945236,HDFCBANK,0.015006688615509935,0.015119854339414207
2024-05-17,722.286865234375,724.210870736283,713.4562165510583,713.4562165510583,20920190,HDFCBANK,0.002633101626298931,0.0026365712830374033
2024-05-21,719.6721801757812,725.0494465734148,715.3801590157026,715.3801590157026,43769978,HDFCBANK,-0.0036265772354967347,-0.003620009146567127
2024-05-22,719.8695068359375,723.0268413842214,714.4182283327197,719.203521164468,39996278,HDFCBANK,0.00027415206266337655,0.0002741896457745252
2024-05-23,736.3468017578125,737.8514873644924,718.808897899437,719.5982164877166,40861920,HDFCBANK,0.022631250712032952,0.022889280300673054
2024-05-24,748.4827880859375,749.814819731989,733.0908640200075,733.8308615274302,31060206,HDFCBANK,0.016347002595674415,0.01648134588098138
2024-05-27,753.6627807617188,762.1974428837648,749.3955099218479,751.5168000055969,29385440,HDFCBANK,0.006896819210958602,0.006920657038791633
2024-05-28,755.0440673828125,757.7820820455768,752.2321011517142,754.846722684579,27908904,HDFCBANK,0.0018310873430888457,0.0018327648072227198
2024-05-29,744.0921630859375,751.763434227272,740.6141508121484,748.8774560751649,35147706,HDFCBANK,-0.014611212663457518,-0.014504986887503457
2024-05-30,747.3234252929688,751.6400771573121,738.8381451452329,739.6027730570852,33755350,HDFCBANK,0.0043331547398563815,0.004342556429610012
2024-05-31,755.5620727539062,757.7573743920395,746.9040786650703,749.370736784836,74079588,HDFCBANK,0.010963882477909952,0.011024206096186262
2024-06-03,775.615966796875,788.8372786068238,764.6640286682782,788.8372786068238,72637256,HDFCBANK,0.026195570042828305,0.026541689645531497
2024-06-04,731.6848754882812,769.1040704644005,717.3042453208712,768.1174071283333,89531240,HDFCBANK,-0.05830758623367549,-0.056640261661991764
2024-06-05,765.5520629882812,769.4000136473305,731.2901444599279,737.062160780223,81631650,HDFCBANK,0.045247301223127916,0.04628657586696616
2024-06-06,769.4493408203125,772.2859977724349,762.9867083301413,772.0147015010076,46422870,HDFCBANK,0.005077892693298836,0.005090807040371015
2024-06-07,776.1832885742188,781.6099363682906,765.675361251112,770.115345809898,36712216,HDFCBANK,0.00871357168939438,0.008751645360729254
2024-06-10,770.23876953125,779.784725413951,768.4134061980604,776.5040577255814,22454058,HDFCBANK,-0.007688131829457137,-0.007658653736140497
2024-06-11,771.9653930664062,775.0240252200629,765.7493660748642,767.6240504407497,29545326,HDFCBANK,0.002239164305805147,0.0022416731063887863
2024-06-12,776.5780029296875,783.5586575880445,772.7546827700062,776.9973227739393,39280436,HDFCBANK,0.005957370671167871,0.00597515109447988
2024-06-13,779.8340454101562,782.2760131134276,776.5040566032491,780.3273770852536,24120192,HDFCBANK,0.004184042694891181,0.0041928080220983155
2024-06-14,787.8013305664062,788.8373149959045,778.329326673916,781.4373401835603,25540554,HDFCBANK,0.010164804748240898,0.010216641865205434
2024-06-18,793.1785888671875,794.5105601294592,784.1259056214269,787.8012622589033,32415714,HDFCBANK,0.006802463421642636,0.0068256527275920575
2024-06-19,817.869873046875,823.8145435842582,791.3039754417663,795.941305047812,90131196,HDFCBANK,0.03065484162173649,0.031129539458385258
2024-06-20,823.5431518554688,829.5124525875813,814.983860042712,823.7651872236406,41408742,HDFCBANK,0.0069127042544446906,0.006936652144256872
2024-06-21,821.7672119140625,825.2698546527171,810.6179284522095,825.2698546527171,51630776,HDFCBANK,-0.002158791034477082,-0.002156462521004543
2024-06-24,825.0478515625,826.3798229097616,811.9005512360641,812.5172157896385,28544994,HDFCBANK,0.003984228783129593,0.003992176374129297
2024-06-25,844.2631225585938,847.025767804676,824.4065232844747,824.4065232844747,74521548,HDFCBANK,0.023022816049406307,0.023289886713483643
2024-06-26,839.40380859375,844.041138181783,834.2731473521208,842.5857736709851,47596666,HDFCBANK,-0.0057723144256912415,-0.0057556866277864716
2024-06-27,836.7644653320312,845.0770913433391,832.0531241260426,836.7397746618053,55074650,HDFCBANK,-0.0031492607086749907,-0.0031443069887190367
2024-06-28,830.671875,841.9198007397313,828.3038589383985,837.4798157900913,26476046,HDFCBANK,-0.007307766177832863,-0.00728112937923775
2024-07-01,841.2290649414062,842.2651095333842,828.7971320491276,828.7971320491276,21187024,HDFCBANK,0.0126291337089267,0.012709217994657962
2024-07-02,853.7597045898438,855.8810546817267,840.0204307746837,846.0637432263002,45921690,HDFCBANK,0.014785782843608854,0.014895633271195141
2024-07-03,872.531005859375,885.0369507276009,870.5576793248654,883.5569558267186,123217802,HDFCBANK,0.02174841241042287,0.021986632970162567
2024-07-04,852.0578002929688,868.1404005851939,850.9231133709549,868.1404005851939,45848658,HDFCBANK,-0.023743824999055915,-0.023464158212053166
2024-07-05,813.0598754882812,831.2638253093144,810.1492067263514,831.2638253093144,82242548,HDFCBANK,-0.04684961082466313,-0.045769107202913495
2024-07-08,806.7698974609375,816.4391857049037,802.7246020410699,811.678583484828,39087800,HDFCBANK,-0.007766260069111642,-0.007736180590102726
2024-07-09,807.3372192382812,812.3691778178521,799.369901303005,801.6639054458949,48550878,HDFCBANK,0.0007029543390719549,0.0007032014693770794
2024-07-10,802.20654296875,809.063864597064,799.5672308205436,804.1058576798249,45507182,HDFCBANK,-0.006375339109127875,-0.006355059753558767
2024-07-11,800.1346435546875,802.0832795528332,789.8239996598078,801.1459373403621,44177074,HDFCBANK,-0.002586091634171743,-0.0025827505799129735
2024-07-12,800.5292358398438,808.2745787950348,794.8312914757237,800.1839277769812,56049960,HDFCBANK,0.0004930357937467803,0.0004931573558710767
2024-07-15,800.2332763671875,804.031966294815,796.8292758573642,800.9239527377698,33375694,HDFCBANK,-0.00036977312221097663,-0.0003697047645558893
2024-07-16,799.0739135742188,802.6505679180453,797.6186093434653,799.5672452078501,28950324,HDFCBANK,-0.001449831531231973,-0.0014487810332405315
2024-07-18,796.6320190429688,801.1459557272271,788.9113662252444,793.2773395385489,33717064,HDFCBANK,-0.00306058451933306,-0.0030559057050524308
2024-07-19,792.9319458007812,800.677228233124,791.0572615353138,797.2239068544229,26002152,HDFCBANK,-0.004655465280756378,-0.004644645399305647
2024-07-22,810.3218994140625,814.4905276323838,795.5712715150735,797.7172520784763,53744822,HDFCBANK,0.021694176115493558,0.02193120570482132
2024-07-23,798.407958984375,812.9119216218081,791.7973027922226,812.7885887086006,52002152,HDFCBANK,-0.014811881790019035,-0.014702725470337574
2024-07-24,791.3286743164062,799.6906218755655,783.4353677463822,793.3513220807449,61728206,HDFCBANK,-0.008906294684182645,-0.008866751124292471
2024-07-25,797.5198974609375,801.6638951787058,785.8772830890329,785.8772830890329,25535732,HDFCBANK,0.007793385210848557,0.007823832682266385
2024-07-26,798.2846069335938,800.0605887969758,787.5792741911353,791.7972838101718,43810540,HDFCBANK,0.0009584000158973592,0.0009588594279477114
2024-07-29,791.822021484375,805.0432741154053,788.4920327099303,796.7306475152811,51001148,HDFCBANK,-0.008128537944921297,-0.008095590711742706
2024-07-30,797.0020141601562,806.4739582617092,788.8373508245744,790.317345854264,54595834,HDFCBANK,0.006520559751117461,0.00654186488280617
2024-07-31,797.1006469726562,803.0946388161857,793.8693004409521,796.2373165488889,37820484,HDFCBANK,0.00012374712749782703,0.00012375478448944932
2024-08-01,808.471923828125,814.0219048337823,798.1859108540549,800.627938629233,26215174,HDFCBANK,0.01416499907410844,0.0142657980502916
2024-08-02,818.51123046875,824.1105327295066,804.6239322848401,804.6239322848401,44119238,HDFCBANK,0.012341165343931254,0.012417631762756454
2024-08-05,797.1006469726562,812.0239300120638,789.824004829474,809.1132611105608,41333634,HDFCBANK,-0.026506164418039886,-0.026157959352411386
2024-08-06,789.922607421875,805.5858871810888,786.0253355957136,804.1305829139676,45116050,HDFCBANK,-0.009045977718239945,-0.009005185954926831
2024-08-07,800.9239501953125,804.1306059860544,790.4159617464212,797.7172944045706,42346264,HDFCBANK,0.013831023611154698,0.013927114719938682
2024-08-08,810.3958740234375,815.6252376687839,798.8272709671206,801.1705962949537,33976950,HDFCBANK,0.011756862652958295,0.011826246207040203
2024-08-09,814.0958862304688,820.1885804457108,811.9252750900921,814.9839073123685,26644618,HDFCBANK,0.004555293779519967,0.0045656849024433566
2024-08-12,818.9797973632812,826.7990913723679,812.6898193077751,814.9838233487179,39316196,HDFCBANK,0.005981260687699869,0.005999184144544145
2024-08-13,790.9093017578125,805.3146225179424,789.8980079765901,803.1439511462899,54055042,HDFCBANK,-0.03487611767011532,-0.034274954883920405
2024-08-14,793.1785888671875,796.0891971974215,790.9092152779186,792.5372336839343,32334428,HDFCBANK,0.002865104487134948,0.0028692128216616375
2024-08-16,805.1665649414062,806.177918901087,794.7572792867222,803.3905830654421,27849246,HDFCBANK,0.015000766063976406,0.015113842257567622
2024-08-19,804.895263671875,807.9045746403995,801.0225621096914,807.9045746403995,19502164,HDFCBANK,-0.0003370072717427093,-0.00033695049117077325
2024-08-20,807.92919921875,812.0238759013653,802.8725499307859,802.8725499307859,31134494,HDFCBANK,0.0037622682385792345,0.0037693544536892
2024-08-21,802.05859375,806.3752455426795,798.1119406824072,803.1932203742449,47630904,HDFCBANK,-0.007292765216104904,-0.007266237529757191
2024-08-22,804.77197265625,808.2252943260683,803.1439540663039,805.1172807347715,21300638,HDFCBANK,0.0033773087742950715,0.003383018307382857
2024-08-23,801.6885986328125,806.1038926835937,800.6772446912317,806.1038926835937,20333422,HDFCBANK,-0.003838722051286954,-0.00383136357651781
2024-08-26,809.0392456054688,812.9858989531632,805.2159251748899,805.2159251748899,22364266,HDFCBANK,0.009127175677615675,0.009168955358966002
2024-08-27,807.9539184570312,812.714580974844,805.2159036816922,810.7412543536698,35773244,HDFCBANK,-0.0013424018549275587,-0.001341501236599818
2024-08-28,807.6332397460938,808.9405806750858,804.2292392849356,807.9539173658313,26921188,HDFCBANK,-0.00039698101525588176,-0.0003969022287185764
2024-08-29,808.3485717773438,811.2345497877237,804.6979056469421,810.0505418236547,49052604,HDFCBANK,0.0008853219422047762,0.0008857139553528626
2024-08-30,807.5346069335938,819.9172195651064,799.7646332824804,816.9572296027775,445342100,HDFCBANK,-0.0010074551469059555,-0.001006947834348626
2024-09-02,802.6258544921875,812.4185353190471,800.7758609185206,812.4185353190471,34049680,HDFCBANK,-0.006097240326599719,-0.0060786898781292065
2024-09-03,807.7565307617188,809.0391809529892,801.4665524914798,806.1038818486695,37282860,HDFCBANK,0.006372019063809766,0.006392363566181558
2024-09-04,809.9519653320312,811.4319603519671,805.1172908451134,808.5706125582972,24682744,HDFCBANK,0.002714254049427879,0.0027179409719437775
2024-09-05,811.7525024414062,813.947864316631,810.0505324148638,812.0238589250097,22876318,HDFCBANK,0.0022205499028980897,0.0022230171497106266
2024-09-06,807.5592041015625,812.8872099026286,806.1532209716318,808.2252499925564,26029602,HDFCBANK,-0.005179123569697468,-0.005165735032823582
2024-09-09,812.2705688476562,813.2572321563082,804.1799176724811,808.0772497858858,23792914,HDFCBANK,0.005817127343143787,0.0058340796837741404
2024-09-10,814.169921875,815.9705945420105,808.0772877024264,815.9705945420105,26606646,HDFCBANK,0.0023355959244660707,0.0023383255533169223
2024-09-11,810.9879150390625,815.2305552034559,808.6692201411954,814.1945707781381,22226684,HDFCBANK,-0.00391594075343473,-0.003908283455877903
2024-09-12,822.1865234375,823.8638631072175,812.541925723635,815.970556634334,32424046,HDFCBANK,0.01371413077639598,0.013808600832107443
2024-09-13,821.8658447265625,825.8371886289187,817.4752411837702,825.8371886289187,23860532,HDFCBANK,-0.0003901076647119476,-0.0003900315826106393
2024-09-16,824.3324584960938,827.7118283198007,820.9285184448568,822.383822656841,15172820,HDFCBANK,0.0029967417784922215,0.003001236497852
2024-09-17,823.2718505859375,827.8104775064535,820.9778464556504,827.8104775064535,20127122,HDFCBANK,-0.0012874548225078849,-0.001286626408101399
2024-09-18,836.0985107421875,838.1211584780381,824.4065144173259,824.7765131575844,40917342,HDFCBANK,0.015459979194749692,0.015580102911475713
2024-09-19,842.8571166992188,848.0370989791965,838.2444778560398,838.2691083056365,30651776,HDFCBANK,0.008051007845050804,0.008083504360068439
2024-09-20,858.989013671875,860.8390072921377,842.3884524296358,846.8037464482039,60623386,HDFCBANK,0.01895868242693827,0.019139539375109926
2024-09-23,868.1650390625,871.3963251528371,858.5203814686755,862.8370332933276,26965350,HDFCBANK,0.010625701524738343,0.010682354773550173
2024-09-24,872.2350463867188,878.9443447710721,865.4270455398441,870.7303607683197,33039036,HDFCBANK,0.00467710244055411,0.004688057156291059
2024-09-25,877.6863403320312,882.0770041306025,868.3377295053485,868.3377295053485,31965312,HDFCBANK,0.006230350255008708,0.006249799257544986
2024-09-26,879.832275390625,882.0769584056752,872.2350164313859,874.7016745924757,31899644,HDFCBANK,0.0024420067085697468,0.0024449908355437255
2024-09-27,864.6377563476562,877.2423442796407,863.3304153886946,876.6503703689774,35613502,HDFCBANK,-0.01742065272876451,-0.01726979046798749
2024-09-30,854.47509765625,864.0456833682003,850.701098537286,862.738402689165,26383534,HDFCBANK,-0.01182328089042104,-0.011753660555299694
2024-10-01,851.5890502929688,859.3837142697525,848.5797393423385,850.5037447767241,24572284,HDFCBANK,-0.0033832844089779174,-0.0033775675513509906
2024-10-03,829.7838134765625,851.5644172954591,825.5164827720641,846.3844351066934,48473398,HDFCBANK,-0.025938873958642108,-0.02560535132398034
2024-10-04,817.771240234375,834.0511850540141,815.4772359655595,826.083866681385,48683232,HDFCBANK,-0.014582561096544986,-0.014476750506686953
2024-10-07,798.1119384765625,818.4371776300311,795.7439225540929,815.0824984433904,94458296,HDFCBANK,-0.024333778683615033,-0.02404009922405448
2024-10-08,814.5151977539062,817.351854577489,800.1838900610866,804.1305430330278,29734406,HDFCBANK,0.020344225473550605,0.02055257976550795
2024-10-09,805.6846313476562,817.3272467507278,803.4892692768091,813.750592132383,41125642,HDFCBANK,-0.010900697171563561,-0.010841499864706061
2024-10-10,820.114501953125,821.6191272702827,805.363874384187,808.5705299330368,21754766,HDFCBANK,0.017751577343724977,0.017910073053438058
2024-10-11,814.4906005859375,821.1258875682706,810.6672800804614,821.1258875682706,23672594,HDFCBANK,-0.006881079165922679,-0.0068574587497161055
2024-10-14,832.7931518554688,834.741848018609,815.9705545228965,816.9819085005773,18527508,HDFCBANK,0.022222406358464196,0.022471163272313355
2024-10-15,830.81982421875,837.6771462351046,826.5771840500105,835.7038196244212,19651130,HDFCBANK,-0.002372340911726003,-0.002369529134962467
2024-10-16,838.565185546875,842.585790426718,828.8465156450762,828.8465156450762,20470682,HDFCBANK,0.009279365586703992,0.009322552378198568
2024-10-17,825.4178466796875,837.5044718768119,821.4958240034423,836.1724403142362,14695732,HDFCBANK,-0.015802579965323388,-0.01567837431578245
2024-10-18,829.7098388671875,834.2238355924767,816.0198853262701,820.4598702584595,24809724,HDFCBANK,0.00518630900250675,0.005199781183269581
2024-10-21,852.8223876953125,862.4177242903107,844.1151323678729,846.063768270474,46548354,HDFCBANK,0.02747525711200904,0.027856182662219453
2024-10-22,845.841796875,858.3970631644344,843.9424218629189,853.4884373802005,38875280,HDFCBANK,-0.00821896426543224,-0.008185280922534233
2024-10-23,856.3251342773438,861.603759041874,841.1551854708522,841.1551854708522,38036090,HDFCBANK,0.01231779299842312,0.012393969464591148
2024-10-24,863.15771484375,872.5310159915173,857.4597103207274,857.4597103207274,30832258,HDFCBANK,0.00794729244516855,0.007978955998030335
2024-10-25,860.0744018554688,867.2030200365818,852.8223905419693,865.7970368926951,26130478,HDFCBANK,-0.0035785269422184867,-0.0035721316455352703
2024-10-28,855.5357055664062,863.8237012026692,852.9210840084185,859.383716444917,22012142,HDFCBANK,-0.005291070340497269,-0.005277097282829213
2024-10-29,864.2430419921875,870.2370336046123,851.0464203091243,851.5644426318723,35794926,HDFCBANK,0.010126198898707535,0.010177642346343108
2024-10-30,855.7330932617188,865.6737383463702,850.6024319063034,859.3837596235229,32715724,HDFCBANK,-0.00989550726648349,-0.009846707832153578
2024-10-31,856.2756958007812,857.8543931673494,848.234426273393,852.4770662952162,22895912,HDFCBANK,0.0006338782378889213,0.0006340791811547675
2024-11-01,857.0651245117188,860.419743696405,851.5397737386437,854.9437742666823,1759692,HDFCBANK,0.0009215081523093449,0.0009219328713974129
2024-11-04,845.6197509765625,860.8637106769045,844.0411138190809,860.8637106769045,28089248,HDFCBANK,-0.013444115337897874,-0.013354146852815663
2024-11-05,867.2030029296875,869.5956493162819,837.6277954866241,840.1437747820238,44232406,HDFCBANK,0.025203301832402377,0.025523590157632503
2024-11-06,865.92041015625,873.9370497603172,861.0364145993881,873.9370497603172,27787910,HDFCBANK,-0.0014800942597613738,-0.0014789994604544887
2024-11-07,861.62841796875,868.7323455565536,857.4104082699865,860.5184217555121,18895456,HDFCBANK,-0.004968891122904302,-0.004956566604921053
2024-11-08,865.5256958007812,869.1517316326272,861.2830556229201,864.3170573375987,19902986,HDFCBANK,0.0045129550577292085,0.004523153775752853
2024-11-11,871.3717041015625,879.5116762015548,863.9223481240455,865.5750573030832,24565362,HDFCBANK,0.0067315782459757365,0.006754286243775276
2024-11-12,847.6423950195312,875.6636561032956,842.9311140165652,874.1836611915717,31395406,HDFCBANK,-0.027609798524979884,-0.0272321317875448
2024-11-13,829.463134765625,853.1677439816382,825.3438276461692,846.9270867373347,35728500,HDFCBANK,-0.02168017693822872,-0.0214468511258068
2024-11-14,835.087158203125,841.05645917869,824.8998474928816,825.39317914741,27146470,HDFCBANK,0.006757434559975643,0.006780317535256319
2024-11-18,841.1797485351562,847.987749103584,836.1971111266544,838.6637692715708,27081968,HDFCBANK,0.00726926855904945,0.0072957538290263635
2024-11-19,859.507080078125,865.1803941380466,839.9957889401087,845.5704607570133,50981272,HDFCBANK,0.021553693183001436,0.021787651895904814
2024-11-21,858.989013671875,867.7703408111802,855.5356922473849,863.0343691875372,35716512,HDFCBANK,-0.0006029299965572208,-0.0006027482707913201
2024-11-22,861.1597290039062,865.4517505554312,853.2417920363309,860.1484352390544,24773612,HDFCBANK,0.0025238706751935106,0.0025270583179546335
2024-11-25,880.8929443359375,889.7482832055338,870.6810037082952,880.6216480727867,427737274,HDFCBANK,0.022656099569443287,0.022914698246347953
2024-11-26,880.8683471679688,892.9302818593218,873.0983737208503,892.9302818593218,30935566,HDFCBANK,-2.7923383365216366e-05,-2.7922993511175775e-05
2024-11-27,894.06494140625,896.5562300169572,880.6709755435701,883.0143007972586,32714976,HDFCBANK,0.014870234837389874,0.014981346850194921
2024-11-28,884.6176147460938,905.8061839354122,882.07694483503,897.3702251985009,35722392,HDFCBANK,-0.010622936025321142,-0.010566711904950399
2024-11-29,886.04833984375,890.2662893460416,879.561016559754,888.6383310231244,27669536,HDFCBANK,0.0016160308558661695,0.0016173373374064326
2024-12-02,890.3156127929688,892.0176431336934,875.6636867426915,889.7236388960249,15110876,HDFCBANK,0.0048045122188577405,0.0048160723939409955
2024-12-03,900.9715576171875,906.4475265301775,895.9395389832724,899.1955156163089,43410242,HDFCBANK,0.011897668558908503,0.011968727349159325
2024-12-04,917.6461791992188,920.0635162996781,903.3642521901575,906.7435619082082,44669084,HDFCBANK,0.018338201078416255,0.01850737844170225
2024-12-05,920.4335327148438,927.4388181075851,905.3622266087298,917.596875706611,39682714,HDFCBANK,0.003032899644314184,0.0030375035376459802
2024-12-06,915.5494995117188,919.6688066050771,909.7035317020062,916.1168429341786,17783156,HDFCBANK,-0.005320359325878643,-0.005306231280730711
2024-12-09,922.5301513671875,927.4634676846591,912.1701871004972,914.4641912323508,26947912,HDFCBANK,0.007595628854999365,0.007624548819251897
2024-12-10,921.5928344726562,926.3288062229569,916.881553393078,926.3288062229569,13325480,HDFCBANK,-0.0010165449728073755,-0.0010160284659987973
2024-12-11,919.1261596679688,923.4675021564423,915.9935158212785,918.4354833328279,14045426,HDFCBANK,-0.0026801225923797837,-0.0026765342702549377
2024-12-12,917.2268676757812,921.864197216933,912.0221946944998,913.1568815747593,17293790,HDFCBANK,-0.0020685485210582915,-0.002066410548986708
2024-12-13,923.3934936523438,924.9968214762359,902.4268990322158,918.8301759997277,19009002,HDFCBANK,0.006700620267709048,0.006723119648891718
2024-12-16,920.1621704101562,922.5054957499956,915.2535445762154,920.1128492893367,13107082,HDFCBANK,-0.00350553727697522,-0.0034994000546900716
2024-12-17,904.4002685546875,918.7562078618506,901.0702798391582,915.7962178924912,21079532,HDFCBANK,-0.017277889347772715,-0.017129482565494958
2024-12-18,893.2755737304688,905.7568882727958,891.5242825465077,902.7228866518356,23422312,HDFCBANK,-0.012376910871527086,-0.0123006319336868
2024-12-19,884.790283203125,888.5395915672278,877.6369745293333,887.7995941182149,25380770,HDFCBANK,-0.009544477680139276,-0.009499073720226958
2024-12-20,873.93701171875,886.7883251977108,871.7417099804251,879.2156362475025,25692348,HDFCBANK,-0.01234234470772276,-0.012266490365472671
2024-12-23,888.4902954101562,890.956953642833,878.7716860618692,879.1169941259847,11044592,HDFCBANK,0.01651542100615275,0.016652554470470093
2024-12-24,887.0596313476562,892.2889348142179,882.8416818560752,889.0083275055933,14485834,HDFCBANK,-0.0016115169171619468,-0.0016102191210085604
2024-12-26,883.4336547851562,893.916952377888,878.5003382709294,887.2816657547127,10481678,HDFCBANK,-0.0040960128574484,-0.004087635638419518
2024-12-27,887.1336669921875,890.9322967259654,882.6196702111419,885.4316968356189,7259330,HDFCBANK,0.004179471232185206,0.004188217402619765
2024-12-30,877.0943603515625,895.3969526845203,873.6903598921683,884.1489668763874,22222218,HDFCBANK,-0.011381085494609889,-0.011316565940579282
2024-12-31,874.60302734375,879.0183818635131,871.0263727843891,873.3450677348718,14117236,HDFCBANK,-0.0028444806792638755,-0.0028404389771858884
2025-01-01,879.4869384765625,885.0369191568942,868.8062969452952,874.8989303590305,7313806,HDFCBANK,0.005568612612337812,0.005584146155594105
2025-01-02,884.9136352539062,889.6989281059142,874.6770036544534,876.699651347947,18558576,HDFCBANK,0.006151339973307085,0.0061702983181806115
2025-01-03,862.9356689453125,885.6536147489581,861.5050553855514,883.5569553072743,24426194,HDFCBANK,-0.02514990817377683,-0.024836283941186754
2025-01-06,843.8438110351562,866.8823756490298,841.5251763034672,858.4464162412277,18816348,HDFCBANK,-0.02237272533309013,-0.022124311924074824
2025-01-07,845.2744140625,849.0237223493897,838.6637582765616,846.063732614296,13527906,HDFCBANK,0.0016939055516164419,0.001695341020026886
2025-01-08,835.8518676757812,844.4111600559388,830.4498497882179,842.7338203435289,19738190,HDFCBANK,-0.011209919398005514,-0.01114732237242666
2025-01-09,822.778564453125,833.237171528912,817.9932112311335,830.844525028491,40420222,HDFCBANK,-0.015764300122494048,-0.015640693917462478
2025-01-10,817.3272094726562,826.2811909461473,815.9705474379197,824.3571854708366,17453280,HDFCBANK,-0.006647589615178964,-0.006625543270068146
2025-01-13,804.5499267578125,812.3939122066796,801.3186405131205,809.0639234971638,21669066,HDFCBANK,-0.01575649200114787,-0.01563300789054567
2025-01-14,812.3198852539062,817.0558570637163,807.5839134440961,809.0145872775671,26661432,HDFCBANK,0.009611186071636763,0.009657521848774886
2025-01-15,810.5685424804688,820.2624606383587,807.2385540448483,817.2038286822469,14022892,HDFCBANK,-0.0021583041980719865,-0.0021559767343256597
2025-01-16,815.008544921875,819.201863784551,810.469857784879,815.4031740939097,21212454,HDFCBANK,0.005462692008870975,0.005477639716709337
2025-01-17,807.4605712890625,814.2438814190301,803.3905852110819,810.7905598983193,23112076,HDFCBANK,-0.009304371972937923,-0.00926122024099274
2025-01-20,814.6138305664062,819.3991231510713,802.1572072678132,802.1572072678132,17557618,HDFCBANK,0.008819947643566165,0.008858957987167182
2025-01-21,810.2478637695312,819.4485105158285,805.6352251722408,818.0671578930118,31158144,HDFCBANK,-0.0053739679128941625,-0.005359553978894871
2025-01-22,821.9152221679688,824.8012002853578,801.8859089377631,810.2479165643738,30619306,HDFCBANK,0.014297048178240306,0.014399739783524046
2025-01-23,821.347900390625,832.2505181334424,814.6139111249832,832.2505181334424,34909158,HDFCBANK,-0.000690481995361013,-0.0006902436675249035
2025-01-24,813.8986206054688,824.0119199318104,811.2839386423929,818.9305795964561,24236200,HDFCBANK,-0.009110958157753693,-0.009069579141327888
2025-01-27,804.0319213867188,810.839861804967,802.157237088582,809.6065327196525,22804166,HDFCBANK,-0.012196841927351059,-0.012122761937365167
2025-01-28,824.0611572265625,830.918478848159,812.5171851743912,812.5171851743912,30179312,HDFCBANK,0.024605775482330953,0.024910995828746785
2025-01-29,827.4651489257812,829.3644636153648,823.2964606110903,826.3304621132276,12619890,HDFCBANK,0.004122243172077857,0.004130751303307534
2025-01-30,834.470458984375,837.627793486482,825.1218486077116,829.2904768269195,25744846,HDFCBANK,0.008430352553544821,0.008465988045161854
2025-01-31,838.047119140625,840.9824182950722,830.7457868177106,832.3738053097981,15821686,HDFCBANK,0.0042769841767010975,0.004286143527001629
2025-02-01,834.1990966796875,845.0770832229423,826.8485035606199,837.4304429485957,5587528,HDFCBANK,-0.004602228088725034,-0.004591654064610928
2025-02-03,827.8104858398438,832.1518283284162,820.6324864421063,823.8638327488314,20276540,HDFCBANK,-0.00768785255217877,-0.007658376597711403
2025-02-04,848.9744873046875,851.391824544325,828.8219005259823,833.0891713164636,28616502,HDFCBANK,0.02524488921900811,0.025566239890489006
2025-02-05,857.311767578125,860.4690419690123,847.9877873258422,854.9437515638108,23675506,HDFCBANK,0.009772506344272559,0.00982041321395477
2025-02-06,860.29638671875,862.8370567631686,850.5037655001158,856.1770794811201,26760716,HDFCBANK,0.0034753236786236215,0.003481369617795549
2025-02-07,854.8203735351562,871.7169816976605,850.9970534399911,863.3303440695562,23509600,HDFCBANK,-0.006385608161463427,-0.006365263493061657
2025-02-10,846.4337768554688,850.2324064646851,842.857122399865,847.1984649999539,17195950,HDFCBANK,-0.009859390631770078,-0.009810946181598723
2025-02-11,839.3544921875,844.090464044396,833.0891440189461,840.1438107934578,22724704,HDFCBANK,-0.008398832062769054,-0.008363660408577389
2025-02-12,842.0184936523438,844.5837941723514,829.389155095277,835.2104927183359,22809570,HDFCBANK,0.003168843220996507,0.0031738693122389527
2025-02-13,837.5291137695312,845.6937766231139,835.4818356095761,838.1704689996619,12602434,HDFCBANK,-0.005345952153874907,-0.005331687981506628
2025-02-14,836.1231079101562,839.601120018604,828.7971451888767,839.601120018604,19959892,HDFCBANK,-0.0016801652958959462,-0.0016787546083585347
2025-02-17,847.2230834960938,848.5304243918573,829.413823260936,831.3624591587258,12938946,HDFCBANK,0.013188180215424956,0.013275527827093958
2025-02-18,850.0350952148438,854.2284140997132,841.697778564227,845.1017788797033,16350910,HDFCBANK,0.003313596395638011,0.0033190924250390275
2025-02-19,852.0823974609375,857.3610822217985,844.8057556604201,847.0504387449713,11884112,HDFCBANK,0.0024055956679794595,0.0024084914347874964
2025-02-20,832.2998046875,845.9157460199498,831.4118438608401,844.0904430253034,26390510,HDFCBANK,-0.023490514702010832,-0.02321676029499764
2025-02-21,834.9638061523438,836.1724445897772,827.4404985932164,829.2411711352042,15680940,HDFCBANK,0.00319565990002076,0.0032007714646093977
2025-02-24,827.3665161132812,830.8691588600108,819.4732095421047,829.3398427560753,20693646,HDFCBANK,-0.00914059357956207,-0.00909894534719069
2025-02-25,829.9564819335938,832.7438177754724,824.406500920576,824.406500920576,24138708,HDFCBANK,0.003125483604265885,0.0031303730207494773
2025-02-27,839.0090942382812,843.9671012979777,830.0551731686357,830.0551731686357,35786800,HDFCBANK,0.010848277775865797,0.01090733369971053
2025-02-28,854.6477661132812,857.0404125816553,831.2638337603047,831.2638337603047,54516728,HDFCBANK,0.018467868809252323,0.018639454545123835
2025-03-03,839.4285278320312,859.9017921530082,835.7531707549724,858.2984642242569,21205364,HDFCBANK,-0.01796807829339931,-0.01780761488497562
2025-03-04,843.5971069335938,845.7184570804238,835.3338019387764,837.6771272358142,19920958,HDFCBANK,0.004953682867138669,0.004965972638943494
2025-03-05,833.73046875,843.991790915382,832.8671383829512,839.6257577393887,21583872,HDFCBANK,-0.011764848001279278,-0.011695912779333906
2025-03-06,834.3224487304688,838.6144701478811,824.973838204501,832.2504799228543,32966088,HDFCBANK,0.000709785641831947,0.00071003759926902
2025-03-07,833.3604736328125,839.2311321984157,827.6131479773222,829.7838192395386,13372914,HDFCBANK,-0.0011536667929511295,-0.001153001575254331
2025-03-10,832.4971313476562,838.6144556459366,830.3018296675241,833.2371287977431,15604050,HDFCBANK,-0.0010365139971990809,-0.0010359770021162173
2025-03-11,831.510498046875,835.7038170818192,823.8885481247595,829.9811819724781,19898430,HDFCBANK,-0.0011858520345377592,-0.001185149189864565
2025-03-12,844.1644897460938,847.7904654359072,834.4952011662076,834.4952011662076,18784106,HDFCBANK,0.015103444685380192,0.015218078098763188
2025-03-13,841.9197387695312,848.9250839737969,838.688452760047,846.5817587561914,15736264,HDFCBANK,-0.002662681098426576,-0.002659139307361391
2025-03-17,843.7944946289062,850.5037932506908,841.1304915849349,841.1304915849349,18950652,HDFCBANK,0.002224287598894582,0.002226763161670142
2025-03-18,843.7944946289062,843.7944946289062,843.7944946289062,843.7944946289062,0,HDFCBANK,0.0,0.0
2025-03-19,860.4197387695312,863.823739278078,854.5490799535085,855.930432694155,15221406,HDFCBANK,0.019511363346275956,0.019702954032589037
2025-03-20,872.580322265625,875.1703133281802,862.9850461318551,865.3036807089222,17833978,HDFCBANK,0.014034371225017276,0.014133315343839437
2025-03-21,873.3696899414062,875.2196836615442,866.0684175252852,866.0684175252852,33508264,HDFCBANK,0.0009042271818164974,0.0009046361184625873
2025-03-24,887.9969482421875,890.1676194932312,874.997671627427,877.6369838460287,17393736,HDFCBANK,0.016609369397620307,0.016748071829424838
2025-03-25,898.5789184570312,909.5555477752322,888.7369760332164,890.4143157035983,39101416,HDFCBANK,0.01184622960816282,0.011916674078431333
2025-03-26,891.2283325195312,901.5636066855513,888.9836493829623,900.3302775382388,24478442,HDFCBANK,-0.008213875835778308,-0.008180234130266362
2025-03-27,900.5029296875,908.2235821777275,887.0596420099644,887.9969842041877,41658100,HDFCBANK,0.010352757917161007,0.010406533129113216
2025-03-28,901.9088745117188,905.7568853680813,890.8829244709937,902.3035639097062,28773648,HDFCBANK,0.0015600709073194544,0.0015612884510065594
2025-04-01,872.1363525390625,892.8809726796349,870.9030234039785,888.9836405685396,28511006,HDFCBANK,-0.03356770964341619,-0.03301056549507253
2025-04-02,886.4676513671875,887.602278026219,873.5423260418547,873.5423260418547,11573564,HDFCBANK,0.01629885529342563,0.01643240622455666
2025-04-03,885.456298828125,889.9702954640933,876.6503409310941,878.6729886492828,11250038,HDFCBANK,-0.0011415305366517115,-0.0011408792385178002
2025-04-04,896.5316772460938,908.6922548603657,893.4729847277881,894.4103269547068,33540454,HDFCBANK,0.012430522740131046,0.012508102808265864
2025-04-07,867.1289672851562,878.0562747489253,857.5090006629878,869.6450067324856,37995450,HDFCBANK,-0.03334590986028317,-0.032796063660856634
2025-04-08,872.7777099609375,879.1170096868965,863.4784203033727,870.730371547347,35563872,HDFCBANK,0.006493178739067864,0.006514305125184139
2025-04-09,870.7303466796875,875.6636630914704,865.0570328061372,870.7303466796875,22454608,HDFCBANK,-0.002348557225771342,-0.002345801522980695
2025-04-11,891.3269653320312,897.567622795633,875.540352413462,875.540352413462,32775766,HDFCBANK,0.02337898618833949,0.0236544169281383
2025-04-15,920.0142211914062,925.8848799667485,915.1302257322174,920.0635423129839,49298344,HDFCBANK,0.03167780312659331,0.032184884980663186
2025-04-16,926.4768676757812,929.33821542373,917.8435635307726,929.33821542373,19136820,HDFCBANK,0.006999950243012427,0.00702450716034142
2025-04-17,940.6354370117188,947.048748489299,925.835487448072,928.4501692927759,35703084,HDFCBANK,0.01516656571872074,0.015282161735410194
2025-04-21,950.6994018554688,962.3420166432835,942.2634427629204,949.170085798879,34247298,HDFCBANK,0.01064228250046333,0.010699113012073935
2025-04-22,967.7686767578125,972.1593405008402,954.5967457498784,954.5967457498784,45961750,HDFCBANK,0.017795162224553514,0.017954439509512587
2025-04-23,949.1207275390625,976.2539669757358,947.4433879660209,976.2539669757358,30570642,HDFCBANK,-0.019457082377241502,-0.01926901507209733
2025-04-24,945.6181030273438,949.1207455952106,939.8460867592294,942.2634238174406,25931754,HDFCBANK,-0.00369721509382751,-0.0036903888094410586
2025-04-25,942.8554077148438,953.6100615716746,933.2848220611925,949.5647662059754,18500878,HDFCBANK,-0.002925852300970198,-0.002921576166589168
2025-04-28,947.29541015625,951.982060830828,941.4741328194633,942.8554253066497,13920492,HDFCBANK,0.004698049029679473,0.004709102164633272
2025-04-29,941.6714477539062,951.5380804410966,937.4287475214969,946.6047640975014,18918308,HDFCBANK,-0.005954555524423543,-0.005936862294536049
2025-04-30,949.6633911132812,955.5340495753018,942.4114402150566,943.7434115323153,31936870,HDFCBANK,0.00845116450235839,0.008486976406088864
2025-05-02,948.1341552734375,958.0007887427045,947.1968130496268,952.0314875380283,17840404,HDFCBANK,-0.0016115904183097735,-0.0016102925038007365
2025-05-05,955.4847412109375,962.9833580251333,953.2647488384409,956.5700467268101,15068024,HDFCBANK,0.0077227878798018,0.007752685520943103
2025-05-06,952.9686889648438,957.112686715781,949.3180830668039,952.1300492793257,17490156,HDFCBANK,-0.0026367462407349395,-0.002633273078652243
2025-05-07,959.8260498046875,961.355365881208,948.3807795701131,954.1034146874002,21420778,HDFCBANK,0.007170022039958668,0.00719578819246669
2025-05-08,951.3900756835938,964.364722012384,946.752746184645,964.364722012384,34803430,HDFCBANK,-0.008827917256068326,-0.008789065604971169
2025-05-09,932.248779296875,946.7034204881495,930.8181657127636,942.3127568324845,17188796,HDFCBANK,-0.020324443025324,-0.020119293732347665
2025-05-12,965.5487060546875,966.880737676539,943.3981625785179,946.0127842578852,18618972,HDFCBANK,0.035096837411650046,0.035720000387587714
2025-05-13,948.4793701171875,967.7686246091653,947.1967199365026,961.9966686855105,24242102,HDFCBANK,-0.017836507923362315,-0.017678378967796227
2025-05-14,942.5594482421875,952.2287366384547,938.8101397074491,948.2327622761527,15445308,HDFCBANK,-0.006261046739255422,-0.006241487228413334
2025-05-15,954.0047607421875,959.4314088460198,935.85013208818,943.9901042439285,32241458,HDFCBANK,0.012069669340587097,0.012142801731333419
2025-05-16,954.44873046875,958.9380967138302,951.340777169636,954.0047801554118,15868010,HDFCBANK,0.0004652664962662019,0.00046537474951069413
2025-05-19,956.4220581054688,959.5300716290252,952.6234284399217,955.5834183781088,10202964,HDFCBANK,0.002065370772315716,0.0020675051196825667
2025-05-20,944.6807861328125,954.3993955236706,943.7434439560598,951.1927398071444,23879090,HDFCBANK,-0.012352221023240061,-0.012276245485088433
2025-05-21,950.5514526367188,960.4674068130723,947.739426083267,950.6500948788123,15132040,HDFCBANK,0.006195214666028613,0.006214444699292221
2025-05-22,947.1474609375,949.2687509312965,939.895449442171,944.828766015395,21306670,HDFCBANK,-0.0035874978118922932,-0.003581070429987232
2025-05-23,953.9060668945312,955.583406549638,944.4834444188342,947.246089616049,9566072,HDFCBANK,0.007110409394736184,0.007135748376859485
2025-05-26,957.1619873046875,961.9473401627192,950.6007128758197,954.5966869630639,10802860,HDFCBANK,0.0034074386344091954,0.0034132505528097212
2025-05-27,950.3047485351562,961.0100208805311,945.3714322062008,952.9193700568147,26162148,HDFCBANK,-0.007189921775370355,-0.007164136123751441
2025-05-28,948.9234008789062,954.3500488693757,946.0620533045636,947.2953823933067,18157594,HDFCBANK,-0.0014546413502260255,-0.0014535838723096495
2025-05-29,950.896728515625,957.4580633637506,940.9314535555673,951.1433943336576,28917794,HDFCBANK,0.0020773843963951947,0.0020795436543044055
2025-05-30,959.480712890625,961.4047183192448,949.8607459686729,953.0674016093235,28748078,HDFCBANK,0.008986749906359427,0.009027251979717876
2025-06-02,953.166015625,955.09002099665,941.2767355690125,952.1793523801688,14668822,HDFCBANK,-0.006603122380633095,-0.006581369672977289
2025-06-03,949.466064453125,962.9833634640112,947.1967509482078,956.0767204883472,24377584,HDFCBANK,-0.0038893024821888343,-0.0038817489411315798
2025-06-04,957.6553344726562,958.6913790708478,947.6407385330224,947.690059651711,12961542,HDFCBANK,0.008588147936738457,0.008625131877934011
2025-06-05,961.79931640625,966.3873245707182,957.1619871239031,961.0099978567567,22255418,HDFCBANK,0.004317880987804693,0.004327216467577832
2025-06-06,976.1552734375,984.8379583134906,958.3953347348495,959.0366899431259,30127008,HDFCBANK,0.01481584729701074,0.014926146012341546
2025-06-09,976.2540283203125,984.1966559557253,974.7740333489505,984.1966559557253,13202588,HDFCBANK,0.00010116206966210347,0.00010116718671682179
2025-06-10,969.5447387695312,978.1780428487654,967.472709657825,978.1780428487654,15533126,HDFCBANK,-0.006896207618271034,-0.006872483345676805
2025-06-11,962.1940307617188,970.6793107759778,960.516691162301,970.6793107759778,11096394,HDFCBANK,-0.007610494341063519,-0.007581607855601802
2025-06-12,958.74072265625,967.4233474890254,954.7447484104943,961.9966994408974,16349130,HDFCBANK,-0.0035954493711702717,-0.0035889934826710546
2025-06-13,946.0127563476562,953.6100757725884,943.7434428106371,947.19676434732,12117762,HDFCBANK,-0.013364622663072603,-0.01327571261741145
2025-06-16,954.7940673828125,956.520728121515,947.2460692080249,949.1700746468088,16513746,HDFCBANK,0.009239627507300107,0.009282444635375642
2025-06-17,951.9327392578125,957.852719054467,946.7527569357399,955.5834055099792,16978736,HDFCBANK,-0.0030013007242483286,-0.0029968013237066105
2025-06-18,954.0540771484375,955.2380851367438,945.7167603313338,945.7167603313338,18433816,HDFCBANK,0.002225974228461513,0.002228453548387188
2025-06-19,954.7447509765625,960.4180648603083,949.9593979158449,954.0540746334422,16876220,HDFCBANK,0.0007236738079368603,0.0007239357230035548
2025-06-20,969.2486572265625,971.8140179089729,952.9193918485255,952.9193918485255,32900408,HDFCBANK,0.015077162884722892,0.015191396690230174
2025-06-23,961.2073974609375,965.8940481289003,957.9514206200562,961.2073974609375,11739518,HDFCBANK,-0.008330991275310454,-0.008296384736435458
2025-06-24,967.3740234375,976.3033140635843,964.7593416610487,969.3966711141703,22625322,HDFCBANK,0.006395008191672309,0.006415499914848688
2025-06-25,976.8953247070312,977.7833457795492,968.854054817417,969.8900392545883,18405932,HDFCBANK,0.009794298708670534,0.009842419828163251
2025-06-26,997.4179077148438,1000.0325292056699,976.7966216145232,977.4872979366618,50084830,HDFCBANK,0.02079034054568499,0.02100796522285253
2025-06-27,1004.9491577148438,1007.393088107433,994.2258430942326,1004.0015037809444,28213384,HDFCBANK,0.007522382527910462,0.0075507467248654425
2025-06-30,998.2658081054688,1004.400566128524,995.2732550959096,1003.2533964547342,13649020,HDFCBANK,-0.0066726482389324465,-0.006650435554941159
2025-07-01,1003.5526123046875,1005.4977838847651,999.5126780283082,1000.0114368496795,14389386,HDFCBANK,0.005282014029829151,0.005295988459478762
2025-07-02,990.5350341796875,1007.4429706558585,986.4950998423908,1007.4429706558585,18878250,HDFCBANK,-0.01305635995627534,-0.012971495430722624
2025-07-03,991.0836181640625,1001.507689459166,989.6871300276722,994.9739612315547,16860506,HDFCBANK,0.000553672622873636,0.0005538259278525803
2025-07-04,992.1809692382812,999.2633203019867,987.5424877454124,991.0836632772651,7863944,HDFCBANK,0.0011066109818857989,0.001107223501737975
2025-07-07,991.2332763671875,996.7196233059492,989.4377568185034,992.0312782906421,11349426,HDFCBANK,-0.0009556177639777405,-0.0009551613067334541
2025-07-08,998.2159423828125,1000.0114620081927,986.0462146584523,986.0462146584523,15224316,HDFCBANK,0.007019726488388433,0.0070444225210195555
2025-07-09,1003.1036987304688,1004.4005203490875,996.5699704674603,1001.0089360727129,13861428,HDFCBANK,0.004884543143660846,0.004896491971455363
2025-07-10,1000.6099243164062,1005.9965439473215,997.5176439735463,1005.4977851253348,17030310,HDFCBANK,-0.002489153812175624,-0.0024860584376457107
2025-07-11,989.3878784179688,999.9117385623401,987.9913902076418,996.5201541247731,12516922,HDFCBANK,-0.011278570099119803,-0.011215205471906686
2025-07-14,989.0387573242188,991.8816582943851,982.8541356715338,989.0387573242188,13088850,HDFCBANK,-0.00035292801973708026,-0.00035286574796955517
2025-07-15,995.2732543945312,999.3131887778599,984.0511806165923,984.0511806165923,14498168,HDFCBANK,0.006283807736098982,0.006303592274967684
2025-07-16,995.6722412109375,1008.8394251469304,993.826797075495,1006.4952830829005,17994612,HDFCBANK,0.00040080135054242397,0.00040088168213570086
2025-07-17,990.98388671875,999.9116815490105,988.8890631972324,999.5126501495852,22529158,HDFCBANK,-0.004719853758100678,-0.00470873275173922
2025-07-18,976.2705078125,996.0213445308241,974.0759568696542,990.9838927216935,16129446,HDFCBANK,-0.014958566924579935,-0.014847243334064175
2025-07-21,997.7670288085938,998.5151670456409,985.7968170158388,986.6446826643673,22309078,HDFCBANK,0.021780103337607222,0.02201902118733501
2025-07-22,1001.058837890625,1006.4953213272488,999.0139388595042,1004.051390877723,14836814,HDFCBANK,0.003293745706293776,0.0032991760470997278
2025-07-23,1009.6375122070312,1012.3806857402005,999.0139248978445,1003.0039954915454,13634916,HDFCBANK,0.00853308991148594,0.008569600498690821
2025-07-24,1004.5999755859375,1016.3208076773761,1001.7072110041944,1016.3208076773761,19107176,HDFCBANK,-0.005001939597123608,-0.004989450728788647
2025-07-25,1002.2999877929688,1007.5,999.5,1007.5,9306598,HDFCBANK,-0.0022920811618710383,-0.0022894563496552722
2025-07-28,1004.25,1010.7000122070312,1000.25,1001.5,12059580,HDFCBANK,0.0019436473875905384,0.0019455374945429593
2025-07-29,1010.7999877929688,1013.25,998.1500244140625,999.9500122070312,19895696,HDFCBANK,0.006501090198043673,0.0065222681533172455
2025-07-30,1012.9000244140625,1016.2999877929688,1008.5,1014.0,15154036,HDFCBANK,0.0020754433584482374,0.0020775985817720333
2025-07-31,1009.0999755859375,1015.7000122070312,1004.0,1007.2999877929688,22183032,HDFCBANK,-0.00375870751929854,-0.0037516524203099477
2025-08-01,1006.0999755859375,1014.1500244140625,1004.6500244140625,1007.0,11317258,HDFCBANK,-0.0029773742446197477,-0.0029729462616011615
2025-08-04,996.0,1009.25,994.0499877929688,1005.0499877929688,13933946,HDFCBANK,-0.010089467447366773,-0.010038739519952156
2025-08-05,988.7999877929688,997.2000122070312,982.75,993.25,23978058,HDFCBANK,-0.007255183226470612,-0.007228927918706107
2025-08-06,992.6500244140625,994.0,985.0,985.5499877929688,14080204,HDFCBANK,0.003886084879794464,0.0038936454982034796
2025-08-07,997.7000122070312,1000.7999877929688,988.4000244140625,990.0499877929688,13081186,HDFCBANK,0.005074482916711347,0.005087379911111745
2025-08-08,986.9500122070312,996.4000244140625,985.0,993.5499877929688,13895264,HDFCBANK,-0.010833250197197797,-0.010774781866765504
2025-08-11,997.7999877929688,998.7999877929688,986.5499877929688,987.9500122070312,9105854,HDFCBANK,0.010933451235555128,0.010993439841674002
2025-08-12,984.9500122070312,998.0,983.75,995.9500122070312,12937802,HDFCBANK,-0.012961952337072294,-0.012878308020789153
2025-08-13,990.1500244140625,997.0,984.5499877929688,997.0,13577396,HDFCBANK,0.005265580603903678,0.005279468138062349
2025-08-14,995.5499877929688,998.0,985.5999755859375,989.0,17511716,HDFCBANK,0.005438864538625671,0.0054536820135935304
2025-08-18,1001.7999877929688,1013.2999877929688,997.7999877929688,1005.0,19284796,HDFCBANK,0.006258312739970117,0.0062779368958214565
2025-08-19,995.5499877929688,1003.0499877929688,993.3499755859375,999.1500244140625,12352438,HDFCBANK,-0.006258312739970005,-0.006238770289635487
2025-08-20,994.0999755859375,996.0,989.5,993.5,9950228,HDFCBANK,-0.0014575553393094828,-0.0014564936214260804
2025-08-21,995.5999755859375,998.75,991.5999755859375,998.75,12439850,HDFCBANK,0.0015077653123386767,0.0015089025619539065
2025-08-22,982.2999877929688,998.0,978.5499877929688,994.9500122070312,19833502,HDFCBANK,-0.01344879771764263,-0.013358766692557755
2025-08-25,982.0499877929688,988.7000122070312,978.5,980.0999755859375,17518044,HDFCBANK,-0.0002545371287773642,-0.0002545047369507669
2025-08-26,973.4000244140625,985.7000122070312,968.0,979.5,16917731,HDFCBANK,-0.008847088644480852,-0.008808068312638473
2025-08-28,957.7999877929688,972.2000122070312,955.0,967.0,25438255,HDFCBANK,-0.016156147316932302,-0.016026336788397155
2025-08-29,951.5999755859375,963.2999877929688,950.0999755859375,954.0,14823813,HDFCBANK,-0.00649422239064552,-0.006473180503288378
2025-09-01,950.5999755859375,957.4500122070312,946.3499755859375,949.5999755859375,20178344,HDFCBANK,-0.0010514142758825636,-0.00105086173356006
2025-09-02,944.5,954.7999877929688,944.0,951.0,14196320,HDFCBANK,-0.006437651555552015,-0.006416974271619913
2025-09-03,954.4500122070312,956.2999877929688,940.0,945.0,16083481,HDFCBANK,0.010479584194943868,0.01053468735524743
2025-09-04,961.25,965.7000122070312,956.25,960.2000122070312,17597657,HDFCBANK,0.007099249683345509,0.007124509095290055
2025-09-05,963.4000244140625,967.5,954.0499877929688,967.5,11602111,HDFCBANK,0.0022341987178300577,0.002236696399544824
2025-09-08,966.0,973.1500244140625,960.4500122070312,969.0,11711307,HDFCBANK,0.0026951146748342507,0.002698749761314234
2025-09-09,965.1500244140625,974.4000244140625,962.7000122070312,974.0,13985539,HDFCBANK,-0.000880279243019462,-0.0008798919109084258
2025-09-10,965.9000244140625,973.9000244140625,961.7000122070312,973.9000244140625,18091100,HDFCBANK,0.0007767794917245168,0.0007770812630454316
2025-09-11,967.7999877929688,969.25,959.9000244140625,960.2999877929688,15113633,HDFCBANK,0.00196510728481949,0.00196703937351983
2025-09-12,967.2999877929688,970.75,962.25,969.9000244140625,14363519,HDFCBANK,-0.0005167691772366834,-0.000516635675043009
2025-09-15,967.0499877929688,972.3499755859375,965.0,969.5999755859375,14486377,HDFCBANK,-0.0002584847670249008,-0.0002584513627157392
2025-09-16,966.8499755859375,969.3499755859375,961.2000122070312,961.2000122070312,18661794,HDFCBANK,-0.00020684855631826094,-0.00020682716463060746
2025-09-17,966.5,974.4000244140625,964.3499755859375,965.1500244140625,17361476,HDFCBANK,-0.0003620405970772005,-0.00036197506828850035
2025-09-18,976.9000244140625,979.6500244140625,969.25,973.2999877929688,17791598,HDFCBANK,0.010703019001874,0.0107605012044103
2025-09-19,966.9000244140625,976.7000122070312,962.0999755859375,974.9000244140625,31243267,HDFCBANK,-0.010289214910926055,-0.010236462022813364
2025-09-22,964.2000122070312,971.2000122070312,961.9500122070312,964.0,10854415,HDFCBANK,-0.0027963481075427813,-0.0027924419679971058
2025-09-23,957.2000122070312,968.2000122070312,955.5,967.0,21022298,HDFCBANK,-0.007286385844719131,-0.007259904492198821
2025-09-24,951.0499877929688,956.4500122070312,943.0,952.2000122070312,15117220,HDFCBANK,-0.006445744223541752,-0.006425014976631949
2025-09-25,949.8499755859375,958.0,947.4000244140625,952.5,31413279,HDFCBANK,-0.0012625728755434355,-0.001261776165747075
2025-09-26,945.0499877929688,951.4500122070312,941.2999877929688,945.0999755859375,14874656,HDFCBANK,-0.005066228457831034,-0.005053416767219265
2025-09-29,950.2999877929688,956.7999877929688,939.0999755859375,946.0499877929688,32398179,HDFCBANK,0.005539888141663976,0.005555261698125147
2025-09-30,951.0,960.0,946.2999877929688,958.0499877929688,28296687,HDFCBANK,0.0007363511735709744,0.0007366223466518385
2025-10-01,965.25,969.5999755859375,946.0,952.7000122070312,25350832,HDFCBANK,0.014873072598955338,0.014984227129337446
2025-10-03,965.1500244140625,966.75,952.0,952.0,26658296,HDFCBANK,-0.00010358017484717684,-0.00010357481060607743
2025-10-06,973.4500122070312,977.4000244140625,962.0,971.9000244140625,18542683,HDFCBANK,0.008562919995388026,0.008599686663228967
2025-10-07,982.5,989.8499755859375,971.0,974.0,25535736,HDFCBANK,0.009253868778529777,0.009296818202765733
2025-10-08,978.7000122070312,985.9000244140625,974.5499877929688,976.0,15939710,HDFCBANK,-0.00387517083894284,-0.0038676720539122522
2025-10-09,977.0999755859375,979.0,970.1500244140625,974.5,15370950,HDFCBANK,-0.001636196940423929,-0.0016348590999663015
2025-10-10,980.9000244140625,986.2000122070312,978.0999755859375,979.0,13757080,HDFCBANK,0.0038815664956709417,0.0038891095313415835
2025-10-13,977.0,981.0,972.0,974.2999877929688,18634254,HDFCBANK,-0.003983890416937911,-0.003975965253331659
2025-10-14,977.1500244140625,980.4500122070312,967.0,970.0,22934382,HDFCBANK,0.00015354441827179985,0.00015355620681933857
2025-10-15,978.25,984.9000244140625,973.3499755859375,975.0,23310447,HDFCBANK,0.0011250646294673273,0.001125697752089927
2025-10-16,994.3499755859375,996.5999755859375,981.5,982.6500244140625,22936566,HDFCBANK,0.016323971712202335,0.016457935687132608
2025-10-17,1002.5499877929688,1009.0,986.0,993.9500122070312,25210511,HDFCBANK,0.008212788270006167,0.008246605730743095
2025-10-20,1002.9500122070312,1020.0,997.0,997.0,22195202,HDFCBANK,0.0003989273691025967,0.00039900695120764773
2025-10-21,1007.7000122070312,1010.0,1004.0,1006.0,3471600,HDFCBANK,0.004724848958278983,0.004736028657646996
2025-10-23,1008.7999877929688,1020.5,1006.0,1016.0,43526526,HDFCBANK,0.0010909751500512315,0.0010915704799172588
2025-10-24,994.75,1011.9500122070312,991.2999877929688,1011.0,17707768,HDFCBANK,-0.014025323243125259,-0.013927426608823623
2025-10-27,1002.9500122070312,1009.0499877929688,996.2000122070312,996.5,15700796,HDFCBANK,0.00820949913479487,0.008243289476784321
2025-10-28,1003.5499877929688,1008.0,995.0,997.6500244140625,33904289,HDFCBANK,0.0005980319998193954,0.0005982108566080502
2025-10-29,1007.8499755859375,1012.5,1000.0,1004.9000244140625,17769445,HDFCBANK,0.004275623368711053,0.004284776887323094
2025-10-30,998.1500244140625,1009.5,997.0999755859375,1000.0,19962917,HDFCBANK,-0.00967101373238888,-0.009624399867882771
2025-10-31,987.2999877929688,1004.4500122070312,981.1500244140625,994.0,23221330,HDFCBANK,-0.010929657824625507,-0.010870146126042535
2025-11-03,992.6500244140625,994.5499877929688,983.2999877929688,985.0,16607180,HDFCBANK,0.005404226984572995,0.00541885616047999
2025-11-04,985.25,997.0,983.7000122070312,987.0,20024544,HDFCBANK,-0.007482743162809093,-0.00745481713802465
2025-11-06,984.6500244140625,991.0499877929688,974.0,981.0,22279516,HDFCBANK,-0.0006091432022475567,-0.0006089577121923817
2025-11-07,982.2999877929688,984.9000244140625,974.75,980.0,15004568,HDFCBANK,-0.002389524619030689,-0.0023866719776828305
2025-11-10,984.5,990.9500122070312,980.2000122070312,982.2999877929688,15988262,HDFCBANK,0.0022371498253452933,0.0022396541121558755
2025-11-11,991.7000122070312,993.5,978.0,983.5,10200530,HDFCBANK,0.007286756422096674,0.007313369433246564
2025-11-12,989.5,999.0,987.7000122070312,998.7999877929688,13137263,HDFCBANK,-0.0022208894586564537,-0.0022184251083501305
2025-11-13,986.6500244140625,990.0999755859375,982.5999755859375,984.0,14124839,HDFCBANK,-0.0028843736827855793,-0.002880217873610369
2025-11-14,989.5999755859375,991.6500244140625,976.0499877929688,976.0499877929688,21386965,HDFCBANK,0.002985405047806005,0.002989865807409231
2025-11-17,996.5499877929688,997.9500122070312,985.5999755859375,991.25,18396408,HDFCBANK,0.006998505351814488,0.007023052120546103
2025-11-18,992.4500122070312,999.0,990.0,997.6500244140625,20002640,HDFCBANK,-0.004122656000973203,-0.004114169521006739
2025-11-19,994.5999755859375,996.5499877929688,984.0,990.0,19813847,HDFCBANK,0.002163975975541526,0.0021663190613752104
2025-11-20,1008.8499755859375,1011.5999755859375,992.4500122070312,995.2999877929688,19850865,HDFCBANK,0.014225701326769525,0.014327368137732943
2025-11-21,998.0499877929688,1008.2999877929688,996.5499877929688,1003.0999755859375,17499897,HDFCBANK,-0.010762960034783107,-0.010705246621725006
2025-11-24,999.1500244140625,1011.4500122070312,993.5999755859375,1000.0,32204053,HDFCBANK,0.001101578936119888,0.0011021858970474696
2025-11-25,989.7999877929688,1006.0999755859375,988.4000244140625,1004.0,24989383,HDFCBANK,-0.009402051777170435,-0.009357990684709216
2025-11-26,1003.9000244140625,1006.9500122070312,981.2999877929688,981.2999877929688,19494356,HDFCBANK,0.014144827831738626,0.014245339255392064
2025-11-27,1009.5,1016.7999877929688,1001.0,1002.0999755859375,25536848,HDFCBANK,0.0055627197361940465,0.005578220390228594
2025-11-28,1007.5999755859375,1012.0499877929688,1004.2000122070312,1007.0,15988807,HDFCBANK,-0.001883917504352504,-0.0018821440456290306
2025-12-01,1002.0999755859375,1017.5,999.2999877929688,1017.5,16746566,HDFCBANK,-0.00547346754715726,-0.005458515416102205
2025-12-02,989.7999877929688,994.4000244140625,985.0,988.0,27316662,HDFCBANK,-0.012350162516422932,-0.012274212246913607
2025-12-03,1000.5,1002.2999877929688,986.0,986.0,15448777,HDFCBANK,0.010752263838828574,0.010810277166086735
2025-12-04,997.2000122070312,1004.7000122070312,993.0,1000.0,14528169,HDFCBANK,-0.003303790133078442,-0.0032983386236569157
2025-12-05,1003.2999877929688,1008.0,990.2000122070312,992.0,12843366,HDFCBANK,0.006098469873976861,0.006117103400788082
2025-12-08,1003.0999755859375,1006.5,997.5,1000.0,12901022,HDFCBANK,-0.00019937421386007341,-0.00019935434014228814
2025-12-09,997.0999755859375,1002.7999877929688,994.0,994.9000244140625,15294322,HDFCBANK,-0.005999418201148632,-0.005981457627386777
2025-12-10,989.7999877929688,998.5,985.2999877929688,997.5,15322830,HDFCBANK,-0.007348151164718182,-0.007321219508283461
2025-12-11,1000.2999877929688,1002.7000122070312,988.5,990.0,11844809,HDFCBANK,0.010552331602805151,0.010608203808339711
2025-12-12,1001.5,1004.7000122070312,998.2000122070312,1003.0,11988618,HDFCBANK,0.001198933318108209,0.0011996523259776293
2025-12-15,996.0999755859375,1001.7999877929688,992.0,992.0,9790060,HDFCBANK,-0.005406525464403427,-0.005391936509298589
2025-12-16,994.2999877929688,998.7000122070312,990.0999755859375,990.0999755859375,20049088,HDFCBANK,-0.001808669932451931,-0.0018070352746569762
2025-12-17,984.0,996.0,980.7999877929688,996.0,19080922,HDFCBANK,-0.010413062656764236,-0.010359034415590718
2025-12-18,979.7000122070312,987.4000244140625,973.2999877929688,973.2999877929688,14912404,HDFCBANK,-0.004379482241688273,-0.004369906293667403
2025-12-19,985.5,988.0,978.7000122070312,987.0,25952384,HDFCBANK,0.005902711782209879,0.0059201671130970634
2025-12-22,987.7000122070312,992.9000244140625,983.9000244140625,988.0,13540411,HDFCBANK,0.0022298936803541226,0.0022323817422944536
2025-12-23,996.5999755859375,998.9000244140625,987.7000122070312,990.5,17927849,HDFCBANK,0.00897044107682138,0.009010796060454851
2025-12-24,997.2000122070312,999.4000244140625,993.0,993.0,13699996,HDFCBANK,0.0006019025407592699,0.00060208372044257
2025-12-26,992.0999755859375,997.2000122070312,987.7000122070312,996.0,9360853,HDFCBANK,-0.005127479843322572,-0.005114356757583871
2025-12-29,991.7000122070312,997.4000244140625,987.2000122070312,993.0999755859375,13545749,HDFCBANK,-0.000403229546110169,-0.0004031482600027614
2025-12-30,990.9000244140625,995.0,982.2000122070312,990.2000122070312,33155849,HDFCBANK,-0.0008070087981527646,-0.0008066832541308022
