Date,Close,High,Low,Open,Volume,Ticker,Log_Return,Return
2020-01-01,1749.9312744140625,1752.958424189976,1733.1688310132904,1744.0124316244267,543035,HUL,,
2020-01-02,1751.2869873046875,1764.4347888346845,1744.0126933470121,1753.0490285457015,663275,HUL,0.0007744235617661822,0.0007747235051154266
2020-01-03,1741.7081298828125,1753.0487730269222,1733.8465635285602,1751.151164973152,1598825,HUL,-0.005484623431968406,-0.005469610344457143
2020-01-06,1730.8646240234375,1743.4703766627408,1727.069407708035,1741.6178839928325,683129,HUL,-0.006245249198239825,-0.006225788163545243
2020-01-07,1735.608642578125,1744.91611080301,1733.168876499313,1734.2984182592838,808935,HUL,0.002737088188220448,0.002740837433987231
2020-01-08,1743.42529296875,1749.4797036785671,1722.732063498574,1725.9400065864254,1889685,HUL,0.004493582809732177,0.0045036940925886615
2020-01-09,1748.5760498046875,1759.6455601892274,1744.9162900038039,1754.4496675597493,1544334,HUL,0.002950033557148019,0.002954389188174922
2020-01-10,1765.699951171875,1768.8626685869729,1745.503763453972,1753.8623737653024,1003336,HUL,0.009745413785390266,0.009793054965553383
2020-01-13,1802.61328125,1805.3241817738158,1768.410775035888,1772.0253090676424,2040089,HUL,0.020690250269908998,0.02090577736813448
2020-01-14,1815.21875,1820.7760069562394,1791.3628070728678,1803.200382107779,1610737,HUL,0.006968548927597322,0.006992885762640677
2020-01-15,1826.8306884765625,1831.6651056432152,1804.8723502901278,1817.3425367206405,1559491,HUL,0.006376617351861033,0.006396991258801554
2020-01-16,1851.770751953125,1856.6955098790252,1821.8152825684756,1827.1467417100007,2468958,HUL,0.01355974329723204,0.013652093559562761
2020-01-17,1861.7559814453125,1865.008929392799,1843.457404669706,1856.9666801911935,994719,HUL,0.005377773891945115,0.005392260074124078
2020-01-20,1864.0601806640625,1875.8524196207613,1852.448403644552,1861.9365540046824,829399,HUL,0.001236883094740769,0.0012376483501137514
2020-01-21,1857.3280029296875,1875.0393058229097,1854.3911943783985,1861.2588964668619,750000,HUL,-0.003618104183872731,-0.0036115667317010436
2020-01-22,1853.9847412109375,1864.647660250533,1831.8457212564242,1864.1958435167674,983169,HUL,-0.0018016604116023796,-0.001800038395736503
2020-01-23,1858.68359375,1862.2531224427116,1838.894109028515,1854.029969631084,708017,HUL,0.002531254948743484,0.002534461279327216
2020-01-24,1873.86474609375,1878.6540477697165,1852.4939020497652,1858.7741107562804,914993,HUL,0.008134515442674392,0.008167690506764025
2020-01-27,1862.705078125,1869.3918780475383,1858.5482756129422,1866.9068858229434,429312,HUL,-0.005973233031727581,-0.0059554287426631936
2020-01-28,1862.02734375,1866.003243044196,1845.8521711636513,1863.2923424489745,777052,HUL,-0.0003639103729970826,-0.000363844165648719
2020-01-29,1874.3165283203125,1884.79876497978,1863.3374697355785,1863.3374697355785,873433,HUL,0.006578210842862975,0.006599894792931993
2020-01-30,1859.76806640625,1877.7502835713215,1851.951504801838,1874.9489316689526,952768,HUL,-0.0077922902708170705,-0.007762009081305088
2020-01-31,1838.2164306640625,1868.9399693847597,1825.3848792034416,1865.0995270446726,1930834,HUL,-0.011656014114678724,-0.011588345951026646
2020-02-03,1968.971923828125,1983.9723262927998,1874.9488258192239,1874.9488258192239,4012542,HUL,0.06871577009851505,0.07113171821493647
2020-02-04,1947.8724365234375,1991.7888917068883,1933.7756658539972,1967.2101049365197,1932121,HUL,-0.010773821708041049,-0.010715991959735716
2020-02-05,1952.119384765625,1973.5354533926256,1946.3359983215682,1958.5350498878688,1514368,HUL,0.002177927603714956,0.0021803010107619425
2020-02-06,1948.5950927734375,1984.6049741758216,1928.39901743629,1957.2700621809126,1302116,HUL,-0.0018069986775262525,-0.0018053670383538778
2020-02-07,1951.8031005859375,1962.6919281961264,1935.2215585147135,1956.3664938050706,908152,HUL,0.0016449646301974646,0.0016463183266739456
2020-02-10,1951.2158203125,1978.5507331220867,1944.348117609097,1951.9387712202756,1389847,HUL,-0.0003009364237129889,-0.00030089114688935936
2020-02-11,1945.20654296875,1969.6046471857771,1940.7336013183574,1959.9810387678522,777506,HUL,-0.003084512687763895,-0.0030797604658553412
2020-02-12,2042.5279541015625,2053.0551955339124,1947.3300820315055,1949.2278005193104,4753325,HUL,0.048820070686824577,0.05003140231282677
2020-02-13,2063.3564453125,2068.3716548732764,2017.858635373308,2038.5969780619848,2950407,HUL,0.010145765370970616,0.01019740815253578
2020-02-14,2037.73876953125,2076.1884191022546,2029.7867506037069,2053.9589467433393,1728651,HUL,-0.012493252481009284,-0.01241553578367316
2020-02-17,2035.52490234375,2068.4170733689907,2027.0306151089528,2031.3681000146314,1420851,HUL,-0.0010870238628460053,-0.0010864332664236587
2020-02-18,2019.0784912109375,2044.87727031553,2007.9639762735815,2035.524796481879,1194605,HUL,-0.008112508048277492,-0.00807969045914192
2020-02-19,2071.26318359375,2085.7665436046223,2025.2683323559115,2033.3558070617812,1299800,HUL,0.025517439924785182,0.025845796787976605
2020-02-20,2031.593994140625,2069.275466555498,2026.3981015724905,2062.272307007143,1555224,HUL,-0.019337951061430162,-0.019152172339729878
2020-02-24,2001.68359375,2044.018910084519,1997.1204212153036,2021.2473907527244,1409245,HUL,-0.014832080396524621,-0.014722626901285563
2020-02-25,2018.3558349609375,2060.0132061402014,2011.26222387714,2024.0485494103468,2237493,HUL,0.008294613570267383,0.008329109187383388
2020-02-26,2020.704833984375,2038.3256841422717,1990.1169777451148,2023.054368917538,2896154,HUL,0.001163141374096101,0.0011638180853690283
2020-02-27,2037.64794921875,2041.9402075696544,1987.9933414715347,2025.9007158373272,2446802,HUL,0.008349798343140825,0.00838475513564596
2020-02-28,1965.1768798828125,2014.5603605467008,1947.3301189320432,1979.9513752951075,3837330,HUL,-0.03621392013253607,-0.03556604042603306
2020-03-02,1951.3511962890625,2025.9009554101224,1935.4473800447502,1978.9572421226787,1707337,HUL,-0.007060202687137907,-0.007035338007118419
2020-03-03,1957.8572998046875,1978.5958636935352,1935.3116896538345,1962.601375353236,1753148,HUL,0.003328607071852967,0.003334153036110399
2020-03-04,1966.1712646484375,1974.4846496788648,1944.6195149569999,1969.0176222543228,1515878,HUL,0.004237470317943374,0.00424646109018223
2020-03-05,2004.2586669921875,2040.9912725308923,1971.5924113188864,1974.438767979229,2272645,HUL,0.019186119058220118,0.019371355399480095
2020-03-06,1977.962646484375,2033.1747238987907,1951.1700100348728,1974.4385652083813,2479414,HUL,-0.013206901703480895,-0.01312007324247988
2020-03-09,1917.058349609375,1960.5232064695872,1908.4738318995992,1933.7755683073592,2485118,HUL,-0.031275446953858636,-0.030791429243242296
2020-03-11,1947.329833984375,1960.3872915326858,1866.9064672908207,1866.9064672908207,2861629,HUL,0.01566721671929201,0.015790591027742273
2020-03-12,1857.8250732421875,1918.4137377687734,1835.8668474678293,1899.7988011964096,3655780,HUL,-0.04705263021927384,-0.045962814917211214
2020-03-13,1837.267578125,1915.7030096228534,1706.1503800466116,1780.1579853570856,3667035,HUL,-0.011127032071871365,-0.011065355621082018
2020-03-16,1754.7659912109375,1842.6894683597893,1747.5369228999036,1807.267077758455,2948679,HUL,-0.04594394632318679,-0.044904502695387705
2020-03-17,1810.9267578125,1886.786745931609,1763.8473642686517,1767.1005331105446,3732382,HUL,0.03150322544451341,0.03200470426418889
2020-03-18,1738.4100341796875,1864.9187141921495,1725.352464951455,1838.0356196895013,3910994,HUL,-0.040867813109632174,-0.04004398483813265
2020-03-19,1661.1494140625,1715.999920315307,1587.9551046651645,1711.7528872260898,5095006,HUL,-0.045461141153444386,-0.04444326631699691
2020-03-20,1853.9847412109375,1878.563527405057,1671.721914932632,1671.721914932632,4252245,HUL,0.10982745604315924,0.11608548003929409
2020-03-23,1689.5235595703125,1793.7577750479463,1671.7220232294646,1762.0853758364628,3574673,HUL,-0.09289066513595091,-0.08870686903992886
2020-03-24,1832.4329833984375,1871.37956120162,1744.0124765329851,1784.6759798718372,5788124,HUL,0.0811980112019624,0.08458563541100927
2020-03-25,1886.9222412109375,1932.826868019962,1808.7580522586209,1816.3485958665385,3959038,HUL,0.029302474935247572,0.029736016709022595
2020-03-26,1983.3848876953125,2033.175176940506,1861.48482866553,1887.690197612763,3201540,HUL,0.04985786643556033,0.05112168608626377
2020-03-27,1934.2725830078125,2049.1242596103634,1916.1546886107897,2023.2352500823192,2918646,HUL,-0.0250735946378882,-0.024761862910314125
2020-03-30,1973.85205078125,1999.7410639740394,1900.2059157998292,1918.4140437491576,2809606,HUL,0.020255659547144953,0.02046219758328527
2020-03-31,2077.00146484375,2090.104149742699,1974.4390692554248,2019.4400587552316,2809269,HUL,0.050938260905935846,0.052257925826646234
2020-04-01,1969.604736328125,2100.8575066212056,1950.0863844393089,2072.2123678297153,2774626,HUL,-0.05309236900184189,-0.051707584387141625
2020-04-03,1946.51708984375,2036.8804435227012,1922.8869404885104,2018.7173211877696,4121436,HUL,-0.011791213350053972,-0.011721969417791245
2020-04-07,2209.293212890625,2222.938165485191,2006.066149340294,2006.066149340294,8510114,HUL,0.12663098339601145,0.1349981073466806
2020-04-08,2223.70654296875,2362.369056692818,2184.4434916753376,2197.63662876122,9791862,HUL,0.006502766371315728,0.006523955260454795
2020-04-09,2143.644287109375,2259.083451480003,2119.0202774882428,2259.03822568825,4770068,HUL,-0.0366680989975146,-0.03600396649122961
2020-04-13,2120.33056640625,2189.5037479220555,2091.911339842987,2151.5511447801955,3249551,HUL,-0.010935314502059014,-0.010875741298740693
2020-04-15,2247.833251953125,2274.0838456879055,2152.0028881622884,2192.1693476628334,29485531,HUL,0.05839474902421829,0.06013339974765319
2020-04-16,2201.341552734375,2282.7135690422947,2187.7870508800447,2228.3601048518854,5388243,HUL,-0.020899781891563034,-0.020682895040525673
2020-04-17,2155.16552734375,2257.999046104509,2127.198119444967,2257.999046104509,4540936,HUL,-0.021199439772980597,-0.020976311165011086
2020-04-20,2111.38525390625,2186.79343805016,2097.3337064935627,2186.79343805016,2985268,HUL,-0.020523280925274008,-0.020314111784935363
2020-04-21,2094.080322265625,2148.8406042096194,2062.0917825089787,2062.99541606836,3227335,HUL,-0.008229780507278581,-0.008196008572386004
2020-04-22,2156.204833984375,2168.6750195176464,2056.3533393564617,2094.5770778028145,2837815,HUL,0.029235185014455392,0.029666728185257174
2020-04-23,2094.170654296875,2180.467654290554,2085.6313617710157,2158.780450103661,4095570,HUL,-0.02919204909362856,-0.02877007727177261
2020-04-24,2063.08544921875,2112.6948333211785,2060.2840975073937,2088.2967321664855,2169013,HUL,-0.014954952812157321,-0.01484368287481419
2020-04-27,2096.836181640625,2104.923656844142,2063.221061636395,2082.8750890493334,2013715,HUL,0.01622697541078655,0.016359347808233338
2020-04-28,2069.275634765625,2113.282545188565,2048.537288604514,2113.282545188565,2164023,HUL,-0.013231017385239104,-0.013143872237761478
2020-04-29,2016.6842041015625,2070.856992077357,2006.9701432999082,2069.320859143084,3642151,HUL,-0.02574393155440431,-0.025415381972551554
2020-04-30,1983.475830078125,2053.0556200170845,1951.8486528331437,2053.0556200170845,8448047,HUL,-0.016603904178773075,-0.016466819126116916
2020-05-04,1881.9521484375,1951.848285230444,1866.9067394843041,1924.73928126891,8474573,HUL,-0.052541160476756096,-0.05118473343666918
2020-05-05,1844.767578125,1916.6064331144378,1837.177035536452,1898.714447749061,4304136,HUL,-0.01995631928888657,-0.019758509983036854
2020-05-06,1816.4842529296875,1873.2324882049907,1807.2672341582158,1852.4036892085821,5127656,HUL,-0.015450391906988034,-0.015331646940618615
2020-05-07,1800.083251953125,1813.5925293620137,1718.711006899128,1762.1757584612365,185669922,HUL,-0.009069988816493187,-0.009028980543107079
2020-05-08,1888.096923828125,1895.823034176884,1839.7977586197026,1874.9942384155584,16100226,HUL,0.04773648826135317,0.04889422296413426
2020-05-11,1850.641357421875,1912.5854762766685,1839.7525299217377,1882.2685290575027,11158755,HUL,-0.0200371444807774,-0.019837734987835587
2020-05-12,1817.7039794921875,1832.4331391023934,1793.7124663609534,1825.3396383119023,14881008,HUL,-0.017958103762828397,-0.017797817928143833
2020-05-13,1803.426513671875,1875.0394668015235,1785.0375944564146,1875.0394668015235,8432979,HUL,-0.007885680912617342,-0.0078546704971737
2020-05-14,1812.7340087890625,1831.2584953550304,1789.7816960557182,1796.4233801533715,8510002,HUL,0.005147733687577743,0.005161006033030491
2020-05-15,1836.2734375,1841.2886470676176,1812.6886274691665,1820.8213281906135,5491136,HUL,0.012902004499033722,0.012985594464938854
2020-05-18,1812.0111083984375,1850.5058741280077,1796.9655882920235,1844.7678233613813,7675561,HUL,-0.013300874144671083,-0.013212808401016019
2020-05-19,1785.1728515625,1829.676792625196,1778.4407171364476,1823.5320419191994,5963193,HUL,-0.014922091912129063,-0.014811309219654123
2020-05-20,1798.9986572265625,1816.3032600993204,1784.676088903561,1785.1731314307935,3926496,HUL,0.007714962415626686,0.007744799419261428
2020-05-21,1780.97119140625,1810.3392785764304,1766.7840800353335,1806.36326932895,4261625,HUL,-0.010071379907370176,-0.010020833394119744
2020-05-22,1796.3331298828125,1802.7941317323582,1769.3144650708753,1784.6762351966183,5339946,HUL,0.008588608363626338,0.008625596276171432
2020-05-26,1787.206298828125,1825.3395866644266,1784.676081020912,1811.7398589875904,4628932,HUL,-0.005093763286435962,-0.005080812073695373
2020-05-27,1805.5499267578125,1811.8753607409637,1772.0251487084747,1798.2305180672436,4261645,HUL,0.01021154020865875,0.010263855908361208
2020-05-28,1816.2581787109375,1820.8215721833092,1798.230733818752,1807.2670691645749,5500796,HUL,0.005913225021063124,0.005930742647672682
2020-05-29,1859.09033203125,1868.713939849335,1807.266866392007,1815.3995672907708,8778345,HUL,0.023308860323803256,0.0235826347940864
2020-06-01,1905.3564453125,1936.486575015854,1871.6056461119124,1875.0394975071847,6592547,HUL,0.024581802184405803,0.024886425626612585
2020-06-02,1904.3170166015625,1920.2210533358202,1888.5938830455832,1917.5101530252284,3268728,HUL,-0.0005456786504780566,-0.0005455297949602533
2020-06-03,1916.1546630859375,1941.9082155018532,1884.0756767433056,1911.1846792863748,4895117,HUL,0.00619697532649003,0.006216216302840305
2020-06-04,1916.2454833984375,1926.9081832928666,1902.3746195160752,1911.185047037881,3264730,HUL,4.7396048974796235e-05,4.739717218527062e-05
2020-06-05,1886.42529296875,1922.9319963839682,1884.0757577352322,1919.317462556179,2981853,HUL,-0.01568413542754943,-0.015561779890957306
2020-06-08,1908.2030029296875,1919.7695569744135,1877.8410467526592,1903.9559691904396,4298456,HUL,0.011478304258535368,0.01154443276503403
2020-06-09,1903.5037841796875,1938.1129880147707,1893.1572257252196,1897.630166996128,3127904,HUL,-0.002465678182099732,-0.0024626408944883327
2020-06-10,1915.3416748046875,1924.7393750571591,1894.015835736998,1911.9980543289266,2421659,HUL,0.006199742131319021,0.006219000310577982
2020-06-11,1903.8653564453125,1932.149129467763,1893.699479444614,1911.1848761312754,2566927,HUL,-0.006009809265154899,-0.00599178648401999
2020-06-12,1904.1815185546875,1914.7992112076795,1866.0030066747797,1866.2289150290987,2338438,HUL,0.00016604948440995064,0.00016606327138868338
2020-06-15,1883.443359375,1926.2754992842963,1858.5934379771986,1911.0494070869236,2830788,HUL,-0.010950591509521755,-0.010890852041998689
2020-06-16,1876.259521484375,1915.7030358400561,1858.7741248693374,1906.4860181865743,2806772,HUL,-0.0038214969963878444,-0.0038142043692829253
2020-06-17,1877.976318359375,1896.726713454266,1863.5634081802486,1875.94314298764,2293301,HUL,0.0009145919797853919,0.0009150103465653814
2020-06-18,1866.319580078125,1883.9404337304052,1856.1084771722783,1870.74729608375,2326907,HUL,-0.006226418133994485,-0.0062070741613150515
2020-06-19,1903.9854736328125,1910.5815289111963,1871.4600976049194,1891.4757136220844,4673528,HUL,0.019980954405250433,0.020181909870500725
2020-06-22,1911.30908203125,1927.7763390779864,1898.7537897403995,1919.679202852057,2487234,HUL,0.00383908360759096,0.0038464623285512367
2020-06-23,1961.484375,1976.0867176829747,1912.0368503037562,1924.2280883515155,4308814,HUL,0.025913130240145812,0.02625179435417424
2020-06-24,1938.148193359375,1980.5447665330946,1933.3262059277934,1976.0868326000787,3023015,HUL,-0.01196854308646487,-0.011897204962759367
2020-06-25,1977.1334228515625,1992.372585505297,1921.4991955037185,1923.591781665111,8208033,HUL,0.019915051736892387,0.02011467937578848
2020-06-26,1959.892578125,1983.319945607422,1945.244920465827,1983.319945607422,3176048,HUL,-0.00875836478232133,-0.008720122034908795
2020-06-29,1986.0491943359375,1997.8310677947334,1946.973302616167,1957.299628372618,3295039,HUL,0.013257671216716328,0.013345943804716764
2020-06-30,1983.3651123046875,2001.515588059953,1974.2671072023722,1995.9204037697352,2373109,HUL,-0.0013523821062692114,-0.001351468049686222
2020-07-01,1974.63134765625,1994.1012158804654,1965.2605781548732,1986.0949253078586,1532931,HUL,-0.004413232256336935,-0.004403508256878075
2020-07-02,1957.6634521484375,1981.2271989743108,1951.5222980636217,1972.2202618309632,2588838,HUL,-0.008630075659667854,-0.008592943451420587
2020-07-03,1977.633544921875,1990.6437380910263,1961.848637582901,1970.1732243309496,1946252,HUL,0.010149304721818828,0.010200983601916569
2020-07-06,1966.624755859375,1983.364995413328,1958.8003830848143,1983.364995413328,2375516,HUL,-0.005582199141130888,-0.005566647618194032
2020-07-07,1959.846923828125,1979.2712559832391,1957.5724222698818,1979.2712559832391,2014667,HUL,-0.003452381331747762,-0.003446428715521921
2020-07-08,1988.869873046875,1996.1027442185173,1933.3264956537598,1959.3468846312248,3349938,HUL,0.014700204322134973,0.0148087837197306
2020-07-09,1979.590087890625,2019.7121684470917,1975.2229997847933,1986.0950745274893,3039571,HUL,-0.004676777471227415,-0.0046658583761609584
2020-07-10,2023.21435546875,2030.67467499425,1971.947009481295,1974.2670451332986,3179516,HUL,0.021797714820191397,0.022037020616025194
2020-07-13,2060.92578125,2069.796336979914,2033.4043134725746,2037.0435158233086,4556662,HUL,0.018467778445715205,0.018639362497263834
2020-07-14,2033.17724609375,2065.2021883854013,2025.7624587559276,2060.5168033244695,2403256,HUL,-0.01355557487313393,-0.013464111812614532
2020-07-15,2069.93310546875,2084.353536329058,2033.4502283489028,2035.4517455923985,2474512,HUL,0.01791657520798248,0.018078039898202336
2020-07-16,2081.487548828125,2084.6263167114225,2036.133896643636,2070.0239715542593,2495150,HUL,0.005566515252067956,0.005582037085569702
2020-07-17,2123.974609375,2128.9329772271717,2075.2547525876835,2078.893954258157,3088712,HUL,0.020206343344849963,0.020411873504021294
2020-07-20,2120.699951171875,2131.936078950341,2093.0876324962633,2123.975322622894,2816219,HUL,-0.0015429493149957732,-0.0015417595806800355
2020-07-21,2108.917236328125,2138.0308478736383,2099.819232720152,2136.2112471520436,3037810,HUL,-0.005571542199401366,-0.0055560499434345045
2020-07-22,2045.6866455078125,2119.8353942776084,2039.0905911693949,2119.8353942776084,6950011,HUL,-0.0304411565271532,-0.029982490413139384
2020-07-23,2011.8875732421875,2062.6542671994703,2006.6106855282655,2056.1492819913246,3936886,HUL,-0.016660128545785947,-0.016522116102114404
2020-07-24,2010.0223388671875,2019.757160034491,1972.4930673124927,2001.56114958373,4203314,HUL,-0.0009275366925099376,-0.000927106663318189
2020-07-27,2021.121826171875,2034.2683990733353,1987.6866575417528,2017.7100742708421,2209409,HUL,0.005506880875632013,0.005522071615852386
2020-07-28,2040.273193359375,2042.41109130228,2011.6144770803762,2029.7194185168623,1567837,HUL,0.009431000454157167,0.009475612473976325
2020-07-29,2030.0380859375,2058.1508351137063,2015.20829200588,2033.4043036718472,2404978,HUL,-0.005029162780020388,-0.00501653771425703
2020-07-30,2006.0994873046875,2044.8856147843285,2001.074188211308,2038.7182022606355,2044966,HUL,-0.01186227124556736,-0.011792191879866798
2020-07-31,2019.1651611328125,2030.1751796218375,1990.018514541387,2007.8354847129008,1715659,HUL,0.006491856241067873,0.006512974012908845
2020-08-03,2014.2310791015625,2031.180085619349,1999.6577575499439,2019.07368425936,1683773,HUL,-0.0024466153081043615,-0.002443624784255749
2020-08-04,2008.10986328125,2027.3886070328067,1987.369124892173,2019.1653891021456,1981720,HUL,-0.003043610988403051,-0.0030389839000214414
2020-08-05,2005.140380859375,2019.1654021346435,1992.8055538837693,2011.9473333543222,1715477,HUL,-0.0014798394234809768,-0.0014787450010443903
2020-08-06,2028.8046875,2036.616788435533,2002.8559580683218,2010.1197552975202,1824483,HUL,0.011732722038422565,0.011801820394481632
2020-08-07,2019.7591552734375,2041.9161562159613,2014.6881269387645,2031.1345606280606,1777905,HUL,-0.004468521495211791,-0.004458552507441649
2020-08-10,2016.2869873046875,2034.5608016226183,2009.0231907271145,2026.5660078585236,1476289,HUL,-0.0017205793505195163,-0.0017191000024356917
2020-08-11,2019.8502197265625,2040.2712957250844,2015.601647276998,2018.3884484747514,1665204,HUL,0.0017656651222795027,0.0017672248267783797
2020-08-12,2005.6424560546875,2018.388396141919,2000.9825444632654,2010.1651802057686,1170430,HUL,-0.0070589236210278445,-0.007034067938858524
2020-08-13,2008.885986328125,2025.652300050968,2001.850612488888,2010.119558011786,1453227,HUL,0.0016158963752580578,0.0016172026393068695
2020-08-14,1986.27197265625,2024.7384374325466,1978.1859444167492,2013.7741498652222,1341664,HUL,-0.011320831578377648,-0.011256992097002594
2020-08-17,2006.5107421875,2013.454658482254,1981.2470575216782,1992.7596509224381,1559579,HUL,0.01013776321514486,0.010189324427804625
2020-08-18,2023.2314453125,2025.4699433059584,2000.069292781085,2013.7746556827371,1339001,HUL,0.008298694212908155,0.00833322382653745
2020-08-19,2004.2718505859375,2029.7637298767077,2000.9824750979021,2015.6015251442795,1585107,HUL,-0.009415130610207866,-0.009370947041421718
2020-08-20,1997.053955078125,2008.109703086121,1988.328163245092,1997.3281069344225,1768939,HUL,-0.0036077558725887676,-0.0036012557406832624
2020-08-21,2011.992919921875,2018.0688746627388,1998.6529446882623,2009.206118299964,1374411,HUL,0.007452661170933455,0.007480501368409831
2020-08-24,2005.002685546875,2020.763849356964,2002.078920062573,2015.6015863801033,1665474,HUL,-0.0034803331232810923,-0.0034742837838969143
2020-08-25,1991.0233154296875,2008.20052059736,1987.277094667313,2005.0026034335276,1774886,HUL,-0.006996664757321549,-0.006972245083738948
2020-08-26,1994.4041748046875,1997.3279405338412,1973.5719814972997,1993.7646359059706,2148146,HUL,0.0016966110633123137,0.0016980511221538208
2020-08-27,1983.85107421875,1999.1553945379965,1978.140506935449,1993.7647082501742,2172203,HUL,-0.005305403841025941,-0.005291355041899148
2020-08-28,1966.2169189453125,1994.0387598494635,1959.8668123489472,1990.9323002836159,1939520,HUL,-0.008928591838422437,-0.008888850328839237
2020-08-31,1934.60302734375,1980.424525169077,1919.3442147153814,1966.2623197987791,3534275,HUL,-0.01620919920175267,-0.01607853706117046
2020-09-01,1975.0797119140625,1987.186115524789,1929.4866282982675,1964.3895737168916,1738003,HUL,0.020706606394139463,0.020922475566415244
2020-09-02,1956.8056640625,1996.4142464636573,1952.145975177616,1983.6225762345994,1667810,HUL,-0.009295377501250559,-0.009252309029012862
2020-09-03,1954.5216064453125,1968.5011204482694,1944.3797722985341,1967.1763133879435,1590711,HUL,-0.0011679195929411351,-0.0011672378402899364
2020-09-04,1941.27294921875,1956.120423802683,1931.542232026738,1932.4559227703646,1590491,HUL,-0.0068015436193542365,-0.006778465473532336
2020-09-07,1975.947509765625,1986.3634940579204,1922.1767252181921,1942.506342395188,2362992,HUL,0.01770411780116259,0.017861764653357648
2020-09-08,1957.3541259765625,1983.942617615625,1947.212068818806,1968.0899929296374,1804209,HUL,-0.009454409556946097,-0.009409857143051314
2020-09-09,1948.2169189453125,1959.1354777698486,1927.8873016647246,1938.8515896362776,2009898,HUL,-0.004679071816522275,-0.0046681420137458796
2020-09-10,1949.7247314453125,1958.587710763067,1935.3798303331903,1957.1257162385386,2137794,HUL,0.0007736455342037282,0.0007739448750996303
2020-09-11,1972.88671875,1981.7952034126433,1941.1359657216046,1941.5928110889197,1934110,HUL,0.011809610404883833,0.011879619174506528
2020-09-14,1940.2222900390625,1982.4347576926477,1932.455918734456,1979.9678373038137,2096908,HUL,-0.016695260649149796,-0.01655666714185866
2020-09-15,1941.0902099609375,1952.5570731371527,1926.973732918229,1952.4656148373326,1224058,HUL,0.00044723012452182976,0.0004473301468244095
2020-09-16,1958.4962158203125,1972.612693965741,1930.3544947673788,1941.5929361409676,2087841,HUL,0.008927162809200825,0.008967128766120158
2020-09-17,1944.5166015625,1959.9123798644803,1939.0801862360988,1950.7297432508285,1741644,HUL,-0.007163529659535674,-0.00713793273884733
2020-09-18,1917.562744140625,1943.9228116669776,1909.613679180808,1937.024401848475,4475166,HUL,-0.013958436709307067,-0.013861469426497242
2020-09-21,1861.9188232421875,1917.8366455692337,1847.5738133317598,1917.5624937645466,3483963,HUL,-0.029447394206066048,-0.029018044425646594
2020-09-22,1851.8685302734375,1877.4061431365324,1827.4273017400867,1864.4317785849728,2345687,HUL,-0.005412435633423633,-0.005397814793691835
2020-09-23,1875.39599609375,1882.2029475767627,1851.0003861146429,1859.3606787954911,2410295,HUL,0.012624689308984147,0.012704717119869535
2020-09-24,1883.0252685546875,1901.3905427458756,1859.4064953658478,1867.583983360197,3798089,HUL,0.004059833851867843,0.004068086141182148
2020-09-25,1899.6087646484375,1928.8011389784317,1892.116545245368,1902.3041076992397,2528873,HUL,0.008768282734635728,0.008806836727410783
2020-09-28,1885.2181396484375,1911.7609001352407,1882.2029156067183,1903.217802528541,1523704,HUL,-0.007604413470504172,-0.0075755730694700985
2020-09-29,1857.7158203125,1890.6544134855158,1849.9951787869027,1886.7712281491315,2298844,HUL,-0.014695858701954877,-0.014588401605909795
2020-09-30,1889.740966796875,1916.0095768756423,1858.4470573986916,1862.9697821723585,2417367,HUL,0.017092085619937337,0.017238991095520628
2020-10-01,1914.18212890625,1926.8823411544354,1891.3398600648866,1909.6136751379772,2131531,HUL,0.012850679598183827,0.012933604413944089
2020-10-05,1928.8466796875,1940.0393900826364,1902.486615366046,1918.7503534519637,1646110,HUL,0.00763180433400029,0.007661000779288107
2020-10-06,1933.2781982421875,1955.298234881315,1926.1058595864968,1936.1107288380872,1679499,HUL,0.002294861320954716,0.0022974965306239437
2020-10-07,1954.7044677734375,1964.4351853944036,1930.6286263899417,1939.7655342289854,2428544,HUL,0.011021904304052161,0.011082869268753681
2020-10-08,1974.302978515625,1978.1404349766012,1961.0087337498985,1961.6940017989666,1617365,HUL,0.009976399159721273,0.01002632933279779
2020-10-09,1954.9783935546875,1979.922196530824,1938.0296079944899,1964.4351823812078,2001026,HUL,-0.009836272304723462,-0.009788054402605773
2020-10-12,1953.83642578125,1962.2425600623835,1940.039827778017,1960.0495681794139,1741166,HUL,-0.0005843038663681264,-0.000584133194107106
2020-10-13,1953.6534423828125,1967.4045322586594,1944.333841702741,1953.425019704041,1679160,HUL,-9.365777250607692e-05,-9.365338675382251e-05
2020-10-14,1971.8814697265625,1978.1403401690222,1947.0748567668297,1948.5368510957155,2123033,HUL,0.009286967897238749,0.009330225590838515
2020-10-15,1966.7645263671875,1991.5711341638755,1956.257085638673,1973.571475964475,2344437,HUL,-0.0025983275690616096,-0.002594954837769503
2020-10-16,1964.937744140625,1984.444908378716,1958.9987540929978,1984.444908378716,1640399,HUL,-0.0009292577272295553,-0.0009288261009754439
2020-10-19,1989.835693359375,1996.4142219253702,1966.3538864841719,1967.6786934135214,1605969,HUL,0.01259150672841639,0.012671113521532495
2020-10-20,1985.541259765625,2017.8858198579085,1948.4910589393542,1993.7644756944098,5855290,HUL,-0.002160517261564115,-0.0021581850240608436
2020-10-21,1976.449951171875,2007.1500479613358,1951.643337860664,2000.9826357279278,3954242,HUL,-0.00458927042793856,-0.004578755817354896
2020-10-22,1991.252197265625,1998.470265586586,1967.3590482475624,1973.5721904981258,2632958,HUL,0.007461404214906159,0.007489309853241366
2020-10-23,1958.815673828125,1999.9772567304199,1955.2978758052705,1999.9772567304199,2805684,HUL,-0.016423643137838076,-0.0162895104306936
2020-10-26,1979.7396240234375,1984.5365009248444,1957.399927639268,1964.4353024808543,1646050,HUL,0.010625290476571694,0.010681939334506563
2020-10-27,1988.8304443359375,2000.0688842334637,1966.6734455042053,1970.8307826823122,2334808,HUL,0.004581416508611901,0.0045919272424443935
2020-10-28,1990.3482666015625,2008.3723998102853,1971.7262551061363,2008.3723998102853,1555483,HUL,0.0007628822174113093,0.0007631732860624574
2020-10-29,1951.4951171875,1986.3480793297656,1945.8854332693445,1969.7951786686842,1934367,HUL,-0.01971382621305088,-0.019520779386213993
2020-10-30,1904.778564453125,1949.5632991102711,1901.7438219622834,1947.9079646140829,2414313,HUL,-0.024230042863515495,-0.023938851971970654
2020-11-02,1905.4222412109375,1919.8139748009764,1890.7085559506215,1905.4222412109375,1486077,HUL,0.0003378702576404406,0.0003379273422248197
2020-11-03,1890.4327392578125,1923.6305833599517,1878.7537958066528,1923.6305833599517,2227402,HUL,-0.007897867513902144,-0.007866761303047864
2020-11-04,1894.4332275390625,1917.3773383155772,1885.1451228096294,1885.1911479841406,1479878,HUL,0.002113939994761854,0.0021161759411871817
2020-11-05,1933.33251953125,1942.2066219142316,1895.5826726260007,1919.2164867116483,2083827,HUL,0.020325502523408142,0.020533472189314894
2020-11-06,1925.7916259765625,1953.1959127578798,1918.2969315095836,1935.7694347208405,2127821,HUL,-0.00390809047241603,-0.003900463825289524
2020-11-09,1961.104736328125,1965.7945896282001,1938.5744017803183,1949.5636425040857,2194404,HUL,0.018170837960599255,0.018336932134937145
2020-11-10,1964.8291015625,1971.8179683005912,1924.2744112618686,1967.9556702988764,2471703,HUL,0.001897314883749909,0.0018991159245009825
2020-11-11,1959.817138671875,1966.6683791424925,1935.4017926665424,1964.829168173319,2759942,HUL,-0.0025540980299508164,-0.0025508390967129424
2020-11-12,2015.8668212890625,2026.8100343006372,1952.5519080439326,1957.8396383965774,3010512,HUL,0.028198114864440755,0.028599445076376462
2020-11-13,2009.6600341796875,2040.0528173264913,2003.130745113445,2027.7301930334656,2799165,HUL,-0.0030837166168514035,-0.0030789668463346853
2020-11-14,2011.82080078125,2020.373176380418,2006.579094611776,2020.373176380418,258276,HUL,0.0010746125112491155,0.0010751901141550224
2020-11-17,2002.5330810546875,2041.8462172486231,1997.3832003094362,2041.8462172486231,2733542,HUL,-0.004627263351461653,-0.004616574062140999
2020-11-18,1960.6907958984375,1995.543751335439,1954.9890627127606,1995.543751335439,3315051,HUL,-0.021116061666853134,-0.02089467862084593
2020-11-19,1959.4493408203125,1974.760681978207,1944.505752042497,1954.8973386798345,2704650,HUL,-0.000633372826649015,-0.000633172288420969
2020-11-20,1949.7935791015625,1969.7949989084057,1931.6313703114406,1963.3577603498813,2827038,HUL,-0.004939975106492503,-0.004927793496670718
2020-11-23,1958.20751953125,1967.9554259321978,1926.5731856672685,1967.9554259321978,3244576,HUL,0.0043060138511198335,0.004315298049942573
2020-11-24,1983.910888671875,1987.2673587275333,1951.770498886737,1960.5988009287835,1989749,HUL,0.013040568917491235,0.013125967949902284
2020-11-25,1964.139404296875,1996.463446291351,1956.9204116572985,1988.186997181898,1786536,HUL,-0.010015905672151005,-0.009965913533664827
2020-11-26,1981.0142822265625,1988.1872506049967,1951.9088556203012,1967.955927980894,1630887,HUL,0.008554790097060953,0.008591486883655408
2020-11-27,1966.30029296875,1993.2447770723836,1955.0811515828777,1992.7849743556426,5687861,HUL,-0.007455224116646114,-0.0074275028654889885
2020-12-01,1961.564208984375,1985.4279225768469,1958.3916154743392,1985.4279225768469,2226742,HUL,-0.0024115324127092124,-0.0024086270043851554
2020-12-02,1967.31201171875,1977.059694917828,1951.494842659206,1972.5537179547607,1634682,HUL,0.002925929203213004,0.002930213911963131
2020-12-03,1956.6904296875,1983.0370351286924,1949.655538039487,1979.9104665102516,3469163,HUL,-0.005413660226278654,-0.005399032775675661
2020-12-04,2008.6019287109375,2018.9014635649817,1962.070033446749,1968.8750231236118,3712143,HUL,0.026184432460607383,0.02653025651672869
2020-12-07,2074.767822265625,2077.940640794868,2011.1771928723465,2013.2463052106925,4147649,HUL,0.032410332335014364,0.03294126755974536
2020-12-08,2078.308349609375,2095.045124159371,2060.0540913352397,2077.8485468771605,2768211,HUL,0.0017050148154958175,0.0017064691797097353
2020-12-09,2107.919189453125,2111.4137344388573,2062.9045556532956,2078.307944177621,2123890,HUL,0.014147025416619352,0.01424756814806405
2020-12-10,2161.486572265625,2168.3375879249943,2092.14841155095,2105.8964680445265,3041370,HUL,0.02509491810634465,0.025412446112982767
2020-12-11,2183.83349609375,2193.2594539145566,2145.439960579732,2176.016848144788,2611218,HUL,0.01028560404746872,0.010338682698686208
2020-12-14,2180.154541015625,2199.1443030598116,2166.728212130443,2189.5344713606637,1575632,HUL,-0.0016860522615445798,-0.0016846316739373979
2020-12-15,2133.53076171875,2173.9013529196377,2121.8057917226697,2171.188561627078,2207176,HUL,-0.021617522691336356,-0.021385538694497885
2020-12-16,2155.5087890625,2165.578422152994,2117.850997086811,2130.8175215680576,1748634,HUL,0.010248550730761086,0.010301246993057012
2020-12-17,2129.162353515625,2153.715771939572,2124.2884001624298,2153.715771939572,1912868,HUL,-0.012298151588383266,-0.01222283837605409
2020-12-18,2145.853271484375,2155.4631034405984,2126.127779676748,2135.323834087115,2229891,HUL,0.007808627730537344,0.007839194573955544
2020-12-21,2120.564208984375,2161.0728752290456,2082.998459882376,2154.6356368772995,2003069,HUL,-0.011855079254793573,-0.01178508467287076
2020-12-22,2125.2080078125,2145.7152524443222,2097.6198467418053,2124.288402443477,1764488,HUL,0.0021874940259482595,0.002189888336533441
2020-12-23,2179.78662109375,2186.1778333440784,2118.0810125889975,2133.4844021302397,1559556,HUL,0.025357308162923243,0.02568153944489815
2020-12-24,2209.122314453125,2216.2492570848294,2170.315007219231,2190.9601058110397,2489444,HUL,0.013368302087999724,0.013458057350886676
2020-12-28,2196.845458984375,2223.054215374556,2185.0286631794443,2211.651197136332,1532477,HUL,-0.005572844774699742,-0.005557345280715831
2020-12-29,2192.615234375,2209.8118107210325,2164.9350215973727,2202.454967406106,1749013,HUL,-0.001927446770579217,-0.001925590437904856
2020-12-30,2213.1220703125,2220.524712917294,2184.9820600371254,2197.8565334548525,1924886,HUL,0.00930921778365034,0.00935268332354977
2020-12-31,2202.82275390625,2222.6863209696157,2195.098158111077,2203.3746069686385,1709836,HUL,-0.004664612213746828,-0.0046537498063971006
2021-01-01,2195.60400390625,2210.7314684277826,2190.5001488331854,2202.822771871949,830096,HUL,-0.00328242659428461,-0.0032770453215988926
2021-01-04,2231.4228515625,2234.6414709651244,2207.6969836348235,2211.651332374948,1614486,HUL,0.016182250736148953,0.016313892483582615
2021-01-05,2253.5390625,2259.42444726687,2211.6509915413803,2211.6509915413803,2356303,HUL,0.009862465112535223,0.009911259500642755
2021-01-06,2222.962158203125,2253.033209608352,2208.524398456405,2249.170911865916,1641627,HUL,-0.013661285158640787,-0.013568393291108038
2021-01-07,2178.40771484375,2237.124394986448,2174.8671436418936,2236.480715998767,2403881,HUL,-0.02024640809700059,-0.020042825828123667
2021-01-08,2198.96044921875,2207.053021868209,2171.0045340803035,2197.8569676104244,2797948,HUL,0.009390521718098984,0.009434751004117725
2021-01-11,2233.81396484375,2245.6307616307968,2208.9846146210175,2230.043492226919,2787672,HUL,0.015725697106181945,0.01584999659151798
2021-01-12,2184.890625,2237.4922393875277,2181.3042533431517,2234.457496324699,2036708,HUL,-0.022144652627441985,-0.021901259735016554
2021-01-13,2181.6259765625,2205.2137654410053,2174.4990346600116,2190.4080285867485,1702740,HUL,-0.0014953104928684049,-0.0014941930731658948
2021-01-14,2205.719482421875,2212.57049745528,2162.1300536245403,2175.786283033746,2120413,HUL,0.010983291965278233,0.011043829748185408
2021-01-15,2162.130126953125,2213.4901778862777,2154.451556640028,2200.15589970624,2042957,HUL,-0.019959845923106297,-0.019761966930123442
2021-01-18,2145.072021484375,2183.6034046866707,2134.0825554195,2183.6034046866707,1733797,HUL,-0.007920777369819205,-0.007889490672232657
2021-01-19,2173.16552734375,2190.5922302155027,2136.473359728051,2153.715961899535,1495269,HUL,0.013011744678706309,0.013096765785949982
2021-01-20,2166.544677734375,2183.097577841536,2157.6705738710443,2167.5103084765747,1380562,HUL,-0.0030512888803050694,-0.0030466384295482207
2021-01-21,2177.3037109375,2206.960986114977,2161.0727648703937,2184.982506098747,1521133,HUL,0.0049536973862190255,0.004965987230125313
2021-01-22,2215.6513671875,2227.284285728472,2167.50993454253,2169.3491453482516,2548089,HUL,0.017459149781202773,0.017612451610385715
2021-01-25,2206.685302734375,2236.802380882162,2193.2589735106008,2225.445163897549,2124424,HUL,-0.004054904638669528,-0.00404669461356022
2021-01-27,2199.052734375,2230.0433956302168,2147.2788984728068,2230.0433956302168,2460297,HUL,-0.003464834237025302,-0.0034588386254792436
2021-01-28,2115.4599609375,2217.674225640115,2105.8961555385135,2177.533319233941,3867335,HUL,-0.03875442788161035,-0.03801308269274328
2021-01-29,2081.894775390625,2135.599870621203,2070.031954395448,2128.9787560073123,4472694,HUL,-0.01599383571703486,-0.015866613486742676
2021-02-01,2067.8251953125,2101.2987485920603,2047.2258956293945,2093.619952200069,2717591,HUL,-0.0067810040627896305,-0.0067580649341344445
2021-02-02,2051.1337890625,2092.1022539266146,2027.7298768827188,2088.469857553173,4215607,HUL,-0.008104716594553897,-0.008071961927844429
2021-02-03,2053.34130859375,2075.54969245838,2039.3173241852473,2052.099751316294,2353429,HUL,0.0010756648251378754,0.0010762435600355502
2021-02-04,2065.066162109375,2077.3887857744385,2047.2256810341107,2058.9966761172946,2908003,HUL,0.005693892736969612,0.005710133754458502
2021-02-05,2087.090576171875,2101.29843535074,2060.8357958954084,2065.0660707345937,4036942,HUL,0.010608761669346635,0.010665234105624588
2021-02-08,2056.835205078125,2104.700708187726,2050.99584584522,2104.057029348834,2780672,HUL,-0.014602534076048578,-0.01449643414577828
2021-02-09,2038.0755615234375,2073.4343458777153,2032.787830230145,2066.353428874524,3131481,HUL,-0.00916248283042277,-0.009120635191566029
2021-02-10,2055.77783203125,2060.835661633653,2034.8568095849469,2041.5239486062962,2055520,HUL,0.008648272978616901,0.008685777329364708
2021-02-11,2081.0673828125,2085.6654106136766,2054.444846746303,2061.7556660475584,1824480,HUL,0.012226643499258385,0.012301694466790858
2021-02-12,2061.34130859375,2089.5731464487562,2052.5590330613377,2085.6648239171654,1222094,HUL,-0.009524035311922776,-0.009478825328611329
2021-02-15,2037.1097412109375,2079.9174154669126,2035.0866543288507,2070.0316578826223,2449407,HUL,-0.011824881859827684,-0.011755242706188884
2021-02-16,2019.5452880859375,2049.846237802592,2013.9816311212257,2047.961002035969,2396356,HUL,-0.008659628565893958,-0.008622241978264222
2021-02-17,1989.934326171875,2024.5576092514243,1986.3479543927826,2019.4537536326623,2447956,HUL,-0.014770744897104372,-0.014662192568173027
2021-02-18,1974.2550048828125,1994.2103977877746,1970.898310359427,1990.0261481835782,3205806,HUL,-0.007910521795236079,-0.007879315956735855
2021-02-19,2005.7510986328125,2017.6139165410948,1977.1512855803799,1979.8180509975905,3364030,HUL,0.01582748892021869,0.01595340706854098
2021-02-22,1993.3367919921875,2027.7299447879086,1987.819159489363,2027.7299447879086,2678023,HUL,-0.006208588987064439,-0.006189355523268603
2021-02-23,2004.0496826171875,2016.0966008460562,1995.7272104448007,2009.3374126504782,2062144,HUL,0.005359960234389159,0.005374350520211513
2021-02-24,2003.682373046875,2012.5564756061076,1982.2555217098945,2012.5564756061076,924143,HUL,-0.0001833004633240866,-0.00018328366482056602
2021-02-25,1989.38232421875,2009.3377156685506,1986.3475816219998,2001.9808727736543,2099460,HUL,-0.007162473461447602,-0.007136884079276373
2021-02-26,1960.644775390625,2006.9467734564555,1949.5634852065361,1984.5084910734458,3413194,HUL,-0.014550814535012842,-0.01444546303557337
2021-03-01,1971.0821533203125,1980.8300605077861,1956.9203197588527,1963.5414338328724,1229276,HUL,0.00530932215645157,0.005323441584469624
2021-03-02,2002.8544921875,2008.3260992951261,1968.4613407855363,1988.1868312811634,2095135,HUL,0.015990700768948995,0.01611923623460676
2021-03-03,2017.154541015625,2027.7300036195363,1998.7624321392573,2027.7300036195363,2031893,HUL,0.007114466175138724,0.007139834113713661
2021-03-04,2020.2811279296875,2026.3506137188167,1999.2222528816465,2009.3379128548286,2290915,HUL,0.0015487986907680715,0.0015499986989040426
2021-03-05,2024.1434326171875,2032.2818052847235,2000.371544433126,2008.969944290261,2129837,HUL,0.0019099408599564066,0.0019117659587593039
2021-03-08,1999.727783203125,2037.9374289548173,1994.623928800824,2032.3277467265195,1440724,HUL,-0.012135551934012228,-0.012062213092524532
2021-03-09,2021.7528076171875,2027.730243709756,1988.2332301237839,2001.0616826813737,1711842,HUL,0.010953798801322537,0.011014011306470506
2021-03-10,2048.7431640625,2057.065414068962,2016.8786993849574,2032.7879191353597,2696085,HUL,0.013261652732900102,0.013349978466023815
2021-03-12,2027.5,2059.8240399147085,2023.1318743621725,2056.237668669917,2038930,HUL,-0.010423007424710862,-0.010368876116407133
2021-03-15,2033.1099853515625,2039.1792471702176,2007.7748079784953,2028.7418590635534,1632022,HUL,0.0027631262007877474,0.002766947152435195
2021-03-16,2063.640625,2066.813218853807,2036.2823632598884,2042.7656264908264,2633605,HUL,0.014905083456609196,0.015016718164983178
2021-03-17,2047.3175048828125,2080.147372086074,2040.834242043333,2072.79052903714,3703365,HUL,-0.00794131459648284,-0.007909865661414495
2021-03-18,2037.1097412109375,2069.0200021850656,2027.729811475425,2058.076788245806,2597091,HUL,-0.004998392337202054,-0.004985921161485551
2021-03-19,2126.173828125,2138.312575176948,2015.315346091939,2026.902464581055,5382214,HUL,0.04279202984008688,0.04372080949410173
2021-03-22,2164.015380859375,2167.050123579854,2116.931629315011,2124.3805228550004,2471516,HUL,0.017641428993741916,0.017797958113211276
2021-03-23,2149.39404296875,2182.17789019816,2145.8074467059278,2173.0278601079367,1970612,HUL,-0.006779506629543847,-0.006756577619526194
2021-03-24,2132.197021484375,2161.9000942215976,2129.392180307458,2149.3935963619833,1762743,HUL,-0.008033048323479793,-0.008000869612824646
2021-03-25,2057.203125,2135.323551993096,2051.6854930827053,2132.1969837118354,2495833,HUL,-0.0358055596394518,-0.03517212327412711
2021-03-26,2131.55322265625,2138.0825106660777,2068.0086255416927,2073.7101340008626,1929236,HUL,0.035503572517245306,0.036141349754293284
2021-03-30,2205.9033203125,2212.570459060709,2138.0824261496873,2138.0824261496873,3327203,HUL,0.03428616759356628,0.0348807136814524
2021-03-31,2236.0205078125,2242.5497958926344,2190.1780892742186,2194.17846252956,2709756,HUL,0.013560632818871666,0.01365299522543606
2021-04-01,2206.22509765625,2250.09022422399,2199.741835586649,2250.09022422399,1532653,HUL,-0.013414772447713757,-0.013325195387138389
2021-04-05,2182.40771484375,2222.8703566054387,2157.8542930409735,2207.0531870012087,2545447,HUL,-0.01085423076633023,-0.01079553615712292
2021-04-06,2214.68603515625,2217.168925176065,2186.2242890036173,2190.7762914587893,3683538,HUL,0.014681924911760869,0.014790233783063211
2021-04-07,2211.881103515625,2239.2393668269606,2195.4202550595746,2222.686468016741,1713970,HUL,-0.0012673170554830585,-0.0012665143483541197
2021-04-08,2216.156982421875,2242.917589593707,2203.006804700945,2212.5706111367194,1814515,HUL,0.001931275274642297,0.0019331413878682646
2021-04-09,2276.94287109375,2283.3801086129974,2229.1233923793416,2229.1233923793416,2604858,HUL,0.0270590903974033,0.02742851212888664
2021-04-12,2264.068603515625,2288.208246424758,2241.6303204834026,2245.2166919103975,2261945,HUL,-0.005670235428421514,-0.0056541899849866795
2021-04-13,2257.079833984375,2304.439521107568,2251.9301774710602,2271.4257707628462,1811781,HUL,-0.0030915928527386265,-0.003086818800630775
2021-04-15,2262.8271484375,2296.2548976457765,2226.456931090842,2296.2548976457765,3352379,HUL,0.002543113198126965,0.002546349653472113
2021-04-16,2261.2177734375,2279.655907793938,2243.8373200667934,2271.3334334869814,1225517,HUL,-0.0007114761659888547,-0.0007112231268354696
2021-04-19,2240.756591796875,2261.9535429071598,2219.9736427609587,2243.837359944644,1746316,HUL,-0.009089932934939692,-0.00904874438940928
2021-04-20,2204.707763671875,2258.5507008942504,2192.155240664703,2258.5507008942504,1589508,HUL,-0.01621860639916916,-0.01608779296107854
2021-04-22,2160.521240234375,2197.8573162486846,2144.520193092859,2197.8573162486846,1721265,HUL,-0.02024545912569582,-0.020041895876444227
2021-04-23,2122.21923828125,2161.0725641689687,2115.0922968462246,2151.87651070442,1949756,HUL,-0.0178871558377406,-0.017728130249240248
2021-04-26,2170.86669921875,2179.2812245052746,2125.208374572432,2137.163246432857,1946867,HUL,0.02266413670493892,0.02292291958341619
2021-04-27,2188.523193359375,2194.5924548250214,2163.785671217204,2173.0277512021607,1668456,HUL,0.008100487051672675,0.00813338476608405
2021-04-28,2213.07666015625,2248.4354467163134,2176.0625387941514,2188.6610892371477,1951215,HUL,0.011156725872185184,0.011219194236267382
2021-04-29,2214.042236328125,2252.0677880959197,2192.477308281079,2237.4001256397332,3151150,HUL,0.00043620973809954775,0.0004363048914024503
2021-04-30,2164.521240234375,2246.503972974839,2142.910513035009,2216.2490447009427,4010778,HUL,-0.02262071018694327,-0.02236678021819405
2021-05-03,2214.409912109375,2220.847150225972,2151.876741833861,2154.6355581695457,1692239,HUL,0.022786761786811934,0.02304836328129456
2021-05-04,2214.088134765625,2223.7900178794494,2181.4881640675335,2215.5135682205964,1453111,HUL,-0.00014532120864013638,-0.00014531065002476584
2021-05-05,2202.133056640625,2238.3196201737965,2178.2233154226633,2238.3196201737965,1256857,HUL,-0.005414179594018649,-0.005399549339198062
2021-05-06,2197.85693359375,2222.272502172891,2185.948088416844,2207.052987709205,1377740,HUL,-0.0019436973277744656,-0.0019418095713972239
2021-05-07,2217.352294921875,2229.1232878792866,2204.431795318486,2215.1453319668053,1169518,HUL,0.008831059647989317,0.008870168494656161
2021-05-10,2237.307861328125,2250.22836194754,2221.7666200576045,2228.2038577812814,988495,HUL,0.00895947129332327,0.008999727491184828
2021-05-11,2208.984375,2230.9628557855767,2201.7653823019855,2230.0432503215266,1019077,HUL,-0.012740444370923781,-0.012659628483722152
2021-05-12,2141.71484375,2196.937190146235,2138.1284726755243,2196.937190146235,2053932,HUL,-0.03092601408026385,-0.03045269672855877
2021-05-14,2185.76416015625,2190.8677904582896,2139.0021362881585,2141.6689021128827,1388970,HUL,0.02035866045853318,0.020567311532996957
2021-05-17,2185.21240234375,2202.455004150776,2176.2462494040965,2193.2589498536954,811243,HUL,-0.0002524643212065505,-0.0002524324547715784
2021-05-18,2183.373291015625,2214.7319274034026,2176.6601261701207,2208.98439320572,1153722,HUL,-0.0008419710935594157,-0.0008416167353583193
2021-05-19,2170.038818359375,2188.660827500927,2155.5550334715012,2170.2687197068017,1323590,HUL,-0.006126006002874404,-0.006107280285565508
2021-05-20,2155.69287109375,2172.107917003328,2151.8765985553714,2170.268706235332,856235,HUL,-0.006632866248404446,-0.006610917345926115
2021-05-21,2172.337890625,2175.924261936701,2151.8766701502805,2151.8766701502805,771492,HUL,0.007691766769721079,0.007721424398831278
2021-05-24,2148.703857421875,2170.2225321254314,2138.3122723932447,2165.670530689643,1194864,HUL,-0.010939153223423773,-0.01087953826387722
2021-05-25,2155.601318359375,2179.281159997357,2150.0376601787125,2165.670953687283,1098457,HUL,0.0032049153392921487,0.003210056571395503
2021-05-26,2164.75146484375,2179.6490298521244,2156.7049162807157,2166.360774556357,811095,HUL,0.004235839351450618,0.004244823199189396
2021-05-27,2139.370361328125,2163.8319599023353,2136.1517417532596,2163.8319599023353,3755182,HUL,-0.011793995962841764,-0.011724719409050954
2021-05-28,2135.047607421875,2161.072482647424,2132.886669647037,2145.761144011745,1215325,HUL,-0.002022617072801381,-0.00202057296127367
2021-05-31,2151.922607421875,2156.474609135568,2133.6223257111574,2138.082501594966,1178704,HUL,0.007872733568692244,0.007903805021180377
2021-06-01,2168.70556640625,2173.0276670962567,2143.2325404757803,2158.3139799724563,1141451,HUL,0.0077687978318299435,0.007799053240340248
2021-06-02,2169.16552734375,2182.821534493742,2161.072953932793,2166.590587006664,1113091,HUL,0.00021206759227415453,0.00021209008019562603
2021-06-03,2173.257568359375,2180.4305357345133,2156.4747689845485,2178.545299669252,868532,HUL,0.0018846814954197005,0.0018864586238542813
2021-06-04,2153.76171875,2179.464642948839,2146.312825734713,2179.464642948839,1283795,HUL,-0.009011275542130229,-0.008970795681660815
2021-06-07,2151.23291015625,2164.7510643385103,2143.600140600284,2164.7510643385103,1128300,HUL,-0.0011748255701079593,-0.001174135732720516
2021-06-08,2169.34912109375,2172.1079372714867,2147.416442675528,2151.2329397625517,1106664,HUL,0.008386053997470362,0.008421315447514344
2021-06-09,2166.59033203125,2181.2579933238453,2157.0265256339503,2172.1079644557776,1072858,HUL,-0.0012725221210320057,-0.0012717128080836915
2021-06-10,2187.5576171875,2207.007183786271,2165.900862671928,2173.947410829609,1944339,HUL,0.009631021945823624,0.009677549486982295
2021-06-11,2176.24609375,2196.523436927352,2170.2686588844285,2189.580371527044,1128097,HUL,-0.005184261035256615,-0.005170845946468328
2021-06-14,2190.23291015625,2199.9586331566993,2164.2976488217178,2184.489921379292,1761632,HUL,0.006406472689775024,0.006427038029577226
2021-06-15,2215.56591796875,2218.3910541002247,2185.97197815304,2185.97197815304,1215463,HUL,0.011499974460832391,0.011566353375035643
2021-06-16,2230.339599609375,2240.482319497836,2207.8778123739994,2209.1283528400472,2153668,HUL,0.006645996394089571,0.006668130034320763
2021-06-17,2239.417236328125,2247.0125179437964,2210.425272784576,2221.169971944579,1555777,HUL,0.004061808967422739,0.004070069293635736
2021-06-18,2299.80908203125,2312.5915053570707,2227.653574380543,2241.5474636178437,3937751,HUL,0.026610442011927807,0.026967661373432428
2021-06-21,2328.9404296875,2342.5100395406134,2285.081956325304,2291.519413974349,2506277,HUL,0.012587301262574567,0.01266685477671059
2021-06-22,2306.616943359375,2347.0944246552385,2298.6510238860487,2332.413352205121,1945883,HUL,-0.009631488557804106,-0.009585254325770953
2021-06-23,2297.586181640625,2328.6158680284343,2276.930554131086,2311.016941420423,1035668,HUL,-0.003922838786437595,-0.0039151545057141135
2021-06-24,2306.524658203125,2320.0944935293815,2291.6583763635376,2306.3858097539387,759681,HUL,0.0038828291079005643,0.003890377054808658
2021-06-25,2268.084716796875,2306.339270647295,2264.703960848163,2304.533110261853,1112942,HUL,-0.016806176450559863,-0.01666574049817282
2021-06-28,2278.783447265625,2283.2295378406566,2257.5721963751926,2269.428362529423,694906,HUL,0.0047059865505167655,0.00471707709571767
2021-06-29,2308.74755859375,2313.3324966930263,2264.703885651431,2273.9664782307827,1354397,HUL,0.013063470269258148,0.013149170169758584
2021-06-30,2289.064453125,2320.2793435775648,2281.376456379857,2308.7474615286023,1447245,HUL,-0.008561996733306555,-0.008525447225914529
2021-07-01,2295.27099609375,2300.828552985018,2281.3771038655796,2300.828552985018,735043,HUL,0.0027077192886800785,0.0027113884715115333
2021-07-02,2303.884765625,2308.8864753107655,2271.1877676254007,2295.270509043941,860231,HUL,0.0037458090350650126,0.0037528333455654206
2021-07-05,2314.768310546875,2328.0599955991747,2301.800680561692,2314.721952355138,761700,HUL,0.0047128740293210835,0.004723997087121123
2021-07-06,2290.17626953125,2313.749525035621,2286.9343617685163,2306.385808344919,461782,HUL,-0.010680812494207636,-0.01062397515275082
2021-07-07,2298.651123046875,2307.126530666817,2265.491223589638,2276.7451827564787,623145,HUL,0.0036936944565835635,0.0037005245527932384
2021-07-08,2267.065673828125,2287.628582148024,2258.636624937032,2280.635280196073,1114426,HUL,-0.01383614206158119,-0.013740862587656721
2021-07-09,2270.67822265625,2282.76595125314,2258.6368522499642,2260.0725993336014,538094,HUL,0.0015922227757836805,0.0015934910354955534
2021-07-12,2263.91650390625,2278.5050874061126,2250.810025693126,2272.113988899275,543898,HUL,-0.0029822836082616824,-0.0029778410179537307
2021-07-13,2257.015869140625,2274.475946457303,2250.8099773934214,2273.966458642325,994396,HUL,-0.0030527508731818935,-0.0030480959671959074
2021-07-14,2236.77783203125,2261.3237086495783,2231.3591235302883,2259.8879612047654,1377829,HUL,-0.009007166451945407,-0.00896672344491789
2021-07-15,2234.4619140625,2246.1790048078196,2223.9487796055982,2246.1790048078196,693792,HUL,-0.0010359176905596415,-0.001035381313059136
2021-07-16,2239.13916015625,2250.810117889205,2228.5798945026445,2241.5475248114712,545405,HUL,0.002091043756656017,0.0020932315132846657
2021-07-19,2231.0341796875,2238.768534629119,2221.6327390599677,2223.0684860783977,463873,HUL,-0.0036262528247027613,-0.003619685910090764
2021-07-20,2255.348388671875,2278.59758456286,2225.800811262013,2225.800811262013,1061476,HUL,0.01083922142938306,0.010898178614090481
2021-07-22,2202.78369140625,2323.058564391675,2200.3291944626894,2269.3355194416285,3546044,HUL,-0.02358258230208452,-0.023306686243972807
2021-07-23,2184.21240234375,2215.380940994813,2181.062984671303,2206.3499117590236,1517589,HUL,-0.00846656783014404,-0.008430827382167605
2021-07-26,2175.505126953125,2185.971902050617,2165.5941978789588,2183.4246890291597,1311535,HUL,-0.00399442712032748,-0.003986460007864512
2021-07-27,2169.670166015625,2185.462935744858,2160.037157654357,2175.505646103012,1656945,HUL,-0.002685721082086976,-0.002682117759782998
2021-07-28,2187.2685546875,2193.798727783325,2170.3181909180407,2176.70928944054,912373,HUL,0.008078371308814874,0.008111089393920468
2021-07-29,2162.583984375,2196.531298578877,2158.1842525297143,2187.26870522038,1012663,HUL,-0.011349734305636783,-0.011285569053511413
2021-07-30,2161.2412109375,2182.776743060569,2147.069396183839,2167.4471039992163,1708251,HUL,-0.0006211044249071686,-0.0006209115794816311
2021-08-02,2160.777587890625,2179.858392442542,2153.182307393745,2169.2991276221856,1229936,HUL,-0.00021454004262033108,-0.00021451703055108684
2021-08-03,2210.842529296875,2216.538934641281,2154.572265912229,2158.184587427574,1733476,HUL,0.022905526546587077,0.023169872589767104
2021-08-04,2201.810791015625,2218.159175115713,2192.964970603929,2210.84181803614,1588974,HUL,-0.004093569214682505,-0.004085201981401387
2021-08-05,2183.84130859375,2214.685785717695,2180.414194721646,2214.685785717695,921757,HUL,-0.008194714296921514,-0.00816122915520201
2021-08-06,2196.623779296875,2205.1916772342547,2183.6561499862464,2183.8413566060394,1432661,HUL,0.005836141472710845,0.005853204925112543
2021-08-09,2208.66552734375,2218.3912509911015,2199.7272146371556,2203.987872171562,921476,HUL,0.005466963552372298,0.005481934667360022
2021-08-10,2206.164306640625,2217.464624159466,2185.1382670859966,2217.464624159466,1061370,HUL,-0.0011330996051009355,-0.0011324578901419358
2021-08-11,2214.176513671875,2218.3910387433393,2188.0096882670737,2213.759742211516,1300594,HUL,0.003625157485131626,0.0036317363158913096
2021-08-12,2215.889892578125,2235.52654206443,2202.134853231618,2218.390747149082,1226064,HUL,0.0007735229382856094,0.0007738221843065496
2021-08-13,2227.1904296875,2231.960574505061,2211.9071516297568,2223.948522220706,1033159,HUL,0.005086813947591102,0.005099773751044534
2021-08-16,2247.475341796875,2257.154931817926,2216.2140922755675,2226.727225162182,1146309,HUL,0.009066621778207343,0.009107848093717452
2021-08-17,2300.642822265625,2304.023578149369,2251.782645726145,2253.588806076878,1921902,HUL,0.023381055915573153,0.023656535615755425
2021-08-18,2302.72705078125,2315.648323197184,2273.0403940503556,2301.754433258001,1545643,HUL,0.0009055230040261919,0.0009059331137601934
2021-08-20,2426.243408203125,2436.061846785861,2293.4179211565743,2306.3855507592366,5779927,HUL,0.05225004379985902,0.0536391655189743
2021-08-23,2439.906005859375,2475.7524240479847,2403.179912642669,2431.4308231593777,2163220,HUL,0.005615377743244864,0.005631173529439204
2021-08-24,2438.8408203125,2461.997303604491,2417.5368556838685,2439.76707964418,1482854,HUL,-0.00043666359487488915,-0.00043656827120264197
2021-08-25,2449.9560546875,2469.8242731170976,2427.4015483793105,2437.914682774102,1746570,HUL,0.004547234754066983,0.004557589114641658
2021-08-26,2469.77783203125,2498.8625112053965,2436.988341607171,2436.988341607171,2117291,HUL,0.008058112514876736,0.008090666485966125
2021-08-27,2480.476318359375,2491.6377893719896,2455.606389118247,2472.186341945666,1176229,HUL,0.004322405541176674,0.004331760609951774
2021-08-30,2489.50732421875,2506.2263514823885,2474.594683680686,2493.119871532353,1168190,HUL,0.0036342235502811087,0.003640835347844984
2021-08-31,2523.22314453125,2535.5885709690333,2478.3456988475396,2489.692375699503,2535891,HUL,0.013452280734647727,0.013543169760739993
2021-09-01,2531.3740234375,2570.369631545875,2514.794071944883,2542.581851745379,1775792,HUL,0.003225137711477404,0.003230344063669399
2021-09-02,2594.49853515625,2602.788510272855,2528.8266182003094,2545.3604363807135,1946183,HUL,0.02463100764373539,0.02493685687468239
2021-09-03,2562.681640625,2601.6308906416407,2552.7707110310143,2595.563846808455,1561823,HUL,-0.012339029131012678,-0.01226321545382325
2021-09-06,2575.556640625,2616.6824621413466,2570.6474212207354,2584.2633873891527,1444978,HUL,0.005011455771889537,0.005024034119532672
2021-09-07,2572.87060546875,2601.584645923653,2565.738453551008,2582.9669682789668,1219915,HUL,-0.0010434391986380537,-0.001042895005251454
2021-09-08,2594.359619140625,2602.7886693433315,2561.1997166476253,2583.244507385422,946711,HUL,0.00831746859431973,0.00835215483677998
2021-09-09,2603.390625,2615.431995964337,2576.85338636822,2576.85338636822,879454,HUL,0.003474970717310165,0.003481015427755807
2021-09-13,2580.8828125,2614.3206391215053,2570.3696784951053,2591.2105137261465,1341412,HUL,-0.008683166191111025,-0.008645576381761777
2021-09-14,2558.837890625,2597.2312966261484,2548.185907775071,2595.3787778696387,1755061,HUL,-0.008578309341642332,-0.00854162063005326
2021-09-15,2570.786865234375,2579.6326886221555,2546.3337050683535,2569.443834196718,1362350,HUL,0.004658818837779763,0.00466968800686951
2021-09-16,2564.1171875,2591.0250641361094,2549.065474577802,2549.065474577802,1259196,HUL,-0.002597782321431282,-0.0025944110048838898
2021-09-17,2521.50927734375,2577.7795275406947,2499.9737494905985,2565.830873509436,3095032,HUL,-0.016756601143749668,-0.016616990192165337
2021-09-20,2593.850341796875,2601.8623943504554,2510.2090811155267,2519.425315996169,2671330,HUL,0.028285748419131052,0.02868958885185302
2021-09-21,2605.057861328125,2648.4531989598404,2590.4229195074095,2602.788571324403,2277437,HUL,0.004311496358366332,0.004320804230935726
2021-09-22,2579.16943359375,2630.4841165706143,2569.4437093873453,2619.369003191866,1580594,HUL,-0.009987464460031353,-0.009937755363781609
2021-09-23,2577.131103515625,2609.920589836455,2568.377999010595,2592.599587445084,1054473,HUL,-0.0007906172922354268,-0.0007903048367337018
2021-09-24,2544.110107421875,2575.000946643274,2529.98465258867,2565.8310696983704,1635284,HUL,-0.012895879088101766,-0.012813083528697478
2021-09-27,2509.699462890625,2561.1068517780323,2505.068166594462,2561.1068517780323,1465932,HUL,-0.013617915685933242,-0.013525611344754496
2021-09-28,2522.991455078125,2551.3348536421627,2510.069957085121,2524.0565628055847,1078052,HUL,0.005282272768460414,0.005296248568420481
2021-09-29,2487.2841796875,2542.0723276242175,2479.5961821581964,2514.7476778768632,1503894,HUL,-0.014253858491185304,-0.014152753200473822
2021-09-30,2502.567626953125,2505.80953476867,2484.181287887088,2487.2843472512695,1620199,HUL,0.006125831247692951,0.006144632523471971
2021-10-01,2504.651611328125,2512.0153278470725,2482.467745382351,2506.4577718120127,956111,HUL,0.000832391950964059,0.000832738485288198
2021-10-04,2488.1181640625,2523.1308175511863,2482.0974774567426,2500.900590083775,1025005,HUL,-0.006622980207159543,-0.00660109661193875
2021-10-05,2508.912353515625,2514.7478327774365,2487.9326692282666,2488.117875874863,562784,HUL,0.008322666595176987,0.008357396265767703
2021-10-06,2487.978759765625,2532.392846576655,2478.669808865812,2495.3888339326377,862471,HUL,-0.00837869616977958,-0.008343692724326002
2021-10-07,2472.55615234375,2504.836375061255,2469.4069616024058,2499.0472552150377,1082816,HUL,-0.006218142756139048,-0.00619885011531518
2021-10-08,2445.37109375,2481.0320794768295,2431.8012583038894,2473.5756463246203,1579941,HUL,-0.011055607017856893,-0.01099471838808641
2021-10-11,2450.048095703125,2468.9436913496265,2441.155917670959,2447.361808565032,1086252,HUL,0.0019107672683848478,0.0019125939474293752
2021-10-12,2478.80859375,2489.831214473345,2431.430523714342,2431.430523714342,1174337,HUL,0.01167038373592518,0.011738748352456918
2021-10-13,2451.576904296875,2494.972244762773,2447.733018496922,2489.8778184007692,1660007,HUL,-0.011046587079377753,-0.010985797581058221
2021-10-14,2454.17041015625,2479.3646182646175,2426.799402205397,2451.576838850052,2158809,HUL,0.0010573337494789743,0.0010578929238684864
2021-10-18,2458.2919921875,2481.3557565197875,2448.149498863964,2475.7057109090197,1758177,HUL,0.0016780110098697958,0.001679419658143333
2021-10-19,2358.997314453125,2530.540497692944,2334.6366487683254,2473.019702660064,5431133,HUL,-0.041230134680167854,-0.04039173460676582
2021-10-20,2295.872802734375,2393.4543223131136,2287.860749269888,2379.5604311232155,4864654,HUL,-0.027123584582138583,-0.026759043485127476
2021-10-21,2265.398681640625,2320.279545133299,2248.9575790753092,2318.797439799162,3254632,HUL,-0.013362315586815447,-0.013273436166609698
2021-10-22,2273.133056640625,2314.0273146054406,2250.810116878303,2277.6716367916656,1845622,HUL,0.003408319224496685,0.0034141341489608568
2021-10-25,2274.754150390625,2281.8863022686014,2232.2850680802235,2273.133196503015,1560381,HUL,0.0007128997465683664,0.0007131539199891623
2021-10-26,2271.026123046875,2300.894986853421,2252.57343768493,2300.894986853421,1595060,HUL,-0.0016402148609462306,-0.0016388704436960388
2021-10-27,2233.51513671875,2288.1273600782697,2228.4358188382043,2287.941015276972,3083879,HUL,-0.016655127023502733,-0.016517197203262057
2021-10-28,2227.037841796875,2251.5948551727492,2206.861182553423,2236.683630966307,2015791,HUL,-0.002904258510511397,-0.002900045231567505
2021-10-29,2230.299560546875,2238.5474220344486,2211.520829511968,2236.6835191018636,2453400,HUL,0.001463528128015862,0.0014645996079565293
2021-11-01,2243.30078125,2246.842015298541,2207.0943706778917,2230.160172714956,1941114,HUL,0.005812435762241577,0.005829360742884759
2021-11-02,2254.297607421875,2262.7784578919227,2238.547716580065,2250.6630872359938,1350154,HUL,0.004890097841346388,0.004902073883176428
2021-11-03,2247.26171875,2268.370332766691,2223.8229980639308,2268.370332766691,1591607,HUL,-0.003125980973030324,-0.0031211001815867334
2021-11-04,2257.978759765625,2264.642121911803,2255.322607006816,2263.710170421304,245719,HUL,0.0047575978603178306,0.004768933198215253
2021-11-08,2266.412841796875,2282.349304019993,2236.776965073115,2282.349304019993,2555533,HUL,0.003728276658389287,0.0037352353270698746
2021-11-09,2265.713623046875,2279.7395375429455,2252.0139825614683,2273.7751394149545,1696949,HUL,-0.000308561008158804,-0.0003085134081068919
2021-11-10,2236.8232421875,2255.3225699810823,2232.9557345763114,2246.9816497834963,1794509,HUL,-0.012833110851225512,-0.012751117601757622
2021-11-11,2214.5029296875,2243.160435994706,2205.183415441254,2239.199642440052,1282647,HUL,-0.010028696487071711,-0.009978576795443117
2021-11-12,2241.296630859375,2249.3581475501583,2214.503026233296,2225.5000990287467,1651974,HUL,0.012026584121469812,0.012099194276367964
2021-11-15,2259.74951171875,2264.642257336452,2240.5048033000144,2240.5048033000144,1007999,HUL,0.008199420160447252,0.008233127469744916
2021-11-16,2242.88134765625,2268.975993858515,2236.7772463700267,2268.975993858515,1245209,HUL,-0.007492616429444181,-0.007464616752885234
2021-11-17,2228.436279296875,2246.050303440039,2224.7551154835023,2240.4119499905555,956809,HUL,-0.006461235733349207,-0.006440406834035017
2021-11-18,2236.124267578125,2242.6015123206575,2208.7249853529866,2227.364014765248,1236943,HUL,0.0034440101325077443,0.0034499475496223564
2021-11-22,2226.0126953125,2245.9097223780036,2215.3883121997865,2245.443746650092,1629290,HUL,-0.004532173556238391,-0.00452191875569441
2021-11-23,2231.278564453125,2236.683929454758,2177.5050004879345,2225.314164985481,1932539,HUL,0.002362812427382471,0.0023656060685159908
2021-11-24,2213.15185546875,2242.2753402496314,2205.9292312430916,2242.2753402496314,999070,HUL,-0.008157090012150491,-0.008123911228815062
2021-11-25,2189.20068359375,2224.568196980391,2181.698428626349,2224.568196980391,1363272,HUL,-0.010881185902606484,-0.010822199938886334
2021-11-26,2176.2001953125,2204.0654561574647,2166.9737382820094,2184.4944732486665,2450902,HUL,-0.005956166260804409,-0.0059384634669072955
2021-11-29,2170.887939453125,2182.8636083774177,2129.229748948553,2175.5476973960804,1724612,HUL,-0.0024440537385207665,-0.00244106947091427
2021-11-30,2159.84423828125,2200.337485337394,2145.352346991394,2163.9913769391906,3931035,HUL,-0.005100165356527134,-0.005087181595682444
2021-12-01,2185.2861328125,2196.3762624543106,2165.15589339004,2180.7660779221756,1263139,HUL,0.011710666017136535,0.0117795043180966
2021-12-02,2221.119873046875,2225.4999992317144,2185.4260880227685,2196.609505104335,1673117,HUL,0.01626474280563111,0.016397733777890444
2021-12-03,2184.16796875,2227.2707241801795,2178.809247804626,2221.119981002688,1890178,HUL,-0.016776552318177967,-0.01663660964240765
2021-12-06,2149.54638671875,2203.086961164305,2144.420652867914,2184.494572065359,1079171,HUL,-0.01597812673561378,-0.01585115363222911
2021-12-07,2163.618896484375,2182.304343791381,2154.672070233753,2169.49000946365,895313,HUL,0.0065253978349989515,0.006546734628558815
2021-12-08,2181.325439453125,2184.9133156649605,2160.4962355918337,2160.4962355918337,839769,HUL,0.008150457000143253,0.008183762398045635
2021-12-09,2180.533935546875,2188.7817988965307,2163.572460536481,2181.698875142744,716666,HUL,-0.00036292041851418406,-0.0003628545708651565
2021-12-10,2174.056396484375,2187.29006162018,2162.1273723727386,2187.29006162018,724539,HUL,-0.00297504166695476,-0.002970620615851849
2021-12-13,2147.542724609375,2191.9501265969234,2144.4205957906124,2191.9501265969234,1804894,HUL,-0.012270459984225327,-0.01219548486316857
2021-12-14,2160.543212890625,2166.7405993688926,2147.2162609047386,2148.1482124068675,1219031,HUL,0.00603540780428913,0.006053657574432991
2021-12-15,2163.0126953125,2166.6007994439383,2143.954333463313,2158.399581091516,755122,HUL,0.001142338733602546,0.001142991451011488
2021-12-16,2152.34228515625,2167.0671663860862,2147.1699081147017,2163.0130857928384,926493,HUL,-0.0049453321690137424,-0.004933124146415779
2021-12-17,2078.484619140625,2151.8291491430286,2074.523825672921,2146.284083793682,2439222,HUL,-0.034917604389637695,-0.03431501881693655
2021-12-20,2114.691162109375,2119.5839073049447,2051.364877984946,2074.5239629215275,2175705,HUL,0.017269699489855225,0.017419682895570388
2021-12-21,2118.18603515625,2146.004650617717,2099.4537191954882,2134.1689121996083,1591415,HUL,0.0016512994250251942,0.001652663570688384
2021-12-22,2122.659423828125,2159.7044991096,2114.5981336771406,2143.488632638794,1661605,HUL,0.00210966910927714,0.0021118960268968756
2021-12-23,2144.093994140625,2148.148073924424,2119.816841096998,2142.509722194582,1423081,HUL,0.0100473350713732,0.010097979012499092
2021-12-24,2140.645751953125,2155.6036176328007,2127.92470618031,2152.807763394626,895503,HUL,-0.0016095460337224431,-0.0016082514091841915
2021-12-27,2144.793212890625,2151.03747031701,2123.218625451306,2140.6460739855556,584302,HUL,0.001935606721468496,0.001937481217392456
2021-12-28,2151.969482421875,2160.6364500861596,2141.391740987647,2152.808147832212,783710,HUL,0.0033403176822616905,0.003345902760284458
2021-12-29,2149.872314453125,2163.8515863397383,2142.603047566644,2157.3743416771713,1410236,HUL,-0.0009750094187153231,-0.0009745342514754229
2021-12-30,2167.346923828125,2171.4474202202096,2140.366740597997,2150.944483205255,963711,HUL,0.008095352051040419,0.008128208013807203
2021-12-31,2199.545166015625,2209.0512530102455,2171.4469202685295,2180.7664349477936,1123597,HUL,0.014746792469293496,0.014856062882000032
2022-01-03,2200.6171875,2216.180732504574,2192.881944315922,2216.180732504574,879278,HUL,0.00048726452319612445,0.0004873832558378588
2022-01-04,2237.8486328125,2244.23259186494,2195.0721481873306,2207.746552600195,1484275,HUL,0.016777111783615815,0.016918637882128218
2022-01-05,2251.40869140625,2255.322842569724,2229.2281981102396,2240.225272352185,1202512,HUL,0.006041132799593142,0.006059417243385212
2022-01-06,2228.668701171875,2247.8669928681206,2206.5814963742614,2234.8196720139936,1198901,HUL,-0.010151693166910268,-0.010100338655160579
2022-01-07,2251.73486328125,2257.093585209599,2225.5005156342363,2225.5005156342363,1026186,HUL,0.01029655724757276,0.010349749201057357
2022-01-10,2243.25390625,2259.9823901894633,2238.547505663955,2259.9823901894633,919447,HUL,-0.0037735209273145926,-0.0037664101442616005
2022-01-11,2240.0849609375,2253.738185886433,2229.2278178023125,2252.666305226936,1321335,HUL,-0.0014136543920125278,-0.001412655653321715
2022-01-12,2248.938720703125,2251.5948735474635,2235.285721938573,2243.3936546615473,1487554,HUL,0.0039446311153546534,0.00395242141258767
2022-01-13,2249.91748046875,2257.093462197997,2239.7126560755087,2253.4589420121,1586299,HUL,0.0004351149435770005,0.00043520961981524664
2022-01-14,2202.854248046875,2256.255127423189,2200.1516790538503,2255.323175697694,1596037,HUL,-0.021139635233747494,-0.020917759353587417
2022-01-17,2226.945068359375,2231.278552438457,2185.426577636983,2203.1336586498196,912205,HUL,0.010876816802274071,0.010936184422487116
2022-01-18,2208.259033203125,2244.7914857359015,2196.9823292773794,2244.7914857359015,1667579,HUL,-0.008426284468898376,-0.008390882838442137
2022-01-19,2152.714599609375,2207.4203326677316,2148.1947715170586,2203.1332649146266,2145255,HUL,-0.025474787101852123,-0.02515304262706064
2022-01-20,2107.88818359375,2167.3000983532907,2090.3674479317615,2166.7874794656022,2829711,HUL,-0.021043064758065794,-0.020823204350339353
2022-01-21,2167.160400390625,2175.501550159085,2096.891332954954,2110.6842636727347,4596050,HUL,0.027731153940543894,0.028119241456072697
2022-01-24,2129.13671875,2185.3798613564986,2112.4546485750116,2179.741508664749,2231103,HUL,-0.01770113817174143,-0.017545393333032178
2022-01-25,2168.88427734375,2174.895319426171,2088.410168780537,2128.1113964182846,1843543,HUL,0.018496276216698804,0.01866839186216529
2022-01-27,2139.1552734375,2167.3468103571004,2120.1899666806853,2152.808273860388,2620474,HUL,-0.013801858353751239,-0.013707049387927439
2022-01-28,2128.157958984375,2160.9159642090744,2123.0322255762453,2138.4560688825172,1967721,HUL,-0.005154221497395632,-0.005140961289571533
2022-01-31,2119.02490234375,2154.532348507718,2116.462035501993,2134.1691154995874,1639875,HUL,-0.0043007664215803185,-0.004291531369684409
2022-02-01,2148.754150390625,2162.1277470784976,2123.3584688786036,2146.5642006114426,1270508,HUL,0.013932178101253547,0.014029683187768649
2022-02-02,2169.489990234375,2174.2430342992475,2140.273444742455,2165.9487562551662,1246111,HUL,0.009603903137017141,0.009650168605831677
2022-02-03,2141.7646484375,2173.2646605218774,2134.1693333058543,2170.515448589229,1448039,HUL,-0.012862021077450542,-0.012779658777720249
2022-02-04,2149.639404296875,2155.3708149666895,2127.6452580559735,2149.0801423903085,1014561,HUL,0.0036700178316385955,0.003676760593242623
2022-02-07,2103.973876953125,2159.0520761690627,2084.775584316431,2139.061761243759,1207402,HUL,-0.021472230239910708,-0.02124334307068898
2022-02-08,2110.26416015625,2113.6656916208667,2093.6753803867687,2113.6656916208667,1190660,HUL,0.002985255137078386,0.0029897154484799238
2022-02-09,2122.659423828125,2125.1758751143198,2102.1100735239675,2113.246849392447,1049611,HUL,0.005856613688217857,0.0058737971794760035
2022-02-10,2127.784912109375,2129.509113343318,2102.342818947658,2124.8493559837048,1195100,HUL,0.002411743507512107,0.0024146541002825206
2022-02-11,2104.3466796875,2123.9176629795447,2095.959115419481,2123.9176629795447,2100036,HUL,-0.011076438217703523,-0.011015320340174606
2022-02-14,2076.90087890625,2084.0768610498017,2056.817275500017,2068.932646855477,1661501,HUL,-0.013128232465038529,-0.013042433096302264
2022-02-15,2134.262451171875,2147.356189136219,2071.3090750569004,2094.9805546971043,1533070,HUL,0.027244310319640953,0.02761882998279286
2022-02-16,2130.907470703125,2146.9836368389783,2120.190026612556,2134.2625876902075,995668,HUL,-0.0015731992967012195,-0.001571962467365684
2022-02-17,2150.524658203125,2155.6037482046927,2121.1215438451713,2126.7132526602286,869374,HUL,0.00916390786644165,0.009206025024412368
2022-02-18,2155.1845703125,2169.3968312380184,2137.896823812407,2137.896823812407,890713,HUL,0.0021645279239438193,0.002166872205626502
2022-02-21,2138.642578125,2147.2631304287875,2129.276419035436,2141.624777740861,737919,HUL,-0.007705048877844197,-0.007675441080715162
2022-02-22,2115.4833984375,2124.8495571223684,2096.9842964850354,2124.8495571223684,902667,HUL,-0.010887974923250306,-0.010828915464595412
2022-02-23,2106.583251953125,2119.2112413168115,2098.987937617553,2115.5300780960574,1324411,HUL,-0.00421602044901989,-0.004207145511493371
2022-02-24,2023.6395263671875,2089.4353975138897,2013.2950005675596,2050.293431994004,2997629,HUL,-0.040169687172215675,-0.03937358065912466
2022-02-25,2022.9874267578125,2046.565849306735,2015.0191945439938,2045.6338976449376,2193728,HUL,-0.0003222929232535349,-0.00032224099246846993
2022-02-28,2024.2923583984375,2031.5613995641477,1975.737584301627,2016.743458692793,2334036,HUL,0.0006448438235624563,0.0006450517800382638
2022-03-02,2002.8572998046875,2008.1693784861645,1978.5799148133701,1984.0783383117457,2034688,HUL,-0.010645375929997827,-0.010588914444506825
2022-03-03,1948.710693359375,2020.4243197114147,1944.6101975454092,2011.0581611173682,2372998,HUL,-0.02740683990773198,-0.027034680129529254
2022-03-04,1882.075927734375,1936.5484437422163,1840.837076631505,1933.7992325074663,6320118,HUL,-0.034792586482419674,-0.03419428335466701
2022-03-07,1811.667236328125,1845.4039519292721,1795.8707024837552,1844.7981606469089,2976453,HUL,-0.038127838177241795,-0.037410122710090254
2022-03-08,1816.37353515625,1824.7610989409632,1772.152480485624,1793.5873657132247,3211938,HUL,0.0025944038473489895,0.0025977722253582858
2022-03-09,1861.946044921875,1870.4734244506374,1818.2374939947017,1830.3528642775982,2879079,HUL,0.024780251293615753,0.02508983360721828
2022-03-10,1958.91552734375,1970.1455890973632,1909.5687379661765,1912.2713064672894,4879791,HUL,0.05076881625201619,0.052079641451663994
2022-03-11,1951.8792724609375,1966.604152736656,1929.1397452190097,1957.0982922511694,2481643,HUL,-0.0035983797848350187,-0.003591913374822009
2022-03-14,1919.16796875,1952.4385952495188,1906.8661394143592,1952.4385952495188,1730325,HUL,-0.01690089544646902,-0.016758876520931
2022-03-15,1899.503662109375,1939.2048903709785,1887.2019467765758,1905.8409783496777,2391023,HUL,-0.010299120930215436,-0.010246266590950293
2022-03-16,1931.143310546875,1938.4592212147568,1893.7721899619114,1919.820190241538,2808685,HUL,0.016519594831131457,0.01665679780915208
2022-03-17,1959.0087890625,1972.661788174635,1940.6493891465368,1955.3276259682223,2995889,HUL,0.014326409048779451,0.014429523880200135
2022-03-21,1911.619140625,1967.2566075083887,1906.7730376476707,1963.1561113415535,1674982,HUL,-0.024488024903316925,-0.024190625739958338
2022-03-22,1857.8453369140625,1913.9954154438203,1835.0125248978125,1913.9954154438203,5356303,HUL,-0.028533205330701857,-0.028129977655149574
2022-03-23,1843.9127197265625,1879.3268773775708,1840.8372342145824,1875.0864524691758,3212162,HUL,-0.007527603244195528,-0.007499341797010173
2022-03-24,1832.1236572265625,1855.8417797344202,1818.5637160592823,1835.9446360005397,3054664,HUL,-0.006414029518586154,-0.006393503539445344
2022-03-25,1820.1014404296875,1842.468278407318,1812.6458277704771,1840.5112028369995,2233647,HUL,-0.0065835264248218115,-0.006561902494656935
2022-03-28,1840.697509765625,1846.0097019341574,1799.878099554704,1826.5784208300988,1794533,HUL,0.01125234514674586,0.01131589090500107
2022-03-29,1851.83447265625,1859.1036268795317,1839.7191018538242,1845.2641683694853,1249125,HUL,0.006032173432097637,0.006050403627722023
2022-03-30,1878.72119140625,1881.6102185185125,1859.2900239380176,1863.9031387008545,1476829,HUL,0.014414573437824324,0.014518964382077781
2022-03-31,1909.242431640625,1914.2284633911195,1880.6782079470688,1881.9829628559494,2540524,HUL,0.016115202678137455,0.01624575289510055
2022-04-01,1936.7349853515625,1943.9111941702524,1899.6900257155633,1915.0671122310337,1714996,HUL,0.01429702727277304,0.014399718577023712
2022-04-04,1983.6121826171875,1987.3399887260887,1929.3260061563153,1936.5952735741182,1693019,HUL,0.023915959281382182,0.02420423941333194
2022-04-05,1994.190185546875,2011.151660066077,1982.2611589251833,1998.5703127950426,1277652,HUL,0.00531852861726368,0.005332697097943262
2022-04-06,1996.2872314453125,2017.1162159138705,1976.9492332154616,1989.7169263003175,1736115,HUL,0.0010510251643327112,0.0010515776848347702
2022-04-07,2017.489013671875,2026.9948751672066,1989.8100946750442,1994.3299237423928,1824732,HUL,0.010564604565472565,0.010620607041208485
2022-04-08,2034.4970703125,2044.235919431191,2016.2773702709742,2029.5110380346923,1693462,HUL,0.008394972823543784,0.008430309421943338
2022-04-11,2015.85791015625,2044.7950522139772,1993.3511429881326,2039.1100565664012,1380107,HUL,-0.009203781802958388,-0.009161556646226532
2022-04-12,1987.153564453125,2017.6749757490986,1980.3969161509629,1995.214853830334,1370233,HUL,-0.014341621492236691,-0.014239270316874775
2022-04-13,2005.699462890625,2017.6751314716864,1985.7091473937317,1992.2328083268965,1071601,HUL,0.00928961405865712,0.009332896445073624
2022-04-18,2029.4639892578125,2034.3567343827915,1989.76299390288,2001.8317197057195,1828131,HUL,0.011778854268824978,0.011848498145847763
2022-04-19,1969.260009765625,2056.6770991874923,1958.0765926334595,2036.9661899757282,1775996,HUL,-0.030113870864325938,-0.02966496563174026
2022-04-20,2017.628662109375,2021.0768376797798,1950.2951559659668,1970.5184610945912,1511804,HUL,0.02426504954628983,0.024561841556670183
2022-04-21,2048.3828125,2053.788176860029,2020.470909782209,2036.3140857352982,2244813,HUL,0.015127717706743997,0.015242720807937093
2022-04-22,1982.2144775390625,2040.042121791504,1975.7374592041976,2033.5184603696034,3520828,HUL,-0.032835967138968844,-0.03230271927549555
2022-04-25,1957.79736328125,2014.8793999352908,1907.70496376852,1957.0983995671188,2437310,HUL,-0.01239459566898065,-0.012318099042504471
2022-04-26,2002.1580810546875,2011.1046788714114,1976.6691167095207,1996.4264428562417,1447088,HUL,0.0224055922735766,0.022658482744654096
2022-04-27,1999.1292724609375,2005.932336453137,1960.3599986854579,2001.645496029156,2214481,HUL,-0.0015139173494137905,-0.00151277195462729
2022-04-28,2089.29541015625,2096.890723320953,2017.67485155105,2078.251694669211,5865359,HUL,0.04411516281829286,0.04510270493129109
2022-04-29,2082.77197265625,2134.1690086439226,2071.308923305249,2091.671927766584,2678692,HUL,-0.003127199164201023,-0.0031223145699210697
2022-05-02,2078.718017578125,2098.75497672537,2055.791917496427,2068.9325259015636,1543544,HUL,-0.0019483196499437442,-0.0019464229072349015
2022-05-04,2023.779541015625,2097.6833483473993,2002.4377128747774,2089.388842597076,1608395,HUL,-0.02678454292660981,-0.026429018317023933
2022-05-05,2019.1661376953125,2052.1104855094077,2007.0507686346195,2029.7902933991888,1101451,HUL,-0.0022822000043138295,-0.002279597765869945
2022-05-06,2002.9500732421875,2022.3347095116133,1962.8761596435704,1980.3968929549208,1585602,HUL,-0.008063492682214998,-0.00803106993049818
2022-05-09,1972.615234375,1993.8171329659476,1966.5575490633007,1977.1352905800113,1341414,HUL,-0.015260937882671056,-0.01514507988613234
2022-05-10,2032.0267333984375,2048.3358828330197,1974.8050086788392,1988.7842796227667,2162232,HUL,0.02967349332928076,0.03011813859496093
2022-05-11,2016.2772216796875,2040.6943073080545,1972.0095221050237,2036.3141804345355,1858636,HUL,-0.007780834320513531,-0.00775064198708153
2022-05-12,1993.25830078125,2017.5356875761809,1965.6724400133942,2017.5356875761809,1531515,HUL,-0.011482214671772916,-0.011416545627223496
2022-05-13,2044.7947998046875,2067.0683488011728,2007.5631567664125,2022.334678493483,2057239,HUL,0.025526805228908933,0.02585540419083565
2022-05-16,2066.36962890625,2070.7497558016858,2024.478451130906,2050.293464243432,1396818,HUL,0.01049582303816172,0.010551097402841325
2022-05-17,2092.2314453125,2122.053897985106,2070.144236807303,2085.6144976148626,2055096,HUL,0.01243790849332386,0.012515580970834828
2022-05-18,2135.4736328125,2145.352409985793,2083.936895515336,2083.936895515336,2137455,HUL,0.02045729054620011,0.020667975140552075
2022-05-19,2110.451171875,2128.3912412850877,2092.6508042026585,2092.7907334676647,1734602,HUL,-0.01178671398029049,-0.011717522779499001
2022-05-20,2167.672607421875,2188.222184085362,2127.365703903267,2134.1689955517377,2599505,HUL,0.026752310673536936,0.027113366236299896
2022-05-23,2217.8583984375,2225.5003558289523,2149.4066009213248,2151.8761815783296,2363306,HUL,0.022887984049991057,0.023151923793193863
2022-05-24,2152.481689453125,2218.04456844299,2145.39899457443,2218.04456844299,3078655,HUL,-0.029920594245676287,-0.029477404432326937
2022-05-25,2142.27685546875,2171.400339679584,2130.9070927382845,2171.400339679584,1884260,HUL,-0.00475223604908676,-0.004740962041339225
2022-05-26,2125.035888671875,2139.760768735695,2104.3466096712536,2134.3087611319856,2299127,HUL,-0.008080523571963412,-0.00804796390011997
2022-05-27,2172.00634765625,2176.013557251892,2125.31548454464,2140.692684937092,1011303,HUL,0.021862633540557022,0.022103372105273467
2022-05-30,2189.107421875,2204.065288897061,2172.378938020739,2182.816749274554,939562,HUL,0.007842566268035903,0.007873399742686527
2022-05-31,2193.115234375,2206.76823512383,2147.12332914274,2199.405908052693,3123979,HUL,0.0018291236807391538,0.0018307975478732974
2022-06-01,2151.363525390625,2249.544712892195,2145.3524833558267,2208.7251892064764,2197599,HUL,-0.019221175532661384,-0.019037626628075288
2022-06-02,2129.32275390625,2149.965387856446,2103.5541593685275,2138.828613349025,1460335,HUL,-0.010297865727124947,-0.010245024248225598
2022-06-03,2135.986572265625,2166.740977198737,2111.0102221478273,2128.5776020371914,1845303,HUL,0.0031246614356147213,0.0031295482787427886
2022-06-06,2125.31591796875,2145.3062370501966,2094.654797095788,2117.5806731126518,2131405,HUL,-0.005008176079784179,-0.004995656075476473
2022-06-07,2061.10400390625,2106.0706632466377,2056.8635791262204,2096.8908500698885,2034730,HUL,-0.030678695134182817,-0.030212879656907665
2022-06-08,2047.5440673828125,2067.9537140106286,2037.2459579089814,2064.272551129183,1506843,HUL,-0.006600704426955037,-0.006578967629842225
2022-06-09,2048.14990234375,2058.0753229955944,2023.0338532527846,2047.497581755784,1497867,HUL,0.0002958399576892343,0.00029588372264521823
2022-06-10,2050.199951171875,2058.5410988636936,2015.6246880950494,2015.811032883909,1641981,HUL,0.0010004265484312217,0.0010009271419924026
2022-06-13,2047.4046630859375,2066.1369838557575,2009.2879283685218,2020.4713491201092,1519441,HUL,-0.0013643524852643871,-0.0013634221795487678
2022-06-14,2023.2669677734375,2063.2942443618927,2013.0154999496199,2041.7662984482267,1592475,HUL,-0.011859457312238501,-0.011789411125067262
2022-06-15,2018.1429443359375,2029.754026849363,2003.523102910068,2029.5660368013548,1432377,HUL,-0.002535761674561236,-0.0025325493467324156
2022-06-16,2018.28369140625,2034.548845924596,2007.3306898495907,2016.685431843003,1353485,HUL,6.973845089767342e-05,6.974088267996947e-05
2022-06-17,1984.2020263671875,2031.163952319112,1974.377195278841,2030.787972286808,3252189,HUL,-0.01703066104509938,-0.016886459115822317
2022-06-20,2064.540771484375,2071.1220302134116,1982.0399924168078,1984.7195967137795,2022000,HUL,0.039690983506409996,0.040489196185469645
2022-06-21,2073.096435546875,2098.481289859694,2042.2114376518462,2063.6946376532383,1606187,HUL,0.004135537181307666,0.004144100315514043
2022-06-22,2071.074951171875,2091.8057300002215,2055.2798862496575,2058.2413605005468,1741378,HUL,-0.0009755796016585568,-0.0009751038785934529
2022-06-23,2117.848876953125,2122.314730513193,2060.9680052933136,2075.9167706589064,1585753,HUL,0.02233312029381026,0.0225843713453171
2022-06-24,2166.080078125,2180.0888944056537,2124.853332973325,2129.507176922961,1930048,HUL,0.022518225541070126,0.02277367459819124
2022-06-27,2181.828125,2192.358322214852,2160.580199592781,2177.315445663441,1450391,HUL,0.00724399642529394,0.00727029763767173
2022-06-28,2179.007568359375,2184.9778017577833,2141.5885968634702,2181.8281076903877,1404108,HUL,-0.001293585556657486,-0.0012927492355178094
2022-06-29,2099.8447265625,2162.3196342609617,2091.9002524100065,2158.8410145799057,1682914,HUL,-0.037006127010642105,-0.03632976908679508
2022-06-30,2097.164794921875,2114.4640084679777,2080.993521499509,2091.8055873498342,2387212,HUL,-0.0012770673934056204,-0.001276252289859614
2022-07-01,2145.8193359375,2155.832158421891,2071.780180911018,2092.840115415233,1235612,HUL,0.022935119372065108,0.02320015152525845
2022-07-04,2233.115234375,2236.029883855692,2139.8494349622497,2139.8494349622497,2410245,HUL,0.03987612246791154,0.04068184910793571
2022-07-05,2257.841796875,2267.713684806371,2229.7305125801013,2241.8587402242088,2463079,HUL,0.01101182317704843,0.011072676465314846
2022-07-06,2348.9453125,2359.0054208111446,2256.4317044327004,2256.4317044327004,4770394,HUL,0.03955702433510534,0.04034982245040064
2022-07-07,2325.01806640625,2379.595560874829,2318.0137713697713,2355.150881071295,3333262,HUL,-0.01023861471584117,-0.010186378527597184
2022-07-08,2347.488037109375,2354.0222408446275,2306.0730708063625,2328.308231372418,1346970,HUL,0.009618026567809163,0.009664428430810723
2022-07-11,2341.61181640625,2373.953908533825,2331.6458190748067,2338.227077435098,1587197,HUL,-0.0025063333956418608,-0.0025031951644621797
2022-07-12,2303.01708984375,2341.611510086488,2298.222081851227,2326.944615844926,1116476,HUL,-0.016619461179903587,-0.016482119833906794
2022-07-13,2348.333984375,2368.641958908877,2314.1583584470563,2316.6029176258635,2528792,HUL,0.019486092419418666,0.019677185519419993
2022-07-14,2348.380859375,2371.9792317094325,2320.5514489287234,2353.0347029011564,1663307,HUL,1.9960760472286284e-05,1.9960959689591107e-05
2022-07-15,2414.8515625,2419.9284410719883,2352.376667263305,2378.6546440042825,2996964,HUL,0.027911725733589077,0.028304907553492242
2022-07-18,2400.749267578125,2449.168530268657,2381.522635387842,2426.6042136750107,1566888,HUL,-0.005856936956729974,-0.005839818538277086
2022-07-19,2414.334228515625,2420.962540796665,2371.8381552601113,2397.410995220736,1473121,HUL,0.0056426838678070345,0.005658633794442203
2022-07-20,2448.698486328125,2461.3909146504247,2383.9201847050513,2420.963179994211,4012897,HUL,0.014133086010534989,0.014233430237878819
2022-07-21,2451.471923828125,2472.5789157243375,2436.6640910707065,2460.450687375557,1990695,HUL,0.00113197605960865,0.001132616986323498
2022-07-22,2482.638916015625,2485.083245817612,2454.856556522425,2460.450580525075,1905780,HUL,0.012633444091229424,0.012713583167956788
2022-07-25,2466.656005859375,2495.237382175353,2455.7498275214853,2487.245853257308,1253821,HUL,-0.006458683900862424,-0.006437871433152664
2022-07-26,2394.73193359375,2467.9718443212746,2386.270315841791,2467.9718443212746,1685576,HUL,-0.029592092503513506,-0.0291585336969461
2022-07-27,2427.4970703125,2435.5356531176712,2373.953879221046,2383.684831490896,1404133,HUL,0.013589417227999143,0.013682173047895096
2022-07-28,2463.365234375,2467.972023671418,2430.364830929758,2467.972023671418,1442054,HUL,0.014667682255096964,0.014775780577103825
2022-07-29,2479.630126953125,2486.7755852886153,2440.7067748239115,2482.0746862616047,1463059,HUL,0.006581010133097141,0.0066027125621310745
2022-08-01,2437.88623046875,2480.194321626133,2425.663893023284,2479.724231724384,1559918,HUL,-0.01697804183338028,-0.01683472709523348
2022-08-02,2477.608642578125,2481.2284263663405,2443.527127240507,2444.467306973959,1359934,HUL,0.01616247309399475,0.016293792389867612
2022-08-03,2469.2412109375,2504.638887179492,2442.492913066802,2458.805123759822,1767904,HUL,-0.0033829365629921286,-0.003377220880178222
2022-08-04,2470.74560546875,2485.318393229677,2458.570322246679,2476.433739502009,1189384,HUL,0.0006090682561177397,0.0006092537758508598
2022-08-05,2487.1513671875,2498.6685688858342,2470.3692967201387,2480.1941289964025,1176666,HUL,0.006618056683470945,0.006640004410991329
2022-08-08,2491.8056640625,2498.997947831553,2468.959248654791,2487.1515903501963,1024511,HUL,0.0018695876270835795,0.0018713363956868179
2022-08-10,2484.70703125,2516.579032217139,2473.8008545899643,2491.80543410414,1098949,HUL,-0.002852856231516669,-0.0028487907042183958
2022-08-11,2457.347412109375,2508.164166171993,2450.6722745691404,2497.164110591351,810674,HUL,-0.011072277315870993,-0.011011205263447454
2022-08-12,2439.71923828125,2469.00597331785,2430.458606065407,2467.8775740621036,1473527,HUL,-0.007199514007057115,-0.007173659589708947
2022-08-16,2486.30517578125,2489.9249593811733,2435.5825277072177,2451.9415624038916,1584117,HUL,0.018914776904033627,0.019094794503001555
2022-08-17,2524.053466796875,2532.8442392486363,2486.305341756874,2492.416510114378,1711381,HUL,0.01506838450277496,0.015182484991514977
2022-08-18,2521.609375,2552.5882546883545,2505.2501081322753,2524.382859608925,1465489,HUL,-0.0009687892610611729,-0.0009683201362515881
2022-08-19,2476.950439453125,2537.4979194609705,2469.38194706813,2528.143177485704,1324508,HUL,-0.017869196540060445,-0.017710489177918398
2022-08-22,2469.56982421875,2507.2711197458307,2463.364776291909,2489.5956965369246,1410895,HUL,-0.0029841667750822773,-0.0029797185752350464
2022-08-23,2437.651123046875,2472.3907199885966,2430.599774701353,2446.394840902538,1305045,HUL,-0.0130090540701948,-0.01292480206830049
2022-08-24,2433.420166015625,2453.8690749737393,2408.08236840922,2421.902964418526,1242489,HUL,-0.0017371776532035422,-0.001735669633463277
2022-08-25,2420.210693359375,2471.1683904667857,2411.9841204557224,2445.595546890646,1106593,HUL,-0.005443143763066494,-0.0054283566975934505
2022-08-26,2417.719482421875,2458.2881501826396,2408.7407191579205,2444.37344282205,1048791,HUL,-0.0010298665202560548,-0.0010293363897347918
2022-08-29,2421.71484375,2451.8944734834326,2397.458162318159,2397.458162318159,1450034,HUL,0.0016511691105096094,0.0016525330408152517
2022-08-30,2500.737548828125,2507.459743164274,2430.9291926489173,2433.8436125589797,2227943,HUL,0.032109805555004534,0.032630887687734145
2022-09-01,2450.1083984375,2496.177205622242,2438.8262415759305,2491.4763069299215,1702269,HUL,-0.020453440057609185,-0.020245687283077962
2022-09-02,2447.85205078125,2466.091445832684,2430.3646158892443,2458.5700079498542,937600,HUL,-0.000921341786752199,-0.0009209174817281784
2022-09-05,2445.031494140625,2465.5272285963338,2431.398888075206,2441.6467553030598,1274074,HUL,-0.001152922168353288,-0.0011522578089329105
2022-09-06,2419.1767578125,2463.2710990303262,2409.6808499292847,2436.193874629951,1250776,HUL,-0.010630704311766286,-0.010574398076296454
2022-09-07,2411.18505859375,2441.5526806371126,2407.612329666275,2417.9543068301887,1344964,HUL,-0.003308947368477867,-0.003303478835492979
2022-09-08,2422.984375,2440.706856741082,2409.680922121492,2425.6639793497657,1004533,HUL,0.004881640993438063,0.004893575615109169
2022-09-09,2433.843017578125,2488.655537159841,2428.907074408465,2442.5867342430174,1785443,HUL,0.004471503635205538,0.004481515725055063
2022-09-12,2426.03955078125,2449.168062688624,2420.02249265279,2436.00554718857,1595709,HUL,-0.003211383564738068,-0.003206232587934177
2022-09-13,2431.86865234375,2452.9285836314225,2424.7231955482707,2442.586608000933,1342130,HUL,0.0023998412964446733,0.002402723220494396
2022-09-14,2417.578369140625,2450.1086836932777,2394.3559728040896,2397.4586122094624,1610054,HUL,-0.00589358931172404,-0.005876256182402173
2022-09-15,2407.236083984375,2443.339123264628,2398.3984863547657,2425.6636984693437,1199906,HUL,-0.004287129006599448,-0.004277952387506834
2022-09-16,2376.915283203125,2410.4798830604955,2367.9835758033796,2402.1592006684114,2516820,HUL,-0.012675688719287698,-0.012595690544428884
2022-09-19,2424.95849609375,2433.185068485267,2358.0177472265605,2379.5948254776704,1166725,HUL,0.02001086170461566,0.020212421212539855
2022-09-20,2429.00146484375,2464.6812408283668,2425.287800698982,2443.1512161388982,1253333,HUL,0.001665843854289831,0.0016672321429469505
2022-09-21,2466.656005859375,2488.421078098197,2425.6640715947287,2427.5444313401513,1960049,HUL,0.01538313649938632,0.015502065997332393
2022-09-22,2531.6689453125,2539.660472946018,2463.3179254600923,2466.1855195181556,2620240,HUL,0.02601535785305232,0.026356710987949228
2022-09-23,2521.609375,2560.8148282531884,2514.0408814131347,2536.511087678643,1789791,HUL,-0.003981408884775455,-0.003973493584588095
2022-09-26,2501.395263671875,2565.7505212379992,2484.94211815276,2508.869646729059,2678551,HUL,-0.008048656892079425,-0.008016353178463609
2022-09-27,2518.976318359375,2551.4125161697316,2494.672582678356,2515.9207345076748,1898501,HUL,0.007003914459235071,0.007028499231142016
2022-09-28,2540.460205078125,2546.7123096121527,2493.4041550745164,2510.233283506333,1526197,HUL,0.008492651601188082,0.008528816472852974
2022-09-29,2539.00244140625,2563.8701496087356,2530.1177887752156,2548.9213835651585,2019666,HUL,-0.0005739834361835885,-0.000573818739203702
2022-09-30,2535.147705078125,2552.493975996988,2508.305526629742,2545.066647598627,1340054,HUL,-0.0015193626354705822,-0.0015182089884049343
2022-10-03,2465.621337890625,2570.4513776140966,2460.967494141953,2560.109400601019,1683197,HUL,-0.027808061863899978,-0.027424976875403573
2022-10-04,2508.352783203125,2516.3913668224054,2476.5746583874065,2491.4766008142624,1327939,HUL,0.017182436252841143,0.017330903434287004
2022-10-06,2457.6298828125,2531.246003633341,2449.215319901363,2520.9040263146962,1752351,HUL,-0.020428852792854623,-0.020221597508247147
2022-10-07,2444.185302734375,2456.68973958552,2420.96290831715,2455.6554500238467,1025923,HUL,-0.0054855653602092925,-0.005470547120276392
2022-10-10,2449.732421875,2454.5272008264124,2389.9368986083723,2416.2619313231776,1043728,HUL,0.002266945146340776,0.0022695166092436825
2022-10-11,2398.0693359375,2454.3862394726934,2392.757412278695,2453.8690947141035,1129783,HUL,-0.02131483277462275,-0.021089277129278328
2022-10-12,2436.335205078125,2448.792588392129,2401.4073850836153,2410.1040489065995,882873,HUL,0.01583097483652995,0.015956948603266907
2022-10-13,2412.877197265625,2451.1895217396013,2409.586568169701,2428.4842727921514,753331,HUL,-0.009675051885248876,-0.00962839914787006
2022-10-14,2421.71484375,2467.877527898887,2416.449745775194,2435.0653491780513,1001536,HUL,0.0036560091330801636,0.0036627004865354973
2022-10-17,2435.58251953125,2453.8219135357876,2414.381421808702,2419.646519838906,778918,HUL,0.005710053317038821,0.005726386744929979
2022-10-18,2446.58251953125,2483.9546610055,2441.6465763176698,2463.2707084914496,1123374,HUL,0.004506205146982719,0.004516373357005721
2022-10-19,2428.484375,2460.9205774535426,2424.1594561917627,2458.852227841982,1241979,HUL,-0.007424812034518315,-0.007397316210171145
2022-10-20,2445.3134765625,2453.869204299969,2414.5225890372803,2414.5225890372803,1428125,HUL,0.006905977211279557,0.0069298784607167985
2022-10-21,2495.142822265625,2507.224223264995,2450.1083063011447,2450.1083063011447,2458302,HUL,0.020172644976698816,0.02037748786841531
2022-10-24,2419.1767578125,2482.07469520613,2397.458512415012,2453.9634107377374,719908,HUL,-0.030918671386958002,-0.03044557761392863
2022-10-25,2355.5263671875,2431.304950498523,2350.4494881076207,2431.304950498523,2923789,HUL,-0.02666308659457028,-0.02631076477543326
2022-10-27,2368.31298828125,2378.6549663960154,2339.1674135941844,2344.8084925658745,1846329,HUL,0.005413669416140118,0.00542834980404705
2022-10-28,2373.248779296875,2398.3044782988304,2361.731577139249,2374.988203682049,1164951,HUL,0.0020819270275843284,0.0020840957424326234
2022-10-31,2398.116455078125,2418.1423297660617,2389.98399201212,2392.7574763820476,1324443,HUL,0.010423809424518352,0.01047832658682224
2022-11-01,2415.248046875,2438.0111287575533,2411.2728436181856,2431.5275937357715,1280132,HUL,0.007118373906563269,0.0071437697533820455
2022-11-02,2383.540771484375,2426.79522677603,2367.5449856731047,2426.79522677603,1338284,HUL,-0.013214891514696602,-0.013127958195287559
2022-11-03,2410.089599609375,2412.5977001586793,2374.0756881563893,2381.0796063109324,730444,HUL,0.011076823835861716,0.01113839899137381
2022-11-04,2385.480712890625,2409.758033484079,2380.6535324905067,2408.764175039804,889055,HUL,-0.01026326427459468,-0.010210776695911417
2022-11-07,2397.2646484375,2415.4371702744916,2382.3100930959617,2395.655665189773,1283685,HUL,0.004927696752217916,0.004939857816999904
2022-11-09,2374.548828125,2408.716901782784,2359.262910290921,2375.6845673603025,1436444,HUL,-0.009520905214938319,-0.009475724896417126
2022-11-10,2379.092041015625,2402.1862529874106,2367.2135718394065,2370.0056648859245,1459152,HUL,0.0019114671886198728,0.001913295206573018
2022-11-11,2369.107177734375,2410.5160337316433,2361.487902015637,2408.8123088696575,1162847,HUL,-0.004205753608571225,-0.004196921812653964
2022-11-14,2326.278076171875,2379.234029540042,2323.7697445164235,2372.655984654207,2137131,HUL,-0.018243567729876536,-0.01807816124362016
2022-11-15,2325.993896484375,2336.8785067832846,2313.3581912286645,2326.277889055226,1558333,HUL,-0.00012216813183912225,-0.00012216066961678873
2022-11-16,2345.255126953125,2350.129447190016,2298.167354098633,2331.7203038169064,1330395,HUL,0.00824676206879095,0.008280860279926916
2022-11-17,2328.3603515625,2364.3268935785063,2322.9180458627097,2347.2427399056714,960476,HUL,-0.007229884041925841,-0.007203811302429197
2022-11-18,2350.7919921875,2355.38255101336,2317.8070269404766,2337.8251539456232,1075675,HUL,0.00958798124989833,0.009634093197793403
2022-11-21,2367.545166015625,2377.578031988728,2337.8729036649825,2350.792373390815,1354881,HUL,0.0071013340802406925,0.0071266083446777095
2022-11-22,2381.07958984375,2388.935485714857,2363.3803121354986,2371.8039621071234,921265,HUL,0.005700370601245203,0.005716648629306764
2022-11-23,2373.176513671875,2389.8819325720688,2368.112711008046,2386.095980995717,734152,HUL,-0.0033246351392607256,-0.0033191146594111487
2022-11-24,2412.73974609375,2423.00923312555,2376.7732027895427,2382.310249912894,999929,HUL,0.016533567040018928,0.0166710028495356
2022-11-25,2401.665771484375,2418.6551837521515,2383.4458786822634,2418.276681007505,783480,HUL,-0.004600357863118202,-0.004589792424692263
2022-11-28,2390.0712890625,2406.4455765656708,2386.853322511518,2391.7750135620254,830905,HUL,-0.004839374491332666,-0.004827683585093112
2022-11-29,2493.238525390625,2498.680831133064,2391.964314183493,2391.964314183493,2542932,HUL,0.042259284461176126,0.043164920142859886
2022-11-30,2540.704833984375,2553.624301120372,2482.637710095899,2493.049076779488,3698270,HUL,0.018859058211455774,0.01903801345533651
2022-12-01,2520.35546875,2539.427108047889,2505.2116619185554,2536.5876442669933,1675569,HUL,-0.008041585627606315,-0.008009338574942904
2022-12-02,2475.16064453125,2517.657859580169,2467.635880729102,2517.657859580169,2101890,HUL,-0.018094649807614303,-0.01793192459520998
2022-12-05,2479.65673828125,2484.531059166859,2446.8134190381784,2460.868858603365,1640511,HUL,0.0018148378180950124,0.0018164856329361267
2022-12-06,2512.49951171875,2517.610453969769,2464.512621202319,2467.3047143038234,1484562,HUL,0.01315794043067789,0.013244887056530485
2022-12-07,2562.47412109375,2574.257849291455,2514.1084967355036,2517.705196988416,2368561,HUL,0.019695166283785415,0.019890395656560145
2022-12-08,2560.676025390625,2565.9764508529383,2542.03025719028,2550.832642190537,1314703,HUL,-0.0007019492794646124,-0.0007017029707045985
2022-12-09,2576.576416015625,2594.8910473936003,2566.1650502056623,2578.8952649126195,1883397,HUL,0.006190251143202463,0.006209450343322764
2022-12-12,2571.84423828125,2578.233031586393,2544.7745919949284,2557.5995492152956,1163204,HUL,-0.001838303194230752,-0.0018366145498190933
2022-12-13,2565.26611328125,2574.4469993799876,2553.435014938511,2571.6075357777304,1265839,HUL,-0.0025610228884429824,-0.002557746267089711
2022-12-14,2540.98876953125,2574.4472108229606,2528.400664721609,2574.4472108229606,886858,HUL,-0.009508936485317292,-0.00946386950823852
2022-12-15,2520.73388671875,2539.6636446214534,2506.7258196555204,2525.5610674143977,990722,HUL,-0.008003200609923112,-0.007971260265048907
2022-12-16,2528.35302734375,2543.875335576085,2511.316246128494,2525.2295712390596,1793864,HUL,0.003018029413209277,0.0030225882490586553
2022-12-19,2572.64892578125,2574.4471604113696,2528.3532446001177,2528.3532446001177,1546941,HUL,0.0173679650833796,0.017519665156901176
2022-12-20,2531.429443359375,2561.243814378814,2511.2692034071883,2561.1964437651377,827567,HUL,-0.01615193794682394,-0.01602219487035439
2022-12-21,2523.526123046875,2550.9269029512657,2508.2878057158546,2544.112235934674,779092,HUL,-0.003126961908365315,-0.003122078054844657
2022-12-22,2503.791748046875,2544.6326066965603,2500.6209212915423,2533.274752398491,852567,HUL,-0.007850896589071236,-0.007820158792797849
2022-12-23,2480.83984375,2507.7673817265318,2468.4881288633214,2491.156470746252,1189702,HUL,-0.009209132543881345,-0.009166858351849383
2022-12-26,2477.384765625,2496.69325788262,2467.25739107319,2480.6974733525367,605144,HUL,-0.001393675743414148,-0.0013927050283816245
2022-12-27,2454.479736328125,2493.900864766486,2437.4429541999434,2484.5307270264448,870960,HUL,-0.00928865502003682,-0.009245648723885891
2022-12-28,2445.34619140625,2463.8027051583895,2440.140508040262,2454.2430850922087,822651,HUL,-0.0037281142780921078,-0.003721173488088647
2022-12-29,2430.628662109375,2445.062604747714,2403.5116410644264,2442.1757700048097,1345863,HUL,-0.006036771900771411,-0.006018587203970194
2022-12-30,2424.0029296875,2448.043630384934,2418.4658829342757,2441.8914589151973,696432,HUL,-0.0027296557568279103,-0.0027259336340274
2023-01-02,2421.49462890625,2441.9862312468067,2402.233738166701,2436.16519182867,681703,HUL,-0.0010353120499872156,-0.0010347762993724308
2023-01-03,2406.019775390625,2424.902164059462,2399.3469890283905,2413.591679103535,821843,HUL,-0.006411128056497685,-0.006390620623682675
2023-01-04,2400.387939453125,2421.4944337407533,2391.8221781574375,2414.0172721230715,1672649,HUL,-0.0023434709866759973,-0.002340727202288173
2023-01-05,2445.44091796875,2453.2494437087807,2401.7132200398096,2401.760590653467,2008493,HUL,0.018595075485929063,0.018769040526794623
2023-01-06,2438.57861328125,2472.1315618763815,2437.1115108754425,2441.938691416838,991782,HUL,-0.0028101071911730375,-0.002806162535793355
2023-01-09,2483.63134765625,2488.7422893249154,2432.473636060073,2450.7882673456825,1267078,HUL,0.018306408265971425,0.018474997742385257
2023-01-10,2502.372314453125,2511.3639501772454,2475.1607852880243,2483.6318064128836,1413088,HUL,0.007517465419096831,0.007545792500388782
2023-01-11,2454.479736328125,2506.1580678807336,2449.6054160941317,2502.513997050636,1471687,HUL,-0.019324388950972098,-0.01913886988294411
2023-01-12,2451.451171875,2463.3296419148805,2435.076884052882,2447.712590671319,1703829,HUL,-0.0012346545006504228,-0.0012338926283643747
2023-01-13,2483.584228515625,2498.018168868088,2429.3030554809857,2451.5928915519858,1348015,HUL,0.013022605978704513,0.013107769393607027
2023-01-16,2458.123779296875,2487.3227919121446,2445.7246955692203,2487.3227919121446,930068,HUL,-0.01030440263251297,-0.010251494161712782
2023-01-17,2524.803955078125,2531.8552440285057,2462.5723729118167,2466.026961468533,1892865,HUL,0.026765050555318456,0.027126451622514924
2023-01-18,2542.4560546875,2549.3654633986735,2517.658114958408,2525.230019063546,2038075,HUL,0.006967146339323548,0.0069914733672178375
2023-01-19,2507.95654296875,2535.9253091933156,2472.131880238682,2527.2176659301786,1649842,HUL,-0.01366226924354592,-0.013569364023084507
2023-01-20,2412.360595703125,2465.6005303802413,2400.3402477779127,2413.5437053626165,4569549,HUL,-0.03886252685869449,-0.03811706687407945
2023-01-23,2457.461181640625,2464.654582376025,2415.437209763293,2423.009113242175,1388360,HUL,0.01852300864390026,0.018695623704778175
2023-01-24,2461.341796875,2470.333431972217,2442.6960313623167,2464.654504542396,1462462,HUL,0.0015778700860541893,0.00157911557804713
2023-01-25,2482.0224609375,2500.620854422796,2455.189438445395,2461.3416093590013,1591810,HUL,0.008367089146214849,0.008402191068610065
2023-01-27,2472.36865234375,2504.927979711483,2440.2354294568736,2494.469240607341,1581382,HUL,-0.0038970765895864363,-0.003889492841295028
2023-01-30,2430.722900390625,2470.3335129424054,2394.803729434912,2470.3335129424054,2744039,HUL,-0.016987956699705875,-0.016844474999165637
2023-01-31,2438.86279296875,2451.593009512975,2405.215100575178,2430.581023515572,2366794,HUL,0.003343159222215277,0.0033487538118051052
2023-02-01,2436.496337890625,2463.707863466756,2410.562663337218,2461.0576512823754,2014615,HUL,-0.0009707819261950025,-0.0009703108698642104
2023-02-02,2493.853515625,2498.4912134951937,2425.8482735820367,2432.0004443890143,1980667,HUL,0.02326803053975753,0.023540842989335786
2023-02-03,2507.009765625,2515.2441639443396,2490.3514865498996,2498.727996696555,1638238,HUL,0.005261603692027104,0.005275470238155888
2023-02-06,2496.456787109375,2503.4607057270673,2460.632124655555,2490.209874014334,1697446,HUL,-0.004218273092286448,-0.004209388675035397
2023-02-07,2462.00439453125,2503.9812272919867,2456.420208090268,2503.460612707383,1495745,HUL,-0.013896628715010406,-0.013800516298147936
2023-02-08,2444.589111328125,2467.9673173617275,2440.3772861867856,2453.9592495561014,1061956,HUL,-0.007098756526435422,-0.007073619869163883
2023-02-09,2448.280029296875,2460.7736224664864,2428.6877773858782,2448.5640218617564,1102484,HUL,0.001508692982690289,0.0015098316325006245
2023-02-10,2439.572509765625,2448.232781433851,2418.607895662112,2446.671168862906,1523011,HUL,-0.0035629261206574074,-0.003556586430903841
2023-02-13,2442.885498046875,2452.113755933724,2413.5443704066374,2423.009250290585,1146525,HUL,0.001357098733635483,0.0013580200088285643
2023-02-14,2441.560546875,2462.7617857282794,2432.663420994152,2446.6714896647204,1944364,HUL,-0.0005425185137421755,-0.0005423713771826044
2023-02-15,2412.0771484375,2434.177734303244,2401.2399077219407,2413.54425096214,2009134,HUL,-0.012149139650369936,-0.012075636819752988
2023-02-16,2391.869873046875,2424.8074699775007,2387.8472991211815,2423.0092352411875,1982857,HUL,-0.008412829900966416,-0.008377541076459716
2023-02-17,2380.890625,2409.9951317456766,2372.750735560982,2389.8822612303716,1395341,HUL,-0.004600803840126541,-0.004590236354659716
2023-02-20,2377.056884765625,2406.9186229008374,2373.980799227116,2383.25642645077,632091,HUL,-0.00161151044906686,-0.001610212663328503
2023-02-21,2381.50537109375,2407.8177801990973,2377.8615314255153,2392.721344828088,862797,HUL,0.0018696771776080165,0.0018714261137944277
2023-02-22,2360.58837890625,2388.5097741526906,2349.8930185796685,2381.5056244960197,885515,HUL,-0.008821895536839368,-0.008783096793056333
2023-02-23,2357.3701171875,2381.268937894084,2347.3848541888447,2358.647968348811,757215,HUL,-0.0013642605040161838,-0.0013633303237056138
2023-02-24,2351.26513671875,2376.8676799947484,2339.670660230971,2358.8370397311774,732783,HUL,-0.00259310121105575,-0.0025897420283046424
2023-02-27,2336.07421875,2353.915609629002,2324.574482207008,2353.915609629002,853991,HUL,-0.006481703158528735,-0.006460742232562211
2023-02-28,2328.975341796875,2341.942410793656,2305.3131444686555,2337.5884740548054,1780454,HUL,-0.0030434328040569877,-0.0030388062571589103
2023-03-01,2334.27587890625,2337.825208676508,2317.0024740243284,2326.467353411683,967339,HUL,0.0022733235424275645,0.0022759095015945086
2023-03-02,2323.959228515625,2337.825184242716,2313.216498092793,2334.275854509554,827174,HUL,-0.00442943175701463,-0.0044196362922873655
2023-03-03,2338.771484375,2356.660012363278,2324.242803403406,2334.039045110785,1176008,HUL,0.006353489660201351,0.006373715888654319
2023-03-06,2351.880615234375,2365.131446197715,2343.125601919311,2349.1356616034195,1214503,HUL,0.005589485091186493,0.005605135408463413
2023-03-08,2352.116943359375,2367.5445097640745,2335.1746729557717,2353.9151777635657,1448340,HUL,0.00010047969721722819,0.00010048474547108555
2023-03-09,2329.685302734375,2358.600555264015,2325.4261070415814,2351.8806295944114,1038910,HUL,-0.00958255436478012,-0.009536787993611573
2023-03-10,2333.5185546875,2338.2983648138043,2314.2576645034133,2318.895362798551,772024,HUL,0.00164404256546688,0.0016453947443570982
2023-03-13,2323.72265625,2355.3352613192606,2314.1630355336915,2334.039282464656,1314549,HUL,-0.004206744911879919,-0.0041979089550509
2023-03-14,2311.74951171875,2339.71827763631,2309.19404039773,2330.2533978724096,1250763,HUL,-0.0051658906467721664,-0.0051525703805686
2023-03-15,2277.3447265625,2327.8870901657224,2264.945642108792,2320.693689385896,1738040,HUL,-0.014994431571132663,-0.014882574855902386
2023-03-16,2327.7451171875,2337.1626256092,2278.9062489514567,2295.1857946714217,1628035,HUL,0.021889867443684343,0.022131208348538545
2023-03-17,2316.434326171875,2350.318638214497,2309.24115698828,2339.386657074509,2127178,HUL,-0.004870963112923482,-0.00485911921030735
2023-03-20,2376.820068359375,2381.9783805482734,2295.232867889217,2316.434101743602,1561128,HUL,0.025734413548840315,0.026068402417129155
2023-03-21,2330.8212890625,2388.2256900843777,2327.177218069935,2380.4171645941583,1595161,HUL,-0.01954279852121009,-0.01935307594765734
2023-03-22,2343.835693359375,2348.6152729843475,2323.0600965250096,2340.286363295578,1063244,HUL,0.00556808252249649,0.005583613105794916
2023-03-23,2352.116943359375,2366.2668898693473,2334.0389338017503,2342.5573240710996,1578627,HUL,0.0035269770482103903,0.003533204150556468
2023-03-24,2348.047607421875,2364.232414477806,2337.82549023718,2339.9077177379436,1449326,HUL,-0.0017315721227654864,-0.0017300738166904361
2023-03-27,2365.273193359375,2370.9521205943315,2332.146117822129,2352.0223631444765,1387736,HUL,0.007309352941423057,0.007336131466437079
2023-03-28,2349.9404296875,2378.9975647887627,2339.623571942456,2375.495605438165,1412387,HUL,-0.006503551669434472,-0.006482449348735875
2023-03-29,2395.419189453125,2403.8902106335704,2347.3375539976164,2352.0226232693785,2613254,HUL,0.01916826369336468,0.019353154314500243
2023-03-31,2423.340576171875,2431.0069901140273,2381.8843567038157,2421.8734735972384,2146167,HUL,0.011588749205557055,0.011656158906001135
2023-04-03,2400.387939453125,2432.473785279864,2380.464323907104,2432.473785279864,918048,HUL,-0.009516625934414949,-0.009471486156109377
2023-04-05,2444.54150390625,2450.031179672404,2368.112609727398,2378.050732190283,1489612,HUL,0.018227215647162134,0.01839434523370609
2023-04-06,2427.978515625,2446.671654961748,2416.3840367958774,2437.2067742849135,797414,HUL,-0.006798556808565446,-0.006775498904307065
2023-04-10,2396.649169921875,2431.4799697869917,2389.8818740752467,2427.9780108798127,853322,HUL,-0.012987441980375176,-0.012903469079939667
2023-04-11,2411.414794921875,2418.276832901733,2397.4540969628533,2404.079512943406,913184,HUL,0.006142044501493383,0.006160945534002149
2023-04-12,2393.620361328125,2419.222903450367,2383.871490423721,2419.222903450367,1109809,HUL,-0.007406611757098807,-0.007379250401557957
2023-04-13,2400.482666015625,2425.233464279976,2389.8820473081432,2389.8820473081432,1261711,HUL,0.002862812640921518,0.0028669144022874793
2023-04-17,2415.295166015625,2440.99221928254,2405.4041829028697,2435.3132920566018,1566977,HUL,0.006151673615011689,0.006170634018610066
2023-04-18,2405.072998046875,2423.0088965935415,2394.614261086586,2423.0088965935415,1474786,HUL,-0.0042412458733450545,-0.0042322644919680075
2023-04-19,2396.129150390625,2411.651461400883,2375.9215388467683,2411.651461400883,1320243,HUL,-0.0037256744145601553,-0.003718742700746791
2023-04-20,2359.21630859375,2396.8863497631637,2347.2904662139595,2383.067762277137,1401364,HUL,-0.015525090041349285,-0.015405197082493327
2023-04-21,2364.279052734375,2375.2110325723156,2352.6372070767775,2358.6474967803188,1206288,HUL,0.0021436439297778335,0.0021459431770556314
2023-04-24,2365.98291015625,2370.857229961945,2342.652078000101,2368.1125077351485,1735797,HUL,0.0007204072454894149,0.0007206668011139339
2023-04-25,2357.180908203125,2365.9832925002665,2345.4445498577115,2357.5596420351417,1701098,HUL,-0.0037271678397142937,-0.0037202305711260264
2023-04-26,2376.442138671875,2383.2568061198904,2349.372489190163,2356.7551418739185,1245903,HUL,0.008138094893307567,0.008171299199700721
2023-04-27,2336.8310546875,2387.042279704601,2325.5205714647914,2379.4230065458296,2743893,HUL,-0.016808708077673547,-0.016668229930694833
2023-04-28,2325.8046875,2335.74281012788,2289.554155889742,2305.691820276909,3761927,HUL,-0.00472968010029,-0.004718512776258232
2023-05-02,2320.504638671875,2345.397319880189,2318.8956552487743,2339.529140355611,1760370,HUL,-0.002281402616514342,-0.0022788021954767146
2023-05-03,2352.968994140625,2356.7549458608837,2321.4035292425083,2325.4734735570173,1258140,HUL,0.01389325380379099,0.013990213562913079
2023-05-04,2372.608642578125,2375.0696036515333,2347.4319709544525,2353.8681351589257,1150227,HUL,0.008312110401899076,0.008346751906381566
2023-05-05,2366.929443359375,2385.149334106018,2361.2031457666326,2366.2195774861293,1354871,HUL,-0.002396521278611146,-0.0023936519141137813
2023-05-08,2381.647705078125,2391.6331992928026,2363.5223219595014,2371.6622108634474,972810,HUL,0.006199039582395949,0.006218293392751262
2023-05-09,2381.174560546875,2389.8822039460183,2366.2673745222614,2389.8822039460183,1651327,HUL,-0.00019868242248772072,-0.000198662686442308
2023-05-10,2387.705078125,2399.3469259929784,2371.75689499437,2386.0960948435104,2025658,HUL,0.0027388074999088845,0.002742561459511572
2023-05-11,2453.675048828125,2459.9219611676635,2388.5568685761714,2401.192342928406,1749356,HUL,0.027254234299662762,0.027629028102134523
2023-05-12,2483.01611328125,2498.7279038952875,2447.9960631130207,2455.1894631455966,2170011,HUL,0.011887075365301633,0.011958007425285633
2023-05-15,2519.787353515625,2527.832500479615,2482.685074908687,2496.787651862166,1561055,HUL,0.014700518491626301,0.01480910254174006
2023-05-16,2532.706787109375,2535.073006773357,2508.7608289707878,2527.122601132833,1477905,HUL,0.005114092720149241,0.005127192013137494
2023-05-17,2519.314453125,2530.9089312130177,2505.4011256346134,2529.0159551986476,839404,HUL,-0.0053017850550768795,-0.005287755397718197
2023-05-18,2486.944580078125,2526.36571268063,2481.5496447162177,2522.863753310702,1434067,HUL,-0.012931941374132309,-0.012848683103739988
2023-05-19,2500.100341796875,2507.246371441466,2461.4835904269426,2487.9852508272297,1174757,HUL,0.005275987059212167,0.0052899295883532815
2023-05-22,2496.93017578125,2513.3516045310676,2482.685484649434,2493.9959704443727,768232,HUL,-0.001268820124183152,-0.0012680155122679615
2023-05-23,2487.654541015625,2508.0040337060364,2484.531084294419,2491.156500519204,703864,HUL,-0.003721732501002009,-0.003714815438410457
2023-05-24,2475.0185546875,2496.835147586533,2468.440509820196,2479.7983649267308,628872,HUL,-0.005092422326276636,-0.005079477925808096
2023-05-25,2458.265869140625,2485.6192789214074,2442.4595663272125,2470.3335907044107,1072231,HUL,-0.006791722716221342,-0.006768711093153912
2023-05-26,2510.41748046875,2514.5345645266775,2463.8029475598632,2464.418072314996,947073,HUL,0.02099289607312528,0.02121479697651929
2023-05-29,2508.47705078125,2536.161823215901,2503.50798906221,2527.122817111749,698267,HUL,-0.0007732498748887509,-0.0007729509942456803
2023-05-30,2514.39208984375,2522.389865152181,2508.997155859585,2513.398231486535,948051,HUL,0.0023552442363955666,0.0023580200028769926
2023-05-31,2524.803955078125,2536.58768373697,2496.835190185868,2514.3925877195034,3388305,HUL,0.004132357605446412,0.004140907568247254
2023-06-01,2553.52978515625,2585.095251180072,2512.45229995698,2524.2833995047145,1541080,HUL,0.011313213321099642,0.011377449730443079
2023-06-02,2571.323486328125,2591.672975027533,2547.6139195584715,2564.9820639719082,1509260,HUL,0.0069441100969012525,0.006968276334707424
2023-06-05,2551.542236328125,2576.3401741550915,2540.515513175117,2571.0871198698524,1000190,HUL,-0.007722766664402242,-0.0076930227196920775
2023-06-06,2547.140869140625,2562.9945417736317,2527.2646228544672,2555.5173796488234,655372,HUL,-0.0017264725772208952,-0.0017249830807558597
2023-06-07,2570.8505859375,2581.072702260696,2535.9726427796395,2546.0526472611928,1428490,HUL,0.00926530910417062,0.009308364953083403
2023-06-08,2536.492919921875,2575.914280987985,2531.7604802555584,2562.1428353437727,923536,HUL,-0.013454424698262977,-0.013364318488036875
2023-06-09,2495.131591796875,2545.058833244845,2479.8932738110634,2545.058833244845,1413808,HUL,-0.016440916726312062,-0.016306502494110586
2023-06-12,2501.99365234375,2514.8186109331446,2492.1028989789124,2503.4607549560283,775484,HUL,0.0027464049928102594,0.0027501798179443426
2023-06-13,2532.706787109375,2552.6777735038395,2486.896866845138,2488.8845837933386,1787924,HUL,0.012200732148818038,0.012275464702659944
2023-06-14,2554.334228515625,2557.5050554214995,2510.0859190452757,2528.069189204348,1536248,HUL,0.008503006618983103,0.00853925986076498
2023-06-15,2545.7685546875,2572.0809655177795,2534.8365728138583,2568.720887130483,1830192,HUL,-0.003359023237819928,-0.0033533880306269026
2023-06-16,2570.329833984375,2578.23310056672,2539.6163471183318,2545.76851861381,1748145,HUL,0.009601640205378712,0.00964788383910653
2023-06-19,2560.406005859375,2587.2671552212655,2552.5337056457015,2578.297597254088,1068263,HUL,-0.0038683887887199665,-0.0038609162115262885
2023-06-20,2553.583251953125,2557.686203575258,2526.86514409262,2547.7624281267213,1129279,HUL,-0.002668272305738761,-0.0026647156312852305
2023-06-21,2554.060302734375,2582.925400746352,2546.2832853101286,2562.982102341851,1201840,HUL,0.0001867987761986912,0.00018681622417648924
2023-06-22,2532.829345703125,2555.396514492259,2527.437872726074,2546.474480526261,830052,HUL,-0.008347372078841224,-0.008312629505466296
2023-06-23,2520.66259765625,2538.744983854198,2507.1602719158145,2529.918466528957,991214,HUL,-0.00481519380717789,-0.004803619346686605
2023-06-26,2530.68212890625,2551.7702109107204,2521.187471642475,2521.187471642475,758700,HUL,0.003967080028291763,0.003974959306063619
2023-06-27,2529.966552734375,2539.747289419602,2515.3192099764915,2530.6822163942697,687747,HUL,-0.0002828001790522181,-0.0002827601948508507
2023-06-28,2539.41357421875,2564.5573208304063,2521.0448710515498,2531.4935153513684,1397573,HUL,0.0037270956936330986,0.0037340499518323522
2023-06-30,2555.539306640625,2562.9344974808137,2529.966445976903,2543.8978915235925,1160181,HUL,0.006330102219076067,0.006350179657851118
2023-07-03,2577.391357421875,2581.971651804121,2537.6957833936767,2563.984543861839,980665,HUL,0.00851450534918296,0.008550856848285271
2023-07-04,2576.38916015625,2582.7823755535815,2552.533704969618,2577.391135866774,721907,HUL,-0.00038891732965318996,-0.00038884171111197574
2023-07-05,2629.68212890625,2633.0694168998043,2572.6675955919104,2576.341195617382,1717547,HUL,0.02047410703015604,0.020685139331500624
2023-07-06,2630.875244140625,2638.41347517002,2610.407076199385,2633.5468688839683,1265020,HUL,0.0004536079241131888,0.0004537108197451012
2023-07-07,2574.576171875,2642.850296475034,2567.801129592601,2627.0581719224147,1178930,HUL,-0.02163165615334595,-0.021399369807067803
2023-07-10,2534.9287109375,2587.219921184591,2529.6327526973287,2585.836118257277,1518183,HUL,-0.015519412392537669,-0.015399606883111039
2023-07-11,2561.598876953125,2592.372415333359,2524.861474545714,2535.453390243356,2476367,HUL,0.01046611011446967,0.010521071421279338
2023-07-12,2551.24560546875,2581.1126841590863,2521.5217992981634,2581.1126841590863,2395826,HUL,-0.004049912204832512,-0.004041722370166534
2023-07-13,2533.1630859375,2564.413732937298,2529.8233221359947,2562.028187364794,1495067,HUL,-0.007112959192658666,-0.007087721970981176
2023-07-14,2554.346435546875,2563.5070228395393,2529.6800365047466,2533.4491515499635,1419016,HUL,0.0083276392667711,0.008362410508415907
2023-07-17,2558.9267578125,2579.4424479697554,2547.7624520870486,2547.7624520870486,912701,HUL,0.0017915426449995502,0.0017931484163167255
2023-07-18,2559.976806640625,2577.4390474739866,2554.728606185778,2562.6009068680487,1215904,HUL,0.00041026318610303474,0.0004103473555541193
2023-07-19,2549.289306640625,2573.43083950197,2539.0789860492114,2559.928745844099,1166542,HUL,-0.004183581497251813,-0.004174842511180721
2023-07-20,2579.490478515625,2591.943073242828,2536.502899857043,2546.8562610316517,1430764,HUL,0.011777273435411646,0.011846898583196985
2023-07-21,2484.784423828125,2553.8222102024315,2473.3338043634794,2528.678465109267,5198952,HUL,-0.03740598567167285,-0.036715023946124026
2023-07-24,2462.121337890625,2486.644697318208,2457.1116926919326,2484.784018551376,1777469,HUL,-0.009162593985814975,-0.009120745333144331
2023-07-25,2450.5751953125,2468.1807061669174,2444.993159034743,2462.073570362009,1653775,HUL,-0.004700540226529883,-0.004689509976797845
2023-07-26,2465.031982421875,2479.8223648804947,2454.5355819673705,2461.4059065812685,1300033,HUL,0.005882011425254485,0.005899344422088504
2023-07-27,2452.19775390625,2464.745630150409,2436.1190839233427,2443.752829583894,2276136,HUL,-0.0052201171585635016,-0.00520651602378619
2023-07-28,2466.272216796875,2475.003219305642,2447.760245711061,2452.3405392252525,966450,HUL,0.005723121780077624,0.005739530128924031
2023-07-31,2443.56201171875,2464.6500941483187,2437.0732813698723,2457.159621060771,2003252,HUL,-0.009250971003659122,-0.009208312417199549
2023-08-01,2434.306396484375,2455.967105285392,2428.4855716733723,2452.341029155429,1758897,HUL,-0.003794947123541762,-0.003787755411971183
2023-08-02,2451.3388671875,2455.632849208174,2419.897423206584,2421.805859660217,2082908,HUL,0.006972483177710531,0.006996847532308781
2023-08-03,2434.4970703125,2443.800698259534,2421.042499788336,2440.8425284961268,1475310,HUL,-0.006894158460139634,-0.006870448268265439
2023-08-04,2429.43994140625,2441.7970225595154,2418.9912969705074,2434.497345300378,1359318,HUL,-0.002079439234655429,-0.002077278698717322
2023-08-07,2451.5771484375,2456.1574420082857,2422.5212532628343,2423.714025913382,803823,HUL,0.009070797503818272,0.009112061860000686
2023-08-08,2448.380615234375,2466.844595767983,2438.552122170893,2451.5771061046025,1002061,HUL,-0.001304718861161053,-0.001303868085555604
2023-08-09,2435.355712890625,2451.338868196379,2424.668515338569,2448.380931470091,1212549,HUL,-0.005334003455644148,-0.005319802919001249
2023-08-10,2420.5654296875,2434.592391610331,2411.8821832416734,2432.350118462447,1313334,HUL,-0.006091667679859245,-0.0060731510903472286
2023-08-11,2387.263427734375,2420.51779624345,2384.591569858929,2418.943429208637,1472199,HUL,-0.013853460904928663,-0.013757943307248
2023-08-14,2417.130126953125,2423.7141391062746,2374.190309528014,2387.2630517958637,1060479,HUL,0.01243323787866323,0.012510851911762044
2023-08-16,2435.7373046875,2438.075092525665,2408.828166908653,2417.988754190398,1155882,HUL,0.007668566752457034,0.007698045515584173
2023-08-17,2426.8154296875,2443.418733131073,2417.034693167576,2435.7374630154354,1532873,HUL,-0.00366963013023779,-0.0036629052660277495
2023-08-18,2437.7890625,2450.1938996905274,2416.176112426495,2416.176112426495,1970819,HUL,0.004511631498090473,0.004521824230330207
2023-08-21,2445.422607421875,2457.0162649652852,2422.80768345719,2437.788862086054,977004,HUL,0.003126446959832574,0.0031313393924439215
2023-08-22,2448.333251953125,2457.112013330394,2436.119211663105,2455.7762009551248,960025,HUL,0.0011895341566276467,0.0011902419329961056
2023-08-23,2456.20556640625,2465.222882398685,2445.1842988761878,2457.1120271633886,1136112,HUL,0.0032102187403781467,0.0032153770108072077
2023-08-24,2463.07568359375,2473.0949745100634,2449.4303169912287,2466.6540017781476,1143934,HUL,0.0027931404222967435,0.0027970448733865005
2023-08-25,2446.185791015625,2462.550537804854,2434.68741662739,2449.4777967793493,802955,HUL,-0.0068808554218345655,-0.006857236539918987
2023-08-28,2438.695556640625,2450.4324878127904,2422.7601583164624,2447.5698330373084,619841,HUL,-0.0030667030423806134,-0.0030620055118095735
2023-08-29,2410.49853515625,2441.749185386121,2406.634137300117,2441.749185386121,958564,HUL,-0.011629701246717783,-0.011562337663507782
2023-08-30,2416.03271484375,2419.897345130354,2404.629853993885,2410.4982027140945,1227377,HUL,0.00229323372259013,0.0022958651941853425
2023-08-31,2390.3642578125,2423.5233390044477,2377.0529610202148,2416.1281482350205,3235414,HUL,-0.010681057436142023,-0.010624217492398502
2023-09-01,2390.125732421875,2399.3816021309085,2385.5454385871035,2390.3642869657338,813413,HUL,-9.979118931745728e-05,-9.978621034234525e-05
2023-09-04,2386.88134765625,2398.9045903397455,2377.911789628737,2398.9045903397455,1143301,HUL,-0.0013583338731058129,-0.0013574117552123122
2023-09-05,2392.27294921875,2407.9220355882544,2387.549615397008,2395.087846509409,844088,HUL,0.0022563003891141837,0.00225884775034757
2023-09-06,2407.9697265625,2410.450787169734,2392.654477231026,2398.379786666086,1094146,HUL,0.006540016558417833,0.00656144916443413
2023-09-07,2392.654052734375,2406.3949327187215,2385.545174706429,2395.0873554052546,1894798,HUL,-0.00638072321234378,-0.00636040962607487
2023-09-08,2398.7138671875,2405.631949453119,2387.0246937042134,2389.362481808183,1018234,HUL,0.0025294729127093335,0.002532674728383588
2023-09-11,2420.1357421875,2422.664327057058,2394.181055537206,2398.7135916733873,1121083,HUL,0.00889092536615285,0.008930567039709958
2023-09-12,2384.448486328125,2432.302440771097,2374.095124612981,2432.302440771097,3946716,HUL,-0.014855775438636492,-0.01474597281354073
2023-09-13,2391.795654296875,2394.1334422731693,2377.9117330190265,2379.820169401867,1231305,HUL,0.0030765486635946204,0.003081286096502822
2023-09-14,2386.30908203125,2398.9047165277284,2378.9616479885913,2396.042061734736,2081195,HUL,-0.002296548518629337,-0.002293913468639497
2023-09-15,2356.632568359375,2376.003243807194,2353.102007722305,2361.499174212782,3750697,HUL,-0.012514132850709278,-0.012436156697109069
2023-09-18,2374.71533203125,2378.8185174053815,2349.2855069549155,2358.207541444128,1499641,HUL,0.007643847841284391,0.007673136624969823
2023-09-20,2353.9130859375,2366.4609611550345,2333.0633266226046,2337.500347739406,1795159,HUL,-0.008798483810697063,-0.008759890422721295
2023-09-21,2360.11572265625,2369.323835274501,2331.0595915476433,2353.1021255686346,2223720,HUL,0.0026315665644443295,0.0026350321750641115
2023-09-22,2368.799072265625,2376.0034667192494,2345.4684824079977,2355.010665005264,1176741,HUL,0.003672453298586035,0.003679205017795617
2023-09-25,2362.501220703125,2385.259184966629,2347.3767690666537,2368.7989210371984,1122778,HUL,-0.0026622090723991687,-0.0026586685364058393
2023-09-26,2365.45947265625,2375.049413425287,2348.5698548786613,2360.736138535219,1263548,HUL,0.0012513861814984037,0.001252169491893218
2023-09-27,2387.21533203125,2390.125744073198,2355.9646866334188,2362.6442138940242,1086791,HUL,0.009155270340040779,0.00919730801837404
2023-09-28,2347.7109375,2386.499815729826,2340.888137313114,2385.5455974908296,1612346,HUL,-0.016686769313418198,-0.016548316358891757
2023-09-29,2352.720458984375,2359.5907833495717,2338.3116711512257,2352.67270148226,1249567,HUL,0.0021315164326382763,0.002133789728691937
2023-10-03,2355.869384765625,2384.591447770082,2349.0945748521476,2376.0034833723507,1585626,HUL,0.0013375241230128654,0.001338419007334668
2023-10-04,2393.036376953125,2396.0898288185003,2352.2910705325726,2354.1042250201153,1587335,HUL,0.01565318536278359,0.0157763382078151
2023-10-05,2404.20068359375,2409.2103295004617,2381.1086481021675,2402.7215986857464,1909928,HUL,0.004654482009204028,0.0046653309361053275
2023-10-06,2384.972900390625,2404.6298886978925,2379.820215243073,2404.5821311947166,1083342,HUL,-0.008029730465026069,-0.007997578294663743
2023-10-09,2396.328125,2401.290012866647,2367.41526800006,2371.232140661084,1468771,HUL,0.004749856115714351,0.00476115456385906
2023-10-10,2401.003662109375,2405.440916284318,2388.742098661599,2397.1867895098962,1092373,HUL,0.0019492246095301955,0.001951125582760005
2023-10-11,2439.36328125,2446.5676751580454,2401.0515142086524,2403.0554655876986,1697398,HUL,0.015850212462936487,0.015976493391486324
2023-10-12,2439.93603515625,2450.003084162273,2422.950903923054,2438.0275986797883,1625010,HUL,0.0002347689173135342,0.00023479647769253376
2023-10-13,2451.815673828125,2458.7337551190826,2426.2903394097643,2436.1665900242865,1531977,HUL,0.004857017580859711,0.004868832010636703
2023-10-16,2441.176513671875,2463.7914388455088,2435.737516422029,2442.7986380497687,954899,HUL,-0.0043487406132948075,-0.004339298532845537
2023-10-17,2439.124755859375,2452.3407710991128,2429.8688859230097,2441.1764647650048,1253538,HUL,-0.000840832489662913,-0.0008404790890822467
2023-10-18,2431.58642578125,2453.5334434572896,2423.2847743834313,2452.38842825818,1084689,HUL,-0.0030953738852265308,-0.0030905881546304803
2023-10-19,2431.443603515625,2437.4549920889817,2409.4010688685216,2409.4010688685216,1272343,HUL,-5.873797398150144e-05,-5.8736248940483016e-05
2023-10-20,2380.917236328125,2427.1015328696717,2371.2797731451906,2404.6296496699556,3608160,HUL,-0.020999349626690516,-0.020780398572454617
2023-10-23,2369.801025390625,2395.0400515265787,2366.7953310865787,2379.820317022033,922707,HUL,-0.004679810762399673,-0.004668877509847236
2023-10-25,2363.884765625,2376.003290029655,2352.1478353104817,2361.7377747002747,1435836,HUL,-0.002499643240943244,-0.0024965217342033386
2023-10-26,2363.025634765625,2376.003094248893,2343.2256089802177,2348.3307690548295,2650560,HUL,-0.00036350630583738573,-0.0003634402454248953
2023-10-27,2368.41748046875,2380.774560351634,2351.0507547173906,2354.342761123986,1784812,HUL,0.002279155811799581,0.0022817550617302285
2023-10-30,2365.411376953125,2377.911728421933,2349.6667768251305,2357.8731464408493,875135,HUL,-0.001270051795383481,-0.0012692456209325576
2023-10-31,2370.27783203125,2377.9115770619464,2354.8195449367718,2357.1095752606166,920414,HUL,0.002055226420630212,0.0020573398460581593
2023-11-01,2359.066162109375,2379.772652362786,2353.865719033344,2371.232445279319,1267131,HUL,-0.004741330272930724,-0.00473010790986772
2023-11-02,2390.353515625,2399.1966615134816,2367.7649252621927,2379.0111126786323,1595123,HUL,0.013175422784067527,0.013262601116557526
2023-11-03,2411.93310546875,2415.057059874558,2389.392619844332,2400.158200400705,1125583,HUL,0.008987274936646628,0.00902778174972485
2023-11-06,2400.542236328125,2420.1030879528025,2394.4867595025,2417.4597423101177,1338677,HUL,-0.004733900790705417,-0.004722713542426926
2023-11-07,2399.62939453125,2408.0400406939307,2388.863814377428,2399.1968939487215,1473411,HUL,-0.00038033715378449237,-0.0003802648347780435
2023-11-08,2421.641357421875,2427.072137841694,2400.830875317947,2401.1192872588317,745022,HUL,0.009131250646925632,0.009173067699866477
2023-11-09,2380.645263671875,2424.188425464951,2377.136916718744,2422.314099905442,1823094,HUL,-0.017073987004599514,-0.016929052530571753
2023-11-10,2390.113525390625,2392.084066636767,2369.735777491523,2380.9338586137587,771062,HUL,0.003969294851682822,0.003977182935750001
2023-11-13,2382.038818359375,2390.7378755052937,2375.1662135527877,2381.1257095257197,760809,HUL,-0.0033840976379828206,-0.003378378033290441
2023-11-15,2389.968994140625,2405.973392229623,2379.972434809914,2404.8678522745317,1457029,HUL,0.0033236253555676957,0.0033291547224707507
2023-11-16,2394.582763671875,2408.6166199984764,2379.3476212589244,2384.0093809981963,1420578,HUL,0.0019286115794689277,0.0019304725469500017
2023-11-17,2430.724609375,2435.242280505872,2369.3989427459933,2369.3989427459933,1756043,HUL,0.014980401784332254,0.015093170405897638
2023-11-20,2409.241455078125,2436.203629376514,2403.0416545438093,2436.1555216090155,944231,HUL,-0.00887745703166553,-0.008838168755941012
2023-11-21,2408.088134765625,2419.38243097698,2401.1193136990446,2407.8478305909152,1088806,HUL,-0.00047882143541377246,-0.00047870681872463905
2023-11-22,2424.09228515625,2426.3512382545014,2406.8866002136365,2410.4911628137966,816610,HUL,0.006624011323395365,0.006645998607597736
2023-11-23,2422.169677734375,2429.715322104033,2409.0010569157093,2409.0010569157093,1023670,HUL,-0.0007934393714005279,-0.0007931246816170745
2023-11-24,2417.652099609375,2422.0737901202465,2410.2026704841705,2417.5561187464655,735137,HUL,-0.0018668371046876677,-0.0018650956481404135
2023-11-28,2413.182373046875,2433.5601179563237,2403.041491020365,2433.5601179563237,1880641,HUL,-0.0018504992722441964,-0.0018487881541029427
2023-11-29,2427.1201171875,2430.580356278902,2410.827542118069,2414.576193135095,1265214,HUL,0.005759054394285259,0.005775669628742985
2023-11-30,2446.8251953125,2455.4280377646614,2418.565283786909,2418.565283786909,3095684,HUL,0.008085928021328015,0.008118707428387939
2023-12-01,2464.222900390625,2481.81321151669,2443.412654382418,2448.6993458061406,1345599,HUL,0.007085158816882723,0.007110317938304078
2023-12-04,2501.3740234375,2507.237303937237,2475.1327631308727,2477.055196344955,2188039,HUL,0.014963685868610247,0.015076202335829958
2023-12-05,2463.8388671875,2534.728603442285,2457.1584576206137,2534.728603442285,3108717,HUL,-0.015119541546568265,-0.01500581516330668
2023-12-06,2468.06787109375,2483.495445470624,2463.5983074792334,2470.3268241208075,1573754,HUL,0.0017149573855121808,0.0017164287659272581
2023-12-07,2420.583740234375,2460.522337513956,2401.6959276222537,2452.159799899551,3925967,HUL,-0.01942688005436053,-0.019239394270924914
2023-12-08,2424.47705078125,2435.6751320283192,2411.020016307216,2421.304988577959,1605805,HUL,0.0016071259176281512,0.001608418036592285
2023-12-11,2406.55029296875,2431.8303411708434,2402.0807288187652,2424.4771266861426,2012243,HUL,-0.007421543626079496,-0.007394071973881311
2023-12-12,2405.68505859375,2420.3436130412797,2400.1580626545174,2403.0417127097694,1677929,HUL,-0.00035959770090740126,-0.0003595330534034158
2023-12-13,2414.47998046875,2419.093867268127,2401.1672708282504,2410.5872408203054,1513205,HUL,0.003649224275006985,0.003655890800660755
2023-12-14,2418.7578125,2426.8800469344105,2404.1952382366917,2423.56389615019,2166569,HUL,0.001770172845427386,0.001771740526264276
2023-12-15,2425.0537109375,2433.80087747022,2409.7704580639183,2422.266276155195,2543337,HUL,0.002599565219472118,0.0026029470189050663
2023-12-18,2437.164794921875,2445.81574469679,2417.459853767902,2422.410025603624,1969036,HUL,0.004981721416696497,0.004994150822207111
2023-12-19,2461.387451171875,2467.395055289173,2436.684229975954,2436.7323377432995,1656220,HUL,0.00988980109383366,0.009938866793280043
2023-12-20,2458.3115234375,2473.1622733895497,2448.218748854472,2473.1622733895497,1468642,HUL,-0.0012504537985157543,-0.0012496723069382876
2023-12-21,2454.178466796875,2479.9391216617246,2437.64558625354,2443.6531907149297,1945695,HUL,-0.0016826731958872944,-0.001681258295061716
2023-12-22,2475.709716796875,2479.6986720564782,2448.02663012791,2459.945622811475,1174984,HUL,0.00873504067537435,0.008773302468138011
2023-12-26,2484.5048828125,2491.137184220364,2467.4913940371575,2475.7098438144135,893776,HUL,0.0035462881923564943,0.0035525837120373716
2023-12-27,2507.141357421875,2510.697811982238,2480.803881224971,2485.70617985684,1073278,HUL,0.009069805308844962,0.009111060624582112
2023-12-28,2531.652587890625,2537.612084487968,2505.747844795886,2512.476361686574,1635216,HUL,0.009729083616895964,0.009776565009463667
2023-12-29,2560.633056640625,2563.6610299017602,2519.5891524788576,2531.6524684122573,1305681,HUL,0.011382229377169824,0.011447253421981829
2024-01-01,2551.7900390625,2565.8717698748246,2535.689659307609,2560.5372049175576,526353,HUL,-0.003459426667844145,-0.003453449745636883
2024-01-02,2512.42822265625,2551.020978758828,2505.8919022522155,2545.3017864073136,1310629,HUL,-0.015545384123191753,-0.015425178327254208
2024-01-03,2505.459228515625,2526.654101927123,2494.8858456925855,2498.2019960981333,1008270,HUL,-0.002777662388468447,-0.0027738082536172826
2024-01-04,2492.002197265625,2521.2711964354744,2487.676722471893,2505.4592299572364,1376844,HUL,-0.0053855598390379605,-0.005371083710658753
2024-01-05,2518.435791015625,2527.903634441405,2494.357266422686,2494.357266422686,1150738,HUL,0.010551508294711276,0.010607371766768292
2024-01-08,2478.2568359375,2524.1549311245517,2466.9625402631996,2523.145606704356,1189828,HUL,-0.016082566647398926,-0.015953932683716254
2024-01-09,2479.698486328125,2488.589739743586,2471.816557261796,2482.3899397018035,1017205,HUL,0.000581550392268191,0.0005817195254824714
2024-01-10,2477.439453125,2493.684153695489,2465.520461720768,2479.9387100349245,881278,HUL,-0.0009114264670857577,-0.0009110112441412799
2024-01-11,2437.837646484375,2488.5899330735856,2433.6564948160362,2479.9389831324256,2399600,HUL,-0.016114112293846735,-0.015984974563423515
2024-01-12,2445.33544921875,2455.9088336296804,2414.4324241047198,2435.242673190135,2979841,HUL,0.00307087562927803,0.0030755955980856786
2024-01-15,2473.40283203125,2478.737631794146,2432.839533134652,2447.2577840224512,1391204,HUL,0.01141255575989075,0.01147792742360454
2024-01-16,2469.4619140625,2484.3607728897164,2457.206401156241,2473.402761723246,1599406,HUL,-0.0015945889706639091,-0.0015933182891658682
2024-01-17,2463.502197265625,2471.6246661535556,2441.250124432753,2450.1413789463877,3047652,HUL,-0.002416283419861979,-0.002413366556874963
2024-01-18,2449.18017578125,2470.3269433900364,2439.1355081014863,2470.3269433900364,1273095,HUL,-0.005830648501831647,-0.005813683259658475
2024-01-19,2465.905029296875,2474.123478353003,2433.8004879767354,2465.5206365167164,1323064,HUL,0.006805545527425824,0.006828755875541104
2024-01-23,2283.418212890625,2384.2978512994473,2273.709831056434,2355.9419607074965,4369332,HUL,-0.07688535551163525,-0.07400399214007203
2024-01-24,2346.95458984375,2351.039760693699,2275.343947885817,2295.3854093361483,1551469,HUL,0.027445032067324772,0.027825116132665473
2024-01-25,2334.122314453125,2372.2825665017513,2326.3363661318594,2359.594554328448,2364765,HUL,-0.005482630513018974,-0.005467628324022811
2024-01-29,2349.597900390625,2354.019590877666,2316.5321412883522,2316.5321412883522,1587091,HUL,0.006608269300821153,0.006630152088291874
2024-01-30,2363.295166015625,2397.8029837268405,2352.385498102803,2358.825602569055,1793711,HUL,0.005812694664720749,0.005829621154633591
2024-01-31,2385.307373046875,2389.488524931115,2347.050901063896,2354.9809389194415,1445004,HUL,0.00927109166039573,0.009314201352326856
2024-02-01,2377.665771484375,2414.143899058984,2372.6193837064475,2379.107596563783,1727534,HUL,-0.0032087554924966153,-0.0032036129384612755
2024-02-02,2357.480224609375,2390.4497704134455,2347.291233494428,2380.933818741072,1956115,HUL,-0.008525890930005933,-0.008489648594469212
2024-02-05,2325.663818359375,2369.1588742720683,2319.175605598918,2368.4379617431287,1315445,HUL,-0.01358783564057629,-0.013495937704110283
2024-02-06,2332.248046875,2346.666296218703,2324.2699019704123,2330.902202799705,1557511,HUL,0.0028271178551875866,0.0028311179215358973
2024-02-07,2331.3828125,2345.272345774969,2318.021995302354,2345.272345774969,1149076,HUL,-0.000371056119584602,-0.00037098728677653625
2024-02-08,2323.308837890625,2347.0989508697385,2305.958829773469,2347.0989508697385,1758661,HUL,-0.0034691804800272923,-0.0034631698261158306
2024-02-09,2330.133056640625,2334.2663348301853,2312.7832852722836,2323.3085597899685,886474,HUL,0.0029329789848905998,0.002937284375931659
2024-02-12,2293.126220703125,2335.612180915358,2289.617874084773,2330.08518562737,1292460,HUL,-0.016009323342511726,-0.015881855258022548
2024-02-13,2301.15283203125,2307.8332413134717,2287.7920134668066,2297.30796514398,957865,HUL,0.003494180219615532,0.00350029198378099
2024-02-14,2295.33740234375,2301.1528103904666,2278.083609283795,2292.501859975465,1397975,HUL,-0.0025303797001192557,-0.0025271809879601204
2024-02-15,2259.67626953125,2292.213312532259,2255.735187373002,2276.4975610105416,2553695,HUL,-0.015658289524850797,-0.015536335867697093
2024-02-16,2283.130126953125,2289.6183401336043,2266.164744875956,2278.035631151077,2363302,HUL,0.010325804697097415,0.010379299786486884
2024-02-19,2294.568359375,2302.0658965950224,2281.7362571893896,2296.8273124965353,576683,HUL,0.0049973829690789185,0.0050098907139994875
2024-02-20,2310.861083984375,2315.042235684377,2276.3532648212054,2278.179717292503,1032995,HUL,0.0070754715844132295,0.007100561873786493
2024-02-21,2313.74462890625,2328.835682964777,2301.2488127974525,2310.8609790349888,1127778,HUL,0.0012470448183402223,0.0012478227020480404
2024-02-22,2295.481689453125,2326.4328201820526,2273.9984023925185,2326.4328201820526,2258516,HUL,-0.007924555561166469,-0.007893239048493483
2024-02-23,2301.24853515625,2312.2063094761966,2291.4920467990355,2295.913736603645,1210775,HUL,0.00250910906093377,0.0025122595094622113
2024-02-26,2311.005126953125,2313.2159721788876,2287.6956232290477,2298.365221895274,831596,HUL,0.004230732767312487,0.004239694951598372
2024-02-27,2312.0146484375,2315.5229956344447,2296.490857439168,2310.8131275245664,1120424,HUL,0.00043673682980764926,0.00043683221322221577
2024-02-28,2327.63427734375,2330.9504279253597,2307.8812278139335,2317.5896100629743,629152,HUL,0.0067331335477480245,0.0067558520517185805
2024-02-29,2318.7431640625,2334.603240103048,2304.2768053456502,2330.9505695956627,2848084,HUL,-0.0038271209111213084,-0.0038198068175023803
2024-03-01,2316.24365234375,2344.2151499760976,2310.764764520349,2323.2124728690296,2326244,HUL,-0.001078541130774861,-0.0010779597143354414
2024-03-04,2328.066650390625,2333.737734571899,2311.1491440334266,2322.491547068001,1501261,HUL,0.005091401226963939,0.005104384435079545
2024-03-05,2306.77587890625,2326.1443005982023,2298.365233191277,2311.726050801106,1587199,HUL,-0.009187333164938142,-0.009145258569295045
2024-03-06,2307.688720703125,2315.426560799738,2283.1776988849383,2310.7645667027705,1354111,HUL,0.0003956436501256593,0.0003957219273975632
2024-03-07,2325.7119140625,2331.911714844805,2309.803730738692,2311.678056369801,1820704,HUL,0.00777972192913333,0.00781006259539363
2024-03-11,2297.16357421875,2319.4156445318367,2291.1078627337656,2315.5707781505157,2040761,HUL,-0.012351058484159912,-0.012275097216955966
2024-03-12,2285.917236328125,2292.5016641169373,2269.2402685894435,2287.695580963652,1012157,HUL,-0.004907773146060183,-0.004895749704915908
2024-03-13,2222.90966796875,2282.889491692188,2214.499022473042,2282.889491692188,2322669,HUL,-0.027950361171662174,-0.027563363781527017
2024-03-14,2244.056396484375,2250.880893627091,2212.576552438003,2215.460202274312,2292515,HUL,0.009468120503122675,0.009513084953626683
2024-03-15,2237.424072265625,2246.315326766892,2226.0816682377067,2239.6830253861167,2751403,HUL,-0.0029598830596701087,-0.0029555069244875387
2024-03-18,2210.750244140625,2234.8287687773436,2207.914701884541,2230.791705677831,2487402,HUL,-0.01199330150104007,-0.011921668518561135
2024-03-19,2179.0302734375,2214.5471855616215,2159.7099574862964,2194.6981534613324,4220638,HUL,-0.014451985770126902,-0.014348057084781818
2024-03-20,2154.999755859375,2177.588348542376,2153.1254302094503,2162.7375973086,2995013,HUL,-0.01108933887157664,-0.011028078806916253
2024-03-21,2155.384033203125,2171.5322835687643,2147.3577811103855,2147.3577811103855,3504486,HUL,0.00017830307627975662,0.00017831897321807233
2024-03-22,2169.03369140625,2178.117142705983,2145.483881169579,2152.2123983800566,3507809,HUL,0.006312851534225985,0.006332819577790083
2024-03-26,2153.12548828125,2171.5326949037612,2145.435754394531,2145.531969936937,3027027,HUL,-0.007361262878097551,-0.00733423514260223
2024-03-27,2152.8369140625,2175.233309253919,2149.2804593423607,2162.7374926298353,2168861,HUL,-0.00013403471383077454,-0.00013402573157983433
2024-03-28,2176.531005859375,2199.1674701311017,2153.2215021979396,2157.9313698937053,3186360,HUL,0.010945860367655103,0.011005985470661228
2024-04-01,2197.244873046875,2205.9920377407097,2174.271890792804,2181.9616233862357,1427873,HUL,0.009471917458345303,0.009516918036883926
2024-04-02,2198.01416015625,2208.8759556978766,2188.738512957842,2208.8759556978766,1221495,HUL,0.00035005314199652393,0.0003501144177473492
2024-04-03,2177.347900390625,2193.3522983556677,2173.3589451770617,2193.3522983556677,1175309,HUL,-0.009446721513986461,-0.00940224141420265
2024-04-04,2177.107421875,2193.496211317273,2162.0163686701912,2181.9616124847544,1890255,HUL,-0.00011045170891512631,-0.00011044560934969638
2024-04-05,2179.0302734375,2192.054807387964,2170.5236459682587,2177.1078399295957,1153449,HUL,0.0008828241079040531,0.0008832139118077897
2024-04-08,2180.952392578125,2200.176724886131,2179.2702635011747,2188.6902332665027,1127294,HUL,0.0008817095903294234,0.0008820984104973562
2024-04-09,2176.338623046875,2186.3835249561675,2168.2644969116745,2182.9230510856314,1189343,HUL,-0.0021177246316613934,-0.0021154838349295435
2024-04-10,2173.214599609375,2188.5940657934834,2170.1387533069596,2188.5940657934834,2308993,HUL,-0.0014364803991467215,-0.0014354491550245818
2024-04-12,2145.724365234375,2177.012019820389,2142.167909916535,2173.215025624239,3388551,HUL,-0.012730258914155893,-0.012649571919837621
2024-04-15,2108.95751953125,2141.350474956183,2105.064545013597,2141.3023671874134,4909564,HUL,-0.017283435958330685,-0.017134934150365155
2024-04-16,2134.669921875,2144.714588644273,2087.8106115348733,2098.335886615327,2821129,HUL,0.012118272567020694,0.01219199633260759
2024-04-18,2128.90283203125,2150.9146009846795,2123.3758359077597,2129.1431362105322,3392171,HUL,-0.0027052867132178584,-0.0027016307226948033
2024-04-19,2145.05126953125,2156.7299585017845,2110.831861334783,2133.901062005108,2337694,HUL,0.007556709295899983,0.007585333279204853
2024-04-22,2154.5673828125,2166.1500917870153,2142.600281000084,2162.737725330415,1804108,HUL,0.004426498993904979,0.004436310411978894
2024-04-23,2174.992919921875,2185.3259986487164,2161.4877793956443,2165.6210578207865,1991778,HUL,0.009435456359405387,0.009480110611677528
2024-04-24,2172.58984375,2180.375792163384,2158.555987368747,2178.1649470249645,1404398,HUL,-0.001105477018946727,-0.0011048662043282587
2024-04-25,2144.330322265625,2152.981272376825,2129.1911595710244,2151.251035420177,4951866,HUL,-0.013092632745895774,-0.01300729705870185
2024-04-26,2136.4482421875,2167.543696851507,2132.5555022212607,2157.931529681434,2307512,HUL,-0.0036825492685339713,-0.0036757769995982015
2024-04-29,2139.764404296875,2147.357921699967,2133.900889066216,2147.357921699967,1395292,HUL,0.0015509812295538658,0.0015521846230075464
2024-04-30,2143.945556640625,2153.3655264224535,2138.706973011922,2145.4835970967697,2119102,HUL,0.0019521180050281822,0.001954024627830009
2024-05-02,2139.95654296875,2156.201009483979,2119.530690414858,2119.530690414858,2140383,HUL,-0.0018623277246002687,-0.0018605946683298846
2024-05-03,2131.0654296875,2148.9439186486993,2118.521505418379,2145.4355717304093,2595307,HUL,-0.0041634654102512365,-0.0041548102041901736
2024-05-06,2168.69677734375,2173.7912720969075,2126.2110519028784,2138.706867307371,1619256,HUL,0.017504367312482387,0.01765846657358061
2024-05-07,2287.118896484375,2296.9234944521527,2171.3885009699343,2178.1170177945423,8277810,HUL,0.05316647795214573,0.05460519901987859
2024-05-08,2250.256103515625,2280.2460136369596,2234.8285305958184,2274.6228028202027,1813439,HUL,-0.01624886813438269,-0.016117567401245925
2024-05-09,2235.453369140625,2270.489903158512,2229.49387294917,2249.823745544639,1558987,HUL,-0.0065999763019584335,-0.006578244294893065
2024-05-10,2270.92236328125,2279.0445967528176,2230.983765948245,2230.983765948245,2610266,HUL,0.015742019179690384,0.015866577505152968
2024-05-13,2269.095947265625,2289.2814965269827,2256.840435214087,2281.928283164871,1170617,HUL,-0.0008045853515219705,-0.0008042617595196422
2024-05-14,2258.474853515625,2280.294425684034,2255.735292050197,2269.0482372218366,689430,HUL,-0.004691749152211122,-0.004680760089849412
2024-05-15,2233.194580078125,2264.4341196671453,2227.763565469436,2258.426515900026,812282,HUL,-0.01125663442207555,-0.011193515570097179
2024-05-16,2252.274658203125,2257.032868270841,2212.095990708857,2246.363269783034,1880021,HUL,0.008507557267077514,0.008543849378468638
2024-05-17,2230.359375,2260.685575660522,2225.312987073205,2260.685575660522,1264582,HUL,-0.009777937546093851,-0.009730288942916498
2024-05-21,2221.08349609375,2234.63674613027,2212.480653120297,2217.527041055078,1663959,HUL,-0.004167589072022918,-0.004158916724462891
2024-05-22,2275.103515625,2281.92824747066,2221.0831887144805,2221.3716006338227,1914851,HUL,0.02403041461688432,0.024321471761982627
2024-05-23,2290.098876953125,2294.232155858532,2263.6654166734984,2275.103801980224,1614718,HUL,0.006569441601422111,0.006591067714123655
2024-05-24,2277.17041015625,2290.819640002725,2272.9890237524455,2286.253860797852,974100,HUL,-0.00566137029157691,-0.00564537493423678
2024-05-27,2292.02099609375,2306.871745716128,2270.874230770176,2277.1702464713717,1116934,HUL,0.006500335358673341,0.006521508390968878
2024-05-28,2303.02685546875,2315.5707789766893,2286.301780572845,2297.307663658899,1631747,HUL,0.004790322441311368,0.004801814378557978
2024-05-29,2281.3515625,2302.1139365481226,2277.5066958001285,2288.8490994991575,1592495,HUL,-0.00945622394561438,-0.009411654456950913
2024-05-30,2260.20458984375,2280.4382459438207,2243.527622854832,2276.160879064105,1837380,HUL,-0.009312722239144136,-0.009269493139004048
2024-05-31,2238.721923828125,2285.24472076957,2227.7160389489504,2261.743018110778,5529186,HUL,-0.009550202355939284,-0.009504744000679244
2024-06-03,2264.5302734375,2294.8567065039656,2253.380300797559,2288.6569058773034,1207445,HUL,0.011462219321475092,0.011528162267354647
2024-06-04,2399.485107421875,2412.701836012871,2251.2655508121684,2281.9282672744675,7826048,HUL,0.05788682313099796,0.05959506727172914
2024-06-05,2501.806884765625,2618.306307405162,2427.0722827905884,2435.2907329003897,11061076,HUL,0.04175904895659228,0.04264322250938646
2024-06-06,2450.71826171875,2499.1634909043833,2420.343719268168,2499.1634909043833,4102547,HUL,-0.020632075079831662,-0.020420690085222626
2024-06-07,2477.82470703125,2495.7994142064686,2427.07241319905,2456.197329091852,3974253,HUL,0.010999891368198381,0.011060612611377696
2024-06-10,2465.857177734375,2493.0594206488636,2447.2575420592607,2478.977690876211,1449122,HUL,-0.004841554514649125,-0.004829853081582014
2024-06-11,2457.206298828125,2476.766917025401,2452.352107768287,2466.4819457138465,1402423,HUL,-0.0035144327720012295,-0.003508264381393955
2024-06-12,2430.628662109375,2468.4045259716218,2419.3824734698487,2468.4045259716218,1754677,HUL,-0.010875121141176844,-0.010816200793325792
2024-06-13,2390.93017578125,2408.6167027553947,2351.568401318949,2391.4588918675045,3123098,HUL,-0.016467447465834617,-0.01633260026386485
2024-06-14,2406.79931640625,2436.5475426423045,2397.724285194477,2400.2478917119292,1729552,HUL,0.00661529522374409,0.00663722461899785
2024-06-18,2413.108154296875,2424.512486448906,2400.3934423908386,2406.9448672441335,1820933,HUL,0.0026178268076110334,0.0026212563081682294
2024-06-19,2384.718505859375,2421.600599153089,2379.380308145811,2421.600599153089,986976,HUL,-0.011834516664402684,-0.011764764205428713
2024-06-20,2409.17724609375,2416.7478288529137,2374.6730278925506,2384.7186407596823,2163310,HUL,0.010204207071580536,0.010256447532184021
2024-06-21,2369.48046875,2405.1007594830376,2355.1643928006965,2402.189015222162,3646215,HUL,-0.016614577934022174,-0.01647731706254263
2024-06-24,2370.35400390625,2395.2495606319985,2355.6497895105103,2363.3658647573675,1945519,HUL,0.00036859311065793893,0.0003686610494455511
2024-06-25,2360.648193359375,2374.7216246112826,2356.474645665412,2367.5879930137835,833789,HUL,-0.004103073200470662,-0.004094667096509741
2024-06-26,2373.654052734375,2394.4244006645386,2360.8421882229086,2365.3069576082207,1738656,HUL,0.005494322676026079,0.005509444148258158
2024-06-27,2389.717041015625,2410.147828089514,2364.3364306830586,2377.8759946247305,3402726,HUL,0.006744403848926837,0.0067671985573238835
2024-06-28,2400.29638671875,2417.232984813931,2390.396503797189,2390.5419962243377,2129791,HUL,0.00441725814129464,0.004427028606963868
2024-07-01,2431.403564453125,2448.776876762152,2378.0215873536727,2388.6494063118025,3312865,HUL,0.012876464951773874,0.012959723601841944
2024-07-02,2412.040283203125,2441.0122329179167,2406.411100622321,2441.0122329179167,1305210,HUL,-0.007995709259371719,-0.007963828602165934
2024-07-03,2436.49951171875,2445.7200365303843,2401.5099991208176,2413.4965392009094,1406405,HUL,0.010089403011040372,0.010140472647141685
2024-07-04,2422.52294921875,2462.219876410053,2419.5626281278155,2441.061151430241,1977010,HUL,-0.005752844799049081,-0.005736328873770513
2024-07-05,2472.07080078125,2478.86487051249,2422.522573421036,2422.522573421036,1754286,HUL,0.020246642178409407,0.020452995740857238
2024-07-08,2511.039794921875,2518.6589543648624,2461.6372921032303,2484.6886023792094,2818809,HUL,0.015640748008340553,0.015763704716025728
2024-07-09,2513.951171875,2537.099631698892,2492.4528899015895,2511.039427844741,1479529,HUL,0.0011587592089723176,0.0011594308298150668
2024-07-10,2533.654296875,2548.746885802939,2497.3060689912268,2505.0707205854474,1764036,HUL,0.007806959238419006,0.00783751300360569
2024-07-11,2532.1015625,2540.060283161406,2513.854583474437,2540.0117066962384,1432671,HUL,-0.0006130316844045168,-0.0006128438188726104
2024-07-12,2545.107177734375,2561.8497075526293,2524.4823221611628,2524.4823221611628,1912642,HUL,0.005123147125087568,0.005136292882949922
2024-07-15,2543.214599609375,2551.9012561227323,2536.760090845706,2550.688029320354,920101,HUL,-0.0007438909310735903,-0.0007436143128104478
2024-07-16,2609.359619140625,2644.834418084959,2547.3395600466733,2548.698279276291,3298003,HUL,0.025675963335256947,0.026008430252566717
2024-07-18,2657.84033203125,2670.263822843619,2576.8939282766455,2620.5700965525207,5569762,HUL,0.018409053189987583,0.01857954439664078
2024-07-19,2646.775390625,2662.3046925135222,2636.050419116571,2658.4223670413917,1668862,HUL,-0.004171822440194595,-0.004163132477485454
2024-07-22,2654.831298828125,2669.050221276368,2626.0534187066073,2626.101995167326,1911629,HUL,0.003039046415639368,0.00304366899875963
2024-07-23,2684.968017578125,2728.5956052035795,2651.6284508740205,2665.2165908126135,3906259,HUL,0.01128770462929298,0.011351651143823194
2024-07-24,2637.118408203125,2676.329804476912,2596.4025632718594,2667.1578570544784,3611927,HUL,-0.017982007392506216,-0.017821295844767993
2024-07-25,2627.55810546875,2644.6890105715133,2591.452522213848,2637.118427721687,2166670,HUL,-0.0036318711010259476,-0.003625283834292947
2024-07-26,2631.294921875,2646.7756488135715,2608.1950356707994,2643.863904425438,2135309,HUL,0.0014211528695516147,0.0014221631858388761
2024-07-29,2631.82861328125,2639.9814022401224,2613.581635609391,2631.4402385470876,957011,HUL,0.0002028040590400579,0.0002028246251735144
2024-07-30,2612.22265625,2673.3209442701027,2606.399167914487,2635.7109154365803,1560399,HUL,-0.007477443439971835,-0.007449556909713162
2024-07-31,2626.053466796875,2629.9357923919524,2596.3538181695435,2625.4226836710145,1751085,HUL,0.005280684852057784,0.005294652243285292
2024-08-01,2635.66259765625,2644.785968827308,2615.9111696630976,2634.1581489635837,1886392,HUL,0.0036524743731026106,0.003659152786060993
2024-08-02,2613.339111328125,2678.319491535029,2602.2743407046587,2632.2168729998184,1738872,HUL,-0.00850585393444905,-0.008469781506925789
2024-08-05,2636.001953125,2661.334222675603,2587.764104503914,2597.227273238811,3118731,HUL,0.008634600923545153,0.008671986616140881
2024-08-06,2669.147705078125,2690.209276264947,2628.9654887487327,2640.0788365054686,2296031,HUL,0.012495852289367592,0.01257425166693471
2024-08-07,2663.32373046875,2700.01175192077,2655.0252127539084,2699.866022547119,1713875,HUL,-0.002184344349691861,-0.002181960405673644
2024-08-08,2652.793212890625,2678.076907446923,2640.3697227462762,2672.9813547553963,1464161,HUL,-0.003961738036872287,-0.003953900705969238
2024-08-09,2666.38134765625,2676.8636748479075,2638.622859990569,2674.9225119219846,1284031,HUL,0.005109125172980367,0.005122199008801953
2024-08-12,2667.837158203125,2682.1046579872973,2642.3108189254185,2657.451984181087,1297178,HUL,0.0005458383759199477,0.000545987372794432
2024-08-13,2660.751708984375,2676.5236564605643,2649.784328921455,2661.334152597603,1051237,HUL,-0.0026594108013649914,-0.002655877701142062
2024-08-14,2641.97119140625,2661.8681104387065,2626.9757559173618,2660.363661851899,946995,HUL,-0.007083378277804299,-0.0070583502830083855
2024-08-16,2667.400390625,2672.593096011396,2630.9550108698363,2657.3547781329457,1727926,HUL,0.009579059695012196,0.009625085731996386
2024-08-19,2661.8681640625,2678.562117366071,2656.5299661657655,2669.1475248307747,1130327,HUL,-0.00207616804930711,-0.0020740143031934277
2024-08-20,2670.1181640625,2675.165140246076,2654.588860754042,2661.8682216798816,1097889,HUL,0.003094534035122593,0.0030993270483421487
2024-08-21,2709.0869140625,2712.8723239179676,2662.2563587851414,2668.613714717056,1417729,HUL,0.014488918400920016,0.014594391560825315
2024-08-22,2710.639892578125,2727.333845951709,2700.254718563504,2720.4911994091617,1552947,HUL,0.0005730837045975989,0.0005732479484374942
2024-08-23,2732.769287109375,2738.010332274373,2689.821056977102,2716.851608794936,2111401,HUL,0.00813075619107755,0.008163900557887294
2024-08-26,2738.15576171875,2751.549833114722,2721.1222468451892,2732.7692242402322,1152244,HUL,0.0019691281828173,0.0019710681888820414
2024-08-27,2685.50146484375,2741.018908091678,2678.367834036984,2726.363034801577,1357212,HUL,-0.019417138288182607,-0.019229839883889155
2024-08-28,2683.027099609375,2699.9151231482238,2664.9741886885004,2678.804975245474,1723549,HUL,-0.000921803946790489,-0.0009213792160485124
2024-08-29,2703.31201171875,2727.333902856005,2664.246107950083,2688.462067987683,2129934,HUL,0.007532020390544931,0.00756045740735467
2024-08-30,2696.275390625,2733.448709240914,2678.902076663861,2713.4546356789924,4029712,HUL,-0.0026063565797878156,-0.002602962981426704
2024-09-02,2707.000244140625,2726.2661437739175,2697.245853163385,2711.804574932889,957950,HUL,0.0039697651295303085,0.0039776550840895375
2024-09-03,2712.095947265625,2744.755920130973,2693.363676824325,2698.2165843501343,2022116,HUL,0.0018806474168032092,0.0018824169432676285
2024-09-04,2757.66455078125,2760.188157340057,2690.111986931693,2698.216436840079,1640986,HUL,0.016662396028234695,0.016801987983340982
2024-09-05,2754.947021484375,2771.0101927605288,2740.5823678395104,2756.500046673475,1945173,HUL,-0.0009859317970745648,-0.0009854459260120185
2024-09-06,2755.43212890625,2782.123118479223,2744.9014624679285,2744.9014624679285,1672730,HUL,0.0001760704335903755,0.00017608593489892854
2024-09-09,2835.844970703125,2851.7624119394613,2759.5571728010573,2769.166071475763,3342754,HUL,0.028765659500134436,0.029183386864547467
2024-09-10,2813.327392578125,2851.180067874474,2802.553844056592,2847.6858799868537,1536584,HUL,-0.00797203410779975,-0.007940341717416532
2024-09-11,2818.714111328125,2863.2153669847785,2812.8422829388005,2825.9451329233075,1913665,HUL,0.0019128837700574286,0.0019147144993543197
2024-09-12,2869.4267578125,2876.2208276163733,2809.056642089753,2825.362457010719,2454564,HUL,0.017831481803077386,0.017991411857118056
2024-09-13,2846.6669921875,2869.427081203923,2832.642136760539,2869.427081203923,1902001,HUL,-0.007963440383871765,-0.007931816193960217
2024-09-16,2782.754150390625,2824.3919995176966,2724.810248668883,2824.3919995176966,1489057,HUL,-0.022707694622965107,-0.02245181539403096
2024-09-17,2788.965576171875,2828.176968869778,2775.9598805530186,2782.753950166105,1098661,HUL,0.00222962699463971,0.0022321144612713617
2024-09-18,2791.246826171875,2808.42607086622,2777.512956142777,2789.451155662023,464796,HUL,0.0008176212525986413,0.0008179555959708651
2024-09-19,2826.090576171875,2847.9772355641235,2788.8203427591193,2791.6349342197495,1713010,HUL,0.012405947656729603,0.01248322064293661
2024-09-20,2890.003173828125,2901.4075048930017,2810.2211958756775,2838.756430247054,3641632,HUL,0.02236326556921557,0.02261519789745159
2024-09-23,2939.454345703125,2945.7145483400527,2882.5781808925276,2892.332571352012,1300470,HUL,0.01696636709161252,0.017111113345075202
2024-09-24,2863.7490234375,2931.15585489431,2859.429983559541,2931.15585489431,1929308,HUL,-0.02609235364855733,-0.025754889636673717
2024-09-25,2862.196044921875,2873.260815338254,2819.636191624619,2863.749069984707,1055354,HUL,-0.0005424357150351424,-0.0005422886233797941
2024-09-26,2898.25341796875,2904.8048428813454,2854.674167856613,2864.2830665701063,1902889,HUL,0.012519107827070143,0.012597799899433326
2024-09-27,2878.9873046875,2940.8618738147916,2865.884454754662,2898.253441779502,2977081,HUL,-0.006669683894673383,-0.0066474909204981
2024-09-30,2871.271240234375,2909.706124674832,2856.0331583870834,2876.9975761841415,1627702,HUL,-0.002683729444173539,-0.002680131461698987
2024-10-01,2837.737548828125,2875.541649372102,2806.339143756762,2875.541649372102,1184642,HUL,-0.01174777559833203,-0.011679039909692657
2024-10-03,2808.232177734375,2837.1069783868343,2776.9309232455744,2823.179038582883,1233447,HUL,-0.010451929828334075,-0.010397498213298273
2024-10-04,2764.94384765625,2828.2742859395566,2734.176463728675,2805.9509130580846,2456486,HUL,-0.015534840617410105,-0.015414797402203861
2024-10-07,2750.04541015625,2782.1231747563133,2741.9411971515387,2761.3042498599384,1280975,HUL,-0.005402902180092217,-0.005388332754977632
2024-10-08,2735.874755859375,2801.0977751659584,2716.3659759475454,2760.333358479552,1761488,HUL,-0.005166201980889617,-0.005152880110466884
2024-10-09,2687.491455078125,2742.717681686061,2679.484158126076,2740.3395675699758,1476282,HUL,-0.017843008402434055,-0.017684764508180906
2024-10-10,2673.66064453125,2705.398610217547,2652.793143577846,2688.5105879502285,2065078,HUL,-0.00515965261703352,-0.00514636447336092
2024-10-11,2701.322265625,2707.922266928901,2656.5300261363855,2683.463661587022,679307,HUL,0.010292819816038733,0.010345973095100769
2024-10-14,2707.048828125,2722.1897566323278,2683.657720300339,2709.475281759991,874010,HUL,0.002117667053833687,0.0021199108943319445
2024-10-15,2699.623779296875,2716.9487533001934,2683.9004068922713,2710.9311955846492,1082666,HUL,-0.0027466258954847193,-0.0027428573696129943
2024-10-16,2699.4296875,2715.2502127006615,2674.5343678170534,2707.09718625598,1170797,HUL,-7.189845336864756e-05,-7.189586873679321e-05
2024-10-17,2658.082763671875,2700.1575638443824,2643.3299731877614,2697.68253378276,1368242,HUL,-0.015435426466539878,-0.015316910834753839
2024-10-18,2637.166748046875,2659.392966744725,2614.212356359638,2658.08258710551,1137277,HUL,-0.007899958012612278,-0.00786883535413574
2024-10-21,2614.309814453125,2657.4521142040253,2601.595102176689,2635.128739979521,792345,HUL,-0.008705009974903602,-0.008667231076942006
2024-10-22,2602.80810546875,2630.275606612126,2595.0920306934213,2606.1082244195836,1272253,HUL,-0.004409226624701691,-0.004399520256087586
2024-10-23,2581.067138671875,2613.824260595203,2543.893824030917,2543.893824030917,1431962,HUL,-0.008387969711376201,-0.00835288884770069
2024-10-24,2431.403564453125,2569.128970586372,2380.448040858193,2569.128970586372,9216267,HUL,-0.05973424390975866,-0.05798515349575972
2024-10-25,2453.678466796875,2465.276867660535,2426.5507628298415,2428.6859946148834,2761166,HUL,0.009119624432150435,0.009161334905240182
2024-10-28,2500.023681640625,2513.4177526958706,2445.9623436655493,2469.159144937238,852829,HUL,0.018711890906383314,0.018888055411861115
2024-10-29,2472.70166015625,2509.632330583052,2461.394481395327,2509.632330583052,1695654,HUL,-0.01098886206064934,-0.010928705069883637
2024-10-30,2479.787109375,2487.891559530861,2458.871031051871,2481.776848804237,1200637,HUL,0.0028613710733281844,0.0028654687028852877
2024-10-31,2453.87255859375,2488.0855548126483,2449.8447403470686,2479.7870359976687,1901355,HUL,-0.010505300671404032,-0.010450312723732758
2024-11-01,2462.850341796875,2471.051707366065,2437.4697325652455,2469.110544535092,118532,HUL,0.0036519418982215346,0.0036586183629152558
2024-11-04,2450.524169921875,2472.0710314022585,2429.8507369907948,2472.0710314022585,1097260,HUL,-0.005017406144888388,-0.005004839987965748
2024-11-05,2447.175537109375,2455.813616889939,2433.247599068502,2445.865157420273,702046,HUL,-0.0013674310531877679,-0.0013664965453520361
2024-11-06,2455.374267578125,2476.386532154494,2449.777629154025,2469.611452196455,1219166,HUL,0.003344683252013761,0.0033502829463694095
2024-11-07,2430.630859375,2464.407253718044,2421.401332931118,2455.374054274254,1322446,HUL,-0.010128364208594535,-0.01007724505785057
2024-11-08,2462.247314453125,2469.6605169147483,2422.579669604473,2438.927788649835,1700877,HUL,0.012923638808559816,0.013007509945897278
2024-11-11,2445.899169921875,2469.316739128912,2430.189173754933,2463.5237739285594,1175577,HUL,-0.006661661399491016,-0.006639521722813235
2024-11-12,2416.884765625,2451.692178555918,2411.484454346943,2449.7775706822567,1624222,HUL,-0.01193339000823847,-0.01186246949738401
2024-11-13,2420.272216796875,2427.980029788182,2405.985890652603,2417.4740174733843,1262017,HUL,0.0014005961509787955,0.0014015774438460582
2024-11-14,2345.89501953125,2420.026560463074,2340.4947086024417,2415.804451248359,2443393,HUL,-0.031213019600064933,-0.03073092222826901
2024-11-18,2378.984130859375,2381.046163629545,2332.688834326965,2357.628355989708,1374215,HUL,0.014006560267569522,0.014105111717546803
2024-11-19,2366.661865234375,2395.970682267616,2361.507022871615,2387.8210740176746,1133370,HUL,-0.005193094186798601,-0.005179633384334026
2024-11-21,2339.611083984375,2380.8006797217895,2333.032571434998,2380.8006797217895,1291829,HUL,-0.011495754472084879,-0.011429930759171203
2024-11-22,2400.92919921875,2407.6551370493976,2334.7509378705845,2347.613353088314,1696471,HUL,0.025871116634687996,0.026208678721913792
2024-11-25,2426.654296875,2460.2835069783887,2413.0554754508216,2425.2306264341637,4368045,HUL,0.010657647320374702,0.010714642341232317
2024-11-26,2434.263916015625,2449.7284438602323,2415.80462213737,2441.186181184411,982442,HUL,0.0031309415314738145,0.0031358480482466256
2024-11-27,2441.82421875,2447.7646089278323,2413.4481343744396,2430.2871904428803,948232,HUL,0.0031009729864453807,0.003105785976875275
2024-11-28,2417.572021484375,2493.1272374282194,2408.735148515141,2440.940689057231,2540530,HUL,-0.009981650981716161,-0.00993199964166136
2024-11-29,2450.906494140625,2462.050868133835,2410.600728530422,2410.600728530422,1795164,HUL,0.013694214110742836,0.013788409346242592
2024-12-02,2434.214599609375,2445.358973491614,2415.9518737711646,2439.9586625684246,1006993,HUL,-0.006833795589183969,-0.006810498307934343
2024-12-03,2437.847900390625,2446.291879693493,2421.3032144140357,2435.0494613734018,1641588,HUL,0.0014914839268914176,0.001492596742223462
2024-12-04,2419.830322265625,2447.8137526509245,2412.024465943355,2436.12953900783,1321495,HUL,-0.007418219126356534,-0.007390772050263283
2024-12-05,2449.385009765625,2469.4151601085237,2405.642438807475,2420.9106401262025,2071795,HUL,0.012139553680377209,0.012213537134425412
2024-12-06,2438.780517578125,2450.5630144118554,2430.1399719569536,2449.7774666798377,1308086,HUL,-0.004338850132844342,-0.004329450921443656
2024-12-09,2357.23583984375,2432.054648922866,2340.1021731538126,2420.3212934353196,3385021,HUL,-0.0340084482120618,-0.03343666112904431
2024-12-10,2353.897705078125,2369.2639501866993,2345.0116899782884,2365.0418405006158,2063838,HUL,-0.0014171261724783381,-0.001416122523339114
2024-12-11,2357.824951171875,2365.6799489199275,2341.77120363809,2361.4086980082207,1718225,HUL,0.0016670111081350976,0.0016684013435577238
2024-12-12,2302.447265625,2356.450379655681,2295.6232837042285,2341.82054101358,3231056,HUL,-0.023766977424714807,-0.023486767123806818
2024-12-13,2346.77880859375,2351.148103051197,2291.1554631934337,2302.4470222060845,2260902,HUL,0.019071082322479005,0.019254096990888536
2024-12-16,2323.2626953125,2349.6261265509324,2320.1698859339126,2346.9751128385005,1247552,HUL,-0.010071136210181358,-0.010020592138950457
2024-12-17,2320.41552734375,2336.861929579234,2310.6950631027157,2310.6950631027157,2131569,HUL,-0.0012262556486508768,-0.0012255041044194614
2024-12-18,2316.438720703125,2339.807386268207,2307.454663175832,2307.454663175832,988403,HUL,-0.0017153041277368,-0.0017138338343983817
2024-12-19,2317.077392578125,2343.686056401983,2293.6595822074737,2304.4602052401287,1655915,HUL,0.0002756748281135075,0.0002757128299109013
2024-12-20,2291.597412109375,2330.479748587135,2282.515070557055,2309.467724557705,2069691,HUL,-0.011057512697173805,-0.010996603113200054
2024-12-23,2296.5068359375,2309.124022795506,2273.285593186901,2294.641369734494,1066199,HUL,0.002140067198312807,0.0021423587765383445
2024-12-24,2293.217529296875,2314.229552226785,2288.848234775878,2288.848234775878,683646,HUL,-0.0014333353996956472,-0.0014323086651218953
2024-12-26,2290.46826171875,2299.403417590653,2282.564122249837,2289.9773243568984,1033769,HUL,-0.0011995882934207737,-0.0011988690750013298
2024-12-27,2298.814208984375,2303.134361905232,2286.049837508968,2300.5324897599107,556816,HUL,0.00363715091390433,0.0036437733738174938
2024-12-30,2301.0234375,2316.389681190017,2282.8587549338595,2299.05968803339,924180,HUL,0.0009605681136086043,0.0009610296069124669
2024-12-31,2284.67529296875,2310.007469026126,2281.140448083042,2297.586849677959,1878762,HUL,-0.007130086275254243,-0.007104727515949039
2025-01-01,2280.011474609375,2294.7884979654154,2278.1949104183414,2282.8588155253287,559893,HUL,-0.002043434837791838,-0.0020413484462007414
2025-01-02,2327.04296875,2336.517963432763,2273.5307992154535,2287.767981935654,1650744,HUL,0.020417873771245505,0.020627744493558975
2025-01-03,2362.635986328125,2370.834735922727,2321.9373281379058,2338.678339641274,1274239,HUL,0.015179589631415524,0.015295384767752829
2025-01-06,2333.130615234375,2375.10575867804,2318.8442903999216,2374.1730256557257,900419,HUL,-0.012566961652035762,-0.012488327133121202
2025-01-07,2347.46630859375,2358.708727057057,2332.1981075834215,2334.063573808319,922768,HUL,0.006125602532827437,0.006144402403263971
2025-01-08,2357.481201171875,2365.3361989267164,2325.0793354331527,2347.662453978323,953351,HUL,0.004257181480907512,0.00426625615092413
2025-01-09,2391.257568359375,2428.8142759463803,2343.1457076596816,2361.457814796113,2425267,HUL,0.014225645348077581,0.01432731135701526
2025-01-10,2397.787353515625,2411.484458748228,2370.049390991343,2391.2577424018345,1651911,HUL,0.0027269692847983677,0.0027306908476321112
2025-01-13,2406.5751953125,2415.903006147045,2365.3855943599074,2373.2405929574184,2595013,HUL,0.0036582799521097916,0.003664979625482845
2025-01-14,2325.0302734375,2423.2668904188554,2321.2501994677364,2420.3212661598373,2052741,HUL,-0.034471596238558756,-0.03388421938106578
2025-01-15,2329.989013671875,2341.6732284736895,2307.5041755449906,2330.8726051486196,1215150,HUL,0.002130492616324706,0.002132763728294851
2025-01-16,2302.496337890625,2336.861954874067,2283.8898589241226,2333.867188879549,2762596,HUL,-0.011869653750818412,-0.011799487302270095
2025-01-17,2311.333251953125,2336.1747320433897,2300.532629280447,2307.4057527994237,1333005,HUL,0.0038306247321277568,0.00383797095225602
2025-01-20,2302.692626953125,2325.079419305078,2293.315675101929,2313.7387179443335,1382273,HUL,-0.003745377822992227,-0.0037383726438835474
2025-01-21,2298.077880859375,2334.2109200503423,2290.173741080801,2310.8422527675875,1842885,HUL,-0.0020060759968457778,-0.002004065171240965
2025-01-22,2300.4833984375,2319.1881603751613,2289.928244871017,2300.0907444235577,2658047,HUL,0.0010462045198208635,0.0010467519826722338
2025-01-23,2279.618408203125,2298.8632479151706,2212.9983546557087,2273.0398957567777,3408925,HUL,-0.009111209949396064,-0.00906982864929462
2025-01-24,2325.177734375,2337.647495987577,2280.895086444603,2290.5666487972244,1688664,HUL,0.019788416873927118,0.019985505472289278
2025-01-27,2349.47900390625,2366.023448998165,2318.353383718259,2322.1336972511494,2477358,HUL,0.010397122101430083,0.010451359985081732
2025-01-28,2345.551513671875,2363.3724438998315,2336.321747502455,2357.48119559763,1892156,HUL,-0.0016730417984633758,-0.0016716430442005326
2025-01-29,2340.740234375,2352.5718729143537,2321.151881289454,2341.9184361178313,699576,HUL,-0.0020533424916744994,-0.002051235826129094
2025-01-30,2365.0908203125,2381.0462851096263,2340.7894200830306,2340.7894200830306,1419960,HUL,0.010349204208709148,0.010402942445256746
2025-01-31,2424.052490234375,2434.0675649870627,2357.9722699945264,2357.9722699945264,2116148,HUL,0.024624299329701175,0.024929981299443016
2025-02-01,2460.627197265625,2554.838028984739,2391.0121355827387,2430.139939176491,2970999,HUL,0.01497555332626866,0.01508824878116144
2025-02-03,2397.68896484375,2474.3243359703793,2372.7003007430244,2459.5962149229367,2528480,HUL,-0.025910933563402083,-0.025578125972034793
2025-02-04,2393.859619140625,2405.5929736608914,2359.297678237658,2405.5929736608914,1992474,HUL,-0.001598375327422629,-0.0015970986058962966
2025-02-05,2347.711669921875,2408.538762766955,2343.735029239593,2408.538762766955,1357416,HUL,-0.01946587052897639,-0.019277633846932374
2025-02-06,2329.694091796875,2365.2870502684787,2317.518941198998,2356.499319499281,1132113,HUL,-0.007704128382321959,-0.007674527649981666
2025-02-07,2321.004638671875,2338.7764271667124,2293.757615357239,2336.8618194174337,855602,HUL,-0.0037368420274948165,-0.0037298687220767013
2025-02-10,2318.648193359375,2354.535765162653,2309.418666146116,2327.9268622556306,1326354,HUL,-0.0010157852755061862,-0.0010152695402834144
2025-02-11,2273.28564453125,2334.849146922713,2254.9246336026426,2328.025164964299,1389260,HUL,-0.0197581350925698,-0.019564222359409134
2025-02-12,2290.22265625,2297.4884328852386,2263.3193863135825,2283.5458605845,1341909,HUL,0.007422837154822346,0.0074504547017637535
2025-02-13,2279.42236328125,2303.0856420040236,2271.4201794945166,2287.8665825033304,1334967,HUL,-0.004726981213220031,-0.00471582662029657
2025-02-14,2276.329345703125,2323.1155800749834,2271.4688740822953,2279.9130925334366,1135380,HUL,-0.0013578518984068435,-0.0013569304346354727
2025-02-17,2287.178955078125,2293.659424337889,2258.311933209394,2276.3294308235972,1409168,HUL,0.004754951279571949,0.004766273999621484
2025-02-18,2254.384521484375,2296.1633418095184,2246.5295231516766,2287.17904363718,1035705,HUL,-0.014442164585969818,-0.01433837676799965
2025-02-19,2209.61083984375,2263.9085614208143,2207.254436331737,2257.084579856575,1521343,HUL,-0.0200605867696478,-0.019860711965474342
2025-02-20,2207.303466796875,2213.5873689893037,2186.1440190733874,2209.61072851207,2206196,HUL,-0.001044789686454709,-0.0010442440837401534
2025-02-21,2201.01953125,2212.703985102254,2186.045940674385,2207.3036737471143,1781509,HUL,-0.00285094345669044,-0.0028468833766631674
2025-02-24,2200.822998046875,2210.1999493735907,2178.5836319813607,2189.5805806766357,1627949,HUL,-8.929588096232394e-05,-8.929189420381345e-05
2025-02-25,2218.349609375,2228.4629669638985,2197.3864881550335,2202.345003448744,1988040,HUL,0.007932119779301134,0.007963662386152315
2025-02-27,2204.259521484375,2228.5117782094676,2192.6244503210396,2228.5117782094676,1699658,HUL,-0.0063718656322257735,-0.00635160834481574
2025-02-28,2150.55126953125,2208.8256344948168,2146.2311163198974,2204.3580562349134,3683249,HUL,-0.024667420871713787,-0.02436566630636905
2025-03-03,2137.39404296875,2159.1424717525438,2119.376546283704,2159.1424717525438,1306470,HUL,-0.006136863647529517,-0.00611807156095745
2025-03-04,2118.24755859375,2140.4869254884225,2097.284437084069,2140.437783808497,1800330,HUL,-0.008998226521536307,-0.00895786363678941
2025-03-05,2131.110107421875,2152.171273896323,2111.030815745448,2112.99456534149,1145673,HUL,0.0060538976113923065,0.006072259484469322
2025-03-06,2178.73095703125,2189.3843940941274,2124.5315180663188,2135.5776091481193,1856868,HUL,0.022099556346441538,0.02234556039292812
2025-03-07,2164.592041015625,2186.340470972133,2149.5201676266793,2186.340470972133,1738356,HUL,-0.006510667507917168,-0.006489519034002633
2025-03-10,2207.009033203125,2226.0573080183467,2154.871386582588,2167.979510760761,1242387,HUL,0.019406310256967534,0.01959583671369214
2025-03-11,2176.76708984375,2221.44238913751,2171.170451941259,2199.399349846657,1325891,HUL,-0.01379743046630011,-0.013702682184079551
2025-03-12,2153.153076171875,2189.5315841563634,2145.39636141498,2177.160105947309,1526212,HUL,-0.010907474911866064,-0.01084820410141818
2025-03-13,2135.38134765625,2169.894150742321,2125.2188476629813,2145.3964226012604,1845629,HUL,-0.008288066966720303,-0.008253815630805739
2025-03-17,2131.8955078125,2155.656828338742,2117.412855542962,2121.8312918285837,1111886,HUL,-0.001633754142122712,-0.0016324202923173603
2025-03-18,2131.8955078125,2131.8955078125,2131.8955078125,2131.8955078125,0,HUL,0.0,0.0
2025-03-19,2160.173583984375,2172.7416286827006,2153.6931147712576,2166.9975655294597,1341405,HUL,0.013177087665351864,0.013264288079902542
2025-03-20,2201.755859375,2208.1380452959766,2148.783764173998,2163.9536812276774,1426689,HUL,0.019066578512398156,0.019249506474348976
2025-03-21,2205.487060546875,2214.32393347734,2185.45691112403,2204.308858765917,2152415,HUL,0.0016932137080289242,0.0016946480037682843
2025-03-24,2215.3056640625,2224.9280841258274,2200.3812164721885,2209.4635575040347,1454404,HUL,0.004442017652457281,0.004451898037066915
2025-03-25,2230.13232421875,2250.4570850278583,2202.6889709722714,2209.9547487462705,2229340,HUL,0.0066705306305134115,0.006692828171197096
2025-03-26,2205.241455078125,2238.576053510754,2197.239272084734,2230.8193391946506,1416907,HUL,-0.01122391558573426,-0.011161162443284467
2025-03-27,2203.965087890625,2219.920552767721,2160.124475668381,2203.5232921909783,3752627,HUL,-0.000578955515335287,-0.0005787879529295381
2025-03-28,2217.90771484375,2254.3842632873084,2199.6938916027498,2206.2724040098356,2280152,HUL,0.00630622986303901,0.006326155994816229
2025-04-01,2193.361083984375,2243.240131281449,2179.7620223282347,2218.0551389367038,2495962,HUL,-0.011129171826652498,-0.011067471696451614
2025-04-02,2197.33740234375,2203.0323238244255,2150.3548394880845,2203.0323238244255,1351493,HUL,0.0018112468705473418,0.0018128881689429832
2025-04-03,2203.866943359375,2212.0654534146915,2180.3510918370066,2185.1130403837997,1310088,HUL,0.0029671632095595647,0.002971569595393131
2025-04-04,2203.866943359375,2225.959124485599,2181.7256205542135,2189.580618287982,1120226,HUL,0.0,0.0
2025-04-07,2208.62890625,2220.6079696442002,2111.0306546602815,2111.0306546602815,3435185,HUL,0.0021583996457492575,0.0021607306670548
2025-04-08,2247.7568359375,2264.399565484465,2211.525752509045,2227.186607277835,2774874,HUL,0.017560838526356377,0.017715936605183114
2025-04-09,2307.405517578125,2311.480201648499,2248.0020989340924,2252.3713933540657,2989089,HUL,0.02619098364780523,0.026536981530631776
2025-04-11,2323.2626953125,2351.442690608515,2301.8580189031986,2351.1972219367067,3836083,HUL,0.006848791141274036,0.006872297744619615
2025-04-15,2318.697265625,2356.4994442091893,2302.692658956642,2356.4994442091893,3042779,HUL,-0.001967027375489651,-0.0019650940449874588
2025-04-16,2323.704833984375,2332.934360568433,2308.3874922964587,2308.3874922964587,1131979,HUL,0.0021573186441166026,0.0021596473302543107
2025-04-17,2331.95263671875,2336.7637273251385,2300.6309266633484,2314.377173785059,1962402,HUL,0.0035431349555747928,0.0035494192781071465
2025-04-21,2308.387451171875,2329.3994741521456,2306.2273747455256,2325.177604656988,1478430,HUL,-0.01015675044561594,-0.010105344840979802
2025-04-22,2355.22314453125,2362.390878848253,2312.4135450863487,2327.0433844016457,2352346,HUL,0.020086268814538396,0.020289355383386054
2025-04-23,2379.8681640625,2393.810738138083,2350.0190266157124,2366.3182440167266,2226066,HUL,0.0104096164020655,0.010463984947020721
2025-04-24,2283.1533203125,2442.3150676159876,2275.1019956011355,2379.867979637484,7065430,HUL,-0.04148757021925317,-0.04063874008252
2025-04-25,2289.92822265625,2299.4523596993467,2252.8133095091957,2289.633612290894,2859858,HUL,0.0029629505778720686,0.0029673444544768834
2025-04-28,2276.574951171875,2306.4238484715047,2273.0401060926065,2302.496349368105,1555660,HUL,-0.005848374143953762,-0.005831305694326772
2025-04-29,2279.618408203125,2290.22270274414,2270.6834923989963,2285.8042666616752,1896387,HUL,0.0013359650233684016,0.0013368578221786276
2025-04-30,2299.64892578125,2309.8603271969996,2274.0218991661004,2277.949398128391,2083807,HUL,0.008748406183508809,0.008786785326020397
2025-05-02,2276.574951171875,2302.496349368105,2268.130732213357,2291.794010197549,1424284,HUL,-0.01008437120687706,-0.010033694426437756
2025-05-05,2306.031005859375,2312.2166246689503,2277.0657023405943,2281.9750758183536,2074103,HUL,0.01285576837633862,0.012938759021457802
2025-05-06,2338.629150390625,2346.778758141565,2297.7830679976596,2297.7830679976596,1888125,HUL,0.014037057046838235,0.014136039128884947
2025-05-07,2327.828857421875,2343.636898100996,2312.609797801949,2326.061434813229,1610400,HUL,-0.004628912222216481,-0.004618215319408758
2025-05-08,2312.216796875,2328.9086679425363,2298.5688334765755,2318.8935932451186,2323073,HUL,-0.00672929562506805,-0.006706704617523207
2025-05-09,2290.615478515625,2300.2378988832365,2260.57025538677,2287.768137663965,1805685,HUL,-0.00938616732335076,-0.009342254752482404
2025-05-12,2339.316650390625,2343.7350868761478,2303.5765044828277,2317.2244679630116,1274873,HUL,0.021038307607746953,0.021261172960622687
2025-05-13,2317.224365234375,2354.5356050135724,2310.1549151140503,2332.541706924671,1929665,HUL,-0.009488781841324503,-0.009443905403982433
2025-05-14,2307.896484375,2327.0430410418,2296.1139879646616,2327.0430410418,1568111,HUL,-0.004033578282400848,-0.004025454332054479
2025-05-15,2312.51123046875,2326.9447405218516,2297.586783068839,2308.976625401022,3236681,HUL,0.001997549962271297,0.0019995463943001113
2025-05-16,2338.236328125,2343.734922362786,2306.4236835484644,2317.224305310505,1473000,HUL,0.011062892449438422,0.011124312529732228
2025-05-19,2339.512939453125,2361.408794513757,2331.95255175475,2331.95255175475,936655,HUL,0.0005458229104613915,0.0005459718988920503
2025-05-20,2298.667236328125,2351.19753918304,2296.1142659106454,2351.19753918304,1617408,HUL,-0.017613269655657855,-0.017459062711808637
2025-05-21,2321.053466796875,2332.6396359970754,2302.496131178057,2303.478005860862,1570754,HUL,0.009691670614941939,0.009738786943563671
2025-05-22,2288.45556640625,2320.268454005645,2271.174713619723,2312.3151721769136,2423653,HUL,-0.014143998241661893,-0.01404444182650011
2025-05-23,2316.438720703125,2321.642704503221,2287.3753737084476,2294.5428671730415,844118,HUL,0.012153807237400742,0.012227964880620057
2025-05-26,2350.706298828125,2353.8482499032,2321.250058032729,2325.07927344993,892618,HUL,0.014684863565481383,0.014793215904540968
2025-05-27,2337.058349609375,2365.8273291751543,2317.5191369873537,2350.706553150472,1865258,HUL,-0.005822812706516091,-0.005805892988653527
2025-05-28,2319.188232421875,2344.7169767245714,2309.3694846131457,2344.7169767245714,897517,HUL,-0.007675798354621084,-0.007646414643642463
2025-05-29,2323.802978515625,2332.9344618523432,2312.8060289954524,2326.0613384377953,1111275,HUL,0.0019878338785005376,0.0019898109300644506
2025-05-30,2305.736572265625,2331.854297340192,2301.0235254225727,2317.2244591411445,3288892,HUL,-0.0078048789790176815,-0.007774499997215911
2025-06-02,2328.6142578125,2340.789408851528,2301.121764755519,2305.343634416857,1178205,HUL,0.00987317198354939,0.00992207254812083
2025-06-03,2309.6640625,2336.3710082209473,2300.139925202615,2322.2321074614806,1643913,HUL,-0.008171265044947041,-0.008137971005254374
2025-06-04,2321.642822265625,2324.686729845221,2299.6489239802295,2316.733448566607,3287896,HUL,0.005172961661074172,0.005186364528120713
2025-06-05,2333.3271484375,2336.861993557662,2306.3255917892498,2321.642934355921,1787978,HUL,0.005020161584051579,0.005032783708078137
2025-06-06,2346.484375,2353.0628880206928,2327.1414899600004,2330.2834412831876,997488,HUL,0.005622987662505621,0.005638826330594426
2025-06-09,2349.822509765625,2355.517431030935,2335.1926724620143,2350.608057477307,1293622,HUL,0.0014216001678410827,0.0014226111203596847
2025-06-10,2351.786376953125,2356.695750752591,2335.2908330438154,2350.0189544422137,1778782,HUL,0.0008354022416718455,0.0008357512873156114
2025-06-11,2333.3271484375,2359.346830298541,2328.319730852048,2351.7864423801357,1977707,HUL,-0.00787999007201842,-0.007849024340186861
2025-06-12,2290.419189453125,2344.7169112625684,2281.9752104026784,2343.6367531475557,3339584,HUL,-0.018560356736965624,-0.018389174022643173
2025-06-13,2276.967529296875,2282.760494395082,2260.2756586638234,2263.221282893185,1740682,HUL,-0.005890326297169541,-0.005873012336864769
2025-06-16,2285.215087890625,2294.248526930686,2271.1744714100378,2277.94931097458,1105297,HUL,0.003615623604158847,0.0036221678559891224
2025-06-17,2286.3935546875,2290.8119909000766,2271.1744966219585,2277.949336261707,1119284,HUL,0.0005155589268959641,0.0005156918502418062
2025-06-18,2255.660888671875,2289.1426734843863,2244.0747187940665,2285.5097848886408,2056563,HUL,-0.013532702178652614,-0.013441546820589068
2025-06-19,2252.616943359375,2265.9705354890243,2248.7877278228257,2258.410148058999,1214549,HUL,-0.0013503807389299244,-0.0013494693851309192
2025-06-20,2264.399658203125,2271.0764549112105,2250.849737766385,2253.402708180384,2685864,HUL,0.005217045943288798,0.005230678424258839
2025-06-23,2257.35498046875,2268.169866753373,2241.082750343553,2265.590049100476,842856,HUL,-0.003115906986099503,-0.003111057585993948
2025-06-24,2245.44873046875,2283.053027199062,2242.6705210148793,2277.099825042089,2440747,HUL,-0.005288384088153922,-0.005274425202511868
2025-06-25,2260.9267578125,2272.6347697099336,2253.683647230803,2261.2244663474958,1047270,HUL,0.006869417894660192,0.006893066465391451
2025-06-26,2263.010498046875,2273.130892683563,2253.8823037125367,2271.0471751540676,1874722,HUL,0.0009212065790856249,0.0009216310201889399
2025-06-27,2288.90673828125,2292.4787561982344,2261.5221557844948,2263.0104562105053,1050745,HUL,0.01137829107095958,0.011443270040826237
2025-06-30,2276.702880859375,2298.928070446473,2270.1542620550413,2291.8833514974594,1403754,HUL,-0.005346005245821609,-0.005331740790382233
2025-07-01,2277.595703125,2284.6404218850275,2268.7652176811503,2282.060604307341,759914,HUL,0.00039207893843518164,0.0003921558114285961
2025-07-02,2289.10546875,2290.9905524746237,2269.7575623951902,2277.099747912196,1128034,HUL,0.005040745852589941,0.005053471785711583
2025-07-03,2295.356201171875,2308.750905945756,2286.029614742405,2291.9828168641297,1060039,HUL,0.0027269226990428584,0.0027306441346663934
2025-07-04,2321.05419921875,2323.1376744970185,2292.2803906553454,2299.920284481797,1242346,HUL,0.011133439735128365,0.011195647121677643
2025-07-07,2391.599609375,2396.858319639088,2322.7410024796927,2322.7410024796927,2701583,HUL,0.029940956006019852,0.030393693598363747
2025-07-08,2374.03759765625,2399.6364137173014,2367.3899041263103,2386.6384929568344,1471046,HUL,-0.007370301370026343,-0.007343207303558419
2025-07-09,2404.498046875,2420.670959786851,2378.4033734605428,2380.2884570863953,1741690,HUL,0.01274903613369656,0.01283065156542662
2025-07-10,2389.615234375,2415.0156603181044,2378.8996643467794,2404.4982396768783,1053695,HUL,-0.0062088062742752794,-0.006189571465588184
2025-07-11,2499.947998046875,2510.2667843766285,2441.8049629845386,2480.50077507572,7242235,HUL,0.04513756769465073,0.04617176944836987
2025-07-14,2496.971435546875,2512.7473238245966,2470.5788099993074,2480.5008132523167,2427712,HUL,-0.001191359153021721,-0.0011906497664453397
2025-07-15,2507.19091796875,2510.167518959921,2490.422829279717,2501.0393243676117,1700294,HUL,0.004084398509468914,0.004092751032867437
2025-07-16,2497.963623046875,2513.144094156912,2487.9423029182253,2506.5957173853917,1284379,HUL,-0.003687121066855334,-0.0036803319825962078
2025-07-17,2490.224365234375,2505.702544596446,2486.652347254296,2493.3993577519996,807474,HUL,-0.003103036229060814,-0.0030982267880507175
2025-07-18,2470.181884765625,2495.2843577635995,2462.144965698126,2495.2843577635995,771112,HUL,-0.00808102745138977,-0.00804846372421697
2025-07-21,2445.674560546875,2474.150904552474,2436.2486571651175,2471.471769802211,1169960,HUL,-0.009970806726388394,-0.009921263033258465
2025-07-22,2460.359130859375,2465.6178411005535,2433.470647028656,2450.734836023488,861632,HUL,0.005986348683936483,0.006004302677628637
2025-07-23,2431.28759765625,2467.6022267172193,2422.953211758524,2461.6490247227266,1320795,HUL,-0.011886334846587927,-0.011815971432174832
2025-07-24,2418.785888671875,2446.7658880933027,2402.1168755368553,2436.744568380519,693984,HUL,-0.005155277216991505,-0.005142011581199424
2025-07-25,2396.560546875,2409.657784838074,2386.638543712917,2407.1772840475533,769388,HUL,-0.009231111372323767,-0.00918863546416615
2025-07-28,2422.556396484375,2429.204090176368,2393.4848786817606,2396.5605543297306,987995,HUL,0.01078874078695829,0.010847149112619858
2025-07-29,2434.462890625,2438.3323751192297,2410.7491567723273,2425.7314790440246,732282,HUL,0.004902808610393458,0.004914847042530646
2025-07-30,2418.388916015625,2433.768020676373,2379.7924212132107,2422.9531342933756,1224146,HUL,-0.006624572121135819,-0.0066026780162783405
2025-07-31,2501.535400390625,2529.1186177565537,2401.224093298107,2401.224093298107,5505507,HUL,0.033803122227671636,0.034380940064837384
2025-08-01,2533.781982421875,2706.2264515000306,2517.112968113841,2530.110889578397,4259653,HUL,0.012808337757303398,0.01289071584844037
2025-08-04,2523.85986328125,2563.0517752650835,2515.327086013953,2527.1341727297113,1293028,HUL,-0.003923619810339788,-0.003915932471483252
2025-08-05,2514.93017578125,2533.0874906124764,2497.6659866058358,2517.7083852053106,756361,HUL,-0.0035443814007499116,-0.0035381074955527225
2025-08-06,2515.8232421875,2543.1087511382634,2506.893439258159,2518.898917854651,885487,HUL,0.0003550428102643546,0.00035510584542275403
2025-08-07,2497.8642578125,2524.1575657894737,2475.539751039598,2515.922254843745,847151,HUL,-0.007164012988099822,-0.0071384126173287266
2025-08-08,2479.11181640625,2510.16749263262,2467.2054125664436,2496.3760050794067,839794,HUL,-0.0075357123955191885,-0.007507390102403866
2025-08-11,2498.757080078125,2504.8095986608714,2459.168385930271,2470.678006035155,992436,HUL,0.007893082792333757,0.007924315289801198
2025-08-12,2464.42724609375,2516.815472347512,2460.7561532932295,2498.3604491802103,1406211,HUL,-0.013834014306136296,-0.013738764067174447
2025-08-13,2475.63916015625,2481.9891454246754,2454.108219033236,2465.6178398482184,969803,HUL,0.004539183238240481,0.004549500935875361
2025-08-14,2461.252197265625,2489.430589305409,2453.909769595819,2479.4092692334916,1104362,HUL,-0.005828365493958403,-0.005811413521878972
2025-08-18,2548.06982421875,2576.744317534717,2501.6347992367637,2519.1966970429903,3089136,HUL,0.03466589715940938,0.03527376310707897
2025-08-19,2584.4833984375,2594.603793083701,2538.445159023351,2552.13757165593,1400717,HUL,0.014189501248988283,0.01429065007271313
2025-08-20,2648.9765625,2659.096957697686,2568.3106250001715,2578.7287287523454,3156954,HUL,0.024647720449446502,0.024953986588379884
2025-08-21,2627.346435546875,2646.2975584682295,2606.807937462502,2646.2975584682295,2235686,HUL,-0.008198985593498423,-0.008165465583701237
2025-08-22,2609.387451171875,2637.76447641911,2598.5725648830726,2626.3541730605166,1223445,HUL,-0.0068588762266386,-0.006835407821375483
2025-08-25,2611.074462890625,2622.385449660888,2594.8022322765755,2622.385449660888,667598,HUL,0.0006463074744131437,0.0006465163760913661
2025-08-26,2671.5986328125,2683.901819675416,2604.1290122069813,2604.1290122069813,4348648,HUL,0.02291522389393654,0.023179794671527976
2025-08-28,2633.696533203125,2726.5665836002318,2626.1559558246827,2726.5665836002318,3198743,HUL,-0.014288646825223015,-0.014187048587262496
2025-08-29,2639.054443359375,2701.7614547505946,2620.797812241766,2644.0154449288766,1972773,HUL,0.0020323023120919423,0.0020343688381339042
2025-09-01,2628.834716796875,2652.4491325813005,2618.714322099665,2639.054428419475,1096729,HUL,-0.0038800130651448833,-0.0038724955402931194
2025-09-02,2656.120361328125,2671.400149963799,2624.469266767194,2628.338751273143,1525106,HUL,0.01032587281016172,0.010379368606519446
2025-09-03,2643.916015625,2665.9428132100716,2637.5660307805015,2660.0889285014373,1010692,HUL,-0.004605390003351268,-0.004594801455843123
2025-09-04,2645.801513671875,2728.5509248247226,2634.787993044382,2728.5509248247226,2494678,HUL,0.0007128918004734301,0.0007131459682274688
2025-09-05,2612.860107421875,2652.0520182863465,2603.335130123233,2646.793550617698,944879,HUL,-0.012528601196312803,-0.012450445008735156
2025-09-08,2603.434326171875,2623.9730666119685,2598.3742498750744,2609.486845026385,903410,HUL,-0.0036139798583278335,-0.003607457292958749
2025-09-09,2621.393310546875,2625.560503547093,2590.9328084136164,2616.4323088236597,1610956,HUL,0.00687450624225674,0.0068981899003410785
2025-09-10,2622.881591796875,2632.2081780734443,2598.5726835316877,2621.393291290843,1031486,HUL,0.0005675832475101761,0.0005677443533604887
2025-09-11,2601.54931640625,2636.9708204363524,2593.6117136101975,2623.1793324727764,1212707,HUL,-0.008166399104350585,-0.00813314465179904
2025-09-12,2560.372802734375,2608.395199020342,2548.9624996026387,2604.5257148528326,1368380,HUL,-0.015954284523279075,-0.01582768906674259
2025-09-15,2560.868896484375,2573.1720829359647,2548.3670761897,2560.37279634945,752745,HUL,0.00019373963608369747,0.00019375840481905549
2025-09-16,2560.769775390625,2569.7988954313,2552.534706310226,2568.01288636171,1040928,HUL,-3.870678902304484e-05,-3.8706039924951696e-05
2025-09-17,2549.656982421875,2570.8902135171456,2546.4819900088273,2566.8220955202946,970247,HUL,-0.004349073379351896,-0.004339629854876237
2025-09-18,2566.623779296875,2589.5434608386845,2550.847649216938,2550.847649216938,1550153,HUL,0.0066324972622231445,0.0066545409802081235
2025-09-19,2539.635986328125,2584.384074543658,2534.8733764379313,2579.7207815780857,2214708,HUL,-0.010570572396081631,-0.010514900230583546
2025-09-22,2552.1376953125,2567.0207005828506,2540.231291096219,2548.962702635441,1174161,HUL,0.004910561579445523,0.004922638146441782
2025-09-23,2502.527587890625,2555.2135215505277,2498.558786627699,2548.8632941880032,1430474,HUL,-0.019630063591844254,-0.019438648436952977
2025-09-24,2529.61474609375,2555.9080548882134,2490.4228329850216,2502.5276285865116,1882881,HUL,0.010765760594688634,0.010823919917684721
2025-09-25,2518.502197265625,2547.474399043097,2512.0528949895665,2526.142091514596,1624258,HUL,-0.004402658219973223,-0.0043929807277116595
2025-09-26,2492.208740234375,2525.54652468155,2479.905311279923,2515.2277385461766,885612,HUL,-0.01049499709712484,-0.010440116772499675
2025-09-29,2478.4169921875,2497.7648977229896,2423.945293497526,2475.5397082588324,2403556,HUL,-0.005549314787411825,-0.005533945782397853
2025-09-30,2494.788330078125,2506.5956589551924,2472.1663570938695,2478.4170251763394,1678088,HUL,0.006583841191757231,0.006605562317491653
2025-10-01,2516.41845703125,2530.110870187784,2478.4171355140884,2495.780641485965,1483899,HUL,0.008632755423199825,0.008670125113358962
2025-10-03,2525.050537109375,2528.721872140129,2488.7361501691885,2516.4184426371576,1242611,HUL,0.0034244338400867425,0.0034303039122947077
2025-10-06,2521.974853515625,2529.714064556161,2500.5432294397424,2515.4262344267695,818923,HUL,-0.0012188105810630203,-0.0012180681331118715
2025-10-07,2497.566650390625,2539.4374563414676,2488.736164248618,2520.188866616989,1291750,HUL,-0.009725348615173773,-0.009678210348122662
2025-10-08,2480.60009765625,2505.305788537764,2466.7092932841597,2491.414984165673,1225128,HUL,-0.006816412260490169,-0.006793233218309269
2025-10-09,2497.963623046875,2503.3214078814285,2478.814108419605,2481.493000836882,1259173,HUL,0.0069753433990708,0.006999727770320874
2025-10-10,2509.17529296875,2515.12849489021,2486.9501026898624,2490.422803810714,1018875,HUL,0.004478281448719254,0.00448832393651899
2025-10-13,2473.35693359375,2511.854353327809,2466.0145060992772,2499.5509243788547,1114750,HUL,-0.014377820264955566,-0.014274952999645207
2025-10-14,2482.782958984375,2489.6290444351353,2462.9389521863327,2473.555447376003,1461017,HUL,0.0038037815558737567,0.0038110251143288476
2025-10-15,2499.3525390625,2512.0527512652384,2483.0805511453786,2483.0805511453786,881070,HUL,0.0066516220511152685,0.006673793219888591
2025-10-16,2541.52099609375,2548.466397996017,2487.545398204978,2498.1618926654496,1446646,HUL,0.01673100521370672,0.01687175233273308
2025-10-17,2583.391845703125,2594.603757423401,2540.0327414928897,2545.4898430859407,2050690,HUL,0.016340485219619328,0.01647472111138537
2025-10-20,2574.164306640625,2604.228023538072,2565.4331379755677,2588.6505276068815,1011485,HUL,-0.0035782640598371117,-0.0035718697021699386
2025-10-21,2571.485595703125,2586.3686009360827,2564.9372187424715,2573.7677049527942,82020,HUL,-0.001041155628663353,-0.0010406138141958454
2025-10-23,2581.308349609375,2646.396542743126,2575.8512480603545,2580.7129325458322,3386744,HUL,0.003812597945521571,0.003819875142471618
2025-10-24,2496.772705078125,2563.845541367595,2455.1996099512826,2563.845541367595,3110800,HUL,-0.033297402694240176,-0.03274914620101188
2025-10-27,2492.208740234375,2505.3057356327795,2486.453930097325,2496.7727162326983,2127832,HUL,-0.0018296183968354376,-0.0018279456654053394
2025-10-28,2477.62353515625,2506.298027731777,2462.541896386315,2499.3526254379835,2294976,HUL,-0.0058695127493338314,-0.005852320811920997
2025-10-29,2468.693603515625,2493.994710552656,2464.6254854896224,2493.002510276694,1870143,HUL,-0.003610743546054244,-0.0036042326503255007
2025-10-30,2450.337890625,2477.5240812054235,2435.752352825584,2471.5708795685664,1195631,HUL,-0.007463175672677931,-0.007435395329936867
2025-10-31,2446.269775390625,2460.160579225737,2433.7679550444664,2449.742476349403,1401937,HUL,-0.001661605931221531,-0.0016602262283661462
2025-11-03,2440.812744140625,2455.5964317532575,2421.2664466287306,2436.943259855451,1049185,HUL,-0.0022332479536501327,-0.0022307561107517415
2025-11-04,2426.624267578125,2444.0870900572017,2422.2586830765586,2440.812780562824,1251588,HUL,-0.005829974467270707,-0.005813013143495138
2025-11-06,2417.0,2444.682292267998,2413.6266157779787,2444.682292267998,1329256,HUL,-0.003973999514627545,-0.003966113628184553
2025-11-07,2414.0,2425.0,2400.60009765625,2417.0,817896,HUL,-0.001241979046006231,-0.0012412081092263438
2025-11-10,2408.800048828125,2429.300048828125,2404.0,2405.0,780558,HUL,-0.002156404219226903,-0.0021540808499896924
2025-11-11,2427.5,2433.699951171875,2403.10009765625,2422.199951171875,1422399,HUL,0.007733202727230108,0.007763181166063449
2025-11-12,2424.5,2434.800048828125,2416.199951171875,2430.60009765625,1680827,HUL,-0.001236603620072993,-0.0012358393408856694
2025-11-13,2407.60009765625,2431.0,2405.0,2429.0,1256059,HUL,-0.006994876310133141,-0.006970469104454535
2025-11-14,2427.699951171875,2430.199951171875,2392.0,2405.10009765625,975973,HUL,0.008313845712871776,0.008348501703082656
2025-11-17,2425.0,2438.39990234375,2416.0,2431.39990234375,920038,HUL,-0.001112762576562018,-0.0011121436858668732
2025-11-18,2404.0,2422.89990234375,2401.89990234375,2415.800048828125,1229034,HUL,-0.00869750771648532,-0.008659793814432937
2025-11-19,2441.60009765625,2450.699951171875,2411.0,2412.0,1465143,HUL,0.015519585431864697,0.015640639624064034
2025-11-20,2428.39990234375,2459.0,2425.0,2445.10009765625,1396929,HUL,-0.005421038044920474,-0.0054063707341637235
2025-11-21,2433.699951171875,2443.199951171875,2413.0,2436.199951171875,1840712,HUL,0.002180148942673473,0.0021825271953805903
2025-11-24,2424.199951171875,2444.89990234375,2413.0,2441.89990234375,4092327,HUL,-0.003911160090258632,-0.003903521465505877
2025-11-25,2414.10009765625,2424.199951171875,2406.0,2422.0,1240672,HUL,-0.004174965621815302,-0.004166262568705448
2025-11-26,2425.199951171875,2427.699951171875,2409.0,2412.0,1242683,HUL,0.004587387791284603,0.004597925962722682
2025-11-27,2451.699951171875,2459.699951171875,2425.0,2426.10009765625,1872248,HUL,0.010867666488112318,0.010926934081123996
2025-11-28,2466.60009765625,2470.0,2447.199951171875,2450.0,973225,HUL,0.0060590821712896495,0.006077475539881139
2025-12-01,2464.5,2488.0,2458.800048828125,2466.60009765625,1924828,HUL,-0.0008517765778961393,-0.0008514139192021819
2025-12-02,2477.800048828125,2484.39990234375,2460.0,2471.0,2179406,HUL,0.0053821422424473395,0.005396651989501011
2025-12-03,2448.0,2484.89990234375,2403.10009765625,2478.199951171875,3535932,HUL,-0.01209972475566295,-0.01202681743517553
2025-12-04,2462.199951171875,2483.0,2423.199951171875,2440.0,2587753,HUL,0.005783874750201591,0.005800633648641806
2025-12-05,2338.60009765625,2422.0,2286.699951171875,2422.0,4008271,HUL,-0.05150273791777712,-0.05019895051853851
2025-12-08,2314.0,2355.10009765625,2302.0,2350.10009765625,1898154,HUL,-0.010574872711019236,-0.010519155318989504
2025-12-09,2306.5,2330.39990234375,2298.10009765625,2318.0,1471488,HUL,-0.003246404755746681,-0.003241140881590332
2025-12-10,2301.699951171875,2316.89990234375,2295.0,2306.5,2857290,HUL,-0.0020832648821668266,-0.002081096391990056
2025-12-11,2305.60009765625,2313.0,2292.0,2296.300048828125,1108032,HUL,0.0016930294856594631,0.0016944634692237504
2025-12-12,2260.60009765625,2309.0,2244.699951171875,2306.89990234375,3203114,HUL,-0.019710680645476913,-0.019517695217719955
2025-12-15,2293.5,2299.0,2252.0,2260.60009765625,1274115,HUL,0.014448727081335587,0.0145536144928331
2025-12-16,2281.10009765625,2302.699951171875,2276.0,2293.39990234375,1256042,HUL,-0.005421209481900545,-0.0054065412442773075
2025-12-17,2275.60009765625,2286.199951171875,2268.300048828125,2281.199951171875,808100,HUL,-0.0024140287643287005,-0.002411117340116342
2025-12-18,2265.5,2278.300048828125,2255.300048828125,2270.0,1057295,HUL,-0.004448311683804621,-0.004438432599230713
2025-12-19,2280.0,2284.800048828125,2263.699951171875,2263.699951171875,1237214,HUL,0.006379957841293504,0.0064003531229308575
2025-12-22,2289.5,2295.0,2280.0,2280.0,790773,HUL,0.004158010148663677,0.004166666666666652
2025-12-23,2302.60009765625,2310.0,2280.699951171875,2289.300048828125,1128801,HUL,0.005705508553708897,0.005721815966914123
2025-12-24,2282.199951171875,2305.0,2278.10009765625,2302.60009765625,519380,HUL,-0.008899093045479867,-0.008859613315025827
2025-12-26,2285.39990234375,2290.0,2275.0,2282.300048828125,533626,HUL,0.0014011523767483243,0.0014021344493639898
2025-12-29,2293.300048828125,2298.699951171875,2280.0,2288.89990234375,1086695,HUL,0.0034508285794415433,0.0034567895431663054
2025-12-30,2290.199951171875,2298.0,2283.0,2293.300048828125,1556717,HUL,-0.0013527209027935669,-0.0013518063882805853
