Date,Close,High,Low,Open,Volume,Ticker,Log_Return,Return
2020-01-01,675.32421875,683.1529137163456,673.490123328754,679.0819971118469,14004468,RELIANCE,,
2020-01-02,686.8212280273438,689.3487905881979,676.397899264457,676.397899264457,17710316,RELIANCE,0.016881137518995917,0.017024429093664528
2020-01-03,687.6488037109375,689.6618949086101,681.3187290426969,685.7922517653002,20984698,RELIANCE,0.0012042107350341844,0.0012049360879113902
2020-01-06,671.70068359375,683.5107670428088,670.13493269889,679.9767186772816,24519177,RELIANCE,-0.02346541790271265,-0.023192245854457227
2020-01-07,682.0344848632812,686.4632732386915,677.0688284082713,679.5292597584985,16683622,RELIANCE,0.015267390901553206,0.015384532905702963
2020-01-08,676.912353515625,686.440941615489,675.5032015883575,677.7399630034671,16047902,RELIANCE,-0.007538419398879119,-0.007510076779597141
2020-01-09,692.5025634765625,693.3972440896104,685.0094043047601,688.2974451452224,14982742,RELIANCE,0.02277013834393875,0.023031356836624273
2020-01-10,692.3460083007812,696.9537331994524,688.7671661721967,694.247234586273,12478359,RELIANCE,-0.00022609717717687476,-0.00022607161913634766
2020-01-13,690.5789184570312,697.2892020163699,688.2079551828986,691.1828577141231,18282382,RELIANCE,-0.002555584574837692,-0.0025523218485609123
2020-01-14,684.1819458007812,693.3973970480666,680.80443615396,688.9238735459851,15816535,RELIANCE,-0.009306373190992936,-0.009263202923342706
2020-01-15,681.698974609375,688.8789956511123,679.19380913835,687.067237525864,15817859,RELIANCE,-0.0036357106822078175,-0.0036291094885587682
2020-01-16,687.9843139648438,690.4224084594933,683.55552505049,684.0029251254354,12847975,RELIANCE,0.009177864003092005,0.009220109739889848
2020-01-17,707.2651977539062,709.0322217924195,694.8287791271389,694.9629812164561,29463471,RELIANCE,0.027639660264438565,0.028025179350306795
2020-01-20,685.50146484375,719.7910841112327,682.8397004859988,719.7910841112327,32545850,RELIANCE,-0.031255062569831134,-0.030771672322167598
2020-01-21,686.1949462890625,691.5408127343894,680.8714169985212,683.8239827310947,18922720,RELIANCE,0.0010111297204947257,0.0010116410844878132
2020-01-22,685.9489135742188,691.9434536836012,684.9423678831845,690.71323780845,10322817,RELIANCE,-0.00035861067440112456,-0.00035854638127885696
2020-01-23,683.0410766601562,689.7960947547332,680.2898440689846,687.3580003916201,11247739,RELIANCE,-0.004248155659145096,-0.004239145009955481
2020-01-24,680.670166015625,687.2909825261135,679.3280852091012,683.1082008428737,14628445,RELIANCE,-0.0034771481808447387,-0.003471109901800107
2020-01-27,673.9598388671875,681.9674704241261,673.2664314282462,677.6952802850295,13387750,RELIANCE,-0.009907328217927,-0.009858412316962717
2020-01-28,658.391845703125,675.503119208189,654.7459328053808,674.876783086334,24532236,RELIANCE,-0.02337025861990214,-0.023099289106350396
2020-01-29,662.0155029296875,668.5244541677285,654.9472866809749,659.4208095162297,24746565,RELIANCE,0.005488709718984369,0.005503800282782523
2020-01-30,645.8660278320312,661.9483606637074,644.1884717288344,661.6352224321117,22402689,RELIANCE,-0.024696878967620906,-0.024394406212827735
2020-01-31,631.506103515625,650.1160022926447,629.5154088076667,650.0041373264569,34750310,RELIANCE,-0.02248448816625643,-0.022233595974397335
2020-02-03,619.8076782226562,626.2719547408867,609.7646194987522,612.8289902103342,30712290,RELIANCE,-0.018698373348509892,-0.01852464327398118
2020-02-04,638.1044311523438,640.8332667548419,625.310139999637,626.2942886767648,25383901,RELIANCE,0.029092721638384847,0.02952004883539816
2020-02-05,647.9909057617188,649.9145288544571,639.849132797698,641.9068982608502,18472100,RELIANCE,0.015374706793865522,0.015493505650040929
2020-02-06,652.1513671875,656.267018049872,644.2332634474068,650.496207815146,15538577,RELIANCE,0.006400031309672908,0.006420555271359207
2020-02-07,641.3478393554688,649.7133433335028,638.9544787429636,649.1094039600182,12209212,RELIANCE,-0.016704732405750378,-0.016565982033623694
2020-02-10,642.2201538085938,646.6489428047836,630.9692153123326,638.8202476362594,15142476,RELIANCE,0.001359202772375006,0.001360126907111292
2020-02-11,649.8922729492188,655.9091502920886,646.4476326193693,647.4989123607826,13999816,RELIANCE,0.011875451618264537,0.011946244749758472
2020-02-12,657.7432250976562,659.778713137917,650.8987390375679,651.4132102672503,13533565,RELIANCE,0.012008004519747659,0.012080390051123047
2020-02-13,659.4655151367188,661.0760000110254,654.2985851368666,661.0760000110254,13565659,RELIANCE,0.002615061634426732,0.002618483890589385
2020-02-14,665.4824829101562,671.6782959370149,650.0487633667867,660.8523610746443,21227841,RELIANCE,0.009082634406813792,0.009124006692283304
2020-02-17,661.2997436523438,673.7808982963232,659.5327193324579,666.108801931165,13149130,RELIANCE,-0.006305108752468604,-0.006285273264476254
2020-02-18,656.4458618164062,660.248373884015,651.9723392868693,660.248373884015,11127161,RELIANCE,-0.007366981560677505,-0.0073399118667877294
2020-02-19,672.7295532226562,673.9150349477495,659.8905275306022,661.7917537765035,14084409,RELIANCE,0.024503170835853273,0.02480584059314883
2020-02-20,664.744384765625,674.6085086758875,663.7825731086709,669.6876451612479,16892268,RELIANCE,-0.011940813363344623,-0.011869804765940462
2020-02-24,646.4028930664062,660.7405401434429,643.9871953423907,657.4972328720769,21370214,RELIANCE,-0.027979600093837268,-0.027591796364982546
2020-02-25,633.6309814453125,649.2883120922913,630.7678836964259,649.2883120922913,27745062,RELIANCE,-0.01995624606862776,-0.01975843820949863
2020-02-26,622.7155151367188,631.8191601622372,620.6353526146177,630.7678804610105,29362748,RELIANCE,-0.01737695931059882,-0.0172268506879123
2020-02-27,620.1431884765625,623.5206972699094,612.4262996742075,620.9260041253467,25054993,RELIANCE,-0.004139376947074086,-0.004130821535081708
2020-02-28,594.3756713867188,607.0581581658521,592.7428492925397,606.1186837322065,39315769,RELIANCE,-0.042438837663655034,-0.04155091528642596
2020-03-02,588.78369140625,612.4262510838603,582.0510115058373,606.2080423411206,29500495,RELIANCE,-0.009452693854784488,-0.009408157583943977
2020-03-03,600.7281494140625,605.6714099989539,591.4008335900859,594.8454740172322,27398798,RELIANCE,0.02008363276529516,0.020286665853947783
2020-03-04,599.3189086914062,605.6265863851147,585.0930684252744,604.8213738082619,22105261,RELIANCE,-0.0023486435151581653,-0.002345887609946029
2020-03-05,586.5469970703125,607.4831207123542,584.2431048990697,604.9108243565992,30510390,RELIANCE,-0.02154106197156692,-0.02131071026772846
2020-03-06,568.5857543945312,576.2579099445863,555.2099199542964,568.1384140570675,33734039,RELIANCE,-0.031100651213324868,-0.030622000906140756
2020-03-09,498.4184875488281,555.1652260313806,489.8516805673975,554.7402228175777,88187018,RELIANCE,-0.13171208449394328,-0.12340665643377224
2020-03-11,516.0441284179688,527.1832005807552,495.6671803789598,495.6671803789598,59578576,RELIANCE,0.03475222143168687,0.03536313621876608
2020-03-12,475.53631591796875,492.5357258130127,469.1391701914128,485.37810154536595,55970485,RELIANCE,-0.0817490287754138,-0.07849679953569932
2020-03-13,494.4593811035156,509.98250923399024,421.58557799627334,446.45838815033005,73297403,RELIANCE,0.03902175310181916,0.039793102129367375
2020-03-16,454.37652587890625,483.0071128058158,449.5898351157526,474.44030673011787,38482258,RELIANCE,-0.08453879986612586,-0.08106399990865576
2020-03-17,450.9319152832031,474.19426900063905,448.78462201274766,468.49050072051966,45445979,RELIANCE,-0.007609842263915436,-0.0075809607220359565
2020-03-18,433.261474609375,463.4130789981454,429.90633253193516,458.6711221665263,44730415,RELIANCE,-0.03997495100510049,-0.03918649373648875
2020-03-19,410.5359191894531,432.59042415452996,399.12841250234374,411.6095658236809,61404010,RELIANCE,-0.05387798707102642,-0.05245228747931274
2020-03-20,455.3830871582031,462.9657149231966,416.03836966442924,420.2882223245293,63360475,RELIANCE,0.10367558837327015,0.10924054600945654
2020-03-23,395.4825134277344,424.98544483853334,391.72473514239124,409.86489349215907,40670949,RELIANCE,-0.14103244211436372,-0.13153886347487231
2020-03-24,422.03289794921875,433.93247910305325,400.7389011910396,416.0383584084689,45734887,RELIANCE,0.06497669582921659,0.06713415541781176
2020-03-25,484.1479187011719,515.1494727896879,430.9129207991729,431.1589580061235,73130298,RELIANCE,0.13730720895326262,0.14718051851831504
2020-03-26,476.96783447265625,499.648645569476,466.2984692637249,490.2094960975014,45744488,RELIANCE,-0.014941421533139017,-0.014830352359621268
2020-03-27,476.6994934082031,495.3541246634772,468.0208511900452,489.85168871111483,41657940,RELIANCE,-0.0005627561387286694,-0.0005625978211922789
2020-03-30,460.9750061035156,480.815118140311,456.30017996614265,465.51565999753865,30229866,RELIANCE,-0.03354247467286041,-0.032986163237271215
2020-03-31,498.239501953125,505.4194933506304,468.8260394087323,480.43484934010263,44292810,RELIANCE,0.07773706420107186,0.08083843018864534
2020-04-01,483.3426513671875,503.093264271414,467.5734569491014,502.0419846435416,41597459,RELIANCE,-0.030355063781336736,-0.02989897534727992
2020-04-03,482.0006103515625,507.49975757793965,472.53909292167856,507.49975757793965,41367807,RELIANCE,-0.0027804449120642618,-0.0027765830551657045
2020-04-07,539.5526733398438,543.0867222762461,492.0884825342907,493.02792725045947,54373624,RELIANCE,0.11279503321642613,0.11940246910953878
2020-04-08,533.31201171875,549.7970116946221,518.9296308909336,527.8766770166352,49880330,RELIANCE,-0.011633772822496842,-0.011566362154159848
2020-04-09,545.7483520507812,551.4968241624882,533.692202595293,543.0865877041133,33032857,RELIANCE,0.023051335087602452,0.023319070372991524
2020-04-13,531.969970703125,543.534047096568,527.8766572382242,538.590786977077,23673784,RELIANCE,-0.025570934119130275,-0.025246766748595162
2020-04-15,514.388916015625,552.9283884903713,511.32454531609477,535.50397581859,35321842,RELIANCE,-0.03360741641401625,-0.03304896076044006
2020-04-16,522.53076171875,531.2094028193618,512.2192985890305,514.3889290016788,37455706,RELIANCE,0.015704230921092285,0.015828190401516506
2020-04-17,547.5601806640625,550.2443422338717,533.5356723756136,543.9813981126731,33269335,RELIANCE,0.046788518462296674,0.04790037406215797
2020-04-20,556.417724609375,562.3227357287913,537.718363464547,548.454828761218,36030932,RELIANCE,0.0160469407467222,0.016176384364857244
2020-04-21,553.5323486328125,560.0860337092978,520.7190100428373,541.2972025264376,61371628,RELIANCE,-0.005199121195871042,-0.005185629157640759
2020-04-22,610.0106811523438,619.5393292310587,581.5590584712065,590.5061043699907,142683366,RELIANCE,0.09715627287789391,0.10203257796771759
2020-04-23,613.2763671875,619.9643142606366,605.4029383592604,611.6882791292506,65464502,RELIANCE,0.005339210935881305,0.005353489924122545
2020-04-24,633.8993530273438,668.7705176942633,602.6741016877038,603.9937855419026,134986308,RELIANCE,0.033074514631267496,0.03362755674806328
2020-04-27,639.6031494140625,659.8458688421625,636.5835122845931,641.5043758770541,58482901,RELIANCE,0.008957712317656356,0.008997952686777166
2020-04-28,638.8873901367188,651.1000807620374,622.7826591494636,648.6620459031445,78453401,RELIANCE,-0.0011196944052087106,-0.0011190677813257555
2020-04-29,638.3505249023438,650.2948710877204,635.2414197546999,646.3805532770238,37494672,RELIANCE,-0.0008406660335890816,-0.0008403127728974225
2020-04-30,655.8196411132812,668.770532341543,643.3161499559969,650.4290406318744,71345899,RELIANCE,0.026998269268703873,0.02736602466741922
2020-05-04,642.0411987304688,655.3722993617022,634.100638844068,644.1884921115068,53456868,RELIANCE,-0.02123333970621638,-0.02100949944015551
2020-05-05,653.4262084960938,661.6351717003255,647.4093321949724,650.3171635725639,44903763,RELIANCE,0.01757713520627277,0.01773252213119192
2020-05-06,653.4710083007812,664.2969422025669,646.6488596777011,654.9248941405343,40489094,RELIANCE,6.85590329969874e-05,6.856138322119953e-05
2020-05-07,674.1387329101562,677.1360326646604,646.4252520396666,650.8987749292127,50026966,RELIANCE,0.03113775656179543,0.0316276075707127
2020-05-08,698.676025390625,706.7730639573823,687.6263616828003,691.1604694861131,84262770,RELIANCE,0.035751226893852066,0.036397986471634614
2020-05-11,705.3862915039062,722.4751682585187,703.3732004884412,706.8177804215668,67085063,RELIANCE,0.00955843216071076,0.00960425987070268
2020-05-12,661.7470092773438,701.6062261496023,655.3722604271993,700.0180784316636,100683202,RELIANCE,-0.06386226228165887,-0.06186579290266914
2020-05-13,675.7871704101562,689.5833490177412,656.6169951579172,689.5833490177412,66430125,RELIANCE,0.020994868117797306,0.021216810859704394
2020-05-14,648.4656982421875,675.9000219142658,645.8013059494067,663.390858072304,49266771,RELIANCE,-0.04126908144073505,-0.04042910751233486
2020-05-15,659.0557250976562,662.352366946693,639.0501134333077,652.1011647623593,62152260,RELIANCE,0.01619898265560223,0.016330897508033848
2020-05-18,650.6334228515625,669.2616544401022,644.875632962838,663.842565100716,62796089,RELIANCE,-0.012861705944255074,-0.012779347671770469
2020-05-19,636.2500610351562,660.0942539879958,633.6986088181669,657.9717467574862,42315854,RELIANCE,-0.02235472127649338,-0.022106706036353896
2020-05-20,647.4496459960938,653.3881033587526,629.0697531498768,636.7468651669092,55320985,RELIANCE,0.01744935995405227,0.01760248940914244
2020-05-21,650.8591918945312,659.9813507786306,643.5207801115246,648.0367074472184,39167981,RELIANCE,0.0052522999722273206,0.005266117480366983
2020-05-22,646.4786987304688,658.4233416526746,644.1981590875719,655.6234930794669,37828973,RELIANCE,-0.006753074650860568,-0.006730323883590961
2020-05-26,643.0918579101562,654.6752261523151,639.5919719683144,653.9752489639468,33216635,RELIANCE,-0.005252676699158185,-0.005238905515314696
2020-05-27,652.801025390625,656.6169755944526,637.6500451152108,646.2303189230815,35667956,RELIANCE,0.014984802035853876,0.015097637080992543
2020-05-28,664.8585815429688,668.2455271815335,654.359044090917,657.0685886567666,40126278,RELIANCE,0.01830198430040894,0.018470492054035503
2020-05-29,661.3135986328125,664.7456963541632,656.007389810822,662.9393134152917,40022527,RELIANCE,-0.005346200752303793,-0.005331935254455522
2020-06-01,686.580322265625,694.7090163146383,666.5295595380629,668.3585186853417,39943702,RELIANCE,0.03749506298121517,0.03820687142234558
2020-06-02,693.51220703125,695.4541060723005,686.7834677262479,689.1317954741431,22153960,RELIANCE,0.010045620728097128,0.010096247359304922
2020-06-03,696.19921875,704.4859445214847,692.4509368094127,697.712053268636,25381289,RELIANCE,0.0038670115497588553,0.0038744980859852785
2020-06-04,713.427490234375,717.8079613810611,695.905665372641,697.2604077785676,34202350,RELIANCE,0.024444953079255934,0.024746180432818843
2020-06-05,714.2855224609375,730.6783659768879,710.6727564801458,720.291708575871,33076685,RELIANCE,0.0012019675134072624,0.0012026901658648281
2020-06-08,708.7760620117188,730.8590266524802,706.7439184964705,730.8590266524802,31414953,RELIANCE,-0.007743147642465202,-0.007713246700334797
2020-06-09,694.1669921875,714.872577617686,692.2928811427563,704.6213771422154,25857161,RELIANCE,-0.02082707185338216,-0.02061168626766796
2020-06-10,709.9727783203125,713.3145716353773,695.4766232532745,696.8539416390396,22132647,RELIANCE,0.022514074596070237,0.02276942912973201
2020-06-11,694.4154663085938,708.0761301554923,691.3897970340737,707.1955445300772,20385805,RELIANCE,-0.022156192898479254,-0.021912547194450127
2020-06-12,717.4918212890625,719.3885083960947,676.0354981246212,677.3903002260765,38548899,RELIANCE,0.032691112660602734,0.0332313378662763
2020-06-15,729.1204223632812,734.7201801016447,704.9827364804711,706.7439674657269,53107403,RELIANCE,0.016077358125003043,0.016207294256437077
2020-06-16,730.5429077148438,744.474543171046,715.9112353938917,741.9682427707079,51187003,RELIANCE,0.0019490601326566965,0.001950960784985023
2020-06-17,729.481689453125,738.5586972066078,723.4980791176175,726.2753520321108,41782053,RELIANCE,-0.001453699411176286,-0.0014526433020043417
2020-06-18,747.7937622070312,751.9032611106536,725.0786081018418,725.7108570793259,40471557,RELIANCE,0.024792953467425185,0.025102854559152066
2020-06-19,794.53369140625,807.8105013724783,750.5484911968546,754.1611973181019,105804173,RELIANCE,0.0606281698928864,0.06250376983791761
2020-06-22,788.550048828125,814.7650268662464,783.5147529061562,800.8559685231744,60198705,RELIANCE,-0.00755951302037052,-0.00753101176557347
2020-06-23,777.1474609375,796.4982481167505,774.9798010448966,790.288816914505,37962078,RELIANCE,-0.0145657630773835,-0.01446019552921285
2020-06-24,780.2860107421875,800.5400194053335,772.9928093188526,783.9213532874984,51586221,RELIANCE,0.004030418133908997,0.004038551191946738
2020-06-25,775.79248046875,789.837054705863,773.6022450212416,779.9019790081456,39679374,RELIANCE,-0.005775470568290616,-0.005758824599666146
2020-06-26,786.517822265625,791.1918414785443,775.386036822663,780.7148809969344,30921913,RELIANCE,0.013730320121686864,0.013825013862462932
2020-06-29,778.1634521484375,785.6598967514907,774.7313543352946,780.3762638421109,25621946,RELIANCE,-0.010678787617108772,-0.010621971785867657
2020-06-30,769.5606079101562,786.2243641857787,765.6994455798191,784.418040909027,30276420,RELIANCE,-0.011116881954217714,-0.011055317767147188
2020-07-01,784.68896484375,789.8371415415186,771.3443662186169,776.7409392467646,28464103,RELIANCE,0.019467703242736313,0.0196584346679034
2020-07-02,798.1976928710938,801.485081567038,786.725864305351,790.3306639056832,28789533,RELIANCE,0.017068886059587923,0.017215391871903796
2020-07-03,810.6897583007812,813.0023064997346,801.6664846343106,807.0169546549783,29434266,RELIANCE,0.015529136562404143,0.015650340186719847
2020-07-06,839.6640625,842.4753051236336,812.5941809641026,818.4434654093601,47016185,RELIANCE,0.03511644749225777,0.03574031113942944
2020-07-07,826.8092651367188,845.3546275122593,819.032966945957,843.3822180562978,35189589,RELIANCE,-0.015427852486472842,-0.015309452836420823
2020-07-08,815.2694091796875,832.0236438535034,811.6419416064408,827.0812567649883,26204095,RELIANCE,-0.014055411736604252,-0.013957095600668046
2020-07-09,827.1719360351562,832.0463193953086,809.9415548565688,820.257139626406,36418942,RELIANCE,0.014493954694641402,0.014599501369056522
2020-07-10,851.5665893554688,854.5365672443328,827.1719444149811,829.0990778284718,43759967,RELIANCE,0.029065122736915357,0.029491635605098265
2020-07-13,877.3895263671875,883.1480789947044,861.519399808991,863.0383906975433,69608392,RELIANCE,0.029873352077588365,0.030324037291391992
2020-07-14,869.2277221679688,880.4274760561808,855.7608159923657,876.9360759259316,67331128,RELIANCE,-0.00934590977434803,-0.009302372496982625
2020-07-15,836.127197265625,897.2497559791088,815.2694086530637,878.7270634112394,139669773,RELIANCE,-0.03882439041191943,-0.03808038337731179
2020-07-16,835.855224609375,847.463061457531,821.8214999600007,837.4875551151266,60961724,RELIANCE,-0.00032532956697453033,-0.0003252766530492668
2020-07-17,866.8245849609375,870.5880602549773,833.4066658222266,836.5807150882681,49726765,RELIANCE,0.03638121037570325,0.03705110578932569
2020-07-20,870.5426635742188,876.0292010321696,861.3607145700907,869.5904907729887,36592938,RELIANCE,0.0042801362723359,0.004289309137959885
2020-07-21,893.96240234375,896.4336259674744,878.0696681167741,879.2032442811862,42173371,RELIANCE,0.02654695031383352,0.026902459522633926
2020-07-22,908.6763305664062,911.3969015052352,889.0427280371777,899.1542423284164,59771457,RELIANCE,0.016325240039394735,0.01645922488918994
2020-07-23,933.07080078125,943.0009104541319,902.9402730055884,908.6534892544267,58333751,RELIANCE,0.026492124265296447,0.026846160061897884
2020-07-24,973.1314086914062,980.771698048135,933.0707724588616,933.1614441502056,120597372,RELIANCE,0.04203804519823426,0.04293415663271638
2020-07-27,977.6884765625,997.004667049382,964.8563920667285,987.9360577935167,80304827,RELIANCE,0.004671959922639254,0.004682890543243001
2020-07-28,987.437255859375,994.8281988813131,975.1719293046234,977.688488793748,55114422,RELIANCE,0.009921868215560268,0.009971253145123704
2020-07-29,950.6866455078125,989.7497164572247,938.806733983119,987.5279599955765,72663399,RELIANCE,-0.03792844812982059,-0.037218172732988664
2020-07-30,956.218505859375,970.2068340349582,939.5095470108182,951.7522051350378,72857444,RELIANCE,0.00580194129279979,0.005818805152782547
2020-07-31,937.2877807617188,965.3551702803413,930.803734578172,958.7804523943249,74958061,RELIANCE,-0.019996084517208447,-0.019797488734693336
2020-08-03,910.943359375,932.7080438678015,908.2680646839153,930.1234808378756,46715383,RELIANCE,-0.02850964382692351,-0.028107078666179786
2020-08-04,975.1492309570312,982.5855095976556,906.9758674005031,916.2032119273854,92041055,RELIANCE,0.0681097954723633,0.0704828361953076
2020-08-05,964.1989135742188,995.7350350128565,960.5034420662862,983.4924363615606,74549993,RELIANCE,-0.011292901470629387,-0.011229376012598213
2020-08-06,967.667724609375,982.9030303554318,955.7424759421041,978.0513143571136,49322975,RELIANCE,0.0035911534414644628,0.0035976093587344327
2020-08-07,973.2675170898438,978.41397565965,961.3649973579197,965.7178986420788,32984416,RELIANCE,0.0057702162312567255,0.005786895995450569
2020-08-10,961.2061767578125,981.6786096293499,955.8783752585291,979.0033749181197,26958997,RELIANCE,-0.0124700549479031,-0.012392625994645079
2020-08-11,967.5316162109375,979.4115277857607,952.3643158271037,967.9850346750636,46828306,RELIANCE,0.006559172692437919,0.0065807311751375774
2020-08-12,964.7202758789062,972.6100326976989,955.2889203298892,961.7276301780031,30264617,RELIANCE,-0.002909912861065006,-0.002905683168309303
2020-08-13,962.2037963867188,969.8440862641454,956.7399270901238,964.901699164418,24830322,RELIANCE,-0.002611914977914016,-0.00260850689584069
2020-08-14,958.4630126953125,978.0512181796919,947.331262509623,962.4304992398274,33224635,RELIANCE,-0.003895301781384315,-0.0038877249346278564
2020-08-17,948.283447265625,954.472749949031,938.6480204856721,954.472749949031,30979066,RELIANCE,-0.010677520432993429,-0.010620718060951884
2020-08-18,960.6168212890625,967.7583570068861,944.2026051100721,945.4041850307872,30547672,RELIANCE,0.01292214773813488,0.013005999481485064
2020-08-19,966.5113525390625,976.690929595431,961.8863763924035,970.7963098232202,34087543,RELIANCE,0.0061174443015148475,0.006136194077978052
2020-08-20,950.8679809570312,963.0426353692126,946.7644269706007,961.2742374165047,22537845,RELIANCE,-0.016317812987664087,-0.0161853986928715
2020-08-21,943.9758911132812,962.1811736813316,941.7767425366628,960.3674398053548,25280895,RELIANCE,-0.007274604878382852,-0.00724820898566092
2020-08-24,950.2784423828125,954.2459283840954,938.8292828475809,948.3060333430877,32717218,RELIANCE,0.00665441215058679,0.0066766019438253554
2020-08-25,944.0892333984375,957.3294607463159,942.2301636663344,954.9262408658594,19388008,RELIANCE,-0.00653435031180708,-0.0065130478692704274
2020-08-26,969.11865234375,973.9477001185352,928.1738418761494,945.404223995661,59870421,RELIANCE,0.026166364050517917,0.026511708914648047
2020-08-27,957.0120239257812,974.8772272109728,953.6792992534803,973.9703303109421,28085062,RELIANCE,-0.012571097073961757,-0.012492410902101292
2020-08-28,959.528564453125,967.1235185049004,955.0395957954092,961.2742345079785,27166900,RELIANCE,0.002626129588792937,0.002629580887626215
2020-08-31,943.4544067382812,985.7595292256586,934.2270624878475,985.7595292256586,62076132,RELIANCE,-0.016894045049435168,-0.016752140905784363
2020-09-01,946.4244384765625,962.3625085827924,935.1566206196067,952.2056589351107,38616258,RELIANCE,0.0031430947977333303,0.0031480394993852467
2020-09-02,964.992431640625,969.4360647157956,945.4042254030269,948.5782147606872,26949439,RELIANCE,0.019429123551888514,0.019619097319539813
2020-09-03,957.6921997070312,969.7761228830589,953.5659776492615,964.9017393534515,18586429,RELIANCE,-0.007593826773174395,-0.007565066516824759
2020-09-04,941.8900756835938,950.8226774812872,939.6002554209449,944.7467140146105,28475945,RELIANCE,-0.01663785638859573,-0.016500211684162713
2020-09-07,944.3385620117188,954.8128218318382,926.9267781694189,944.9507158856927,21926473,RELIANCE,0.0025961727591759,0.002599545733983799
2020-09-08,955.4249877929688,961.7276301292338,943.3636733262639,948.5781353786673,27397082,RELIANCE,0.011671506841234086,0.011739884642254506
2020-09-09,980.023681640625,982.9483238635318,943.7945186882138,945.4042412879571,55310877,RELIANCE,0.025420481424649116,0.02574633713995622
2020-09-10,1049.239990234375,1063.2737150092375,986.3716977544623,989.8858259136236,140304404,RELIANCE,0.06824462593178071,0.07062717961863663
2020-09-11,1051.84716796875,1060.0542764084548,1037.042733630043,1048.3331597240744,59470807,RELIANCE,0.002481742903753521,0.002484824976783928
2020-09-14,1044.0482177734375,1070.0978626809967,1034.7301409572988,1054.2277957192978,44063445,RELIANCE,-0.007442152164795148,-0.007414527920794112
2020-09-15,1051.4390869140625,1054.5677402462597,1037.5187024549093,1048.3104335818653,27178393,RELIANCE,0.007054110775887012,0.007079049621278033
2020-09-16,1054.0235595703125,1074.3372576523657,1047.6755813917168,1051.9604186878269,33952295,RELIANCE,0.0024550176263071774,0.0024580336497050936
2020-09-17,1042.3251953125,1058.17259404091,1039.1964218842008,1051.9605029718427,25828669,RELIANCE,-0.011160820128941873,-0.01109876923679154
2020-09-18,1045.4764404296875,1051.7110790333331,1032.2588818564082,1049.3532551234189,33074915,RELIANCE,0.0030187230973150623,0.0030232840301271935
2020-09-21,1022.8728637695312,1059.215300889657,1019.0185972834089,1042.8917579068893,33627381,RELIANCE,-0.021857503965019606,-0.02162035966192244
2020-09-22,1002.6044921875,1032.462885418295,998.2515311852266,1032.462885418295,34792254,RELIANCE,-0.020014095030884006,-0.01981514252644989
2020-09-23,1011.514404296875,1032.3495853551422,999.95196363165,1024.7546312020859,42988708,RELIANCE,0.008847511679709562,0.008886766595205708
2020-09-24,989.0242919921875,1009.3379310241465,986.6890759494188,1001.1308828752752,29826318,RELIANCE,-0.02248500353998426,-0.022234099889384074
2020-09-25,998.3196411132812,1003.3527603033637,982.7216491326262,992.5610883137335,28374935,RELIANCE,0.00935461321167953,0.009398504360666582
2020-09-28,1004.9170532226562,1014.7792199657465,1000.7454952765087,1009.7914367963479,19666849,RELIANCE,0.006586776271368471,0.0066085167892899754
2020-09-29,1017.9757690429688,1026.5682312030854,1004.9169464432822,1008.8844926380805,25842539,RELIANCE,0.012911111335125704,0.012994819600717022
2020-09-30,1013.1241455078125,1027.928578554187,1008.8845241351473,1024.754589473698,24465159,RELIANCE,-0.0047773452480506075,-0.0047659518848051086
2020-10-01,1008.9978637695312,1026.4775915724194,1003.8967413551795,1026.4775915724194,20783227,RELIANCE,-0.004081145891832725,-0.004072829333480188
2020-10-05,1003.0806274414062,1019.8348626021702,1000.2693849664739,1017.4997065200467,18922799,RELIANCE,-0.005881732161791892,-0.005864468638237419
2020-10-06,1002.2417602539062,1012.9200316663944,998.2968817912705,1008.9978810960307,18412175,RELIANCE,-0.0008366407731534685,-0.0008362908868450036
2020-10-07,1023.62109375,1046.9727737786616,1006.6173920088511,1013.4188487180892,53170865,RELIANCE,0.02110718124777324,0.021331513357293774
2020-10-08,1015.345947265625,1028.3821636698403,1007.5696492243518,1024.3012173405473,21077808,RELIANCE,-0.008117043338930695,-0.008084189095849181
2020-10-09,1012.716064453125,1021.5806624419674,1005.3024535496829,1013.4188900706193,18545499,RELIANCE,-0.0025934949438431603,-0.0025901347413483933
2020-10-12,1014.348388671875,1022.8275119437076,1009.4513972409951,1013.4188838080661,14226473,RELIANCE,0.0016105305078598356,0.0016118281086332509
2020-10-13,1034.1407470703125,1036.4305673579886,1009.2699549272937,1011.423767661742,23112012,RELIANCE,0.019324461115138202,0.01951238708463121
2020-10-14,1037.2239990234375,1044.7056133384592,1028.608748631058,1033.3245163972065,26742011,RELIANCE,0.0029770268477317904,0.0029814625928430427
2020-10-15,1000.4959716796875,1038.357459681843,995.2815098619011,1038.357459681843,20036197,RELIANCE,-0.03605206396774211,-0.03540992821061795
2020-10-16,986.57568359375,1012.2851869024872,985.1473645281419,1004.3502142447803,21583600,RELIANCE,-0.014011085884270046,-0.013913387439798863
2020-10-19,986.757080078125,1010.5622392043457,977.2123844835455,993.0371147391401,31200385,RELIANCE,0.00018384784180894756,0.00018386474285914112
2020-10-20,977.552490234375,994.3747895538761,975.8974318290545,988.0267509433463,18482288,RELIANCE,-0.009371900798763247,-0.00932812140858541
2020-10-21,963.3600463867188,993.9213260213652,951.1853919731954,983.0389831777511,34082321,RELIANCE,-0.014624767000192381,-0.014518344528234528
2020-10-22,955.35693359375,966.9421018379,948.1247264007278,964.6296137675083,30802210,RELIANCE,-0.00834219876023822,-0.008307499177473754
2020-10-23,958.1229248046875,968.0757029274415,950.5733065108839,954.9262077062731,23422125,RELIANCE,0.002891060624822743,0.0028952437708624768
2020-10-26,920.057373046875,953.0898169372152,915.2509933655792,953.0898169372152,37324416,RELIANCE,-0.04054005362556157,-0.03972929858198737
2020-10-27,922.5059204101562,934.0003573150689,909.129685940206,922.6872638083931,36478896,RELIANCE,0.0026577635767459644,0.0026612985613849727
2020-10-28,912.0542602539062,933.0254473288481,910.2178586428503,925.8158484232022,29924017,RELIANCE,-0.011394309485913577,-0.011329640195266277
2020-10-29,919.0597534179688,925.9066057760115,902.781605556934,905.5021761803395,30655304,RELIANCE,0.007651656086328969,0.0076810048144637655
2020-10-30,931.574462890625,936.3808421846666,916.7472424236149,922.0523759951716,34021563,RELIANCE,0.01352498525438056,0.013616861608958697
2020-11-02,851.2945556640625,919.1051761545775,842.9967754989971,919.1051761545775,99366895,RELIANCE,-0.09011792798813577,-0.08617658643996995
2020-11-03,839.0291748046875,865.600239943717,832.0917105106013,856.9850494031045,88691623,RELIANCE,-0.014512718379770695,-0.01440791648174844
2020-11-04,867.504638671875,874.6689020903103,832.953205081128,832.953205081128,80180117,RELIANCE,0.03337537980914309,0.03393858607338185
2020-11-05,886.4581298828125,889.1560327894556,876.0292050636682,886.4354619573483,37205373,RELIANCE,0.02161303460529392,0.021848288027548568
2020-11-06,920.080078125,924.9997976298749,896.9550756882459,902.3282736472202,66674086,RELIANCE,0.03722681411121472,0.03792841095228283
2020-11-09,929.8514404296875,938.1492199552745,923.1859913130511,935.0205666821017,35838510,RELIANCE,0.010564124218402299,0.010620121592677334
2020-11-10,945.2001342773438,947.6713579150476,925.5439246746041,941.7767378395364,36934242,RELIANCE,0.01637185546128448,0.016506608669190737
2020-11-11,905.5929565429688,949.938556869239,896.93242937546,947.2179859193752,56724780,RELIANCE,-0.04280675762541479,-0.041903482974700146
2020-11-12,897.7938842773438,910.6940326424576,890.9924272689508,898.247362719015,40046527,RELIANCE,-0.008649415323762129,-0.008612116745471798
2020-11-13,905.2301025390625,923.4807196009718,898.5873814202945,898.7007210390979,45388670,RELIANCE,0.008248653905419305,0.008282767784394407
2020-11-14,907.9054565429688,913.8000769836483,904.7541349819926,913.6187335697492,5226220,RELIANCE,0.0029510820987628857,0.0029554408281411426
2020-11-17,903.8018188476562,945.4041769988106,900.0610116001939,945.4041769988106,46542562,RELIANCE,-0.00453014101010383,-0.004519895398512053
2020-11-18,901.05859375,909.8098520291383,888.7705994600573,903.8018324500739,30402290,RELIANCE,-0.0030398220171602374,-0.003035206436244886
2020-11-19,894.6879272460938,911.6008986042735,892.4434427638029,901.0586339089177,27796343,RELIANCE,-0.007095314573849971,-0.007070202257761005
2020-11-20,861.2926635742188,899.5169003772073,859.2521905953536,895.5266860839987,57471248,RELIANCE,-0.03804061492197419,-0.03732615882575696
2020-11-23,884.50830078125,893.2594984083482,873.4218872864003,884.6443083205546,45327567,RELIANCE,0.026597540364724274,0.02695441188444625
2020-11-24,890.5616455078125,895.0732820966707,876.0291671598031,890.538977583329,30936268,RELIANCE,0.006820427786644607,0.006843739873572563
2020-11-25,883.193359375,903.6657931642695,880.654192057057,897.7938413094128,32637879,RELIANCE,-0.008308169387421157,-0.008273751929447792
2020-11-26,885.3699340820312,890.9924794007771,875.1450800459091,885.574005389529,25838637,RELIANCE,0.002461405609835818,0.002464437355565563
2020-11-27,875.0316162109375,886.956863707273,871.2228051404243,879.8833317328676,47336811,RELIANCE,-0.011745543763464211,-0.011676834138051873
2020-12-01,886.4127807617188,891.5592393178523,875.1450229329691,879.8153351253683,19750687,RELIANCE,0.012922716101106216,0.01300657523674853
2020-12-02,887.886474609375,889.6322047606417,877.3895457117752,888.0451500921909,22188887,RELIANCE,0.0016611562926331857,0.0016625367770417565
2020-12-03,890.5616455078125,898.2926670858094,888.1130898872199,894.166445181224,27785372,RELIANCE,0.0030084351473099085,0.003012965029807857
2020-12-04,882.7172241210938,892.8060689658076,879.6565747800778,892.8060689658076,18464552,RELIANCE,-0.00884742122711701,-0.008808397965809234
2020-12-07,887.9090576171875,890.9923750186222,879.9286890581647,879.9286890581647,18242188,RELIANCE,0.005864420323112457,0.005881649699611469
2020-12-08,904.028564453125,913.3239128258733,884.1909519390108,889.2467387240156,43403061,RELIANCE,0.017991632584967297,0.018154457033241922
2020-12-09,919.08251953125,922.1885651259229,906.5225094998519,911.3742252800819,29175254,RELIANCE,0.016514953328678892,0.01665207900508281
2020-12-10,910.0364990234375,919.7852655926706,907.3159283447815,916.6566123106188,16065507,RELIANCE,-0.009891203544508162,-0.009842446478501299
2020-12-11,909.492431640625,924.0929139357568,895.1866323672836,912.7570925495094,26944202,RELIANCE,-0.0005980310506291956,-0.0005978522657018592
2020-12-14,902.9176635742188,913.6639990942831,900.6731791916262,910.4672819578382,17312747,RELIANCE,-0.0072553081940783136,-0.007229051982924228
2020-12-15,895.2320556640625,902.1921882018914,889.2240359631435,902.1921882018914,18551265,RELIANCE,-0.008548403539650603,-0.008511969828713495
2020-12-16,896.2295532226562,904.5727289498443,891.3098338764274,901.4213476389596,18561011,RELIANCE,0.0011136132158583922,0.0011142335132914294
2020-12-17,900.3331909179688,909.1297859332949,896.5017115282488,899.8344365499054,20252358,RELIANCE,0.0045683289887616,0.004578779711689629
2020-12-18,903.0309448242188,909.084299862856,890.992358453629,897.8392107518212,18466344,RELIANCE,0.0029919147943613697,0.0029963950384850335
2020-12-21,879.5206298828125,916.8380330457733,841.228385961526,911.396891229463,44135540,RELIANCE,-0.026379801459492792,-0.026034894015711352
2020-12-22,878.1603393554688,888.2265172786522,856.2822534289644,883.7375484737753,28140001,RELIANCE,-0.001547824460443179,-0.0015466271979600599
2020-12-23,881.40234375,884.8484079017386,870.8826879671385,875.1223093610237,19501410,RELIANCE,0.0036850157079925,0.003691813726079518
2020-12-24,904.2099609375,906.3183777688924,882.3318755488342,882.8306298588741,20776988,RELIANCE,0.0255473795725614,0.025876510709584855
2020-12-28,908.35888671875,915.0243362502358,904.7314189530317,909.900545527166,17221499,RELIANCE,0.004577959102199968,0.0045884539658780366
2020-12-29,902.3509521484375,912.439798429375,898.9501635431251,910.9434754302608,18611939,RELIANCE,-0.006636023606717018,-0.006614053826252353
2020-12-30,904.822021484375,910.1271552061415,895.7760806552021,904.7086818653785,22043630,RELIANCE,0.0027347364220695783,0.0027384792248006384
2020-12-31,900.1970825195312,912.2583374556028,897.1591008607796,903.9152218564029,18781189,RELIANCE,-0.005124543087495686,-0.005111435017083776
2021-01-01,901.1946411132812,905.5022064134912,898.7007496438623,901.421320358103,10015175,RELIANCE,0.0011075422215324426,0.0011081557729091251
2021-01-04,902.713623046875,906.3636985650919,892.3527025549105,904.6406964491767,24513534,RELIANCE,0.0016841014842980818,0.0016855203796122264
2021-01-05,891.4912109375,899.4262438413816,886.9115106039434,892.80613046262,24123091,RELIANCE,-0.012509785115331426,-0.012431863021515777
2021-01-06,867.9807739257812,891.4457932255564,863.854552119663,891.4004573776713,46401468,RELIANCE,-0.026726013959372037,-0.026372034545348977
2021-01-07,866.5751342773438,881.9237776804218,863.854563591743,870.8146957594764,32325918,RELIANCE,-0.001620749091439012,-0.001619436386914308
2021-01-08,876.800048828125,878.9311936650147,867.0059456976594,869.6811807226603,27540187,RELIANCE,0.011730156414252004,0.011799224494605465
2021-01-11,860.2723999023438,879.1124426510808,858.1185873709477,879.1124426510808,33307825,RELIANCE,-0.01902988871552812,-0.018849963509777412
2021-01-12,887.3877563476562,888.725343947094,861.4741179787063,862.8797693273197,41161546,RELIANCE,0.031032958463165155,0.03151950062374498
2021-01-13,879.112548828125,895.5040980209848,869.8852636562669,890.3349713085404,26619458,RELIANCE,-0.009369110244131715,-0.009325356880728997
2021-01-14,888.997314453125,891.8539526683576,879.225879879633,881.9237826562116,21553242,RELIANCE,0.011181283260449171,0.011244027443558346
2021-01-15,878.5003662109375,894.9825854452455,870.6106693815333,888.9972940596249,20593268,RELIANCE,-0.01187789016030185,-0.011807626492825518
2021-01-18,899.5849609375,905.5022489944743,872.1070575050039,883.7828981720585,35100458,RELIANCE,0.02371717795956416,0.024000666974679286
2021-01-19,914.298828125,920.9188817318542,904.4366615381475,904.4366615381475,32006615,RELIANCE,0.016223961005327525,0.016356284093684614
2021-01-20,931.6651611328125,933.1614839760485,907.4972564349495,916.5659251576317,30924537,RELIANCE,0.01881601751085379,0.01899415428916873
2021-01-21,951.9335327148438,961.2742166156673,940.869846715687,944.0438358240183,39087742,RELIANCE,0.021521732814931336,0.021754995708315406
2021-01-22,929.3527221679688,959.165840987856,922.8006124178714,957.1933717044934,30532660,RELIANCE,-0.024006867617459036,-0.023720994975853227
2021-01-25,880.1100463867188,922.7099125187834,876.0291603627637,922.7099125187834,54207104,RELIANCE,-0.054441393793637244,-0.05298599187010289
2021-01-27,859.2522583007812,872.8552326609131,856.0782689298538,872.8552326609131,42370131,RELIANCE,-0.02398440841630834,-0.02369906828307311
2021-01-28,850.8864135742188,872.084340959147,847.9164357485394,852.5187439949068,34067814,RELIANCE,-0.009783898345614113,-0.009736191724542431
2021-01-29,835.1976928710938,867.4593064405973,829.7791594362084,858.9347876285253,43712383,RELIANCE,-0.018610190846497992,-0.01843809050519829
2021-02-01,859.3883056640625,863.7865428347654,837.9409701152957,843.110096652801,34180952,RELIANCE,0.02855240893204836,0.028963936322441874
2021-02-02,873.2178955078125,879.6566053024357,841.092290337818,867.9807655747403,41470034,RELIANCE,0.015964254944524966,0.016092364479015853
2021-02-03,875.4171142578125,885.0978176672972,861.5193971120666,874.3515418529886,30301696,RELIANCE,0.0025153561460899677,0.0025185223084795982
2021-02-04,872.5377807617188,879.656648554206,863.7865225405493,872.4017132446297,25626981,RELIANCE,-0.0032945199085186185,-0.0032890989326098685
2021-02-05,872.2883911132812,881.7651430554548,870.5880568440388,875.1450294447208,20248046,RELIANCE,-0.00028586188602131897,-0.0002858210314053977
2021-02-08,884.8484497070312,892.8061507159327,874.691600163488,876.5052740367894,21183400,RELIANCE,0.014296294089538851,0.014398974836429934
2021-02-09,886.9796142578125,902.1469161459931,885.233944002577,889.6095735403137,19604141,RELIANCE,0.002405612171827771,0.0024085079783853214
2021-02-10,895.2093505859375,899.9477267102546,873.8980819416108,885.8913937556059,21234156,RELIANCE,0.009235602944020396,0.009278382722483824
2021-02-11,932.11865234375,935.9728593397923,894.2798277886045,897.7938959649373,42539278,RELIANCE,0.04040251377306193,0.0412297991901609
2021-02-12,925.7251586914062,942.230044978136,913.8452482428097,932.0278606462276,30497029,RELIANCE,-0.0068827302421405,-0.0068590985023931905
2021-02-15,921.6443481445312,934.6578356915304,918.1982839074868,928.6498762091927,15791099,RELIANCE,-0.004417976121599024,-0.004408231221287751
2021-02-16,933.8416748046875,942.8649480322981,922.7325927047402,924.8864053509033,21421660,RELIANCE,0.013147501202394685,0.01323430961705796
2021-02-17,944.6107177734375,950.3692703869466,929.8061636594126,934.0683933136262,23742994,RELIANCE,0.011465992956732464,0.011531979412893856
2021-02-18,937.559814453125,956.014443525895,933.6602717704307,945.4041756996926,18646877,RELIANCE,-0.0074923458669003675,-0.0074643482099507885
2021-02-19,943.2730712890625,954.4501576444582,931.030412526974,932.7081388605912,23403483,RELIANCE,0.006075260010268431,0.006093751830937855
2021-02-22,910.5352783203125,947.6260001116775,904.5727145749872,943.1370313830363,23804335,RELIANCE,-0.035323173389954096,-0.03470659129917808
2021-02-23,917.4954833984375,930.8490501461664,913.0291825324456,928.6272336757321,25644108,RELIANCE,0.007615012677162947,0.007644080623613769
2021-02-24,934.5218505859375,936.4489240552962,918.7197282010852,920.4654582700598,10807663,RELIANCE,0.018387351546583063,0.018557439786443197
2021-02-25,972.3152465820312,975.7839784992644,939.9629033732783,941.3232186199032,34855693,RELIANCE,0.03964507090015894,0.040441425711338574
2021-02-26,945.7669677734375,967.57699044691,938.9201148180857,959.9140321981981,37481215,RELIANCE,-0.027683875207795396,-0.027304188535476115
2021-03-01,952.9765014648438,957.6468737146039,935.2019693603648,956.8306484903325,17680764,RELIANCE,0.007594041486564565,0.007622949349118446
2021-03-02,954.9261474609375,965.8084897149365,947.263190026968,962.1810822756376,17150760,RELIANCE,0.002043759073161129,0.002045848972243247
2021-03-03,998.5009155273438,1006.5720155428403,955.4703006523928,961.7503348817029,31924461,RELIANCE,0.04462106476936521,0.04563155819145548
2021-03-04,986.598388671875,992.991762854271,978.368612759976,988.480126250495,21435754,RELIANCE,-0.011992014173024763,-0.011920396536824973
2021-03-05,987.8906860351562,1002.9673152550806,976.260181188279,977.5978286714029,25511666,RELIANCE,0.00130899437668309,0.0013098514837641684
2021-03-08,993.5132446289062,1012.0132094952947,983.0389843818929,983.2656636273797,19506841,RELIANCE,0.005675343223445825,0.005691478493754953
2021-03-09,993.4905395507812,1003.8061245628406,973.3355758572837,997.5487577867862,15154484,RELIANCE,-2.2853583175586655e-05,-2.2853322034444012e-05
2021-03-10,989.3643188476562,1004.3956118787131,984.0591848216625,1000.7228083320849,11519358,RELIANCE,-0.004161904883413662,-0.004153256159832863
2021-03-12,969.2546997070312,1000.4507422731192,963.0426687169551,995.2816157511662,16864952,RELIANCE,-0.020535209371505905,-0.020325797845678673
2021-03-15,956.2411499023438,974.378367439583,943.3636702802955,970.3655452396614,16698099,RELIANCE,-0.013517295253323675,-0.013426346871076356
2021-03-16,952.477783203125,963.9949488326658,950.165294900262,958.5537469717594,13873801,RELIANCE,-0.003943348086130894,-0.0039355832988394734
2021-03-17,931.9600219726562,953.5660342368161,922.7780124697341,951.3215496881085,19210236,RELIANCE,-0.021776863121246555,-0.021541459120934858
2021-03-18,910.9887084960938,945.313461898209,907.3159051912041,939.9175965589106,20647480,RELIANCE,-0.022759416328894194,-0.02250237454625259
2021-03-19,944.0438232421875,950.3238575711216,899.0634664039354,902.7816055754887,41787429,RELIANCE,0.035642085436475,0.036284878657456554
2021-03-22,935.1566162109375,940.4164143959771,921.9164490477823,939.0561589834671,18572478,RELIANCE,-0.009458568763655402,-0.009413977203651558
2021-03-23,946.5377807617188,956.6039587366939,932.2547090305418,934.9526119187763,17421165,RELIANCE,0.012096866905214441,0.012170329924943823
2021-03-24,928.3098754882812,943.0236984833991,925.1812218990748,943.0236984833991,16822814,RELIANCE,-0.01944529153542566,-0.01925745136001733
2021-03-25,902.9856567382812,931.3477881428614,900.0610147041692,931.3477881428614,22001648,RELIANCE,-0.02765892532009918,-0.027279919581464918
2021-03-26,904.4366455078125,913.0745041101142,894.937285828174,912.3036747318539,20180202,RELIANCE,0.0016055894402086817,0.0016068790890571005
2021-03-30,920.1480102539062,929.0352757477536,903.0309690022071,910.4899154033928,20441701,RELIANCE,0.01722227909366089,0.01737143759502624
2021-03-31,908.26806640625,929.4886608125947,906.4089968537622,915.0242469485529,16250796,RELIANCE,-0.012994975463997808,-0.01291090532747885
2021-04-01,916.7699584960938,920.465429845356,908.2907755247039,915.0242884490825,11723312,RELIANCE,0.009317015290164562,0.009360553788358095
2021-04-05,903.5071411132812,918.1982951252521,889.677488179083,918.1756272004715,14875099,RELIANCE,-0.014572563805875183,-0.01446689789505029
2021-04-06,899.7437133789062,909.107066008566,892.8061886370579,908.6763154469585,14009194,RELIANCE,-0.004174053974904096,-0.004165354719540826
2021-04-07,908.15478515625,928.1284651595439,903.8245518752842,906.8625335398098,24266353,RELIANCE,0.009304872447662928,0.009348297356540192
2021-04-08,909.2883911132812,916.8380096725809,903.6885139889864,911.8502864734401,15369188,RELIANCE,0.0012474735043623386,0.0012482519230863076
2021-04-09,898.723388671875,909.7417386895142,897.7938238938312,906.159667024016,14037885,RELIANCE,-0.011687006480801423,-0.011618978692195858
2021-04-12,866.5751342773438,889.3600561933767,861.632747207554,888.2718159255257,20901482,RELIANCE,-0.03642648386204256,-0.03577102231871321
2021-04-13,875.9385375976562,879.9287521472845,869.6131669055775,872.4017415275625,19411189,RELIANCE,0.010747110446622006,0.010805068077704316
2021-04-15,881.6063842773438,889.1786704861084,867.4139846330557,873.4446120904353,19723716,RELIANCE,0.006449754151200013,0.006470598605276656
2021-04-16,876.0745239257812,884.1456245317884,873.5126286216039,878.1149969863354,15656948,RELIANCE,-0.0062945197738035205,-0.006274750784724614
2021-04-19,862.2901611328125,868.9556101628922,856.9850274045621,863.3330655330114,18478808,RELIANCE,-0.015859332427393354,-0.015734235406366537
2021-04-20,862.0408325195312,870.1345408290238,857.1891171314771,866.2803940149797,17203668,RELIANCE,-0.00028918881112347986,-0.0002891470000697671
2021-04-22,864.4213256835938,868.0714611843059,850.9544197704057,858.0052836359382,14490954,RELIANCE,0.002757656356756335,0.0027614621886353774
2021-04-23,863.4918212890625,870.0892067348701,859.4109352555885,864.2399827290652,11828857,RELIANCE,-0.001075869450750869,-0.0010752909107097919
2021-04-26,878.6818237304688,889.6322314145979,866.7339073312086,870.5881145351398,20846778,RELIANCE,0.01743843091810378,0.017591368055727363
2021-04-27,901.716064453125,905.592879224886,878.8631384956852,879.6566357896455,19992524,RELIANCE,0.02587682920944996,0.026214541032456795
2021-04-28,905.63818359375,910.4898988549594,897.8618863960234,905.8875907227454,17122437,RELIANCE,0.004340184334834662,0.004349616575816118
2021-04-29,917.767578125,927.0402589004967,910.1726236848527,917.2460958998795,17412606,RELIANCE,0.013304305271522163,0.013393201336894034
2021-04-30,904.36865234375,923.1860285256435,901.2173310194296,910.7166908105166,19828769,RELIANCE,-0.014707097164876542,-0.014599476055390914
2021-05-03,888.2944946289062,897.3404357451366,881.0622873144365,891.4458158814281,23640186,RELIANCE,-0.017933752421022655,-0.017773899695866513
2021-05-04,869.0463256835938,892.2620588404909,866.5071582786076,884.190958253908,21849830,RELIANCE,-0.021906893076414986,-0.02166867976971265
2021-05-05,870.6333618164062,878.9764773257763,865.1694924935965,872.1070167804479,12393609,RELIANCE,0.0018245158398608394,0.0018261812816067202
2021-05-06,875.5757446289062,877.3894784194164,864.5119984908221,871.4268548191382,14624666,RELIANCE,0.005660714964701429,0.005676767086191914
2021-05-07,875.9158325195312,886.7528395578353,873.3086014127246,878.6364032493998,12288548,RELIANCE,0.00038834088537574693,0.0003884162994591822
2021-05-10,873.3993530273438,882.740038023686,871.0188609169002,879.2033017480504,13941237,RELIANCE,-0.0028771044222031606,-0.0028729695237371677
2021-05-11,876.5505981445312,878.9990936540107,866.05361064843,868.3208227406878,13478264,RELIANCE,0.003601529885256881,0.0036080231869473067
2021-05-12,867.48193359375,876.4372025151902,864.6933592562523,875.167618908404,13177961,RELIANCE,-0.010399744408980739,-0.010345854044224834
2021-05-14,878.4324340820312,880.563518938135,864.2400338075389,874.2381482108096,13291616,RELIANCE,0.012544308343995184,0.012623318208963896
2021-05-17,888.884033203125,890.2896245106193,875.3037267948372,878.4324402760395,11873078,RELIANCE,0.011827786544730354,0.011898011407121878
2021-05-18,901.398681640625,908.0414631541172,894.3931533556103,898.2473602910601,12064918,RELIANCE,0.01398086702248628,0.014079056401095524
2021-05-19,905.52490234375,914.3214965481937,894.1664727852633,897.7938805270868,16317002,RELIANCE,0.004567130466377904,0.004577575702257475
2021-05-20,900.2424926757812,911.8049942540358,898.247415294268,905.9103738478551,11422532,RELIANCE,-0.005850614813921606,-0.005833533295767412
2021-05-21,908.0187377929688,911.2153947907652,900.514455659808,903.235026290113,10785605,RELIANCE,0.008600851384944373,0.008637944976441103
2021-05-24,900.355712890625,911.3061190300916,898.700714595752,910.4898938764023,8551760,RELIANCE,-0.008475092940175287,-0.008439280582435482
2021-05-25,890.1536254882812,905.5022701330101,888.7253062731775,905.2301950520241,14780102,RELIANCE,-0.011395861045587695,-0.011331174175137515
2021-05-26,893.2821655273438,897.5671226281908,891.1284129833724,895.5266497321538,7480204,RELIANCE,0.0035084450631427807,0.0035146068605251823
2021-05-27,896.025634765625,903.6885936278339,889.7455993861793,893.3957353971425,26819294,RELIANCE,0.003066516993542335,0.0030712235664771548
2021-05-28,949.8478393554688,954.472815743996,902.3282518740783,902.3282518740783,56469931,RELIANCE,0.05833277987148198,0.06006770621459068
2021-05-31,979.5475463867188,993.7852821100847,945.4268620793822,953.1124880356037,59124142,RELIANCE,0.030788975027062186,0.03126785765118245
2021-06-01,983.4471435546875,998.4557094965295,973.2902334606247,982.1321639562733,28013832,RELIANCE,0.003973115482945083,0.003981018769689371
2021-06-02,998.1155395507812,1001.8563467317178,978.0511883191928,978.0511883191928,24630162,RELIANCE,0.01480514752682821,0.014915286593923716
2021-06-03,1001.92431640625,1020.2202690838111,995.7803496561332,1007.0707146193823,23974257,RELIANCE,0.003808705559917034,0.0038159678960443255
2021-06-04,993.2411499023438,1005.0076615198449,990.4071796454298,1004.2595000884415,14468646,RELIANCE,-0.008704261850168888,-0.008666489436099822
2021-06-07,1009.9727172851562,1016.5928305525485,990.747259262441,998.4556127916534,16336573,RELIANCE,0.016705112468280846,0.01684542307218906
2021-06-08,1004.1688842773438,1009.8594330639162,996.7099374722953,1009.6100858849402,9674735,RELIANCE,-0.005763099344169154,-0.005746524543171261
2021-06-09,986.2129516601562,1007.0707400246994,978.4819302316137,1006.1639031267835,11409161,RELIANCE,-0.01804319093945041,-0.0178813871833019
2021-06-10,989.8405151367188,1011.1517839840507,987.3692913998711,994.556163411871,14155653,RELIANCE,0.003671527731929058,0.0036782760462190645
2021-06-11,1007.0098266601562,1013.7668141971928,991.9716855769274,993.2457554895082,13762778,RELIANCE,0.017196816692830474,0.017345533205484154
2021-06-14,1021.4564208984375,1027.530819009634,998.7740423359074,1007.8515792569079,20332436,RELIANCE,0.014244100453660086,0.014346031047377972
2021-06-15,1023.777099609375,1035.1068867541692,1019.3634688990921,1028.7822714120728,15174215,RELIANCE,0.0022693542655344693,0.0022719311988819157
2021-06-16,1006.3045043945312,1022.4346788679379,1003.6881840170562,1021.4564397057088,10797349,RELIANCE,-0.01721411261806354,-0.01706679629922414
2021-06-17,1008.1473999023438,1016.9519142263862,991.8807422543711,1001.0264608448158,15745975,RELIANCE,0.0018296748788142762,0.0018313497552326918
2021-06-18,1012.6974487304688,1016.9518504435479,993.9054594499104,1012.6292078814683,29369026,RELIANCE,0.004503123057734284,0.0045132773526626035
2021-06-21,1017.9756469726562,1022.6394940703871,1001.0947614747922,1002.6190479059233,12186448,RELIANCE,0.005198483340281589,0.005212018899429793
2021-06-22,1012.7430419921875,1028.782290874014,1009.8309507322007,1025.5971158370016,12871913,RELIANCE,-0.005153462751490797,-0.005140206444063655
2021-06-23,1003.460693359375,1024.04993135528,1001.7998652301401,1023.7769679727585,16653951,RELIANCE,-0.009207813727078365,-0.009165551623591561
2021-06-24,979.8683471679688,1007.669572262773,973.7257080355693,1004.1432535343797,91461975,RELIANCE,-0.02379177490631594,-0.02351098189249845
2021-06-25,957.550048828125,979.8684182931346,946.9255377961272,979.8684182931346,55355022,RELIANCE,-0.023040233010385047,-0.022776833647447092
2021-06-28,949.1550903320312,967.5830690553377,946.8800342020979,965.535542609245,20277042,RELIANCE,-0.00880577974041006,-0.008767122414507389
2021-06-29,949.9740600585938,959.6203313338768,948.2905450727716,950.7475767024226,27144063,RELIANCE,0.000862468755387316,0.0008628407885122868
2021-06-30,960.37109375,965.8312041148121,951.4528452867432,953.8188890996875,19762858,RELIANCE,0.010885086737634503,0.010944544833955794
2021-07-01,954.592529296875,966.0587979305755,953.2502184775107,963.715500911565,12534407,RELIANCE,-0.006035187220466748,-0.0060170120599540855
2021-07-02,968.7432861328125,970.4951021153942,952.3173409366497,954.1601447164786,14086620,RELIANCE,0.014715071662512489,0.014823871339492367
2021-07-05,978.3668823242188,979.8911687487861,969.8581385815543,972.1104477919255,11702287,RELIANCE,0.009885084790006963,0.009934103625970137
2021-07-06,966.8095703125,977.775345876362,964.7165499262375,975.9780960314433,10070124,RELIANCE,-0.011883187251763811,-0.011812861024346089
2021-07-07,960.09814453125,968.1518891821571,954.6152867923088,968.1518891821571,10454892,RELIANCE,-0.0069660346151629755,-0.006941828036601594
2021-07-08,952.1581420898438,963.2377120648708,946.880007204719,963.2377120648708,11185460,RELIANCE,-0.008304376486790752,-0.008269990403202754
2021-07-09,942.4208984375,951.7486525291566,940.1003484340649,950.0650773140198,9037675,RELIANCE,-0.010279148223484495,-0.010226498332484901
2021-07-12,948.2905883789062,956.2077909534229,943.9224517127791,946.3112426024383,8585292,RELIANCE,0.006208994698018707,0.006228310462064179
2021-07-13,955.3887329101562,956.9130192420056,950.0877909959721,955.525214607773,6717133,RELIANCE,0.007457324715171768,0.007485199809252885
2021-07-14,949.1550903320312,958.6420731903104,946.9937689554591,955.6844881859736,8532544,RELIANCE,-0.006546097561062913,-0.006524718539580254
2021-07-15,947.4943237304688,953.2502049164673,945.7425076403309,953.2502049164673,9448356,RELIANCE,-0.0017512641120736017,-0.0017497315438529393
2021-07-16,961.1674194335938,962.2367066615387,949.8831264283724,949.951367281346,8828185,RELIANCE,0.014327661414633309,0.014430794317892515
2021-07-19,955.0474853515625,966.4455126172754,951.9989126340373,955.525231478772,8354449,RELIANCE,-0.0063875454416787965,-0.006367188440113414
2021-07-20,952.7041015625,959.1653183707836,948.2450375383125,955.2976750301373,6741464,RELIANCE,-0.0024566982239561737,-0.0024536830105362784
2021-07-22,964.9439697265625,966.4000152300578,954.683470529445,964.1704530749702,7972397,RELIANCE,0.01276567329192554,0.012847502329409899
2021-07-23,958.1188354492188,971.2004383163171,956.4580071605648,971.2004383163171,9937030,RELIANCE,-0.007098221561812971,-0.007073088688535734
2021-07-26,944.9917602539062,965.0805075916205,942.3754396207585,959.1653976108203,12389668,RELIANCE,-0.013795607484268715,-0.013700884180152695
2021-07-27,935.0496826171875,948.1085383406385,929.1345728588083,944.9689777697635,10824523,RELIANCE,-0.010576543781729304,-0.010520808810065674
2021-07-28,927.018798828125,936.41479430891,917.4180206049048,936.41479430891,12897848,RELIANCE,-0.00862581979523877,-0.008588724148415494
2021-07-29,934.25341796875,943.8769425785124,929.7715466212894,934.5946824013536,13765738,RELIANCE,0.007773882304364899,0.0078041773799739644
2021-07-30,926.0860595703125,940.9421660372899,924.1749545520307,936.4148004933196,11350608,RELIANCE,-0.008780559646291812,-0.008742123112800537
2021-08-02,943.012451171875,946.1520117827725,928.7478263645152,934.7312372274596,10925104,RELIANCE,0.018112319105268154,0.018277341966918437
2021-08-03,949.9512939453125,951.4300863540562,939.2357958963441,950.9750871922383,11817299,RELIANCE,0.007331227414942637,0.007358166654973353
2021-08-04,957.2315673828125,961.8954143261994,949.6100753022611,952.9771655453944,13169800,RELIANCE,0.007634620620244075,0.007663838645099119
2021-08-05,971.1094360351562,980.4598768953389,957.4590392491626,962.0318984025091,21252078,RELIANCE,0.01439383203603111,0.014497922054835133
2021-08-06,950.5429077148438,976.8880893431025,945.8562535112904,969.1528622918455,16620987,RELIANCE,-0.021405863239138928,-0.021178383771330078
2021-08-09,945.1282348632812,950.8841763192498,940.282351981684,946.8800509816786,7494143,RELIANCE,-0.005712686610557407,-0.005696400244129651
2021-08-10,950.0877685546875,961.4403616289129,943.5811181110125,947.3349664779623,11919198,RELIANCE,0.005233751723797045,0.00524747172760498
2021-08-11,963.3969116210938,964.6254274166216,947.9720127090839,954.1373988131746,9184963,RELIANCE,0.013911120203784837,0.014008330079496423
2021-08-12,960.3029174804688,967.4466034758628,957.8003316249841,966.8550623942889,8137612,RELIANCE,-0.0032167147511068628,-0.003211546667114318
2021-08-13,976.2965698242188,978.2304217625798,959.5976596459939,963.397002314041,12780901,RELIANCE,0.016517629048976808,0.016654799285325872
2021-08-16,988.9686279296875,1002.3914951366927,968.3338340297282,977.980105672493,21935444,RELIANCE,0.012896207337223551,0.012979722040558084
2021-08-17,984.7598266601562,994.2923038234345,977.297622981309,986.8529072733435,12658169,RELIANCE,-0.004264829479609408,-0.004255748009258875
2021-08-18,988.5819091796875,995.0203194571639,979.4589373887336,989.1961972236583,10075860,RELIANCE,0.003873720632909754,0.003881233186059152
2021-08-20,977.4796752929688,988.2861624618475,972.3607686087786,975.0908240910231,9426282,RELIANCE,-0.011294002167373168,-0.011230464348605418
2021-08-23,983.895263671875,989.1961455676026,970.2221199980743,989.1961455676026,9854395,RELIANCE,0.006541952925141825,0.006563398238417006
2021-08-24,993.6098022460938,997.3863978639248,980.8239096504693,985.123805492856,11864472,RELIANCE,0.009825124485774198,0.009873549485302169
2021-08-25,1002.20947265625,1010.1267354530132,991.9717199859176,994.3833180171741,13380559,RELIANCE,0.008617737828002278,0.008654977427473343
2021-08-26,1014.8815307617188,1021.4564824929126,1003.3014677332652,1004.666525440298,18589616,RELIANCE,0.012564851859288205,0.012644121265270813
2021-08-27,1013.4937133789062,1020.4782304762028,1008.3293734966592,1017.8618498448702,10480636,RELIANCE,-0.001368403211764673,-0.0013674673750057043
2021-08-30,1032.990966796875,1035.5391065503322,1017.7708505413503,1023.7770080256,14027062,RELIANCE,0.01905496146044726,0.019237665868657938
2021-08-31,1027.4854736328125,1039.1337183154053,1020.2507393885751,1036.016904489164,26485463,RELIANCE,-0.005343915764264088,-0.0053296624472274345
2021-09-01,1031.5577392578125,1043.2970916409213,1029.6922485674477,1034.2423608926047,11145486,RELIANCE,0.003955498271283068,0.003963331579377005
2021-09-02,1043.9796142578125,1050.0767599227504,1026.052128476792,1026.052128476792,9956770,RELIANCE,0.011969934720862777,0.012041861087618067
2021-09-03,1086.796142578125,1089.753727352986,1047.6651320377116,1051.0776557907193,30664428,RELIANCE,0.0401940865277025,0.041012801146267375
2021-09-06,1103.67724609375,1128.4299004209945,1097.4889922462605,1097.944051619568,33641710,RELIANCE,0.015413506335152944,0.01553290709661459
2021-09-07,1110.6387939453125,1118.4194539969155,1097.4888911294768,1105.6791166147452,17349882,RELIANCE,0.006287784274496189,0.006307593887797891
2021-09-08,1106.2933349609375,1116.599387104017,1095.0545376191697,1115.689388852755,14301651,RELIANCE,-0.003920250415364358,-0.003912576265176826
2021-09-09,1103.67724609375,1109.2510915570197,1099.35460328716,1104.7237261918483,8963249,RELIANCE,-0.0023675338591318353,-0.002364733461292956
2021-09-13,1079.083740234375,1107.0441939852174,1077.4912130774987,1107.0441939852174,16311160,RELIANCE,-0.022535263180771647,-0.022283240817384753
2021-09-14,1077.6732177734375,1089.2987144742633,1076.5583765209813,1080.6535496243034,8908356,RELIANCE,-0.0013080033490119568,-0.0013071482854807304
2021-09-15,1082.155029296875,1090.0949179081745,1077.695905241629,1077.695905241629,9071075,RELIANCE,0.00415016144209504,0.004158785288083333
2021-09-16,1104.860107421875,1108.750437452325,1077.013388880378,1083.6338341939222,13448882,RELIANCE,0.020764276865104264,0.020981354344166814
2021-09-17,1087.72900390625,1117.441336518829,1080.9265822690465,1112.9594649804742,34882133,RELIANCE,-0.015626687220294692,-0.015505224055558875
2021-09-20,1089.4581298828125,1100.3783514488218,1078.3785593037167,1079.3340516110384,11779819,RELIANCE,0.0015884039670083898,0.0015896661487859731
2021-09-21,1094.16748046875,1099.5820973964808,1084.7486779581968,1094.3039621775245,9915736,RELIANCE,0.004313338206899129,0.004322654039438989
2021-09-22,1105.9068603515625,1111.139381442334,1091.2326692117995,1095.6690469817631,10995912,RELIANCE,0.010671904199628964,0.010729052080567403
2021-09-23,1132.9344482421875,1136.1649964932392,1112.731907489886,1113.596411926489,15748397,RELIANCE,0.02414543707875066,0.024439298515638974
2021-09-24,1129.6583251953125,1140.009872555042,1124.7897556991463,1139.1453680882425,15192163,RELIANCE,-0.0028959036507765342,-0.0028917145665030564
2021-09-27,1148.6551513671875,1151.1350506158344,1126.2914067039237,1131.6150360883155,15373834,RELIANCE,0.016676604542068048,0.01681643533109045
2021-09-28,1159.3934326171875,1167.0603586138618,1143.354184437372,1153.0004562253168,18035258,RELIANCE,0.009305140980268847,0.009348568399505153
2021-09-29,1150.2022705078125,1169.380959813766,1146.6531442405346,1169.380959813766,9719875,RELIANCE,-0.00795915113376666,-0.007927560956272672
2021-09-30,1146.2889404296875,1153.273457399079,1137.6892697076169,1148.9053210131074,13590654,RELIANCE,-0.0034080982738424826,-0.0034022972988891897
2021-10-01,1148.3138427734375,1155.6395643825463,1135.2550471541776,1138.4173546931033,8958928,RELIANCE,0.0017649267090563015,0.0017664851088861067
2021-10-04,1163.0789794921875,1171.587662580675,1154.38820045178,1161.645680951927,10918552,RELIANCE,0.012776138628098762,0.012858102174479358
2021-10-05,1187.2174072265625,1188.4914771861918,1159.0748554855732,1162.6012346483487,13533634,RELIANCE,0.020541474374588115,0.020753902495008525
2021-10-06,1164.7625732421875,1192.1087413964174,1160.78125500237,1192.1087413964174,10258881,RELIANCE,-0.019094989289232044,-0.018913834860989187
2021-10-07,1170.472900390625,1182.4624681330135,1168.334326130549,1180.7560859021983,6336665,RELIANCE,0.004890589060055275,0.004902567509996958
2021-10-08,1215.450927734375,1221.4343385648037,1174.613532001241,1176.3197940015023,15772493,RELIANCE,0.03770728636149864,0.03842722657546305
2021-10-11,1206.9876708984375,1237.632749168865,1203.666134554231,1229.1695592932124,14768666,RELIANCE,-0.006987414479631829,-0.006963059258766724
2021-10-12,1213.8809814453125,1220.7972576970285,1201.800425485858,1203.5068077762007,6682011,RELIANCE,0.005694922085583441,0.0057111689813234
2021-10-13,1226.234619140625,1237.4051767394146,1214.563508294983,1218.9771386553036,9959762,RELIANCE,0.010125539331128386,0.010176976066140764
2021-10-14,1228.714599609375,1236.4726346162875,1222.7084410771852,1228.6918526559728,8623469,RELIANCE,0.0020203931661096383,0.0020224355356139867
2021-10-18,1231.9906005859375,1249.0079672854492,1211.3784935963072,1214.2450907648501,13594479,RELIANCE,0.002662653707398831,0.0026662017181240394
2021-10-19,1243.0245361328125,1251.8972908980181,1232.1725560059263,1239.3616754056989,8833409,RELIANCE,0.008916316093215049,0.008956184845588355
2021-10-20,1228.714599609375,1247.9843983515677,1224.6650401325276,1247.9843983515677,12710570,RELIANCE,-0.011578969800613743,-0.011512191519531312
2021-10-21,1193.2691650390625,1241.2729384033719,1184.4873969552518,1240.9999749681544,20831669,RELIANCE,-0.02927184399521233,-0.0288475733759338
2021-10-22,1195.4986572265625,1212.56163907253,1188.2639230760205,1192.1315066188683,11027475,RELIANCE,0.0018666467407033945,0.0018683900102514084
2021-10-25,1183.8502197265625,1219.4322268467454,1169.3808726672285,1219.4322268467454,17198417,RELIANCE,-0.009791359875549925,-0.009743580580026112
2021-10-26,1210.809814453125,1214.3816877777629,1184.464630979062,1190.81211393416,9750178,RELIANCE,0.022517379041445393,0.022772808821025947
2021-10-27,1195.4986572265625,1217.976256032517,1192.1087596672705,1206.691962726344,9896298,RELIANCE,-0.012726019165895452,-0.012645385793703667
2021-10-28,1182.39404296875,1200.298779292571,1178.7085560280439,1192.1313011797695,9886181,RELIANCE,-0.011022151611292129,-0.010961630260810096
2021-10-29,1154.0244140625,1181.2795964610077,1138.3037421282204,1181.2795964610077,14233025,RELIANCE,-0.024285909219008753,-0.023993379427910244
2021-11-01,1154.7296142578125,1163.0108284889366,1134.8455291099833,1154.0243384080532,15481114,RELIANCE,0.0006108924628550977,0.0006110790956579404
2021-11-02,1137.8939208984375,1159.3705299389737,1135.3686486246918,1158.0054723596763,10569130,RELIANCE,-0.014687100378252589,-0.014579771014356369
2021-11-03,1130.06787109375,1146.6302984409235,1119.7845647630193,1140.2828162204378,11989430,RELIANCE,-0.006901422144719257,-0.006877662021876674
2021-11-04,1137.0067138671875,1139.7595760808606,1132.9799021702054,1134.3220924997154,1705656,RELIANCE,0.006121425811980512,0.0061402000277395175
2021-11-08,1138.417236328125,1146.6302085077364,1117.6913966426866,1146.3571247756797,20337183,RELIANCE,0.001239788867907245,0.0012405577238325805
2021-11-09,1147.40380859375,1150.6798507830363,1131.637644937905,1139.805123815544,15682497,RELIANCE,0.00786292399008265,0.007893917958068153
2021-11-10,1160.235107421875,1163.920714976533,1139.1908094185892,1145.1287260147478,10253470,RELIANCE,0.01112083088832076,0.0111828971910517
2021-11-11,1162.35107421875,1169.6084350981216,1153.7057882040397,1155.7533749476675,10722478,RELIANCE,0.0018220786802345306,0.0018237396742604162
2021-11-12,1179.8916015625,1182.462488249801,1163.4656563781518,1166.1502778119302,8712341,RELIANCE,0.014977829101381403,0.015090558896363904
2021-11-15,1172.929931640625,1184.0322480185664,1169.3808058406628,1183.031141558392,4803269,RELIANCE,-0.005917737609819925,-0.005900262289057601
2021-11-16,1145.6748046875,1171.6559135252794,1135.255016670807,1170.3136027722971,11337581,RELIANCE,-0.023511021085160778,-0.023236790380992467
2021-11-17,1121.149658203125,1137.0523041547756,1119.7846004549367,1137.0523041547756,10202029,RELIANCE,-0.021639173105690548,-0.02140672587372172
2021-11-18,1125.3812255859375,1132.5249718442826,1114.8022082606076,1119.3295736996563,8505625,RELIANCE,0.00376720606676191,0.0037743109065335734
2021-11-22,1075.5347900390625,1114.3246032878988,1069.7333541956211,1108.4549265855226,24124307,RELIANCE,-0.04530382845734097,-0.04429293328660433
2021-11-23,1085.5904541015625,1092.597718814344,1050.6228528101806,1061.5658216102945,25326999,RELIANCE,0.009306019315360575,0.009349454946161906
2021-11-24,1069.9151611328125,1096.5333013250884,1066.3432887089373,1082.9284607430122,16820296,RELIANCE,-0.014544679630005324,-0.014439416733562638
2021-11-25,1134.3221435546875,1138.4400635861748,1072.5315589664726,1079.7435455818988,42401936,RELIANCE,0.058455885502609294,0.06019821455159269
2021-11-26,1097.761962890625,1127.33768989774,1092.7112978197426,1122.8785658449294,15763138,RELIANCE,-0.03276171412592572,-0.032230862168917795
2021-11-29,1110.9117431640625,1137.530005740277,1091.6192015688714,1109.8197692785918,24325354,RELIANCE,0.011907540359724009,0.011978717352176815
2021-11-30,1094.48583984375,1126.5642137673601,1086.9553960411952,1122.9695939867834,32172299,RELIANCE,-0.01489636806580145,-0.014785966051208299
2021-12-01,1122.5147705078125,1125.699825172228,1103.4496957163708,1107.044315866843,10104610,RELIANCE,0.02528679878928314,0.025609221831562445
2021-12-02,1129.7266845703125,1135.8010837797613,1120.057665060323,1123.7432731717324,12720411,RELIANCE,0.006404232277545087,0.0064247832206585365
2021-12-03,1095.7825927734375,1136.8474535768446,1092.0287445657639,1136.801959680644,19222481,RELIANCE,-0.03050692681559442,-0.03004628664656661
2021-12-06,1075.0113525390625,1103.404119692969,1072.5315739182363,1099.309066908383,10332254,RELIANCE,-0.01913758256590188,-0.01895562164553355
2021-12-07,1083.7703857421875,1093.8488493527543,1073.8284038337267,1081.1768723394634,11235122,RELIANCE,0.008114837283797914,0.008147851817971175
2021-12-08,1100.2646484375,1106.4982760975693,1094.8955253046402,1102.9947640848918,8744178,RELIANCE,0.01510468104683564,0.015219333276039748
2021-12-09,1117.71435546875,1126.1093048249602,1103.404235637729,1107.9543482561612,13213547,RELIANCE,0.01573510572938485,0.015859554386329355
2021-12-10,1118.851806640625,1122.0596079618992,1105.8383850496557,1110.343003210938,8364414,RELIANCE,0.0010171407304733235,0.0010176581935354978
2021-12-13,1096.419677734375,1125.7451889893634,1093.8487910647625,1125.4722255996962,12901733,RELIANCE,-0.020252953943382578,-0.020049240456252115
2021-12-14,1082.996826171875,1094.758924705155,1079.925506579218,1082.9285853235253,12991523,RELIANCE,-0.012317995447087282,-0.01224243949199888
2021-12-15,1079.8345947265625,1094.3039423247055,1074.3288697386265,1084.7486582787296,9366969,RELIANCE,-0.0029241610492949915,-0.0029198898546085594
2021-12-16,1093.8033447265625,1099.0814796358936,1077.764217447417,1094.6223552854042,9761279,RELIANCE,0.012853053445740103,0.012936008966759616
2021-12-17,1064.932861328125,1095.6689246022736,1055.6277943848347,1091.1415595298965,21049821,RELIANCE,-0.026749173654019406,-0.02639458321061794
2021-12-20,1036.2215576171875,1054.6494737766875,1022.4573675126571,1054.6494737766875,14325846,RELIANCE,-0.027330776491137847,-0.026960670248385776
2021-12-21,1051.646484375,1067.4581418231853,1042.9785726603923,1051.6919782743073,12836561,RELIANCE,0.014776036695672973,0.014885741996414792
2021-12-22,1076.60400390625,1079.2431318361741,1056.5380624164334,1057.8575060271485,17658543,RELIANCE,0.02345462979415892,0.02373185276807388
2021-12-23,1076.217041015625,1082.9284735990054,1072.9409992159044,1080.19835852976,9072401,RELIANCE,-0.00035949378672718536,-0.00035942917657838525
2021-12-24,1079.652587890625,1088.3887407376528,1063.6133400712515,1078.3785179602155,7886494,RELIANCE,0.003187159127918162,0.0031922435197251353
2021-12-27,1078.4921875,1082.0185663686743,1068.413724480792,1074.5336166000147,4017223,RELIANCE,-0.001075368544022333,-0.0010747905424763893
2021-12-28,1091.30078125,1094.2356191315223,1079.766272622182,1080.9264873926504,6374613,RELIANCE,0.01180641906232906,0.011876389925170372
2021-12-29,1093.16650390625,1100.674201497558,1083.8841830224792,1087.9338625439977,15425312,RELIANCE,0.0017081721686438508,0.0017096319257765558
2021-12-30,1073.4189453125,1094.2812707813944,1067.276305271878,1092.02896140955,29333171,RELIANCE,-0.018229703773760653,-0.018064547827970734
2021-12-31,1077.5367431640625,1084.703115610681,1073.828388538488,1079.7435583793856,9477290,RELIANCE,0.00382881237780117,0.003836151643814789
2022-01-03,1093.7806396484375,1095.6462506930534,1075.4437086416906,1076.1034905748938,5421611,RELIANCE,0.014962528891534804,0.015075027916613415
2022-01-04,1118.465087890625,1119.7846517979926,1093.848914455948,1099.2636517956478,10847728,RELIANCE,0.022317116440930145,0.02256800618643373
2022-01-05,1123.69775390625,1127.0649046036285,1107.0215901475167,1120.2397357543007,11643813,RELIANCE,0.004667524961069508,0.0046784348231141415
2022-01-06,1099.5364990234375,1116.5994791465537,1096.1238548571225,1115.3254092772324,14447422,RELIANCE,-0.021736086610975668,-0.021501560182728863
2022-01-07,1108.4093017578125,1118.4422714413886,1097.2842377517782,1106.111498715673,13112115,RELIANCE,0.008037199548926913,0.00806958454062734
2022-01-10,1109.3193359375,1117.9646215781718,1099.3318598320666,1115.6895654128748,9246731,RELIANCE,0.0008206903363175809,0.0008210271947775016
2022-01-11,1117.304931640625,1126.1320732620725,1107.9543693940097,1108.4094288062329,16205164,RELIANCE,0.007172858086157548,0.007198644650303843
2022-01-12,1147.1307373046875,1148.8826135216357,1121.6045672988503,1124.4711644227355,14800442,RELIANCE,0.026344339156188824,0.026694418702929212
2022-01-13,1153.592041015625,1156.1856749337926,1141.3522552982324,1147.19918473575,11856712,RELIANCE,0.005616774657656115,0.00563257831109909
2022-01-14,1155.275390625,1168.1522095010407,1149.2919803342058,1153.4553940360954,19930176,RELIANCE,0.0014581607281324216,0.0014592243614068856
2022-01-17,1161.3043212890625,1167.1057561240766,1154.3654186486065,1154.82047798332,8036453,RELIANCE,0.0052050393470891585,0.005218609097871418
2022-01-18,1147.4493408203125,1165.9000062324892,1144.6964783846606,1162.4419883292344,6215029,RELIANCE,-0.012002273796911267,-0.011930533809924038
2022-01-19,1147.3583984375,1156.6405988874542,1141.6252038335633,1151.1804880553777,9755485,RELIANCE,-7.925926107384067e-05,-7.925612014159089e-05
2022-01-20,1127.2696533203125,1142.0575796806486,1117.0545865844654,1137.5529609143537,16494486,RELIANCE,-0.01766378236805231,-0.017508692266117398
2022-01-21,1127.4515380859375,1138.5538554378697,1115.6895591579548,1115.6895591579548,13338594,RELIANCE,0.00016133681336101468,0.0001613498288446369
2022-01-24,1081.97314453125,1139.6914253053906,1071.5988501296624,1126.1547030087693,21868937,RELIANCE,-0.041173449824143366,-0.04033733780867932
2022-01-25,1079.8572998046875,1086.8644436444313,1048.802657948011,1069.0734401117095,24510205,RELIANCE,-0.0019574573091077747,-0.001955542738982796
2022-01-27,1063.863525390625,1072.0537511885557,1051.5554999211186,1062.9080331478985,20020431,RELIANCE,-0.01492178551334042,-0.014811007358986439
2022-01-28,1062.83984375,1081.0630398643073,1059.4500666597933,1076.103482458547,14667727,RELIANCE,-0.0009626934668366349,-0.0009622302261459437
2022-01-31,1085.931640625,1094.9408766634326,1072.0992089277,1073.9193259070898,12143683,RELIANCE,0.02149384989750028,0.02172650659531694
2022-02-01,1082.3370361328125,1101.4019884840088,1067.958677458383,1095.668914786197,13200509,RELIANCE,-0.0033156479396043354,-0.0033101572490499276
2022-02-02,1084.5438232421875,1095.2138271372608,1080.6989871423398,1095.2138271372608,10017691,RELIANCE,0.0020368336014110556,0.0020389093560539973
2022-02-03,1070.529541015625,1092.6886822523618,1068.0042683536662,1088.3887863228124,9572839,RELIANCE,-0.013006034977310713,-0.012921821992095794
2022-02-04,1060.76953125,1068.5730594354839,1056.1284310635565,1065.183161923649,11061241,RELIANCE,-0.00915880658706711,-0.009116992471189134
2022-02-07,1054.308349609375,1072.3723159767667,1048.8026250078512,1065.638135750538,10714467,RELIANCE,-0.0061096584647086635,-0.0060910324535916605
2022-02-08,1072.031005859375,1073.8283759531457,1051.0776952115107,1060.4737500675897,12060849,RELIANCE,0.0166700264608351,0.016809746651979207
2022-02-09,1084.521240234375,1086.2047554004216,1072.9184893348381,1078.9017802245178,11486225,RELIANCE,0.01158365076473697,0.011651001050093202
2022-02-10,1083.4063720703125,1090.0721909727154,1076.1488917844267,1090.0721909727154,12464491,RELIANCE,-0.0010285105978755944,-0.0010279818621362624
2022-02-11,1081.2906494140625,1084.976257286365,1066.5937118273357,1079.857350777376,15943370,RELIANCE,-0.0019547523823824167,-0.0019528430982060918
2022-02-14,1064.0684814453125,1071.5306852913075,1052.4428632313213,1064.841998172486,10719633,RELIANCE,-0.01605562228217577,-0.015927417829870727
2022-02-15,1100.1964111328125,1102.9037798370225,1062.7716573911962,1069.824295697398,11212671,RELIANCE,0.03338896833153632,0.03395263586646968
2022-02-16,1097.9212646484375,1107.0442358991004,1090.1860980638264,1105.6791781831728,10392840,RELIANCE,-0.002070086894717749,-0.002067945742553756
2022-02-17,1111.8218994140625,1117.0090469039765,1096.5790346237516,1101.174641012644,12853252,RELIANCE,0.012581388057856482,0.01266086668799149
2022-02-18,1103.1312255859375,1117.6915612787002,1101.1973736454247,1112.2314504381943,6775458,RELIANCE,-0.007847315889347308,-0.007816606088353772
2022-02-21,1091.9832763671875,1109.0917498883975,1085.0216268966433,1097.488880416598,11107193,RELIANCE,-0.010157142190871517,-0.010105732627438524
2022-02-22,1087.023681640625,1090.1633625619224,1067.9814753307442,1070.5977356852184,13494914,RELIANCE,-0.004552168383698433,-0.004541822969177822
2022-02-23,1080.2213134765625,1095.0092390254035,1077.468571284383,1092.5294602510214,7310110,RELIANCE,-0.00627745411105879,-0.006257792060055056
2022-02-24,1026.393310546875,1064.6826864402094,1020.7739713257805,1048.8026672886117,24846650,RELIANCE,-0.051114923124496545,-0.04983053218645406
2022-02-25,1039.224853515625,1050.1450756675365,1035.7212210618118,1037.4729771115954,14570089,RELIANCE,0.012424085192250833,0.012501584759855078
2022-02-28,1073.62353515625,1077.1726610969984,1020.5919703644313,1020.5919703644313,21297446,RELIANCE,0.03256430661644464,0.033100326194332785
2022-03-02,1091.369140625,1092.483981972098,1059.8140635885236,1062.2028545911362,21471786,RELIANCE,0.016393591620776506,0.016528703859092886
2022-03-03,1082.155029296875,1098.7856965324477,1078.4011810031334,1092.0287696037128,10186748,RELIANCE,-0.00847854986160683,-0.008442708324012393
2022-03-04,1058.1531982421875,1075.7848524224223,1055.787154408625,1070.643199306108,10805667,RELIANCE,-0.022429327667531064,-0.02217966040437158
2022-03-07,1019.0222778320312,1052.0334004268125,1011.0367738665514,1036.835909210037,17983310,RELIANCE,-0.03768150635728645,-0.03698039232425021
2022-03-08,1017.1793823242188,1021.9570845268837,991.9262347785383,1006.2591006780564,21289374,RELIANCE,-0.0018101311349189718,-0.001808493835613989
2022-03-09,1071.143798828125,1077.01347494328,1016.565078233395,1017.406956117863,20414228,RELIANCE,0.05169356308645358,0.05305299875485048
2022-03-10,1088.50244140625,1094.3038764083778,1073.8283721325647,1092.028820377732,17980493,RELIANCE,0.01607579620006113,0.0162057070181576
2022-03-11,1091.64208984375,1097.0340801861346,1081.1313132856126,1081.1313132856126,12257423,RELIANCE,0.0028802224466831497,0.0028843742724580235
2022-03-14,1100.6058349609375,1103.1312280003071,1080.1985698532058,1086.0682461878607,8340678,RELIANCE,0.008177720202166908,0.00821124909032278
2022-03-15,1075.3980712890625,1104.7463279779463,1065.114765849993,1104.7463279779463,15925769,RELIANCE,-0.02316989533815393,-0.022903534463607156
2022-03-16,1093.55322265625,1095.6235563592827,1081.6091471404573,1083.8387095081287,11149828,RELIANCE,0.01674133988006223,0.01688226141732363
2022-03-17,1129.203369140625,1136.3469946247096,1098.8994972340938,1106.9304944761457,21422098,RELIANCE,0.0320801692559152,0.0326002847833784
2022-03-21,1122.69677734375,1130.2499690830255,1109.7744623583415,1112.0495186610842,11999466,RELIANCE,-0.005778773018778383,-0.005762108026499124
2022-03-22,1151.703857421875,1153.4328665457272,1116.417676927256,1119.3751418583722,22557065,RELIANCE,0.02550883298916109,0.025836967437240288
2022-03-23,1155.3665771484375,1167.0376894069477,1147.9954813767026,1147.9954813767026,15462187,RELIANCE,0.0031752154151608557,0.003180261751281721
2022-03-24,1173.3165283203125,1175.8191739001288,1142.0800356544312,1142.0800356544312,13168266,RELIANCE,0.015416701954063196,0.015536152357961797
2022-03-25,1181.1429443359375,1190.3114093068612,1172.5659000566366,1175.0685459381182,14222488,RELIANCE,0.006648188200099825,0.0066703364579965285
2022-03-28,1193.0189208984375,1196.5679268909805,1176.88868384816,1187.581436439095,9891424,RELIANCE,0.01000443633649459,0.010054648016525114
2022-03-29,1193.2918701171875,1200.321761515582,1186.3984604316122,1200.321761515582,8684065,RELIANCE,0.00022876250735480888,0.00022878867549258608
2022-03-30,1216.224609375,1223.0725256096823,1190.812170111679,1201.18646593222,15811550,RELIANCE,0.019035712714951,0.019218047011047235
2022-03-31,1198.8428955078125,1214.7456618708436,1196.0446595036312,1212.584340487485,13223718,RELIANCE,-0.014394640285191747,-0.014291532775446592
2022-04-01,1208.4437255859375,1212.6753807326781,1193.041632181676,1199.4117414992725,7922880,RELIANCE,0.007976516712384777,0.00800841387482909
2022-04-04,1212.0155029296875,1217.157156093152,1201.9825334062043,1208.2616544203254,7929162,RELIANCE,0.0029513241902850234,0.00295568363517984
2022-04-05,1194.8843994140625,1214.836726034793,1192.450114468768,1206.2824277666361,13149870,RELIANCE,-0.014235234949266694,-0.01413439306198283
2022-04-06,1191.69921875,1198.7291094168588,1177.1616311168914,1177.1616311168914,12257215,RELIANCE,-0.0026692402738204527,-0.0026656810195400116
2022-04-07,1170.6778564453125,1185.7614936648845,1168.015981475152,1180.8018153339476,15496499,RELIANCE,-0.01779725801230947,-0.01763982217487503
2022-04-08,1190.1522216796875,1194.4066235414564,1164.8307737717014,1164.8307737717014,15152495,RELIANCE,0.01649827079456521,0.016635118813562944
2022-04-11,1187.6724853515625,1200.572052745213,1175.296097837182,1183.0312648122701,9254209,RELIANCE,-0.002085719119448157,-0.0020835455187616647
2022-04-12,1165.30859375,1184.2143186613282,1162.737706900729,1177.116066491659,13217742,RELIANCE,-0.019009557920885798,-0.018830015747095974
2022-04-13,1161.0313720703125,1179.664132404293,1158.2330158892628,1171.4284128604863,10354235,RELIANCE,-0.003677215335861762,-0.0036704626590998712
2022-04-18,1157.482177734375,1164.7396576746369,1147.4492090807853,1152.5453679025381,9974224,RELIANCE,-0.003061614290410487,-0.003056932328717954
2022-04-19,1201.5958251953125,1213.9722131143637,1160.7585471967582,1163.920854944009,26141820,RELIANCE,0.03740341799629632,0.03811172932898588
2022-04-20,1236.9273681640625,1244.0028730390352,1205.3722941596611,1209.0124078704498,25072240,RELIANCE,0.028979847919845467,0.029403849637216428
2022-04-21,1265.88916015625,1269.028721194779,1243.0929814877397,1251.692774267279,21708633,RELIANCE,0.023144393099628874,0.023414302842352575
2022-04-22,1255.2872314453125,1274.9437261640837,1248.6440386176957,1255.3327253469529,15054154,RELIANCE,-0.008410352595143073,-0.00837508452132485
2022-04-25,1226.2574462890625,1255.1051538112451,1211.9928211860372,1247.825046254362,17063215,RELIANCE,-0.02339761178863639,-0.02312601007087889
2022-04-26,1262.9542236328125,1271.7587383126895,1232.0361813234292,1233.0826614702617,12227666,RELIANCE,0.029486794270994664,0.029925834460620804
2022-04-27,1264.1826171875,1286.7739479010713,1253.580733766915,1253.9448053007873,19338945,RELIANCE,0.0009721623551141178,0.0009726350581054088
2022-04-28,1283.0657958984375,1297.2394339221792,1267.7090756457555,1278.56117721433,25614076,RELIANCE,0.01482660625796,0.014937065621854595
2022-04-29,1269.597412109375,1299.5827089210004,1263.7049887259216,1299.5827089210004,18214862,RELIANCE,-0.010552515293219135,-0.010497032835039888
2022-05-02,1265.13818359375,1276.5362108883514,1254.9458650066724,1256.7432351242765,9467006,RELIANCE,-0.003518499620679269,-0.003512316954251027
2022-05-04,1225.64306640625,1269.4835388914837,1217.7486714056079,1267.2084828840266,19247660,RELIANCE,-0.03171569383028132,-0.031218026378201813
2022-05-05,1201.6412353515625,1242.18280014838,1197.591676403661,1239.2252151754037,17210669,RELIANCE,-0.019777339950033574,-0.019583051307966892
2022-05-06,1192.42724609375,1209.8769247815503,1180.0963532492094,1188.582409796725,19649948,RELIANCE,-0.00769738612162624,-0.007667837110397424
2022-05-09,1145.8568115234375,1181.711782557566,1140.715158224648,1171.6331985147315,18083752,RELIANCE,-0.03983826818273067,-0.03905515805922055
2022-05-10,1125.9954833984375,1149.633416525882,1118.4195452683007,1135.2550569441219,19511677,RELIANCE,-0.017485145653466986,-0.017333167569684393
2022-05-11,1114.4609375,1130.6821606199796,1102.0163098457965,1125.0854480941018,16643899,RELIANCE,-0.010296694637953206,-0.010243865156212117
2022-05-12,1091.7559814453125,1107.8860980458353,1078.3786071325271,1104.5418146447614,20490321,RELIANCE,-0.02058343174321557,-0.020373038920161846
2022-05-13,1104.1322021484375,1127.5197990708434,1099.0132956252583,1103.8592387327842,19308778,RELIANCE,0.011272296871661397,0.011336068602748384
2022-05-16,1104.4051513671875,1128.8847193240686,1099.6047027471154,1107.7039403213957,13437911,RELIANCE,0.00024717645794419574,0.000247207008561956
2022-05-17,1150.7935791015625,1155.6850157625827,1106.5891549718588,1107.9997065605392,16551828,RELIANCE,0.04114490770469222,0.04200308888178306
2022-05-18,1154.979736328125,1169.3808421611643,1141.2839062872033,1155.5712773721964,17276788,RELIANCE,0.0036310263440582128,0.0036376265062503244
2022-05-19,1128.3614501953125,1143.2176150806665,1122.0823293936187,1130.2498080381895,14699118,RELIANCE,-0.023316263197212705,-0.023046539515434672
2022-05-20,1194.1563720703125,1203.2338502041005,1138.440180194292,1143.2177622581032,21793091,RELIANCE,0.056673434960280177,0.058310146862613266
2022-05-23,1186.1708984375,1207.3971730449673,1179.8461630484092,1197.364082975496,15252755,RELIANCE,-0.006709584593332361,-0.006687125588894283
2022-05-24,1190.2432861328125,1200.3217504414995,1181.9848186867473,1186.2164738705715,13527818,RELIANCE,0.0034273416714726518,0.003433221722668245
2022-05-25,1188.491455078125,1208.8304783808387,1183.713752995507,1198.956737262974,12714544,RELIANCE,-0.0014729102333680343,-0.0014718260334652955
2022-05-26,1177.16162109375,1198.9111951609145,1159.3706180239299,1194.1334932703796,17882023,RELIANCE,-0.009578683134472332,-0.009532953674984745
2022-05-27,1171.701416015625,1185.3744993862058,1155.7760235250337,1179.8688949887019,16521973,RELIANCE,-0.004649240783520219,-0.004638449793369692
2022-05-30,1212.51611328125,1216.7021540363792,1180.392243237482,1189.8564191042008,13853398,RELIANCE,0.03424073884027567,0.03483370140868791
2022-05-31,1197.8873291015625,1218.886133257268,1190.1749097343077,1201.8686470065388,70620653,RELIANCE,-0.01213818693893643,-0.012064816310028093
2022-06-01,1198.274169921875,1208.1479107227306,1190.4024014083636,1198.638121118035,9776989,RELIANCE,0.0003228837654148427,0.00032293589798859657
2022-06-02,1239.58935546875,1243.2977103658052,1198.501741229144,1198.501741229144,22126569,RELIANCE,0.03389782995336824,0.03447890857028879
2022-06-03,1264.705810546875,1281.9280190654463,1247.6428306711036,1248.552949338414,23939791,RELIANCE,0.020059374475340307,0.020261915744369308
2022-06-06,1259.2685546875,1280.4038420032741,1252.102061607887,1264.9335082984549,11093152,RELIANCE,-0.004308494052319011,-0.004299225807323448
2022-06-07,1261.634521484375,1269.9839758549958,1252.215840132052,1260.337704653236,12358255,RELIANCE,0.0018770793006134992,0.0018788421167732494
2022-06-08,1239.4755859375,1265.3884552322884,1235.949206752914,1261.6346065371608,12479250,RELIANCE,-0.017719743951978163,-0.017563672497486804
2022-06-09,1273.4649658203125,1275.3986973973456,1233.082627965682,1233.082627965682,17278305,RELIANCE,0.027053129309261344,0.027422387555220862
2022-06-10,1235.0164794921875,1269.4381532361936,1229.215044054509,1261.24792684013,18093057,RELIANCE,-0.030657191196803185,-0.030192025191174476
2022-06-13,1211.6513671875,1216.1559851600953,1190.4478410589338,1205.7818119372728,17620803,RELIANCE,-0.01910011827699468,-0.01891886682701982
2022-06-14,1195.8170166015625,1215.7238471836963,1189.151077141205,1205.804612494347,14714312,RELIANCE,-0.013154547761494719,-0.013068404835536507
2022-06-15,1181.3477783203125,1200.0032876716657,1175.933161306616,1191.0167974504632,11195535,RELIANCE,-0.01217367597304644,-0.01209987655332978
2022-06-16,1164.830810546875,1209.8997420887063,1162.1006949883244,1193.4965424947006,17111475,RELIANCE,-0.01408012222493693,-0.013981460901312248
2022-06-17,1178.48095703125,1194.3381068780648,1163.056119541174,1164.8306221546918,24457187,RELIANCE,0.011650435140917981,0.011718565787220525
2022-06-20,1157.118408203125,1190.8120593552974,1147.1308115234453,1185.3063342518615,12066797,RELIANCE,-0.018293500927213102,-0.0181271905164595
2022-06-21,1175.796630859375,1180.0281654943678,1150.4069416324683,1164.830795221328,11720049,RELIANCE,0.0160131178925847,0.016142014960469853
2022-06-22,1140.0782470703125,1164.0573868656688,1137.9851663317936,1163.9663990536787,10617206,RELIANCE,-0.030849003747186136,-0.030378028692730985
2022-06-23,1121.581787109375,1148.905326422505,1112.5043100555831,1144.3779613702993,19446323,RELIANCE,-0.01635689897746765,-0.016223851308862614
2022-06-24,1137.5528564453125,1142.5351607614082,1122.9696539988313,1128.429884986889,14240234,RELIANCE,0.01413933911362401,0.014239772363903391
2022-06-27,1134.1856689453125,1157.9828298757552,1129.1350035879693,1157.9828298757552,15474529,RELIANCE,-0.0029644168360079943,-0.0029600272909708902
2022-06-28,1150.1339111328125,1152.9777615415514,1129.3854414043199,1129.3854414043199,13572847,RELIANCE,0.013963458927279912,0.014061403369988179
2022-06-29,1173.9991455078125,1181.6661910990751,1137.9849487932977,1140.806051842701,19205146,RELIANCE,0.02053761349945851,0.020749961499260783
2022-06-30,1181.0518798828125,1190.2658381550734,1167.560773223342,1173.9308815535303,23112959,RELIANCE,0.005989471466191105,0.006007444214918278
2022-07-01,1095.9874267578125,1179.3911062938287,1076.103462886294,1171.610445710058,81997149,RELIANCE,-0.07474974850127508,-0.0720243154207928
2022-07-04,1098.2625732421875,1111.1393942579136,1076.6039843933402,1082.450913964659,41857728,RELIANCE,0.00207373571808848,0.002075887395082132
2022-07-05,1107.157958984375,1121.5590649917854,1099.8094906293034,1102.4941121326237,17647327,RELIANCE,0.008066882348090519,0.008099507311741805
2022-07-06,1097.420654296875,1111.11648393539,1086.568674692882,1101.1745026432604,23943726,RELIANCE,-0.008833768004468289,-0.008794864913794442
2022-07-07,1086.6141357421875,1107.1578795789183,1080.6534724660446,1103.8135967687947,23301033,RELIANCE,-0.009896002384947752,-0.009847198075209618
2022-07-08,1088.1158447265625,1100.2191487523794,1084.0889121323955,1100.2191487523794,19010108,RELIANCE,0.0013810534977189695,0.001382007591268275
2022-07-11,1102.9036865234375,1105.1331283386687,1078.3785026593284,1081.336087585235,13847467,RELIANCE,0.013498799198884038,0.013590319329088718
2022-07-12,1101.3338623046875,1110.092882939669,1093.8489116704193,1093.8489116704193,10778989,RELIANCE,-0.0014243696057109065,-0.0014233556727862862
2022-07-13,1081.8138427734375,1107.4993634434227,1079.7436294761944,1104.4507905221294,14224132,RELIANCE,-0.0178829308619998,-0.017723980165652686
2022-07-14,1090.7320556640625,1107.4765795757364,1081.540843303509,1086.5687619025882,16970315,RELIANCE,0.008209965083115488,0.008243759266161277
2022-07-15,1092.847900390625,1098.8540583216684,1084.33921677306,1098.8540583216684,9603210,RELIANCE,0.0019379600759753743,0.0019398391342539956
2022-07-18,1102.1529541015625,1103.4041567519191,1088.5252438187727,1101.584159976362,15160908,RELIANCE,0.008478456336244874,0.008514500240711875
2022-07-19,1108.909912109375,1113.4145306244031,1092.1653876854057,1092.1653876854057,16439888,RELIANCE,0.006111973698797928,0.006130689921636678
2022-07-20,1138.89501953125,1156.8679986086788,1131.2735877067614,1155.730530749646,23924246,RELIANCE,0.026681039613251408,0.02704016538623688
2022-07-21,1131.2962646484375,1137.5300117770723,1122.651100250388,1134.7998965175696,16523230,RELIANCE,-0.0066943991142203365,-0.006672041542459262
2022-07-22,1138.940673828125,1144.9468316984942,1135.2550660118313,1137.5301221641155,10969995,RELIANCE,0.006734484794688254,0.006757212428402326
2022-07-25,1101.31103515625,1122.7194053701078,1093.3938930172108,1122.7194053701078,23110452,RELIANCE,-0.03359727666039661,-0.033039156065431396
2022-07-26,1101.8116455078125,1112.003964591019,1097.193292295004,1101.629669898458,11303288,RELIANCE,0.0004544552734826355,0.0004545585539252883
2022-07-27,1100.7650146484375,1104.3140199617678,1092.938740621378,1101.106218869249,8655086,RELIANCE,-0.0009503695894765529,-0.0009499181313269434
2022-07-28,1118.0101318359375,1122.9469424061926,1101.5841851617515,1108.4093537574902,12496073,RELIANCE,0.01554503121606845,0.01566648372541879
2022-07-29,1141.829833984375,1145.3107190485075,1121.149607208918,1126.0181765545474,15130683,RELIANCE,0.021081655955329768,0.021305443904450216
2022-08-01,1171.587646484375,1177.4573222630406,1140.9880650198957,1146.2434528105707,15700044,RELIANCE,0.025727698662592852,0.026061512507657314
2022-08-02,1176.046875,1186.5803984650074,1165.5360984864087,1170.5185233262116,13917913,RELIANCE,0.003798916601109865,0.003806141630979143
2022-08-03,1185.9205322265625,1187.5813002703721,1168.220637135406,1183.0311881851292,14250977,RELIANCE,0.00836058508667997,0.00839563238205332
2022-08-04,1170.245361328125,1191.107684300821,1153.455464512121,1187.5813052958538,14467127,RELIANCE,-0.013305856102273294,-0.013217724520721008
2022-08-05,1153.0003662109375,1173.384882192994,1149.7925649671015,1172.1109326876474,13942438,RELIANCE,-0.01484587845774062,-0.014736221725002996
2022-08-08,1168.083984375,1175.546187127536,1151.6352925910844,1151.6352925910844,10165178,RELIANCE,0.01299722734908402,0.013082058433017796
2022-08-10,1175.0684814453125,1178.435511229753,1163.4883590271854,1172.5203418043282,10724688,RELIANCE,0.005961641727218383,0.0059794476799110985
2022-08-11,1178.981689453125,1187.5358669102814,1174.0220116644236,1184.4418001629217,8198226,RELIANCE,0.003324662881619024,0.0033301957031468543
2022-08-12,1198.046630859375,1201.845973401522,1174.9321182963517,1178.6176057306407,12650587,RELIANCE,0.016041331997901233,0.016170684902742982
2022-08-16,1206.373291015625,1209.1034064115306,1195.4530701404663,1204.052741070798,6607378,RELIANCE,0.006926155757924011,0.006950197047236095
2022-08-17,1212.6754150390625,1218.0217913259337,1208.3072780583839,1212.6071741819499,6595965,RELIANCE,0.00521042694630391,0.005224024827449325
2022-08-18,1214.8746337890625,1218.3895770524823,1205.242530076721,1214.281162605974,7410035,RELIANCE,0.00181188383960784,0.001813526292960388
2022-08-19,1193.213623046875,1215.0569809988342,1189.1507309375147,1209.7159828214287,9460724,RELIANCE,-0.01799069857224332,-0.01782983209932465
2022-08-22,1189.904052734375,1201.1795211355932,1180.500282384016,1194.6517009933089,9471680,RELIANCE,-0.002777514911494484,-0.002773661185705323
2022-08-23,1208.2552490234375,1211.1768414672938,1182.9424687305054,1184.1522321085429,9678484,RELIANCE,0.015304700134101465,0.015422416830072727
2022-08-24,1205.0369873046875,1218.846089361482,1203.0284828486285,1205.1968562417935,10369622,RELIANCE,-0.002667114722422056,-0.0026635611319306696
2022-08-25,1201.5220947265625,1215.6049306697223,1197.2081689286076,1209.2368579891631,7871946,RELIANCE,-0.0029210960193683496,-0.0029168337695482105
2022-08-26,1195.1080322265625,1209.715993824914,1190.0866510806784,1201.9554689456972,10742038,RELIANCE,-0.005352580476641336,-0.005338280942274065
2022-08-29,1185.818359375,1211.9984634718257,1176.8710131510943,1180.0436382797463,19838975,RELIANCE,-0.007803449971908016,-0.007773082098908923
2022-08-30,1204.215087890625,1207.5475818496645,1176.2090496696883,1193.282058957648,23139054,RELIANCE,0.015394840496758117,0.015513951500397694
2022-09-01,1168.81396484375,1189.150886984996,1164.385933490136,1178.9710757031155,19909939,RELIANCE,-0.029838445957800854,-0.02939767438795815
2022-09-02,1155.1646728515625,1175.638520959865,1152.9734784565321,1168.8139049237643,12999345,RELIANCE,-0.011746621692720914,-0.011677899479933251
2022-09-05,1173.10498046875,1178.445978943139,1155.3928563937116,1155.3928563937116,11327815,RELIANCE,0.015411155373976417,0.015530519620982952
2022-09-06,1185.4532470703125,1189.6302455363334,1174.1093147173583,1174.5658588505653,10899618,RELIANCE,0.01047112535426559,0.010526139439479998
2022-09-07,1178.5601806640625,1184.563114237557,1173.1963605855797,1175.478839783805,7488501,RELIANCE,-0.005831680870005486,-0.00581470962544095
2022-09-08,1180.2261962890625,1185.978096162653,1173.6527344300007,1181.5272442598816,7057077,RELIANCE,0.0014126043106876505,0.001413602506119993
2022-09-09,1172.8768310546875,1191.4561604892992,1170.4573041604863,1191.4561604892992,8314850,RELIANCE,-0.006246551082783986,-0.006227081941989843
2022-09-12,1186.0009765625,1192.3691689901582,1173.447281793324,1173.447281793324,7435419,RELIANCE,0.011127563189049271,0.011189704801322531
2022-09-13,1195.906982421875,1200.4491194045427,1187.3477160754526,1195.1081207827935,8888657,RELIANCE,0.0083177546254297,0.008352443256907316
2022-09-14,1181.5728759765625,1191.4560105895346,1174.4515854442564,1175.478658663779,8678219,RELIANCE,-0.012058381972247961,-0.011985971029522702
2022-09-15,1169.8638916015625,1188.5116835520153,1167.1476896556205,1179.1307346574977,10365600,RELIANCE,-0.00995908655879207,-0.009909659076527633
2022-09-16,1140.8763427734375,1165.4359048168926,1137.133067391258,1161.213264147553,20217708,RELIANCE,-0.02509072125582699,-0.02477856529825928
2022-09-19,1142.3599853515625,1151.6040077939597,1132.7278822878002,1140.876367867208,7580254,RELIANCE,0.0012995963393416096,0.0013004411806087912
2022-09-20,1142.54248046875,1158.4514907194557,1138.8220264150539,1151.4898271317024,8411448,RELIANCE,0.00015973996291348744,0.00015975272202073398
2022-09-21,1145.6925048828125,1156.3060391967588,1138.9591731329301,1139.7580348153278,9207309,RELIANCE,0.0027532368170884464,0.002757030454368925
2022-09-22,1134.8961181640625,1142.6108798497348,1128.5052256188412,1134.8504758314202,10308170,RELIANCE,-0.009468141043637971,-0.009423459325025751
2022-09-23,1113.6234130859375,1139.3926153234095,1112.071332278307,1134.3940554048254,9528051,RELIANCE,-0.0189220858389206,-0.018744187012057267
2022-09-26,1085.2523193359375,1103.7176650883043,1084.2480670791438,1092.8757978119418,12479523,RELIANCE,-0.025806522719397155,-0.025476380450175196
2022-09-27,1093.8800048828125,1107.4607728213189,1077.3776445528867,1092.8528108642224,16154822,RELIANCE,0.007918500893687525,0.00794993513780673
2022-09-28,1064.7554931640625,1085.5489575446488,1062.3132660155625,1077.491757249726,16997059,RELIANCE,-0.026985824313884053,-0.02662496031442696
2022-09-29,1061.4915771484375,1080.7556609643932,1055.8766040342564,1077.3320028920632,14671827,RELIANCE,-0.0030701216475796096,-0.0030654136433950763
2022-09-30,1085.4349365234375,1096.5048940159172,1054.96372509037,1054.96372509037,18613024,RELIANCE,0.022305702551610268,0.0225563347749973
2022-10-03,1081.6688232421875,1103.3294933419215,1078.7015883112226,1091.7117072217247,11852723,RELIANCE,-0.0034757145851318744,-0.0034696812812314848
2022-10-04,1101.6175537109375,1103.808747936222,1091.0953054950355,1094.58754770497,8948850,RELIANCE,0.018274547808216416,0.018442549179660928
2022-10-06,1105.6802978515625,1118.4165611455717,1103.8771842481965,1108.8302224863316,13352162,RELIANCE,0.003681196650169027,0.003687980576325467
2022-10-07,1110.3594970703125,1115.6320317027526,1102.2794760013117,1102.2794760013117,7714340,RELIANCE,0.004223034427042439,0.004231964002471722
2022-10-10,1098.2396240234375,1103.6262649687026,1090.1139598954956,1097.8743645838504,6329527,RELIANCE,-0.010975278031125421,-0.010915269404957018
2022-10-11,1076.373291015625,1101.982746487589,1073.2691292307711,1101.982746487589,9215177,RELIANCE,-0.02011122978183388,-0.019910347914514737
2022-10-12,1084.2935791015625,1087.2379927529598,1069.6171531804475,1073.6800455545388,7417103,RELIANCE,0.007331369468438463,0.007358309753732639
2022-10-13,1087.7401123046875,1092.8527780894253,1077.3776122421918,1082.5360411069073,7328492,RELIANCE,0.0031735567541117944,0.0031785978166363194
2022-10-14,1082.216552734375,1103.0556611703817,1081.48615457156,1102.4393688537991,9106089,RELIANCE,-0.00509095097535101,-0.005078014047500079
2022-10-17,1099.586181640625,1101.9827665257233,1069.845490552908,1075.0495620947684,16729355,RELIANCE,0.015922608957359634,0.01605004919058306
2022-10-18,1118.9874267578125,1124.3512470169624,1104.7903646127031,1105.6348686623294,12415820,RELIANCE,0.01749028260990625,0.017644133257695316
2022-10-19,1138.4569091796875,1153.9550179585947,1114.6277458530562,1120.4709308445554,19247142,RELIANCE,0.01724956391388282,0.01739919677050028
2022-10-20,1141.5155029296875,1149.9150215278255,1134.3942113183082,1134.3942113183082,8717053,RELIANCE,0.002683011047450513,0.002686613542715266
2022-10-21,1128.2769775390625,1148.9106943491454,1126.177188586748,1144.7565172867282,8243452,RELIANCE,-0.011665097688899975,-0.011597324220869898
2022-10-24,1132.0430908203125,1142.382770547029,1120.836206695688,1122.9816380159375,3370033,RELIANCE,0.003332374754447515,0.003337933287856698
2022-10-25,1114.559326171875,1140.785075413764,1112.9387816840604,1140.785075413764,12233241,RELIANCE,-0.015564941525592726,-0.015444433864940765
2022-10-27,1118.941650390625,1126.8391025996318,1110.5649536618178,1122.0686333408069,12513059,RELIANCE,0.003924179920601192,0.003931889596044957
2022-10-28,1153.178955078125,1157.218905475806,1122.730566891981,1125.2640787350124,17609592,RELIANCE,0.03013915391658899,0.03059793571501035
2022-10-31,1163.8837890625,1169.065039404331,1155.9406944170403,1159.957944449031,12419943,RELIANCE,0.009240069286196124,0.009282890515158293
2022-11-01,1154.867919921875,1186.8910882247426,1144.8935003477782,1186.8910882247426,13963166,RELIANCE,-0.007776524361247434,-0.007746365423550783
2022-11-02,1162.08056640625,1164.1576549471247,1148.0890168960855,1155.986348539346,8981896,RELIANCE,0.006226007894156202,0.006245429767295807
2022-11-03,1166.4173583984375,1168.4259835133787,1152.676841200972,1154.8680356681098,6693449,RELIANCE,0.0037249739074784642,0.0037319202450816213
2022-11-04,1183.5816650390625,1186.8912175642852,1164.568612402097,1165.8467186255812,12575815,RELIANCE,0.014608186391281433,0.01471540741145394
2022-11-07,1189.904052734375,1191.5931814379082,1175.0223567357784,1182.7827614663586,11789748,RELIANCE,0.005327525336882397,0.005341741835029001
2022-11-09,1188.7171630859375,1196.9112902936065,1182.3489707407007,1191.5931131291466,11254205,RELIANCE,-0.000997964483835198,-0.0009974666828893586
2022-11-10,1174.337646484375,1185.3163193750859,1170.0008998356418,1182.3262632089597,5966242,RELIANCE,-0.012170427899710982,-0.012096667776069547
2022-11-11,1201.4078369140625,1203.325056528256,1181.413233492101,1186.8911590644095,12310132,RELIANCE,0.022789783029046867,0.02305145416288723
2022-11-14,1195.5875244140625,1206.0641314784764,1189.242152687652,1200.9285232071268,9043112,RELIANCE,-0.004856349772566325,-0.004844576771656506
2022-11-15,1190.2236328125,1198.9426470922247,1182.3261805701843,1197.0710698465111,7086433,RELIANCE,-0.004496500590842735,-0.004486406467139492
2022-11-16,1183.3990478515625,1194.1723297469184,1178.3775455967132,1191.4561277313167,9716161,RELIANCE,-0.005750369527635378,-0.005733867798281778
2022-11-17,1186.45751953125,1192.825591205946,1177.7612057960014,1180.020863607493,6661451,RELIANCE,0.0025811464033936382,0.0025844804296910606
2022-11-18,1185.818359375,1190.9996093948082,1173.698388022442,1189.972415409292,5303197,RELIANCE,-0.0005388582140881915,-0.000538713056075113
2022-11-21,1164.477294921875,1181.413258441568,1160.9165888885639,1181.413258441568,6390268,RELIANCE,-0.018160822415669367,-0.017996908450947813
2022-11-22,1170.9365234375,1172.511425391076,1157.903584906397,1161.7837868751285,6611488,RELIANCE,0.0055315635583723065,0.005546890904436497
2022-11-23,1167.28466796875,1176.80266503484,1165.0934735308952,1175.4787957552544,6413408,RELIANCE,-0.003123621025621301,-0.0031187475970340106
2022-11-24,1177.3504638671875,1184.1522586948402,1163.2446877659072,1171.3703518394527,9389439,RELIANCE,0.00858628927195089,0.00862325718365975
2022-11-25,1194.9254150390625,1198.257788225093,1178.719730929941,1181.8696555369409,7349922,RELIANCE,0.014817224991056362,0.014927544271012838
2022-11-28,1235.9874267578125,1242.1501079495758,1142.1545139312134,1190.9540185279361,31527484,RELIANCE,0.03378641721534282,0.034363660862805956
2022-11-29,1238.110107421875,1246.9889910362924,1229.8018737736188,1234.3440108402901,11058913,RELIANCE,0.0017159236089697592,0.0017173966483061687
2022-11-30,1246.85205078125,1253.288707028199,1231.7192011093234,1238.247142030381,26164986,RELIANCE,0.007035905471552119,0.007060715607579038
2022-12-01,1243.1773681640625,1257.648284706288,1239.844994224955,1251.622529613266,9485801,RELIANCE,-0.0029515195739335306,-0.0029471681222202895
2022-12-02,1242.6522216796875,1254.4526976676975,1232.8147284105949,1246.235748845341,11589592,RELIANCE,-0.0004225120614324402,-0.0004224228157809762
2022-12-05,1224.529296875,1240.1871538032585,1222.4979714298172,1238.0187806031995,14828536,RELIANCE,-0.014691461197129559,-0.01458406824412295
2022-12-06,1228.0672607421875,1231.1714227767877,1214.7375243314339,1216.609222468136,8594245,RELIANCE,0.0028850781106016274,0.0028892439537513415
2022-12-07,1209.9443359375,1230.258436618436,1206.132596960368,1225.693478313524,8462111,RELIANCE,-0.014867245623320199,-0.014757273794380632
2022-12-08,1209.373779296875,1216.5636555928043,1205.1969012915213,1214.2811762641966,7757008,RELIANCE,-0.00047166732444975417,-0.00047155610690385874
2022-12-09,1191.0452880859375,1214.2809794282305,1187.7356151104486,1207.8899658959556,12655763,RELIANCE,-0.015271372957281289,-0.015155356867083358
2022-12-12,1192.871337890625,1197.3906539089487,1180.0437880026634,1180.272120443367,9479842,RELIANCE,0.0015319748534210673,0.0015331489263703535
2022-12-13,1198.3037109375,1201.9555809304147,1189.9497141999723,1192.8713067918438,8333348,RELIANCE,0.004543692771923425,0.004554030995900238
2022-12-14,1193.9669189453125,1204.6717371538757,1191.9126515922892,1204.0782660411908,7268947,RELIANCE,-0.003625674026001216,-0.003619109206291826
2022-12-15,1177.008056640625,1193.7386297598832,1173.6528618480468,1188.0324923462415,8688551,RELIANCE,-0.014305635191672545,-0.01420379579667752
2022-12-16,1171.1876220703125,1195.4733287956508,1167.7867851451592,1173.6527911334736,15837349,RELIANCE,-0.004957377737408898,-0.004945110220336946
2022-12-19,1186.5716552734375,1188.7172073020977,1171.6898388274747,1178.2177795852808,7729933,RELIANCE,0.013049891628026871,0.013135413074064628
2022-12-20,1196.843017578125,1198.7602374146065,1171.3704856304953,1179.541792973625,7467588,RELIANCE,0.008619084214518635,0.00865633546784883
2022-12-21,1179.8155517578125,1201.9555872542346,1175.9809916475376,1196.477661489117,8527550,RELIANCE,-0.014329157234182998,-0.014226983464187715
2022-12-22,1176.7569580078125,1189.013856887232,1171.7126347696108,1185.9781586267084,7451122,RELIANCE,-0.0025958000059584318,-0.0025924338303924266
2022-12-23,1142.245849609375,1182.554553491853,1137.703712598857,1170.137785137051,10257115,RELIANCE,-0.02976594625142275,-0.02932730345343615
2022-12-26,1152.2203369140625,1160.4144650934027,1137.772242230335,1147.9749955940688,5990242,RELIANCE,0.00869444073475099,0.008732347163352472
2022-12-27,1161.64697265625,1163.518549950611,1148.2031310835503,1154.9364624540497,5763271,RELIANCE,0.008147993496294161,0.008181278736525632
2022-12-28,1161.532958984375,1163.9751864269276,1151.056351446895,1158.5885450524734,7459393,RELIANCE,-9.81531136815739e-05,-9.814829682230908e-05
2022-12-29,1161.0078125,1163.5641454874342,1152.882148696241,1153.566904464591,6930648,RELIANCE,-0.00045221724395282814,-0.0004521150091463255
2022-12-30,1162.7882080078125,1176.3917984159748,1160.0036631000119,1161.82959814601,7289476,RELIANCE,0.00153231681306241,0.0015334914103453112
2023-01-02,1175.8896484375,1177.3048023328713,1163.244668797144,1164.066351583663,5316175,RELIANCE,0.0112042600918481,0.011267262894017582
2023-01-03,1167.28466796875,1174.565828259546,1163.0621480210023,1170.9366586985077,7658932,RELIANCE,-0.007344753731491561,-0.007317846942682227
2023-01-04,1149.7095947265625,1169.1107276232437,1147.6325061253483,1167.2618507099899,9264891,RELIANCE,-0.015170870819077432,-0.015056372900683068
2023-01-05,1147.6553955078125,1157.858149023016,1143.0676158255733,1151.969321148222,13637099,RELIANCE,-0.001788309454470444,-0.0017867113818760272
2023-01-06,1158.0863037109375,1163.1306272948216,1149.5955006159752,1153.4072395784428,6349597,RELIANCE,0.009047829915679874,0.009088885255934764
2023-01-09,1185.4302978515625,1187.8041821914996,1161.0306065888913,1161.9207528429104,10722753,RELIANCE,0.023336924603126218,0.023611361306151935
2023-01-10,1167.9010009765625,1189.6302560157692,1162.240505708343,1189.6302560157692,8047142,RELIANCE,-0.014897707848748387,-0.014787286023285828
2023-01-11,1153.178955078125,1167.7183330231771,1150.873534164056,1165.207642347734,11509553,RELIANCE,-0.012685683912100988,-0.01260555979156397
2023-01-12,1128.2769775390625,1156.077627831873,1125.2641003718309,1152.5855061360771,17688773,RELIANCE,-0.021830767066044882,-0.02159420047461358
2023-01-13,1126.451171875,1128.8705782042637,1111.3867843100481,1122.2513519945564,20618583,RELIANCE,-0.001619535431454715,-0.001618224691639858
2023-01-16,1115.723388671875,1131.951774613395,1107.917221092014,1128.7791493112115,13623855,RELIANCE,-0.009569161342442544,-0.009523522608857027
2023-01-17,1131.563720703125,1133.4809401269406,1118.6905304756872,1122.0685460066525,10751000,RELIANCE,0.014097526129989076,0.014197364859497963
2023-01-18,1129.6922607421875,1137.1788121810373,1123.1416187933949,1129.144552646858,13448286,RELIANCE,-0.001655239746036845,-0.0016538705922585217
2023-01-19,1128.4825439453125,1132.6366004638107,1121.4524163802744,1128.8705038207283,11940054,RELIANCE,-0.0010714112212088624,-0.0010708374651342556
2023-01-20,1115.0615234375,1129.8291140692525,1112.596474928504,1129.8291140692525,14930286,RELIANCE,-0.01196426742589091,-0.011892980161563704
2023-01-23,1109.4237060546875,1125.811961602633,1107.004299933337,1117.960272105855,10954118,RELIANCE,-0.005068884593501085,-0.005056059476819086
2023-01-24,1102.873046875,1115.51790607312,1089.8171651533376,1113.851719292168,16488755,RELIANCE,-0.005922061148210857,-0.005904560308146678
2023-01-25,1087.6259765625,1102.302402806859,1086.461976225218,1101.2753294802073,12385018,RELIANCE,-0.013921317830025084,-0.01382486439006081
2023-01-27,1066.9923095703125,1089.817098907081,1055.260297818003,1088.470529311336,25830975,RELIANCE,-0.019153553020787247,-0.018971289245408918
2023-01-30,1077.218017578125,1082.764407064242,1050.3987961919847,1064.4132886312711,21772103,RELIANCE,0.009538043354470569,0.009583675454915452
2023-01-31,1074.5245361328125,1089.9541811505658,1068.6585300710096,1087.3749062182637,22691594,RELIANCE,-0.0025035363524261696,-0.0025004051188896037
2023-02-01,1068.156494140625,1086.43914786492,1052.2246622437708,1086.43914786492,19347800,RELIANCE,-0.005944011872470316,-0.005926381183538054
2023-02-02,1062.2447509765625,1071.85391093282,1054.9635914721293,1058.1590377354637,13662663,RELIANCE,-0.00554990131720053,-0.0055345290661914515
2023-02-03,1063.1806640625,1072.3105805967245,1046.7467660021255,1072.3105805967245,24699575,RELIANCE,0.0008806831233000056,0.0008810710385502851
2023-02-06,1055.1690673828125,1059.528634971871,1052.5899131464937,1056.7896118119152,14837879,RELIANCE,-0.007564034171592423,-0.007535498857808909
2023-02-07,1052.635498046875,1062.4501695052957,1046.7466710224398,1055.4201633910932,15135435,RELIANCE,-0.002403990007091639,-0.002401102737233929
2023-02-08,1073.6572265625,1077.2863960062462,1053.137736379797,1055.8766387784026,21160332,RELIANCE,0.0197737717196004,0.019970567736533607
2023-02-09,1075.52880859375,1082.284961068636,1065.463103759131,1074.341987106508,13172763,RELIANCE,0.0017416663552990133,0.0017431839370580793
2023-02-10,1066.6729736328125,1075.00402903085,1059.6656668626474,1075.00402903085,10790445,RELIANCE,-0.008268021699197855,-0.008233935613976229
2023-02-13,1060.6014404296875,1072.7670546240697,1056.127767130611,1068.293381324993,10352493,RELIANCE,-0.005708290053701776,-0.0056920287222117505
2023-02-14,1085.5946044921875,1087.329254712915,1060.738368480938,1063.6143185684562,14321920,RELIANCE,0.023291715609186112,0.023565085912361505
2023-02-15,1110.1768798828125,1112.5735854842064,1083.2664969637603,1084.6358877756606,33503591,RELIANCE,0.022391494418621722,0.022644065555321946
2023-02-16,1109.3096923828125,1124.716518210531,1107.027213083921,1118.165755531408,17264487,RELIANCE,-0.000781430764181299,-0.0007811255266741979
2023-02-17,1113.9429931640625,1117.2754874405753,1100.4306882070916,1104.7217922905263,11809520,RELIANCE,0.00416804398264917,0.004176742358842578
2023-02-20,1102.1654052734375,1118.3025060122345,1100.202422672568,1116.1341329085612,8836937,RELIANCE,-0.010629172096475672,-0.010572882062098832
2023-02-21,1111.158447265625,1116.9558691842672,1101.22954869757,1106.547846833629,13311592,RELIANCE,0.008126322292475542,0.008159430471287976
2023-02-22,1085.9598388671875,1109.2868172204335,1084.2023673241313,1107.4380609994967,11024335,RELIANCE,-0.022938877246767356,-0.022677781427524635
2023-02-23,1080.7557373046875,1093.1953270218976,1077.9483712962124,1085.5490279902117,9851910,RELIANCE,-0.0048036868585409655,-0.004792167607163611
2023-02-24,1088.1510009765625,1093.8344379808216,1080.9840672539892,1082.8100022510873,9434053,RELIANCE,0.006819373281797928,0.006842678152528814
2023-02-27,1080.91552734375,1090.8672478016565,1073.543202799622,1087.3750050988056,11199715,RELIANCE,-0.006671533929934726,-0.006649328655966902
2023-02-28,1060.2362060546875,1080.5274845520237,1056.1734344203933,1075.5516247048565,21994038,RELIANCE,-0.019316673335588536,-0.01913130190652368
2023-03-01,1069.9822998046875,1070.712697848546,1060.5555887311154,1070.0279421357468,11551145,RELIANCE,0.009150386897987854,0.009192379673834017
2023-03-02,1061.833984375,1073.5203549354069,1059.802538079039,1066.8326656493814,9333535,RELIANCE,-0.007644519062465532,-0.007615374040462974
2023-03-03,1088.927001953125,1092.6018137297042,1068.909698230002,1072.3789987479975,14643807,RELIANCE,0.025195222485529387,0.025515304630292057
2023-03-06,1099.5633544921875,1106.8216933590497,1095.5918675399987,1095.5918675399987,10171916,RELIANCE,0.009720341015542783,0.009767736974090058
2023-03-08,1103.5120849609375,1104.265304210858,1088.7443751303776,1099.5632986303585,15782657,RELIANCE,0.0035847476001985403,0.0035911804923451918
2023-03-09,1076.9896240234375,1103.3066574341256,1075.095225544964,1102.8958764013148,16235128,RELIANCE,-0.024328134156569096,-0.024034590376451392
2023-03-10,1060.3048095703125,1070.0281981219273,1056.8125666742676,1068.887018825526,13334091,RELIANCE,-0.015613340994592382,-0.015492084678396023
2023-03-13,1042.866455078125,1070.027990166369,1038.5297089513685,1063.1805534779228,12771592,RELIANCE,-0.016583294399891015,-0.016446548515850257
2023-03-14,1038.9635009765625,1052.2018311560978,1035.8136967949142,1040.812257084253,16027522,RELIANCE,-0.0037495460788018807,-0.0037425253085450194
2023-03-15,1021.205810546875,1049.1662111592916,1016.800600298463,1042.6840329673732,21728555,RELIANCE,-0.017239486217768083,-0.017091736536458013
2023-03-16,1016.1157836914062,1028.9433330363881,1005.2968594074098,1023.921951504309,18363159,RELIANCE,-0.0049967933000705685,-0.004984330095755052
2023-03-17,1014.837646484375,1028.0075129528561,1010.0900587449327,1024.720781814394,34014213,RELIANCE,-0.001258657492366077,-0.0012578657152514383
2023-03-20,1004.8632202148438,1013.4225471579439,995.1626537042278,1011.1400680229121,19524589,RELIANCE,-0.009877212537148882,-0.009828593079971859
2023-03-21,1036.1102294921875,1038.0732119172073,1012.0528577510236,1012.9430039303461,21400360,RELIANCE,0.030622104341061322,0.031095783633779517
2023-03-22,1039.2601318359375,1046.0391051865406,1036.247254791225,1043.0946916431246,10920094,RELIANCE,0.003035510982646568,0.0030401228113476897
2023-03-23,1026.1131591796875,1036.2016854580306,1023.9447859117854,1035.3343603002547,16249370,RELIANCE,-0.012731016018643153,-0.01265031944699424
2023-03-24,1005.7989501953125,1027.117362031003,1003.3795441878093,1024.9489888672188,12375945,RELIANCE,-0.01999583126079214,-0.019797240492086643
2023-03-27,1021.4338989257812,1028.9432703448797,1004.3838307288752,1012.2812223607901,14054323,RELIANCE,0.015425222364284653,0.015544805179437349
2023-03-28,1026.2044677734375,1030.0846702786253,1021.1829653124684,1024.8349561252708,12576424,RELIANCE,0.004659589854046518,0.004670462623840299
2023-03-29,1020.133056640625,1024.7436572444662,1009.3597140789179,1022.0959186617868,18804065,RELIANCE,-0.005933946747074283,-0.005916375657558426
2023-03-31,1064.116455078125,1069.7770709600845,1029.2629756900762,1029.3999027039445,28171201,RELIANCE,0.04221176871609818,0.0431153545620222
2023-04-03,1064.299072265625,1072.3106311531849,1056.7896998650788,1070.4846960590223,10293043,RELIANCE,0.00017159918784846113,0.00017161391183129204
2023-04-05,1061.74267578125,1071.8540232011114,1053.8453439607506,1071.8540232011114,16262928,RELIANCE,-0.0024048424437106103,-0.0024019531267025496
2023-04-06,1068.864013671875,1074.5930932267388,1058.2276581630158,1058.2276581630158,18435046,RELIANCE,0.006684823102305107,0.006707216402868088
2023-04-10,1061.2861328125,1072.9496819536614,1059.779694186431,1072.7671126043012,12961408,RELIANCE,-0.007114909565512122,-0.007089658518245612
2023-04-11,1066.535888671875,1068.6586196822263,1060.9210357303307,1065.4631729553812,10542367,RELIANCE,0.004934403778387601,0.004946597997528501
2023-04-12,1071.23779296875,1080.8925957399235,1063.6599579243734,1066.5357872569193,18179087,RELIANCE,0.004398886485648966,0.00440857578897802
2023-04-13,1075.27783203125,1079.9797173840186,1069.1151503508545,1074.1365320735108,12378208,RELIANCE,0.003764280852181356,0.003771374655578308
2023-04-17,1080.73291015625,1106.9814803229494,1072.333391852291,1106.9814803229494,17929479,RELIANCE,0.005060354903639859,0.005073180123777998
2023-04-18,1068.36181640625,1085.0923881243807,1061.8110548039576,1085.0923881243807,10405576,RELIANCE,-0.011512968920575475,-0.011446948301233273
2023-04-19,1073.6800537109375,1076.3733137885806,1064.64142217666,1067.768405195298,12273475,RELIANCE,0.004965587560682724,0.004977936522083004
2023-04-20,1070.9638671875,1076.8755157885284,1064.595795217696,1074.638679040759,7007330,RELIANCE,-0.002532996689324689,-0.0025297913601445288
2023-04-21,1072.310546875,1077.7884724738815,1066.5586465106753,1073.0637661728558,7647317,RELIANCE,0.0012566565026722262,0.0012574464263079843
2023-04-24,1076.4190673828125,1086.8727319946267,1071.8539885727766,1084.1794719407253,12936186,RELIANCE,0.0038241437987285645,0.003831465166304504
2023-04-25,1084.65869140625,1086.7357798786459,1072.9952636709509,1080.0709122812248,9236126,RELIANCE,0.007625513627794443,0.0076546618999151494
2023-04-26,1078.2906494140625,1089.2466212621475,1074.6158376300252,1086.0054116702795,8617834,RELIANCE,-0.005888312103763082,-0.005871009970824459
2023-04-27,1085.115234375,1088.2878596252956,1079.1579437194785,1084.1794457664448,9167125,RELIANCE,0.0063091328815066934,0.006329077382472015
2023-04-28,1104.949951171875,1106.5021527689444,1087.2607695641375,1087.3748753991613,15565210,RELIANCE,0.018113852736712698,0.01827890363026685
2023-05-02,1114.3310546875,1116.4994278601828,1108.4194062766874,1112.1170391794083,12981805,RELIANCE,0.008454233029751654,0.008490070980749609
2023-05-03,1104.7674560546875,1116.1342091904096,1101.549188303151,1116.1342091904096,7061872,RELIANCE,-0.008619408103275135,-0.00858236750432706
2023-05-04,1117.503662109375,1119.717677582049,1102.2567073883076,1105.2467632974385,8635233,RELIANCE,0.011462458742281953,0.011528404448272411
2023-05-05,1114.650634765625,1123.5979821409157,1112.0258380416835,1114.3083172243437,8746585,RELIANCE,-0.00255630079101399,-0.0025530362364671877
2023-05-08,1128.4140625,1133.7778823916174,1115.746261129747,1118.4167001177036,9153782,RELIANCE,0.012272138639528411,0.012347750322027062
2023-05-09,1131.9061279296875,1135.2158009724574,1124.4652198090143,1129.8290394334551,6464721,RELIANCE,0.0030898880811848018,0.003094666705899529
2023-05-10,1139.6895751953125,1141.173192717246,1132.659447469911,1136.6766978121202,10872255,RELIANCE,0.006852872379819714,0.006876407039037247
2023-05-11,1132.24853515625,1145.5781493917782,1130.5365853892238,1140.762158669685,10557860,RELIANCE,-0.006550413157616016,-0.006529005968829105
2023-05-12,1134.097412109375,1135.4897449397138,1121.3839680276494,1127.4553650769165,6955341,RELIANCE,0.0016315932397814596,0.0016329250122366634
2023-05-15,1136.334228515625,1143.318592964205,1128.9846046154787,1136.6310244600713,6833343,RELIANCE,0.0019703893214994684,0.0019723318141513513
2023-05-16,1120.1514892578125,1141.0589403639667,1118.485181669263,1138.5026071786638,8717229,RELIANCE,-0.014343557842437474,-0.01424117909301359
2023-05-17,1113.5321044921875,1125.2639949628326,1108.8302198375738,1124.3510275803587,8798967,RELIANCE,-0.005926895072630624,-0.005909365678753775
2023-05-18,1111.1357421875,1121.6123498838558,1107.9858169299096,1118.21139175125,10525531,RELIANCE,-0.0021543559728315832,-0.0021520370135895694
2023-05-19,1114.741943359375,1116.5679991928369,1104.1968724046772,1111.1357155261294,8050447,RELIANCE,0.003240253811329686,0.003245509108342981
2023-05-22,1120.69921875,1125.7207212869755,1110.3596592183865,1111.5693019532657,7434906,RELIANCE,0.005329855774452337,0.00534408472392478
2023-05-23,1120.4937744140625,1126.6336347127256,1119.0786204739588,1123.2784399572938,6092034,RELIANCE,-0.00018333480172350253,-0.0001833179969257248
2023-05-24,1113.9658203125,1124.8076864197674,1110.861658447196,1116.545095308795,8112254,RELIANCE,-0.005842999076228435,-0.005825961955903014
2023-05-25,1113.8289794921875,1117.9603357408223,1102.9187697829475,1111.0672556833676,11487863,RELIANCE,-0.0001228486757367289,-0.00012284113014715548
2023-05-26,1144.2088623046875,1145.3500415058625,1118.7591533794464,1122.0687058844728,12626260,RELIANCE,0.026909837825069918,0.027275177223661906
2023-05-29,1150.6453857421875,1154.9364899661489,1144.5283465169668,1150.8279550929283,10010304,RELIANCE,0.005609541713701813,0.005625304653326557
2023-05-30,1150.3486328125,1158.451475420254,1147.7921790871794,1150.645307987406,11342504,RELIANCE,-0.0002579345525801432,-0.00025790129032332576
2023-05-31,1127.5008544921875,1145.7379850828543,1123.438083146388,1141.2414908293927,27107927,RELIANCE,-0.020061505140278435,-0.01986161209619708
2023-06-01,1124.4652099609375,1134.3484659204855,1122.068625138698,1132.1800927726736,14592692,RELIANCE,-0.0026959965497314604,-0.002692365614762382
2023-06-02,1120.7904052734375,1133.412563645759,1118.8731857024297,1128.003101699598,15800644,RELIANCE,-0.00327339831055451,-0.0032680465833422323
2023-06-05,1130.8563232421875,1133.8235582589482,1122.274114564264,1126.268543700321,10908682,RELIANCE,0.008940998512947728,0.008981088632976197
2023-06-06,1131.8148193359375,1135.6265579862757,1123.8946668621782,1133.6865172838243,7493309,RELIANCE,0.0008472253285478517,0.0008475843253030746
2023-06-07,1140.3970947265625,1141.241598708449,1128.7335456658939,1135.3071289198083,10312545,RELIANCE,0.0075541512214683006,0.0075827558042227405
2023-06-08,1141.081787109375,1148.9335976883083,1137.133121023714,1143.9805586437908,12071109,RELIANCE,0.0006002180505104526,0.0006003982174092037
2023-06-09,1133.001708984375,1145.144501301207,1131.1984746215855,1144.4369244051343,5877018,RELIANCE,-0.007106258096305622,-0.007081068347842723
2023-06-12,1134.006103515625,1136.311403822295,1125.2641468372988,1130.0574375493186,6391969,RELIANCE,0.0008860971642268208,0.0008864898643006214
2023-06-13,1150.759521484375,1151.946463788879,1134.9647365494955,1138.9591656822827,11248016,RELIANCE,0.014665590256438528,0.014773657669752804
2023-06-14,1164.9107666015625,1166.3487415549168,1149.0018781974788,1150.8278129732469,13277380,RELIANCE,0.012222311055885407,0.012297308736523682
2023-06-15,1165.23046875,1169.7954267696327,1157.4471223513988,1164.888030487722,11813494,RELIANCE,0.0002744058133414869,0.0002744434660606476
2023-06-16,1176.574462890625,1178.856942021871,1168.72265257123,1168.72265257123,24171579,RELIANCE,0.009688324351516281,0.009735408097244713
2023-06-19,1164.8880615234375,1179.5873088461865,1160.7111839901809,1179.5873088461865,6798554,RELIANCE,-0.009982221185156657,-0.009932564181680537
2023-06-20,1167.3074951171875,1170.457299404325,1157.2189687814275,1162.9480481347903,6921096,RELIANCE,0.002074812684383925,0.0020769665976194673
2023-06-21,1170.59423828125,1173.127750027222,1163.1533304634168,1167.2617442064677,6961603,RELIANCE,0.0028117052846482866,0.002815661835301242
2023-06-22,1157.4471435546875,1174.702723824018,1155.8494202932393,1166.8053921892115,7619166,RELIANCE,-0.011294674221043155,-0.011231128854577332
2023-06-23,1147.9749755859375,1156.4885999942844,1146.7195697742059,1154.4343325060674,6628570,RELIANCE,-0.008217342230301128,-0.008183672162911604
2023-06-26,1139.2100830078125,1148.2715353178476,1136.0831001245695,1144.436975506937,12641159,RELIANCE,-0.007664386798403304,-0.007635090280301071
2023-06-27,1139.62109375,1145.578264166708,1135.1474200849475,1139.666736088607,9689466,RELIANCE,0.00036072066315053164,0.0003607857306724416
2023-06-28,1154.708251953125,1158.519990797568,1140.2600374666351,1147.1760589375283,11354006,RELIANCE,0.013151883100059762,0.01323874951584103
2023-06-30,1164.1805419921875,1167.1021346662303,1156.511421596289,1162.423070452648,11151555,RELIANCE,0.008169725731517651,0.00820318900730177
2023-07-03,1194.058349609375,1196.934300105854,1166.5087289327182,1167.7413136446191,12154387,RELIANCE,0.02534044070991147,0.025664238955634522
2023-07-04,1181.755615234375,1198.3036177471888,1174.6798459927943,1198.3036177471888,8061643,RELIANCE,-0.01035674048972024,-0.010303294122121165
2023-07-05,1179.8155517578125,1190.9997357239995,1175.8440646341217,1190.9997357239995,10248062,RELIANCE,-0.0016430281162973367,-0.0016416790845353857
2023-07-06,1204.5804443359375,1207.1824197013011,1175.958111582341,1175.958111582341,19117987,RELIANCE,0.020773213150001864,0.02099047816519084
2023-07-07,1202.2294921875,1216.5406584496827,1199.6730384312104,1202.8686056265724,13375267,RELIANCE,-0.001953584170034053,-0.0019516771665121224
2023-07-10,1248.541015625,1258.1046546175523,1221.1284462814795,1227.4736968882496,33240016,RELIANCE,0.03779793895049913,0.03852136695901098
2023-07-11,1262.0760498046875,1264.495455649915,1249.7050458386786,1256.6894093813987,20069348,RELIANCE,0.01078234151792969,0.01084068045046327
2023-07-12,1263.468505859375,1279.103541836806,1260.683840337917,1262.806571231475,18733835,RELIANCE,0.001102697786629994,0.0011033059813654322
2023-07-13,1252.170166015625,1277.7339788902639,1249.545369524751,1270.8408996155135,14682934,RELIANCE,-0.008982542634748642,-0.008942320122229841
2023-07-14,1251.120361328125,1260.341562579208,1243.9989491216202,1255.3657025022662,15124144,RELIANCE,-0.0008387398406826881,-0.0008383881967419793
2023-07-17,1276.68408203125,1285.0607786645128,1245.3227267228626,1253.9962192785829,22220040,RELIANCE,0.020226716759631728,0.020432662990144124
2023-07-18,1287.52587890625,1295.286283587151,1274.995004828538,1285.9509768018002,25867313,RELIANCE,0.00845629776596359,0.008492153248868206
2023-07-19,1297.294921875,1303.7543992835303,1276.8210735612868,1291.8854597114334,39122156,RELIANCE,0.00755881373219402,0.007587453680580669
2023-07-20,1295.723876953125,1301.213635792283,1276.014839753512,1276.014839753512,38717624,RELIANCE,-0.0012117498838191065,-0.0012110160113818491
2023-07-21,1255.6134033203125,1293.2755748788927,1248.1205739980844,1290.3576048302098,30249238,RELIANCE,-0.03144529656179955,-0.030956034959494394
2023-07-24,1230.216796875,1243.8424839995957,1221.2649818512405,1227.0515368964086,23727866,RELIANCE,-0.020433809286956244,-0.020226453762084984
2023-07-25,1229.425537109375,1239.0203294862108,1226.5569523456327,1233.4810641733905,12026020,RELIANCE,-0.0006433941894623122,-0.000643187255803146
2023-07-26,1249.406494140625,1259.693770122974,1229.0298463901022,1229.0298463901022,12911012,RELIANCE,0.0161216165860062,0.016252271022634934
2023-07-27,1237.7838134765625,1255.06933898356,1231.6758304667376,1253.2889256301971,17226898,RELIANCE,-0.00934610048244443,-0.00930256143102326
2023-07-28,1250.2225341796875,1257.6412248805652,1236.7204929547063,1242.4081558253793,20827852,RELIANCE,0.009999029424145671,0.010049186754339967
2023-07-31,1260.8065185546875,1263.1062644351005,1245.3261593927457,1250.222567835286,8551174,RELIANCE,0.008430047468591073,0.008465680377409468
2023-08-01,1242.976806640625,1265.6285651725407,1239.0696780480796,1263.650247759219,9536632,RELIANCE,-0.014242457105976122,-0.014141513112179482
2023-08-02,1229.697509765625,1242.383422770223,1218.4458286875906,1240.9985763343113,12748214,RELIANCE,-0.010740941056086813,-0.010683463121801684
2023-08-03,1224.529052734375,1236.893537376658,1215.700883147937,1224.2323775511124,10168350,RELIANCE,-0.004211888788855919,-0.004203031225325504
2023-08-04,1241.1717529296875,1244.3617658987635,1222.4024889169664,1235.8550243989196,22885610,RELIANCE,0.013499572130812449,0.013591102765711627
2023-08-07,1248.2442626953125,1250.4945023600335,1238.92139273861,1246.8346631113916,5982870,RELIANCE,0.005682078648021412,0.005698252275666782
2023-08-08,1240.7265625,1253.4867351589849,1236.2259624118224,1250.2967221809695,9844072,RELIANCE,-0.006040828586884436,-0.006022619466385271
2023-08-09,1248.911865234375,1250.7912910864598,1227.1009863432985,1238.8472469851743,11486586,RELIANCE,0.006575518867160342,0.006597185054120214
2023-08-10,1254.475830078125,1261.177404750792,1240.6276075945868,1248.788167272386,15470598,RELIANCE,0.004445155671162436,0.0044550500308568886
2023-08-11,1259.767822265625,1265.5544976220099,1242.5565564009414,1252.4975295128647,22179330,RELIANCE,0.004209615879872967,0.004218488758902961
2023-08-14,1274.65478515625,1277.1524353275731,1248.8130109688743,1255.7371227128601,9575812,RELIANCE,0.011747949268179484,0.011817227450572343
2023-08-16,1273.6160888671875,1277.3996937112483,1261.672044700447,1261.672044700447,10203112,RELIANCE,-0.0008152165903360917,-0.0008148843915689596
2023-08-17,1255.2425537109375,1275.0752365265755,1252.695518025622,1269.6348629683328,13673744,RELIANCE,-0.014531344819912013,-0.014426274382724147
2023-08-18,1264.5406494140625,1274.827925208279,1240.6771930744892,1251.9041214413387,18639978,RELIANCE,0.0073801094428075165,0.007407409568482626
2023-08-21,1250.74267578125,1268.3374245054665,1248.5836072167706,1260.6443643964944,9221746,RELIANCE,-0.010971417733980334,-0.010911451236625624
2023-08-22,1250.44482421875,1259.6517042081298,1240.319812990251,1249.204008079304,7713044,RELIANCE,-0.00023816812126871274,-0.0002381397614932279
2023-08-23,1251.8345947265625,1262.0838090060652,1249.2288807667073,1252.8272476636503,9517952,RELIANCE,0.001110803725748228,0.0011114208967042405
2023-08-24,1230.7904052734375,1260.6195534341234,1226.4227081001463,1260.6195534341234,14140020,RELIANCE,-0.01695358219710778,-0.016810678936159063
2023-08-25,1225.1075439453125,1243.2978613921046,1212.3271367872899,1218.9778633049934,22222400,RELIANCE,-0.004627937795867067,-0.004617245392697478
2023-08-28,1212.897705078125,1232.87484375,1206.6192242506277,1226.9189266304347,12580826,RELIANCE,-0.010016336883021512,-0.00996634044703304
2023-08-29,1201.2838134765625,1217.7121468384466,1195.2285336373561,1217.0173382536789,16876644,RELIANCE,-0.00962146475412804,-0.009575326553045493
2023-08-30,1200.142333984375,1212.525656094156,1198.628513903965,1207.066064519438,12168946,RELIANCE,-0.000950668068109411,-0.0009502163263850338
2023-08-31,1194.6578369140625,1203.5917135507277,1191.133870437995,1202.5990605910981,21638600,RELIANCE,-0.004580345972485655,-0.0045698721851635815
2023-09-01,1197.4619140625,1203.9141576589248,1192.0023233270636,1194.4343955405523,18112842,RELIANCE,0.0023444298151395664,0.002347180139612881
2023-09-04,1196.494140625,1202.921543874001,1193.8140262826475,1197.4619529612135,9347626,RELIANCE,-0.0008085139978438938,-0.0008081872384706479
2023-09-05,1202.89697265625,1208.033879307401,1197.362859390741,1201.1101487589585,8675876,RELIANCE,0.005337060051695914,0.005351327527525873
2023-09-06,1205.4281005859375,1209.125708635972,1199.745186611218,1201.6560920331103,8200370,RELIANCE,0.002101982734603723,0.002104193449001812
2023-09-07,1207.06591796875,1210.1679582595825,1196.6430625915527,1201.9537313347682,13652572,RELIANCE,0.0013577796436670664,0.0013587018437817289
2023-09-08,1215.1064453125,1218.9778160313297,1202.5742018862823,1211.0365924741222,23109288,RELIANCE,0.0066391285771685345,0.0066612164456441025
2023-09-11,1228.20947265625,1229.326207160582,1216.9924464989115,1216.9924464989115,13271074,RELIANCE,0.01072571325100488,0.010783439915323711
2023-09-12,1210.4658203125,1232.3785847782628,1209.026400892418,1232.3785847782628,16255666,RELIANCE,-0.014552134527260265,-0.01444676395906297
2023-09-13,1216.52099609375,1222.2783103355039,1204.2120756300537,1211.0365644667,12803338,RELIANCE,0.004989881530674889,0.005002351722485532
2023-09-14,1217.6376953125,1223.8417758931353,1213.5181615722684,1220.9630582690309,9209636,RELIANCE,0.0009175238254052227,0.0009179448791560851
2023-09-15,1219.89599609375,1224.9336610195687,1215.7516218263509,1224.9336610195687,25468592,RELIANCE,0.0018529396622057731,0.0018546574157023432
2023-09-18,1209.274658203125,1216.4962329024152,1207.0908701058952,1211.061482045193,7516300,RELIANCE,-0.008744882175198566,-0.008706756907667312
2023-09-20,1182.3240966796875,1204.882232531632,1168.8488809798134,1202.623922773179,57081884,RELIANCE,-0.022538648964391464,-0.022286551149168776
2023-09-21,1173.7127685546875,1186.269851496792,1171.3303774506073,1178.7504333612094,12226182,RELIANCE,-0.007310043912140407,-0.007283390526491962
2023-09-22,1168.823974609375,1182.4729522811776,1166.367182863141,1179.2716708437545,19176786,RELIANCE,-0.004173937554824664,-0.004165238784385572
2023-09-25,1161.6273193359375,1171.6779308453931,1158.9720452955405,1166.5657437194718,14254884,RELIANCE,-0.006176209877313778,-0.0061571762983752
2023-09-26,1162.644775390625,1166.4664650387544,1159.2201711598175,1160.684310036077,10087782,RELIANCE,0.0008755051716938348,0.0008758885382182946
2023-09-27,1175.747802734375,1177.1872222950064,1160.6595255350553,1163.1411580463555,11722778,RELIANCE,0.011206984325245044,0.011270017825820933
2023-09-28,1158.4757080078125,1182.7460248832851,1153.959088482433,1182.7460248832851,14518346,RELIANCE,-0.014799276837386537,-0.014690305766588474
2023-09-29,1163.8856201171875,1175.847137006539,1158.475709840611,1162.2973995824232,12342014,RELIANCE,0.004658983793385211,0.004669853732779838
2023-10-03,1150.5592041015625,1159.2201982891547,1149.4921506176527,1156.4158809171215,8859056,RELIANCE,-0.011515991353777583,-0.011449936132283511
2023-10-04,1148.5738525390625,1150.981084388904,1139.1189302205564,1146.0178196869251,10286386,RELIANCE,-0.0017270440701447809,-0.0017255535877011008
2023-10-05,1148.5491943359375,1156.1428927957072,1146.017880733707,1151.1052273242312,10953682,RELIANCE,-2.1468769955081746e-05,-2.1468539502689232e-05
2023-10-06,1150.4847412109375,1153.8597853939605,1147.5316229908371,1150.0132553057874,5431026,RELIANCE,0.001683791876553969,0.0016852102500659605
2023-10-09,1140.6822509765625,1147.4818990309532,1139.0691900320726,1145.5711149238573,7576878,RELIANCE,-0.008556818493418205,-0.008520313119544265
2023-10-10,1145.719970703125,1150.435072150941,1143.4121010954177,1144.8018394410437,10236032,RELIANCE,0.004406685605035532,0.004416409321920778
2023-10-11,1163.910400390625,1166.2182699823193,1148.0031129607796,1148.7227620999727,9814118,RELIANCE,0.015752135965910345,0.015876854862132417
2023-10-12,1166.0693359375,1171.0078811502246,1160.485663265934,1163.3148210249558,12554450,RELIANCE,0.0018531802067451404,0.0018548984063984086
2023-10-13,1166.019775390625,1170.0896281233202,1156.0187245288932,1161.4039150831682,10150316,RELIANCE,-4.2503133042099245e-05,-4.250222979673701e-05
2023-10-16,1163.4140625,1168.6254903286665,1159.4186102633319,1163.885548402189,5929036,RELIANCE,-0.002237207973080241,-0.002234707288520932
2023-10-17,1168.972900390625,1171.18152891328,1162.0491704758838,1169.3451452373686,7928180,RELIANCE,0.0047666605107004835,0.00477803910903396
2023-10-18,1153.4627685546875,1174.8048077319042,1151.9737890772074,1168.9729714451066,8918320,RELIANCE,-0.013356979173291188,-0.013268170571580029
2023-10-19,1144.603271484375,1152.37085365543,1142.0472385636656,1147.5068298823098,12032556,RELIANCE,-0.00771043199620649,-0.007680782866891889
2023-10-20,1141.104248046875,1148.846868358942,1139.7145096810816,1141.5508934053469,8913312,RELIANCE,-0.0030616569625345935,-0.003056974870395357
2023-10-23,1123.2860107421875,1144.6528889030683,1119.340239652529,1136.5875839948083,7853962,RELIANCE,-0.015738104343275647,-0.015614907520662857
2023-10-25,1120.680419921875,1132.2200112886635,1113.2603628260954,1116.7594889591046,11620688,RELIANCE,-0.002322309242891231,-0.0023196147689855673
2023-10-26,1105.07080078125,1120.7050833883056,1101.993601137725,1117.2307983645155,15222534,RELIANCE,-0.014026612607840997,-0.013928698015187257
2023-10-27,1124.5765380859375,1128.3982276638756,1109.761144511754,1111.7712909465938,11771084,RELIANCE,0.017497148183531163,0.0176511199924001
2023-10-30,1147.7550048828125,1153.9590859902871,1126.6362885582769,1128.6464350717906,16813304,RELIANCE,0.020401310535456553,0.020610839735573316
2023-10-31,1135.5452880859375,1155.4480281047179,1133.0636557231696,1155.4480281047179,12808438,RELIANCE,-0.01069489914584243,-0.01063791204998632
2023-11-01,1140.2603759765625,1150.236586425296,1129.2419526519689,1136.1656826268284,10309190,RELIANCE,0.0041436707110693105,0.0041522675846532575
2023-11-02,1151.57666015625,1153.6116471680004,1145.4966608528325,1148.4746196953226,10562104,RELIANCE,0.00987537592566204,0.009924298360359796
2023-11-03,1151.3284912109375,1158.897469898072,1149.3680258840427,1155.0509397455937,8850156,RELIANCE,-0.00021552684974956562,-0.00021550362550659674
2023-11-06,1160.9075927734375,1161.4039192346488,1154.256866662586,1157.5822297180116,10647304,RELIANCE,0.008285621377890512,0.00832004213882076
2023-11-07,1153.3634033203125,1160.9572220726066,1151.2540159543112,1158.4507493206686,6960204,RELIANCE,-0.006519734455649916,-0.006498527100767593
2023-11-08,1159.3690185546875,1161.9003321646271,1152.3460470752768,1157.4333936812945,7884494,RELIANCE,0.00519353529754729,0.005207045079708594
2023-11-09,1146.787109375,1159.3689122452765,1143.6353879313751,1159.344192861405,14513610,RELIANCE,-0.010911693155429444,-0.010852376575814171
2023-11-10,1148.9461669921875,1149.6659373563402,1140.5831381668131,1144.3055869187945,7734954,RELIANCE,0.0018809312701591814,0.0018827013309943297
2023-11-13,1148.79736328125,1153.7606282722284,1147.3579437297892,1152.9167762849927,3854810,RELIANCE,-0.0001295216016801045,-0.00012951321411958094
2023-11-15,1169.5684814453125,1172.2982770196893,1154.9516911953863,1161.4039352802765,12220648,RELIANCE,0.017919237386305742,0.018080750207099205
2023-11-16,1171.6778564453125,1178.3534231349859,1164.8533675821152,1166.9131951067154,13134910,RELIANCE,0.0018019253562618985,0.0018035497993185157
2023-11-17,1169.121826171875,1177.9067803474445,1167.3846835483773,1167.8064883385834,7758634,RELIANCE,-0.0021838957928036373,-0.002181512827418408
2023-11-20,1166.0445556640625,1170.5362129509904,1159.61703140789,1165.6474702823514,4490186,RELIANCE,-0.0026355914619731633,-0.00263212134007329
2023-11-21,1180.7109375,1185.227556641674,1171.4296571663483,1174.3083747965666,8214450,RELIANCE,0.012499446857395851,0.012577891440507694
2023-11-22,1185.3267822265625,1188.4288224829827,1177.3855591701267,1178.7752974396924,8534814,RELIANCE,0.003901755702310961,0.0039093774606135945
2023-11-23,1188.9500732421875,1191.1835423841578,1185.3268657327444,1185.3268657327444,8531542,RELIANCE,0.0030521241193906447,0.0030567865924862048
2023-11-24,1188.1558837890625,1192.474021001291,1186.7414260587238,1187.0144298509326,6749486,RELIANCE,-0.000668198639043152,-0.0006679754440481744
2023-11-28,1188.404052734375,1191.034607263244,1178.899449291774,1188.1558894990753,13792174,RELIANCE,0.00020884720170582,0.00020886901180094952
2023-11-29,1191.5308837890625,1197.1145563492605,1190.2156671664848,1195.1540911072586,12531306,RELIANCE,0.002627662467432033,0.0026311177982716316
2023-11-30,1179.9913330078125,1191.530923348677,1176.2440439527552,1188.5529645510346,28439984,RELIANCE,-0.009731843770307818,-0.00968464262088975
2023-12-01,1188.3544921875,1189.3967050711567,1180.0658643673892,1180.2643464861462,14342842,RELIANCE,0.007062476985044986,0.007087475090490347
2023-12-04,1201.2093505859375,1215.9999042684663,1190.4887710727894,1215.9999042684663,15590990,RELIANCE,0.010759270940306348,0.010817360041088797
2023-12-05,1209.919921875,1211.4585824899339,1201.929016778731,1210.5403299982054,12693624,RELIANCE,0.007225335682726536,0.007251501401328131
2023-12-06,1221.5091552734375,1227.3905513904704,1208.5549856031337,1214.560584514323,16422442,RELIANCE,0.009532929644719803,0.009578512750230361
2023-12-07,1219.4989013671875,1221.4345260102064,1212.0291642243994,1220.9630401277734,8142096,RELIANCE,-0.0016470690092469605,-0.0016457133354845777
2023-12-08,1218.8536376953125,1229.2516522307412,1213.5181285411948,1222.8739302715144,10204894,RELIANCE,-0.0005292620132654323,-0.0005291219788321477
2023-12-11,1220.6405029296875,1224.7351961410227,1217.1909371644088,1218.9777608532804,7066138,RELIANCE,0.0014649476087520241,0.00146602116867256
2023-12-12,1203.1201171875,1223.4198198791,1201.1843713898427,1220.9630282642331,9197124,RELIANCE,-0.014457443336785692,-0.014353436331283831
2023-12-13,1208.03369140625,1210.2176004047437,1194.3103140708777,1202.102614795848,10031182,RELIANCE,0.0040757093164416796,0.0040840263150419
2023-12-14,1223.0228271484375,1228.3831772791464,1212.3518080035872,1217.9851619285064,16972354,RELIANCE,0.01233153205035035,0.012407878893459401
2023-12-15,1238.63232421875,1240.8161121066785,1225.9511593183302,1229.8969303201395,15932152,RELIANCE,0.0126822851534168,0.012763046382958443
2023-12-18,1251.239013671875,1258.1379030406688,1236.3243792186838,1238.6323699765335,14165188,RELIANCE,0.010126464762101656,0.010177910915635469
2023-12-19,1269.6527099609375,1277.4945707453207,1253.3234974409622,1268.1140495332209,16820604,RELIANCE,0.014609135024192489,0.01471637000434134
2023-12-20,1254.2913818359375,1289.8780864366483,1250.7426960684581,1276.080186427869,17736722,RELIANCE,-0.012172629221203848,-0.012098842466514048
2023-12-21,1271.8614501953125,1277.2962009364337,1249.8741628164655,1254.2170195322976,13765454,RELIANCE,0.013910759053466521,0.014007963870131368
2023-12-22,1273.102294921875,1280.9689971307214,1264.4661412408368,1270.3973397701047,16541784,RELIANCE,0.0009751375258441037,0.0009756131270208801
2023-12-26,1279.554443359375,1286.453332624264,1271.935783794956,1274.5663382448713,7465664,RELIANCE,0.0050552524994307724,0.0050680518472365765
2023-12-27,1283.9222412109375,1290.3992050276352,1277.0977519092014,1281.5150092423955,9204156,RELIANCE,0.0034077174211257916,0.003413530291134226
2023-12-28,1293.2034912109375,1296.4047727896045,1283.922210219302,1285.38634910855,12302636,RELIANCE,0.00720282290432875,0.007228825626734547
2023-12-29,1282.97900390625,1297.3973111899322,1280.1748079960485,1295.958012986606,10864584,RELIANCE,-0.007937745877260509,-0.007906325163964278
2024-01-01,1285.609619140625,1293.848686885263,1277.1223881648045,1280.7952766903763,4030540,RELIANCE,0.0020482969756267836,0.002050396168889357
2024-01-02,1296.255859375,1297.8937610136477,1277.0480485996618,1283.0039664322292,7448800,RELIANCE,0.00824698317002725,0.008281083212096307
2024-01-03,1282.16015625,1307.3238832997818,1279.132516403198,1295.412048372221,9037536,RELIANCE,-0.010933723234265605,-0.010874167335911844
2024-01-04,1288.7860107421875,1295.337616733607,1280.0755785995668,1284.4928354763001,9612778,RELIANCE,0.005154420770781171,0.005167727650784659
2024-01-05,1294.2705078125,1300.3009471094986,1289.456165302221,1291.8881165287519,8086406,RELIANCE,0.004246523661193467,0.004255552919257832
2024-01-08,1284.1702880859375,1306.3063750382337,1275.0378087074926,1295.4120337021336,7734652,RELIANCE,-0.007834402405825931,-0.007803793461718667
2024-01-09,1280.7705078125,1293.8239187379374,1279.1326061603381,1290.448874370277,5403074,RELIANCE,-0.002650963538730125,-0.0026474528378201967
2024-01-10,1315.3148193359375,1319.7320764251056,1278.0654937339266,1279.0333061103788,11102740,RELIANCE,0.02661418726045938,0.02697150762976075
2024-01-11,1349.9088134765625,1352.489686993197,1318.7394856296971,1319.7321386109766,23725852,RELIANCE,0.025961001280397075,0.026300923271046495
2024-01-12,1360.6541748046875,1363.2350482099334,1335.8626919019084,1349.9087552154863,15012164,RELIANCE,0.007928550388991677,0.007960064576844506
2024-01-15,1383.88232421875,1386.1901939086483,1355.9639593887296,1364.897836134336,8610594,RELIANCE,0.016927232741962492,0.01707131014197394
2024-01-16,1364.5255126953125,1386.0413130880693,1360.4308194226976,1379.7627106993223,9069024,RELIANCE,-0.01408606926744412,-0.013987324778040766
2024-01-17,1351.5712890625,1376.0898877655304,1345.0694854389078,1349.511582817391,12197382,RELIANCE,-0.009538925012435182,-0.00949357378245308
2024-01-18,1357.8995361328125,1360.92717605878,1341.3222805612156,1341.4712027363942,10279438,RELIANCE,0.004671213669067545,0.00468214079532725
2024-01-19,1357.4031982421875,1365.890429247957,1349.015329468004,1365.890429247957,10422704,RELIANCE,-0.00036558567843620297,-0.00036551886013491686
2024-01-23,1318.8138427734375,1361.6716823004633,1312.8332056966303,1361.6716823004633,20055420,RELIANCE,-0.028840732785632494,-0.028428808417957585
2024-01-24,1334.00146484375,1339.5851376107455,1314.1980872328543,1325.4149927095905,21919128,RELIANCE,0.011450316924409381,0.011516122729174016
2024-01-25,1343.1337890625,1354.1274927557365,1325.390118278632,1333.0831783387705,11808872,RELIANCE,0.006822486557903056,0.00684581273665974
2024-01-29,1437.4111328125,1441.8283899094502,1350.1817560391485,1354.474931519067,23893438,RELIANCE,0.0678381389917166,0.07019207209119882
2024-01-30,1397.2830810546875,1449.2484377227322,1394.1066401470152,1449.2235971647833,14093978,RELIANCE,-0.02831397640794367,-0.02791689228070482
2024-01-31,1416.1435546875,1423.7125336444733,1392.195801594125,1393.6847810610707,15130226,RELIANCE,0.013407675843629492,0.01349796178636642
2024-02-01,1416.1683349609375,1432.745590517861,1407.631543948549,1424.4569627393994,13349362,RELIANCE,1.749826601281411e-05,1.7498419108363805e-05
2024-02-02,1446.9901123046875,1464.0638152243819,1422.6453963923934,1422.6453963923934,19652588,RELIANCE,0.021530745560133072,0.021764204567248813
2024-02-05,1428.452392578125,1459.6961190035063,1421.007495677393,1450.0177530325548,8814432,RELIANCE,-0.012893999116368042,-0.012811227643454104
2024-02-06,1417.309814453125,1431.2565145548228,1409.3933108861847,1431.2565145548228,9047984,RELIANCE,-0.007831037351443759,-0.007800454661908263
2024-02-07,1431.554443359375,1438.8504181404362,1418.7491963623445,1425.3752031215413,9296568,RELIANCE,0.01000029929775351,0.010050469389959238
2024-02-08,1439.4708251953125,1448.752105824393,1417.0368932886952,1439.3467435794867,14694634,RELIANCE,0.00551468632841969,0.005529920201540195
2024-02-09,1450.0177001953125,1461.1602045826953,1440.2896534634558,1443.31729322881,12556798,RELIANCE,0.007300199842815507,0.007326911261691604
2024-02-12,1441.679443359375,1450.2659153474917,1431.7529141646626,1450.017752117624,6674430,RELIANCE,-0.005767049266956896,-0.005750451759874653
2024-02-13,1454.3358154296875,1468.1337156942297,1443.3173918995335,1444.8063713272154,7715594,RELIANCE,0.00874059803977123,0.008778908604551328
2024-02-14,1470.4912109375,1472.749520552248,1446.7916226083244,1446.7916226083244,7117888,RELIANCE,0.011047189910893164,0.011108435435896347
2024-02-15,1459.7952880859375,1473.8165098910026,1455.750276105359,1472.4516121931645,10006782,RELIANCE,-0.007300289823310668,-0.0072737074332756
2024-02-16,1449.843994140625,1466.1483668657747,1447.8339689108675,1465.6271998466532,9767498,RELIANCE,-0.006840251853232522,-0.006816910580907831
2024-02-19,1463.17041015625,1468.6300012389227,1442.8458657695369,1451.3082561823699,6729828,RELIANCE,0.009149634801087754,0.009191620663659084
2024-02-20,1460.2174072265625,1464.659505178025,1451.0602075132595,1464.1880192365334,7117496,RELIANCE,-0.002020261503799059,-0.002018222149101634
2024-02-21,1456.916748046875,1477.5888193115914,1446.8414171157522,1463.170510366537,12720292,RELIANCE,-0.002262947408337645,-0.002260388873158603
2024-02-22,1470.8634033203125,1474.0398440634356,1447.2878974462733,1457.3633484018678,18493728,RELIANCE,0.00952719128076461,0.009572719437904942
2024-02-23,1482.6512451171875,1486.5474563697878,1472.4517119404402,1478.556551746289,14438584,RELIANCE,0.007982289435052168,0.00801423284464442
2024-02-26,1476.3974609375,1483.5446346905887,1471.607959051116,1482.5768223248915,7513106,RELIANCE,-0.004226894594917116,-0.004217973849401924
2024-02-27,1474.73486328125,1488.9297276070065,1467.1907251784094,1472.1291493159843,10826044,RELIANCE,-0.001126752479720746,-0.001126117932493731
2024-02-28,1444.930419921875,1480.3185210789975,1439.5205099276588,1472.1042938560004,8647950,RELIANCE,-0.020417051824686665,-0.020210035106284052
2024-02-29,1450.0675048828125,1468.1088998815815,1443.8385832706604,1454.2365988812116,23628976,RELIANCE,0.003548942338587882,0.0035552472908801924
2024-03-01,1481.1622314453125,1488.979373154373,1451.7548888255137,1452.7475417409498,12132926,RELIANCE,0.02121696067265036,0.021443640697963895
2024-03-04,1496.3250732421875,1501.337897909408,1476.2982516112518,1479.5243736818861,10024420,RELIANCE,0.010185079782070556,0.010237124249434348
2024-03-05,1489.1778564453125,1496.3250301461744,1475.1319146195472,1494.7119691573153,7107668,RELIANCE,-0.004787957418955739,-0.0047765134225737915
2024-03-06,1491.9573974609375,1497.9133152152726,1467.6373999640691,1482.4775132325713,7805676,RELIANCE,0.0018647539171032254,0.0018664936519132702
2024-03-07,1468.059326171875,1492.056638756749,1464.7091224345347,1491.9325571368477,8315726,RELIANCE,-0.016147605093927347,-0.016017931430034826
2024-03-11,1455.82470703125,1478.060156044582,1452.7475073010382,1478.060156044582,11277130,RELIANCE,-0.008368793295244988,-0.00833387242770911
2024-03-12,1464.5850830078125,1477.0676458601295,1454.2614676999044,1455.8248476863198,9432678,RELIANCE,0.005999433560723398,0.006017466206097666
2024-03-13,1421.6527099609375,1472.2034859914554,1417.2850129833478,1468.9029635812572,13522134,RELIANCE,-0.029751907481035792,-0.029313676306674474
2024-03-14,1420.9578857421875,1437.882667347047,1415.0268084821887,1429.1224321842872,18571102,RELIANCE,-0.0004888634648995898,-0.0004887439906255953
2024-03-15,1407.80517578125,1422.694969713975,1402.5193474045138,1415.4733954219128,19223818,RELIANCE,-0.009299332930539314,-0.009256227853697174
2024-03-18,1428.8990478515625,1431.1325169373013,1406.1177116464064,1409.5671563330236,9169392,RELIANCE,0.014872372453551835,0.014983516493044968
2024-03-19,1414.778564453125,1427.0378036957165,1406.8373411480031,1418.252849649116,8275764,RELIANCE,-0.009931223845361232,-0.009882072088765459
2024-03-20,1433.142578125,1434.3833942099568,1413.5625245390722,1417.458614341769,8488806,RELIANCE,0.012896612849180526,0.012980132816030832
2024-03-21,1440.3145751953125,1447.1887452733042,1434.060934378195,1441.8532357214951,13006936,RELIANCE,0.00499190458109667,0.005004384894973679
2024-03-22,1444.3348388671875,1449.2732629085037,1436.716179238339,1439.321893152815,19527608,RELIANCE,0.0027873517351344637,0.0027912400118077496
2024-03-26,1430.983642578125,1441.7291835759677,1428.4276096750873,1434.3835274360674,11415906,RELIANCE,-0.009286826716003331,-0.009243837322053361
2024-03-27,1481.8819580078125,1488.9794509587407,1436.368843691532,1437.3614966588377,16326644,RELIANCE,0.03495080348859834,0.03556876117604446
2024-03-28,1474.933349609375,1494.8856495085238,1467.786296896486,1481.90676076149,21854364,RELIANCE,-0.00470007116924041,-0.00468904311904772
2024-04-01,1473.8663330078125,1482.9986918329437,1471.6080232736622,1481.509712382751,5013880,RELIANCE,-0.0007236955798808555,-0.0007234337753940778
2024-04-02,1476.025146484375,1483.0233977342266,1464.1629930776332,1473.0968689675985,8910166,RELIANCE,0.0014636564612433977,0.0014647281291491066
2024-04-03,1460.7880859375,1473.5436523631188,1458.1079713887636,1471.186101560143,7008292,RELIANCE,-0.01037668796920263,-0.010323035879955644
2024-04-04,1452.1768798828125,1468.878217464342,1439.3467919062653,1468.878217464342,14490272,RELIANCE,-0.005912347892992242,-0.005894904358534014
2024-04-05,1449.3724365234375,1459.9938949751336,1445.3025839763254,1450.1417667351745,7442298,RELIANCE,-0.0019330667356291862,-0.0019311995654422986
2024-04-08,1475.057373046875,1480.0206375610207,1450.2658910334067,1452.226356281804,8357118,RELIANCE,0.01756622566738402,0.01772141919922743
2024-04-09,1452.896484375,1478.8543827139295,1451.7549092714805,1478.060211901015,7071414,RELIANCE,-0.015137746653525349,-0.015023746924568426
2024-04-10,1468.7044677734375,1476.0749645358123,1455.5766564963697,1455.5766564963697,9138330,RELIANCE,0.010821558402185778,0.010880323249758295
2024-04-12,1456.3707275390625,1475.5536963762681,1452.3255942645226,1465.031599863232,15551012,RELIANCE,-0.008433159838184707,-0.008397700493873339
2024-04-15,1454.062744140625,1471.2356878788278,1435.6986653849476,1450.2658952456557,12902062,RELIANCE,-0.0015860069674781172,-0.00158474992307589
2024-04-16,1454.9810791015625,1460.3662698899807,1440.265047408789,1442.6721581376476,9366184,RELIANCE,0.0006313655257483313,0.0006315648789145811
2024-04-18,1453.56640625,1475.0822062813913,1448.6279823176308,1452.7475160786112,19005692,RELIANCE,-0.0009727693773223451,-0.0009722963905730575
2024-04-19,1459.323974609375,1463.1705049395248,1432.4231028577299,1446.0720814485837,15741778,RELIANCE,0.003953170291107384,0.003960994375364457
2024-04-22,1468.9774169921875,1471.9305352298081,1457.0160218672338,1461.6317610616636,10350362,RELIANCE,0.006593226626590641,0.006615009792733995
2024-04-23,1448.603271484375,1482.5272357774581,1444.8561033979943,1468.1337674689391,14605554,RELIANCE,-0.013966692872208423,-0.013869611113239366
2024-04-24,1439.5205078125,1457.7605053579202,1438.8504186169605,1452.7475596039474,10462776,RELIANCE,-0.006289753701393549,-0.006270014606944763
2024-04-25,1449.2484130859375,1457.189636393573,1430.9091747445573,1431.9018276580116,15943926,RELIANCE,0.0067350087954730735,0.006757739970109977
2024-04-26,1441.878173828125,1454.2366552962403,1439.346860190818,1453.1943211694756,9413848,RELIANCE,-0.005098535122594072,-0.0050855596537233705
2024-04-29,1454.2613525390625,1457.1152296530197,1439.3467183436048,1439.3467183436048,7247974,RELIANCE,0.008551559109909283,0.008588228142784482
2024-04-30,1456.2218017578125,1472.178648628076,1452.1271085524606,1457.2144546560796,11474262,RELIANCE,0.0013471643100558574,0.0013480721435161769
2024-05-02,1455.7752685546875,1466.4710074185996,1453.368036621592,1461.185178797564,14512646,RELIANCE,-0.00030668520320794603,-0.00030663818010823185
2024-05-03,1423.46435546875,1464.1134460205978,1405.7455242326487,1460.1925152681529,17226958,RELIANCE,-0.02244500198305833,-0.02219498694878652
2024-05-06,1409.095703125,1429.4202480421582,1407.5818831415143,1424.9533097670264,7394208,RELIANCE,-0.010145434019560159,-0.010094142707927745
2024-05-07,1391.17822265625,1410.311631866643,1381.772860502106,1405.571689953147,14517472,RELIANCE,-0.012797123043211404,-0.012715588039204029
2024-05-08,1408.1279296875,1422.4220356245855,1387.2325360419566,1387.2325360419566,9439002,RELIANCE,0.012110082465888428,0.012183706411740047
2024-05-09,1383.88232421875,1413.2896685063718,1379.787630710347,1402.6186490602306,11009612,RELIANCE,-0.01736828503439112,-0.017218325805192114
2024-05-10,1397.0845947265625,1399.6406275450738,1377.8766636438304,1386.4879762578594,10505096,RELIANCE,0.009494805278869024,0.009540023943340525
2024-05-13,1392.394287109375,1396.6379028351905,1373.8317248456565,1389.6149314683873,8456620,RELIANCE,-0.0033628589683056633,-0.0033572108910882026
2024-05-14,1409.6414794921875,1416.590049599915,1389.738862101979,1390.6818338615062,7188300,RELIANCE,0.012310628156683497,0.012386715848007324
2024-05-15,1405.86962890625,1419.468926315315,1402.6435067088078,1410.063563528233,5046534,RELIANCE,-0.002679337922801413,-0.002675751700564555
2024-05-16,1414.8778076171875,1417.0120356183081,1387.75361519461,1408.1278405018506,14711774,RELIANCE,0.006387108054016735,0.006407549125266865
2024-05-17,1425.15185546875,1426.6408349602225,1402.8668442157614,1412.5948920294334,10916476,RELIANCE,0.007235200958637137,0.007261438264315689
2024-05-21,1425.57373046875,1431.231803864575,1415.1260338425998,1415.1260338425998,11176128,RELIANCE,0.00029597728042358187,0.0002960210860205592
2024-05-22,1449.9185791015625,1457.9838844507517,1425.7226630539947,1425.7226630539947,10281604,RELIANCE,0.016933051947537595,0.01707722870623285
2024-05-23,1475.1319580078125,1481.2615172416956,1444.3100355832012,1447.8340020088174,14608260,RELIANCE,0.01724004633421558,0.017389513638671694
2024-05-24,1469.37451171875,1477.5638984586112,1465.2549777906743,1472.724715385057,7094776,RELIANCE,-0.003910640839606903,-0.003903004241625929
2024-05-27,1455.4774169921875,1473.990419113941,1450.8119965034373,1469.3497180106694,6629010,RELIANCE,-0.009502839559302746,-0.009457830264325784
2024-05-28,1445.5010986328125,1467.6373066821805,1442.0764946111178,1457.2144512745626,7820162,RELIANCE,-0.0068779259369263455,-0.006854327138920202
2024-05-29,1430.1895751953125,1447.287997987601,1427.8815843874524,1435.8724890871501,7383556,RELIANCE,-0.010649036958677364,-0.010592536700236299
2024-05-30,1414.3814697265625,1429.817270893488,1409.6663684202383,1424.9532474164846,13206858,RELIANCE,-0.011114693891274657,-0.011053153891567913
2024-05-31,1419.8907470703125,1431.653659822201,1411.800601617005,1420.7841589242364,31069832,RELIANCE,0.0038876183098000283,0.003895184900022164
2024-06-03,1499.228515625,1503.3728901534053,1448.2806515244756,1472.1043222829317,21527942,RELIANCE,0.05437072291173943,0.055875967019565875
2024-06-04,1387.0091552734375,1487.0437791255476,1349.3131842665355,1487.0437791255476,36709098,RELIANCE,-0.07780091079726084,-0.07485140469382034
2024-06-05,1410.3116455078125,1420.6352601794422,1373.9308915121778,1411.5524616660985,17464890,RELIANCE,0.016660963065618428,0.016800530945147996
2024-06-06,1421.0819091796875,1433.0929853880773,1410.9072166555904,1424.4569533735907,17855722,RELIANCE,0.007607784231275611,0.007636796949228142
2024-06-07,1459.1500244140625,1461.1850112482903,1416.0193060772324,1418.004611799037,18558696,RELIANCE,0.026435601749952582,0.026788121774310447
2024-06-10,1460.5894775390625,1482.3781598703026,1457.2888339961758,1459.150058153404,9251760,RELIANCE,0.0009860148418445657,0.0009865011142895508
2024-06-11,1445.9727783203125,1462.847878399236,1443.9874724286744,1458.20717740815,11774902,RELIANCE,-0.010057807918782084,-0.010007397316991185
2024-06-12,1452.5738525390625,1465.1557773484808,1444.4838278075101,1446.7916974833406,10081742,RELIANCE,0.0045547555181714786,0.00456514418370868
2024-06-13,1454.4847412109375,1461.433311890669,1449.3725542618724,1461.1851486521073,9181160,RELIANCE,0.0013146545798572156,0.0013155191170037828
2024-06-14,1466.6944580078125,1468.8038455887872,1446.518713499826,1459.199879544848,8157998,RELIANCE,0.008359492565498198,0.008394530689067148
2024-06-18,1470.1439208984375,1476.4720837189377,1460.5399547367645,1476.4224025999808,7196766,RELIANCE,0.002349100653040493,0.0023518619517457484
2024-06-19,1447.9332275390625,1476.571240472528,1445.3026730272272,1476.571240472528,8725874,RELIANCE,-0.015223122049048098,-0.015107836072132064
2024-06-20,1462.8726806640625,1471.9554798675892,1439.446094050177,1448.280730003189,16113776,RELIANCE,0.010264912725073804,0.010317777671551509
2024-06-21,1443.515869140625,1463.8652545834836,1429.9909727182371,1462.7982011333013,31170360,RELIANCE,-0.013320378470721376,-0.01323205483244827
2024-06-24,1430.88427734375,1438.8503408924523,1426.9385064042085,1434.9045699529108,8878386,RELIANCE,-0.008789084655451572,-0.008750573559260566
2024-06-25,1443.46630859375,1445.2282918111714,1430.4128980926341,1432.3982039886682,7045386,RELIANCE,0.00875475084676918,0.008793185758779076
2024-06-26,1502.9013671875,1507.8149506909176,1434.5075565031482,1435.425808927042,22014882,RELIANCE,0.04035010488914333,0.0411752309284259
2024-06-27,1519.304931640625,1526.2038207675607,1494.9352546835423,1502.6283145931025,28383030,RELIANCE,0.01085546380051425,0.010914598130828956
2024-06-28,1553.89892578125,1569.3842873036351,1519.7764812043604,1519.7764812043604,28957336,RELIANCE,0.02251426004777715,0.02276961880408601
2024-07-01,1548.6875,1567.7960689891884,1544.2454023527885,1551.0450507194453,7724306,RELIANCE,-0.003359410483545811,-0.0033537739776928754
2024-07-02,1553.6756591796875,1561.9394466769938,1545.5606726889605,1557.968834801107,7749246,RELIANCE,0.0032157186133475687,0.0032208945831146973
2024-07-03,1541.019287109375,1563.4283787351976,1531.440162014497,1554.8170660210362,9049620,RELIANCE,-0.008179444405773674,-0.0081460837695011
2024-07-04,1542.6075439453125,1555.983518377374,1539.4062623766438,1545.5606622734106,6837176,RELIANCE,0.0010301226856576275,0.001030653444264562
2024-07-05,1576.9532470703125,1586.755694667964,1536.6267221432645,1542.4088769403465,12269710,RELIANCE,0.022020465873240712,0.022264705796238182
2024-07-08,1589.13818359375,1596.9801663885871,1570.898185044045,1577.3255888697254,9500806,RELIANCE,0.0076971855993187835,0.0077268850843073
2024-07-09,1578.5911865234375,1588.7410386525216,1568.887979750272,1585.8623208770043,6960002,RELIANCE,-0.006659051207806906,-0.006636928858169577
2024-07-10,1572.5855712890625,1585.7630632323035,1551.6654591589945,1583.2814308954767,7134578,RELIANCE,-0.003811669713985772,-0.003804414522040611
2024-07-11,1569.036865234375,1592.4634499565013,1558.9614138424095,1575.8365135146928,11940946,RELIANCE,-0.002259155984341633,-0.002256606012083995
2024-07-12,1584.9937744140625,1593.3569240772113,1562.9320865975437,1572.8586162043875,12924784,RELIANCE,0.010118510025577277,0.010169875248472238
2024-07-15,1585.4901123046875,1594.0517441522056,1573.8512804915936,1592.6620057625546,5329688,RELIANCE,0.0003130991434832793,0.00031314816413607893
2024-07-16,1564.669189453125,1588.24469666931,1557.5965372882695,1581.792452589091,9386838,RELIANCE,-0.013219157543574837,-0.01313216821093699
2024-07-18,1575.0177001953125,1582.1895936713806,1546.3795650620239,1564.4210812674708,12298374,RELIANCE,0.006592089326727209,0.006613864970271832
2024-07-19,1543.7242431640625,1578.293333314245,1541.3915329908289,1574.3475621142547,13140390,RELIANCE,-0.020068673768814112,-0.019868638319029297
2024-07-22,1489.6495361328125,1526.203933085127,1488.2597977476694,1525.9557698439748,19674376,RELIANCE,-0.035656955022994485,-0.03502873474372403
2024-07-23,1476.96826171875,1494.6870915999891,1452.2511804820083,1489.9719903646578,18052044,RELIANCE,-0.008549366665599082,-0.008512924756103102
2024-07-24,1484.7109375,1498.4095963901725,1465.552808673545,1474.0895996286229,11913362,RELIANCE,0.005228583448501089,0.005242276345356123
2024-07-25,1481.4351806640625,1489.4508041915794,1466.2227025912728,1470.1189136102262,12519876,RELIANCE,-0.002208763855324934,-0.0022063263314091586
2024-07-26,1497.9381103515625,1501.3131545447015,1479.4002684339398,1481.4352554076795,9859940,RELIANCE,0.01107823481998861,0.011139825692611405
2024-07-29,1508.9317626953125,1516.2774189432153,1500.6679751498336,1500.8416167163412,7538550,RELIANCE,0.007312389158628531,0.00733918996237426
2024-07-30,1502.03271484375,1513.795627121447,1498.9058340677934,1505.8792447159437,8228208,RELIANCE,-0.004582624588642337,-0.004572140385751489
2024-07-31,1494.364501953125,1499.3524857083617,1490.1208866802617,1492.9499231376883,10057346,RELIANCE,-0.005118299795484523,-0.005105223617864252
2024-08-01,1504.1671142578125,1506.8472288436842,1493.2479314401046,1500.8913109431162,10764222,RELIANCE,0.006538298394413156,0.006559719728269409
2024-08-02,1488.3092041015625,1498.2357327232485,1482.3037269895096,1493.9425575637474,10268248,RELIANCE,-0.010598619279223382,-0.01054265181437275
2024-08-05,1436.6912841796875,1472.9976360481728,1422.7197433328897,1469.1262655731218,17046704,RELIANCE,-0.035297962818525846,-0.03468225539398906
2024-08-06,1445.3524169921875,1466.6447748995176,1440.6620347326755,1444.4590050773538,10236186,RELIANCE,0.006010428559957286,0.006028527428176833
2024-08-07,1454.062744140625,1461.6814036613468,1450.7622216985117,1458.2071184913539,8174568,RELIANCE,0.0060083519386708575,0.006026438290091196
2024-08-08,1438.478271484375,1454.2366377811502,1435.3018303695276,1446.816580877676,12387192,RELIANCE,-0.010775732045178187,-0.010717881823910314
2024-08-09,1463.46826171875,1465.6520496932055,1445.3026646483625,1449.2732763644294,6249776,RELIANCE,0.017223341440108297,0.017372518396532755
2024-08-12,1449.8936767578125,1462.1777566892652,1447.0397996020206,1459.199797918004,8184584,RELIANCE,-0.009318912984124501,-0.009275626479931298
2024-08-13,1452.8717041015625,1459.2742672925806,1447.28803114191,1450.0178268110735,6265064,RELIANCE,0.002051856073664318,0.0020539625708344555
2024-08-14,1451.1097412109375,1461.1851932386814,1443.0195951522678,1452.7973239887267,6267466,RELIANCE,-0.0012134809674366092,-0.001212744997132864
2024-08-16,1467.339599609375,1469.5235088888628,1447.3377388233519,1457.8598362701878,9416902,RELIANCE,0.011122362470555366,0.011184445901998963
2024-08-19,1482.4791259765625,1492.3397678065596,1474.6105280885965,1476.6025720306277,13797742,RELIANCE,0.010264806558157718,0.01031767040923448
2024-08-20,1489.9990234375,1497.9423959482733,1484.0976661921165,1491.268975771349,8411808,RELIANCE,0.005059693041087751,0.005072514903698089
2024-08-21,1492.7132568359375,1501.8766102174725,1484.072717714687,1487.30978907883,7769996,RELIANCE,0.0018199771835778094,0.0018216343472330365
2024-08-22,1492.1654052734375,1500.5070892244864,1484.720165407205,1497.0210123494212,10445782,RELIANCE,-0.0003670846494409174,-0.0003670172821144124
2024-08-23,1494.008056640625,1505.3128818837536,1492.4642955105633,1497.768063961028,9249654,RELIANCE,0.0012341222802767415,0.001234884122548019
2024-08-26,1506.5828857421875,1516.941539085057,1497.021098650585,1500.9802618699923,8816114,RELIANCE,0.008381617461138741,0.008416841559635069
2024-08-27,1494.481201171875,1507.4544123852302,1493.485179145279,1504.4912711730515,6251156,RELIANCE,-0.00806497283277593,-0.008032538192779826
2024-08-28,1492.33984375,1501.4782728482842,1487.0608784010915,1499.0131426615155,9610286,RELIANCE,-0.0014338708322676863,-0.001432843330646083
2024-08-29,1514.874755859375,1530.885760314005,1488.0568158159556,1497.1205913811584,38335358,RELIANCE,0.014987512987688842,0.01510038896552457
2024-08-30,1503.6197509765625,1533.599989641746,1497.3447635789732,1527.89778785993,41620730,RELIANCE,-0.007457397730856757,-0.007429660332829102
2024-09-02,1510.2183837890625,1520.7264647058682,1500.6316718721823,1504.8647654458696,11240852,RELIANCE,0.004378896982091211,0.004388498360848425
2024-09-03,1503.1217041015625,1516.941509382377,1501.5031683479538,1515.1984708784905,10923800,RELIANCE,-0.0047101837834315555,-0.004699108263862328
2024-09-04,1508.525146484375,1511.4633627071519,1493.534966971581,1494.7301447200666,11983304,RELIANCE,0.0035883677263329147,0.003594813625582116
2024-09-05,1487.035888671875,1519.7054581926027,1481.1345314015284,1513.0072347057646,16264168,RELIANCE,-0.014347647200814129,-0.01424521020586289
2024-09-06,1458.997802734375,1491.0448575756723,1455.8105811316245,1486.5627588054047,19394228,RELIANCE,-0.019035038606051755,-0.018855016312041895
2024-09-09,1456.63232421875,1464.07768593117,1449.809597840599,1460.666261949736,9010298,RELIANCE,-0.0016226194212784748,-0.00162130368612734
2024-09-10,1455.7110595703125,1466.1942153054945,1451.7766997689328,1454.6901127162012,10768260,RELIANCE,-0.000632662126516049,-0.0006324620380312451
2024-09-11,1445.7259521484375,1462.9073318760024,1441.7917138302157,1457.2300550346945,9760202,RELIANCE,-0.0068828975444141585,-0.006859264657110176
2024-09-12,1473.913330078125,1480.088617533546,1440.1232367942907,1451.2039809867947,22349376,RELIANCE,0.019309408466183287,0.01949704083806436
2024-09-13,1466.766845703125,1477.2500011980833,1463.6542770635715,1470.5268529366479,8711328,RELIANCE,-0.004860439093525661,-0.004848646273265755
2024-09-16,1465.4969482421875,1475.0090069946318,1458.9232273463058,1471.6723576050656,5481774,RELIANCE,-0.0008661550457718227,-0.0008657800417685158
2024-09-17,1466.4432373046875,1471.5975781970765,1460.790763828237,1468.1364260685732,5935328,RELIANCE,0.0006455036838900313,0.000645712066227766
2024-09-18,1457.6282958984375,1476.10455198121,1454.7399294679985,1464.1522884024148,8574714,RELIANCE,-0.006029242451398181,-0.006011103043068844
2024-09-19,1463.82861328125,1470.6264144806405,1449.7598031867433,1460.4171894563083,16955902,RELIANCE,0.004244681256637422,0.00425370267595615
2024-09-20,1480.0140380859375,1489.0528890965668,1465.5218693608433,1468.136427109257,30897320,RELIANCE,0.010996231668887309,0.011056912440321032
2024-09-23,1487.434326171875,1495.5270047691104,1483.026880271187,1485.0687739665293,8832314,RELIANCE,0.005001134066057244,0.005013660610634352
2024-09-24,1483.4501953125,1494.530939532627,1481.9561623839436,1482.5786761041754,17137444,RELIANCE,-0.0026821192267628526,-0.002678525558589717
2024-09-25,1488.0069580078125,1490.5468626388433,1474.3116560624171,1477.9970102640052,7069002,RELIANCE,0.00306702471695149,0.003071732849347697
2024-09-26,1491.9910888671875,1498.017070530802,1482.1305684499498,1484.7202013028073,18818998,RELIANCE,0.0026739166741228965,0.0026774947777858937
2024-09-27,1520.1038818359375,1527.3747692811157,1486.0647823070499,1493.0369361114394,20597478,RELIANCE,0.018667146681394544,0.018842467075386393
2024-09-30,1470.701171875,1518.9086621673466,1468.5348969230117,1513.3558880158446,27008814,RELIANCE,-0.03303940109774839,-0.03249956174131363
2024-10-01,1458.997802734375,1482.0308103038055,1457.0057588364782,1474.7599230273088,16431642,RELIANCE,-0.007989511206708905,-0.007957679890677194
2024-10-03,1401.3780517578125,1443.634334423912,1396.4975195620746,1430.8602791168494,37757294,RELIANCE,-0.040293688354089356,-0.03949269208533057
2024-10-04,1381.0093994140625,1411.711728297617,1376.2782950115372,1398.34020617394,37072876,RELIANCE,-0.014641394535910372,-0.014534730523430572
2024-10-07,1365.272216796875,1390.9447078848398,1355.9594355150189,1387.9566419173104,22181340,RELIANCE,-0.011460845662573296,-0.011395420352580121
2024-10-08,1391.791259765625,1395.4267642320656,1359.669551595401,1367.513224520688,17020808,RELIANCE,0.019237758623644696,0.0194239966524532
2024-10-09,1369.1318359375,1395.4019165531051,1367.0402140253339,1391.9656892391695,14310610,RELIANCE,-0.016414751028996522,-0.01628076313106086
2024-10-10,1365.595947265625,1380.4864268287754,1363.9774115920343,1374.5352199766685,22358646,RELIANCE,-0.002585917811606591,-0.0025825772062730845
2024-10-11,1366.6417236328125,1377.7723178051706,1363.3797273571677,1364.5501018082973,7980122,RELIANCE,0.0007655091132043823,0.0007658021900851519
2024-10-14,1367.0650634765625,1374.5849563155427,1362.8070452852592,1373.962442591221,12221432,RELIANCE,0.0003097185470880357,0.0003097665148292794
2024-10-15,1338.678466796875,1366.243302159234,1335.3666207605413,1353.1207855156183,33762794,RELIANCE,-0.02098324390153685,-0.02076462740368623
2024-10-16,1348.6884765625,1358.5740438069333,1332.3039628645522,1334.6695151768993,20034438,RELIANCE,0.007449712876114322,0.007477531023245998
2024-10-17,1351.0291748046875,1363.0062419523483,1346.6715786036464,1360.2671814831224,15543660,RELIANCE,0.001734032318169503,0.0017355366215876522
2024-10-18,1353.8927001953125,1362.9814005892638,1335.9891081789099,1346.796043723323,12082452,RELIANCE,0.0021172711025905103,0.002119514103785969
2024-10-21,1363.7532958984375,1368.5342502099143,1352.3239675798945,1361.686598848784,14067408,RELIANCE,0.007256750135365996,0.007283144152932186
2024-10-22,1338.006103515625,1370.5262455038624,1334.8935348257999,1363.7532474009167,15831960,RELIANCE,-0.01906015158650837,-0.018879655477459623
2024-10-23,1333.2003173828125,1352.0748848775756,1329.689315659354,1332.1793705575924,17214742,RELIANCE,-0.0035982178541683583,-0.0035917520257832125
2024-10-24,1334.4703369140625,1338.3547254831988,1317.8616212723593,1329.9633130042932,22155934,RELIANCE,0.0009521562379932451,0.0009526096826493191
2024-10-25,1322.5677490234375,1339.002111534351,1316.7410448137834,1338.1555171764887,18597496,RELIANCE,-0.008959350317081676,-0.008919334931152934
2024-10-28,1329.0418701171875,1347.6177038778262,1316.8406011796387,1331.6813526124565,10824350,RELIANCE,0.004883172780663196,0.004895114899429842
2024-10-29,1334.66943359375,1337.856655249044,1315.0478495098762,1322.8167478889227,12008361,RELIANCE,0.00422536169099647,0.004234301118042572
2024-10-30,1338.553955078125,1344.62966480214,1320.0776988278842,1329.6893351932274,11984423,RELIANCE,0.00290624736786309,0.0029104745988790537
2024-10-31,1326.7510986328125,1337.6574904459744,1320.8745447599274,1334.6694245700712,9331650,RELIANCE,-0.008856722484073334,-0.008817617250717169
2024-11-01,1333.3248291015625,1336.6116286385318,1327.6972806767253,1327.7471304089104,2127335,RELIANCE,0.004942523468916409,0.004954757886030059
2024-11-04,1296.9700927734375,1334.6695017714562,1279.9878687625326,1332.5280301195805,19796890,RELIANCE,-0.027644847960606574,-0.02726622615482377
2024-11-05,1300.1075439453125,1304.3406373759979,1281.0336986406933,1287.8564249120313,16267479,RELIANCE,0.0024161408606483315,0.002419062081197243
2024-11-06,1320.0777587890625,1323.0160966964434,1295.0277806900112,1304.7888451117578,21625209,RELIANCE,0.015243655879139445,0.015360433017062691
2024-11-07,1300.4561767578125,1318.7331565363688,1297.4182609581876,1318.7331565363688,9611974,RELIANCE,-0.014975534923815032,-0.014863959263467397
2024-11-08,1278.6431884765625,1296.4720058402277,1269.9279963447846,1292.4879180085577,19814406,RELIANCE,-0.016915601391012287,-0.01677333590404584
2024-11-11,1267.6370849609375,1280.884225507143,1261.9598084895413,1273.8622221377802,9056552,RELIANCE,-0.008644902271631732,-0.008607642550177097
2024-11-12,1269.1810302734375,1284.1712099692156,1262.4578817905294,1270.4759075040322,10671091,RELIANCE,0.0012172299573707818,0.0012179710824313794
2024-11-13,1247.0693359375,1270.3761523895544,1244.5294313213271,1265.196886863478,14633633,RELIANCE,-0.017575567060281773,-0.017422017670066903
2024-11-14,1262.5574951171875,1267.537605244334,1246.1231316976048,1248.613186761178,12612633,RELIANCE,0.012343154469890222,0.012419645590951989
2024-11-18,1255.7347412109375,1267.8364328732807,1238.951794764919,1262.55746761959,13620611,RELIANCE,-0.005418569379146272,-0.005403915411881233
2024-11-19,1236.710693359375,1276.4021442257297,1230.236550606767,1255.734688515481,14183746,RELIANCE,-0.015265664021412086,-0.01514973443612555
2024-11-21,1218.1348876953125,1239.0014996478671,1212.407761281373,1236.7107220331202,19433843,RELIANCE,-0.015134280026603759,-0.015020332373453904
2024-11-22,1260.3662109375,1263.8024380613526,1217.586994857739,1224.509420421979,20471957,RELIANCE,0.034081413945756533,0.03466883977199631
2024-11-25,1281.8802490234375,1299.260783408558,1277.3483005192684,1284.868314871977,28923341,RELIANCE,0.016925622301532932,0.017069672210535236
2024-11-26,1290.545654296875,1292.687125909721,1279.0914013187908,1289.7986377983043,9247557,RELIANCE,0.006737172129042842,0.0067599179252813
2024-11-27,1288.0555419921875,1298.6632001168684,1280.8842325588682,1288.3543972122054,9572746,RELIANCE,-0.0019313673493352058,-0.0019295034595612215
2024-11-28,1265.7447509765625,1291.442044503892,1264.0017125526565,1284.818474176107,15027412,RELIANCE,-0.017473064524831734,-0.017321295773564005
2024-11-29,1287.0595703125,1294.3305794929802,1270.177046170391,1274.9081506356404,13202307,RELIANCE,0.016699528829599644,0.016839745390603067
2024-12-02,1303.9422607421875,1306.133460567327,1271.9699779978703,1282.876370557777,11024152,RELIANCE,0.01303197023027813,0.013117256434050262
2024-12-03,1318.035888671875,1321.5219654799555,1301.8006823317874,1311.7609017834461,16869482,RELIANCE,0.010750481402222982,0.010808475462453115
2024-12-04,1303.742919921875,1323.1156203515295,1298.8625094957517,1320.7251432865569,19608540,RELIANCE,-0.010903368585214923,-0.010844142312697147
2024-12-05,1316.7908935546875,1324.6593698468237,1300.9541199209712,1309.1214514378748,16858723,RELIANCE,0.009958338560286759,0.010008087816572253
2024-12-06,1306.3326416015625,1318.6334884089777,1304.7887589399247,1318.6334884089777,9037514,RELIANCE,-0.007973934301885859,-0.007942226821521237
2024-12-09,1289.9979248046875,1309.7689372979064,1287.9560310594236,1297.8166732313093,14650002,RELIANCE,-0.012583091333853193,-0.01250425525373744
2024-12-10,1279.73876953125,1289.7488386952925,1275.107243177966,1284.121290398709,16043729,RELIANCE,-0.007984638894378745,-0.00795284633887361
2024-12-11,1273.115234375,1284.8683422637005,1270.9738844056644,1279.8882324099652,11724373,RELIANCE,-0.0051891334238679705,-0.005175693128900094
2024-12-12,1257.876220703125,1273.1152845047754,1255.5853214463157,1264.9479526569407,20906813,RELIANCE,-0.012042077655940503,-0.0119698620049552
2024-12-13,1267.78662109375,1270.1272485556606,1234.6688884780408,1254.9877622795104,28630222,RELIANCE,0.00784780224030242,0.007878676953671393
2024-12-16,1263.2547607421875,1275.904191603511,1261.511722229068,1269.9280595585296,9486781,RELIANCE,-0.0035810281309842295,-0.003574623896608675
2024-12-17,1240.34619140625,1258.8721754853295,1237.8561365143116,1256.033537225462,17462791,RELIANCE,-0.01830100655932341,-0.018134560064890004
2024-12-18,1248.2645263671875,1254.9378248920182,1235.714673937889,1235.714673937889,12670179,RELIANCE,0.006363680447400762,0.006383971681293232
2024-12-19,1225.55517578125,1239.947766097918,1224.1109925687356,1234.0712121990753,14244653,RELIANCE,-0.01836026166712104,-0.018192738883663018
2024-12-20,1200.50537109375,1234.5692750261348,1196.7204388413884,1219.1309339507777,20312896,RELIANCE,-0.020651335333402975,-0.02043955684943488
2024-12-23,1217.437744140625,1222.3181546925216,1208.3738466363206,1210.1667348774333,10052824,RELIANCE,0.01400582977469885,0.014104370921263154
2024-12-24,1217.8858642578125,1228.6429501715868,1216.1428258096823,1217.4377030050357,6734917,RELIANCE,0.00036801689984840774,0.0003680846263756088
2024-12-26,1211.7105712890625,1222.8161189414398,1209.4196721335327,1219.3798917928577,10016178,RELIANCE,-0.005083400828512101,-0.0050705022120551835
2024-12-27,1216.1927490234375,1223.0154756156849,1212.1588111658666,1213.4536884394554,7000397,RELIANCE,0.0036922251300743098,0.0036990497900886155
2024-12-30,1205.8837890625,1218.3340640862093,1203.294156174512,1211.5611874241417,8818766,RELIANCE,-0.008512548675228503,-0.008476419522493672
2024-12-31,1210.6148681640625,1214.2503727116298,1201.3519366916562,1203.1945530395503,6405475,RELIANCE,0.003915653031536576,0.003923329216690696
2025-01-01,1216.391845703125,1221.4218053468785,1206.7802092584152,1210.0172807004092,5892590,RELIANCE,0.004760587118647177,0.004771936716607028
2025-01-02,1236.860107421875,1239.4994683243335,1215.1467802555553,1216.3918076943417,15486276,RELIANCE,0.016687023647086907,0.016827029703506913
2025-01-03,1246.1729736328125,1257.0296379589822,1230.5852047154665,1238.9518139936486,15521102,RELIANCE,0.007501237055933996,0.007529441814037696
2025-01-06,1213.15478515625,1256.9797527645217,1210.1667191829588,1248.961727102304,14816766,RELIANCE,-0.02685300680935581,-0.026495670484899647
2025-01-07,1235.913818359375,1239.5493228115217,1216.3918123612464,1217.1388288273843,10070505,RELIANCE,0.01858640329688682,0.018760205607393887
2025-01-08,1260.4658203125,1265.9937909556584,1240.395953024955,1244.0314575822304,19346579,RELIANCE,0.019670720944338648,0.01986546439436765
2025-01-09,1249.758544921875,1264.6988742096441,1243.0852464738894,1261.9598138402198,12794704,RELIANCE,-0.008530982709260086,-0.008494697133453744
2025-01-10,1236.959716796875,1251.750618829338,1231.0831628192257,1248.8621307808614,8120332,RELIANCE,-0.010293840954044023,-0.01024104070102605
2025-01-13,1234.9178466796875,1240.2963897717905,1221.5213994754447,1225.1070543419412,13764861,RELIANCE,-0.0016520806788942158,-0.0016507167448225335
2025-01-14,1233.822265625,1248.3641626627486,1222.3680125031533,1239.1509590647415,13095266,RELIANCE,-0.0008875629485249651,-0.0008871691810375948
2025-01-15,1247.2186279296875,1251.9995818882041,1236.90982514039,1239.9974688456068,9578856,RELIANCE,0.010799090438167371,0.010857611082177643
2025-01-16,1261.4119873046875,1269.9280238633037,1246.3223515830243,1253.8920943102864,14117603,RELIANCE,0.011315743927221152,0.01138000913164694
2025-01-17,1297.169189453125,1320.7251333812799,1279.888232575373,1316.9900509904955,29366277,RELIANCE,0.027952625213980106,0.028346965549963965
2025-01-20,1300.2568359375,1310.764916385877,1295.0775703121099,1310.764916385877,14040244,RELIANCE,0.0023774674686125367,0.002380295885440198
2025-01-21,1268.6331787109375,1307.776892128252,1265.1471016946018,1305.2868371165837,14562976,RELIANCE,-0.02462172738378927,-0.02432108515219722
2025-01-22,1272.0196533203125,1277.7966294698952,1263.6530443254642,1273.2149526536994,10273590,RELIANCE,0.0026658318462273395,0.0026693883355755066
2025-01-23,1258.6231689453125,1272.2686211078578,1256.581275301743,1264.9478840486133,8720682,RELIANCE,-0.01058751507509302,-0.010531664616998282
2025-01-24,1241.34228515625,1267.9360243063209,1238.5533748820974,1260.9638702056575,14235970,RELIANCE,-0.013825118268509884,-0.013729990211083898
2025-01-27,1224.4595947265625,1235.515414368934,1215.1468135462453,1234.1708090151494,9536019,RELIANCE,-0.013693682677818004,-0.013600350710330056
2025-01-28,1229.4896240234375,1239.7984277662488,1213.6528493538253,1233.0752790316255,10568025,RELIANCE,0.00409954395397027,0.004107958579064652
2025-01-29,1230.585205078125,1237.8063647194172,1223.1648896668228,1231.0832160878692,5928156,RELIANCE,0.0008906892702260942,0.0008910860517084007
2025-01-30,1248.0654296875,1251.9996679975989,1227.497550840604,1230.635044492625,9269259,RELIANCE,0.014104863482309465,0.014204806410186954
2025-01-31,1260.0673828125,1261.9598488917904,1244.0314532484974,1250.8541794958078,6584612,RELIANCE,0.009570501748915421,0.00961644545190632
2025-02-01,1259.5693359375,1265.495739501575,1236.0632421918099,1260.0673469134033,7118453,RELIANCE,-0.0003953322935646348,-0.0003952541600500403
2025-02-03,1240.94384765625,1251.003645649064,1232.6270881824535,1246.0235355947286,9252345,RELIANCE,-0.014897608121895835,-0.014787187771117871
2025-02-04,1280.08740234375,1283.6731787459128,1241.6409781641657,1243.0852829885687,16691069,RELIANCE,0.03105610114077166,0.031543373023227295
2025-02-05,1273.115234375,1285.366353249074,1271.6212014188793,1277.5476050956522,10112028,RELIANCE,-0.005461521305893794,-0.0054466343126137184
2025-02-06,1276.4520263671875,1282.8763195509282,1265.2965071593937,1268.6331564996678,9956001,RELIANCE,0.0026175374533054688,0.002620966195432839
2025-02-07,1261.6610107421875,1278.5933846345008,1256.979756005846,1271.073491533156,8764283,RELIANCE,-0.011655259516745517,-0.011587600097353934
2025-02-10,1248.6629638671875,1261.461821832557,1240.5952102474196,1259.469777897567,6970972,RELIANCE,-0.010355765365352525,-0.010302329044276082
2025-02-11,1229.937744140625,1259.5196705337273,1225.2066396338644,1259.5196705337273,8859714,RELIANCE,-0.01510979636315974,-0.014996216167547205
2025-02-12,1211.7105712890625,1222.0193743195214,1188.6027887286011,1214.5989377224967,21131654,RELIANCE,-0.014930497021081556,-0.014819589803139244
2025-02-13,1211.2623291015625,1223.1150152108587,1207.1786632211406,1212.2086229517822,8511216,RELIANCE,-0.00036999356661499965,-0.0003699251274362769
2025-02-14,1212.40771484375,1219.1308629852126,1200.6546072366423,1214.1507532507958,10298145,RELIANCE,0.0009451664679497107,0.0009456132785348181
2025-02-17,1220.02734375,1222.6169765728448,1199.7084711054922,1206.2821918357026,8166683,RELIANCE,0.006265041940031566,0.006284708364159508
2025-02-18,1220.525390625,1225.0074896525716,1211.2623373341316,1219.9775298877432,6673250,RELIANCE,0.0004081426923489682,0.0004082259939102162
2025-02-19,1222.567138671875,1227.8461038341088,1212.706618273488,1214.6488125132394,6217338,RELIANCE,0.0016714459217014065,0.0016728435660231522
2025-02-20,1228.0950927734375,1234.4198079853766,1217.1388510698625,1219.0810452834291,7795582,RELIANCE,0.004511403820886044,0.004521595523635513
2025-02-21,1223.264404296875,1235.0672403005465,1217.2882724889691,1223.8121434284387,6904025,RELIANCE,-0.003941237289266923,-0.003933480806973422
2025-02-24,1209.718505859375,1218.3838481751116,1205.68456833515,1211.7105497558396,7172498,RELIANCE,-0.011135333791328673,-0.011073565444983391
2025-02-25,1199.21044921875,1216.1428226711741,1196.7203942992758,1206.1826029932777,11552182,RELIANCE,-0.008724311498602177,-0.008686365125215811
2025-02-27,1202.298095703125,1210.166693583284,1195.8738026303336,1207.975493883109,11509215,RELIANCE,0.0025714238596017814,0.0025747328055609753
2025-02-28,1195.325927734375,1212.5073065135477,1188.5530513693543,1197.218393771922,23007298,RELIANCE,-0.005815914049324308,-0.0057990343606695305
2025-03-03,1166.5906982421875,1201.6506219268736,1151.4013636439433,1199.2104168056296,17944938,RELIANCE,-0.024333329155129643,-0.02403966050217987
2025-03-04,1157.2779541015625,1169.3297956512124,1154.9373267832577,1157.576687742468,11377373,RELIANCE,-0.00801490564830642,-0.007982871931567215
2025-03-05,1170.9234619140625,1178.2940491759787,1152.3974766666165,1156.3815647449799,8664095,RELIANCE,0.011722064909914936,0.011791037549914618
2025-03-06,1204.7882080078125,1209.1208794668382,1180.4355183146993,1192.2383549047067,14468014,RELIANCE,0.02851106932914741,0.02892140024113332
2025-03-07,1244.828369140625,1249.8084792402678,1207.178688153437,1211.1627762331514,16474965,RELIANCE,0.03269387379621766,0.033234190762060356
2025-03-10,1233.4736328125,1252.9956391209716,1230.4855669004469,1240.0473535020744,11931051,RELIANCE,-0.009163383454928556,-0.00912152760140239
2025-03-11,1242.3382568359375,1244.5294565449083,1224.858022557904,1235.0672477916657,10089838,RELIANCE,0.007161014083544027,0.007186715457569104
2025-03-12,1252.0494384765625,1257.9757204337955,1239.0513034201438,1252.995610693361,11977555,RELIANCE,0.007786464569068928,0.007816857918678366
2025-03-13,1242.9359130859375,1259.1212710412995,1238.901975238559,1255.0376050433522,9505270,RELIANCE,-0.0073055065574707334,-0.007278886208929469
2025-03-17,1233.9217529296875,1252.3980085038181,1228.1946267891797,1237.208673957254,16640917,RELIANCE,-0.0072787387643966995,-0.007252312899922453
2025-03-18,1233.9217529296875,1233.9217529296875,1233.9217529296875,1233.9217529296875,0,RELIANCE,0.0,0.0
2025-03-19,1242.1888427734375,1248.2645525643281,1233.8720835165427,1236.113132982547,16162399,RELIANCE,0.006677505097359998,0.006699849341436304
2025-03-20,1264.101318359375,1267.9359786597456,1245.0773228865291,1246.8700894970418,15971477,RELIANCE,0.01748643016728307,0.017640212849612702
2025-03-21,1271.2725830078125,1275.9041093610767,1265.0474458622177,1269.927977701306,21780769,RELIANCE,0.005656983191950039,0.005673014136038379
2025-03-24,1296.920166015625,1300.8046759652354,1279.141198398433,1285.86434660882,20299319,RELIANCE,0.019973918003609797,0.02017473148609139
2025-03-25,1280.33642578125,1302.497915186312,1277.4977874103538,1302.497915186312,13713899,RELIANCE,-0.012869474599036174,-0.012787017018420888
2025-03-26,1267.98583984375,1288.6532960847499,1263.7028966635362,1285.8643858858131,12074747,RELIANCE,-0.009693187401655042,-0.009646359885421396
2025-03-27,1273.115234375,1279.8882324099652,1266.242780044616,1273.0655062272906,15028056,RELIANCE,0.004037148738478518,0.004045309001149411
2025-03-28,1270.027587890625,1290.5954658598978,1263.9518781988888,1274.9081198538831,18147129,RELIANCE,-0.0024282143924151778,-0.0024252686646160093
2025-04-01,1247.6170654296875,1272.8164693011493,1244.330265958221,1259.5693287834792,12099648,RELIANCE,-0.017803238718453424,-0.017645697364857216
2025-04-02,1246.1729736328125,1250.5554948342144,1238.9518139936486,1242.5873186806543,10142590,RELIANCE,-0.0011581503941148034,-0.001157479996779065
2025-04-03,1243.732666015625,1246.8204315907722,1228.145018441354,1228.145018441354,7434366,RELIANCE,-0.001960161348832804,-0.0019582414871938125
2025-04-04,1199.9075927734375,1240.4954871764826,1188.4036122186155,1236.1628160172713,17908652,RELIANCE,-0.03587252471498386,-0.035236730882516665
2025-04-07,1161.062744140625,1166.590714623955,1110.415052053189,1127.6960086529814,22156106,RELIANCE,-0.03290880336378304,-0.03237320012537581
2025-04-08,1177.4971923828125,1191.8399338970503,1158.6724733291408,1167.3378163352843,19555040,RELIANCE,0.014055418074403274,0.014154659879601628
2025-04-09,1180.6346435546875,1185.0670143686195,1163.3536863154889,1164.8477193030515,10223104,RELIANCE,0.0026609649005614002,0.0026645084100167526
2025-04-11,1214.1009521484375,1217.786306450343,1190.3957018139643,1190.3957018139643,11224242,RELIANCE,0.027951718391785736,0.02834603302253491
2025-04-15,1235.1668701171875,1246.0235343416643,1232.1788040875913,1246.0235343416643,13378535,RELIANCE,0.017202232646517653,0.017351043116696552
2025-04-16,1234.3701171875,1235.9637280756608,1224.1110419207541,1229.1907298200806,8248464,RELIANCE,-0.0006452650528650088,-0.0006450569141414064
2025-04-17,1269.4300537109375,1275.1073305428426,1222.7165970526498,1235.266450081142,15398401,RELIANCE,0.02800720973125655,0.028403098904663304
2025-04-21,1290.346435546875,1295.7249783909904,1261.9598099867933,1264.947875835223,10429964,RELIANCE,0.016342713872145653,0.016476986482864886
2025-04-22,1286.0635986328125,1298.713151385602,1281.1831879455033,1294.8286411452223,13051707,RELIANCE,-0.003324657800752477,-0.003319137245686554
2025-04-23,1294.82861328125,1300.8047453425481,1280.286716249035,1291.840547250601,10480888,RELIANCE,0.006792262230597705,0.006815381959146771
2025-04-24,1296.4222412109375,1299.3107293954529,1285.1672652984741,1287.2588872304611,10468940,RELIANCE,0.0012300068346092514,0.0012307636032609093
2025-04-25,1295.22705078125,1319.928323767296,1282.9759313802824,1298.3146947064158,14431012,RELIANCE,-0.0009223396993648869,-0.00092191447484824
2025-04-28,1363.35498046875,1369.1318351951852,1314.9482133535364,1334.669497851195,31104496,RELIANCE,0.05126255078316736,0.05259921775599641
2025-04-29,1394.1319580078125,1405.2874774645995,1364.5501529607263,1365.5461749701867,32538970,RELIANCE,0.022323409914870834,0.022574441711784132
2025-04-30,1399.410888671875,1406.7814756764847,1363.5540972183608,1396.4228227174156,25480745,RELIANCE,0.0037793849869981054,0.0037865358682445116
2025-05-02,1414.152099609375,1421.024554216323,1403.4945911426703,1408.3751233126775,13007841,RELIANCE,0.010478774341658814,0.0105338689707426
2025-05-05,1425.6063232421875,1433.773654928142,1421.2238021682567,1425.3074680112338,12685649,RELIANCE,0.00806708462142201,0.008099711223408246
2025-05-06,1415.2476806640625,1426.3035005201455,1404.9886054552057,1425.3074785225756,14084117,RELIANCE,-0.0072926581037692385,-0.007266131195719505
2025-05-07,1400.4068603515625,1418.733688530858,1397.1199392858432,1415.2476117092147,13440169,RELIANCE,-0.010541746178344977,-0.010486376706539735
2025-05-08,1401.4029541015625,1415.1481063364454,1392.438756100913,1398.51446598441,16106175,RELIANCE,0.0007110359788363646,0.0007112888248419491
2025-05-09,1371.721435546875,1389.251519832932,1369.032224808638,1379.9884666950659,13668904,RELIANCE,-0.021407371543110173,-0.021179860130747574
2025-05-12,1430.7855224609375,1433.275577320772,1394.430721507353,1394.430721507353,10674081,RELIANCE,0.042157136485493206,0.04305836840007893
2025-05-13,1410.0682373046875,1441.9409399606418,1406.7814377941193,1427.7974767909468,11407896,RELIANCE,-0.014585511388421943,-0.014479658083635383
2025-05-14,1418.7337646484375,1424.2118856620737,1409.8691445094285,1414.3512435205853,5570160,RELIANCE,0.006126660291879861,0.006145466662176524
2025-05-15,1448.4151611328125,1455.5865925696291,1407.0802476372012,1419.3313670179805,20177211,RELIANCE,0.020705207596082405,0.020921047503038803
2025-05-16,1450.6064453125,1455.1881221330052,1441.542669553187,1447.4191020051853,9036695,RELIANCE,0.0015117407832618188,0.0015128840393894283
2025-05-19,1435.0684814453125,1448.81351147394,1432.4787270944578,1446.3234565863577,6195791,RELIANCE,-0.0107691368073847,-0.010711357251580567
2025-05-20,1418.932861328125,1439.2517336495314,1416.1440727881434,1432.4787356808251,11270560,RELIANCE,-0.011307487350508238,-0.011243797996968508
2025-05-21,1423.5145263671875,1430.486680037078,1412.458707007589,1418.235682967954,6136364,RELIANCE,0.0032237493835988573,0.0032289512519809715
2025-05-22,1403.79345703125,1418.1361984129633,1391.3431818014155,1415.5464438973825,12134466,RELIANCE,-0.013950647962321937,-0.0138537886130784
2025-05-23,1421.124267578125,1428.0964217220903,1401.0045498118507,1401.0045498118507,6474883,RELIANCE,0.012270111680036978,0.012345698336225563
2025-05-26,1429.0924072265625,1435.2676949623963,1419.430920923106,1426.3034970063507,4842944,RELIANCE,0.005591266430631774,0.005606926734152973
2025-05-27,1416.44287109375,1431.2836233071982,1408.275539274527,1420.4269591196573,12640414,RELIANCE,-0.008890854072368518,-0.008851447302390625
2025-05-28,1407.279541015625,1416.9409060075968,1405.0882196135674,1414.4508509493858,5944611,RELIANCE,-0.006490271285066653,-0.0064692549661740095
2025-05-29,1412.1600341796875,1414.3512339364067,1402.996558868143,1406.4826358531975,13771917,RELIANCE,0.003462034144422365,0.003468033906426582
2025-05-30,1415.2476806640625,1424.9090454066043,1404.0921613404494,1412.3591925541664,13788484,RELIANCE,0.002184083813283438,0.0021864706617111818
2025-06-02,1408.0762939453125,1411.8612262898896,1390.0483195350275,1406.4826830156508,8098668,RELIANCE,-0.005080112807618284,-0.005067230857700444
2025-06-03,1399.908935546875,1420.8253977642241,1397.8173136420837,1416.6421539546416,11252626,RELIANCE,-0.005817253840863844,-0.005800366381819577
2025-06-04,1417.8372802734375,1420.0284799827916,1400.506473605418,1409.0722382665938,8126827,RELIANCE,0.012725480076976834,0.012806793550152351
2025-06-05,1436.662109375,1448.913106617055,1417.9368477633755,1422.3193687346825,13716817,RELIANCE,0.013189774769087151,0.013277143550585846
2025-06-06,1437.7576904296875,1445.7258660607492,1431.28354772945,1435.2676355449807,8182161,RELIANCE,0.0007622972175567605,0.0007625878399228903
2025-06-09,1443.0367431640625,1451.70208605586,1439.5506661134996,1451.204075048637,7885125,RELIANCE,0.0036650019744125253,0.003671726306536005
2025-06-10,1432.777587890625,1448.1163503747662,1430.2875329933524,1444.2318404180787,7913181,RELIANCE,-0.007134813039412005,-0.007109420686643664
2025-06-11,1443.13623046875,1462.7578142878924,1437.3592545136698,1440.0485867347081,8195700,RELIANCE,0.007203753678546008,0.007229763129792621
2025-06-12,1435.865234375,1451.2039968882907,1428.6939248911115,1447.7179200254843,8828114,RELIANCE,-0.005051064851081476,-0.0050383296741072225
2025-06-13,1422.2198486328125,1429.7895915718395,1408.6739736495979,1418.335338487147,9757276,RELIANCE,-0.009548693635861364,-0.009503249619472132
2025-06-16,1432.0804443359375,1436.6621211041454,1418.7337255535563,1421.223780491138,8458093,RELIANCE,0.0069093185149706315,0.006933242924857197
2025-06-17,1425.506591796875,1442.2398094911548,1420.12817043809,1442.2398094911548,10366599,RELIANCE,-0.004600989613136186,-0.004590421274910161
2025-06-18,1424.4110107421875,1437.0605628519918,1420.028489708749,1424.3114328610282,6681735,RELIANCE,-0.0007688510767335037,-0.000768555586478592
2025-06-19,1427.598388671875,1434.1721095891817,1420.0285241646616,1424.4110453044384,10007230,RELIANCE,0.002235181453022824,0.002237681333301822
2025-06-20,1460.367431640625,1465.148385952672,1422.4190171371765,1425.3075053013417,29010635,RELIANCE,0.022694485629041194,0.022953964664555127
2025-06-23,1451.0048828125,1457.9770367383994,1436.2637087352834,1447.2199506188397,5989078,RELIANCE,-0.006431730532569024,-0.006411091226272259
2025-06-24,1445.0286865234375,1469.1323689599471,1437.359244595668,1459.1721495093714,16402744,RELIANCE,-0.004127165399805224,-0.0041186603572820335
2025-06-25,1461.463134765625,1466.5428226679085,1454.690136506102,1458.1762135192969,7525851,RELIANCE,0.011308907373119986,0.0113730948011328
2025-06-26,1489.3516845703125,1492.8377614283193,1459.2717484446844,1463.2558362824063,14657893,RELIANCE,0.018902833236645027,0.019082622846425812
2025-06-27,1509.3717041015625,1515.9454247275912,1490.9452978220222,1493.4353527246628,11117052,RELIANCE,0.013352559995942329,0.013442103526425164
2025-06-30,1494.630615234375,1518.734421010171,1490.0489382705405,1507.7781788170053,8409527,RELIANCE,-0.009814378035859595,-0.00976637419870141
2025-07-01,1522.320068359375,1525.3081343971446,1494.132596769193,1494.630607775488,10368523,RELIANCE,0.018356435713803212,0.018525950721715922
2025-07-02,1512.75830078125,1523.9136988316197,1502.6983810571346,1522.3200879079554,6361002,RELIANCE,-0.006300858198251072,-0.006281049417176665
2025-07-03,1511.76220703125,1525.8060926058627,1506.9812529023668,1514.7502729656235,11283291,RELIANCE,-0.0006586788110317811,-0.0006584619297647087
2025-07-04,1521.2244873046875,1523.913698138102,1511.1645675851503,1517.9375659885409,6603501,RELIANCE,0.00623959939577273,0.0062591062466228475
2025-07-07,1535.367919921875,1538.65484117058,1518.933556847784,1520.5271677380254,7251074,RELIANCE,0.009254445261445572,0.009297400045306103
2025-07-08,1531.4833984375,1538.7544076502807,1524.1128113419518,1529.8897875590692,7171261,RELIANCE,-0.0025332323992719574,-0.0025300264737670997
2025-07-09,1512.9573974609375,1544.8301010282516,1504.0927774643353,1530.586937987722,8870660,RELIANCE,-0.012170530414884494,-0.012096769051145873
2025-07-10,1511.16455078125,1518.6347158851345,1501.5031858807802,1513.654605815878,10047129,RELIANCE,-0.0011856974820565068,-0.0011849948205391314
2025-07-11,1489.2520751953125,1508.9733598189127,1484.3716645666439,1505.9852937598653,7234991,RELIANCE,-0.014606548292448365,-0.014500390162414223
2025-07-14,1477.7977294921875,1494.0329360309418,1473.2160528053016,1486.263916129696,10311846,RELIANCE,-0.007721072015146045,-0.007691341105986238
2025-07-15,1479.4910888671875,1490.5469086437597,1476.503022895967,1480.2878335086834,8132454,RELIANCE,0.0011452108090076055,0.001145866813303309
2025-07-16,1479.690185546875,1485.068728397248,1465.6463003598592,1467.1403332858122,10409983,RELIANCE,0.00013456200315219098,0.000134571057024635
2025-07-17,1470.52685546875,1483.674296790977,1468.0368005528198,1481.4830970988435,11854613,RELIANCE,-0.006211990112967134,-0.006192735592645882
2025-07-18,1470.12841796875,1478.8934598804974,1463.2558421043927,1478.8934598804974,10296318,RELIANCE,-0.00027098552219792375,-0.0002709488089376322
2025-07-21,1422.9169921875,1470.128458883213,1417.4388712363768,1459.1722169809668,22442744,RELIANCE,-0.032640771698511456,-0.032113810742112725
2025-07-22,1407.179931640625,1426.2039275426996,1405.0881881707605,1421.721828538219,20396320,RELIANCE,-0.011121331298540591,-0.011059717912765832
2025-07-23,1418.932861328125,1420.3273163904719,1408.7734859597779,1420.3273163904719,8354596,RELIANCE,0.008317429843528566,0.008352115762336965
2025-07-24,1397.3192138671875,1417.3392306864348,1390.4466381154343,1413.554298653669,14740507,RELIANCE,-0.015349529264147281,-0.015232325679389147
2025-07-25,1386.1636962890625,1395.4267490386208,1378.593953801798,1393.3351272649268,11854722,RELIANCE,-0.008015552935504279,-0.007983514051346452
2025-07-28,1382.080078125,1402.199795115413,1379.490445288333,1386.7614543919697,7748361,RELIANCE,-0.0029503334669793934,-0.002945985510221405
2025-07-29,1411.4627685546875,1414.550412474214,1377.4984422704579,1377.4984422704579,10750072,RELIANCE,0.021036923826714054,0.02125975975975969
2025-07-30,1404.4906005859375,1417.6381639620695,1395.7256799199,1412.458776601272,7209849,RELIANCE,-0.0049519159603060355,-0.004939675437482083
2025-07-31,1384.669677734375,1397.0203743336986,1376.7015020683227,1382.5780559389787,17065827,RELIANCE,-0.014213063820806218,-0.014112535066659326
2025-08-01,1388.15576171875,1400.3073026227253,1378.7932525308158,1381.3828853186424,10321171,RELIANCE,0.002514464683938019,0.0025176286015586857
2025-08-04,1405.885009765625,1410.466686507784,1386.1637261382157,1389.5502251510159,6312820,RELIANCE,0.012690928624056056,0.012771800208446038
2025-08-05,1386.1636962890625,1405.38696851784,1382.5780415934858,1405.38696851784,9315972,RELIANCE,-0.014127003886616434,-0.014027686005308682
2025-08-06,1387.259521484375,1390.3471654369864,1377.797312271222,1386.3630773472378,5834312,RELIANCE,0.0007902329837837583,0.0007905453001302298
2025-08-07,1383.8729248046875,1388.1557462486337,1360.5659868045632,1382.1796145349972,9976705,RELIANCE,-0.0024441981257248336,-0.0024412135056487427
2025-08-08,1362.35888671875,1391.6418351007062,1359.569976594415,1379.4904158119157,8793606,RELIANCE,-0.01566836283150502,-0.015546252622128498
2025-08-11,1380.6856689453125,1382.4785572067015,1355.7851185633474,1364.5501609316866,9997486,RELIANCE,0.013362564518007665,0.01345224258102995
2025-08-12,1374.9088134765625,1396.3232867936674,1369.7294260490362,1376.4028464986861,12244664,RELIANCE,-0.004192825881014223,-0.004184048258546014
2025-08-13,1377.0999755859375,1386.2634508216695,1372.0202877666845,1382.4785186353236,7457021,RELIANCE,0.0015924095744947369,0.001593678131886156
2025-08-14,1373.800048828125,1380.699951171875,1370.0999755859375,1377.300048828125,7126128,RELIANCE,-0.0023991626823116514,-0.0023962869917331098
2025-08-18,1381.699951171875,1394.9000244140625,1377.0,1390.0,11785109,RELIANCE,0.005733931401294691,0.005750401851047249
2025-08-19,1420.0999755859375,1421.0,1389.0999755859375,1390.0,14384719,RELIANCE,0.027412684735718524,0.027791869270527236
2025-08-20,1413.0,1424.9000244140625,1410.0,1413.0,8725641,RELIANCE,-0.005012170774648707,-0.0049996308062804085
2025-08-21,1424.800048828125,1431.9000244140625,1420.300048828125,1425.0,11021323,RELIANCE,0.00831638356108449,0.00835106074177272
2025-08-22,1409.199951171875,1423.4000244140625,1407.9000244140625,1420.0,5818868,RELIANCE,-0.01100935442806527,-0.010948973274587437
2025-08-25,1412.5999755859375,1419.5,1405.699951171875,1414.699951171875,5979407,RELIANCE,0.0024098278742064163,0.0024127338432242684
2025-08-26,1384.9000244140625,1410.0,1381.5999755859375,1408.0,12145259,RELIANCE,-0.019804008214326624,-0.01960919697764063
2025-08-28,1385.9000244140625,1392.199951171875,1366.5,1389.9000244140625,13161813,RELIANCE,0.0007218132133647864,0.0007220737832127622
2025-08-29,1357.199951171875,1403.5,1350.0,1381.0999755859375,18758842,RELIANCE,-0.02092604775782058,-0.02070861731481788
2025-09-01,1353.9000244140625,1363.199951171875,1340.5999755859375,1356.0,11232238,RELIANCE,-0.0024343833995086584,-0.002431422691227758
2025-09-02,1366.5,1384.5,1354.5,1354.800048828125,11517006,RELIANCE,0.009263391834660618,0.009306429838784158
2025-09-03,1372.5999755859375,1376.5,1360.5,1369.699951171875,7847563,RELIANCE,0.004454007319683691,0.004463941153265649
2025-09-04,1359.300048828125,1374.0,1357.0999755859375,1371.800048828125,13223177,RELIANCE,-0.009736836425082756,-0.009689586911244885
2025-09-05,1375.0,1381.0,1359.300048828125,1363.0,5777575,RELIANCE,0.011483833837948005,0.011550026195769059
2025-09-08,1378.5,1386.0,1372.4000244140625,1380.0,6986720,RELIANCE,0.0025422203631798464,0.0025454545454546285
2025-09-09,1376.199951171875,1381.199951171875,1368.699951171875,1376.5999755859375,9754452,RELIANCE,-0.0016699091758714641,-0.0016685156533369216
2025-09-10,1377.0,1388.5,1374.0999755859375,1383.9000244140625,7790815,RELIANCE,0.00058117744067482,0.0005813463570054633
2025-09-11,1383.300048828125,1385.5,1375.0,1376.0,9766072,RELIANCE,0.004564764450404404,0.0045751988584785686
2025-09-12,1395.0,1396.300048828125,1380.5,1383.300048828125,7403368,RELIANCE,0.008422431076406759,0.008457999536533478
2025-09-15,1399.300048828125,1400.800048828125,1388.5999755859375,1393.0,5396697,RELIANCE,0.003077731200880638,0.0030824722782258895
2025-09-16,1405.300048828125,1408.0,1398.199951171875,1404.699951171875,8686961,RELIANCE,0.004278691396046932,0.004287858065198158
2025-09-17,1413.800048828125,1416.199951171875,1406.9000244140625,1407.0,7519417,RELIANCE,0.006030311421257419,0.006048530352708692
2025-09-18,1415.0,1422.0,1410.699951171875,1420.4000244140625,9332642,RELIANCE,0.0008483818036869524,0.0008487417813216602
2025-09-19,1407.4000244140625,1417.0,1403.5999755859375,1414.9000244140625,13461373,RELIANCE,-0.005385483197964381,-0.005371007481227874
2025-09-22,1390.5999755859375,1410.699951171875,1388.0,1403.9000244140625,7757970,RELIANCE,-0.012008756770951708,-0.011936939417859782
2025-09-23,1389.800048828125,1395.0,1376.800048828125,1391.0,14014702,RELIANCE,-0.0005754040949929503,-0.0005752385818038608
2025-09-24,1383.0,1396.0,1380.4000244140625,1385.300048828125,5922759,RELIANCE,-0.004904834348670732,-0.0048928252908457814
2025-09-25,1372.4000244140625,1384.5,1369.0,1381.300048828125,11411143,RELIANCE,-0.007694002891143961,-0.007664479816296144
2025-09-26,1377.5999755859375,1382.699951171875,1366.0,1372.0,9879109,RELIANCE,0.0037817871776812005,0.0037889471578049783
2025-09-29,1372.800048828125,1389.0,1368.0,1381.5999755859375,14231999,RELIANCE,-0.0034903516493253327,-0.003484267452727674
2025-09-30,1364.0,1377.0999755859375,1362.800048828125,1377.0999755859375,14604684,RELIANCE,-0.006430925898562709,-0.00641029175052632
2025-10-01,1368.699951171875,1378.5999755859375,1362.699951171875,1367.0,12045916,RELIANCE,0.003439789138993334,0.0034457120028408283
2025-10-03,1363.4000244140625,1371.5999755859375,1356.9000244140625,1363.199951171875,12842347,RELIANCE,-0.0038797507069664346,-0.003872234198061264
2025-10-06,1375.0,1377.4000244140625,1359.0,1360.0,12396580,RELIANCE,0.008472133265237238,0.008508123352075403
2025-10-07,1384.800048828125,1395.9000244140625,1375.9000244140625,1376.0,11244040,RELIANCE,0.007102029021382725,0.007127308238636276
2025-10-08,1367.4000244140625,1389.0,1364.5,1384.800048828125,8525081,RELIANCE,-0.012644615787993335,-0.012565008521473686
2025-10-09,1377.800048828125,1380.0,1369.0999755859375,1374.0,8826633,RELIANCE,0.00757691526423012,0.00760569272222944
2025-10-10,1381.699951171875,1388.0,1375.0999755859375,1377.800048828125,6373084,RELIANCE,0.002826530125166267,0.002830528527754783
2025-10-13,1375.0,1377.699951171875,1367.800048828125,1376.9000244140625,7600682,RELIANCE,-0.004860858622785996,-0.00484906376828953
2025-10-14,1375.9000244140625,1388.0,1370.0999755859375,1380.0,9768174,RELIANCE,0.000654349077166506,0.0006545632102272769
2025-10-15,1374.300048828125,1384.0,1372.699951171875,1383.0,10882743,RELIANCE,-0.0011635340875813303,-0.0011628574442528183
2025-10-16,1398.300048828125,1400.5,1375.0,1375.0999755859375,12315932,RELIANCE,0.017312701876182054,0.017463435310553166
2025-10-17,1416.800048828125,1423.300048828125,1399.0999755859375,1401.0,19335561,RELIANCE,0.013143593965852346,0.013230350678671732
2025-10-20,1466.800048828125,1473.800048828125,1433.300048828125,1440.0,24721978,RELIANCE,0.03468234855375612,0.035290794944111026
2025-10-21,1465.199951171875,1474.0,1460.0,1468.0,2066169,RELIANCE,-0.0010914719066174412,-0.0010908764678105864
2025-10-23,1448.4000244140625,1482.9000244140625,1444.5999755859375,1475.0,18707090,RELIANCE,-0.011532202832060003,-0.011465961860274265
2025-10-24,1451.5999755859375,1459.800048828125,1441.0,1450.0,9700837,RELIANCE,0.002206863772819216,0.0022093006889927214
2025-10-27,1484.0999755859375,1485.0,1458.0,1463.0,14113867,RELIANCE,0.022142131931167066,0.022389088279559433
2025-10-28,1486.9000244140625,1492.0,1477.5999755859375,1484.0999755859375,17631577,RELIANCE,0.0018849206712592442,0.0018866982509178065
2025-10-29,1504.199951171875,1508.300048828125,1488.0999755859375,1490.0,11884745,RELIANCE,0.011567730808494707,0.011634895738622308
2025-10-30,1488.5,1503.0999755859375,1484.0,1500.0,9318663,RELIANCE,-0.010492261475279072,-0.01043740970716267
2025-10-31,1486.4000244140625,1497.5,1482.300048828125,1490.4000244140625,8758053,RELIANCE,-0.0014117959712957888,-0.0014107998561890822
2025-11-03,1484.699951171875,1495.0,1479.300048828125,1486.0,8452085,RELIANCE,-0.0011444067461219237,-0.0011437521624487745
2025-11-04,1473.0999755859375,1492.800048828125,1470.0999755859375,1483.9000244140625,10007806,RELIANCE,-0.007843691490776177,-0.007813010013761779
2025-11-06,1496.0999755859375,1501.5999755859375,1476.199951171875,1484.0,16772678,RELIANCE,0.015492698654079522,0.015613332686976289
2025-11-07,1478.0,1498.4000244140625,1475.9000244140625,1494.5999755859375,7821765,RELIANCE,-0.01217188339356962,-0.012098105662256109
2025-11-10,1489.300048828125,1501.0,1475.5,1477.9000244140625,7068438,RELIANCE,0.007616421169630682,0.007645499883710993
2025-11-11,1493.4000244140625,1498.800048828125,1480.199951171875,1497.0,7127506,RELIANCE,0.0027491722717959883,0.002752954711284339
2025-11-12,1511.5,1524.699951171875,1500.0,1505.0,12384459,RELIANCE,0.012047119269938842,0.012119978096986506
2025-11-13,1510.9000244140625,1522.0999755859375,1506.800048828125,1515.0,7196443,RELIANCE,-0.00039701931509525574,-0.0003969405133559256
2025-11-14,1518.9000244140625,1520.9000244140625,1505.5,1505.5,7682823,RELIANCE,0.005280888813070912,0.0052948572842219654
2025-11-17,1518.300048828125,1523.699951171875,1511.5,1520.9000244140625,5871416,RELIANCE,-0.00039508466961238537,-0.00039500663394154145
2025-11-18,1519.4000244140625,1527.800048828125,1510.5,1521.699951171875,11045042,RELIANCE,0.0007242160894709419,0.0007244783972617519
2025-11-19,1518.9000244140625,1522.300048828125,1512.0,1517.4000244140625,5692366,RELIANCE,-0.0003291314198585945,-0.0003290772620546667
2025-11-20,1549.0999755859375,1550.9000244140625,1526.699951171875,1530.0,18171724,RELIANCE,0.019687696634669537,0.019882777461620593
2025-11-21,1546.5999755859375,1557.800048828125,1540.0999755859375,1541.0,9615271,RELIANCE,-0.0016151439628576808,-0.0016138403197988316
2025-11-24,1535.9000244140625,1550.0,1531.800048828125,1550.0,18433951,RELIANCE,-0.006942413072111114,-0.006918370193185419
2025-11-25,1539.699951171875,1559.5999755859375,1525.0999755859375,1535.9000244140625,15033482,RELIANCE,0.002471016205930823,0.002474071682668333
2025-11-26,1569.9000244140625,1571.5999755859375,1540.5,1542.300048828125,14054299,RELIANCE,0.019424378074500422,0.019614258751649682
2025-11-27,1563.4000244140625,1575.5,1556.0,1575.0,9794643,RELIANCE,-0.0041489861953854,-0.004140391043325198
2025-11-28,1567.5,1581.300048828125,1563.0,1568.0,8959508,RELIANCE,0.0026190411048407324,0.0026224737891213934
2025-12-01,1566.0999755859375,1577.5,1563.5999755859375,1575.0,8920233,RELIANCE,-0.0008935566237704263,-0.0008931575209329967
2025-12-02,1546.300048828125,1567.5,1542.0,1561.0999755859375,11389150,RELIANCE,-0.01272342482452664,-0.012642824255459595
2025-12-03,1538.800048828125,1552.4000244140625,1533.0,1545.199951171875,6090883,RELIANCE,-0.004862088449338787,-0.004850287630582373
2025-12-04,1535.5999755859375,1560.5,1517.5999755859375,1536.0,11867930,RELIANCE,-0.002081755381509613,-0.0020795900316122884
2025-12-05,1540.5999755859375,1545.800048828125,1520.5999755859375,1530.4000244140625,10183266,RELIANCE,0.003250766843821975,0.0032560563164194534
2025-12-08,1543.0,1551.0,1535.0,1539.199951171875,11301491,RELIANCE,0.001556638291408735,0.0015578504816928795
2025-12-09,1529.4000244140625,1542.5,1520.0999755859375,1540.300048828125,11503971,RELIANCE,-0.008853055789872557,-0.008813982881359372
2025-12-10,1536.9000244140625,1547.5,1531.4000244140625,1534.0,7991629,RELIANCE,0.00489189892524215,0.004903883797748421
2025-12-11,1545.0,1550.0,1524.0,1536.9000244140625,4706197,RELIANCE,0.005256493833315559,0.005270333435660968
2025-12-12,1556.5,1559.800048828125,1546.0999755859375,1550.800048828125,5106655,RELIANCE,0.00741580054981699,0.007443365695792847
2025-12-15,1556.199951171875,1558.5999755859375,1546.5,1551.199951171875,5774543,RELIANCE,-0.0001927900753436364,-0.000192771492531274
2025-12-16,1542.300048828125,1551.699951171875,1538.800048828125,1545.0,11731856,RELIANCE,-0.008972080417459664,-0.00893195140719727
2025-12-17,1544.4000244140625,1550.0,1539.300048828125,1550.0,7116649,RELIANCE,0.0013606608093430712,0.001361586928259051
2025-12-18,1544.4000244140625,1551.5,1535.199951171875,1535.199951171875,6580829,RELIANCE,0.0,0.0
2025-12-19,1565.0999755859375,1574.199951171875,1551.0,1554.4000244140625,13937275,RELIANCE,0.013314202899210932,0.013403231575140895
2025-12-22,1575.4000244140625,1577.5,1565.300048828125,1573.5,10184852,RELIANCE,0.006559519668866656,0.006581080434985509
2025-12-23,1570.699951171875,1580.9000244140625,1568.0999755859375,1580.9000244140625,7506564,RELIANCE,-0.00298787500415015,-0.0029834157479688983
2025-12-24,1558.199951171875,1575.699951171875,1553.5999755859375,1572.699951171875,8815745,RELIANCE,-0.007990071201610053,-0.00795823542916263
2025-12-26,1559.199951171875,1561.0,1554.300048828125,1554.699951171875,2311495,RELIANCE,0.0006415603166908762,0.0006417661605289116
2025-12-29,1545.5999755859375,1558.0999755859375,1543.5999755859375,1554.9000244140625,5972105,RELIANCE,-0.008760669214805306,-0.00872240636982824
2025-12-30,1539.800048828125,1553.5999755859375,1537.800048828125,1547.0,8815884,RELIANCE,-0.003759599107763912,-0.003752540663449322
