Date,HCLTECH,HDFCBANK,HINDALCO,HINDUNILVR,ICICIBANK,INFY,ITC,JINDALSTEL,KOTAKBANK,NESTLEIND,TATASTEEL,TCS
2020-01-02,0.002797273047455029,0.006374463360115712,0.027298129131118065,0.0007745141254480448,0.007172723335194142,-0.002917613425764576,0.007349764762647482,0.04116600258638847,-0.0014934907254290364,-0.0033627720243316617,0.03655805210066432,-0.004590309346934274
2020-01-03,0.020050567179672907,-0.014260784979677421,-0.01680663351621814,-0.005469471319290764,-0.003237237240041657,0.01538032274285106,-0.005628475701679125,-0.009523856309706646,-0.008644530884049595,-0.009216305838720018,-0.0023718865297435165,0.01992905055335359
2020-01-06,-0.005213104651289657,-0.021641561291830258,-0.03303307602761674,-0.006225927900289863,-0.02440363037942428,-0.00958450878297501,-0.014255644894686448,-0.027389301194841065,-0.002745869314152216,-0.012125218169612872,-0.02160430967778071,-9.084880034160303e-05
2020-01-07,0.0038658080712186127,0.01583458971298457,-0.002150025721189941,0.0027409786785499435,-0.005326300662983119,-0.01482026406442638,0.00106323711943479,0.002696297724822161,0.011073802416557532,-0.008732873904222949,0.006022277036078716,0.002454107038502684
2020-01-08,0.0025673241272077263,-0.0026177432384933974,-0.006942754010326957,0.004503623442980054,0.005832912849171423,-0.013326017111605637,-0.004886230265871538,0.04391984140714822,-0.009575932048765834,0.007032491500044813,-0.0017854696060060071,0.022395045101333277
2020-01-09,-0.009303997246700835,0.011214342845597969,0.016152384437737588,0.0029544592056933716,0.03869185779685802,0.01301870667646865,0.006831583135294084,0.009731002560146695,0.006163736371081585,0.017524437748886124,0.016622926570205143,-0.018135576500686867
2020-01-10,8.591548548708694e-05,0.00888797658417917,0.003558696587880217,0.009792914659360052,-0.011074301634224515,0.014569317755679823,0.009330045690113087,0.0014170864092868385,0.011801403078807837,0.002895546855703257,0.0063126913879480995,-0.000361210928100153
2020-01-13,0.010597079006580135,0.0025726413234619105,-0.0014184909819725533,0.02090584794767758,-0.0030543089491672504,0.04795768298788783,0.005252025380020564,0.007925470408914226,0.003798755715823665,-0.0018795487802144573,0.019642178257110787,-0.010480823697080921
2020-01-14,0.01329949197138025,0.00272177604229773,0.003551114398887334,0.006992953481165687,-0.001856735519876529,0.0027150053378177663,0.016718814437571616,-0.022746507627188883,-0.008455892046550617,0.014350393406090456,0.005748859251434091,0.0075556456663257165
2020-01-15,0.002439760967878346,-0.0040712323235957415,0.008020875134889582,0.0063967890838319,-0.003720261414892012,-0.010442971175714577,-0.003494232311579415,0.03534477000940295,-0.0007156852585833429,-0.0005647880107866321,0.007019540451641548,0.009062300044119898
2020-01-16,-0.0041962971777259606,0.0026473092630234785,-0.01872224045037274,0.013652362667340157,0.002894195726053761,-0.0007164703977049491,-0.0068069854128124385,-0.0063834740048343,0.015486955085653786,0.03329016579026267,-0.015335541129260721,0.005344142340669711
2020-01-17,0.009355091333973053,-0.007377781380943138,0.0019078844086903857,0.005392193442352422,-0.00949482935411805,0.0011080747486018616,-0.0033227729397006245,-0.011452552482328682,-0.0020274862844131825,0.005506437419206867,0.0017192894474080678,-0.008799474481283376
2020-01-20,-0.015948566963077115,-0.018190366888758858,-0.013092115556709638,0.0012377138362598128,0.005262554238325556,0.0007815930715091568,0.00812658275819711,0.0132807310335612,-0.04722934239060261,-0.0014378943189976567,-0.009288220683431048,-0.021968364542944374
2020-01-21,-0.008824840829642522,-0.008407124134200528,-0.010371485437311478,-0.0036116972311696083,-0.007104640864917355,-0.007742996159698756,-0.014262119631479941,0.036252034957205304,0.004450250574015158,-0.008853885930994565,-0.029552668440296248,0.0003224752721049384
2020-01-22,0.011300497003774002,-0.0028126701796475917,-0.007555307803012168,-0.001800038395736503,-0.015441227935394708,0.010098228587690938,-0.0016775433265040496,-0.035791336648093974,-0.024367651881312624,0.017535316089676956,-0.0023100114626979362,0.016512713028921544
2020-01-23,0.014052204490405673,0.0032235914924272357,0.004911560455459707,0.002534461279327216,0.00927619970310034,0.018372126824762303,-0.0006301248252721381,0.004744688182081402,0.0128351726174738,9.66086093723284e-06,0.010945973115795038,-0.004973024608575627
2020-01-24,0.018008641254694924,-0.00024091226548839106,0.003909950738411272,0.008167624831082243,0.011654245910932781,-0.002040160959716042,0.0010509876536033413,0.04972228973184256,0.02310292933915359,0.013290359998844092,0.006559062611875888,-0.003445864713747415
2020-01-27,-0.005512904129489682,-0.02518994146192044,-0.034810021053537255,-0.005955494274234696,0.00636909546550668,-0.005940522360876499,-0.014906631743843324,-0.054247173796304615,-0.014973174953988977,-0.005677489230246802,-0.043338791265640664,-0.006480534713767083
2020-01-28,-0.004798336628441424,0.008242597867305301,-0.01134931563017516,-0.0003637786794368214,-0.016845109168048822,-0.000128351716567221,-0.01641080593673827,-0.017907049121074547,0.004757953900877521,-0.015919653413420942,-0.03503082590783957,0.006684477243906084
2020-01-29,0.012303074332852937,0.010341762291925516,0.008928596766722308,0.006599895225606112,-0.0030293057901131792,0.015038342921840808,0.02556860668377947,-0.003133947949112703,0.008855890222392304,0.029195583653679247,0.013333493611668912,-0.013348983245878077
2020-01-30,-0.001642095674373678,-0.00792958056096782,-0.02174463540577143,-0.0077618793310061385,0.010634396816955105,-0.011396722776589319,-0.010986483241642087,0.004001152334702773,-0.007437050526025946,-0.021803312387201235,-0.008071765739344983,-0.00777405107515905
2020-01-31,-0.0270623807081648,0.0002039262102468964,-0.02119410577287384,-0.011588476465159259,-0.012307411375290456,-0.0060841363174078955,0.004699768261264836,0.0014232252566055426,0.03899899722429878,-0.010395762047582857,-0.02195969109090634,-0.027504318363601787
2020-02-03,-0.020798247026301397,-0.02731801851461635,-0.03987331987436726,0.07113192215938358,-0.019214347378602836,-0.011018757950378655,-0.1171592456666033,-0.005969226719769516,-0.009162093001792382,0.06130098472499279,-0.006040510340845517,0.011279265802539795
2020-02-04,0.012778297351915935,0.0310193707376214,0.040979124018960755,-0.010716176621933804,0.029579984949101634,0.026648335806111145,0.038776533292315785,0.04889904056727157,0.013154299693165283,0.009484085402122533,0.03634895160346985,0.002497148384658754
2020-02-05,0.01551562075010704,0.012075338745492381,0.03725231539544094,0.002180551821555188,0.01563676063623687,-0.004188688710258237,0.0037097118645681437,0.03653215691618272,-0.005034341500841699,-0.0042994122638980725,0.05122839893724085,0.018408181992935813
2020-02-06,0.0068842246390903306,-0.0038967367353768267,-0.011716751977686624,-0.0018055542962268634,0.004637475748566544,-0.01682468726570452,-0.013398087481020782,0.040241918921279485,-0.009320925382269918,-0.006097177442595969,0.005367673325914257,-0.008478741195370065
2020-02-07,0.013340099272366901,0.0019356679644924046,0.017525860687658934,0.0016463183266739456,-0.009508866447901387,0.00771351683712207,-0.0007024172415321939,0.00025291216779854686,-0.012515051370309727,0.0026312718295098403,-0.013819131590244282,0.0038527762615327976
2020-02-10,-0.004607787443726252,-0.0015293784670650235,-0.03318145414368057,-0.0003010787738776388,-0.00466038380849243,-0.005274690368611501,-0.013355014031218526,-0.0232558557989081,0.009830227160632532,-0.009529718019609335,-0.057749350236200536,0.011888477086383187
2020-02-11,0.009505612837758415,0.00024169209403956948,0.014671183234075347,-0.0030795733603797837,0.01086254466720682,0.0004526291488211598,0.009736115988711491,0.016045597366526332,0.0048824126210058605,-0.010824052944838125,0.0006757583843668424,-0.0039549838554994166
2020-02-12,0.005649825439285827,0.006771145363443143,0.0,0.05003140231282677,0.01769336129202359,0.009695673677055927,0.0021168652732879156,0.0035658997347982613,0.022325532536811687,0.018787666293460292,0.008669293626078156,0.008057067009759278
2020-02-13,-0.0026869902995012573,-0.00608513534945343,0.008262409124168313,0.01019728862387792,-0.01511012555908331,0.014339649135315824,-0.005397967719785179,-0.01573601018579296,-0.014636333005748514,0.007025581310169615,-0.014956891110016857,0.009766044921903694
2020-02-14,0.015021777449505391,-0.017762128195534466,-0.0064020899255313735,-0.012415537252705389,0.008872490450434256,-0.007320942464425051,-0.019820533542353913,-0.01753479533640856,-0.005237481616448547,-0.0033971158737728935,-0.015184099518332106,-0.0035354891691558032
2020-02-17,-0.013190813981747374,-0.0018042000127467261,-0.01932985848177149,-0.0010861338726042558,-0.007695139511474602,0.0038145462519829643,-0.013962321252931842,-0.0005249123805727285,0.006038225810612419,0.014184291251014614,0.005292768795041258,0.008721597890261279
2020-02-18,-0.010432752206237406,-0.0032040873396513847,-0.031011749202221384,-0.008079748975458712,-0.000738487122091902,0.010387111390956827,-0.004638878615395692,-0.02704832282794667,-5.889450661944462e-05,-0.011128365224746473,-0.012475695885439841,0.00567359018892688
2020-02-19,-0.0021415276176267595,0.011497858438885178,0.020341612189467506,0.0258457936627845,0.006651762409205286,0.0035103061087733423,0.013980877588381846,0.01511474430175297,0.005972707765553142,0.023238503176603587,0.004172462924934894,-0.008755625700050063
2020-02-20,0.0037969975277531987,-0.0082300593971939,0.009835183580236606,-0.019152346887838623,0.004038169750700815,-0.0043101719383323855,0.0036284760816067685,0.028449673851890234,-0.008906004603876694,-0.014629088062305562,0.02389184226913632,-0.01800685855328843
2020-02-24,-0.02121549339937101,-0.005874754428805584,-0.05738345020718694,-0.014722447527963589,-0.031352860602717025,-0.001442913605302798,-0.021451055862253043,-0.0956565954794476,-0.0045671782267391325,-0.012228253894869923,-0.06335242553345011,-0.019218486983211713
2020-02-25,-0.021338896584043088,-0.007975336159753432,-0.025691217049879977,0.008328925220063121,0.0020761736091798877,0.0032040769131973512,-0.005911171412101179,0.02344204752377599,-0.0014598065649022995,0.0026473136374669526,0.014081148796940779,0.01928750241429844
2020-02-26,0.0019740872358116057,-0.0008748643358997832,-0.02608188274562817,0.001163818155756724,-0.013654780144686351,-0.01960167123633305,-0.01585737550960864,-0.049441429042577645,-0.005549778948785167,-0.008568234123229601,-0.011868019030524923,-0.015096074518033076
2020-02-27,-0.018077420684592282,0.00016667927597358023,-0.009123030852069336,0.008385178510576408,-0.015944308791656314,-0.006259949192984449,-0.005287051455724834,-0.010578731237983252,0.009751074255698322,0.0014532226466910103,-0.008407479775190518,-0.008523471239538338
2020-02-28,-0.06753334560430868,-0.018174898545124885,-0.07395309988689103,-0.03556626727176371,-0.03512171915739315,-0.05933006445674294,0.0,-0.08583324892175315,-0.037082042569108964,-0.02981473561625958,-0.07521796827249749,-0.050035617919502284
2020-03-02,0.028726736579841594,0.0016557784369275463,-0.039448362080275357,-0.007035461366489026,0.0177978692635421,0.012778411046800553,-0.011389613448918312,-0.0035735997041456136,-0.013176236249694662,0.02098370367034552,-0.04636533742378779,0.0005750345869510731
2020-03-03,0.027924004046841366,0.0018651070172206463,0.06377295889345658,0.003334215592923906,0.017091438027592387,0.00802909933854945,-0.007424571464987095,0.04760354122895172,0.0170730812164388,0.015484158882979271,0.06455162137973769,0.017438629305951192
2020-03-04,-0.003450826129813067,-0.0278813382527634,0.008160731758317441,0.004246211429705715,-0.01243316346355361,0.015729654573286345,-0.03275708845192116,-0.039838218223538724,-0.011283259484347608,0.011131514918417684,-0.02683529731653478,0.02308209542569828
2020-03-05,0.02361943313629511,0.0021762961414044657,-0.03175587378872313,0.019371731519316704,-0.0075735663429713496,-0.005469552031284408,0.002933505932384728,0.000972306226702413,0.026990993631705873,0.0021037185936632063,-0.0037121588843056497,0.020089265250272437
2020-03-06,-0.01769615530889912,-0.014287588424322095,-0.03472681554060075,-0.013119949034313572,-0.035976193159579894,-0.020739333230855528,-0.03350188062769077,-0.05246095184833843,-0.012293009830046886,-0.008868194692258524,-0.06453747516697061,-0.004046894418455849
2020-03-09,-0.045478723510996244,-0.024319247312169834,-0.0443038825717571,-0.030791604887223212,-0.05880537912988848,-0.04668813587931464,-0.025034204678397676,-0.10321268527145788,-0.03243308596947725,-0.02422191490989012,-0.083072707242685,-0.06808579927794511
2020-03-11,-0.006753633074490617,0.005870109439976234,-0.0393864600720788,0.015790716368460078,0.017258319558735025,-0.026190502118899617,-0.008747266645453666,-0.03277431535935782,0.007065173330640606,0.0010727433402486497,-0.06996577571243479,-0.009455613637607496
2020-03-12,-0.08094273312003275,-0.08304920652773096,-0.12772136163140013,-0.04596311682222198,-0.08590142415312141,-0.07988324305966144,-0.11300896533481408,-0.10244290006294643,-0.07817897336782387,-0.0300961097384973,-0.04103415619127171,-0.09410357450425388
2020-03-13,-0.000911931898439744,0.04748865690470527,0.06031616399340445,-0.011065290642106929,0.050628459913502066,0.017664500307443598,0.0413992957943945,0.06584725970350092,0.003412782240103329,-0.036860262155312795,0.13654536540620898,0.02059514109006133
2020-03-16,-0.08561589075043763,-0.06571325139804796,-0.09258528998573323,-0.04490456913661489,-0.09906088476126573,-0.0921615400998369,-0.09244982575587202,-0.10255357513648156,-0.05873939627923086,-0.039661590901942434,-0.1135598184927552,-0.060842662427746275
2020-03-17,-0.0001108395816801222,-0.02441233241399343,-0.0021616812826241727,0.032004776055610806,-0.08848347043459603,-0.04835796530528491,0.01290309085651975,-0.016062451105325004,-0.04408487247092907,0.009987896180968736,-0.02365316993369404,-0.022636118683800333
2020-03-18,-0.03639185320287941,-0.10070754824524508,-0.05372627462051438,-0.04004391743048519,-0.03321977723346681,-0.03721067605477868,0.010392189228580984,-0.05550364529818175,-0.11397132332651638,-0.06905984416957289,-0.006719843285386107,-0.002171461590156021
2020-03-19,-0.047898679754231344,0.02126806677887849,-0.08653832300323239,-0.04444333341572426,-0.04647239331954678,0.021055567527842767,0.07398805161122213,-0.08148150185933944,0.03319261798790829,-0.0307679719058509,-0.032045585584010716,-0.003683501724386029
2020-03-20,0.07606725568059503,-0.014181210229237129,0.057644066153462514,0.11608548003929409,0.021119523769669746,0.07267894652622053,0.08433738449169215,0.12419366539809573,0.042532008893992224,0.07813838253218619,0.09527314892466365,0.09845071306199316
2020-03-23,-0.062373509633400714,-0.12606899149157003,-0.16682467117876443,-0.08870700072419768,-0.17847854575883138,-0.1003928102684648,-0.12079757997961427,-0.14873277627342163,-0.12999564181351297,-0.08489253926609708,-0.08933677737400858,-0.0710727820711855
2020-03-24,0.05969061517068264,-0.004989928439217972,0.009670127971992404,0.084585936639193,0.044014196586841914,0.12033412721344705,-0.02981213148833617,0.01573037341554384,0.049761027029191496,0.04122912925746003,0.0027661793788276157,0.02003340653454555
2020-03-25,0.03517699363357041,0.11599577355976853,0.06535220447879331,0.02973594613068964,0.06880257309951476,0.027806087993348605,-0.015698164704235684,0.01991143966519071,0.11904762379420086,0.07165231245439108,0.05479938408740881,0.027683993791304484
2020-03-26,-0.02163460066182954,0.05176542492284608,0.0,0.0511213593150015,0.04212696675484362,0.060705908103920736,0.061418413949300144,-0.03633404543157104,0.06417863951939862,0.03292326095889608,-0.008193791498574798,0.023224800187890526
2020-03-27,-0.0380834034987777,0.003717745670812178,-0.03172937835805412,-0.024761499727502967,0.029068896449908843,0.015085439564840097,0.04347843269989693,0.0,0.019046504080429072,0.012664467132400548,-0.025311933244559603,0.018732869386067552
2020-03-30,-0.027052443246198155,-0.08049099829570683,-0.030038217391968547,0.020461816345686223,-0.07782848793297503,-0.03983441694581802,-0.024509911855035815,-0.09960599836895778,-0.0753341777100962,0.03640653354393675,-0.08367899964722159,-0.02521217534789333
2020-03-31,0.041527559170419615,0.03637360073596896,0.07770264828768125,0.05225830981623014,0.03302483839958503,0.02361566526840031,0.07851777787765757,0.027499909571267134,0.0018163903647454571,0.04099658688494934,0.0612082936901539,0.026764108815523713
2020-04-01,-0.052360032666493694,-0.037417297911736314,-0.04231970366650595,-0.0517076370815569,-0.03891889162991746,-0.060327285881689785,-0.03086793267448107,-0.14537706374065518,-0.08826807023268435,-0.03963359274346123,-0.012054905117639514,-0.06426293315313958
2020-04-03,-0.018740490939301302,-0.01904435171999941,-0.03109656017348994,-0.01172215462246895,-0.07874009440013219,-0.02836758044674037,0.06911054044913056,-0.10106766998282168,-0.03452806063815994,-0.035127262283686345,-0.04730610801442847,-0.03192368371629695
2020-04-07,0.11175484574261563,0.10106295840670176,0.17060810145738325,0.13499824970308927,0.13762427155333645,0.09100216508820291,0.020517269524336967,0.2889944777212219,0.050138145932040024,0.12804016968203902,0.08847290749827996,0.07314705448854886
2020-04-08,0.026487739553276102,-0.008034789784750695,-0.02982208887170834,0.006523955260454795,-0.021925930885688394,-0.011580601672389168,-0.015973533095402614,0.042997641669273445,-0.008680787921485633,-0.009824698318124936,-0.00524974278391821,-0.03929128113420077
2020-04-09,0.01284843121868473,0.04066811662514502,0.06643539487430083,-0.03600396649122961,0.07446338289532539,0.007362390549598752,0.03694368320521613,0.07891624639784234,0.07178040153907861,-0.0018701301999277664,0.03676054321040367,0.03559173370601809
2020-04-13,-0.023025390669,-0.03210636045181847,0.058112659758521534,-0.010875741298740693,-0.035162103373269304,0.0018075803832369175,-0.0197032222089637,0.0005458286594677286,-0.01728344519081637,-0.014237137313530601,-0.008074410302802981,-0.003906821550577977
2020-04-15,0.044735334204614174,-0.03579600606311373,0.01142344909372528,0.06013363003308969,-0.009980318201011973,0.002588519556929514,0.042676131431842235,-0.0398253592002662,-0.061675570719805894,0.0437319491062369,0.009201950086825894,-0.013699006331473473
2020-04-16,-0.03968664396064747,0.019054883567339642,0.04735006692349897,-0.020683216382265557,0.04475326804142288,-0.0237852847550607,-0.015843582988149474,0.0034091237802780228,-0.03654955396568138,0.032861338874028645,0.013150963905016688,-0.011007541090395256
2020-04-17,-0.009788011138283315,0.03472570145785103,0.029863086132811523,-0.0209762025860033,0.09809937099003618,0.007854525050815742,0.009390931405756753,0.04473373674935743,0.04898977752274458,-0.0319052431642779,0.015403236713542823,0.05253333881126809
2020-04-20,0.032399914244476635,0.037954586672975354,-0.06202170924632844,-0.02031445162977119,-0.037944314809551294,0.0390455293744969,-0.03934060900621272,-0.017886185135163157,-0.007165457364953887,-0.020081421663410093,-0.023691890895898737,0.006892598459777188
2020-04-21,-0.03042554472233794,-0.02455424247136262,-0.08029189310390494,-0.008195664523762192,-0.08151112312017639,-0.030766601238122804,-0.006087794714859096,-0.08498890742443355,-0.04041604443594171,0.0022943491716445052,-0.07140354876077815,-0.04453825511129983
2020-04-22,0.014702836578818435,0.0075407010267818375,0.01120444064379722,0.029666611599172832,0.01235502755138529,0.01366068450825475,0.014755171093882913,0.026538005468318637,0.01946639366344005,0.03683128887786191,0.009024198400060746,0.018329421031927806
2020-04-23,0.03308819735202029,0.028376112669503906,0.027239082150500193,-0.028770080529322728,0.05060270317129456,0.05834663274058971,-0.009327998077744426,0.015863752223540972,0.08462445254328976,-0.011676684324823716,0.007266702552663373,0.06145796740674525
2020-04-24,-0.02009651961709291,-0.017697257280398726,-0.06831462507134478,-0.014843451443168676,-0.05128198480686752,-0.031355559310634384,-0.002769067906513434,-0.08444190942541696,-0.00808214297012344,-0.0017204041050572494,-0.010173991176194774,-0.031784735039223855
2020-04-27,0.032044654222746605,-0.008901466440688344,0.04389781348467903,0.01635922753469976,0.03897256928163606,0.01003013986104584,-0.0011107725973272808,0.039166061814653874,0.05167175769640453,0.03129642599610394,0.015324310540681951,0.009925363036956014
2020-04-28,-0.024839679703570816,0.0018287207300022867,0.0050831180423003275,-0.01314398867061739,0.03434904242963355,-0.005867965799644659,-0.002224248573408749,0.020060797135770914,0.017681804392218003,-0.021233036797459137,0.006994259183286111,0.012223692735899405
2020-04-29,0.04383362750895081,0.04906573674362913,0.06942526535221427,-0.02541514900388775,0.02945665349309956,0.023989487276824706,0.015045862090183881,0.057806890458875104,0.0009045800834610596,-0.004550479897648452,0.033266288182581816,0.025066569524178295
2020-04-30,0.10533798307433284,0.025278982269515193,0.11951848473372184,-0.016466998723236537,0.026184353966948404,0.05757158625286096,-0.0005488108656959145,0.0704226395816061,0.022103525816372205,0.02486907641787739,0.05536892768611246,0.057093312506996785
2020-05-04,-0.05390487450503956,-0.07865842633361075,-0.10983105745069532,-0.05118461349948644,-0.11074592428846597,-0.058420663523802374,-0.04394388259517967,-0.1010526281497095,-0.058502855532607145,-0.026120499873566905,-0.08280258853957001,-0.041698690687005824
2020-05-05,0.011959174042062592,-0.012513544954728228,0.0,-0.01975850870142759,-0.021298424921246117,0.0,-0.0008619485297547413,0.0064401920750774,-0.030873387561777155,-0.002002136000832655,-0.003472163375281112,0.0011914618954451672
2020-05-06,-0.0024979603956505336,0.03834560206329596,0.023296034457450654,-0.015331844439413933,0.0318875551186375,-0.01157772354430231,-0.057504394338016684,0.04130315466974688,0.00613724283309347,-0.006440351880828921,0.01870524936803264,-0.015082319915103337
2020-05-07,-0.014159183434338307,-0.022612106953118327,-0.0080100948259193,-0.009028914555203493,-0.013620337224211299,-0.0014267126258360463,-0.017693561399873214,0.013966500006699745,-0.03704002724224975,-0.009639309207994384,-0.006840649904705232,-0.006277501789493045
2020-05-08,0.012994504152598951,0.0043783764353202415,-0.004674961890732909,0.04889429409354129,0.002821068475468591,0.01391096108958112,-0.017080838299974532,-0.01818182283228731,0.01471080948211867,0.03853004563604734,-0.010694170600461628,0.0009251592839039091
2020-05-11,0.017650352486870968,-0.014261917785111766,0.02263021266628007,-0.019837670335268842,-0.05196932351396755,0.012904112163790282,0.0012637891377422772,0.005611610585730009,-0.023820316100216177,-0.013528744785758051,0.012092288899266945,0.02212952230142462
2020-05-12,-0.0002840078387886802,-0.015560167507923883,0.011273562842530005,-0.01779775079309953,0.0032798663571989017,0.006955461332128321,0.041653591817967905,0.001674123382211068,-0.02629475882106269,-0.005702520202887196,-0.00814623205392162,0.007337317319978887
2020-05-13,0.002559310121615921,0.028950177424674095,0.02023117935829033,-0.007854736598504553,0.05245925505482507,0.009452428896575604,0.0021205442577922895,0.0846795662261064,0.02549245263794364,-0.05438107686036897,0.009490822272143706,7.701208109911484e-05
2020-05-14,-0.02137079363787775,-0.03659778990480533,-0.05139614667979797,0.005160870307725052,-0.031504095204760274,-0.051861742133922806,-0.009673512308892684,-0.03954795883656381,-0.011460333936296974,-0.016342274741174778,-0.028927986076048295,-0.02426097146752837
2020-05-15,-0.011981976093577429,-0.006210222622445971,0.01749146647766109,0.012985797360739237,-0.014355416224188677,-0.008888692703067469,0.005189147771716751,0.011229972809676081,0.004432773198424611,0.012393306975705398,0.018246246372316977,-0.004967362279984178
2020-05-18,-0.0009780857092884787,-0.05798555269481953,-0.032704384243897766,-0.013213006075882161,-0.07499236355202576,0.017783388486386054,0.0006077144420399971,-0.06874659681048212,-0.054867112788329786,-0.012372342573647388,-0.025050293933357115,0.027840841767057256
2020-05-19,0.014684314707509749,-0.007171598949318736,0.016905130643706023,-0.014811242850138573,0.006030040693208338,0.0070794096897013326,0.03641871892927129,0.040885724679834645,0.015085470620536112,-0.005544665814808392,0.020255068754861938,0.001567872190985975
2020-05-20,0.016401555697054704,0.03184253350713617,0.02983790071632253,0.0077447310391534074,0.017815679096286008,0.001420632315241921,0.02928252170993595,0.036006558527394095,0.026228517172368848,0.009479489817153075,0.041176499099234265,0.0025396958102010814
2020-05-21,0.015377183066469069,0.002858447170001943,0.07201997193494014,-0.010020834074079277,-0.004089644731728015,0.003957954110732409,0.07510680570035744,0.03212212793961333,-0.008490660860806631,-0.00048752231305904115,0.0017653587414432348,0.019246767535136877
2020-05-22,-0.008320244363009266,-0.024082333929182465,-0.035907464856858584,0.00862559686738229,-0.043856776758735005,0.02997636153640504,-0.013760435791859371,-0.014285669170735926,0.008650222764566617,-0.004927779841840674,-0.03260482810212684,0.014639593173945364
2020-05-26,-0.012066242120447046,0.01615314208369134,0.034040956656665955,-0.00508074446368334,0.005669007251585256,-0.01704368944589285,0.028709460631701322,0.12991718853510825,-0.006033397637275839,0.027135185915100557,0.021861940981778627,-0.03828559364761985
2020-05-27,0.013263669836251157,0.060124242591014676,0.032533047940494386,0.010263924210667907,0.08934076517369416,0.03658826031928797,0.002347436570191652,0.05405412877184079,0.05580129811063239,0.0036834629555400067,0.026742716423528323,0.03206404033002053
2020-05-28,0.022035640133644563,0.0460356199657499,0.03825927180389943,0.0059305394215669605,0.025090225377897735,0.0027643379262651813,-0.007806354345612498,0.03520195382740421,0.009773614581874313,0.016310145385044494,0.026219834300006184,-0.0004988705900413892
2020-05-29,0.014005413777662179,0.006770725004562328,0.0032517925967434635,0.023582772383632156,0.015603458819960947,-0.00988688963671458,0.03514280718455631,0.02057099765557724,-0.004432873869075649,0.03247090890820292,-0.0010152800454510391,-0.015940855134867093
2020-06-01,0.01726482659391615,0.0378289685287434,0.002160339171533021,0.024886294303986034,0.02199131480037031,0.012373531803665294,0.016214835421395346,0.06622798027725407,0.01993463385457095,-0.020372698836568115,0.06775078914512078,0.036961299549582494
2020-06-02,0.0008039574572400454,0.013516848056146058,0.01437300370982908,-0.0005453376640865981,0.026971151950225147,0.012221797923805067,-0.016454672859213537,-0.0023149564659111777,0.0756970057780475,-0.009835028274699065,0.013324828757676821,0.0009288108954474961
2020-06-03,0.004641115695872333,0.021228794075051738,0.015586181055189607,0.006216344108133098,0.02425380636368879,-0.009249941808082252,-0.0027883972929707568,-0.01469443281069105,0.032504223139208754,0.02310384234662144,-0.0062617507012080464,0.002449467050195109
2020-06-04,0.02869598414365515,-0.020102608376851627,-0.004883145194718885,4.714233966929271e-05,-0.025220660330620648,0.008837452290124004,0.01753943432725169,0.07574578828711465,-0.037611299877810866,-0.012118147889938036,0.008034041085570154,0.02218802491333105
2020-06-05,-0.005181947096685513,0.03159619857512186,0.0462672027828368,-0.015561780882287213,0.02687933665338038,-0.005934153981057677,-0.000749548595873506,0.06129140907462416,0.002547785035747374,-0.005800554533803348,0.05938426620369475,-0.020702261480304185
2020-06-08,0.003993456751788527,-0.016886745553835292,-0.019430406285877,0.011544174672624807,0.007278721778721797,0.02458939974520824,-0.011749920588824403,-0.012031653600724224,-0.0007846816759132791,-0.015245558325751252,-0.015784092609988587,0.011473286199281452
2020-06-09,-0.009338705404262737,-0.028152449773936605,-0.02562355942337191,-0.0024622578539884588,-0.0312672842723305,-0.004508655426558317,0.004300389055559739,0.003479540737666431,-0.024387677414163367,-0.016847592114406784,-0.004196561028923629,0.0001445782839362142
2020-06-10,0.010212311539765206,0.004608509382930004,0.03050467183898742,0.006218871653221658,0.01276727181016013,-0.002438462512764805,0.0027709442152594743,-0.013522854035399101,0.021546721671073632,-0.001078500506304203,-0.02468390244236207,0.01771209791894135
2020-06-11,-0.0011233177639117242,-0.023440998661061974,-0.017352605859493386,-0.005991659400051419,-0.03328616785071992,-0.016623643709810065,-0.024114737002439046,-0.008787412370910852,-0.02518301647588206,0.008167439622067452,-0.03348761305092196,-0.01949023625510793
2020-06-12,-0.012628670146246024,0.014608704376031678,0.011426564635946379,0.000166127377830394,0.008644617573706048,-0.016904660767443236,-0.0018016727522425224,0.004609955308510827,-0.014552871427307323,-0.0067405085980232204,0.014210352912859658,-0.013614463959265022
2020-06-15,0.014367251860290198,-0.033477651152255206,-0.001711731788135662,-0.010890914752090475,-0.03805911302412701,-0.006502478617462559,-0.034553992456986204,-0.04059316522622769,-0.02414448727243601,-0.0058194578808975495,-0.035894170539535475,-0.0047070095133705525
2020-06-16,0.003367909085360443,0.04269114763102366,0.02949235681071305,-0.0038142041220755596,0.035789815550367976,0.019853025863167284,-0.011752046229617563,0.05592364121848403,0.02233963079912149,-0.003548678495965296,0.00898100711189409,0.007832769748454371
2020-06-17,-0.008693216025065342,-0.011258040900096744,-0.013990543730719174,0.0009150102870343346,-0.002915986754313704,0.0034941919539941413,-0.020540555478413935,-0.024390299135405025,-0.025845801246120237,-0.008808566399109319,-0.002427590363475618,0.000977792641838393
2020-06-18,0.00538341083128957,0.04156235274174991,0.018918777584984836,-0.006207203759812763,0.029390292132193796,0.014566981203856688,0.02980121882487996,0.03678583125192958,0.04787756753810157,-0.0011851217925347157,0.032122083772184284,-0.00473689256401344
2020-06-19,-0.016150040895992146,0.013137883715817145,0.0016578146607260091,0.02018197659751464,0.03352254020238865,-0.011696468423363582,-0.01366537000982404,0.003789024441078759,-0.0006522378824888042,-0.005198409822466443,0.0077019547999450655,0.0031893336272181827
2020-06-22,0.0,-0.004451527643808961,-0.006289290310118267,0.0038464623285512367,0.01030794876598451,-0.002621942474196781,0.005161530200911368,-0.008922494840438056,0.040575957958489894,0.0028551574601833885,0.01606611349899989,-0.008143692807346392
2020-06-23,0.01869727538162258,0.013171323226399245,0.05496344025501032,0.026251985956328605,0.02339825537448892,0.024086933400785382,0.004594669467623991,0.012811741883796302,0.025491469135214828,0.025255759708226133,0.019343029576551984,0.0036245771896286083
2020-06-24,-0.035587890104741615,-0.009402249489473213,-0.043890162240801445,-0.011897451676054271,-0.07457138715678091,-0.009019715305481069,0.03228402027975408,0.015042845408737238,-0.0330959712832819,0.009638489977505493,-0.017921763377513833,0.0033902197646751286
2020-06-25,-0.017065965791454696,-0.00363199420228999,-0.03170408637654398,0.020114302744879575,0.00833092826640125,-0.01911355788621316,0.053427115161418515,0.009093797487856659,0.028127155960938843,0.004731138440069449,-0.009047722091098498,-0.012780474351865134
2020-06-26,0.022452513117909856,0.026925933950583403,0.030354647232500254,-0.008719817098206017,-0.005412986655277674,0.06809422445635005,-0.034141272996131566,0.022697012679431916,-0.03010788985828239,-0.006522757048832095,0.0023212049582823635,0.05096502521576207
2020-06-29,-0.015469422987849035,0.018552693160719835,-0.034425494929944844,0.013346007751392497,-0.01718715851958219,-0.021986155110010897,0.010501952948056337,-0.0009791722368408529,0.011603668490331787,0.0028390591425264677,-0.009263458148550674,-0.008117781219547426
2020-06-30,0.0056889882498532,-0.009479175337496093,0.002399666838245329,-0.0013512837410664114,0.02433703029299794,0.00573981234783183,-0.013181311683331587,0.05521083099396851,0.0035405777906478697,0.026882061797399492,0.018232789465112198,-0.009278548619248261
2020-07-01,-0.009158584429189043,0.017591572644467313,0.009233824230693077,-0.004403569261895002,0.03585135291884778,-0.005503187323758318,0.042383675813820076,-0.047987614319189964,-0.0027195266541431007,-0.021869482655932915,-0.0091827164582432,0.00475492028088742
2020-07-02,0.03162664113885061,0.004425540086048674,0.0013554858239985812,-0.008593066558787887,-0.0032962192674421686,0.03374760152123879,0.014539334396429737,0.002276327223472485,-0.003501116085923628,-0.0005656778124769613,0.034600035376736615,0.031117651468702157
2020-07-03,0.01748085006603617,-0.014181988751842511,-0.009137063372269938,0.01020092188288979,-0.00509855315771246,0.00806264277664126,0.008258472530183969,-0.002595708790976481,0.0013315420773643005,-0.005583707319356979,-0.014929886079131593,0.019701830796224673
2020-07-06,-0.0007771576342364694,0.027049545602122915,0.05430317914497751,-0.00556640140358744,0.0023545810844602943,0.001704394111782248,0.014166343027891992,0.021145209015646538,0.010414977194459496,0.006372948311919702,0.02728093327691794,0.028891257941440207
2020-07-07,0.02306891800559141,0.0019494147666181405,-0.013281298021833754,-0.003446552429606564,0.03924288718909241,0.03946328914126651,-0.02777775289204565,-0.008601597135233008,0.00025584234018216634,0.006570375922413607,-0.025376144086485364,0.002960165351487909
2020-07-08,-0.028967151443070382,0.004705107199290959,0.017727972138448678,0.014808659148458192,-0.018880475620274062,-0.02449159354238495,0.01055354103425632,0.004177501341830592,-0.01132831865770434,-0.0065246407684782515,0.011807428086054728,-0.02246779829235157
2020-07-09,0.023221268978760312,0.01314909633187722,0.06322580711309422,-0.004665981702369537,0.003794472960884532,0.009035927152467593,-0.004330219264779611,0.04991978547926523,0.011384268152491162,-0.002556218924431586,0.030819824526239215,-0.00655741263856624
2020-07-10,-0.01019953272905394,-0.01764518604712706,-0.006674581210169173,0.02203733437390043,-0.027001398687906852,0.00019166703795803208,-0.005628052751546764,0.031088198733859818,-0.013741172728652273,0.0044154841529220334,-0.016835882574129823,0.008165650499791122
2020-07-13,0.034950404820772496,-0.0224868048815815,0.033903539207535305,0.01863930103782563,-0.018731838582927485,0.01944124438161543,0.016465081685307137,0.005616356008468104,-0.010227325633551443,0.007351528540421315,0.010038242617986803,-0.0010573266371833867
2020-07-14,-0.018669041911775652,-0.019810144258914697,-0.03220098113090619,-0.013464289505057847,-0.022765920899115,-0.017313821946801755,-0.008352137219896139,-0.02586723479650299,-0.02789102417382716,-0.003600434848844758,-0.01593097209965333,-0.02164395423729648
2020-07-15,0.04033146446655311,-0.00538316243189807,0.00976781252692338,0.018077983115175833,0.0007235573527406558,0.06090000616451152,0.014292738339465316,0.0042245121443049705,-0.00639290746995802,0.0007666236716568076,0.007871593051656856,0.02852252467279337
2020-07-16,0.020400019330850894,0.008925533930159713,0.003929977565633402,0.00558239224084045,-0.0033257383110764094,0.09633549119881502,-0.024408624580205762,0.0637020471453289,0.025310216021623644,0.034709769330913076,0.006926231646976699,0.002624383991270296
2020-07-17,-0.007328038076041987,0.03378652062691434,-0.023486985570787322,0.020411988401287662,0.026548845945357336,-0.008616866004802826,0.0010317284190393128,-0.0014125449589184047,0.003628798601677641,-0.015186590372954667,0.02722075666607382,-0.015214233437589653
2020-07-20,0.040841053179922815,0.031499111655875156,-0.007708864356036127,-0.0015422190068233865,0.02600340999672346,0.034490351987719325,-0.006956886612597746,0.005091987323130764,-0.006327898273445598,0.000989677384659604,0.004131647427053409,0.0032492727387349873
2020-07-21,0.005781723275164685,0.004854160768539728,-0.005593442621655509,-0.005555705854621951,0.04352605696142242,0.0026221949601952232,-0.002335242384866043,0.005347630847621021,0.03028694342759497,0.001658294706820218,0.019154343000010732,0.007767555770178403
2020-07-22,-0.0033724333876479218,-0.01071549568845731,-0.0006250556843863109,-0.029982602708041095,0.006071935463476619,-0.020122684442978822,0.022366666721841177,-0.02911542023231406,-0.012251490762279937,-0.007163450485086376,-0.02533758211713477,-0.015325639462075769
2020-07-23,0.007251546200776282,0.0035957982275023337,0.013133285826025798,-0.01652205643006599,0.029257265695478596,-0.010840019434559367,0.021114176797446316,-0.009515529633146058,0.02361532155350532,0.006095683081233982,0.005284978796774142,-0.009014557670772638
2020-07-24,0.04151028249089461,-0.009996612728365828,-0.03580242093392105,-0.000927106607066519,-0.026641111157856168,0.01641074285696642,-0.005480634154539921,-0.023289770653980746,-0.017503184551432405,-0.00026372560952891977,-0.01648203830588757,-0.0063555834525225174
2020-07-27,0.03110509617238444,-0.03538554642829583,0.012804016282368824,0.005522132011312353,-0.061026690882020285,0.027740018511722253,-0.016032205305334002,0.054843623765711724,-0.020296233459178636,0.0057037692536723306,0.01950300765666535,0.02289780206642611
2020-07-28,0.016188897287751525,0.006623529368925851,0.04108707508127618,0.00947549053477692,-0.01785216694082925,0.01518265498076743,-0.0050915623498412055,0.03588582690248554,0.04646148570448805,-0.014688673787470519,0.01601243642353878,0.04665136431479211
2020-07-29,-0.025335177461668024,-0.020291811651948044,-0.003946391067390809,-0.005016477883880932,-0.002982246853581283,-0.00903568377464914,0.006652935269381599,0.005182796748291363,0.003901570425826062,-0.029104286617563924,0.04253841712675421,-0.014590452883544103
2020-07-30,0.0015124623175799545,-0.01310336691660885,-0.012496189241100297,-0.011792251302805479,-0.017376255835895082,0.0076508574944706975,-0.01703095707614799,-0.009226543567698697,-0.0032026854829860785,-0.004449129352492642,-0.019130363600913136,0.0015159460086267007
2020-07-31,0.01401931416756308,-0.01698956241635763,0.006790237784870534,0.00651285231374743,0.005363033096109637,0.004732441194891912,0.004137482549190441,0.012599267806154835,-0.013898924136624857,-0.00010907906397084055,-0.0008183721604907435,0.0008332284697876169
2020-08-03,0.0010636475196550421,-0.029821869653926192,-0.010729740026522494,-0.0024433832563559577,-0.01023640659357461,-0.009420373911737001,-0.007983539979932064,0.03218825017738891,-0.04188171416307307,0.0001572957791564633,0.019655901647889218,-0.011944307992058256
2020-08-04,-0.01884002797010409,0.03957095383136844,0.006197766518980741,-0.0030393471551883877,0.022578182488391052,-0.007367497532010603,0.005451728595738503,0.017819770344118968,0.011768804226212293,0.0033404148616329454,-0.003346596544603009,-0.0019742255436929756
2020-08-05,-0.006135563263197752,-0.013536202851701984,0.08253763590744345,-0.0014786845719310104,0.0034188608897038897,-0.005422067990837998,-0.004389169014742733,0.016477803388773804,0.007741876347788779,-0.004623068325243507,0.0632640665736619,0.004356284892573115
2020-08-06,0.023968676243518727,0.012797391606780506,0.012802286507540117,0.011801883428617543,0.018597400782372375,0.027681034862610643,0.013226175188073341,-0.0030394645939179066,0.004422197811410511,0.010531141777513797,0.03797278331967879,0.021509046633110485
2020-08-07,-0.020712506628529193,0.0030267248622766196,-0.002247212679529209,-0.00445825220099727,-0.0022298558997512208,-0.020549004695931572,0.00358301569316688,0.013211220538224211,0.001791002248928919,0.006682850964776055,0.008989932510496512,-0.005524002023058139
2020-08-10,0.002535305130360932,0.006514471376402486,0.005630774528132099,-0.0017191601287813718,0.015644580076231263,0.00047312952259681573,0.014282212915701864,0.011033258633343257,0.013184342366495683,-0.007317451298512578,0.015220952207153138,-0.005467519415135791
2020-08-11,-0.01192091380614857,0.015228764503629089,0.0019595493908419748,0.0017671640706709013,0.010452338711980147,-0.00304832706634961,0.021121505366342275,0.046874874068722594,0.0032348325543833933,-0.0025771249724058087,0.01523645202806656,-0.001270437272917091
2020-08-12,0.04869802908439791,-0.002765809705864375,-0.017602696903817994,-0.0070342488197283615,-0.0013609795273290537,0.0068534962384350084,0.005663546676485165,-0.009002595716781303,-0.021618069138251705,-0.0049299592081125665,-0.0046823919674728876,-0.009890724876134627
2020-08-13,0.010458809598149932,-0.004371585096700437,0.04408427399190096,0.0016173245630719535,0.0032710603917514014,-0.003927125063394321,-0.013467128359306746,0.018885915998259506,0.0008612111815142764,-0.00402937587631691,-0.003377419853494379,-0.0012850700264750436
2020-08-14,-0.021390911012259428,-0.023228382245726653,0.0076272494706173255,-0.011256688271117699,-0.01806827121113086,0.0025230776847420255,-0.025068321973241048,-0.004927203335565511,-0.021552689920917967,-0.007253765184028427,0.01307158344103776,-0.005455343466317486
2020-08-17,0.013749555790053769,-0.0016433547135769055,0.04109224148138502,0.010189014011883879,-0.003320389132738577,0.004090022530544912,0.011965409497654012,0.05446841240888567,0.015373514404378286,0.004170009384808937,0.015651308440406853,0.005017220406055012
2020-08-18,-0.006120567318519399,0.02299685457263756,0.017917410993577798,0.008333284663646134,0.02595774065420331,0.010496065951349554,-0.0010060918893923798,0.005813847667751393,0.031486245961322545,0.008019320540086916,0.02223259400175226,0.007255808128015406
2020-08-19,-0.00643856458778902,0.009559800045403133,0.004081590953704417,-0.009370765473054599,0.013259393682109488,-0.00852680237595671,-0.0005037529040418098,0.011115998620305101,-0.010041138725287002,-0.012615870968969323,-0.0064442214183446644,-0.005793451021162355
2020-08-20,0.00035212020511488085,-0.007125277110556327,0.011178889362636779,-0.0036014984835555097,-0.017892845499284604,-0.004326000072028213,-0.013353524339449474,0.03276177947320624,-0.012724962159912478,-0.008185591995057417,0.0020848174052641166,-0.001661945376346896
2020-08-21,-0.005914494259536496,0.025165205073347297,-0.013819089257155914,0.00748031799282467,0.009245366034298597,-0.00664819253595228,0.0051072657864590365,-0.04790288287713673,0.0007845880483414724,0.02158888829932537,-0.008668547098528823,-0.0018864297006160324
2020-08-24,-0.00028348637318442726,0.028922781570978717,-0.015031769600431177,-0.003473920388141316,0.024787841448745684,-0.0014754872793600882,-0.0005082324767929913,0.009838861718275416,0.03572493703220303,-0.005020442201542297,0.0015157021222205191,-0.00022232311750947087
2020-08-25,-0.005809908400445929,0.0023721990865861464,-0.01034671058462322,-0.006972243810268286,0.015774960041418984,-0.009816499829613745,-0.006608966244757708,-0.01682903289496629,0.009262885786054609,-0.011566536310391728,-0.012805420826329739,-0.0024245942306814205
2020-08-26,0.01596349650902118,-0.0011162463918814591,0.011500289596555247,0.0016978055685226145,0.007765028485409831,0.01353804900091271,-0.00230307614920211,-0.0011261486545499633,0.0261411163925096,-0.006025639468661637,0.002358449896342929,0.004838172180441358
2020-08-27,-0.0037175571864032086,-0.005677578267200167,0.007235047680371087,-0.005291416572174135,0.0073199334856506315,-0.0039441191438992496,-0.0035905721440770977,-0.02525358363191843,-0.011623988176254652,-0.004715850096928653,0.00435287150432595,-0.0022631620618595027
2020-08-28,-0.005210134395670307,0.002158052611890282,-0.005643689564294951,-0.008888728358733555,0.04462000473373995,-0.012459633445565221,0.0066924245080099976,0.0006939334126039309,0.03316897574776956,-0.0007727389209324365,-0.006208314037460583,-0.004380864116094618
2020-08-31,-0.01705729716440363,0.0012114206578444087,-0.04411775920931216,-0.016078226641929927,-0.036856212322021964,-0.007110349029316065,-0.022756286774472723,-0.05177991073332089,-0.04481635880074597,-0.00942164403032797,-0.026402669567856085,0.008353700944609077
2020-09-01,-0.006912435630906599,0.010261170542426257,0.047503230747797165,0.020922153473757144,-0.009249894850303586,-0.01556108385741306,-0.00470958839184088,0.06289607501608185,0.02090856467940383,0.015508337076460599,0.037893508062482706,-0.004828975113400302
2020-09-02,0.017908928752697673,0.00607647155596025,0.011079747335013934,-0.009252309029012862,0.00370886873531151,0.010775093993355966,0.006046282893302557,0.014908271370516868,-0.004997696773265559,-0.012616723534295993,0.02332907083364777,0.008368917549629762
2020-09-03,0.006838302324695844,-0.002865627110755109,-0.01639339349214941,-0.0011673626051705854,-0.02459221043634119,0.012499844524580528,0.0013064058580698479,0.0018079038037668305,-0.018826858902861288,0.02508691628727089,-0.0012537397021815666,0.015164932893802607
2020-09-04,-0.008419142426212334,-0.010257380383933756,-0.01927083380512684,-0.00677834140953848,-0.026649200934510064,-0.017529652598665568,-0.025573974150117196,-0.04962780715465631,-0.011920904252308073,-0.009830100122051655,-0.03834749720662145,-0.004653179199531898
2020-09-07,0.011415730782625477,-0.00786199838755397,-0.004248589597227848,0.017861827534938923,0.0022814981493424202,0.006418801851609812,0.012854667159249544,-0.02895795000768764,-0.008188154799515734,0.010528173231545646,0.0028482357346302223,0.016711806240401916
2020-09-08,0.024125283098952677,0.0017559005744800515,-0.0386665863884994,-0.009409980117950467,0.006159661425650498,0.015404521624245326,-0.0050238106707227725,-0.047665576660116504,-0.013187063895449214,-0.016886672064160613,-0.04118338031950597,0.009088826200335465
2020-09-09,-0.005441632100563254,-0.014337696545247636,0.014146910044255279,-0.0046680175749458375,-0.021559780115639637,-0.012296315417620107,-0.023119809017948523,-0.005133493225247365,-0.018175925415439553,0.011533869468957736,0.030362999625466847,-0.008751527380512103
2020-09-10,0.0006235073896241339,-0.005426284883071064,-0.03364336791417999,0.0007738821691558595,0.008433106380159039,0.013257849572403169,0.005984674031825454,0.01083577846196393,-0.005014616577270314,0.006633032009567108,-0.02252052841152541,0.0015037093919381128
2020-09-11,-0.0010382178528521857,-0.010911957459963872,0.011321867958739462,0.011879744392503389,-0.0005395572311138741,0.006010335316700477,-0.0051376040606035955,0.030372870773746508,0.008222959582641742,-0.005806623054846249,-0.0012254149962427352,0.018424263928479734
2020-09-14,0.10463423646054748,-0.01919068678719471,-0.01595304801331654,-0.01655691258881231,-0.01835348674092374,0.034577649322142356,-0.0032620883831228076,0.03864246618872369,-0.019280813516218576,-0.01482673852566918,-0.006993859426872584,0.04940818930409274
2020-09-15,-0.002830512010067121,0.0118625350023569,0.005404011124244157,0.000447393118752748,0.021583678135052464,0.004139412235407258,-0.008453800771726305,-0.016455972479196612,0.014754475327273031,-0.002633395074559952,0.001482715577153515,0.0
2020-09-16,-0.0043522480471692715,0.02162553919981125,0.03988687938237723,0.008967255105050365,0.008478054489756248,0.019644726104193877,-0.0063253223596245745,-0.009941837283829802,0.001095186053743591,0.009778252942189258,-0.0016039699815197928,0.00465615266500885
2020-09-17,0.02413693741830225,-0.009189341683480845,-0.04325356046244078,-0.007137869965361476,-0.015212170747099019,0.009233888160382397,-0.011348049153924955,-0.009306871074257095,-0.01531629349535557,-0.004719619962249788,-0.014582240872724306,-0.016800258740328866
2020-09-18,0.002845438168783243,-0.02427111141875693,0.02075617729349788,-0.013861530462823568,0.0014903402369204066,-0.008753821522409444,0.0027995595537808615,-0.01953030705642711,-0.021454137226361025,-0.0021276561393821503,-0.008026013999040016,-0.0044898469459649926
2020-09-21,-0.009869276103206426,-0.007566491806060283,-0.06880228835358637,-0.02901791526019859,-0.05100787443795185,0.007733407773350187,-0.018704573085278953,-0.12052447961451718,0.00841749670237335,-0.04079674128923194,-0.05587860356317842,0.0062860305287264495
2020-09-22,0.02292573479456106,-0.013246774190477817,-0.022135621985995946,-0.005398141539786461,0.010550384509979915,-0.002376424800140775,-0.008819481780898197,-0.02580282514950938,-0.013433171444412473,-0.015002514095719177,0.002008505620789691,0.023384414705005963
2020-09-23,-0.008404724094988603,0.011444881161064124,0.012236205369830389,0.012704850629560394,-0.007195290568940527,0.012158743294884866,-0.009758924559115312,0.03472649727485044,0.0038170967681636636,0.010973983880312899,-0.03434458194786383,-0.02199790134365842
2020-09-24,-0.03169122414942982,-0.01608980974818941,-0.03838027953658274,0.004067955960342706,-0.04590026125643243,-0.043490995073978245,-0.03449261847541807,-0.06598411907463586,-0.022973114136386585,-0.006976202351282823,-0.048159422654775685,-0.054793458635385206
2020-09-25,0.04998077012359281,0.01319882336085354,0.018541806168968167,0.008807032349369859,0.03857612840876179,0.036959202186045204,0.025217599191412754,0.07095010116341927,0.005577398391668487,0.0313227501855855,0.023844132477009117,0.03861094554998146
2020-09-28,0.009121860047534014,0.009769869681165888,0.03486576819743625,-0.00757582962570158,0.041158779390853883,-0.0010381574838621566,0.014933921253884597,0.04549325654282188,0.020470116529171856,-0.001080272705388019,0.02527694362046007,0.0016509295202717933
2020-09-29,-0.026938164638846684,0.007920840737994927,0.051878285727215756,-0.014588080683235027,-0.016391255308363162,-0.001385532905834319,-0.022504048029385215,0.045145542608989064,-0.012082658770893429,-0.0062945940204585105,0.02506920946456881,0.025594853987113142
2020-09-30,-0.001415022138907096,0.015105151496351388,-0.0065191168089993035,0.017238923120089344,-0.006441723890644235,-0.000743351542424886,0.013577366828648518,-0.027582587905506273,0.003918481799506823,0.019064217768232083,-0.02783400815776582,0.001566985719812397
2020-10-01,0.0016634667880059961,0.026284120812644973,-0.006562075006536494,0.012933538982164983,0.04073309122165658,0.009323028811131007,-0.004950623498937934,0.018463895827608656,0.02905706050027801,0.0051417374615476685,0.014454554608589465,0.01249878208744093
2020-10-05,0.013838553757056227,0.006684972004103784,0.028431986893416417,0.007661064550812613,0.010563214170705715,0.030511436822115323,-0.009364965079860288,0.03363116406879629,0.007317550827185659,0.0020406759004878428,0.047540674785242265,0.07226215820407123
2020-10-06,0.006005858665652841,0.026697287028536465,-0.012008037206962863,0.0022974330985419122,0.020101933395711757,0.006722703001854846,0.0038403655427281524,-0.013980724375116438,0.017990402492261026,-0.009748591643725768,-0.012817136620615566,0.003141284044390069
2020-10-07,-0.0013267280296545003,0.015863814666793985,-0.022894083836676904,0.011082806127136191,0.005386294681743786,0.010229719480733923,-0.0023542156274685144,-0.011858708457779032,-0.010125181649184523,0.014962049381746612,-0.01669315899199386,0.00797640373092845
2020-10-08,0.025964769899575746,0.02542502374641864,0.008099374673098847,0.010026517307442306,0.012674676835279675,0.025455774497154415,-0.013864226863747997,0.014870881107073464,-0.0034725836846168923,0.011802977257605152,0.006871542250626472,0.03280410602603778
2020-10-09,0.007297912634418813,0.03503101922792018,-0.024390091197093233,-0.009788300510489623,0.03612901303082072,0.011977798620333324,0.004187866182469024,-0.003342000874047124,-0.00018919578327869502,-0.016590256276449944,-0.011106749577962427,-0.004512434114555708
2020-10-12,0.011744071688847058,-0.016132370482641156,0.012646823380579653,-0.0005841332670545318,0.006351132368173307,0.022858515901239107,0.025915945492350545,-0.004384730046696372,-0.005265978343547917,-0.00822627424301381,0.004330197593747087,0.006061434496781315
2020-10-13,0.03996300675127662,-0.012524226058983179,0.006389921607666826,-9.352844395538185e-05,-0.019304475678998623,0.02270150517613212,-0.011904793529088575,-0.006217676568728958,0.024411607082002407,-0.014413050316987475,-0.007410483228917353,-0.0012191622646025024
2020-10-14,-0.011050710743945369,0.010889132353624431,0.005483550079854016,0.009330225590838515,0.026624600372997076,-0.017965142850951854,-0.013811380063795675,-0.0086027543368562,0.0062456757792255235,3.1552831938341797e-06,0.01954666575400643,-0.001758559159925177
2020-10-15,-0.03419617817717979,-0.03487413815681484,-0.0031574974772150544,-0.0025946453102588807,-0.038839780736780516,-0.02528597033919644,-0.01638854322071659,-0.03812774520717643,-0.032364194843652605,-0.004485303941243468,-0.0043935339677660945,-0.02455861763592304
2020-10-16,-0.03819762715438202,0.025742798195605765,0.03541611163202685,-0.0009291361454442093,0.013043536152893553,0.01736966114699423,0.003938211222817456,0.05904872569407171,0.020617766608112875,-0.011055846152319138,0.05335634999323302,0.008282691166459522
2020-10-19,0.021278065970034454,0.003502015351270815,0.016128981197819137,0.012670989273003253,0.053016926966852784,-0.001419019371904806,0.015389359269512903,0.04130092633313631,0.030040106516598053,0.04296097391184661,0.004189616663238915,-0.01872737997731122
2020-10-20,0.04131379814320302,0.016949862185795306,-0.010399577470919796,-0.0021579399011038003,-0.0059938416233277225,0.010302961158374258,-0.004754959697800931,-0.006197293316148045,-0.005738466221581917,0.009904870064941118,-0.007838190369464537,0.01012310601590527
2020-10-21,-0.009776605062292276,0.018587443188333497,0.02848462249099515,-0.004578878213569837,0.013748193946118814,0.00953839214079899,0.001194152099155188,0.04315302700665491,0.01789898095272413,-0.01364089430508919,0.02968897208191623,-0.023220203456404076
2020-10-22,-0.00092280168262171,-0.010748363074978395,-0.008066673389603096,0.007489371615651441,-0.017606417304356192,-0.016806628844372895,0.005368698689363738,-0.004304349788826878,-0.00017947591712519362,-0.007572736686683568,0.013859741321677443,-0.0015885573945662035
2020-10-23,-0.01593056586140429,0.0020270653667449068,-0.011927363459748874,-0.01628938682551906,0.009808681947473863,0.004878843248951492,0.013052422559834742,-0.009365973941552586,-0.00717856549682061,-0.0027658111645945116,0.03368740893460376,0.005859013458594964
2020-10-26,-0.005454804300003446,-0.02014882420783115,-0.0540468533939531,0.010681750382214528,-0.02997961150310191,-0.00895317765787118,-0.012884251860188267,-0.051151474445645606,0.02447495891425966,0.024827471482850694,-0.03554146900622546,0.000521024061348907
2020-10-27,-0.000649063354100532,0.01833329572744624,0.011891243168168586,0.004591988902225896,0.013598681994302808,-0.019416762324389825,-0.008009395525868102,-0.013541041337067239,0.12050971741278915,0.05968881167044682,0.0063661765648881374,-0.021594521900649144
2020-10-28,-0.020831823752037404,-0.019057486319425276,-0.022929293670843176,0.0007630504833511242,-0.033906655427330845,-0.013108835020994358,-0.010167608464343392,-0.012691120896579422,-0.022864081155535287,-0.006425046934981027,-0.0211678568482927,-0.003022304411900101
2020-10-29,0.012596245983115262,-0.018518571791589333,-0.014960471351318838,-0.019520903245717314,0.00972113219533588,-0.0015790934950995483,-0.009969874964518843,-0.005246532297244255,0.012601943241574487,-0.0066855311483263735,-0.0022371753983623233,0.003985007356887671
2020-10-30,0.002261850712856006,-0.003074318724131664,0.016378838603429813,-0.02393860625540878,-0.018254605982411798,-0.013257781977177752,0.008544484393760321,0.010021084735105656,-0.014959688239199687,0.01724904033816954,0.022795375152839137,0.012230884809989684
2020-11-02,-0.023219789709849503,0.02678364632480701,0.0005860248318874106,0.0003379914069177037,0.06329596545543481,0.011031552677703615,0.009077240036645673,-0.0036553607931444354,0.0215200761987826,-0.0027183333574080093,-0.018755232707550862,-0.022609147636282634
2020-11-03,-0.010153315566360344,0.026908055236342765,0.05270856677645375,-0.007866888424476803,0.0632411097069121,-0.009092546704492555,0.02008994690409671,0.05686579568083183,0.008160968932580337,-0.012997445049863332,0.010053267567699198,0.011134261418138447
2020-11-04,0.00135130182622345,0.007572415320103776,-0.018080585626923606,0.0021161113685050914,-0.015320487529191018,0.029551320202443776,-0.0017637898904730998,0.029258618317358875,0.02328071692085487,0.006192129594244422,-0.007372801156961928,0.007423302577236335
2020-11-05,0.03404271597606634,0.00938420828705211,0.06147315268261755,0.020533473512416522,0.003317657592526002,0.00918709286844277,0.029152139127974097,0.0197542684803953,0.027442061283561747,0.013190339304187892,0.053478520165951116,0.012268420197062424
2020-11-06,0.008542013253624692,0.030294919178956548,0.004269879688892475,-0.003900400931716841,0.00980615433523635,0.007925553056961743,-0.004578207613395557,0.003071198640443029,0.025425927567003903,-0.012464046883673419,0.0023502401425139485,0.008098503630842524
2020-11-09,0.005764218585136538,0.02515976109753204,0.03481280265549014,0.018336932134937145,0.04494137344362503,0.021388615721517956,-0.0066109989478837505,-0.010833781239153129,0.005878849519574736,0.0191307198414572,0.02766703885749089,0.007073135312676504
2020-11-10,-0.0529826900236775,0.03961042450734653,-0.012069942666736888,0.0018991159245009825,0.04570984147853352,-0.04003354429572814,0.03211791038609002,0.01833337521256162,0.014350508955768504,-0.04196001994942622,0.008213391059564978,-0.02824027300689258
2020-11-11,0.020192529698109585,-0.002654873967235627,0.06082670421105174,-0.0025508390967129424,0.005580335817895188,0.028825467481533362,0.03896820632661835,0.024783627446503864,0.03131883265326896,0.005591852247891271,0.07252785577817944,0.014417115709419948
2020-11-12,-0.0016340315588508902,-0.013130011190555901,0.02229847739335944,0.028599569649542023,-0.02024457246899236,-0.004231808190806152,0.014571115559678605,-0.004791179479039287,-0.02937195701028128,0.0012575979554290129,-0.0016880437232774659,-0.006231846384163631
2020-11-13,0.004122804848874395,-0.009404249401975706,0.009348097322021687,-0.003079390356645062,0.018565115248194708,0.005770619383701048,-0.004787247210136791,-0.013755078059342507,0.004872474761366652,0.006403037179735227,0.028321020199184144,-0.005316176669743267
2020-11-14,0.0028979839934246687,0.008021691906897832,-0.005936948644192697,0.0010753726660726048,0.002780333809015101,0.00822824031097058,0.00801723161073209,0.00604359056961612,0.004111528390183805,0.0007429537375860384,0.011612213771325708,0.005081193102723036
2020-11-17,-0.01866327898297282,0.02829092060096383,0.020305804437303232,-0.004616392592753482,-0.0010268789418856894,-0.008602184213901909,-0.006627695688069646,0.05753236795922079,0.01474115422137623,0.008593523618426246,0.06196674783282563,-0.0016104217366816886
2020-11-18,-0.0008592262383522176,0.000177516947835743,0.027159903523855222,-0.020894738305096028,0.02312911022168196,-0.01170230993872956,-0.0176142423078548,-0.0034957282509112675,0.018896275804146434,-0.006491721874317902,-0.010522319778114131,-0.014778305072009279
2020-11-19,-0.011973233377804426,-0.024384212432141505,-0.025074000724419565,-0.0006331100295922099,-0.037978564820535854,-0.01242635467749642,0.020918177192176923,0.024556006500281002,-0.0023215662168255546,0.0036479582544772793,0.012374385830115076,0.0039023018782258223
2020-11-20,0.01827112846418144,0.021319224980853813,0.007949461302908967,-0.004927980084488914,0.003028881439363529,0.006017722544378046,0.02022347295912419,0.012411736437731191,0.034522375383734705,0.031076249690831004,0.017761675328724413,0.008855133406847404
2020-11-23,0.024351489166247964,-0.0064475374358776705,0.011598245354342174,0.004315611624253757,-0.024885528736172224,0.03308122302145167,-0.004433920147937753,0.023250904621606727,0.004472357799004456,0.018670608872299432,0.019140605218905593,0.02405756897054334
2020-11-24,0.0015488484838523942,0.03126336513179662,0.03645947651921122,0.013125716144092303,0.021249306358323006,0.00017536230746872938,0.024626736885457134,-0.004544516797706621,0.014252942272584335,-0.006116848835254429,0.009574629443074745,-0.0008073073572522071
2020-11-25,-0.018798057997170048,-0.02461402170426985,-0.011283170579398094,-0.009965975677011518,-0.01150150262300853,-0.021402552749682946,-0.008693553485537575,-0.023863898946505313,-0.03244319759832026,-0.008903987176388739,-0.012857998242886026,-0.007622767901636629
2020-11-26,0.0210380389849969,0.0170016722564732,0.02886547852476351,0.00859142580204586,0.005500298474346632,-0.002196168379413721,0.0049008125887282095,0.06122455558859086,0.01430904160042501,0.012656719462443844,0.05016169995934372,0.007144655347454343
2020-11-27,-0.023692394740131184,0.009953249178481949,-0.015441498695911826,-0.007427257758065409,-0.004102475452727461,-0.011857658520859737,-0.005903608528770921,-0.022436009705992577,0.009528426628235609,0.008285729817442133,0.01574594441247701,-0.015051971080005777
2020-12-01,0.014596679270510782,-0.005239835090231293,0.0130329196162422,-0.002408751017278221,0.02482290446673363,0.034409289650998875,0.0038730801365349787,0.03750007927478172,-0.01638621950346497,-0.026318059170794772,0.014635803771520406,0.017595529603634974
2020-12-02,0.010850267920331724,-0.01838409739967739,0.011120856570738136,0.0029304007876467253,-0.009585618170935728,0.002680453340887512,0.00797316992971231,0.023503905041059703,-0.03286497837356395,-0.008709426588894398,0.03166609619155869,0.008343081043909573
2020-12-03,0.02259375130577501,-0.021145206581175358,0.043778335160968185,-0.005399032105663504,0.002913874195686672,-0.012665452596604676,0.0012759406674902607,0.015630851998761353,0.0037481175164655323,0.013071691133309082,0.027384848884782986,-0.014584025072314488
2020-12-04,-0.0042913354234177525,0.006099444556480371,0.04421479166442088,0.026530190820383437,0.041921787817781775,0.007279569160492549,0.010193605415558693,0.015770460600192937,0.013866096510104953,0.0192400581518255,0.0028990676694862216,0.006680541028212472
2020-12-07,-0.0037275317568400412,-0.009634894003795247,-0.005737979912221247,0.03294132633154723,0.0167314306227917,0.007799636901338891,0.024974740275645724,-0.0035539684495133894,-0.013920207123333639,-0.014928253656693924,-0.013088220046904797,0.0037211158532430844
2020-12-08,0.00993812902074609,0.0029515441298908485,-0.02208958458655219,0.001706233636336929,-0.004016110927764216,0.008613771314333496,-0.003445641300467983,-0.022714509624478074,0.007278110423264206,-0.0024540325611988045,-0.0017899905889396939,0.02176998838896016
2020-12-09,0.007814316924792175,0.02245129118873046,-0.0191290361793357,0.014247922234295718,0.006097580654170542,0.018944923095086885,0.014571439546233522,-0.00845178936930524,0.027129360787560675,0.002836807199401381,-0.00668349084723785,0.004825872205651782
2020-12-10,-0.004365039353291578,-0.015171767898638944,0.0070539106300837595,0.02541220858511295,-0.00889539042573173,-0.006339429381739592,0.03554040848671369,0.005036896430986815,0.01048559235714075,0.044598170392899705,0.0012307077434889901,-0.009427596761707568
2020-12-11,-0.005191669563131218,-0.002200838357043433,0.003914270670996034,0.010338456798022921,0.016766950903192912,-0.0038964766356271996,0.016925105710612565,0.004626164408069178,0.00898428886583047,0.0026372373666994076,0.019013374213532108,-0.0002514394307795431
2020-12-14,0.012467273515689437,-0.007701843579235534,0.011081584963598567,-0.0016844084615057486,0.0200795112406269,0.001160932882915855,-0.001849104774910848,0.010360508007990266,0.009867813192063535,0.010363470122017437,0.008122938723936102,0.005065339713530959
2020-12-15,0.014890962179832545,0.01395621173993633,-0.007306667330730265,-0.021385538694497885,-0.01473949199100455,-0.008544279040957448,-0.010884697906290763,0.03608065232188862,0.006084532743423354,-0.021617073098067485,0.013721471340367053,-0.012921323226724457
2020-12-16,-0.0010721884073531252,0.013943914581886263,0.02821498476045181,0.010301361423385114,-0.010809665099426269,0.009613770213489525,0.002107240530991872,0.04692078019290413,0.0007175358795425968,0.007341924606931949,0.012670220253772735,0.019065405493910337
2020-12-17,-0.006440120070350996,0.022045784242690436,-0.022270779289579323,-0.012222836991651942,-0.004000436673237129,-0.005576013826373072,-0.004439171363353034,-0.026260486558317475,0.006606688615980794,-0.0009876802444221955,-0.012589381051712922,0.008527916493059617
2020-12-18,0.012850353664325853,-0.021119472373420378,0.016473437178239347,0.007839079009981598,0.01322495800261203,0.02639745980342756,0.006805838542227827,-0.02175479768719224,-0.008191431572198593,0.0031356012837795433,-0.006374947164899947,0.008033456953133289
2020-12-21,-0.02267983763721737,-0.027420602032538266,-0.07042811987298236,-0.011785198446085388,-0.04379767751338581,-0.010505874940649251,-0.05384611319151511,-0.0707591000265747,-0.014620293754707858,-0.009266025508288811,-0.05607910674842631,-0.014278303300689354
2020-12-22,0.04980146069128355,0.00032795806343055567,-0.0017219996894956013,0.002190118848745648,0.011728874485933405,0.036694197237802983,0.002217398764971401,0.028876719909014303,-0.0093188397357713,0.019840466924689215,0.009230463981780623,0.018563181238026916
2020-12-23,0.009630027020774978,0.0018570062918583652,0.018542473911191015,0.025681306737747267,0.006596090239676,0.02666927524208562,0.021386093924997684,0.008458167979187525,0.009353998393466734,0.00965598118365163,0.033341640324759725,0.012619430522951447
2020-12-24,-0.0035224198603576173,0.015592611225563324,0.0031753380206096526,0.013457946856129333,0.019757720546887736,-0.013566794574211727,0.004091563561447575,-0.011627832889768208,0.020746988263212973,-0.008880257200898689,0.0014482962516724207,0.00020624392974655237
2020-12-28,0.002664973563886175,0.011273316110211429,0.012449889292353244,-0.005557125479482172,0.012754427759725795,0.003438233792493639,0.004314489398218768,0.030472431986795723,0.014434414640549065,0.0016696833623877083,0.01663181826079252,0.006891296761021737
2020-12-29,0.015296063451734732,0.010156828525595074,-0.01792419851819982,-0.0019254793055427655,0.016727407474186107,0.008062695769155859,0.009785229803474182,-0.029009863092792854,0.005229030278129931,-0.017997245483922453,-0.0007112010879400943,0.0003757651965248243
2020-12-30,0.005128770709709407,0.0037136468960683455,0.007640125108936191,0.009352682282158797,-9.445585313627713e-05,-0.002799378571450739,-0.0018908111111476389,0.025250593102207564,0.009328253973509337,0.006384559642270027,0.013049601804206556,-0.007234086230406667
2020-12-31,0.005793625123839741,0.0026526869420056,0.01326879336685538,-0.004653859608035327,0.011914914388835296,0.007218561997499151,-0.01018226845467285,0.0018800901409892212,-0.011075476599257228,0.0005985223242503945,0.004996512210859727,-0.016000583035782
2021-01-01,0.0045975381451237585,-0.007832651241001298,-0.009145782567340777,-0.003276934490791139,-0.014110850861644098,0.0037026125878227845,0.02320570829763202,0.013886164141566404,-0.0007767993670125817,0.0032870954194235136,-0.0008544973810881151,0.022880016500259615
2021-01-04,0.031457022712774396,-0.006350714792294543,0.06691841909276386,0.016313557083995178,0.007962159003557456,0.02205594377898845,-0.002104284375442078,0.06496399551284293,-0.014292632196589494,-0.003942997248921998,0.07759293922739796,0.03797497462874344
2021-01-05,0.011168885205659729,0.00755639605516123,-0.0157293907620093,0.009911371079746267,0.01043827262183572,0.004307922489256377,-0.009137700945308636,-0.010601360136755944,-0.0029506925408151474,0.009810629454678699,-0.017965370221326604,0.017618391707018954
2021-01-06,-0.013264694580384595,-0.004310514980886859,0.034957853628745594,-0.013568286424509246,0.017589399399540406,-0.009042964854361846,-0.028612040357128943,-0.0015809856387009047,0.005434251877543206,-0.0023169406115169933,0.004775483641186629,-0.013417555715687812
2021-01-07,-0.015998692389143865,-0.003026921218124423,0.053464801692424624,-0.020042935654835725,-0.010243296175893812,-0.0155606121713745,-0.01265816533823727,0.04855761031989281,-0.009135121932138945,-0.020952982250904806,0.05703415425175562,-0.006127843994111926
2021-01-08,0.0333489474124824,0.010873726471707368,-0.017222439808946,0.009434752061498575,0.00175567354641748,0.0395754825809429,-0.006410273383978815,-0.01409430161749381,0.009373085075391474,0.009871923050268405,-0.013350535704268807,0.02904895939349661
2021-01-11,0.060774915880435376,0.013830159096386074,-0.013050042504825221,0.015849776300300045,0.004888969038042923,0.048852606971651724,0.004962891085164678,-0.002552703160219716,-0.016517036028913745,0.004654152901713227,-0.0245391819961992,0.017799268353940745
2021-01-12,0.006634510409222472,0.02035902101386755,-0.0013222299309825214,-0.02190093903635515,0.006058366211803667,-0.0032332857645649415,0.019506124434940597,0.004606899619499449,-0.017903607514102915,-0.021333413457775174,-0.0010781576384182312,-0.0005035163362931971
2021-01-13,-0.005790376022970611,-0.006988575612047465,-0.006430899322871553,-0.0014941930731658948,0.01551090141352418,0.011226698232699839,0.02325014578124529,0.018172475414621747,-0.01121645536279503,0.0011224030486438608,0.020506531118295035,-0.005008514922345553
2021-01-14,-0.026753278061506958,-0.0012920684663084714,-0.004759279255134863,0.011043829748185408,-0.005750283324121641,-0.012003138885695597,0.013727752691632178,-0.0203501626377548,0.005605372860444158,0.0062877106436447505,-0.0039483463222355075,0.031002776226034312
2021-01-15,-0.0368784030997269,-0.001429659991351695,-0.03079563717938616,-0.019761856244867704,-0.01861547457729762,-0.018643036114014966,0.017277655686364524,0.01821888803285754,-0.01519033211202625,-0.01646771491790988,-0.0006371830599265493,-0.005337130752697816
2021-01-18,-0.008385396376872634,0.011215959616605264,-0.04026051882090653,-0.007889828531475462,-0.01813984061541063,-0.024461662785597804,0.008721529225125035,-0.05535117913652643,-0.009093805014371847,-0.011399466232362654,-0.055531914399443494,-0.0035874290014852317
2021-01-19,0.0023943431457029707,0.013991078369538723,0.03454666131111939,0.013096996396513516,0.02494605557666385,0.0035059336021219245,-0.004095574260114088,0.04761885977974534,0.021684256949709102,0.00703309646793393,0.021598963050912356,0.01208950778648088
2021-01-20,0.01565272115400007,-0.00787992357033751,0.0021864619750402436,-0.0030466384295482207,0.00832633986225395,0.01731655757918893,-0.005483131747473724,0.03092262592083106,-0.0018015959475093934,-0.004134071947788587,0.013287274114095471,0.014751464976832995
2021-01-21,-0.001959405498968003,-0.011527950812740495,-0.012693462394290367,0.004965874543492399,0.00308531298707293,0.00018675808564672103,-0.018148451493149365,-0.012948511435562304,-0.013697220492467022,0.0019793370819958245,-0.03397810872519669,-0.010562704664783262
2021-01-22,-0.00755070444829975,-0.021189402205400776,-0.038971508023444845,0.017612565715076967,-0.03419588217173508,0.0008583678548741425,-0.014038316369945014,-0.06459649444148596,-0.016040496097817436,-0.007151357823692472,-0.02954855601037798,0.008934311151453045
2021-01-25,-0.03885157190292998,0.013369748316293562,0.004598766497041273,-0.00404669461356022,0.007961996536627769,-0.011746337924053551,-0.01376387015705538,-0.007100933982367774,-0.018380756638228912,-0.009912238166774334,0.0076507944813466455,-0.003572296694933974
2021-01-27,0.008443306280040863,-0.036401569356856345,-0.03703709552351442,-0.0034588386254792436,-0.02917955885635226,-0.018187185546692852,0.013715150063829507,-0.027176904141283154,-0.01655156690096493,0.007054197514416716,-0.039803822628555974,-0.009190883928437366
2021-01-28,-0.022553721419510953,-0.027064337447391784,-0.010155515794758707,-0.038012971671929074,0.01129507660497131,-0.01906244234471588,-0.01922607023097489,-0.004043318638354276,-0.023714984654887306,-0.008578523485683776,-0.0036739811237654907,-0.01977898087908081
2021-01-29,-0.02136071218788138,0.013890412022206311,-0.012006072617521624,-0.015866727063419517,0.01656424590015293,-0.02910982458481204,-0.016214951741558847,-0.03395466375899192,-0.005746228887211324,-0.018843776133236623,-0.036395726152213426,-0.026653686440659574
2021-02-01,0.015700077828538106,0.06202791573653599,0.06562069417730676,-0.006758182202609153,0.1243948247127511,0.01763457986514938,0.06248479604735402,0.06017205799777403,0.05169444631794917,0.001623670011888123,0.05840271757005944,0.00899934624864196
2021-02-02,0.02832988633802036,0.05674639503110801,0.05888465562410272,-0.008071844814482865,0.022441021992132493,0.008208434408296661,0.010418829063124191,-0.005045167504200698,0.033194487833958286,0.006004429255451305,0.00872511296496059,0.020418342201103723
2021-02-03,0.005499434610885645,0.00913135478091065,0.007440715851254831,0.0010762435600355502,0.008099235646327418,0.01054089094722066,-0.006645207188180957,0.03404555346751237,-0.00488908510720798,-0.0013903955304251925,0.01792247640166522,-0.0010614095150772718
2021-02-04,-0.0023439209295355035,0.0027306830586759645,0.017881496060257795,0.00571025265365166,0.009560527632912041,-0.0041254864609133746,0.06089972986265568,0.01015773519708807,0.031422036772267514,-0.005382573368728272,0.00428693866012142,-0.0036251068460537716
2021-02-05,-0.012008541701213016,0.011715339386878965,0.0007637144806798002,0.010665114620633132,-0.022521030415534105,-0.005667265905944241,0.019134645781321513,0.03744791999223063,0.03784547994374998,0.0024451532502729467,0.044363138531054114,-0.009565661314094753
2021-02-08,0.012260157879951938,0.0047884843401178045,0.06449156443258586,-0.01449643414577828,0.025156626525831838,0.02472308533326495,-0.00533400118322136,0.026570828597131557,-0.012886402942619557,0.005985763162172697,0.026129399308101764,0.017780409854022183
2021-02-09,-0.006421431629401675,0.004111498185107365,-0.003226606929717324,-0.00912075388878808,0.005956162308630386,0.0015342538147051776,-0.017588980290157985,0.008464968070716727,-0.004087679840062863,0.005851315312423999,-0.005334554062395358,-0.011573828651447293
2021-02-10,0.008249387490079085,-0.018674129079551127,0.0048554068417643315,0.008685898159627392,-0.0018947187604059224,-0.00693196152047082,-0.006331807926792998,0.005488366720814319,0.0014879562643996813,-0.008175960390751746,-0.012800335227862503,0.011457669216438537
2021-02-11,0.011412831095204412,-0.005942778644389413,0.057265682093438075,0.012301694466790858,-0.0023727945907989767,-0.0029696831564333115,-0.004834202474149563,0.013164076613683795,0.004585025807450238,0.013674889504535548,0.0064468830606903005,-0.002271712119347291
2021-02-12,-0.01030510791539041,0.006105434646653141,-0.01557226180762794,-0.009478825328611329,0.026876981343834982,0.013267356450344048,-0.039743805372885244,-0.02297582535320508,-0.005074095118792199,-0.006773863961698656,-0.020440420463281206,-0.004741488190588838
2021-02-15,-0.0059871176339532095,0.021903309602806287,0.0020632711100614376,-0.011755065049565028,0.040688730379436766,-0.00011433735363231001,0.005288494649904774,0.0009732383056557659,0.017887798083828788,0.010728908185343666,-0.012270474362751083,-0.01596746971414409
2021-02-16,-0.002461528788077705,0.006216704199679457,0.03877840719492487,-0.008622300351521894,-0.02314713115989786,-0.014698688739405164,-0.0016011022658354301,0.07793259122897322,0.016969249378943285,-0.015022982308840693,0.04024407151345977,-0.00988938546428575
2021-02-17,-0.009555875387897816,-0.02468252054176312,0.003964420193230511,-0.01466231168457044,-0.0015189104640335183,-0.007052139798844337,-0.0022909570076492525,-0.02239585678649758,-0.01495298656117272,-0.02764965070671921,-0.003432574621724749,-0.011483090135825491
2021-02-18,0.005194956926105387,-0.020296308607805735,0.019743203807979892,-0.007879438644516013,-0.01931996829685445,0.008702082486941265,0.005051678595306752,0.008148727408489709,-0.022116761032848764,-0.022489428219594987,0.0013634379239877426,-0.005125206151006534
2021-02-19,0.0021622113678549937,-0.009779339053626046,-0.006130967857010172,0.015953594534626747,-0.03195543427006109,-0.0008897485368716262,-0.013250939588947297,-0.019368605201204536,-0.0034438983864888417,0.0007150435199803074,-0.03876754012585104,0.0047427470107686
2021-02-22,-0.03157366042839449,0.00578264738536971,0.026298665297741275,-0.006189233426291074,-0.022754497799866602,-0.02021215340799143,-0.017591093262827595,0.00046659158075113005,0.005596331348338923,-0.017103922037342678,0.020650113313036345,-0.03691601248009868
2021-02-23,-0.01108540657309176,-0.012177077010315007,0.05362224992844755,0.0053742882936795855,0.010576341214462603,0.0009090215622458153,0.007003136327351722,0.047411768769724416,-0.03931579247677297,0.004575565981942642,0.0653714388544393,0.007351896819607129
2021-02-24,0.0066487266869970085,0.05055104577501224,-0.000750652880960323,-0.0001834663779284318,0.04024016865624547,0.006277655684875372,0.0016787013003698448,0.003710374027565466,0.020422304646345868,0.01089683131059016,-0.002194016962527856,-0.010771326102748113
2021-02-25,0.014465139733751853,-3.120771114462073e-05,0.053786114537850205,-0.007136762668097929,-0.020433643517435707,0.00019630630748279643,0.0014363824760781352,0.019961587338923392,-0.00821461814316049,-0.014208333441939835,0.020887774089429545,0.016010596106345476
2021-02-26,-0.021307418589735283,-0.04482072616111754,-0.02979743231889298,-0.014445584871001893,-0.048168725644473165,-0.016672425595581353,-0.02534068285432256,-0.02609468057203279,-0.06074918508846894,-0.0007632704576674421,-0.037353556996348014,-0.03371961662934386
2021-03-01,0.022980862634881305,0.015967243561380018,0.011315115305921886,0.005323441915908722,0.01773307473765029,0.010930952673622985,0.014961900386352145,0.028282333720278663,0.03653758102995397,0.011852959727777668,0.021324219051820137,0.010330466696553575
2021-03-02,0.0251516476101874,0.005965733059466682,0.003342062438588922,0.016119361094100837,0.003534070707139847,0.0295975430214217,0.014499766680557524,-0.020555911279421357,-0.000406270633200978,0.017412675504065556,0.006982434257384096,0.028093401156388254
2021-03-03,0.012057805134252364,0.011892595016664842,0.04084000589486814,0.007139650834060429,0.035381018038960654,0.029934910519902713,0.00023839992039764724,0.03325453248218291,0.029734600690783042,0.007426711000946051,0.05662810431397447,0.017546295539301093
2021-03-04,-0.007511090787754582,-0.02193013019149359,-0.027549791395723666,0.0015501199187051284,-0.017956152596448005,-0.009824727188959548,-0.0011908834226734832,-0.03719088535113846,-0.0009475047213903798,-0.002242716043789228,-0.024705666086068834,-0.0030731097810139385
2021-03-05,-0.017223208975875925,-0.014207119378315536,-0.03319500535210651,0.00191194722607535,-0.01820385450213602,-0.010260549090878368,-0.005483891779475392,-0.04219255086081197,0.013068361745869561,0.007267957260146174,-0.03252181386089992,-0.013656980556779108
2021-03-08,0.021667422510060375,-0.006862639062130471,-0.0036999396665542417,-0.012062210910211979,-0.0022970538813624763,0.014468023352555148,-0.002637233398366745,0.005273741244594898,-0.003458948114423377,0.004144120746021773,0.005386597324521514,-0.00036561440808824397
2021-03-09,0.01169578070327737,0.028298669378070906,-0.009952437087272337,0.01101358198529545,0.02804044334830169,0.007336751974203359,-0.0009617503146498452,-0.03456254933506009,0.032935713332265415,0.0034624720858587033,-0.04136993535265798,0.014632696054159622
2021-03-10,0.015773293222542728,-0.004319915591155521,0.021305329321373412,0.013350223204110279,0.0007998518007770183,0.01679622925513735,-0.006255900548247206,0.023973132601442293,-0.007579775599309002,0.001221205098475897,0.025114890734519557,0.006555427842367179
2021-03-12,-0.0093576649590843,-0.0024426180265972874,-0.029822217118324446,-0.010368637784312296,-0.020380373930197093,0.004896858368646395,-0.006295377211287145,-0.008428410822086452,-0.01466429020873583,-0.012344024914987872,-0.006280216992316623,-0.004233480635163156
2021-03-15,0.013377588818158204,-0.015013384833135524,0.010902372611326205,0.002766705656908508,-0.015256603353540732,-0.0009090409381085074,0.0012183556247638005,0.026601612810037922,-0.008526508347125872,0.006613965262225019,0.022848839105850338,0.0026817413808823964
2021-03-16,0.01501505184163765,-0.010793851581758607,0.00029964336471355324,0.015016838247333242,-0.014167176340643017,0.007571297393293097,0.01168160327935941,-0.00781959719579084,-0.00805254727932636,-0.005412080536912778,-0.016770883076721588,0.014317747623159072
2021-03-17,-0.019657772172521515,-0.0111101271958155,-0.022461690427496017,-0.007910101337174624,-0.009160550193056283,0.0021674545769330145,0.013230576710262731,-0.04574253809829587,-0.018311204000991843,-0.017094858154661052,-0.027138819265583702,0.0009323690013069985
2021-03-18,-0.040204456401949584,-0.0029089500028096626,0.016543996723074716,-0.004985623633443237,-0.018490376337559455,-0.035976831710983204,0.033475839472065116,0.0019433385547964477,-0.020312170161786436,-0.01546557813752425,0.000638695297678904,-0.02455865691920378
2021-03-19,0.013400215592009879,0.004359645468171136,0.009945737181772163,0.04372062186458936,0.013913054669421498,0.005497060546275412,0.02435095164269585,0.011960360633636036,0.002048753193799824,0.015406164362437469,0.03993764358013907,0.004511720100490946
2021-03-22,0.019053586024437186,-0.01893154238948558,0.013876483640217652,0.017797958113211276,-0.02250058410385558,0.01959896505780856,0.013680298239260091,0.025235816506621545,-0.006269947326193681,0.008340241218483424,0.014324658692368653,0.026047421375848367
2021-03-23,0.002145532015583429,0.021100533864490068,-0.023693969178452567,-0.006756690437867197,0.02258251239116471,0.0005473597151746112,-0.016814173201160187,-0.016513553570619233,-0.005486404080024432,0.005624333297399753,-0.003160824113592531,0.0041379268729022645
2021-03-24,-0.00530123394543458,-0.014231801937756638,-0.04205597364138314,-0.00800075693580482,-0.032230560042529666,-0.012978097671945577,-0.028127681275869287,-0.027720542217586464,-0.016660917140808862,-0.013982657127454723,-0.05174378028887916,-0.006841730650843703
2021-03-25,-0.01906443578039574,-0.010447780315117172,-0.01180186395189331,-0.03517200877222004,0.007136460779378462,-0.014736729107841517,-0.02014372090230576,0.00765714821625485,-0.010967893286459196,-0.016901648585025852,0.02895564791719729,-0.018022288385800445
2021-03-26,0.00156737134149032,0.019100063877662166,0.04187914707526552,0.03614122678920362,0.012247419402208859,0.0017991826849304005,-0.0033081242092718455,0.048342891706662616,0.004623009880250661,0.02483896361499527,0.060429947853523736,0.0006361229196085727
2021-03-30,0.03886094929304118,0.04184259988148353,-0.0025983056738776433,0.034880942754432986,0.02229706035219481,0.03674612535878041,0.01730677743171105,0.03778521025852899,0.005759329267279734,0.035798972459697875,0.04322874412046818,0.029917438999773838
2021-03-31,-0.013205709456098336,-0.03864961628512509,0.0016856763158408228,0.013652881527311145,-0.015808516815361107,-0.012452193187569294,0.018410660901643672,0.021251375773779335,-0.015859567882516967,1.1583649633495341e-05,0.014812527016311305,0.006110178589799231
2021-04-01,0.02030230501801955,-0.004619563552671235,0.07159246992652268,-0.013325084746910076,0.021130310628900695,0.012536124765452517,0.007093831003649909,0.07945275982685196,0.0294067696239686,-0.004780080565606526,0.06306593865555188,-0.004043441278163362
2021-04-05,0.030819968186809765,-0.024987508759471533,0.0011420097059540169,-0.010795976407316776,-0.03894682082152223,0.017831245988908062,-0.03408326796291361,0.032219121030289566,-0.025130893875554117,-0.01185961520511547,0.005445765584297657,0.02334915788699643
2021-04-06,-0.004934803053954773,-0.006449868623501165,-0.0005703985945378909,0.014790348959743405,-0.009365289713415104,0.0008158257809207647,0.0004705813163237149,0.015671759790545137,0.005172662026530661,0.011916059979709903,-0.005646675534970669,0.007965577305208749
2021-04-07,0.008557059879309659,0.004825293399833619,0.004993588038416208,-0.0012664042508322426,0.020763360583280877,0.013571271828643816,0.005407998711872697,-0.00012861869412228444,0.01340269244436798,0.019210614114107516,0.013907262593702452,0.00205219765239284
2021-04-08,0.0002890776515407367,-0.009950127359884764,0.03691085625619461,0.001933251764788979,-0.0016446947968651315,0.006747135230759538,-0.002572474603452113,0.06905865591777016,-0.00488286168220764,0.0160857415768334,0.04977997858287342,0.014046048640979247
2021-04-09,0.0076143039707115,-0.007712095673557462,-0.011363721968329799,0.027428398943307508,-0.018207017931265113,0.0008336224913196855,-0.0007034182687226664,-0.007939337377647182,0.008972524259790227,-0.0055114375850658925,-0.02057928712149748,0.0014772143145374006
2021-04-12,-0.03443636965356167,-0.038473559727520534,-0.06882695945625794,-0.005654404430968651,-0.04883433687403538,-0.010617235742817255,-0.036602586681408034,-0.05662664266011852,-0.03154096211814372,-0.005155724531216155,-0.05330738440869376,-0.022786015377316837
2021-04-13,-0.025757869708221803,0.02435878605134456,0.0371802310789191,-0.0030868194663509207,0.040943375377706204,-0.020059685373815528,0.01656109417831164,0.052570677797016296,0.01913914516338089,-0.019018203914740628,0.03223540007632719,-0.04389269698864373
2021-04-15,0.008643507382257276,0.02124486790199942,0.013908679829847781,0.002546458370943805,0.02604358443238497,-0.02605287353766461,-0.009583107792640266,0.011845077402039106,-0.0014640471083560147,-0.01707739046091239,0.02184291022907292,0.03701621669984556
2021-04-16,0.021020340436633367,-0.0010139212075710446,0.046528210018154104,-0.000711331095440193,-0.0143428565096676,-0.005144314310858378,0.006047477378655852,-0.000724082669877224,-0.005159933751686996,0.022307190531589693,-0.008850901325928251,-0.007393659843504152
2021-04-19,-0.01792152479772724,-0.011374551747580064,-0.023243155144641925,-0.009048638374700047,-0.012699632840975639,0.006500467801778154,-0.011300810898451252,-0.0004831463194013841,-0.035910807055749006,-0.009398850177293028,-0.002471302774260109,-0.01043792686080347
2021-04-20,-0.03348081515294998,-0.014868262978021574,-0.005672391645271002,-0.016087685759355597,-0.0011613273156112491,-0.008219908033100243,-0.00997070211729667,0.04289523222015856,-0.0017932075955819915,0.00033347254464777265,0.006700075565212238,-0.005455484993924786
2021-04-22,0.0006241145723995256,0.022351674722250525,-0.009739911461430273,-0.020042117348540445,0.03595078942657559,-0.00018511347024752212,0.01154499623854055,0.02328813934917373,0.022589300001922386,-0.017852430721025714,0.03064884865828632,-0.00818894633555245
2021-04-23,-0.006497655946265279,-0.0058700516201418695,-0.017844647974110117,-0.017727795253355216,-0.01597028012790258,-0.012804136471539662,-0.0026711755972483875,-0.01030346575517005,-0.0010655740671063896,-0.009812138932788206,0.004558135025444443,-0.0029820496426491427
2021-04-26,-0.02809597253534757,-0.006611644963377961,-0.0032903353118232115,0.022922801906124723,0.03710847300777709,0.007309842421288515,-0.0002435876519492064,0.013499671462532392,0.014675158177658965,0.014730251111641612,0.016367766717291232,-0.0027977812812935987
2021-04-27,5.377584827792603e-05,0.02413154678720497,0.05138515303599678,0.00813338476608405,0.012941975537450912,0.00368413078416574,0.00048710490917969196,0.01569019407412431,-0.005313363397605908,-0.005429575997762837,0.0393304502797609,0.010062116173805702
2021-04-28,-0.005436775461655663,0.026482336867428957,-0.009965842006371628,0.011219082681303894,0.037745231282395375,0.005561748186598825,0.0004869622542353902,-0.014003144278984747,0.03493674715776285,-0.0086536742026323,-0.006494551798700399,-0.002522303252587399
2021-04-29,0.0019274973293856856,-0.002911802644603778,0.026337539070958593,0.00043641525683901783,0.00016097644554058377,0.0002581065552622608,-0.005839380482743017,0.024008191823859937,-0.0035606110845695094,-0.0024933292846421873,0.06171510211678144,-0.002832887632316816
2021-04-30,-0.011653726327309655,-0.04088288361618708,-0.02082492114636869,-0.022366669949012596,-0.03371147062485158,-0.0014745286246971023,-0.008321219618327769,-0.028068259620057545,-0.031135733564096713,-0.011713280482674837,0.002569465891032019,-0.025551750148144592
2021-05-03,0.009733588662697246,0.001522301553501304,0.015230537718425419,0.023048135097700317,-0.006244690389547336,-0.001698165907102811,-0.00814414931598284,0.008606941113653344,-0.01335210799654507,0.012109655930785834,0.029738740792674356,0.00044472041120302563
2021-05-04,-0.0074366743432876525,-0.018452333279484145,-0.02000287373294407,-0.00014509016427599608,-0.008714047008245629,-0.016752300567093426,-0.006718169639506555,-0.021446187495417268,0.004172948378823094,0.002414206891454773,-0.0008452419081508289,0.004198138070714785
2021-05-05,0.009379171607212244,0.010263936016028818,0.012550137138473083,-0.005399548743806548,0.019017834340274042,0.0091017285763757,0.009018177362512647,0.008376331494085898,0.021989318220769327,0.000160104205098488,0.005921948538327282,0.015066888669686529
2021-05-06,0.007257469665884031,-0.0012120580619089383,0.051348348540289024,-0.001941920221624538,0.008958345765011533,0.014983245883775531,0.006703158438509327,0.044378743236184626,0.00988300443057799,0.01017271027306399,0.028734241002977612,0.0050877009622143365
2021-05-07,0.00043683280676853897,0.009886521107592916,0.03925377725041823,0.008870168494656161,-0.001808714909716791,-0.006646507711553951,0.012823627918340463,0.045761643089141435,-0.004417808362963793,0.0026169639392985555,0.07398493570149878,0.006893802557724538
2021-05-10,-0.002673491967675412,0.0036046731211905048,0.06145597934301561,0.008999947700328415,0.010130192768454283,-0.00961151639097202,0.000973877989147498,0.02146280792242128,0.016288957205168098,0.0015481984801484217,0.028756322015699443,0.004021938491024057
2021-05-11,-0.007276406141705771,-0.011479908254407478,-0.03041685866509325,-0.012659953088247855,-0.005544255565505196,-0.006644012381839537,-0.007540848584614235,-0.028559836949569983,-0.029789665411743327,0.004932379433997269,0.014428425489662278,-0.0072800635705456695
2021-05-12,-0.0013224179272453007,-0.002885539000779813,-0.03391478405684634,-0.030452589572567357,-0.024760221723506226,-0.0027428868454185684,-0.0036763775378451102,-0.041159143897709916,-0.020849453876371382,-0.00902196025691171,-0.044371559188246756,-0.011208741441534498
2021-05-14,0.004690379337910722,-0.009038972701943315,-0.040120360924185916,0.020567539519113387,0.00428748153644376,-0.00798806826452414,0.044280368448054164,-0.0860709462601208,-0.007097832995625719,0.03028193020622405,-0.03990164121953521,-0.011692086004792435
2021-05-17,0.012962195108683128,0.03850465382509127,0.02651521284501457,-0.00025265578988331594,0.04403133420777805,0.009875460968433725,0.001648950953151429,0.04361373373496913,0.021972913319317833,-0.010810567400087678,0.01656220015407528,0.005980687384511185
2021-05-18,0.01024778596872955,0.02530809297915515,0.023285332862937214,-0.0008416167353583193,0.015394744325282872,0.007973647867755451,-0.0119942166714051,0.00895513266264425,0.0062781859043727906,0.008372635332343226,0.02532905267037422,0.00620577882732376
2021-05-19,-0.00021483765896257445,-0.012527901649347917,0.0029844069866376,-0.006107392103652631,-0.012239456835608564,-0.0022389347819697925,-0.010949785015761715,-0.03994081256504611,-0.013987849178959677,0.0156426383203081,-0.013347369888359939,-0.002201434295044713
2021-05-20,-0.0075155775018526105,-0.017418886358618657,-0.0448797322315988,-0.006610918089688722,-0.010952230280052766,0.0017202025163536305,-0.0036101099897430933,-0.04930654271759072,-0.012914918416156773,-0.009398708026290503,-0.050848284632741825,-0.0071382769012726666
2021-05-21,0.006760969601153022,0.04501689278074128,0.011941640174611523,0.007721651781138705,0.038554940060186116,0.011349308389710488,0.009903361280316991,0.0052361123833379875,0.028948667889276303,0.012250231118213994,0.007284840178217289,0.006699225096068906
2021-05-24,0.002310286466534972,0.008448309920558339,-0.0012826534726396721,-0.010879649427274818,0.007626918111558245,-0.00476193352416554,0.011719807628097767,-0.01314638262023482,-0.0003699760430923016,-0.007818405729240863,-0.01895615244731641,0.0003247399263230921
2021-05-25,0.008361993290553649,-0.020530471879841916,0.004880684143803604,0.0032099429491183606,0.004557051956748159,0.010051456677394599,-0.002837045669341065,0.024632378566218804,-0.0036992983812614844,0.00897462166238494,0.012087932332575324,0.015489896629776512
2021-05-26,0.005528433470117999,-0.0012845560478094153,-0.02607366463598726,0.004244823679952603,0.0033830461855381966,0.02618243759326022,-0.0014225126805279542,-0.04366482653787962,-0.005627015979027261,0.0014385274030599415,-0.020856103303589557,0.014290311609823192
2021-05-27,-0.0035950022293745887,0.003791352084000277,0.012729794050814203,-0.011724720731364768,-0.00038308373411566343,0.003578366646371789,0.0026117471940791948,0.012825463288374639,0.021026552224833184,0.011709624332721269,0.013399371876035682,0.006807141377750625
2021-05-28,0.00015935959707169545,0.014028876753685582,0.0049241588243649215,-0.0020205731918574443,-0.014104838370268769,0.0019970448285389075,0.008287889075378807,0.0031658222253261314,0.013222601261082101,-0.013371502411049896,0.006246271494817268,-0.011446577568299032
2021-05-31,0.002811583215344138,0.008247709538669268,0.016763218619527898,0.007903920274016984,0.030635042291337733,0.002661597370950952,0.017379144424956916,0.028023142347061825,0.003859586245955615,0.010631516260949603,0.020072513031504924,0.004946579317100408
2021-06-01,0.005818991998264966,-0.0027377430713020345,0.0011414463908805406,0.00779893978801427,-0.01908704479308243,-0.004699493267750765,-0.006232940246380103,-0.026277051381207395,-0.00591914240584257,0.003557235726173502,-0.02198726464275169,-0.001946846727680862
2021-06-02,-0.007310604578579349,-0.005093575893010516,0.010387649292014078,0.0002120901040716383,-0.0026919708562024303,-0.006163454976289673,-0.029035962856735265,0.0058006695884276205,-0.007735109917671901,-0.005912676463929234,0.021028209294024602,-0.007469055193575214
2021-06-03,-0.004556357078589257,0.011004092483494654,0.0010030605637660894,0.001886571386670477,0.0029305975249789284,0.007978875046681155,0.00023933365498329806,-0.00351046235742114,0.01744162015524986,0.008264729728687747,-0.0018237961561674565,0.003770711558537476
2021-06-04,-0.0030868519256803673,-0.01289019445773254,-0.01039586972550488,-0.008970795681660815,-0.0116109832928043,-0.0028785590442224063,-0.0014350083732808105,0.003019656817957461,-0.001653789920454063,-0.020933194199070915,-0.0011586610525829988,0.0007956168313563161
2021-06-07,0.013934119561051839,-0.0007327671146071246,-0.00012647270662957677,-0.0011740223772723768,0.008557725370814229,0.0028868690672856356,0.012934100155311379,0.015429014575785382,0.0020429768767740164,0.006068102995859137,0.007138511204736853,0.012548849162822506
2021-06-08,0.018534063523043542,-0.011201066599666243,-0.018354391567718564,0.00842108751441728,-0.008947842593362454,0.016766898120886164,0.010404349629695941,-0.007411977699072314,-0.011763712631319923,-0.0028490134911752785,-0.015593159653750521,0.005324883348059695
2021-06-09,0.00423903310237006,-0.0018543758368545493,-0.011863432981581656,-0.0012716004102343303,-0.009807039067542989,0.0016630799456094358,-0.005382686115455337,-0.010205385727712901,-0.005937989841873437,0.004264135318811979,-0.009090146276969135,3.134947304395119e-05
2021-06-10,-0.0028312392425484667,0.0005067892433221477,0.005872489868357977,0.009677324118465336,0.006759990380853065,0.006359013846877648,0.01341933487283331,0.019615273558774016,0.009338677299596476,-5.9682707418295955e-05,0.012216193608388659,0.0051712918643758155
2021-06-11,0.01528057668178917,0.003578359565528988,0.020108962761483884,-0.005170623892188475,-0.007339351180859044,0.01586748906648605,-0.006689006619603588,0.03859910955488499,-0.002889531366477738,-0.001122116498528447,0.03939161734702634,0.01771949138897866
2021-06-14,0.0008644870481382405,-0.004642252045871875,0.004196825299284557,0.006427038029577226,-0.0008650371328654538,0.010297676911974918,-0.0028860995189834426,0.009498900216311279,-0.014657237089801822,0.00234378003455582,0.005568278896865619,0.0007789370426056763
2021-06-15,0.0012699301545868735,0.007300094142214775,-0.010005038883343031,0.011566130439270461,0.01598038001987523,0.008277768909242367,-0.001205885661181294,-0.006116242683132489,0.001612114168743295,0.006104257170726823,0.008155976080794547,-0.0041509568609726655
2021-06-16,-0.006139318447280995,-0.0037914107479546377,-0.027120475838303237,0.0066684620840034015,-0.008058142234425025,0.004545668621334542,0.0038639303902114897,-0.0358579141250438,-0.005816402821824496,0.015855549652955103,-0.027378030106467444,0.0035553321596577536
2021-06-17,0.007147392363630045,-0.012461238218896997,-0.028928243890869454,0.004070068848112118,-0.011091972006693651,0.009928477529054014,-0.01058472769558172,-0.029090571204398508,0.0030956642945714208,0.00522392103082292,-0.0119947971980352,0.013254559712873926
2021-06-18,-0.01130391617697657,0.009344528389294782,0.00568719591755773,0.026967440394023434,-0.004107460112994232,0.005349983352977317,-0.00534898135892381,-0.018078368340905593,-0.0031709635936106872,-0.02150727408207076,-0.010373761710240514,-0.006163858422931878
2021-06-21,0.0069213546641904156,0.0060142880819344935,-0.01009823354358863,0.012666856121384962,0.0013484061178996587,-0.001995590318485063,-0.0004886177788807622,-0.016479847090965172,0.006589182304278962,-0.0012165815243698752,0.012679632625865356,-0.007339241304400446
2021-06-22,-0.0019348635774744105,-0.0032913423645341,-0.0001361749246479027,-0.009584940843385459,-0.0006339071654403172,0.007698403837570922,0.003179044529783681,0.017672416482414466,-0.008436409505204079,-0.012045956518461853,0.0055599300731961065,0.008584830710272717
2021-06-23,-0.007345970233606169,0.0011455551651822216,0.0014965795478703026,-0.003915365364067447,-0.009748716101441901,-0.005754465434143818,-0.005606887278920336,-0.009004393832073854,-0.011610105286069428,-0.0012474233872663554,-0.010968287106616459,-0.012056071401960855
2021-06-24,0.01726784552168059,0.013968474414872922,0.0025807164359534784,0.003890270795192663,0.014967301550037337,0.03728816869622431,-0.003432236046377879,0.003115214488057294,0.000690912510942443,0.011768725927631118,0.011862520614051908,0.03440226703985161
2021-06-25,0.00601198958300353,0.005875563320809851,0.018561245357675116,-0.016665742262205407,0.023578511917149658,0.009620402270457795,0.008856106439233624,0.023809567671306375,-0.0016687360922127414,-0.006415907468319437,0.04680417265050907,0.0021343953043631014
2021-06-28,-0.010395124065487371,-0.004455319214090481,0.017025752345290357,0.004716969961703121,0.0020030504708432595,-0.0015244472342824666,-0.007071268468352709,0.03222946414014549,-0.001123799918574142,-3.154106951663849e-05,0.016090904688339513,-0.01302948877565957
2021-06-29,-0.0017255519137662212,0.00013329137503115263,-0.021056746462687737,0.013149387260088075,-0.01568494409560328,-0.005566753474540609,-0.0014738970488424874,-0.023019414156417506,-0.015694845437389193,0.005318138762930413,-0.009670641764843446,0.0012288167635918779
2021-06-30,-0.00010151616367060079,-0.0027628644702207827,-0.0058784716480684285,-0.008525447225914529,-0.014372764160554774,0.01135583201425705,-0.002951124522923343,-0.0037598671591696498,0.0,0.0019176088531784874,-0.005074305954353098,0.0014665494287464664
2021-07-01,0.002033438686627864,-0.0074438209586766835,0.019755510125088804,0.0027110685059141826,-7.941989468362998e-05,-0.012904871870305645,0.0014799762526260807,-0.006667498303243313,0.006008560714685807,0.0007486507172991264,-0.0026144777690998433,-0.0012701174553011452
2021-07-02,-0.0008625265491567502,-0.004271012320719136,-0.008829954550417574,0.003753260010421755,0.014900715746124726,0.004742409832056094,-0.0029555783195264196,-0.016844009923393743,-0.0005534899510190039,-0.002504721048782299,-0.023677580287672972,-0.004803321855813336
2021-07-05,-0.004976363984798837,0.01016605689337391,0.0358995217696918,0.004723890617421622,0.01187019985591875,0.007111888983235337,0.006175862964069356,0.01545793169831211,0.009299474710779965,0.002235316527459119,0.01835388406736671,-0.0013381241296500646
2021-07-06,-0.007859142433693012,0.026246354303558705,-0.010781576417021488,-0.01062397515275082,0.0037817708592073895,-0.010608357106955402,-0.0056469008001296395,-0.007991899820344983,0.014008379376473368,-0.009707180974402818,0.008989965125736132,-0.017675488071941636
2021-07-07,0.003394820089781314,0.0031275923041078624,0.021538858965828744,0.0037005245527932384,0.005689615653269975,0.0015363327548338912,0.0061727198927239435,0.02352953468486252,0.003674493394335343,0.014129720905155407,0.044035056646047455,0.0038776623453418146
2021-07-08,0.0014868046277338731,-0.012374006883672739,-0.026800407630066192,-0.013740650166883084,-0.018501391174544968,-0.002460762391799709,-0.008588921269301886,-0.03410809909979928,-0.01674416355542696,-0.005534059741491126,-0.023714745321278596,-0.005022957788875737
2021-07-09,5.107387325020696e-05,-0.012134649805985998,0.018141355664372805,0.0015933830021701567,-0.005218936068868807,0.001377699463396942,-0.003217789580749697,0.021213450522992394,-0.0070714700806771,0.000970526277275896,0.041689450185749655,-0.015452063438750718
2021-07-12,0.0026615639463307694,-0.009986626914494368,-0.004358274872905299,-0.0029779482165802618,0.012058641019678573,-0.009629662594465849,-0.0012416138131317034,-0.004813127621147828,0.0069183688067913085,0.0003061809895901213,-0.010005249207985067,-0.004691040366172294
2021-07-13,-0.011741202319132227,0.009986485111574073,0.010042473136622432,-0.0030478802873115107,0.02893610098570054,-0.0018735424851615834,0.0037293781943148474,0.005472793710364021,0.008776208971444266,0.0028626620988692064,0.0014670405824472876,-0.0017380681676549825
2021-07-14,0.02221183151994177,-0.0017978099887180354,-0.0015297151706630263,-0.008967046013954483,-0.0009023386400613953,0.020680239731516226,0.01114703212956547,0.0026581553877751407,0.0005723313319569989,-0.008602884801519384,0.012980709639592858,0.008470504877465812
2021-07-15,0.050836360503256905,0.01437482939434176,0.0250224156953871,-0.0010353814260692928,0.004666325213563249,0.0024732351828382626,0.010534080896173359,0.0023986255434123027,0.001086860106729759,0.004683749532807369,0.00903830138823336,-0.0014341541740240382
2021-07-16,-0.03342150674933064,0.001085094660775665,0.010088375886801337,0.0020934502649865294,-0.010712339721695274,-0.01603606324345297,0.007999947315211475,0.022544111306185277,-0.0003143219069585701,0.001835646060331264,0.017914684459050534,-0.0025444775589960056
2021-07-19,-0.004776098265347417,-0.03373069425574615,-0.021085012655499447,-0.00361957648218425,-0.006663716695752275,-0.008839945653252412,-0.0007215702501086607,-0.030791899301003012,-0.01526140449553337,0.005565294835661483,-0.009425458658056551,-0.0031927459375958867
2021-07-20,-0.022995387293841207,-0.01893280768952954,-0.03514303467724589,0.010898176228929746,-0.021344753121014692,0.005415963143154068,-0.0045728210722801865,-0.033803608821682984,-0.011696107197269212,0.005838593963277905,-0.026097561927215684,0.006656896452587935
2021-07-22,0.0014326364677830217,0.003845817323543832,0.027415106632376007,-0.02330689769730354,0.02188815062813343,0.025902429785448877,0.0009672416781456583,0.03748513920805885,0.002672230829483979,0.007767722717663794,0.03214817807311654,0.0032910396289067556
2021-07-23,0.015736681435603916,-0.004107181056371423,-0.004447195301627405,-0.008430938214940675,0.031557330563136254,0.000157182651935317,0.026087008825446123,0.008367260829104994,0.009225563865235653,0.00828844919288474,0.006598578143415246,-0.001088213173175423
2021-07-26,0.006338272778227738,-0.0056835611658571095,0.021186898321001735,-0.0039863486783092705,0.0001477271837042604,0.008456857296441633,-0.005885274538971141,0.015338095999245516,0.010244165460822963,-0.002347822388188203,0.012915481368094062,-0.004761956261999489
2021-07-27,-0.002313346574389974,0.003624758994942967,0.043244643417942985,-0.0026823422047838053,0.001034403786926763,-0.000841724346866024,-0.011840053406304785,0.03962360404325049,-0.024503029911429275,0.006891840219521939,0.025193718333459625,-0.004566111987208243
2021-07-28,-0.008971816797679999,-0.015592952711593888,-0.0025159842206585736,0.008111316267968682,0.011218479116956503,0.0019031582479678288,0.0021568396273328183,-0.00023819869590080422,-0.026561469274161476,-0.01116806467981446,0.02581441008593055,0.004665379372677636
2021-07-29,0.024921189631725182,0.0006702702330754207,0.10040851330174916,-0.011285569053511413,0.006514900129214629,0.007100131947842536,-0.014586225447646761,0.04264964245091196,-0.006776179441797425,-0.00598144873070916,0.06857144562691908,-0.0006253078138295232
2021-07-30,0.017218975193413977,0.005781743764726732,-0.029033037201305567,-0.0006211373655105046,-0.0072727272727273196,-0.004019863975173954,-0.0053385971602252225,-0.01336848321540085,0.008010205753112398,-0.011839553905914513,-0.016659883799017616,-0.008871102885429694
2021-08-02,0.010195775858854894,-0.0026638831971960153,0.0022482459039574465,-0.00021429115265592102,-0.0016117142362989112,0.013070565362452324,0.011466181763957861,-0.016792174175027097,0.006224294610500225,0.00067788087402465,-0.01690714529228965,0.016401246962127525
2021-08-03,0.003911482382446652,0.008470037994889434,0.006729466031376363,0.023169646614982442,0.013208082402699217,0.014495300481534246,0.01254217551201231,-0.006478120822220879,0.012341677771388504,0.03214581448737075,-0.00202113222626088,0.020345434759815983
2021-08-04,0.00048100544168971915,0.021328586452320053,-0.013591758674309284,-0.004084871597260897,0.03512471167400277,-0.003594653149248006,-0.006193453872200605,-0.013752233198706665,0.03814549360264907,-0.012401531267235533,0.006395503983430029,-0.0033333520823544127
2021-08-05,0.0203857090854751,0.01334187943170484,0.0009035927920866271,-0.008161228250270769,-0.01707145341906713,0.002607459011354951,0.03187922710294555,0.022598815408557904,0.012457490784981928,0.008384473565842265,0.021466042901971072,0.0030544910317336083
2021-08-06,-0.010554572044334964,0.005253126186944179,-0.002143970601868217,0.0058532042707586385,-0.006833187371757421,-0.002026150970232843,-0.0046456539642922845,-0.008581063785604304,0.0030760960381241986,-0.010330312447504264,-0.012270352224561965,0.007871239279527042
2021-08-09,0.0005713507799292028,0.007536973467136665,-0.01684954460564614,0.00548171177094825,0.007453543648533234,0.007938582293053331,-0.0021004644531501526,-0.008418430496666685,0.002081802617246442,0.010080134708686517,-0.011652498865077354,0.0038977595693658884
2021-08-10,0.01251734905231161,0.0024935023712291393,-0.017828374876206476,-0.001132347477691531,-0.0027743326158922166,0.008386760424190287,-0.018475081568180896,-0.04232923829723234,0.018165153369925857,0.003900681651014537,-0.027333329691336505,0.003370542005662891
2021-08-11,0.00305525700076803,-0.008423779520146724,0.022719231593349543,0.003631625652952941,-0.010486509701179592,0.00017887884920786412,-0.00571856175456964,0.05219133783988683,-0.017518857091382678,-0.00577343924202911,0.038293387723059125,0.0030897276667232187
2021-08-12,0.02769584317659235,0.004314624495479036,0.008301717794316765,0.0007740427946429929,0.011246317969903608,0.0071832323261564746,0.0011984451586792844,0.006882644025916651,0.003987593579907189,-0.0018686955468881772,0.006415756170389475,0.0022574027968540467
2021-08-13,0.02093041151115771,0.01651786836063529,0.010977606805439688,0.005099663011941313,0.004919250262909625,0.01337590281660428,0.012206708695841728,0.0,0.00016773862039531906,0.007483040455127821,0.018322926788614247,0.03331094590544148
2021-08-16,0.0037517388704797483,0.002882933785347319,-0.0006786105052060121,0.009108067330134473,-0.003050464207285497,-0.004555594388169215,-0.002601130258233164,0.014260262167757443,-0.0031599465553439066,0.001406825157955982,0.03951028028293391,0.0027576220384903927
2021-08-17,0.017175866183915423,-0.01042059309199539,-0.011658102088051958,0.023656421847382925,-0.002063745060591926,0.021855174556465462,-0.008060694307064242,-0.03567255440939143,0.0033663891588142647,0.023902433374967558,-0.010333117527573377,0.02306386031935803
2021-08-18,-0.007611824877876927,-0.0010895981627041529,-0.022102628755291454,0.0009059330176239833,-0.01839702348279537,-0.004708249084918514,-0.0011948433267323644,-0.016749159692884596,-0.021612091357432806,0.009526019485694315,-0.0021611821026220612,0.002110973991198417
2021-08-20,-0.014899422133598628,0.0011567716004980966,-0.054573201365266,0.053639159832022276,-0.011041580164354858,-0.0002882283186143031,-0.00023934482176435345,-0.07634799035608808,-0.026376043902391677,0.0349137923131817,-0.0832084211800943,-0.000294935489832282
2021-08-23,0.04094484386018893,0.0065026788742865715,0.007927669960584582,0.005630871087979106,0.0029380037214961074,0.0033467715058390635,-0.012446201123609613,-0.03515984105164904,0.007807194489339642,0.02298259901679356,-0.012321728591015435,0.021884890090947184
2021-08-24,-0.008769562084312454,0.022464914694261928,0.03441063350319862,-0.00043616811253877064,0.017211129865823294,-0.010294804879517061,-0.0026660638646431867,0.025164939354767046,-0.006960384025370914,-0.012047255407279356,0.03385704403806988,-0.006653010329288889
2021-08-25,0.0012578148507924602,-0.0009302037656624407,0.023405078231716114,0.004557187781483174,-0.004896004305613433,0.00854235142462878,0.0031592337812826887,0.007109315407590744,-0.004516238507625503,0.006572274537139711,-0.010287250383076652,0.012675871012964635
2021-08-26,0.011348376731184384,-0.0016694164812217638,-0.01532380569259506,0.008090867400536883,0.011214891321538856,-0.004523076011026639,-0.00872103916881406,-0.01105478280469352,0.00017659272060810416,0.007174854920450224,-0.010897681153925975,0.003511904842655733
2021-08-27,-0.003854533433795493,-0.004084162552723369,0.03253937129153939,0.004331464056202883,0.001359458932103541,-0.010939341044630901,0.006353982238871403,0.0006734140902269203,0.009455109611606005,-0.004754968199565224,0.006617785608508564,0.013154065428229167
2021-08-30,0.0003868445026817824,0.012787036860550716,0.023178894862445176,0.0036410332727430106,0.019864333984024984,-0.006290956728628672,0.010199192002780855,0.026783227694799017,0.013013960267604485,-0.010777976136664535,0.040783234497147935,-0.005066997577471977
2021-08-31,0.016245636832110444,0.008385231839055152,0.045195741884610285,0.013543269156746751,0.007566634790755478,0.004946770311589965,0.015865097873044354,-0.011797082489598876,0.010282976618714468,-0.01390420524121705,0.006698575418483399,0.023005455499405913
2021-09-01,-0.014928899107184868,-0.0014544444215435215,-0.021780782939437304,0.003230344063669399,0.0011822132817769226,-0.016818550489938744,-0.008518623406742254,-0.016315257314077902,-0.004019940764559027,0.018445928100438103,-0.02692634596464638,-0.018883201128469307
2021-09-02,0.006955043123221039,0.00626938027490076,-0.002510336508353528,0.02493685687468239,0.007292661242307208,0.006764952844270367,0.0011933124794802907,0.018743433901321938,0.017032528961498317,0.020868158124679237,0.009849696791600415,0.03278643011530624
2021-09-03,0.0017054531968572206,-0.008149671105097012,0.009519547780244109,-0.012263309553173007,-0.001172268347930272,0.006838236590023694,0.004052534547456688,0.03931166106746775,0.008697371192356806,0.0012870835924216895,0.013016655957174272,0.0013814562144145448
2021-09-06,0.021621684370674243,-0.006567298340690364,0.0172338307400961,0.005024225133453353,-0.004348998862407805,0.01749316573640769,-0.006172777576129107,-0.005858449664883469,-0.009654770646098987,-0.0021439870720817433,-0.004606274161638502,0.002589707563302568
2021-09-07,-0.014956722884210127,0.0022674714799852946,-0.01481087412620874,-0.0010429896977870445,-0.0058933297199490475,-0.01372512255635494,0.011705581316785674,0.02446840372081116,-0.005466184772700666,0.007182361733456766,-0.005776072631340057,-0.009371817537820903
2021-09-08,0.005583205955337345,0.0045563296584931745,-0.012978525910314676,0.0083520599464173,0.005649249412979174,-0.007851637664260336,-0.0023611761103465856,-0.010128799480173534,0.028614368570707427,-0.025964294036296076,0.0008050104315227014,-0.010941048393437791
2021-09-09,0.008201603710492833,-0.004948048542891881,0.015888561617644292,0.0034811098597318235,-0.0009708573480303739,-0.0009745775345335606,0.006627172667089898,0.01149573135439863,0.0013771500569663697,0.031129759132173085,0.01199427076329962,0.004570704904494738
2021-09-13,0.008217877494715031,-0.008319387924726862,0.03192766929626556,-0.00864567015970763,-0.01784115896246896,0.00017736140244450915,0.007053814433190864,0.007868133298690516,0.012212264261816319,-0.00024204891899048953,0.011368194646726115,0.014229429327381027
2021-09-14,0.025033484797956085,-0.004500105220513029,-0.0008362170138419556,-0.008541621438054703,7.071339407738186e-05,-0.003398459183542757,0.009105675787553169,-0.005947935944195959,0.015053834679484623,-0.010844797023986219,-0.007618943370047981,0.010545222188117709
2021-09-15,0.02793344439593115,-0.0011299669114265276,0.018516514438737808,0.004669688452408005,0.009753311309669721,0.01500452077690162,-0.00046258968513168686,0.001994431363683269,0.0021149406663740766,-0.005499081666755057,0.0019281333420237967,0.017666562605585412
2021-09-16,-0.00797160692085308,0.008501262737085735,-0.007189777892782967,-0.0025942213166986194,0.017988427925923922,-0.005375437358973056,0.06828700681244704,-0.01691969302475227,0.018752996279397305,-0.004540368146652041,-0.012610855069469573,-0.01295988068081333
2021-09-17,0.00015819600207533924,0.014231295194122584,-0.021208358269474092,-0.01661698860999039,-0.009694698839965654,-0.006432825405457532,0.0017335358244450205,-0.02151342429999803,0.05304686241902501,0.007382192050994663,-0.03539237830898545,-0.01932969761086112
2021-09-20,0.010171894910277146,-0.014094789305281297,-0.060564453338686874,0.028689586074035045,-0.014094292803970232,-0.0020398962799248466,0.01124791191471175,-0.09182608751341903,-0.0032369617712069143,0.007281058891378089,-0.09582227349392602,-0.0011364075990180078
2021-09-21,0.0182970294585465,-0.005064632806306313,0.014851543922010713,0.0043207097013933105,0.00260557353990043,0.018129675986813032,0.03315526657111634,0.029905898161561417,0.004746484326577649,-0.0065470745420450616,0.03120264731288014,0.01031792071567672
2021-09-22,0.012312411101193188,-0.011759282724930875,0.026607484299805195,-0.00993803651756553,-0.011940736243898686,-0.000901849809954558,0.008281537918212178,0.012029833480346142,-0.012630829395345988,-0.01309324107502785,0.010524661330456153,-0.00020724071798239319
2021-09-23,0.009730127550485745,0.023668229125660245,0.043736468923307736,-0.0007899264265650574,0.01940723909037234,0.01493961852243575,-0.004106758681365452,0.014209588019288955,0.019364820079354805,-0.0043262026533381626,0.009878933017347657,0.0018382770335256815
2021-09-24,0.022509958912588557,0.02009551959591871,-0.009311842685955307,-0.012813177048351054,0.008298539254197657,0.012223441525769818,-0.01670100614609904,-0.03233200407025838,0.002025672184784,0.0012726829752016666,-0.03533769707346934,0.0005298378763094469
2021-09-27,-0.04638488704728472,0.01470438473823954,0.005535136803090479,-0.013525515381681119,0.009751602761464362,-0.02420836536737747,0.0010483542002048818,-0.0037588471214314856,0.0025887604963092947,-0.011178354214135489,-0.001257767693346179,-0.008872969718711321
2021-09-28,-0.0202284243409544,-0.00618407029417134,-0.006751144201744608,0.005296150774388053,-0.017602784546875028,-0.01978334722071884,-0.003979905893142233,0.010061498129660285,0.017139225059319196,-0.004961167291023916,0.008225085128024334,-0.015063986762286485
2021-09-29,0.009613826366337674,-0.013126582384084928,0.033462346477795446,-0.014152849966804326,-0.01066723193578678,0.0030527031612497257,0.0014721442737888335,0.05838410053400089,-0.01825262437197639,-0.0019442696574288876,0.011397751186092764,0.0033736167437987685
2021-09-30,-0.0012879884884747783,0.0006900618374630074,-0.01254671413936892,0.0061446331266015175,-0.012191621080670734,-0.010075558378484173,-0.008189754143366645,0.01764708785668989,-0.012287922961399023,-0.0031374833210109365,-0.005132904524095094,-0.004311713144350637
2021-10-01,-0.004532695248996688,-0.007680463991358466,-0.007377886241673903,0.0008327385665267695,-0.012128237731774405,-0.005999078879010189,-0.003387710695402224,0.031984476665902095,-0.005958581034808175,0.005368867266082322,0.006943903610555413,-0.012011673127877653
2021-10-04,0.00384683163404409,0.0019271534535159063,0.04407970462324995,-0.006601194730273319,0.011338335251380505,0.008167358051835993,0.005311215931788071,0.041573423259963604,-0.0013042139546974862,-0.002915563349016548,0.020264204549439224,0.011554446422539666
2021-10-05,0.020725112002661028,0.006116931056627584,-0.02056553194538957,0.008357594151106928,-0.004427424927025081,0.00836931207565983,-0.00803046083057335,0.006572567005528773,-0.004319518857568316,-0.004996649488543059,-0.005512886379276161,0.015901383140784597
2021-10-06,-0.02275612486098144,0.012191092579208362,-0.03916820151088529,-0.0083435954149782,-0.010902104637025234,-0.011371527686325766,-0.014699586770548723,-0.027306071476285165,-0.013418593538812251,-0.01229164023865581,-0.028059465814029183,-0.005843595127517309
2021-10-07,0.024187587251692788,-0.0027248237875503456,0.003362088068652458,-0.006198751378944989,0.018418999593633467,0.010426762970375814,0.007351352797713817,-0.005004250795177856,-0.0016872854773951618,-0.005820178101056173,0.007266213424862222,0.021517073555846755
2021-10-08,0.012133650248784988,-0.0048741965977752155,-0.008062875074993592,-0.010994913697155217,0.0017088826052937822,0.019426462687916146,-0.0053659355896609195,0.02024037917985333,-0.008246037292206743,-0.0031081934363105246,0.009269338779815728,0.010981572866750167
2021-10-11,-0.014559727214711993,0.019436548513143803,0.02924108440818296,0.001912893461019305,0.014074521010162266,-0.019085234254136663,0.0274061908128036,-0.007093941455912023,0.02016673649150391,0.005171945249032417,0.009261087629507392,-0.06353437451892718
2021-10-12,-0.0403331638871105,-0.0025706195830175194,0.02287173240719209,0.011738545548757306,-0.006589078973855189,-0.0034299803878268253,0.013652534918864756,0.01428910010510176,0.009972692995368071,0.017346468113080382,0.012107784997158921,-0.008886282032662507
2021-10-13,0.011996536923386314,0.006013754701961638,0.01885082252037029,-0.010985993481267609,0.0019051402646754756,0.014271630627154197,0.03273932960854542,0.03295138913008677,0.007142465104621909,-0.0048956273026793395,0.018960176077784885,0.0006433643258483279
2021-10-14,-0.011222205995296886,0.029279036875867526,0.01584488040786769,0.0010578930292188815,0.0244384230458794,0.003832314970428241,0.029494346935762916,0.03213123981784949,0.004205423377279027,0.0002459856190466514,0.015321681512589835,-0.01007317053297152
2021-10-18,-0.023778101440300792,-0.01013411157469768,0.051734143634211804,0.0016795193051208912,0.02495528528223523,0.04452859069581061,0.023387228422723005,0.012542092028852148,-0.003072625549917829,0.005849642401877242,0.026180715594837034,0.009884916554765866
2021-10-19,0.008760621642491584,0.011016036092347692,-0.016672610535714227,-0.04039183391987655,0.0026829768973286594,0.016739583698530902,-0.06322594403846316,-0.027317016936788674,0.011806490406393921,-0.003600965533615552,-0.03128861001489114,-0.003564188792728795
2021-10-20,0.0006489418648945033,-0.008793690045051705,-0.03896962934493964,-0.026759046254511754,-0.002140655071262265,-0.010866269745039014,0.0026427101040440437,0.003297295402788558,-0.009777071748313104,-0.004688115352434075,-0.017265443575142037,-0.006961956145932202
2021-10-21,-0.009976008744741582,0.0014636553942508623,-0.03743059479852062,-0.013273331239165409,0.012938214363598766,-0.02702020549918449,-0.007704737241034709,-0.016772508028153332,0.0636581941961547,-0.002308269790189388,-0.02129088715880134,-0.02115607833123634
2021-10-22,-0.013793574000042108,0.0026546438354129176,-0.04718980846021448,0.0034141341489608568,0.005029811751635194,-0.019302570964207066,-0.03310178548286491,-0.02005520001050176,0.012897904224513423,-0.011773893807614066,-0.014033556658897606,-0.00952590437926526
2021-10-25,-0.02395327842126993,-0.014130591463131559,0.005951747176711875,0.000713261322687897,0.108521029752632,-0.007122984595636428,-0.01352499085852954,0.0004703850014964317,-0.007783009552612685,-0.016333904574081126,-0.0022758087322926057,-0.0016862932817701681
2021-10-26,0.001201396837960278,-0.0025648305271133154,0.027046915327237908,-0.0016389775939495976,-0.014613324243083481,0.006587599829099622,0.014138968433782484,0.047966244841187056,0.02620100838998085,0.03396874380767545,0.03893149044559863,-0.002963089859011503
2021-10-27,0.008870096726706134,-0.006020206333647082,-0.012755869644227258,-0.016517197203262057,0.006751969125185164,0.01482087422972822,0.007393292828719478,-0.03432804179604565,-0.010267123792952138,-0.011083559774937024,-0.01302425154293807,0.002052894577402542
2021-10-28,-0.021364802384610915,-0.029949023155365184,-0.023028047991767275,-0.002900045231567505,-0.04347315309933186,-0.01448865247328901,-0.05598667132074431,-0.03775553942756238,-0.04101448292499699,-0.0006944954301609796,-0.020020409526589678,-0.019514165372055747
2021-10-29,-0.00716149782261688,-0.006745726618060832,-0.01919793124118163,0.0014648188593948674,0.00419432533566777,-0.021215930103292036,-0.008440640752870099,0.007605882280850018,-0.03209436012048772,0.0004606523692576303,0.012580798163022155,-0.006984799167014222
2021-11-01,0.0397376818435482,0.014183328869036949,0.039908629310569266,0.005829140535914101,0.0023066145124823745,0.019367378294877557,0.01635304455012898,0.032590505986267004,0.0223273101313044,-0.0031868674615336268,0.03719758056547806,0.023147543219934397
2021-11-02,-0.01559864513207021,0.0009032879200667754,-0.020391095833638184,0.004901965052195312,-0.0036696294100087012,-0.0012646596457033255,-0.00551022560157588,-0.027848741679483036,7.213100051739474e-05,-0.008746204961948001,-0.0375485678150832,0.0022437242386190714
2021-11-03,0.004868934593224683,-0.015746152471249886,0.021135832241413466,-0.0031212088197000165,-0.018727761019465383,0.0027090345814759775,-0.013962773074164825,0.008713338070601928,-0.018828299449203723,-0.0019601004706185643,0.009439220046064012,0.0023103516567566373
2021-11-04,0.005738126179621883,0.00790417457197723,-0.011917191083262169,0.004769151512768133,-0.004898508087377795,0.0036416371536764913,0.018431046297050058,0.0015383248555664863,0.009545684238154717,0.008117628246596453,-0.00011302439084659444,0.004696197368758037
2021-11-08,-0.00021142162209786264,0.003952451433634208,-0.005924737578561268,0.003735343450595785,-0.0024932904974264147,0.016855132113889892,0.01434564189413412,0.0033081359404296684,0.030068043863990868,0.008470396459753449,0.013085375945664834,-0.0016817401986740643
2021-11-09,-0.008496384494466769,-0.01749737380217309,-0.011068462455813832,-0.00030840565372303175,0.008203556998566341,0.0028776173275308903,-0.004569220501276949,-0.02661347775945333,-0.010217785227380372,-0.005695801459907224,-0.005434497121387327,0.0008422866065820322
2021-11-10,-0.0031122737601911865,-0.010812338157924484,-0.031962985730162985,-0.012751114853779999,-0.00718324301414941,-0.0013484877973559684,0.009180470690556275,-0.03399449210331873,-0.010084910534492786,0.0006415695410091349,-0.02799512036010343,-0.006104441848814202
2021-11-11,-0.007227208515304007,-0.004468794635037132,0.009338589761082483,-0.009978683763314455,-0.012101424191793386,-0.00393660300784382,-0.0036820449540122535,0.006261710475307325,-0.010572876815727383,-0.005218377039275746,0.0008085932373489424,0.0011194371769107647
2021-11-12,0.010036785489066613,0.003035556606840073,0.0321620362145465,0.01209919294247741,0.006675665211397064,0.027058225358302712,0.012608624435926474,-0.008089615299550768,0.010028778590798204,0.01529917709920614,-0.009502849133874114,0.010850920102253525
2021-11-15,-0.0012794831176963228,0.002736672602734247,-0.0269981751567967,0.00823312657292452,-0.00424919148285241,0.003904182834794767,0.022327115957599952,-0.025596076444102778,0.010893110613925172,0.01745596046695419,-0.03247243430630886,0.007728288956590834
2021-11-16,-0.006362612901334552,-0.005939973340822191,-0.02259266568780316,-0.007464615946417119,-0.011961851936504342,0.002881673128042328,-0.011129714644926847,-0.008369825587984825,-0.006889783831863894,-0.0007445203297178349,-0.01336860673876561,0.0008721327445062599
2021-11-17,-0.009412444975005596,-0.01111111663750386,-0.00044880276154657395,-0.006440623835631043,-0.003599142313120973,-0.00270610143631711,0.017200998622923347,-0.00818077519035909,-0.01428332250132669,0.0007682295117150684,-0.007120783132360087,-0.009700726515481706
2021-11-18,-0.027983681364059043,0.005618022267382727,-0.011450384639710376,0.003450057484524427,0.002101628464519445,-0.004503565903078766,-0.00835069582699155,-0.031029023789466592,-0.013954556630109582,-0.0036734893449342776,-0.027416835799381367,-0.013117819433607458
2021-11-22,-0.009016249900234863,-0.015623059298420672,0.004201682470407864,-0.00452191875569441,-0.014287626569977396,-0.011239734800948642,-0.02778961087507137,-0.00445879571952934,-0.034083353563360785,-0.02113569477069077,-0.018161189597878158,-0.004977352740149321
2021-11-23,0.002251943620871222,0.00013210389768314457,0.018206469973803596,0.002365386716105755,-0.00019947478890525172,-0.0127884403288816,0.00303179916789742,0.03379475772804019,0.014037701932401392,0.009802334342283503,0.023175006724202696,0.0016915316136705272
2021-11-24,0.006156825595334814,0.001649556532449692,0.004220340857050031,-0.008123584754437307,0.011106033048285724,-0.023547712068097693,-0.01683937180212447,0.005776554251461841,0.014372818834840206,-0.004934552046895746,-0.011367076425931155,-0.006047576877465266
2021-11-25,0.004779140970701645,0.005203919651588729,-0.011170105797961738,-0.010822198745051193,-0.012036295864483404,0.01556605732628391,0.015810308772024495,-0.003916016205720574,0.011782919624318877,0.0047756300607262325,-0.004115357705862022,0.0007549910544151217
2021-11-26,-0.013113470030318375,-0.023624539597263294,-0.06721846498132211,-0.005938574325075607,-0.038412863362546235,-0.017853020635469563,-0.03156082028232576,-0.07115702642906674,-0.03478944960690722,0.0023046756899349763,-0.05227274103720192,0.0002759688924349746
2021-11-29,0.020809979062365924,0.007617892677011184,0.007553974849706435,-0.002441181657571345,-0.00526181846473639,0.002778285978493944,-0.011160751507389155,-0.00493802191291981,0.028152559888882323,-0.01154131137174208,0.00220258841351062,0.015999943144532125
2021-11-30,0.004853689678694595,-0.005128981876070138,-0.01761269106994079,-0.005087182167793025,-0.0056375421101168,0.009608923213985321,-0.0015801458796671497,-0.025804596177943284,-0.028570050604638686,0.008007779208194288,-0.039067078154996104,0.007752675808861298
2021-12-01,0.015852110579231082,0.007431907403760762,0.029436620543478842,0.01177984475830085,0.01868832974060375,0.0013137128083744454,0.0033914345144423486,0.010624414162702545,-0.004357952390773301,0.012805003918225921,0.010595600336700262,0.01378522474165278
2021-12-02,0.024206658607119014,0.01402319252119133,0.016945203924277008,0.01639750667360529,-0.007283148828510333,0.019447270815003304,0.01599818066274028,0.01972919379075755,0.005580049216957761,0.005433602306431418,0.027573808197257632,0.018195451667903484
2021-12-03,-0.011226299085483893,-0.007996092156280499,-0.017241379310344862,-0.01663660964240765,-0.008444068130545546,-0.0072644946685530565,-0.01685515765431056,0.015252231806860195,-0.02548036686912969,-0.009323953176014088,0.005034102259556139,-0.0006724461270540827
2021-12-06,-0.029750845904967793,-0.0064417890504846476,-0.007771025209129423,-0.015851265409632886,-0.00942347834634416,-0.023191517767739978,-0.0169185787069549,-0.007372538565978526,-0.015149956228197148,-0.015777996076957623,-0.008228896878738179,-0.02858155769376025
2021-12-07,0.01152624385167278,0.014563081113553533,0.0501957636346968,0.006546848949877004,0.03537450907780415,0.009644311955047113,0.01262041478406295,0.031250211429052266,0.027556639735828004,0.017234982249725084,0.036074942554902734,0.013601221824064202
2021-12-08,0.01909270004503094,0.018417865177829063,0.03378530152018944,0.008183988076075677,0.025522444370311037,0.024362535385350714,0.019487932214936388,0.036553815790846045,-0.008620840957924258,0.006971101940140612,0.021065600445973942,0.01182861141032343
2021-12-09,-0.002603142972702477,-0.01734455969567883,-0.003934933985144107,-0.0003633021817941451,0.0021236656935286202,0.005760288428562799,0.04645477264722153,0.02503921150648858,-0.0021349753898072255,-0.009977414943623919,0.0032820796441375144,-0.006934059763701206
2021-12-10,-0.005433990005197176,-0.0028163199648763015,-0.0012069854628278254,-0.0029703973536255868,0.003973476597841197,-0.0023816316868207066,0.002973601185305208,0.011510495900016071,-0.010227643343284853,-0.0007518608357094392,0.0026766335832328902,0.009731190199299133
2021-12-13,-0.002667515445156532,-0.007487486721445169,0.006921502616524133,-0.012195597160450933,-0.0052769454181055275,-0.008298954035599104,-0.006353133751079931,0.0010115417500651258,-0.012468820077363163,-0.014958303525215766,-0.01245761225841624,-0.007465092592214173
2021-12-14,0.002803705306839266,-0.0057572262326326396,0.007528613597462153,0.006053771946358477,0.006167148397769884,0.004298853187090446,-0.025575579399038095,0.008210188070005398,-0.017457681982661954,0.013528622577846816,0.0016304971629022003,0.003919871354225002
2021-12-15,-0.011571167208774047,-0.001630544468272599,-0.0072557808482238695,0.001142991451011488,-0.008436126376930253,-0.010244603141823183,-0.019903564040605448,-0.008018091945833361,0.01467076307540216,-0.001855608878920889,-0.011266345826360324,-0.014749654181554939
2021-12-16,0.009443975848353992,6.664232525088742e-05,-0.017126660037843466,-0.004933237017054726,-0.014755642218690412,0.021566155813907528,-0.005132912120361488,-0.0022732060851785585,-0.0035611275640967666,0.0028146804799182856,-0.000736478465685142,0.0031510962808507514
2021-12-17,0.010045068524002776,-0.018032177287225615,-0.0007769318782364643,-0.03431490927907954,-0.0173380479584343,0.02779967019630103,-0.022207377356569524,-0.022658334029356464,-0.035980028489106974,-0.00921736305842269,-0.018296919371376896,0.0007677203340068495
2021-12-20,-0.009817221541422727,-0.03217814752705972,-0.037876152647368655,0.017419682895570388,-0.025195672018499593,-0.01205470429123845,-0.025464330436199112,-0.056728431869748075,-0.028598571147193108,-0.010398533854565906,-0.05224807366109563,-0.007658413208297854
2021-12-21,0.03888261415673111,0.01132821638130932,0.02851531469994395,0.001652779020466344,0.014648908769962388,0.00705972830696755,0.00047073669760266945,0.03817110040566263,-0.003414548613811963,0.017967684806174056,0.029964121162374235,0.014450960313659333
2021-12-22,0.01477149723051685,0.0023581924938704812,0.040184051350510064,0.0021117805242014676,0.017283321707232346,0.007231217228879094,-0.0023528423734988646,0.005025989113495166,0.014885789538435557,-0.001555705453277989,0.021491279984820366,0.006221721010231107
2021-12-23,0.0038029484918404854,-0.00076121759297898,-0.0044242740252021795,0.010097979012499092,-0.0020470118949937888,0.01803037860240364,0.02499985539803573,0.014738487155466329,0.0074896652022589105,0.0009352900985839518,-0.0010630713701457184,0.008799859299286172
2021-12-24,0.030754904247529025,-0.0036007882600191943,-0.005202745523574026,-0.0016081375426160172,-0.005743131971664428,0.003176241508550115,0.0032212872873444987,-0.003241946047409794,-0.015318728025645822,0.0008147231552906309,-0.010818984072320292,0.002238712877239424
2021-12-27,0.001580588999521293,0.008270129870129761,-0.01329258153422297,0.0019373669464464172,0.012240413892592006,0.0014219738634679846,-0.0020642462238849024,-0.008587083746535273,0.014327485354504788,0.004065120012579859,0.005692855907239558,0.00686481680912876
2021-12-28,0.013178911503971102,0.0068927977962576215,0.01181526724175308,0.003345902760284458,-0.0002717767419465611,0.011708669622580103,0.011491737121722245,0.005774361108850101,0.0008175389788285248,0.0027277888905019587,0.005036582838496839,0.0028272604623567066
2021-12-29,0.00623083393475965,-0.004757643062221484,-0.008512470696910857,-0.0009745342514754229,-0.000135882555057254,-0.001297718879865073,-0.01499657935300902,-0.01839785968208596,-0.00602846943092461,0.002306756235345375,-0.00993396068148722,-0.0031970414315866114
2021-12-30,0.019467567417451592,0.00526186737993517,-0.010126591029842813,0.008128208013807203,0.0,0.0038714599990119503,-0.003460192855532118,-0.016083953195328404,-0.00507314698401673,0.0003558708557298562,-0.01366188284365466,0.01056918261014661
2021-12-31,0.0015564795573930201,0.01224778503716184,0.057600384863031984,0.014855950237078197,0.006048750065534403,-0.002694247454099963,0.00949066518937447,0.019319087987455186,0.02327302494529948,0.015414948573641896,0.009491503272090585,0.001232037395316743
2022-01-03,0.005344564977065369,0.027206885472960796,0.005256980453666404,0.0004874943059067771,0.03316884377929985,0.005668205579907548,0.004815440972456342,0.022796583736536924,0.01578416016003037,-0.0014084361965964742,0.027891465510417213,0.02123928585733159
2022-01-04,0.005504441036001673,0.005856584608673332,-0.004078927945530886,0.016918637882128218,0.010657748100421749,0.0003685926144096907,0.005248619307803626,0.006090475142404017,0.015429430474554362,0.01072780172055876,0.005558161868660427,0.017549593126314322
2022-01-05,-0.017023320869006486,0.023748057905498943,-0.0015753249313804618,0.006059199051125397,0.019667419755347915,-0.02869702833787957,0.0013621343273610975,0.04688291759372443,0.03754175108368463,0.0023479623607147726,0.025069738140441444,-0.006126424061653091
2022-01-06,-0.019721577470136253,-0.01604000579271181,0.007888854277156687,-0.010099907089399784,-0.0038068334248885227,-0.014555603503753511,-0.008388017308753826,-0.008612149276847947,-0.015737613382006854,-0.014456401262948448,-0.012185908979991611,-0.013856877306856696
2022-01-07,0.004397495689425046,0.007014232481420191,0.030056493456948052,0.010349418297095792,0.010445198315380155,-0.0019253281185351856,-0.0013717017632949302,0.009183496637488187,0.006527889747381721,0.012994068176819695,-0.0024929414227322644,0.012094904554279973
2022-01-10,-0.001898729281761713,0.005546297519298804,-0.0012159142925197708,-0.003766193705915688,0.02206122124733767,0.020090279292896307,0.022435783649248586,-0.00565673225122898,0.022948631584636336,-0.00979019355317079,0.007497664543683058,0.00683794357992995
2022-01-11,0.04312568896416291,0.004329306819559564,-0.013288695745917511,-0.0014126554995778084,-0.00012332084965194223,0.002620564750916987,-0.0060455855397975045,-0.05033390796326864,-0.005723984821160544,0.002737518887565349,-0.03318928944635258,0.009291478476876947
2022-01-12,0.006326077392728058,-0.00590716158525717,0.02385120700525656,0.003952420981824245,0.01615981807426703,0.011775166106164248,0.003604450966139483,0.01679912467765443,0.010223160102798667,-0.0027755870046430875,0.014996707901305362,-0.014300649548369515
2022-01-13,-0.013238323090106086,-0.018404908986935697,0.019178536457137074,0.0004351010144323375,0.001153326681787803,0.010306677655472996,0.005387131303671522,0.05840164771035017,-0.015460596967634355,0.0003705296280542836,0.0644611961584165,0.009844934192994925
2022-01-14,0.0022110496316236627,0.011223882562419352,-0.0022659190295181153,-0.020917867864511552,-0.005699029503250741,0.01716034442130554,-0.0060282067714850784,0.01318967224455414,0.006151652134037455,-0.015940147180465658,-0.00618267271508266,0.018022597677217256
2022-01-17,-0.05866737580358061,-0.015305892793640141,-0.0007899761289147378,0.010936296463771589,-0.0008538150076691231,0.005260898829681837,0.008984773251364597,0.0,-0.00038702161189363427,-0.003450963113110328,0.013307536811435261,0.012852161816172991
2022-01-18,-0.030983040928346472,0.0050936111505164305,-0.019666013574347496,-0.008390773208156066,0.004638133718148474,-0.009667467661644835,-0.01714152956156012,-0.03881512939756404,0.0024258686813705133,0.0023999514542367706,-0.028379785582879458,-0.007103567185338222
2022-01-19,-0.016847858381183745,-0.007062308554151242,0.017741942121876964,-0.02515303984619177,-0.017616283563111845,-0.027957822349635064,-0.0018120651543562794,0.01640144007617228,-0.018793565229116793,-0.022838425252287076,0.012344717979128506,-0.017308326722885292
2022-01-20,-0.011646637434863716,-0.006223334737592956,-0.0027733751999201584,-0.020823542220488322,0.002040554612518841,-0.0232183632457742,-0.007261161940015248,0.022494081311396963,-0.006848220770956703,-0.010714425594573806,-0.002397558927270116,-0.02250531459123406
2022-01-21,-0.006295835295187513,0.008349657856809856,0.006555417731874957,0.028119363792155294,-0.007096606304147768,-0.020836817594093282,-0.0077714302272363645,-0.031205296386116355,0.0006077097571726142,0.012818928075401415,-0.030662026011984866,0.0018163381686204794
2022-01-24,-0.03685922268233399,-0.02296908368655992,-0.05585154120235902,-0.017545395309601974,-0.007520086608872711,-0.02738415211397338,-0.02418795986418587,-0.06960383685058646,-0.03318805410232739,-0.013518470400975757,-0.060271979210753,-0.016212404364668087
2022-01-25,-0.0010670111438355612,0.000941802378942258,0.015363660258680856,0.018668508669303252,0.004007689127015546,-0.008435272889952605,0.0118037163865925,-0.0010611863200973293,0.012971727310748582,0.003900121160535841,0.009006675159958899,-0.00038445233100725673
2022-01-27,-0.04089160882684695,-0.008803529863030346,0.006999465906285085,-0.013707049387927439,-0.008731943258263097,-0.025288007239650967,0.0013998653481299694,-0.0027883986310331954,0.018655785590793617,-0.021569273517193066,-0.018708921316112237,-0.032003444128604674
2022-01-28,0.0025049905799123806,-0.007932447176832391,0.00245326243263011,-0.005141075419026309,-0.01698862652893518,0.004527546584963016,0.013979260460534437,0.018908153474095357,0.004790369649805504,-5.7005733901993594e-05,-0.003399645157456943,0.011180403972975927
2022-01-31,0.01753905275929979,0.015342613853463805,-0.0026511168295578758,-0.004291531862005593,0.00979317920964573,0.029652370373548287,0.011948584552824881,0.008886516088195462,-0.021624604057056795,0.00746019144602772,0.000829714089890965,0.012520211092599709
2022-02-01,0.030380204382895792,0.007605656016226092,0.044882861045915545,0.014029684804179876,0.027256657498580195,0.020648694006895285,0.0342870067106964,0.06515531402962904,0.013487610965729147,0.008106736142342363,0.07535354990439291,0.017236527020747516
2022-02-02,0.033677592890335895,0.02284575336228145,0.00577303512305094,0.009650169702280165,0.004257592210428651,0.008492927918809512,0.019319415450926858,0.013985218609040118,0.03203524313663597,-0.00916089948423704,0.00012846418908507573,0.01461577165924699
2022-02-03,-0.012126613320578405,-0.010351392728573439,-0.0025293805076994635,-0.012779772749523688,-0.00589850662252045,-0.027166845363874592,0.009907476585541586,0.0014391337937877946,-0.01727056949613437,-0.01048880912854222,-0.0007707603761601955,-0.008194610054197304
2022-02-04,0.006094700901765782,0.0057082432916837345,0.024383054075753252,0.0036771034027740512,-0.004821070400212957,0.0014666835923455857,-0.0006396960100188975,0.01652699642675759,-0.013017109032467555,0.0013683120627356882,0.008314672379988508,-0.002536166941753959
2022-02-07,-0.005542446375908283,-0.03664695092198367,-0.0048557867572974756,-0.021243454230837178,-0.023166284197607134,-0.014990558853251179,-0.017498954091795804,-0.006715264081263994,-0.029588007827343277,-0.01412306114839934,0.005695857719474118,-0.009410478805104039
2022-02-08,0.003974526389133537,-0.004291034095165069,0.008036858532324276,0.0029900635620583316,0.007756860283860689,0.0013411703457602009,0.00456119871888494,0.0017791104403748204,-0.005824690721662473,0.0007967020392294355,0.030938212822581468,-0.009407321376352362
2022-02-09,0.01630878862086349,0.024455293996096028,0.029422791633344714,0.0058734480650235454,0.012996858129276978,0.011646258930017916,-0.004756752893910976,-0.013734322651709374,0.009462012684315457,0.0026483600007933816,0.002254939993122651,0.004567955829490655
2022-02-10,0.008002523020374186,0.01836269280878855,0.009127868688410645,0.0024147691166729324,0.0033632631435391858,0.01859203678113408,0.009124461683646334,0.05858350462958728,0.01754765635230382,0.0002646081061732364,0.021270409494740905,0.0026061045637626457
2022-02-11,-0.022388492319648012,-0.004098068232646801,-0.008314196754938274,-0.011015319076284169,-0.018249599211851653,-0.027266218721589963,0.000861088638276275,-0.010206458943047947,-0.020860114847224276,-0.01789696356840864,0.004886461008164478,-0.01999813443440568
2022-02-14,-0.014823437675772544,-0.029726525395096348,-0.03952464756130758,-0.013042779635021207,-0.046914527388787985,-0.022743754234203273,-0.03325044204314631,-0.06587996673918095,-0.04452349934191657,-0.0081362985685145,-0.0538882006822885,0.010500702039670351
2022-02-15,0.019277093809346058,0.02992481484529108,0.024172535494481506,0.027619071576953758,0.029653702584559793,0.03331962644291164,0.016176551203541,0.01974737853202657,0.037925466422261245,0.029249626024558273,0.017609737489229893,0.022510939041093803
2022-02-16,-0.0006419023045195482,-0.001350695439906402,-0.008523007036325247,-0.0015721912495614276,-0.015462954186881372,-0.0028478222928849384,-0.0011207994082985673,-0.00420970187978853,0.009348603947385348,0.0020178727880997283,-0.013206414107206021,-0.0012310835867324066
2022-02-17,-0.00406727589811029,-0.006102604934555944,0.006140127285741759,0.009206485418806531,-0.0179307352868876,-0.004903858623139801,-0.00044900475437226195,0.0035027288388449485,-0.0069670158013143135,-0.005366561885263854,-0.0007131506581496971,-0.007578990299013433
2022-02-18,0.001676517432376734,0.003883160712921274,-0.005539366749905961,0.0021668717136336113,-0.0019324685065075231,-0.010349025862039785,-0.003368593295397182,-0.00541642552273347,0.00509000482631472,-0.006438279677246528,-0.0001259913081281816,0.0025631700304129534
2022-02-21,-0.0002147015319295953,0.0064469001720672825,-0.033232524490618864,-0.0076756659029290075,0.007410950505695846,0.01391365514955889,-0.017575525869766406,0.004840803761297474,0.0003010917784085354,0.005374977458651564,-0.007515953630521044,-0.019636675337669773
2022-02-22,-0.013049845100871704,-0.007489700492071427,0.008203123562396941,-0.010828915464595412,-0.0041752002844294145,0.0021090424359639925,-0.014449419931655827,-0.020956149138463553,0.008018231399055109,0.00027067167680705495,-0.036510539814873955,-0.0357585086030483
2022-02-23,0.00300104238393617,-0.006486984663605866,0.004843122344658779,-0.004207145511493371,-0.008917895513339325,0.004900889260350594,0.0051198890927925955,-0.008488191267903122,0.024080301710166507,-0.010178843079270639,0.00026346888570238924,-0.006301518783012328
2022-02-24,-0.04722444062748088,-0.05430076449086685,-0.0020243364780831996,-0.03937346476499859,-0.049959780387989317,-0.037123014188735426,-0.0344988496914197,-0.08238213548141549,-0.048380194864459436,-0.010146862426265835,-0.05706758057638439,-0.04549932493651809
2022-02-25,0.02835528815954258,0.025855958739966267,0.031391812019689436,-0.00032236159790255403,0.03201875799528331,0.009802428870949731,0.026139204928503856,0.08098980151796775,0.03445968205935879,-0.0016709859162225005,0.06643379389185555,0.03501246357470711
2022-02-28,-0.0024343713757699614,-0.020500017581490226,0.0746394728350106,0.000644931096823953,0.01732750047209497,0.012392375665798872,0.008880606197489538,0.06278916096625498,-0.007513447271625284,-0.00428725332295643,0.06583142302904776,0.009500740911388084
2022-03-02,-0.010115656238272375,-0.03645907560400141,0.04592589413836179,-0.010588795116155403,-0.037498362785127415,-0.007460924486941023,-0.002548169936715694,0.045427787578476764,-0.01994278103390068,0.01164736837229663,0.056194991046183196,-0.0022648965768351514
2022-03-03,0.021648336922635014,-0.0023650432268422783,0.010331542993076592,-0.027034497285280956,-0.02315163841246959,0.010600043026888883,0.019043299151144,0.0021390015864999334,-0.007613622824502064,-0.022869724724437157,0.010819401776431148,-0.0004934764107583645
2022-03-04,-0.0010967091675823104,-0.0032822007508430673,-0.03711022521000329,-0.03419427692871657,-0.014678487236642668,0.0014238483335624608,0.02780296108693814,-0.021006641387004477,-0.022374112080085884,-0.0025607101577886926,-0.020102779256720993,-0.005656811619638158
2022-03-07,0.01383458917598035,-0.030515949828916922,0.06157934991715197,-0.0374103748684409,-0.04985102479268255,0.009603603963305396,-0.0024389610258047645,0.018588714282548713,-0.022971828183983023,-0.002863311712977379,0.011588767361074614,-0.011193688338316243
2022-03-08,0.018281061982453606,0.0022645378067585042,-0.048083902380094745,0.0025979071605979343,0.017208413001912115,0.022042120484722538,0.008668612953134813,-0.00416814403340815,0.006542416429444309,-0.004541129500882146,-0.017338871226144192,0.03301399901036528
2022-03-09,0.006296407895176159,0.03264790757817959,-0.003220607458735203,0.02508963030452227,0.003684271082417645,0.019767157229167553,0.010357040293987207,0.017533937681290634,0.009285749647301555,-0.00681777376027104,-0.011146100933608905,0.009069621895559488
2022-03-10,0.007990281845406288,0.015716752553705637,0.009778060896429519,0.052079779401641435,0.013708879912138983,0.006920984514434014,0.011995485379919568,0.040133412872570995,0.008768724044712517,0.029366073109803548,0.042498073812313075,-0.003207238285180769
2022-03-11,0.0010902758644633082,0.002943952854001619,-0.007915223440315922,-0.003591913374822009,0.0019214049496008023,-0.002136035413414672,0.018750068985166513,0.02447633850076314,0.004930616420896872,-0.018224769895661908,-0.00534879115187159,-0.006020428983925408
2022-03-14,0.007876477654723768,0.032753375594370526,0.0028858833423746066,-0.01675893906081971,0.026921316944085394,0.03770580456837136,0.011212127258833027,-0.0060511260513818055,0.014605910660347998,0.0022940646363651673,-0.003610718936020274,0.012183562953955951
2022-03-15,-0.021615422533758255,-0.012859149186305707,-0.05255592312748725,-0.010246267242672857,0.0017237338473954367,-0.027185707243657986,-0.004811667571219758,-0.05006823890099443,-0.030747756442994323,0.0054355839783317705,-0.04876632552837579,-0.013477982008138878
2022-03-16,0.01924620767240781,0.01695934157405099,0.023135451216984793,0.01665686314391479,0.01527207276399456,0.027238574082252942,0.019970514685573315,0.030121905044344865,0.01542896999218768,0.02071956798373842,0.025531954657947553,0.017251366781545263
2022-03-17,-0.0021674897586183572,0.02202812548708666,0.00715891642904154,0.014429523880200135,0.01709040675244511,-0.018418446745392836,0.009480760016007617,0.02590832648742003,0.03379715115319115,0.025853716115361802,0.030191660381347685,0.004608956433539868
2022-03-21,-0.02410363646737146,0.004357800173594217,0.022798293637073863,-0.024190750364526892,-0.01298424863503167,-0.0008358543997358803,-0.0016334275371329143,0.021900901594730904,-0.023571447144089208,-0.02230060879378737,-0.00038365707322252085,-0.012538192486390876
2022-03-22,0.007148386782982685,0.0051463808510019415,0.0059326251048958945,-0.028129853533675808,0.01048185309098737,0.01853700124433688,0.021472286550322295,0.01127967020968823,0.0173036067436374,-0.02501617113971788,-0.0007290885023228943,0.020473185541515893
2022-03-23,0.0036552879389095683,-0.009972191778904294,0.02527591822539388,-0.007499341797010173,0.00013921245002612714,-0.007947363495355741,0.00900914457495472,0.035895377616394164,-0.02107485505096618,-0.004879648710996887,0.022273430510425296,0.0030938852447270904
2022-03-24,0.009655211295877208,-0.024742256951727715,0.022187681715736263,-0.006393569741229843,-0.019629639557392276,0.007637236703356143,0.011309521894863561,0.02124133111301818,-0.031416919557386125,0.0036841961931077805,0.014688022316051041,0.010087800223647081
2022-03-25,-0.010695502507138244,-0.008144828820456418,0.0012058032462365365,-0.006561902931861874,-0.007029310087555918,-0.005379608299995953,-0.00588587887854064,0.015335871098694831,0.004725502965288619,-0.014183147905267202,-0.00858890421173819,-0.011307415057551506
2022-03-28,-0.013058049290806006,0.0013279787308171365,0.012044418160766401,0.011315958731800357,0.015874144248558375,-0.0014123023637188092,0.014604432237908194,-0.01859720024016398,0.0017127645554753101,-0.017548166313659186,0.0,6.773657350311879e-05
2022-03-29,0.0032217032498054188,0.013260652886291968,0.0017452600109513217,0.0060502709928791365,0.0069683642692957015,0.006457087612061763,-0.009531329306205594,0.02933811578717105,0.002782378382687467,0.0036683143592761702,-0.003211492437623531,-0.000633894315722805
2022-03-30,-0.002140638611464074,0.017323318765682272,-0.04989696022464696,0.01451909813340957,0.021809236866714654,0.009517468856829359,-0.021209696320135474,-0.02840853999196602,0.01913286330955133,0.022225618689272864,-0.01993038161513483,0.007070691865797674
2022-03-31,-0.001244464089377284,-0.004468601195415145,-0.05051678314794761,0.01624568791988601,-0.0008211053517421796,0.001523176755209965,0.00581861602279532,0.025007217424466432,-0.005246478243172037,0.004772395543746866,-0.0006497047600814154,0.0022511326901826223
2022-04-01,0.00506979747252867,0.024245846428019746,0.001755807731112613,0.014399847370735186,0.008147409673759931,-0.0017305160063995073,0.010572456884779147,-0.003753410993230011,0.013000031872454354,0.010163581991327941,0.007573477332120548,0.005026985536598749
2022-04-04,0.014876079788170848,0.10013280477272368,0.02979850648003768,0.024204111829934982,0.014057683935679854,-0.01082191955006162,0.008488029475439918,0.03127081094690132,0.033433728967990906,0.014976811681244095,0.018829187402463754,0.003086074565491259
2022-04-05,0.007076513373230009,-0.029303506998002105,-0.0011064152520021686,0.005332758965522544,-0.00642919291489219,-0.011604130069382101,0.01565859453647933,-0.002922828659154053,-0.018436306342669573,0.011394244142643561,0.002235531783897793,0.011789281451176858
2022-04-06,-0.020870771864837434,-0.035690947033402365,-0.009542471264380126,0.0010514552588862802,-0.0002695669743304485,-0.0173283386451214,0.000578131053263542,0.02802975478462133,-0.012651261714261008,0.01073897303187299,0.019220897915828816,-0.015583877364682586
2022-04-07,0.0023921078702517917,-0.021987942112275838,-0.011182798069271582,0.010620608340080606,0.009371717531668766,-0.009760304846879508,-0.011363483143755126,-0.020048123244107985,-0.007277648168998896,-0.001556071263789205,-0.015502502868954271,-0.01895954195367966
2022-04-08,-0.006775994903667315,-0.0013843723373591077,0.01217926140005332,0.008430370948180999,0.007681550862283171,0.0019877452535477236,0.0434443210933404,0.02345882895215068,0.010218074661468846,0.014536584729037516,0.0157466148102261,0.00040697600273498225
2022-04-11,-0.02733056071681772,-0.012214072616494542,-0.009282359209616398,-0.009161497195678603,0.007026311443000255,-0.026479593434876714,-0.0011202785692876471,0.014925343652284484,-0.0005883097068269949,-0.0014334318933061363,-0.009374541721428264,0.0029167048727050116
2022-04-12,-0.002073216874331152,-0.00177138080561845,-0.05899198473078626,-0.01423914920683822,0.005594934001514673,-0.013642522691673542,-0.010093470662200787,-0.022671632627861538,0.01031706618992545,-0.000463970735965491,-0.02772656846522481,-0.001433855871840528
2022-04-13,-0.005348700115896388,-0.019116109453935826,0.00811287449358944,0.009332833868713974,-0.0020944480240637775,0.0035009403006995843,0.01793801715046861,-0.010479061459149452,-0.012348245669580482,-0.0019221061475859225,-0.0005681298148723091,-0.007897382340034897
2022-04-18,-0.020753773037991197,-0.047441829664138346,-0.0025607572424880543,0.011848558286440936,-0.005838064936214193,-0.072717406156244,0.002040589810214266,0.0011765214922849765,-0.01640838572417258,0.009743069147686079,0.014854203656663012,-0.03656508190517127
2022-04-19,-0.028590661111062676,-0.0381598241615313,-0.008343050134084984,-0.02966502221213585,0.011216696320125896,-0.03663509531579112,-0.03165500237323682,0.0012658176958968426,-0.024508616749412515,-0.03302001537967514,-0.009334591392668012,-0.01591532366529136
2022-04-20,0.017892996572242748,0.009015105421300795,0.007766212700710096,0.024561654070414107,-0.01402848081803465,0.016453445107650788,-0.007646733492499669,0.005778817604821684,0.008082068300558243,0.01986783793493241,-0.009309634845428572,0.02445339987466122
2022-04-21,0.008995590305242773,0.014804739502646047,-0.008715584964132161,0.015242722652363705,0.008999979596604035,0.01958794637458383,0.003274884533685407,-0.029087029102553896,0.022976755169044738,-0.0006724225441339104,-0.009206767476685584,0.020200532183703546
2022-04-22,0.0025930189677689786,-0.013642920320889762,-0.048310848516978755,-0.032302723125560595,-0.019282305240026054,-0.020601673428162326,0.002688243550705849,-0.005363123565763961,-0.018797831165330736,-0.000835057276024509,-0.01889179162005683,-0.004436627508877522
2022-04-25,-0.011070472413576726,0.007487613569885587,-0.03627351489850561,-0.012318038976865786,0.0060856303934953004,-0.015358498476080396,-0.022405329390403295,-0.02166014531654148,0.0006367076356075252,-0.0007175788662756588,-0.04477320584135869,-0.0178130461832392
2022-04-26,0.004083196158354729,0.0046128568621919275,-0.00413727275406528,0.02265867120996501,0.0020606355865424586,0.012747535198661897,0.014495648966859731,-0.001995317810699726,0.008011228263134162,0.01326300474526465,0.010857490588112473,-0.0005354714816716566
2022-04-27,0.0011878317158213747,0.00036428513041397714,-0.0023305636503097027,-0.0015128937088826344,-0.02262021213774079,-0.017836815538877282,-0.0055996042165676885,0.027991827773574007,-0.0006888071561421683,-0.01046666382471384,0.010619376868667763,0.004201616216022774
2022-04-28,0.01382721313027413,-0.0008742464170715669,-0.007515682204690233,0.045102827054771755,0.014184898719925565,0.019191193856015643,0.013980720249447298,0.010095459777353932,0.013867423944623924,0.011233126748215971,0.011349874073385058,0.006486529609059932
2022-04-29,-0.012128313103118127,0.009661993513817801,-0.01217772842576792,-0.0031224310581454695,-0.005152890619460226,-0.009509685568095394,-0.00593647952095544,-0.00962782257922945,0.014215872676630159,-0.005285499632888269,0.008089830600995995,-0.010490032342062472
2022-05-02,-0.011443001114725737,0.013794566492427718,0.0036258316626121,-0.0019464229072349015,-0.0030943563676959496,-0.016937271139644383,0.013870082500629488,-0.013332041810128481,-0.009158255677535254,0.00601456415875834,0.019000085384446974,-0.001212621614645193
2022-05-04,-0.0205736122595489,-0.03398155705334105,-0.046965328037459786,-0.026429135764711842,-0.02260455404440942,-0.0035366352223595854,-0.012920332063091178,-0.023458847684395878,0.0007043996798825614,-0.01913168899926676,-0.026134991940671815,-0.017685608097516514
2022-05-05,0.025934316655636502,-0.002249340358156937,-0.00010823182999475378,-0.002279417086882063,0.006282339884909005,0.03230115641928344,0.008854792090866148,0.0055733823132320115,0.01239029480383369,-0.02675844549170303,0.01815521492364436,0.009670243977623727
2022-05-06,-0.0203817864153627,-0.026128085351410313,-0.0386698875301259,-0.008031190356574403,-0.013103797370434322,-0.026685303498617974,0.0175537240606769,-0.0371716518837768,-0.012405469107093392,-0.03455512139357164,-0.0004284064165520629,-0.022997610578955663
2022-05-09,0.024662137854648103,0.001707659985749732,0.0007887499696566103,-0.015145263644943618,-0.01237400812674705,0.017824232004453933,-0.013875852226916674,-0.013497368049088077,-0.004393650596469678,-0.028896033253309916,-0.024499386320124827,0.003641443376487974
2022-05-10,-0.003298827265759696,0.016062498772530187,-0.04751186930463247,0.03011857922753336,0.0013373547869914848,-0.011048492327440651,-0.012169577918822783,-0.06579480165382667,0.01677511458255343,0.0009846526419023949,-0.06975447958260617,-0.0018431858827162584
2022-05-11,-0.010862069816127029,0.005629918679271428,-0.0010638323146656692,-0.007750760736607631,0.0040771201113039,-0.01690279929437344,-0.015784422774636764,0.022291608151940645,0.0071223403285285425,-0.0004963402308862941,0.0006867569682504904,-0.007778990939638519
2022-05-12,-0.0014137841393223605,-0.022541467754058186,-0.039521887157978663,-0.01141672656330217,-0.025763133314620768,-0.011756964543494508,-0.010756830543798168,-0.028547315672202256,-0.027100141442811476,-0.017707951164793956,-0.04117699068387115,-0.000981788989935506
2022-05-13,-0.006843574953931508,-0.008978895468138237,-0.04398181679740898,0.02585559108248825,-0.02651622640553941,-0.0029162585514924677,0.02253854777578579,-0.016373885898544827,0.010591211686904689,0.011279349050902887,-0.01852014287248771,0.001833554933900805
2022-05-16,-0.007223262445626877,0.01064762648869677,0.007603227680877067,0.010551037074890024,0.008341300519796313,-0.01017023209753709,-0.017401365830472693,0.019292213060926988,0.018712607702811024,-0.011223631038173143,0.005925224824293807,-0.01115699772993195
2022-05-17,0.0367143077818084,0.006819525084478695,0.09579209505515007,0.0125154628212929,0.03953151707698965,0.019709887333849707,0.04171578611268911,0.04650661498856801,0.015141916447561021,0.006446134845008,0.07720891445468925,0.022151116738072796
2022-05-18,-0.0084957936700083,-7.60701687454457e-05,0.017973891545266518,0.02066809424140348,-0.0037324014559521057,-0.0060917788612183665,0.007933511921042857,-0.003100430616072569,0.003531929504880793,0.0012375920752394354,-0.007108538515692264,-0.0008113977462518296
2022-05-19,-0.05988623487453193,-0.02043537265488382,-0.043797294611402804,-0.011717522779499001,-0.024104029151276185,-0.054366273273972476,0.03317087964250942,-0.04468180303057656,-0.03432964704089181,-0.015256816180750032,-0.049226894491512185,-0.05417811231285974
2022-05-20,0.019268888008045826,0.026339100831644924,0.029016788828283957,0.02711325055457814,0.02788638932438836,0.019619217074051676,0.015780939111740055,0.03917534810828838,0.025653327773218715,0.047703377953653314,0.04317595998934598,0.009519010730429267
2022-05-23,-0.010254150111354665,-0.012831530170271832,-0.03717073231424095,0.023152039028759175,0.0021139982349502873,0.009105724789228775,-0.019643003301050954,-0.17387211122750412,0.013749570584949744,0.00784612261087414,-0.12613186337961002,0.008730382421688665
2022-05-24,-0.026073036873175526,0.011464664180679707,-0.02989232557064736,-0.029477514511773384,-0.004078376542786533,-0.018659788258168497,-0.013296760335366309,-0.003918709132946119,0.015261824781925615,0.011344964387303591,-0.016227578095341366,-0.010160156483928984
2022-05-25,-0.017443902011491597,0.007468157688697907,-0.009855251387030917,-0.004740735733331003,0.007343026830098909,-0.021200567474829457,0.006830238983885462,-0.032233497167068914,0.013252955299290825,0.005623410368822412,-0.0072042978057805795,-0.03011328885989395
2022-05-26,0.006414016713166104,0.028521892730603016,0.027718230527508325,-0.008047962982948742,0.02123782837789001,0.009571406273364058,0.0018434674049183641,0.03396285612264793,0.0005766131117099782,0.021335001034841206,0.052947638176924716,0.018720487396611585
2022-05-27,0.023656614207522297,0.018548373474172042,0.003187462365690674,0.022103139790361936,0.015511269094020008,0.026264890558738374,0.009373743242335753,0.00558018204323707,0.019673707263786255,-0.0006487368700947016,-0.008079787832749319,0.010644836275022884
2022-05-30,0.03586009912400301,0.00682457700634953,0.018575146326645697,0.007873513030969281,0.011759989991063646,0.044787482756454944,-0.0005571574388635314,-0.02396268825347836,-0.02209443430330249,0.003732856540041851,0.0037854203541127784,0.03493984705626274
2022-05-31,0.0008172707783089539,-0.008990181421866472,0.013917105795414386,0.0018307975478732974,0.005811481922005646,-0.004765634351540982,0.005946726776961064,-0.023517284248259718,-0.029608062645086308,-0.0008696426351305631,0.007828463012423903,-0.003229202286931132
2022-06-01,-0.021955215344063195,0.004247870790497821,-0.028162307275587883,-0.019037626628075288,-0.0002655268208415773,-0.01666012354640045,0.004433911770285626,-0.004366827216271907,0.009881711358333378,-0.02543315877712382,0.007483539841786069,-0.002719919073301713
2022-06-02,0.02141649427571468,-0.006990029495552719,-0.0018264025834243691,-0.01024513773003477,-0.003853126089935599,0.019918246640985737,0.0060695837900455185,0.0031899155950023683,-0.00399439626726561,0.008830426242146805,0.016924477538708294,0.02020762544905197
2022-06-03,0.003174235013229776,-0.0034654013922048588,-0.0076848193577491175,0.003129433981085228,-0.007269026402809242,0.00908471425778612,-0.0029252478737754606,-0.03683106114194745,0.0005383495308115549,-0.012809342633939624,-0.013175461822418244,0.005010085231327288
2022-06-06,-0.005464972126207002,-0.0013403446022756116,0.005900495784637805,-0.004995542918681317,0.0032916530384492493,0.0054874383483320965,0.007700817524765924,0.018156786343879627,0.005729884388815165,-0.010139088809205998,0.010118909162262435,-0.002674348523225678
2022-06-07,-0.013882243171563724,-0.011498447815830537,-0.012098280539582729,-0.030212653382258314,-0.015399966363182527,-0.01526097601300136,-0.0032750824496967645,-0.01310455357308249,-0.005964737068271608,-0.0147085168547203,-0.008904669884223004,-0.019892247607612545
2022-06-08,0.007136399264247251,0.0035228102944036,-0.0017317768345770368,-0.00657896685055448,-0.007820588502601034,-0.004446746519909395,-0.021905778932911013,0.022176621791548,-0.006807753213135426,-0.00138227521605494,0.017080204792416342,0.012326356635767866
2022-06-09,-0.001504539093567403,0.007532490760061794,-0.00929359798143059,0.0002957644515453328,0.004455140968916416,0.009999881591326476,0.011011607853172567,-0.010178109261223311,0.010674559781874926,0.0026547434378463297,-0.038555405448413294,0.0067416636561721255
2022-06-10,-0.012929629910331641,-0.019307647808454287,-0.03502195790681051,0.0010010463425571547,-0.017400101962577796,-0.02521442479285363,-0.0025844940449868403,-0.005412084523679361,-0.03935244086833323,0.0004026495629112503,-0.02024216327682271,-0.01960839278232762
2022-06-13,-0.023193890378326976,-0.018133318912601726,-0.050032365584315786,-0.0013636601799080772,-0.04444456290789234,-0.03541434253219833,-0.02035906275097088,-0.04652420897704068,-0.03038840420855482,0.004742158479510428,-0.03101490548546393,-0.04175723005746612
2022-06-14,0.005142221876342168,-0.011005539391718666,-0.022240541160362892,-0.011789293286916469,-0.003633629607382116,0.0112671293530342,0.003022797819790979,-0.006277517725984394,0.0013525904699140945,0.0010086673945834956,0.004234079252050327,-0.0028108400994877325
2022-06-15,-0.007021741027439132,-0.0034680158443947118,-0.0022327029940553134,-0.0025325493467324156,0.0025528442523599093,-0.012738269272568159,-0.007722664549278058,0.0008611949985071199,-0.0017532458729264677,-0.004098593941715745,0.015235659544770686,-0.0013237365550036184
2022-06-16,-0.025204672098075864,-0.020000737347218744,-0.05986014226822378,6.974088267996947e-05,-0.012731810721286818,-0.017578475539969163,-0.010250690087503789,-0.06283156870275841,-0.035038580773583794,0.0042673484263076045,-0.06028863770289816,-0.020054395188055074
2022-06-17,-0.0064251044967834625,0.006594946197768348,-0.007140717385092699,-0.016886459115822317,0.012306382871386079,-0.0070854375258153635,0.009973168133212251,0.007806478443083353,-0.0013127997380432133,-0.013725408862027999,0.005544947117684718,-0.01690015641263576
2022-06-20,0.0013558660985641957,0.025121060017207375,-0.036559858268494616,0.04048895010102682,-0.0013101906024101106,0.01935402398717634,0.0030383649929863754,-0.048298867487575836,0.0033461146873807746,0.019510386668328605,-0.04996132629711114,0.007608013971454497
2022-06-21,0.02765477190010679,0.010891378165838628,0.055210041759261586,0.00414433780409218,0.014796911334752805,0.025280300184475468,0.0219614874868006,0.04340880240428113,0.0013695151901633729,0.00027701494682808026,0.027165133638719974,0.031984890268282884
2022-06-22,-0.025643603708795815,-0.004713746683118525,-0.0672070749882735,-0.0009751038785934529,-0.013647500700082693,-0.008724703598303352,-0.017043446115187155,-0.059498245603428535,-0.0070173632995369495,-0.011586871032111312,-0.05278037868145358,0.0034249886861852374
2022-06-23,0.01035071523867237,0.003683621624642086,0.0036341178955123787,0.0225843713453171,0.01827850743347037,0.010575592413112789,0.0007538649560170363,0.007806146344628617,0.008624221767746798,0.011991071952565546,0.0038181778749997175,0.026636986745651958
2022-06-24,-0.004684855516086328,0.013968430469279092,0.014798379166280684,0.02277367459819124,0.02045340433036147,-0.007814482356434227,0.001318354546131939,0.02501203924954809,0.008491188708218633,0.015041540194332237,0.013728761713263538,-0.004744769836513951
2022-06-27,0.02653370583967929,0.0018096778128853241,0.023735706036720927,0.00727029763767173,0.005466314622164514,0.02324639228122405,0.015422156496136763,0.015428182227876786,-0.00403324451021847,0.0073468820867446105,0.017588144201547085,0.006558932139115514
2022-06-28,0.00967385144431998,-0.00763136166597389,0.041218249934777296,-0.0012926373382412537,-0.009827730738264373,0.0037636429318821385,0.007038453374968112,0.03271319906341663,-0.01344912763602113,0.002629861485862861,0.0127326554600522,0.0010408980211411567
2022-06-29,-0.014371958267509477,-0.0014488699605987865,0.0017464444247194955,-0.03632998910054386,-0.010629343298263372,-0.011417861080084246,0.008092646078281751,0.022969586553932553,-0.015789851398919086,0.005467305142996537,0.003071977265796111,-0.008333083838984345
2022-06-30,-0.014480146639677671,0.0030136012719248484,-0.015981422230868958,-0.001276019906143122,0.00633226979231627,-0.0009225074436474134,-0.0020068217897495355,-0.033607239318976245,0.0113549339032184,-0.0016601285810201594,-0.016504083130074787,-0.007111202310499998
2022-07-01,0.0021576527660782663,0.0042655925616648105,0.007382405194975794,0.023200032409824045,-0.00466626830571204,0.011970627382664079,0.03967078517264211,0.011237585322259491,0.004003401351449831,0.018606122346586762,0.006689403232495339,0.014691909713526297
2022-07-04,0.009483677536735069,0.001403456299268191,-0.0019052837309647686,0.04068173533292163,0.023014600415377062,0.0058132375007891035,0.026551722371402242,-0.0019523473289894122,0.0018887574394848006,0.011211017462885886,-0.02096588460806026,-0.024147119529678296
2022-07-05,-0.0024882680579471073,-0.002249793725242588,0.013950053918687644,0.01107267767586162,-0.0009025370912686403,-0.008098186315525502,-0.017129001176693914,-0.00511577020499232,-0.00469805184419414,-0.000530726022327066,0.006553090543292006,-0.0057960389557799585
2022-07-06,0.00453085731998204,0.013788222963591057,-0.012454811942545718,0.04034982681343102,0.009034573497674891,0.01063734160724672,0.008365235807303861,0.00952811249012564,0.024924095290454584,0.022443733687206757,-0.0023251388849048205,0.013820503588667377
2022-07-07,0.003294160015297587,0.017903395538873434,0.060712765898653265,-0.010186379586331507,0.022109096191526456,0.0047261463699068695,0.009159980003105694,0.04988777085880303,0.019947238285155322,-0.00999002399946225,0.048767762032964734,0.008310784886815803
2022-07-08,-0.006364691188527782,0.0009313211537584909,-0.011336944573036911,0.009664639457463764,0.0184634943398998,0.010509267726140692,0.003767621359073825,-0.01997721683733178,0.0035950666981334756,0.011766205702719246,-0.015666703981832897,-0.006812954899110157
2022-07-11,-0.04066888909500144,0.006477772639859047,-0.0037756166799588486,-0.00250319490412787,0.018261161418858585,-0.02727062804530833,0.0066543671981114105,0.0219860174572708,-0.0020061484433981924,0.003813858596606323,0.030308167369717642,-0.04644070490948171
2022-07-12,-0.016692291667694814,-0.010205211091392385,-0.026109103951323598,-0.01648211811545175,-0.0124756439526722,-0.023453260172414225,-0.007796532509083742,-0.006838756136719137,-0.01280675821940258,-0.019700514962125548,-0.011668027891533539,-0.009345551105724437
2022-07-13,-0.010831820517381185,-0.0243928536046909,0.005765505104091684,0.01967697141540814,-0.008816887194419643,0.0040664964818355465,0.004612069781210648,0.019509500476873276,0.013438329638576718,0.006868998982290098,0.003048496411222068,-0.014895934518122322
2022-07-14,-0.016072213529266466,-0.005007872356286747,0.000573191454046551,2.0168888450022848e-05,-0.0010621148382221612,-0.01079991690723514,-0.010882523109215447,0.016322029464851395,0.016073096725880864,0.0062275525294650524,0.0034812501050964784,-0.010558473745496455
2022-07-15,-0.021982260834535028,0.008141911243694011,0.004153527309142868,0.028304904610878756,-0.0015948661883768978,0.0010497169568699505,0.009283060251470854,-0.04333381900715272,0.009971555697837253,0.022229093750356643,-0.026652035150059872,-0.001384089954954426
2022-07-18,0.01941919680525639,-0.010645896898560214,0.047211565036307634,-0.0058399190475040275,0.02768892553543645,0.04163317717446513,0.005961593881840033,0.017366089340300928,0.03241587389893685,-0.00778304357464954,0.023195364463354906,0.023008028904018207
2022-07-19,-0.0006739472297752069,0.00037125779391922187,0.002315374643700574,0.0056587354879544804,0.011204686581671952,-0.0038592875910262725,-0.002370444660412474,0.003271661403075443,-0.005797460541844823,-0.013299174545988057,0.016753268817368605,0.0035092638969116408
2022-07-20,0.031134226884272476,0.012610646740608411,0.0038047789416435496,0.014233226555988798,0.00313838136351019,0.020988417444875118,0.012220042691614363,0.010633777928159338,-0.003923900992234275,0.013026712505786353,0.009788437785795745,0.02945433288778676
2022-07-21,0.007684575058855891,-0.003150082048583913,0.017869386822228606,0.0011324176948290798,0.003703301659350622,0.011615019936440207,0.004527005046985888,0.014730698661291397,-0.014881565353351611,0.011970186368630342,0.00630079176241094,0.003949719304332744
2022-07-22,-0.00454335747929091,0.02333275661744194,0.014097586712483734,0.012713786145237549,0.017875250535533738,-0.017352797168483924,0.003338467281675861,-0.004009381380332133,0.014745475118414175,0.007908633047733593,0.0018730851450035058,-0.0019827679780229923
2022-07-25,0.011301439213435405,0.002944239362169254,0.015212994526524692,-0.0064377737270781,0.0010624430890235903,-0.001792462883842827,0.0018299965898862514,0.027623451603898674,-0.01726779303627013,-0.012186067165760206,0.026334079186753234,-0.0013403234339337544
2022-07-26,-0.018428023496252832,-0.0020405940801790923,-0.013305608616072329,-0.029158632673302876,-0.00574354818143763,-0.03488289992283389,0.004483403927553642,-0.02282852837312399,-0.01890784847280136,-0.013223835071318524,-0.011658218942478316,-0.016057761973653828
2022-07-27,0.01636555922642713,0.007641276563445043,0.017674659720470665,0.013682276391831394,0.005274492320928248,0.013713208005537325,0.0056208637328529765,0.013547197782411313,-0.0042575092371223144,0.0017504096356601995,0.010426534126541487,0.023412247750502324
2022-07-28,0.019010187080253704,0.008864906637489067,0.00964886125353015,0.01477568000411944,0.017613874092559767,0.031508105195442004,-0.0023014114637750493,0.028914350820560708,0.042414878629536634,0.030768176767116184,0.045966279958827405,0.02246897140418258
2022-07-29,0.0024311192108268376,0.012245394201027882,0.05772165976422783,0.00660281232510429,0.004910447592874956,0.021286234896113365,-0.0013182951440227075,0.03141548009068962,-0.009926103043655377,0.012907793461479855,0.07224710582932081,0.012697374836202702
2022-08-01,0.003954128286487446,0.008332326533023737,0.021563726559526097,-0.01683472709523348,0.0058636358954595735,0.0008713927306085445,0.01468393924561684,0.004755379835478246,0.025077962039341317,-0.0053669077739649795,0.006040929452550303,-0.0009386400156434771
2022-08-02,-0.00115540708975026,-0.010994719163065603,-0.01320761886223698,0.016293792389867612,-0.006861691969918371,-0.004803321803822591,0.00796759763310284,-0.01765163980141693,0.015546337665968801,0.010573695640385017,-0.011547368149932846,-0.002122217060417042
2022-08-03,0.006466554719004813,0.002342197658813383,-0.009918669968686622,-0.003377220880178222,0.00862112081110844,0.014576273668563955,-0.005807340964510188,-0.01653649553708747,-0.01777559196849443,-0.004774133312112405,0.00046726303234567723,0.014490775030717717
2022-08-04,0.0009402662688295926,-0.0011858375147776323,0.017984232723126548,0.0006093526485830836,-0.005516470722051747,0.02158229186347138,0.004381064101105059,0.013636963159871396,-0.008400501104584457,0.024997569701677547,0.006071966540569518,0.004626256403518214
2022-08-05,-0.0003652670636736799,-0.003386953677320337,-0.025847729860804747,0.006640003754875723,0.021883590827879162,0.010469310344914495,0.004361721673765917,0.026123368156692806,-0.0008989298779628063,0.0036019792743322565,-0.003249811338967179,0.003010577995925079
2022-08-08,0.008666097197415734,0.02452604345461662,0.025803329074149728,0.0018711398905291166,0.004500746733907102,0.0017010743452221533,0.00739899409781386,-0.0016547941664515342,0.005779990092352305,-0.013480384655017441,-0.001397295415893396,0.002793570847658522
2022-08-10,-0.01449196233090777,0.002906905620873479,0.04437587795336828,-0.002848595028528522,0.01409870385547718,-0.0104667160440568,-0.006226959308714974,0.011347699126905031,-0.008755707604268803,0.005930317029701593,0.018656725578711786,-0.005986359920976736
2022-08-11,0.010818569712489623,0.013230495037547918,-0.005961939181212905,-0.011011105924217501,0.01290136448449375,0.01092077413239756,-0.01590604015985908,0.0032777998649231588,0.014365889286701128,-0.004547329943231815,-0.0009158492686838215,0.020347349353876165
2022-08-12,-0.0061826255021357746,-0.0003701191339638976,0.006343708408649507,-0.007173757515550716,0.017099052013778593,-0.01595725726947117,0.007510128896573098,0.01621011701598185,-0.00663616588606275,-0.00692848368737653,0.03253906066836576,-0.006121270590144112
2022-08-16,0.0018821054953686023,0.011446595564954531,-0.01684817736842803,0.019094792592202037,0.005546686573117299,0.0014741069451758015,0.00648194323307516,0.013849438137203407,0.0027971258301784374,0.007148292057786998,0.0031070101277170803,-0.002601628228278474
2022-08-17,0.02337719963780005,0.0051592923163810145,0.023432122882855566,0.015182385306542923,0.0045492826265307595,0.006138578028135111,0.006440198233714334,0.0004878203844742579,-0.003601715938115313,0.0026595669157079005,-0.004424817085264432,0.0024758715053256886
2022-08-18,-0.007240600812057796,0.0011920298910590432,-0.002050433198499957,-0.0009684168618669942,0.0020945288382943072,-0.014505838716733055,0.009918229214136876,0.01804213478027994,0.03522311846452619,-0.009001639242224302,0.000444492175365907,-0.005836449908213526
2022-08-19,-0.003543788873404563,-0.012336988544662475,-0.024426433197716202,-0.017710297253882956,-0.01660828381844537,0.008939073839119738,-0.011563334891398491,-0.0325708259749834,-0.014439452282725918,-0.005969541807285039,-0.022212396099531073,0.0013310440299125759
2022-08-22,-0.010927452538166516,-0.015203830561589804,-0.02070896644571718,-0.002979816846531369,-0.020852458356702575,-0.013430509269665714,0.007692206598662432,-0.051491616021642206,-0.023947780838105892,0.0005813481658030195,-0.045433915246075984,-0.00921512012594583
2022-08-23,-0.013080356370229085,-0.003094440256485975,0.022461202333373675,-0.012924900927876237,0.01366975587703445,-0.0211024627979971,0.004771259050216692,0.01996612536837561,0.012936320094638853,0.008916619032782513,0.024274178975985272,-0.020852272049534326
2022-08-24,0.0023762353476539655,0.004809630684436517,0.00222010847964782,-0.0017354694991836839,0.010880828903005346,-0.0031769325576396223,-0.005698072196834825,0.017528147420298845,0.006385554470704546,0.002313340628921745,-0.009758265747543238,-0.008905288021319402
2022-08-25,-0.005636667314018684,-0.005431678862279132,0.009094130975107584,-0.005428556809323304,-0.0010878446945387088,-0.01258536386427822,-0.005571440840514197,0.013328266962634672,0.0006158018996267334,-0.007340658622500329,-0.0028156500649552108,-0.011412118011874473
2022-08-26,0.001960161615014666,0.0001706777969487927,0.016868736552644537,-0.0010293364935698435,-0.0017195465037560531,0.0022397081554801357,0.0017606898864315212,0.041444367970227214,0.01781941751866789,7.42278594916268e-05,0.010352891599121339,0.001243019434273851
2022-08-29,-0.029767805334111608,-0.017541401999611073,-0.02238368256979273,0.0016526341874130157,-0.017224509794697362,-0.039302033341027,0.002077387990370827,-0.008578613534633961,-0.02736521023161076,0.0060553338353479536,-0.023288359084235988,-0.027822635146550923
2022-08-30,0.023378730846735918,0.032443964022904836,0.020455524966547678,0.03263078687461585,0.03674709286243538,0.021344194349496526,0.022165406475144422,0.04158165349987786,0.03537837841639102,0.014226537689737029,0.0329042333973153,0.025091393774283377
2022-09-01,-0.013738801965411995,-0.009386887464045812,-0.03883824943194536,-0.020245689259612898,-0.014594920946645384,-0.019257195548043726,-0.00904823916996722,-0.017422545305081028,-0.006578074178130278,-0.009680896910844394,-0.01754384499356232,-0.024741871292730977
2022-09-02,-0.0017277872765603108,0.009068275082126043,-0.016708201102881293,-0.0009209175734927744,-0.0022300899110732075,-0.0076492151552550736,0.017474630404466174,-0.01784874308906037,0.008408351064723929,-0.008673240166867657,-0.008458627219251391,-0.00041512216334271823
2022-09-05,0.01249393118383213,0.006428900061037357,0.03470718845094356,-0.0011521581871700715,0.011519935142337179,0.005712350001615851,0.017639097275710336,0.01781453636157959,0.009927798265875865,-0.015443407431929956,0.013270007545552964,0.0009583252429443689
2022-09-06,0.0019230512641981168,-0.003812608623201652,0.003843506328570667,-0.010574298224566347,0.0013597932008639901,-0.004242824591550565,-0.0051696213297492966,0.025960276527718484,-0.011455554931606104,-0.0113085564431874,0.01590280637804864,-0.002026358118619509
2022-09-07,-0.006504577107632192,-0.004733579645045394,0.004408864145749147,-0.0033036803398625025,-0.008430877576842688,0.0017524278398466375,-0.0032094741495614088,-0.009274042912053693,-0.003889027686352131,0.00721568385720972,-0.009208107454350967,0.007211198222557336
2022-09-08,-0.0006976172805401859,0.010321812015120724,-0.02841639758397496,0.004893677363985605,0.02579314756821005,0.012520156989357822,0.011652832955692638,-0.00728076879071371,0.011424125147793562,-0.0028963815365711243,-0.016263929118904952,0.006365761146499116
2022-09-09,0.018742331699802328,0.0006677813861275528,0.012959262148161343,0.004481616485351836,0.0027258552074092,0.024222418598774054,0.0018186817571861358,0.003376001836004283,-0.0019171301746851999,-0.0037911791879845502,-0.0014170964394810692,0.015143675557443004
2022-09-12,0.007432756383275896,-0.0033698593287723178,0.012089262075948737,-0.003206232266314557,0.006601967890271121,0.016240636359072358,0.0012103985445615084,0.024364800512259865,-0.0012198649924967109,-0.004359104894899768,0.0193944944419977,0.007863085466683462
2022-09-13,-0.00015705465640769578,0.013089575959772226,0.012756497540719947,0.0024028236120969826,0.0030864278391420363,0.005695871353837312,0.01057736821469879,0.01393136552634977,-0.00031184205899770223,0.0050320218966419805,0.0,-0.004193724681047173
2022-09-14,-0.02449232560506942,0.01027694121584255,0.012252446334300782,-0.005876556179057912,0.00890101659626552,-0.0450175689640081,0.0028407657795015417,0.0213359531604711,0.016273286231554884,0.002365612348495194,0.01299306090767316,-0.03373761673124698
2022-09-15,-0.012982838344951397,-0.005200712967511567,-0.039819067667343444,-0.004277851833898838,-0.0005445290263332847,-0.028873576745224394,-0.0037274420735787794,-0.02362452850950747,-0.010513235212936789,-0.005220038624948686,-0.01969766897755787,-0.005143527292717942
2022-09-16,-0.02500262042224366,-0.01837973582054464,-0.028039506200359332,-0.012595690544428884,-0.009263331989843415,-0.038909850288432746,-0.008380631338884559,-0.023636241494378374,-0.0019904595949284953,-0.03181651054397838,-0.012149530627020289,-0.030811680684876275
2022-09-19,0.0010033261920177061,0.0065985595031552435,-0.0008485622648404245,0.020212421212539855,-0.010889897912238045,0.009622065723341455,0.012979004452633669,-0.009522708842870653,-0.0004143795245450388,0.01961784737293626,-0.024597992178491013,0.006680794128240297
2022-09-20,0.018044101015694647,0.012045831073366431,0.022564665329821265,0.0016672321429469505,0.01951731999384565,-0.0012587400946562077,0.001192004460210283,0.021180008394567906,0.005312221941853101,-0.007918926654411185,0.026188188802573897,0.0037967035381707426
2022-09-21,-0.014277881333245479,-0.0015453315322538907,-0.02396484432542567,0.015502065997332393,-0.0016361291371941311,-0.008138050232432636,0.014731913851381728,-0.01504272445638244,-0.010954940237280275,0.001786120771678501,-0.01275989595066751,-0.0128605574564562
2022-09-22,-0.0036625838438668623,-0.02130604920366519,0.0018232150195394148,0.02635661201159256,-0.012947292709886926,-0.006752630313494157,0.01202553705759657,0.004859446203367757,-0.013422119515741016,-0.0006221477515768736,-0.008137794143446508,0.00206591481806373
2022-09-23,-0.0020054419433807036,-0.02681690953587812,-0.038218893279128086,-0.0039734939677705805,-0.023411497665247527,-0.001827579932031309,0.00391223525489881,-0.019458948216919625,-0.015876220949964548,-0.0076400605059914195,0.0067567674848258985,-0.00842927330124299
2022-09-26,0.012111347261995364,-0.013484137534203078,-0.05790335945951419,-0.008016353954601985,-0.024029592290022217,0.010839023361552735,-0.039838152055993836,-0.06693274464981203,-0.018092084585631052,-0.0023032012883916764,-0.04266547248795671,0.004141567639762922
2022-09-27,0.013290009266140546,-0.00897205076551133,0.0005356318080118605,0.007028695120711026,-0.009871635111463495,0.009636022629664787,0.0067647183504961905,0.0032721053368180986,-0.016238453869831804,0.01188671787283968,-0.022033027424999574,0.007697458439705818
2022-09-28,0.0022313239672351326,-0.017187123043662544,-0.034395107977357786,0.008528621805110603,-0.003577434963797921,0.0008249725685034459,-0.029565450903095147,0.012920193736588592,-0.0037236287269781787,0.009013145380721399,-0.02508960482912226,0.006031760379334061
2022-09-29,0.002443437912900359,-0.005181546752091926,0.02896747321697224,-0.0005737226933945072,-0.006592056385410827,0.0028322514493617224,0.024926929341010373,0.035789444835032436,-0.015229214778086253,0.007335255105670013,0.01733189334291252,-0.012633219409469931
2022-09-30,0.010075324001141084,0.028212951552117893,0.05212815089997935,-0.0015183051445255558,0.021447968563089503,0.0105818314089543,-0.002552268422652104,0.024868553892903877,0.030533053906243834,0.008727834710677396,0.02529693576472547,0.0024189702629944243
2022-10-03,-0.002252280735441703,-0.00573415107665709,-0.024580608070986387,-0.027424786911819043,-0.015835371346496374,-0.013937699501827883,-0.02347982177947039,-0.02099860390835384,-0.019404152281449538,-0.007949909591202009,-0.00956708463700584,-0.006523685186347827
2022-10-04,0.01693083716679622,0.0281630899638754,0.034387618931231545,0.017330901718217717,0.022750139804690095,0.025578592713999537,0.026048234893139233,0.04742613135738849,0.021497844467007754,0.013650096821815172,0.02846979969602126,0.035578393979532
2022-10-06,0.019608838063725598,-0.011011592142094906,0.04720210922263668,-0.020221692871104313,0.020515222671516176,0.0180143518757776,0.011416627926854828,0.03071669395149601,-0.001838449909883355,0.002508765767874177,0.023727165848180576,0.003494076958808323
2022-10-07,-0.007101697347619451,-0.004314596378945157,-0.003756132740571183,-0.005470547120276392,-0.0032752624759054827,-0.002714316228844438,-0.007574711828247427,-0.014790319389366702,0.003573606206906721,0.0010803459055126474,-0.002414234164511031,-0.011944097775364426
2022-10-10,0.00579513595563208,-0.011042813053319778,-0.008756981445037004,0.0022696164955431364,-0.0009063552661764396,0.007890011048518941,-0.018707047057429094,0.0004481475328952378,-0.009395148287032473,-0.010452345661609574,-0.0009681581078623269,0.017504552986675748
2022-10-11,-0.025590400045428785,-0.0101412943065875,-0.028098257530475568,-0.021089275027518672,-0.01264536900396751,-0.02656148418283999,-0.0047277941835207615,-0.04020162355411183,-0.011254071684673406,-0.034996534052625705,-0.027616217444818125,-0.015712327166103268
2022-10-12,0.014276746506800553,0.006532718200884302,0.010478477896129545,0.01595684517158724,-0.0025844684895500736,0.003441471221386827,0.011645801410260725,0.009333826508813203,0.012472803649950182,0.01492963782143697,0.0019929925212580635,0.010164298588464238
2022-10-13,0.03161739448818901,-0.011491087171133674,0.003373299295262644,-0.00962839914787006,-0.016986271808440145,-0.006159294409074034,-0.0043926569385488445,0.005317345954509278,-0.004806056132970138,0.0020425574292473048,-0.004475375252534275,0.0008224665305107681
2022-10-14,0.020822712726144443,0.032577521674793886,-0.010957499795985481,0.0036627004865354973,0.019505692726354384,0.03827723719165954,0.010497549871269163,0.002299667596457944,0.018040440056984908,0.008759088705440066,0.0,-0.0013373723786072045
2022-10-17,-0.007929772448162287,0.005246781463940309,-0.022283713316482934,0.005726386744929979,0.017179030721288013,0.01064942508803024,0.00045152305908446877,0.008948013074377092,0.01316800821201003,-0.00041482322228858504,-0.0054945203922847075,0.006664109605692969
2022-10-18,0.014679384970225584,-0.001866569319075806,0.013262926205873882,0.004516473596116066,0.013217307670159162,0.009228547638700402,0.02422877611283658,-0.0042069867097719316,0.0008340859958642088,0.024719651524740316,0.011049753882607316,0.010588987798199279
2022-10-19,-0.0035528235963733223,0.010250363649605632,-0.008006197795574765,-0.007397415260423368,-0.005351890738721998,-0.012136734408445649,0.017778450938377377,0.004224760219868839,0.005189063929870175,0.018117101462949314,-0.005961238223506582,-0.007266178323629968
2022-10-20,0.021845024942688918,-0.006752731799208989,0.012554555775519116,0.006929978992813224,-0.0038671961187536352,0.01040101010018657,0.009672379669797948,0.007845357800417174,-0.0031027370734298954,0.016312747891105595,0.008495677765982368,0.011355438684709895
2022-10-21,0.009632337844194483,-0.007040377279890375,-0.003669059423092702,0.020377485833922737,0.020818152506681287,-0.0002664390519323545,-0.011724227378568708,-0.011845687727747634,0.020981453351254453,0.011656812714542664,-0.006937573656342844,-0.006302973726115324
2022-10-24,0.004283541575712757,0.015605404573704407,0.00457138295774584,-0.03044557463494013,0.02111010377993261,0.011562698599091537,0.006076268914447569,0.0009133839168631308,-0.0036002003060902066,0.028583539293400184,0.009980127244406223,0.00774519081992997
2022-10-25,-0.004943795877679125,-0.006946968246027696,0.0072051972647266815,-0.026310863039056942,-0.0013495752318811727,0.005566956261034983,-0.004026621945042996,0.02942852354617065,-0.0259520639911075,-0.0283903302245595,0.0,0.00012674621680575093
2022-10-27,0.005406647990627844,0.002412288332452439,0.03514056766031093,0.005428246158157846,-0.0007025760490736443,0.009372149470933788,-0.0014437078072498943,0.040332436607397826,0.009964215654948427,-0.0073537627485513735,0.02964420051397032,-0.0014863317750790639
2022-10-28,-0.0019862945940739563,0.002956384497964093,-0.01806492049439834,0.0020840959572745454,-0.0179035549793507,-0.007021118641699298,0.0,-0.0331239061117754,0.01032171633474599,0.0074108280933953274,-0.024952012173622973,0.0018527048880849772
2022-10-31,0.010825241943607455,0.026050578668406654,0.0017285356076568448,0.010478430536664307,0.000936350617732451,0.016124162002094877,0.008386443767359308,0.013108663435865253,0.009393653145187919,0.009966454266513658,-0.0004920978985825109,0.009452212332490051
2022-11-01,0.01815298951348443,0.01105781919088833,0.0215702938234672,0.0071437697533820455,-0.00011012872464810641,0.022989596218317532,0.0022941365475932507,0.011199280456858585,0.0038119642355043393,0.011125290692969303,-0.003446543227694443,0.02084148693874255
2022-11-02,-0.014008855366987594,0.0006276805618947723,0.01665057625114752,-0.013127857112243402,-0.004292326768915444,-0.012523906090631365,0.014735375975768461,0.010860150003781044,0.00039274410280576433,-0.009839685683504795,0.0004940429184241424,-0.005521861606224809
2022-11-03,-4.765131871220518e-05,-0.0043915941889850485,-0.025990937308827178,0.011138295422792766,0.00436613808746511,-0.014517430814056653,-0.0026786640634579584,-0.00255289441597506,-0.005130995530773674,0.0017706167433597653,0.007407390559642568,-0.010781425094514407
2022-11-04,0.00019120920157100763,-0.006898701692091502,0.04922626734635327,-0.010210776695911417,-0.0036868309010409384,-0.010942387886499705,-0.00028290392849017465,0.018129524645184247,-0.00010519836174094355,9.070537059274741e-05,0.02696077719904766,0.003321155677849408
2022-11-07,0.001722073693916748,0.00778151731411536,0.0161421612873196,0.0049397554725860715,0.01347621667735699,-0.004326213177077376,-0.00028267882690824475,0.0349846744447162,-0.009131872366944682,0.002690187335661731,0.01861578840586442,0.005066040801564364
2022-11-09,0.006016302682146479,-0.00029837184311409803,-0.04662857926509223,-0.009475624020095386,-0.0076294137873583745,0.002487542860735159,0.02036768609728412,-0.025908258894450253,0.005736757761944045,-0.007829464424061738,-0.005623306958962848,-0.005457951765633573
2022-11-10,-0.0009495626248059441,0.010872924534133244,-0.004795056456382452,0.001913295206573018,0.00021968463645327674,-0.006120854441157952,-0.013030168593156422,-0.013298611091151713,0.00990271969512091,-0.0071161687136288565,-0.013195043802606055,-0.0032337160804879472
2022-11-11,0.0362965976353693,0.05666491546172536,0.035533638055883054,-0.004196921812653964,-0.004556939908844759,0.04537423282872721,0.000983261518466172,0.05064753726371096,-0.006824678342978618,0.007296046407479384,0.02722064691602677,0.034407818957924
2022-11-14,0.007655790830683795,0.002420752192825004,0.05978828471087505,-0.018078264295363633,-0.012795777696242516,0.009681062642454386,-0.025676958363664237,0.032471419119523004,0.012479587407322246,-0.012660795155649218,0.010692702029170054,0.005895708505206487
2022-11-15,0.004458635198157701,0.0024456159126358124,0.0029634383125487496,-0.00012205573339751918,0.0187161370964275,0.005487916994457942,-0.005616588894740815,0.01737525187837652,-0.005408662169836154,-0.0004810080186044008,-0.0013799416350818161,-0.0008694012201571066
2022-11-16,0.001177872148276693,0.008585626188318374,-0.020792297025225226,0.008280860279926916,0.002083982641275961,0.005520756947247518,-0.0033309389355643537,-0.018414225974798692,0.027975188478231328,0.002111648445195957,-0.018424621482387438,0.006826677059787345
2022-11-17,-0.011446163231159323,-0.009033014342544665,-0.0155341453566481,-0.007203811302429197,0.006786362565255555,-0.009608279680883847,-0.0011622459370520533,0.0006803576747733686,-0.007808181423239358,-0.005318922339699994,-0.006569772961824261,-0.0018925310363275827
2022-11-18,0.009702328068100341,-0.0026264816927444867,-0.004200299953799447,0.009634093197793403,0.0005979904284811877,0.0037797115234414758,-0.007710160100204089,0.005828073242604592,0.004614196719536334,-0.0032965507909934466,-0.003306532458719036,-0.0016572906479858096
2022-11-21,-0.006934775935715121,-0.010254651695058015,-0.018353826121408234,0.0071266083446777095,0.0011408307942084583,-0.01581521269259989,-0.011288830964096608,-0.002414228859112133,-0.007884488413528623,-0.00820066315127288,-0.011848443759904126,-0.01793061166487342
2022-11-22,0.007211150424442758,-0.0014711776321917336,0.0002323029125899101,0.005716648629306764,0.0024962152535430437,0.010744899764939086,0.009045026840573511,0.013262367739934389,-0.002237558643309323,-0.007499357635182391,0.009112742297346932,0.009578020858216574
2022-11-23,0.0,0.002601854748015109,0.006269565746472194,-0.0033191146594111487,0.004059715843590439,-0.0011987083004860732,-0.0013226519043829654,0.004108068767189499,0.007011237501251655,-0.002467639394874377,0.0023764465896423115,-0.0020058518686871807
2022-11-24,0.023744851790863386,0.016258656126131088,0.011538014098019689,0.0166710028495356,0.012291824445668897,0.029466528595823105,0.00279583384450377,-0.006660334743412655,-0.004351513940554996,0.008706800733029096,0.0004742092930514197,0.021718164303761833
2022-11-25,-0.0012395004181608993,-0.004614966851243962,0.005246900280142741,-0.004589792424692263,-0.009106960889233795,0.003589423581137563,-0.0013206055849023235,-0.002298827562612682,-0.00845830031266992,-0.010443090216413431,0.006635003772776482,0.0028104584718013914
2022-11-28,-0.008331656185076808,-0.010756416677389913,-0.02155899117926996,-0.004827683585093112,0.007632012702070146,-0.0074894121198829655,-0.0007346869146140911,-0.026113684692623096,-0.0001295319001274331,0.014649719295779517,-0.012241052936708852,0.0016519934935885772
2022-11-29,0.009072183051197502,-0.0014997430936909417,0.011133001050548597,0.043164920142859886,0.00997436965518772,0.0034803450976688133,0.006616726368388726,0.015378516013989874,-0.0013485922416375251,0.015429742415324466,0.011439440447152949,0.0006186057844279613
2022-11-30,-0.007219295035405415,0.006633946658829659,0.03383418366126878,0.01903811137642286,0.006495956015015514,0.0036217970610563643,-0.006719080764519214,0.04029117805643434,0.011165690771944625,0.0031138029553607893,0.014608956298476361,-0.001928112036519325
2022-12-01,0.01391881411839302,0.00687003509977302,0.02817828680451817,-0.008009433896994378,-0.013327749746802287,0.013547705566694157,-0.0013236242168221946,0.053663284242611464,-0.0065483521306356485,-0.006656424025090368,0.02879698613360171,0.025023640519971302
2022-12-02,-0.0007477966683597792,-0.0076567768851120155,-0.004963201914284787,-0.01793192459520998,-0.010210629533637383,-0.011586453621976633,-0.007068191106193167,-8.864566628330461e-05,-0.0018093394866385282,-0.01487814473083715,0.011286705519794937,-0.010501517223450607
2022-12-05,-0.004139197432594055,0.0036401605872877774,0.04359136766779703,0.0018164856329361267,0.0032237591282993083,0.0011294748401129429,-0.0011864176779113889,0.00868107515161487,0.003961983036719685,5.070043319777007e-05,0.03437494538373409,-0.0038526949483932427
2022-12-06,-0.008754508296585195,-0.0011160293859164838,-0.023275135416959025,0.013244887056530485,-0.011728758900745873,-0.016374452519550498,0.0016334356032994268,-0.0032493586365952565,-0.0016507861309329463,0.008044657592836124,-0.025032360496319517,-0.011836175550785422
2022-12-07,-0.013425865271522675,-0.0004345182083520527,-0.012127725743869888,0.0198902984861431,-0.0005419114329348051,-0.004588092102825514,0.008301122399274607,-0.011718124588768863,-0.01229811717334306,-1.2620883808156513e-05,-0.015493643345036112,-0.0014033112306601758
2022-12-08,-0.0041144402799643265,0.005619686032622306,0.015830320190204805,-0.0007016077621980754,0.010573138226257717,0.009125047783203444,-0.004998511995096266,-0.0016936944955258104,-0.0075596924555455525,-0.005298618319234727,0.005845434185076659,-0.008888910662115057
2022-12-09,-0.06705399872726348,0.007131840117199806,-0.018657834139389373,0.006209545685577078,-0.002146196831425029,-0.03138602023173476,0.008864997581935263,-0.025183252287407698,-0.004718065796346704,0.022034430108112346,-0.012516783705283308,-0.017250847405712144
2022-12-12,0.0008758604313578999,0.007786328930109443,-0.0019444885203842022,-0.0018367091296686011,0.0004300684141049782,-0.014082823875857464,0.005272576040995514,0.015848401210348362,-0.011811031920169857,0.012133425697202105,0.011317287496766415,-0.0019133394514021518
2022-12-13,0.015849760041011463,0.0027680833125940385,-0.008334254556213394,-0.002557746267089711,0.0028485667007938087,0.016125989405450403,0.006993124254006222,-0.004598995203979439,0.0014739263438801053,-0.004834796580613698,-0.0044763148282033205,0.013890351806576051
2022-12-14,0.01100809415381665,0.008463175570510018,0.024448731383505118,-0.00946386950823852,-0.012004962401528818,0.004611601414593602,-0.0005789648528889968,0.015673006288383418,0.0025153472882259997,-0.015930597727849327,0.016636777413087778,0.009978697044596974
2022-12-15,-0.013113220683154236,-0.018318459298909295,-0.017685919855623622,-0.007971260265048907,-0.014049306997165,-0.024629782585044224,-0.018963309769430614,-0.032735668165326026,-0.0053383713971671964,-0.016231037344565435,-0.01857588180020031,-0.01790307430660032
2022-12-16,-0.012183846131823661,0.004810630541242311,-0.009219062945739376,0.0030225882490586553,-0.0074823550171985165,-0.011879186182131019,-0.011066929020606464,0.0012910612348744355,-0.012156592785973808,4.305733983689386e-05,0.0009014037064742908,-0.019620984832871002
2022-12-19,0.0034963275645996106,0.0031103728633448124,0.007443875917232834,0.017519568595771418,0.004933455522693642,-0.009755647992926497,0.016114675298426917,0.017866866834336248,0.009562383136476615,0.01737458394357927,0.006753698703569899,-0.01178929470940937
2022-12-20,-0.003435742863818758,-0.006900730724582527,-0.006736930492807103,-0.01602210149228911,0.003585376939307716,-3.302462665832895e-05,-0.0010280207484417714,-0.011853087923640482,-0.005946837108177894,0.0026840307308722,-0.007602942629379328,0.013085194599938621
2022-12-21,0.01034276366792053,-0.009673109789201995,0.0002188338755384489,-0.003122078054844657,-0.019182106701942425,0.00149269177963407,-0.014699477202238409,0.0028386146155665593,-0.017595070748445574,0.008872292941261906,-0.013970200749869988,0.007583443488787367
2022-12-22,-0.0012015507813566417,-0.0034308396182264334,-0.0036092882348272015,-0.0078200620469695,-0.0017932140507058714,0.008280538613710586,-0.00805592193166127,-0.014152673928984671,0.006309875729828107,-0.0003740350197980469,-0.01599633187315941,-0.002707728089211048
2022-12-23,-0.008180188308533176,-0.008932825464111782,-0.056970446329892566,-0.009167052474703397,-0.013192610098999524,-0.01639236313790815,-0.017295931753205873,-0.028804274550744968,-0.0022452520676192744,-0.008561250272997811,-0.050162600414781044,-0.009617302682588424
2022-12-26,0.0010674028182517947,0.01990425087800718,0.03119555403224261,-0.0013926067549546728,0.01627034718533049,0.003540224894075461,0.02418116802046888,0.007724624822613713,-0.004610490735586725,-0.01168497277276026,0.026894857855748633,0.007604360645268038
2022-12-27,0.004507169449913251,0.0010126352087531654,0.06332538725119252,-0.009245648723885891,0.00834080498935763,0.008286724311159066,-0.004333473543538302,0.09009177877220287,0.004052801793255734,-0.006106400007565016,0.058571452182091255,0.0020290903330384413
2022-12-28,-0.0008683809614206117,-0.0007969701447269051,-0.01072181805436101,-0.003721173488088647,-0.0018876024774877598,-0.003102564212957293,0.0037522729024681567,0.0039065497789971815,-0.00043927553663103414,0.003418402825447142,-0.010346379699444741,-0.0007363266064955853
2022-12-29,0.008691757300593128,0.007056025114932085,0.008477228514167212,-0.006018587203970194,0.01012289593083815,0.004900263707130037,0.0028407657795015417,0.019283862250107253,-0.000741781933266572,-0.001794125313477113,0.015909079353913835,0.003576983074181639
2022-12-30,-0.004930789840402294,-0.008012065125648893,0.007341986170074977,-0.0027259336340274,-0.01894165053331165,-0.0061614602546783415,-0.011331518288309028,-0.014846683297077057,0.004673556280524016,-0.010197903578322176,0.008053672900385722,-0.003686663044180638
2023-01-02,0.0001441642683044364,0.0003378146229791046,0.02894266467719353,-0.0010348770173302935,0.013021286221931438,0.010476056166000225,0.003921065769629584,0.02419910716497875,-0.0012039353180243184,-0.002267049373215424,0.05858856201780149,0.0014586633951434447
2023-01-03,0.0018278776562707932,0.006539053868376943,-0.014680243080188005,-0.006390520445703096,-0.0012189048278389292,-0.0009513557889864188,-0.00525780831433087,0.006474262413663556,0.00427382611303484,0.0084731429353464,-0.006708557129499804,0.015299942352796636
2023-01-04,-0.004561190701618756,-0.017872925000491313,-0.03834129196242553,-0.002340625731540702,-0.0024962981246399174,-0.018225938060414282,-0.012382853958387452,-0.021637485225762476,-0.006601788385191543,-0.010513274098360892,-0.022794514140908717,0.0009965138413674524
2023-01-05,0.007235184857297128,-0.0064283926426362825,0.00910077978748114,0.018768835200198453,-0.022188784459649114,-0.013112307327644457,0.019724682697419338,0.013662408382284053,-0.0002470603060000798,0.013119846145555503,0.00691147906646794,-0.0010707961463133353
2023-01-06,-0.010822818710955584,-0.003313018256291933,-0.006549324546194835,-0.0028060629809240067,-0.010294036668463735,-0.018099155173059378,0.004798437576517767,-0.004127630609737198,-0.018403604423531172,0.005524461815787918,-0.007721990284637048,-0.030065761422152226
2023-01-09,0.03354966100133905,0.001944248951698313,0.01750782880510604,0.018474997742385257,0.0037351625213701833,0.024818758812122255,0.008953742432672662,0.01776352182864782,0.014047458516820432,0.010080303315301187,0.016428937676056687,0.03375309516583491
2023-01-10,-0.0033724527672828186,-0.01827857418275758,0.014444993346082624,0.007545792500388782,-0.013740262846740015,-0.009902507273488959,-0.013755215261990195,-0.004321833207730386,-0.009023691381864984,-0.0030744167796601385,0.011059051340468029,-0.010105581421555931
2023-01-11,-0.008506932202062556,0.014410424649934583,0.028059994170350544,-0.01913886988294411,0.005746833058718481,0.001020431172922498,-0.0047990487345535016,0.009015037309247242,0.00350866664785654,-0.013266544238210831,0.0,0.012871283856907612
2023-01-12,0.01597462062338928,0.005342860313971354,-0.010795439815353358,-0.0012339920957266104,-0.006521977858934602,0.006355090201353164,-0.005877058420334702,-0.0028953366222957966,-0.012403929938488267,0.0058177815198963145,-0.006310461123850253,0.0016973314621633318
2023-01-13,0.005738881935513751,0.0007816767235373501,0.005868391851610255,0.013107969879524672,0.01487250930581041,0.0155681826149916,-0.003334991524035713,0.012196112169835072,0.0004496672823357528,-0.004473379642132125,0.019898369140030514,0.012056445151431117
2023-01-16,0.014752337418956207,-0.009589853874214294,-0.011156637645810097,-0.010251591455693099,-0.009388057990375676,0.014531270677347274,0.004410914858927528,-0.03360665427294629,0.002527596800509402,-0.0024638826915591716,-0.0041511362091483095,0.010455858334741386
2023-01-17,0.015863467715489854,0.01488673299706722,0.010040374480050795,0.027126451622514924,-0.00011558674622658138,0.009177274442935701,0.006208137580511419,-0.006191695407045561,0.007199724346158343,0.010648083570186317,-0.005002004545556438,0.013302217909511915
2023-01-18,0.0036903087660919986,0.017651807396382502,0.030846559699150733,0.0069914733672178375,0.005028062486521545,0.003832470678720279,0.00722370659245497,0.02594522809315758,0.0008066440084333326,-0.006136580074877052,0.025973989280980492,0.0034335913942162843
2023-01-19,0.005655323004018609,0.00415314198784178,-0.00805251807940166,-0.013569364023084507,-0.0038527617741579423,-0.00420609956784046,-0.007470584713756612,0.006322274177682052,-0.01767554570054941,-0.007175806233484017,0.00898328293700823,-0.004985191098339503
2023-01-20,-0.0032392402654787267,0.010248755052007619,-0.017939456043401858,-0.03811696952764587,0.0048490210537779355,-0.008674942511715855,0.007376076713363489,-0.006199923732024604,-0.0024897230074897303,-0.02444232835886395,-0.0048563889376874725,-0.002964656836052404
2023-01-23,0.012096217773694518,0.007315171353029948,0.008674456731754931,0.018695520608681404,0.0015510977624206834,0.014715892741882453,0.009414364583869794,0.004658114330438723,0.01182713750870601,0.00870042023256623,-0.007726678651323371,0.015402459496407284
2023-01-24,0.014850140357465014,0.013388294974792991,-0.019324303016839073,0.00157911557804713,-0.0010898414208622142,0.002519369680377803,0.0035529299558543226,-0.00861064516674137,-0.013174543437002861,-0.003944780120238245,-0.01311474680433422,0.006266645522092107
2023-01-25,-0.013270952151123172,-0.02763198511131726,0.009181997713602286,0.008402191068610065,-0.01774337776684043,-0.005734849532886721,0.0008851143629091673,-0.005595469162951949,-0.005936644718833928,-0.0028613748306763886,0.004983377357083096,-0.0019061476080103334
2023-01-27,-0.006368113676804565,-0.019925361547316833,-0.020650203097403175,-0.003889492841295028,-0.044545676122803024,-0.015456849015222929,0.019896878513975036,-0.012093708506320966,-0.02097376658771799,-0.0009956335501327684,-0.0028924648008906706,-0.0054521914843768116
2023-01-30,0.017165601345261017,-0.0010212682709007659,-0.013883057144139843,-0.016844573746828018,0.007709137054089155,0.012934814778730264,-0.003468317814922406,-0.02261329590598682,0.007676177457326627,-0.0026253592446409124,-0.01574815334109636,0.006625410002305099
2023-01-31,-0.01105970938754397,-0.006597761238952282,-0.008362499954705949,0.0033488545876756426,0.01020046772587424,-0.003281847771462565,0.02189669929487814,0.015134445166055777,0.0027517039994622294,-0.007729916761077926,0.00800002825788293,-0.021827986501165464
2023-02-01,0.008821877465505557,0.014998358135598355,-0.001174222331829844,-0.0009702107655755743,0.01929317116774243,0.01131210803084004,0.025684773666668326,0.042327060211373,0.007914319119826763,0.0037912825799339966,0.01963239275751616,0.014782427320265912
2023-02-02,0.01545808588126496,-0.014869010007471872,-0.005236667045807497,0.02354074042900267,0.01173415899231478,0.021049668857123782,0.04759267844144288,-0.05458274507370353,0.009772517047097473,-0.0070848568766698206,-0.017206091827010384,0.015271264926810524
2023-02-03,-0.0030011900428948968,0.0345838858481291,-0.01235498248041389,0.005275470238155888,0.006877242640537462,0.009881598980206796,0.005414588322562475,0.013216144420482578,0.010529342798971886,0.002622039912008489,0.0033347382636721434,0.006328702186446211
2023-02-06,-0.0003924795401150094,-0.004250034277553438,-0.02675950493179302,-0.004209388675035397,-0.011692482496937329,-0.01847565140627061,0.007224604134063339,-0.04428052806812677,-0.01870481813253244,0.0009048850102322259,-0.02409637730858527,-0.0064181162080704235
2023-02-07,-0.01523091082579564,0.001483163259389686,-0.03978994714453099,-0.013800516298147936,-0.0011128203809437354,-0.004745536291130725,-0.02647385514838463,0.02406409762311057,0.016256477222997834,-0.0022866560039258577,-0.0510855939048146,0.0036417634191099335
2023-02-08,0.014846060595469668,-0.00012085142590112508,0.016179741450726537,-0.007073619869163883,0.007446431010200039,0.017985035712883013,0.006162222158193398,0.040245532634193504,-0.005576146805916449,0.0008902359501217205,0.0,0.013693004487582261
2023-02-09,0.0011789797577086425,-0.0020857826727498363,0.018442197821251005,0.0015098316325006245,0.0019788957585480382,0.01666139731227778,-0.0034615719825575875,0.006490191599882511,0.0030586291730509974,0.0002844705473927789,-0.0017944981220385792,0.0058946747325661075
2023-02-10,-0.026780455315037477,0.003968403707552914,-0.02564391009111977,-0.003556486711663309,-0.008073971967108906,-0.005225664155697363,-0.00774882083892392,-0.026379743806470124,0.0006493412768522333,0.001239377923733631,-0.022022397881735767,-0.0009319800741744988
2023-02-13,-0.0023756879667993225,0.0007542290948867603,-0.012582214455662655,0.0013579197977682256,-0.0037476467787422862,-0.025550983392096605,0.007674605111754218,0.006192953653948452,0.0009875882083660859,0.00015506236812901086,-0.0004596081538115193,-0.015589940054046902
2023-02-14,0.011186282821228577,0.009256189016533689,0.016600355563911595,-0.0005424713166292117,0.017222070714560944,0.016459754623242562,0.03273650582736343,0.008121210770796639,-0.0019449253067571615,0.0029485820961792086,0.004597665508546678,0.005082829144003265
2023-02-15,0.006619564201834738,-0.0020313714754912615,-0.0019548446838574263,-0.012075538033550104,0.00635625334081702,0.002385078082694614,0.005210505036365554,-0.0034767425337037805,0.008557488920247325,0.00933027318160562,0.009611037798908484,0.00587132193861617
2023-02-16,-0.004192769124444551,-0.0036220363250130116,0.0017283342037992533,-0.008377541076459716,-0.0015502961716432617,0.00297429544668093,0.0009156278856421451,0.023910828487938796,0.0013722426884230643,0.019100793205646394,0.015412525799639809,0.010622991986911412
2023-02-17,-0.016487185412234817,-0.005017287679905169,-0.011962279781529306,-0.004590236354659716,-0.00782106676847294,-0.011237362993847033,0.002221990340909974,-0.019197219804600762,-0.016052019662061157,-0.0309518725646154,0.0022320887654028176,-0.01599194392982317
2023-02-20,0.005542692627911627,-0.00939076359274138,0.011059334670565413,-0.001610212663328503,-0.012229741208017786,0.0054614320554386975,0.0016953801997166007,0.00804943736134045,-0.012476868506977934,-0.01042243761106354,0.0008908177484190372,-0.003955653012574389
2023-02-21,-0.009411025508238136,0.0037492592769305944,-0.006332823597288928,0.0018714261137944277,0.0024644141213996384,-0.008131894970072051,-0.004686931583422704,-0.009329990327937576,-0.00408672271039745,0.001362682348158284,0.007120711621684261,-0.010409430177634182
2023-02-22,-0.011400756585809857,-0.019617406792934222,-0.004171453285687465,-0.008783199308309064,-0.017501670926235002,-0.01120616029975674,0.0041858415903273105,-0.027235742631240067,-0.017136794201626282,-0.009260691614420224,-0.017675659562671142,-0.01432905998751055
2023-02-23,0.0016017494683129296,-0.0067834827934436515,0.015708712368926347,-0.0013632270410630642,0.0005957635946858275,-0.00710731199972181,0.009769366540470559,0.012908902558295132,0.00388108459758163,-0.0014002588588840625,0.008097221413413402,0.003601271187465782
2023-02-24,0.0004567857360240346,-0.00891951085935716,-0.0485737694970908,-0.0025897420283046424,-5.958557635787898e-05,-3.218725256048938e-05,-0.006450021327817357,-0.03504693057472286,-0.0057698471579994415,0.0017642390710863598,-0.020526624768475332,-0.003910596192314597
2023-02-27,-0.009955408379273,0.0024860273225906226,-0.008308246022045829,-0.006460742232562211,0.019888169085339635,-0.026666151654048842,-0.007530380384970448,-0.012582637952098352,0.016879844751526596,-0.0031128902317166807,-0.03325745248841683,-0.02017395524079335
2023-02-28,-0.0058584541742267016,0.004206074559754969,-0.03059737314692479,-0.0030388062571589103,-0.0018099991002223925,-0.014410733280573962,-0.01439051487656895,-0.0073203066395114424,0.001911939744456248,0.002537282139426944,-0.020263908627765392,-0.005702267975919995
2023-03-01,0.021807722004876684,-0.0009688851318399028,0.034694246801346695,0.002275804674110704,0.0016962150106722973,0.0057141461309973,0.005309250003147081,0.042334215345124715,0.009050221515788603,0.005830286375896554,0.014911113744942028,0.02198991586295551
2023-03-02,0.004404692004805755,-0.008510454549206847,-0.0054472850743846335,-0.004419532165076068,-0.002685989409431433,-0.01597528822324945,-0.008317748048981555,0.007074890683429702,-0.013295947235146821,-0.0158210404714767,-0.008056879390349825,-0.01897674132689464
2023-03-03,0.011799833835322682,0.019849193046862057,0.0148491765456642,0.006373820942401354,0.01703755095888737,0.004856595448474277,0.025029863866751878,0.021769222230267227,0.017018086828940238,-0.0017232614675701807,0.022455779493266048,0.0062320384513911975
2023-03-06,0.006881020893281686,0.00705486381014464,-0.00575684315123548,0.005605030434958191,-0.0009211805859606903,0.01902936430793245,0.008312781050249463,-0.012477594650372237,0.0,0.003520300848731006,-0.012616793659365966,0.008886579430237518
2023-03-08,-0.005369433764163212,0.001997311973379823,-0.01628461273208137,0.00010058855202621508,0.0050129972200709805,-0.009784794387669549,0.01094929841013803,-0.011603908727317536,-0.006167915336922403,0.00018367418205311736,0.008045440402015824,0.005501489530770343
2023-03-09,-0.003569380155113766,9.187540574728814e-05,0.002697759641430375,-0.009536890799844544,-0.018518448127539555,-0.008239993258916889,-0.012487024810456271,0.0052177925871848,-0.013504159510160818,0.000942205765273707,0.015962301365123777,-0.015794584970992953
2023-03-10,-0.0003134625385904366,-0.025786380446229162,-0.007826871400917867,0.0016453947443570982,-0.015538385352161344,-0.00597820345509803,0.0012900447196020348,-0.002854889700634411,-0.010135813155961682,-0.0026947866455216962,-0.0009241617287586434,-0.0017532487369735783
2023-03-13,-0.01585601002217185,-0.012652299001089773,-0.008381662572892745,-0.0041979089550509,-0.016910902433138864,-0.024769912715485343,-0.011211282167839287,-0.0015615642908146654,-0.014947326192106258,-0.00910423793993309,-0.012025824381666217,-0.014725245999886782
2023-03-14,-0.013244083542470309,-0.002677672476606441,0.001118754199389782,-0.0051525703805686,0.0023539401183969577,-0.010521830756073602,-0.010295712324415396,-0.007386269242254384,-0.015323547817588823,-0.0028826283415572806,-0.00374533536904198,-0.02041478440388378
2023-03-15,-0.0040590061721522686,-0.014350967068340381,0.008567169941437802,-0.014882574855902386,-0.0053591582083432066,-0.0002465175413634002,-0.0007901510532458689,0.01575773883842091,0.010738750122923912,-0.01485380847968476,0.021146568048128644,-0.004992232845686617
2023-03-16,-0.006715096847468627,0.006485461391291691,-0.05219736962782817,0.022131208348538545,-0.0024215744899214187,-0.010953328066745316,0.0054031688492131025,-0.045591797229729725,-0.0014405813039557458,0.02541502100835169,-0.03313391753374095,-0.004345172684100174
2023-03-17,0.03361625955579006,0.013370736280613693,0.030523364266881403,-0.004859014327421751,0.014989611814048676,0.011822559420404666,-0.015467141612929725,0.03314065604722938,0.017763206016479183,0.02208590628206486,0.018562625873855376,-0.0017897456815810786
2023-03-20,-0.01587794691029787,-0.006931086460365221,-0.02760267566367769,0.026068294274648407,0.00023919027137320192,-0.012001174456654495,0.008653807465151653,-0.023599316485767075,0.003868510596752195,0.004226283271333786,-0.023364458324234394,-0.011323260290033943
2023-03-21,-0.0063710864133192935,0.01133351326646781,0.007258523309399356,-0.01935307594765734,0.019068656690525376,-0.009225876566848146,-0.0048838956069415795,0.0012533792979116942,0.004236324653594137,-0.0005517842702874587,0.0023922865051932973,-0.011834594378208774
2023-03-22,-0.002260473210076608,-0.002310963023868795,0.010809445361979586,0.005583613105794916,0.00915065234022272,-0.0010426397947490562,0.002122441837038691,-0.003576255396563255,-0.000995990213524034,-0.005690151828118162,0.0004773782387130776,0.007952084426583905
2023-03-23,-0.014378707386850986,-0.008027534013419269,0.015404124220893767,0.003533308313414807,-0.005521984761753473,-0.010581279098565433,0.007677088085707107,-8.979897935845749e-05,-0.014925395909685002,0.011942301677869915,0.0009541439575486699,-0.0019645360917051047
2023-03-24,-0.013275435797029389,-0.001599445590447779,-0.026078175455528263,-0.0017301774332300068,-0.0035653803932739203,0.004437820260436043,-0.0051229779669647035,-0.04145720424052535,0.007412023566630177,-0.004796694166652293,-0.02669205384465212,-0.0013279860464188165
2023-03-27,-0.00023757860922912766,0.00435720143603624,0.003990809336517964,0.007336131466437079,-0.004340667718496172,0.006011584722295682,0.003961001497570393,0.009923212333539766,0.007711968326125529,-0.003276526962704751,0.0019589130908124197,0.000576869547344927
2023-03-28,-0.00989063187880268,0.008134148013282827,0.007564998576300663,-0.006482449348735875,0.007128516853140976,-0.008171567166539107,-0.001183574928688591,-0.003429778326043853,-0.0036945735429363413,0.0029114882828891187,0.001955083252635381,-0.002049720255016263
2023-03-29,0.025357828620358402,0.004809579117877494,0.01565280699877092,0.019353154314500243,-0.004387273715798945,0.0043190100305727785,0.007900004901683966,0.016463763435424994,0.013037924289082348,0.005644907259476639,0.010731655024291298,0.007381386338160434
2023-03-31,0.016627606350248625,0.01369819129390537,0.015787533115872554,0.011656056986209418,0.030846099944333183,0.03209146070630409,0.0019594516567966735,-0.00036610349658094954,0.006856335248967671,0.03419682594388229,0.008687238457185664,0.02134498452994782
2023-04-03,0.011886503019109762,0.0006212560026310765,-0.006907626994898219,-0.009471285619325864,0.007466548368899595,-0.011975289378358789,-0.0119949535728332,-0.0036617004746118953,0.007415479826282212,4.819304904990496e-05,-0.0038277685938965522,-0.0018403477425039672
2023-04-05,0.01188370960903673,0.026823045432141646,0.001863071798767324,0.018394343362839072,0.0009050733149016388,0.009001811060459497,0.019794274485301022,-0.0015620606774946477,0.003551606753979808,0.005917141941299331,0.0072045154374968945,0.012437473541592636
2023-04-06,-0.01741365239367021,0.0076191634774736006,0.0048351330884619514,-0.006775598099361013,-0.010852260771585631,-0.0011591088970513974,0.002458576038916638,0.0017485838507333984,0.0029682728976372363,-0.00574097070923818,-0.004768602152899315,-0.005895418814898634
2023-04-10,0.010303658019926276,-0.0047409560060140965,0.015299267691916363,-0.012903368526897885,-0.007485676376058237,0.004008747447319383,0.0030980012638675003,0.009553496281244023,0.0012519136500137584,-0.009034348374925116,0.005749788100158915,0.013258109177068489
2023-04-11,-0.014595219254104008,0.00292443708888368,0.014825564883458764,0.006160843038926833,0.015487367634360982,-0.015025201587997028,0.01917387915874036,0.02438585898521506,0.049565279500960235,0.007393628931500418,0.024773777366475347,-0.015198984407868932
2023-04-12,0.0068998796340755675,0.012986341477848828,0.00023946090664694886,-0.007379250401557957,0.009354771676819196,0.015752198601417966,-0.0061868420582295025,-0.006395606054169223,-0.001326909878217375,-0.01190861599493509,0.000464873489256723,0.008665667020284706
2023-04-13,-0.02069452181243625,0.004480897519579807,0.010535098665867215,0.0028669144022874793,0.0099420511932653,-0.02737524615663889,0.005208899081446949,0.00196690780659603,0.013801166523020436,0.0012884959771526372,-0.0009293914011231363,-0.01628792935004697
2023-04-17,-0.02766254670610735,-0.015244092325871539,0.0157565393686383,0.006170634018610066,0.002558482125898598,-0.09422691449409515,0.011501582982791803,8.918451783102022e-05,0.013720292212709762,0.040022306228104654,-0.0032557811441804585,-0.015475727161212705
2023-04-18,0.020773543591348753,-0.004230092236392924,0.006647969328545056,-0.004232163410895828,-0.004937356611386168,0.0008343785101836421,-0.00412355689437538,0.010794861543237166,-0.003614609139495073,0.020590895872576453,0.004199710455317085,-0.0027869859930278462
2023-04-19,-0.023640599718611655,0.0036755033753514965,0.0034758202585349895,-0.0037188438339366137,-0.005519286153447878,-0.02155875662451856,0.0006274840500410939,0.023565735545094668,-0.0018004057478431257,-0.0020592784696027433,0.004646804132615756,-0.01314383696150978
2023-04-20,-0.0011552978238364986,0.003722280513082099,-0.007389413367717479,-0.015405197082493327,0.002803044716245706,-0.007141445183172834,0.0038871449984956286,0.008105534152198501,-0.00047754743460559634,-0.0070616099608381555,-0.0009250926766501966,0.00491973785112676
2023-04-21,0.011036159117059796,0.0016149046174436243,-0.017447905543300446,0.0021460466608371753,-0.009783128769015437,0.0032286221553587957,0.01985995044073796,-0.01967319659998268,0.005122134585347382,0.006172991042378229,-0.01712956641525132,0.018052729370315435
2023-04-24,0.004861889789463669,0.008091425074024938,0.012903882762334229,0.0007205634645204295,0.021566074679067793,-0.0008554189128914258,0.0011024274554538582,0.006194788143416119,0.0019010400354020351,0.009389159646855383,0.0032972650737375098,0.004413184307282103
2023-04-25,-0.0005692042694477317,-0.014216681882563309,0.004675124357915061,-0.0037202305711260264,0.009615978211027665,-0.0011416074001514565,0.006973283927946383,-0.0016474308256568815,-0.004190325754223512,-0.0011647168884070247,0.005164255800250261,0.0003779463615514178
2023-04-26,0.011486031898921834,0.004596909822880191,-0.011633314587790267,0.008171299199700721,0.0016420397226943884,0.0021633616786704835,0.0017009164449410807,-0.009120033199483846,-0.005663350522324917,0.01747112143244456,-0.0018683328567361546,0.006974237223364321
2023-04-27,0.005349466023528038,0.0055029926653067385,0.014124275160703359,-0.016668229930694833,0.0037159964009680913,0.015233365095488116,0.00909635299484246,0.015865969449489148,0.015969240611296565,0.005757212261742861,0.007487243260318799,-0.003189420923876196
2023-04-28,0.010301388365753894,0.003926250688288002,0.012302742884939377,-0.004718512776258232,-0.000762187594860575,0.005215839996736138,0.022956844966309342,0.005867609326090095,0.015430097394916631,0.029039159592325836,0.0027866498431678988,0.009818298156101468
2023-05-02,0.0032422523843440576,-0.00020737946172133537,0.023045115258044424,-0.0022789071658666504,0.004849318538073577,0.01971654197185191,-0.0025848992289293493,0.016985436955668343,-0.008720006640204336,-0.0007143580541330019,0.021769468436895423,4.650851736709427e-05
2023-05-03,-0.008055855004067247,0.0034968617858857076,-0.00862940554495295,0.01399021503482567,0.0008134199091034411,-0.006497340642507288,0.006361021375182796,-0.007001229910757578,0.005101162012344673,0.005971106868945419,-0.005439772008733135,-0.012269184386563436
2023-05-04,0.007413016330717115,0.02046484127652448,0.007234946133669595,0.00834696028952786,-0.0012461126753976481,0.0034669217200160585,-0.0059697088042703905,0.010958200482607428,0.00862262823625004,-0.008317397102610036,0.012306412456299043,0.01283048360815986
2023-05-05,-0.010545509494151117,-0.05912152017872363,-0.02525246598336517,-0.0023937545674582728,0.005696002775188003,-0.011346194806652554,0.0097739019956109,-0.02008238583152966,-0.009704230141527548,0.015032080702416017,-0.021611983975092675,0.003105024095649611
2023-05-08,0.01913698670492958,0.011564690715334836,0.024870360572500916,0.0062181902461933,0.01181290150758052,0.005162396400582914,0.006297308638445465,0.01680683609012279,0.015632194270152944,-0.0016624497710094888,0.008283536156796112,0.006159683232724866
2023-05-09,0.003020997947313031,3.0314848629364732e-05,-0.010560556994388404,-0.00019866270680701792,-0.0037317008581417843,0.004029725125357819,-0.01773088271045775,-0.008854899589449183,-0.0023227561341249148,-0.0005410501356740705,0.0,0.010044339250596224
2023-05-10,-0.000648753177487027,0.004621524417330436,-0.008856491300996527,0.0027426642702104154,0.0017657395914640883,-0.0058629465923305535,0.003657467149931204,-0.004934826149714189,0.0022514120959733486,0.0035796350709762503,-0.002738544352976935,0.0010812669152617804
2023-05-11,0.009088378218952808,0.0006658347826808964,-0.03574301761778287,0.027629028102134523,0.0033652890123354595,-0.005660033634206418,-0.01163759949915033,-0.004788357983349312,-0.00038289691680459814,-0.0013696714532227539,-0.006407258156493789,-0.0014147980918277625
2023-05-12,0.006801023558839603,0.008831402684462919,-0.03825592763864161,0.011958007425285633,0.005004164865265892,-0.00867766694704597,0.00011911079206061714,-0.013403289627551218,0.0013534727747472886,-0.010247708690900081,-0.01658218206441253,-0.0023917491085839737
2023-05-15,0.003879295355450285,0.004796766783873085,0.014700467564963127,0.01480910254174006,0.0019600118876950123,0.010560514171560786,0.017481109300300224,0.0015676260225276906,0.00632463547629003,-0.00034638004601872385,0.008899250944207182,-0.005879026938466314
2023-05-16,-0.008229005963816816,-0.005734045734754223,0.00426102782947102,0.0051272889025137935,0.0006344235171467094,0.004728627250051298,-0.008999565383049357,-0.025476038087964614,-0.013152599163670176,-0.00028432845022774433,-0.0027855089388139076,0.0009521540742694068
2023-05-17,-0.014807111002390072,-0.005372454062468779,-0.011516585299788606,-0.0052878512831349145,-0.007396892892570617,-0.013762757764830491,0.008609423763515478,-0.05049971851479362,-0.01946535442832098,-0.0021992397444769995,-0.013035479434829855,-0.015177197807346055
2023-05-18,0.004978754291673271,0.003997697930977484,-0.0029432604868729895,-0.012848683103739988,0.007611684504346572,-0.0007217050471211017,-0.018474979171413275,-0.015504564685439925,0.009559269241058876,-0.0024344286701298845,-0.007547127356270833,-0.002758153733026014
2023-05-19,0.014306923658013115,0.0011550661210744106,0.0006149638236985222,0.0052899295883532815,0.008240904445672825,0.018378794812533128,0.0003573380825514505,-0.002767861868366639,0.007393342799149938,0.0004866133795264904,-0.00522807304479278,0.007187814762447342
2023-05-22,0.022367245921661727,-0.003552046203557424,0.0023355487395748664,-0.0012681131645985166,-0.004139206697710174,0.018835288463212807,0.011670784813583523,0.005264190360956045,-0.0007466626811023502,-0.009006194988628424,0.0033444476981192572,0.023535026477357723
2023-05-23,-0.011162147270838974,-0.002346184170375465,0.006377242490086976,-0.003714815801631355,0.003209414757147755,0.005607876333297845,0.010359072465767616,-0.008188326475292329,-0.009638293793698627,-0.004238179837903755,0.0057143510632289285,-0.0005001570485084761
2023-05-24,0.004153976426012118,-0.01307105232235617,-0.0082866718049589,-0.005079380283415258,-0.013373177309323192,-0.0010768458184688967,0.010136345026430682,-0.02054327502207709,-0.005802711011800743,-0.0010793472256385162,-0.0037879737829471516,0.0019107266880635798
2023-05-25,0.0036422488518359497,-0.0038371917397499455,-0.006512606986137093,-0.006768809735091197,-0.0008505729165800835,0.004389202837746575,0.01764703289289904,0.0008820846262591608,0.010259841856014251,0.004410558919190288,-0.0033270408615594382,-0.0029817706481228834
2023-05-26,0.020788628348587856,0.003851972496796474,0.023005554779760296,0.021214898397625248,0.011544417945303698,0.010043244083862701,0.00555364280527626,0.01909505037026049,0.00782412085009998,0.004975591295412585,0.014783121633398455,0.010748470822856016
2023-05-29,-0.01141166066297572,0.012192023043485545,0.015354912619377936,-0.0007728537432398763,-0.0026821789932930384,-0.0023149796886142715,0.012398522442730542,0.022004398635043332,0.004190117451239539,0.006843823197760335,0.019266821578141302,-0.002568290236095172
2023-05-30,0.008568730576141492,0.0007643441431899323,-0.016194359288098314,0.0023580197733796826,0.0018983868922777258,0.0071896054258588915,0.02428305193179603,-0.016923603514582997,0.01100746831519972,-0.007133150013340139,-0.012909121064805906,-0.0012500345788266642
2023-05-31,0.008143701958096106,-0.015824045180777846,-0.01742917059458171,0.004140810068908873,-0.0008421800315039363,-0.004192343067140669,-0.009780002449443326,-0.010615926205784443,0.020079115069517206,0.004572439887936541,-0.011676811452347224,-0.00805130059440351
2023-06-01,-0.002794601711652356,-0.004252418372695743,0.001108693858812737,0.01137754642730715,-0.013749101904802052,0.000910189579919507,-0.013019138122941087,-0.014306305775231953,-0.041849758171426,0.009283326455549856,0.0014177662167409455,0.010487802791636414
2023-06-02,-0.004247268653063685,0.001558631031730151,0.03543738091830151,0.00696827566847702,0.002189953474847295,-0.0023039185276306773,0.008414878775179435,0.030400932955461535,0.004507694452511313,0.007869997529998951,0.019348732228878784,-0.005535482810589687
2023-06-05,0.001099495655056515,-0.0013071813789299336,-0.0024955495256858695,-0.007693116936706712,0.009166958680216108,0.004233975232301512,-0.006202137089585391,0.001142318464158576,-0.007143851866401318,-0.009629709673617315,0.012963061257266872,-0.005052084031843984
2023-06-06,-0.008521518795130523,-0.003116484774013828,-0.009888091462955328,-0.0017249830807558597,-0.00491160550293257,-0.019547787272231942,0.004879115071995566,-0.005513971064363021,0.01774124217002293,-0.0058965482196928765,-0.0036563989387150553,-0.017209209971927097
2023-06-07,0.0003987437722376974,0.005189365337373131,0.01696560493718069,0.009308364953083403,-0.0020166697914337783,0.007779391774149769,0.0025972095239457094,0.01615527777663517,-0.010030418456519974,0.030515184189025213,0.02293582965818386,0.013179317429442117
2023-06-08,-0.0020370987935982576,0.0006220176461428917,-0.010293508399682572,-0.013364318488036875,-0.0024463015098376006,-0.0047712590587029036,-0.002365174785387558,-0.002539840061440146,-0.02727651829575406,-0.009784167909250518,-0.0031389817646219065,-0.011740823509661547
2023-06-09,-0.015087775366744993,0.0011811300462301055,-0.007650891549957128,-0.016306502494110586,0.00015985001174034785,-0.01313528585783974,-0.010047339840728253,-0.011694993692500377,-0.007686123494467845,-0.0034063932815663334,-0.020242942540724562,-0.008388642576369953
2023-06-12,0.026942970424506107,-0.006084703236399647,0.004216294387531461,0.0027500819711510083,-0.002238609323133689,0.020537899035362184,-0.003421205585800946,0.0035309142726069886,0.003979731698630529,0.009781073985011712,0.005509629389966797,0.011715783800130497
2023-06-13,-0.00732655682540595,0.0016867022292124112,0.011036516266277108,0.012275661057369769,0.0081200176689189,0.009985032058476229,0.019338584358657318,0.013883505849751065,-0.012503624973828065,0.009118549943334608,0.015068534306961867,-0.0009854493937029307
2023-06-14,0.004021709951393948,-0.0010913428295437066,0.008661540247520305,0.008539259037621871,-0.003974309606639803,-0.00341038325468912,-0.0020206929086842296,0.014068630831313156,0.004687584272359269,0.010499089993955657,0.02384169939166325,0.002265831295168219
2023-06-15,0.006823079218638783,-0.012299045836445921,-0.004705298365979882,-0.0033534832890707023,-0.014045550272453466,-0.010458357050604383,0.008099059640115591,-0.00656663687689818,-0.016705488100629218,0.010447055889007073,-0.0004394867378859635,-0.0033312100230913355
2023-06-16,0.004022479837867188,0.013084298398007954,0.009218885131698107,0.00964788383910653,0.008202089284653491,0.0037690047533061044,0.01115822333500982,0.013313490766647451,0.013035110485396073,0.00010219992449900239,0.004395715155633306,-0.012871990008033074
2023-06-19,-0.009275298498879536,0.0008735453853541131,-0.0018738016321345752,-0.0038609162115262885,-0.011828348548431289,0.0018194685370431785,0.0011034785775743128,0.055677951617463695,-0.017685955929523156,-0.007562349806627733,-0.0013129792159976006,0.011181462684912269
2023-06-20,0.027339569313147516,0.002088221596812989,0.006570471697300295,-0.0026647156312852305,0.0025998204137394065,0.007264351847434902,-0.0016534696844306973,0.034203742996608,0.010660019411595556,0.007049791280007822,0.0013147053968587397,0.00538871945088637
2023-06-21,0.0015400841160078116,0.017480526179714184,-0.01865014215788341,0.00018681622417648924,-0.0009183764698837971,-0.0031074523133183263,-0.012807678691639901,-0.017924793508741987,0.0008405694490729587,-0.002785966322747746,-0.003063498191567149,0.009449454395179746
2023-06-22,-0.006023429867848429,0.00489118154264645,-0.0021381104624363934,-0.008312629505466296,0.0011355317475074678,-0.013698974909252315,0.001342156448091547,0.0010282673431878386,-0.005120372416053454,-0.015669324730222423,0.0072529273935348915,-0.006046027057099335
2023-06-23,0.0015043375973782247,-6.08126121542929e-05,-0.027496791185344427,-0.004803619346686605,-0.002430503077112567,-0.012914232341812548,-0.006478342935903991,-0.026108527588669328,-0.004112062090478652,0.00017531871593101656,-0.01350135065122382,-0.0068396759136003515
2023-06-26,0.0020166734004649634,-0.004837147731822533,0.015177547897343713,0.003974959306063619,0.004277187311654496,0.004229209337712092,0.0021360189938219865,-0.0020216383494646717,-0.003062482955746848,0.0041686649534087294,0.0022810340978589583,-0.008301411863480879
2023-06-27,0.0021412928100019712,0.01409308303568424,0.007354688637456697,-0.0002827601948508507,0.009326669467630389,0.006927432543962775,-0.0013461441841173816,0.025101359776555254,0.011931230691534234,0.0002850485326497676,0.008193005160215705,0.002414109795154218
2023-06-28,0.00021377529822985686,0.010581271266300929,0.005864765563578178,0.0037340499518323522,0.0014421514462137353,0.011100906457321313,0.00954846220731187,-0.010052520038595136,-0.0022496840659990136,0.004720221943681269,0.007223457207143236,0.005660838720242367
2023-06-30,0.015124878252920304,0.015064212516137765,0.0017849637797211493,0.006350179657851118,-0.00304020946734318,0.03258979802660189,0.005007324589013873,0.008592279422749316,0.0032598920022004485,0.006603671746235662,0.004034001306753909,0.026994703332795522
2023-07-03,-0.005345330855594077,0.01081469631135712,0.011165088342137919,0.008550856848285271,0.008506315356587413,-0.0013477742351787336,0.025796998173895025,0.024094353681997083,-0.0014080215535798857,-0.011433055502441336,0.009821510097000496,-0.009069673245672871
2023-07-04,0.007616940509527659,0.004884185183532397,0.0003524657173901158,-0.00038884171111197574,0.0022811410828293965,0.008585106399740416,0.006691800047666785,0.02361136235602035,0.009626096258140482,-0.00037529789270229763,-0.0061892319518703776,0.011169543584910846
2023-07-05,0.003527769781504597,-0.03176709452242499,-0.010098703133223141,0.020685139331500624,0.014078563286466617,0.0015985014000556852,0.01876273224365721,0.025529653693307175,0.0016919570953224383,0.012192652529507741,0.004893207890156903,0.0033548538149545948
2023-07-06,-0.011843257001583729,0.0010159144440400336,0.011625176113023494,0.0004537108197451012,0.0014614142630218208,-0.002523671913877923,-0.002525757871238765,-0.018010100505103988,0.006676209776273145,0.008714119742548876,-0.0026560003565214707,0.0008884721414297303
2023-07-07,-0.019523098100754588,-0.008716392235104897,-0.008677256292080049,-0.021399369807067803,-0.013550248926693875,-0.01019430493357687,-0.01160579473219181,-0.005216838439963456,-0.012677826123538849,-0.008365993162514074,-0.009320898586858695,0.0019109698056778424
2023-07-10,-0.028593345749911347,-0.00237896414718175,0.012183494365179959,-0.015399606883111039,0.002113314695471047,-0.0007892765807203661,-0.005444017418254732,0.026466700651419206,0.007229566929543463,-0.01422994325334681,0.033154141368365364,-0.017211118585385043
2023-07-11,-0.008537208525728146,-0.004859823358026594,-0.0074791500907618325,0.010521071421279338,-0.003637692692886496,0.014633406941397142,0.015670246138996147,0.00023948031201936892,-0.00016068994358886535,0.012048365743061451,-0.0013010023810954285,0.00013755339858367854
2023-07-12,-0.0039016259239851303,-0.009372639864748566,0.00047084108633344,-0.004041722370166534,-0.0005820747968099393,-0.01134504217907395,-0.0017964791524954782,-0.007661633321947692,0.0061608258100998015,0.00909076213484461,-0.003907953245109064,-0.0038197222512107443
2023-07-13,-0.0015759878197469934,0.004990893880414182,0.02436160922715991,-0.007087721970981176,0.011965245909890676,0.023850588271103312,-0.0006351279159494405,0.019060745837473192,-0.004472487316611096,-0.010377172922186984,0.001307808045942771,0.024739905400157802
2023-07-14,0.03801404559689536,0.0020717719071672303,0.026999083576978666,0.008362410508415907,0.004551667105587631,0.04457544957448989,0.0019068146625864646,0.012705986143211279,-0.000374518130238477,0.013903976744593205,0.020026102580923855,0.05211711738715996
2023-07-17,0.002432672265746616,0.02091823151829897,0.0003356684840296609,0.0017931484163167255,0.009009967461364177,-0.0021038356455078677,-0.0011631798716088548,-0.005766615945485998,0.015008121284841858,-0.0029086595533517334,0.005121625431620647,-0.006529820952676846
2023-07-18,0.011657684079258379,-0.0008339239423119649,-0.0058153269327383406,0.0004103473555541193,0.006968026264382088,0.03671937805910219,0.00031764026767078235,-0.005957146706458749,-0.0032681726600780614,-0.00405694515352184,-0.009766411844043699,0.0014752157638893149
2023-07-19,0.0015852475673456823,0.0045306017846094004,-0.011923487936141841,-0.004174842511180721,-0.002050313734678233,-0.0001693330086744993,0.013439131944691152,0.009383316026481126,0.008329528186324708,-0.0015754691846758817,0.0008575964948041026,-0.00766437353372984
2023-07-20,-0.0028041359623642848,0.0021660743855471676,0.005350609653487437,0.011846898583196985,0.022754121356598933,-0.01725485719435005,0.027774858517888745,-0.004218378298633474,0.026382092390948797,0.0029203947067901748,0.0021422565060915666,0.0006500981374053527
2023-07-21,-0.03491094592436483,-0.007698062989687671,-0.015966469469710698,-0.036715023946124026,0.0014062223580308952,-0.08133846002183276,-0.0034541778695197367,-0.014513298270468655,0.0067964139462304285,-0.001104028228520737,-0.002992707013275142,-0.027430342173709987
2023-07-24,-0.0022861130998115264,0.001581401976352037,-0.0035673169934439253,-0.009120745333144331,-0.005015053755885734,0.0037549356825115066,-0.038943860385766915,0.001990076532746965,-0.037026676011787774,-0.007068210384283735,-0.009434039593020471,0.007852521749769359
2023-07-25,-0.0012130436915192,0.010843643115593382,0.03822611109745444,-0.004689509976797845,0.0027217700685620017,-0.0014964145106516336,-0.019200107029918256,0.056169223664150225,-0.01146398003500404,-0.0020683170108226623,0.03246756918527827,0.0012961695565059106
2023-07-26,0.0031037121833761283,-0.003477560509708044,-0.00111233981340908,0.005899344422088504,0.0017593683377208347,0.01067747686326892,0.021522791213659964,-0.01068155724794917,0.010557231753532514,0.0011856061847503874,0.005870038970850144,-0.003192002141455097
2023-07-27,0.0021077263188864492,-0.010380299439160745,0.005345204480651233,-0.00520651602378619,-0.006222108958934269,0.003187940799196376,-0.015246222212320082,0.0033454964804837672,-0.011370307006687841,-0.020815792301693836,-0.0012505011499723828,0.002538167336449959
2023-07-28,-0.012350524013656883,-0.017721071348852147,0.00022157293065427908,0.005739530128924031,0.0060086072208893615,-0.009348532908887708,0.007311077350909523,0.00833590021815267,0.0016544470063568628,0.006969560052220158,0.006677712086317733,-0.012216917048990195
2023-07-31,0.011915982809162617,0.004685068802171344,0.024584735835224913,-0.009208312417199549,0.002107937394497883,0.011339034627193989,-0.005870482480278882,0.005185578473824837,-0.01081598064197975,0.003220493112157774,0.021144339720084115,0.019684649271183963
2023-08-01,0.01952174862165368,0.006692168381190466,0.0032425208637090197,-0.003787755411971183,-0.0037563454702564947,0.007007269514144099,-0.001932535966848059,0.004037526697297178,-0.0035280109344101307,0.0017913800490159115,0.0004060240306984486,0.00894361708853153
2023-08-02,-0.00667534939990666,-0.013084566375599294,-0.020685236122175876,0.006996847532308781,-0.007641639976059378,-0.006116161467971115,-0.010111863739888372,-0.04088180910286454,-0.01421628069923464,0.0127733901682201,-0.034496807268642904,-0.0033025138299476176
2023-08-03,-0.004774826436197865,-0.007223465702508425,-0.002640260546423856,-0.006870448268265439,-0.02224021036878987,0.005490564048885371,-0.008802445812556958,0.004037290381924574,-0.00024674458704065927,-0.01776474252446092,-0.006305137140716788,-0.011829124730934892
2023-08-04,0.016748136888946608,0.014459798873086793,0.00816239413934916,-0.002077278698717322,0.005699484988482828,0.010298324888093457,-0.0024120859447251952,0.009433994553405434,0.009194511684015083,-0.0009475831653772415,0.00676817172305233,0.012823753550665895
2023-08-07,0.005636228049489045,-0.0005750542149515203,0.01717720550312296,0.009112061860000686,0.005306472674739826,0.010628705556547047,-0.000109853501530921,0.007277515314541461,-0.003780234179039943,0.00021342242385880006,-0.0012604841790595511,0.011761156410550422
2023-08-08,-0.00821177152797914,-0.0008174326493369799,-0.021727404834529174,-0.001303868085555604,0.004356151667493702,-0.0020101017986451364,-0.005605654881352451,0.0008364947336176876,-0.0019382451854692562,-0.010242985584584363,-0.0058897950449968706,-0.003860505518321622
2023-08-09,0.002453432033466152,0.0003636344011825887,0.031115992902773337,-0.005319802919001249,0.0008230775235624765,0.00302132014146661,0.01392729633782297,0.03183889792325445,0.0019145686585988475,-0.00048792101558114975,0.017350796751488096,-0.002333867646327148
2023-08-10,-0.008609331393059971,-0.008876171039039593,0.0,-0.0060731510903472286,-0.008841364755181047,-0.0038009476985640944,-0.015044126847887918,-0.003829464512397407,-0.016734762756984378,-0.010291042866847233,-0.0016638892109928083,-0.005891698230646059
2023-08-11,0.03275176582298589,-0.010422693526551674,-0.013755554834367523,-0.013757943307248,-0.011668947504020921,-0.01241829472122491,-0.00664088683677222,0.03230582972113427,-0.00521988179919175,-0.006700843425168079,0.002500093086454047,0.0019464473479959832
2023-08-14,-0.0003840622483899381,-0.004880120464053395,-0.018826865860061215,0.012510851911762044,0.0070315698298824,0.015818175847735372,0.0010027268988721527,-0.051489583844192444,0.0014792446052347419,0.002614201319043108,-0.017872054639779256,0.0003044465272634689
2023-08-16,0.005251855171479969,-0.002917690728519662,-0.012422388789556593,0.007698045515584173,-0.003178617471431333,0.017903955811802152,0.0023375321537804084,-0.021593085044169014,-0.004403305142644753,0.002210000415400648,-0.018620416570662046,0.0024783318330223736
2023-08-17,-0.00038220253650511626,-0.005541001710545279,0.005390858042011448,-0.0036629052660277495,-0.005070510777105408,-0.004899548061642611,-0.020544034841155523,-0.004244175477785217,-0.011476778885315952,-0.012777806338798658,0.0008624728158954653,-0.006549127691119039
2023-08-18,-0.002549747293729032,-0.004100687425927285,-0.01809653793978927,0.004521824230330207,-0.0010508210843469534,-0.016117074677581278,0.001473897649345135,-0.0033426206137989745,-0.008438717335059076,0.0075019667393438905,-0.002154186732054475,-0.019981149772105966
2023-08-21,0.00472863562760395,-0.0007856885173113115,0.022525603223928936,0.0031313393924439215,0.0047862001864362735,0.011952774087803597,0.013924996391208921,0.019577208096612342,0.0054547053832798564,0.009360960774837945,0.009499076572282439,0.010260927896796224
2023-08-22,0.0002119818046499855,-0.004278213255802021,0.002113941349289883,0.0011902419329961056,-0.003350065367287547,-0.0011742065555022663,0.01440370821403536,0.0034425501068489073,0.0015621079744043698,-0.00038126676595795495,0.00556031040336924,-0.005732310997032863
2023-08-23,0.002543468842054031,0.0024642189450490015,0.024203400558899135,0.0032153770108072077,0.01559869534961722,0.002992062893573788,-0.008365312832725569,0.0074711912249314505,0.00961382579784087,0.007136960175684548,0.01190979433674122,0.0047601985020726545
2023-08-24,-0.009513527911634512,-0.004601020051259508,-0.010298092626796485,0.0027970448733865005,0.0021720321031117873,0.011115404125535022,0.0009989425085958903,-0.017631494911437673,0.0005056039996067518,0.0027836213586183156,-0.005884843766969627,-0.0030898298957805492
2023-08-25,-0.014770631486287433,-0.01127076094590096,-0.014238826537070537,-0.006857236539918987,0.0014964860364357069,-0.002458434576468993,-0.016744316215737354,-0.022646653758991442,-0.0011791751081046131,-0.0025351556419046517,-0.011416444235527123,-0.0019038180862253062
2023-08-28,-0.006499460681819391,0.010406562204295033,-0.008222228054580394,-0.0030620055118095735,0.00015457757713521758,-0.0031335171283584096,-0.004398333971265211,0.03381142889049071,0.006464920810780983,-0.006942876936934295,0.005988042310984154,-0.001700614837672032
2023-08-29,0.009682060585754826,0.00795437094559337,0.021846270846956006,-0.011562337663507782,-0.0028850021498814105,0.0014127616874763937,-0.0029452026545010446,0.031180905147127902,-0.004049579329104769,0.0012957080369824236,0.016581639650296465,0.00017783358824896567
2023-08-30,0.011187151039279586,-0.007294239776771683,0.0015349315395856156,0.0022958651941853425,-0.009144858692481161,0.012344410602961764,0.006134925420273163,-0.003992400863941814,-0.004598658585922344,0.006141324032922002,0.021329914311258857,0.0043833946039126825
2023-08-31,0.001409903784471478,-0.004592348262847601,0.006787116831524553,-0.010624217492398502,-0.00015649610208900988,0.0002088335493202198,-0.00700085065099465,0.016181731783747155,-0.009099103220965188,-0.009554582135331335,0.006552054900408111,-0.010070717389316086
2023-09-01,0.011645247286440119,0.002068070433783209,0.029139867991205604,-9.978621034234525e-05,0.010378111445382698,0.0058519741492060184,0.0030702531862780713,0.024251278082975336,0.007022011490864566,-0.003222518355690429,0.03376731526335397,0.0066729684100386155
2023-09-04,0.03938280249249804,0.006255278667870234,0.028314909727773507,-0.0013574117552123122,-0.0013936396825995345,0.01471755625202098,-0.008048939788839027,0.008700595867042082,-0.0050251182516636295,-0.008092317458453624,0.0369933057732339,0.011629841440949473
2023-09-05,0.002474702064951595,-0.0060900773954590814,-0.001130161878900915,0.00225884775034757,0.0010854547081100563,0.009419201671225785,0.012800104425422898,0.0075650330442667,0.005022032357516526,0.00994798788295248,-0.0003795207507716336,0.0031740884288657956
2023-09-06,0.00024272211720233194,0.01308015563904874,-0.016354719631833103,0.00656144916443413,-0.011255643756777123,-0.0009805977170243008,0.009817142893743025,-0.014174372170909555,-0.0004233770811470361,0.0022614720458040694,-0.01594531858675896,0.00016040564771957477
2023-09-07,0.014686146392552724,0.009620829328551794,-0.006378667905396984,-0.00636040962607487,0.0085117377833277,-0.0076144255041386,-0.0034640864029039653,0.0014947437940389108,0.010563166747150632,-0.004899097794886398,0.004243739126624568,0.007390732845057091
2023-09-08,0.006419294196932102,0.007791000966858697,0.0022100457809606233,0.002532674728383588,0.005074308453865806,0.0023189280260742517,-0.0072885828941342545,-0.0073915669756112745,0.002347738305824354,-0.0005959919455584828,-0.004994178761736134,-0.003863627356891386
2023-09-11,0.015451376055395594,0.005174292864667196,0.018271547797681587,0.008930567039709958,0.00793362807620479,0.004661175350437086,0.01027898183487741,0.02183870600839999,0.008197496556872297,0.011140889562393896,0.0127412333100545,0.011258316426666859
2023-09-12,0.000663184116907134,0.0031254073243371927,-0.01464372793171076,-0.01474597281354073,0.012522345023717518,0.016695422379855884,0.00883269311542012,-0.038819962196245617,0.0018253795514686644,0.008618372209420855,-0.016393385876120048,0.028773369169161622
2023-09-13,-0.005575567870541698,0.004276298072440454,0.011407641848388161,0.003081286096502822,-0.0007067236070611438,-0.0018320118857227952,0.005208827596068888,0.008675313386403039,0.007398488419122051,-0.006181121938827916,0.004263662882609598,-0.0036164493839110357
2023-09-14,0.006547702213144824,-0.0006083202556684819,0.02928393751060554,-0.002293913468639497,-0.002121607580753193,0.0057396315682629595,-0.007827971307690751,0.02782603781019488,-0.0016717163200079543,0.013431085230054984,0.01659584890752286,-0.002186201970204249
2023-09-15,0.016360354095516172,0.011473595204611664,-0.0016085111906376515,-0.012436156697109069,0.004809156522471492,0.003085832007225342,-0.0035559138374724464,0.0005625514167426626,-0.004199680175489551,0.006433071449789329,0.001898203256397002,0.0107441879247685
2023-09-18,0.00030660273125038273,-0.01967803624903397,-0.024267471311009148,0.007673136624969823,-0.002267085683824943,-0.0130987031537535,0.008252453453493125,-0.013142192339716474,-0.00857263180614265,0.008712520697943704,-0.011367943248712375,0.0021815064175745302
2023-09-20,-0.00888885616189472,-0.04011542889563857,-0.012796698140087437,-0.008759890422721295,-0.0030802284679243286,-0.0010391153002442532,0.001990890430204839,-0.0187295300971837,-0.004948973595666262,-0.006097769811529763,-0.01648135272340434,-2.7695046923015276e-05
2023-09-21,-0.0119065763129238,-0.006618881500535356,0.0026134200379439587,0.0026350321750641115,-0.028212545789864985,0.007716822694625369,-0.012032175764134623,0.0001451714481919275,-0.018860594085467808,-0.006470354770363174,-0.003897074813196233,-0.005754169768780071
2023-09-22,-0.003364502612431819,-0.015257309872588776,-0.0014596488332480062,0.003679205017795617,-0.00938190669879091,-0.00372890368237766,-0.009832300142743056,-0.008489962922617056,0.0004272528244417817,-4.449764831604419e-05,-0.008216018325346686,0.0051181190386566655
2023-09-25,-0.008047493624876112,0.0008824966094715947,-0.019839178095989563,-0.0026586685364058393,0.006366434265431931,-0.014704408127163449,-0.0011285383108996516,0.017564409217571963,0.01591278953389419,0.00471551075257115,0.005128207383899852,-0.007353686587043162
2023-09-26,-0.0015831543169291251,0.00434363495740242,0.004580759007242863,0.001252169491893218,-0.007999145311730627,-0.009157888697320593,-0.00033883452652661017,-0.0021577303818169913,-0.011376424849217859,0.01620243126382559,0.011773878172256946,0.002390209047777425
2023-09-27,-0.00027741461010077906,-0.007023730925809102,0.00731707908828283,0.00919730801837404,-0.005902831202411085,0.004347337023416165,0.015142972022009316,-0.001369420446531211,0.00059521905422244,-0.005761796515635242,-0.005818433558260172,0.0010041004739627102
2023-09-28,-0.015224890424158866,-0.0020630992304075946,-0.01705438386834668,-0.016548316358891757,-0.0005301738654542865,-0.0187796276948613,-0.01870202837252588,-0.015734412042018087,-0.018100408807224633,-0.014626346276580993,-0.01053448697522641,-0.014640812210454657
2023-09-29,-0.00571698715840685,0.0017063698906538693,0.05526393308737876,0.002133789728691937,0.009866399025963313,-0.0027790794685890186,0.008281281827903442,0.028598710806535976,0.0014423995768890752,-0.0013997513138974682,0.016561439098073727,-0.0023043351284590674
2023-10-03,0.003158277361820172,-0.011956944089647537,-0.02577893821041377,0.001338419007334668,-0.012186192826510456,-0.0010100053569901402,-0.010463506116841437,-0.002566536667955255,-0.004983635907871209,-0.008515458931048991,-0.006982107912089641,-0.004180085791529287
2023-10-04,0.0006864488785218725,0.014256823234369165,-0.013647293094258606,0.0157763382078151,-0.01090079614446382,0.007217588032758071,-0.008300192458307154,-0.0296619033952632,-0.002895072099196483,0.03006706369744938,-0.021093725985593226,0.006801509086231006
2023-10-05,-0.003307789957867957,0.004053403552863211,-0.006020247048263316,0.0046653309361053275,0.011612307388970455,0.013223838481271732,-0.00011468117443047543,-0.0013994798604366476,0.007084542856759635,-0.0029365111208605743,-0.0003990571369347773,0.014585515935602977
2023-10-06,0.0018212657597176385,-0.0011068235829040374,0.004356652301746866,-0.007997578294663743,0.004623543093034366,0.010420682698486283,0.01398921555826571,0.008261369452380096,0.005564342984690551,-0.0002814677859734882,0.005189623043144742,0.008929230433982971
2023-10-09,0.009614488772870189,-0.011603377942006055,-0.005924718316815847,0.00476115456385906,-0.006982680241077732,-0.002198072361238479,-0.00384478969821489,-0.010095825606112663,-0.014106349264673357,-0.0013266820817414704,-0.016282800427343758,0.004680565705945883
2023-10-10,0.009763350991570885,0.005671872244706666,0.023094885196179415,0.001951125582760005,0.013424236924440613,0.01335207608760669,0.008968056631887489,0.02461025564099395,0.021404060697155947,0.003766891376159043,0.01170776102189408,-0.002597341993644142
2023-10-11,-0.012838869913745055,0.009673047952621472,0.0067616706327056075,0.015976493391486324,0.001997439400993839,-0.0005017476841603363,0.008663344745622359,-0.0009377406347497175,0.008712579368849616,0.010188206705154412,-0.0027933363941697875,-0.005235805338677513
2023-10-12,-0.017541895251157236,0.006657569107549888,0.0010333342789430322,0.00023479647769253376,0.0012066058317241612,-0.019338847594620567,0.005465826826663189,-0.0012273659602660691,-0.004262200851024245,-0.005469412210940994,0.007603069274377816,-0.018656971238868114
2023-10-13,0.026271869003286596,-0.009097621555094415,-0.007844735923506096,0.004868832010636703,-0.0030914110611315326,-0.023439099824715814,-0.005214181615615265,-0.014746313665232158,-0.0010488473083978267,0.020767010109880912,-0.006751324821210547,0.007988572936115323
2023-10-16,0.011744559549261346,-0.00400462066590046,0.005826032056782449,-0.004339298532845537,0.00010518598192343909,0.0020962833024606997,0.0013382649043502948,0.015187069790738805,-0.006952296299176597,-0.018926398430042624,0.015593704609891512,-0.013106265716364418
2023-10-17,0.005115493005086957,0.007583701776545881,0.001965257028974321,-0.0008404790890822467,0.002627677656934946,0.005787496194967101,0.010023341309584932,0.0014454522906848233,0.012458947389029529,0.009379598668754152,0.0031495980032518744,-0.004823885411074702
2023-10-18,-0.006029244684399693,-0.013917704580834522,0.0014452472106174508,-0.0030905881546304803,-0.01064061071800071,-0.0013174060948674127,-0.003969563651018526,-0.013567180203507667,-0.010245283911448633,-0.0026730671169218345,-0.0023548131444173226,-0.0056457659565618545
2023-10-19,-0.0016541034497513651,-0.003158453614508727,-0.01051440761634359,-5.8736248940483016e-05,-0.008476807853894819,-0.0047896348782059395,-0.002767553195606287,-0.012363732358309232,-0.008526348630033764,0.03737286967448328,-0.008654611500304332,-0.006497509245414812
2023-10-20,0.0025888385600147945,0.005181789366338396,-0.017085109187234493,-0.020780398572454617,-0.0032059628429443876,-0.004464204738354183,-0.026865093129976536,-0.018666633013299516,0.017918322773134543,0.006105801542393374,-0.023015908183396827,0.011257025257510822
2023-10-23,-0.017439910541075854,-0.010999545154811607,-0.031902446255961614,-0.004668877509847236,-0.00300185139109721,-0.013032046584905754,-0.005475644822680037,-0.033589939467942975,-0.016303130881783923,-0.003375413180713105,-0.025182746220527408,-0.024151935577034878
2023-10-25,-0.006186130397817569,-0.0063410616844158385,0.009853285240787768,-0.0024965217342033386,-0.014893347064617757,-0.014813265733005454,-0.007341215584230842,0.01765204094244166,-0.007295718733368206,0.002684385326855665,0.01125002065822378,-0.005879608621591315
2023-10-26,0.0022781824366000514,-0.02211829834876411,-0.009865611660414775,-0.0003634402454248953,-0.008132210259325201,-0.0077369413444565716,0.0038133361019760947,-0.009824292188026384,-0.019212405622113904,-0.029555763993873385,-0.01194889335152427,-0.01573691659495291
2023-10-27,0.029956346171905457,0.003929232676989969,-0.001094929404406364,0.0022817550617302285,0.004512182674750509,0.015373744128968081,-0.0013813999312168868,-0.0017827105389792708,0.004631655274912161,0.021717568825096567,0.0,0.004255583253264916
2023-10-30,-0.003113659243074718,0.010856613367967505,0.001096129588924244,-0.0012692456209325576,0.01331140219417426,-0.0023905362193477053,-0.007608050013676704,-0.0003882254707697763,0.008692121197859448,0.004769981052949568,-0.0062551796575600616,0.008236655683729
2023-10-31,0.008895285039008494,-0.005790840010005072,0.006241138228269882,0.0020573398460581593,-0.01032544980170269,-0.006281602798761665,-0.00476251890944579,-0.015303490473213444,0.012751037639607166,0.002610239662356184,-0.003357170808021781,-0.002900727536761294
2023-11-01,-0.013362251794090452,-0.001354493683771829,0.006964097832046878,-0.00473010790986772,-0.0014202415047620542,-0.010413699777013119,-0.0007001314867290942,-0.0769169406150122,-0.008623638068680717,-0.009217666463011698,-0.018105199335063493,-0.01130999168064828
2023-11-02,0.011477902852821353,0.0015258402838165264,0.024854091895110786,0.013262601116557526,0.00645481106271828,0.011815597665126187,0.007124337932004066,0.007606137578574534,0.007712811362178051,0.01001551983276383,0.01286449387940447,0.008842211343049744
2023-11-03,-0.005614859507045988,0.00474022274919661,0.0021088127561526004,0.00902778174972485,0.01505517287699254,0.013794113051939894,0.004870704568387785,0.012553132497767683,-0.002560852591945717,-0.00467599420054865,-0.006773902361633333,-0.0027380752788142004
2023-11-06,0.002724516282471834,0.007245072230119387,0.014204596469303166,-0.004722713542426926,0.01247594526065754,0.01025888694072985,0.004847095796747025,0.04238560645052192,0.004009785482432582,0.012104596540169599,0.01790273133355158,0.008758892021516251
2023-11-07,0.0033474554653067923,-0.004851164712528333,0.005394655074826726,-0.0003802648347780435,0.0028028056664757273,0.0007125464536492654,-0.006087062983762714,0.013098593644070622,0.006349872295108527,0.0032916013146655487,0.0020938135743477915,-0.0028991915936472656
2023-11-08,-0.004945384508419082,0.002891361003905857,0.007223189959355114,0.009173067699866477,-0.01302603735261798,-0.009470895494413822,0.009822096040654316,-0.002458952880018961,-0.002855065973733417,-0.003608984969004636,-0.005014612890696379,0.0032933182808603245
2023-11-09,-0.00011836721242819426,-0.0039556359362032945,-0.007376197807811513,-0.016929052530571753,0.0017098159118753564,-0.011646312999800124,-0.005835857285898638,-0.0065202218980628945,-0.0007445792059047607,-0.0022569300996829744,0.005039885967838442,-0.010084120516097084
2023-11-10,-0.00950689891359413,0.003937663911053324,-0.006502301636721608,0.003977182935750001,0.0013336315048619873,-0.004327974677420077,0.004949393408494762,0.019529332798482013,0.000286677648819067,-0.003696355940864482,0.0033431418264167068,-0.004182307116476824
2023-11-13,0.004420777295261802,-0.001810222827507646,0.01288177911711963,-0.003378378033290441,-0.004421474073203591,0.0034336883558645503,-0.001259954588674228,-0.0003139746428190149,0.0015755304404099224,-0.002127374366443169,0.007913331711882243,-0.0005699860358139297
2023-11-15,0.012410963482525794,0.010478219989719983,0.03671800257678437,0.0033291547224707507,0.007116451599518792,0.026900980705235833,0.013646776072989253,0.018218847552326833,0.01218384886173296,0.003661859946019641,0.02520662748207214,0.021836667715017244
2023-11-16,0.026945337647216183,0.002625569424953955,-0.002176528387364929,0.0019304725469500017,-0.005419199765120286,0.024388519787871488,-0.007466810889005915,-0.001696636513587757,0.0018932535492237612,-0.003770560728538208,0.0052398248259615254,0.027480115308571085
2023-11-17,-0.001449315989001665,-0.002154668892700551,-0.012988275771798286,0.015093170405897638,-0.015117532944815437,-0.005086863342324444,0.0013677793323374487,-0.00015463094101686448,-0.004653454175057137,0.012048031528575365,0.004009580532358337,0.0013149730736292664
2023-11-20,0.012412651515204987,6.640861462203773e-05,-0.000904079831833049,-0.008838168755941012,-0.0004338488218215142,-0.0006608455377503653,-0.005577660613136914,0.004172555799812683,0.00337174987535227,-0.002892630987194167,-0.00678913557640759,0.004896643423272007
2023-11-21,0.0009053787898585242,0.008470743657106983,0.019203730852829226,-0.00047870681872463905,0.005046329609155187,0.001670580029718538,-0.0012592334808407823,0.007463887291340843,-0.0018920443787840968,0.002917368970531742,0.015279445301468852,-0.0026708211283483774
2023-11-22,0.0023367878410098797,-0.0035574425475383142,-0.01302162743899693,0.006645998607597736,-0.0036173033583226655,0.01306474554115189,0.007908296761692135,-0.004659155225977041,-0.012194432807388411,-0.0009271890580004882,-0.0011881630345913496,0.005683347013584195
2023-11-23,-0.0005263386041428619,0.005784910380776331,0.0033983098499625886,-0.0007931246816170745,0.0002709330578196667,-0.005865081251885007,0.0014782554759211752,0.00015358680203125807,-0.003637620080798265,0.0017432351139878843,0.004758179459171563,-0.00620363895431697
2023-11-24,-0.014936132666591773,0.007099135477854679,0.011654449403320166,-0.0018650956481404135,0.0069339404174586505,-0.008176568941903106,-0.005790719506428732,0.013196186554200295,0.0027022573648449733,-0.010426972120004874,-0.00591946371164942,-0.014579863422828021
2023-11-28,0.00572893161968957,-0.002251744715390358,0.015360412968639547,-0.0018487881541029427,-0.004196247159872213,0.0036871214591533974,-0.005824605358617951,0.012267149144276068,-0.0010033482648835745,0.0032997165224712965,0.007145642251582762,0.003774779836104525
2023-11-29,0.013139278460228443,0.019952187338997396,0.003588085376247996,0.005775669628742985,0.015234951373272354,0.011714176045703573,0.004480186698168964,0.00022445213461952385,0.00642833474143889,-0.00623914458168906,0.007095007105367035,0.01256439059434622
2023-11-30,0.005210344854583715,-0.0002244128707779014,-0.003478581648798329,0.008118707428387939,-0.004948851327872927,-0.0030487569260151393,-0.0032022810760633513,0.0033654765031274625,0.0011406284655268717,0.0070074883435182755,0.0011742120001922984,-0.007442241402720984
2023-12-01,-0.003132540692317831,-0.002181235645213553,0.003005899917257304,0.007110317938304078,0.012567492204494934,-0.0019585578043195273,0.03212489205003832,0.031902244155911585,-0.002819660471620189,0.004227171418733855,0.016419065086106688,0.006895749795721384
2023-12-04,0.0009352087089926631,0.034717807803885226,0.00396363463113758,0.015076202335829958,0.04700538485007666,0.008297151531821978,0.00944861265581931,-0.015458022160774743,0.03887449950075661,0.0026377261045573697,0.007692348693585371,0.00022790591046684128
2023-12-05,-0.015247069136831048,0.008885284329332332,0.0026962176856684117,-0.01500581516330668,0.022447537295525732,-0.007102083316731567,-0.005065487816851233,-0.005282404320381184,0.005443900077796382,0.00844564985911811,0.004580140419214729,0.0054520016968515606
2023-12-06,0.009107830731671651,0.0025251107289594454,0.004513679399902104,0.0017164287659272581,-0.0100646481422344,0.013996416379498111,0.02545654133750741,0.013202462253786074,-0.0038557125921271362,0.014612678433659099,0.0018996455988053995,0.020528974836147018
2023-12-07,-0.001165851150886521,0.0016279081234233939,-0.013288775727967717,-0.019239394270924914,-0.004236229348389631,-0.005697688244365895,-0.011117113038202842,-0.004149411654381763,0.002992125812357971,0.0002702768421378732,-0.014031074386555376,0.0029965343979208026
2023-12-08,0.027183843596585655,0.01395325797797664,0.00833244563672042,0.001608418036592285,0.0118618405658939,0.017224978142069247,-0.019537176165959735,0.0032895479552745854,0.006349805362878325,-0.007433255856900245,-0.006153891208123818,0.0032643818628435017
2023-12-11,0.008210498261596477,-0.0013307152939863176,0.003939818716527377,-0.007394071973881311,0.006182940132282377,-0.0017772815765287886,0.007347115348901756,0.0480873826992978,0.003045980859990305,0.010240021673368682,0.0065790073918050584,0.004466791694718086
2023-12-12,0.0,-0.00993342722988999,0.009666840351305384,-0.0003595330534034158,-0.0013764206402957502,-0.00836408899790686,0.001436674888221967,0.039763734677130236,-0.010683003660962198,-0.003845281277292223,0.00038448180481820415,0.008015581411196848
2023-12-13,-0.004435507359637381,-0.0022635293503870946,0.010237833135793517,0.003655890800660755,-0.0017722013940510983,-0.01832593597750154,0.005627924073096313,-0.0017383464492596312,0.0010140649645373756,0.00389838226900574,0.009992256385451759,-0.021390856105405254
2023-12-14,0.03315811767382115,0.011803314943127363,0.01923628142501932,0.001771740526264276,0.019479264390787954,0.036197362097372565,0.0097662705027457,-0.01500242616770664,0.015140797331080869,-0.010026301308201813,0.004566198144377864,0.020508879798860624
2023-12-15,0.054220378215029674,0.0038784581075148594,0.026054130343747373,0.0026029470189050663,0.0036279707724193866,0.05125054953956121,-0.004129587986018479,-0.01489073220809023,-0.0017531595561631752,-0.017218406636318018,0.03371210916737599,0.0528324634395867
2023-12-18,0.008717308541625446,-0.0005132069209575763,0.01641992504096823,0.004994150822207111,-0.01537500888764265,-0.008901529682417086,-0.014295079698649737,0.014425566521687694,-0.001972256191335786,-0.0004984378316467142,0.0010993447125686728,-0.00046616960466905333
2023-12-19,-0.010636370075724488,-0.001691142419081304,-0.002736622841253644,0.009938866793280043,-0.005874023248302884,-0.003867297170375039,0.009852841882095564,-0.007416322848892709,-0.0002166101570291179,0.046622202429334125,-0.008784750010757514,-0.011142411133947427
2023-12-20,-0.03248657026224899,0.002480578325129379,-0.029476845759435655,-0.0012496723069382876,-0.008666167710123629,-0.014053866776984392,-0.011181812242169853,-0.04366606396278916,-0.010858114453909828,-0.015376790422016562,-0.04172823459876218,-0.009472617959334628
2023-12-21,-0.012431001743186343,0.01792383607116954,0.014684452617951926,-0.001681258295061716,-0.0022351058472276364,-0.0002602596216311204,0.0009978778500201457,0.012185507032465681,0.01434439046241498,0.0007211412348737678,0.009633962817304775,0.0019708392901538474
2023-12-22,0.028585285685984507,-0.00939699871526889,0.02552813104595497,0.008773302468138011,-0.010055770895185945,0.017512924781427186,0.008306490143560996,0.028822294215004485,0.004210046164155434,0.010057266733337178,0.019465642380607884,0.009636933800031722
2023-12-26,-0.0031105708705558843,0.0069425919840711,0.016478115084701095,0.0035525837120373716,0.0008045349441752059,-0.01212492920453312,0.0027460456023313817,0.004542997546521432,0.014162806806768291,0.007631530817893584,0.01235484554877564,-0.00743984534598352
2023-12-27,0.009532546899574168,0.012392719262525276,0.04440799488725111,0.009111060624582112,0.007185307853953216,0.014994034230617403,0.0014240089886965457,0.005481734620047529,0.00821477178929042,0.006196840588719388,0.014792978884341057,0.004123249380200367
2023-12-28,0.0002718471678275769,0.0011447609405916825,0.01436606855867173,0.009776565009463667,0.003641794533142617,-0.0028397009419778296,0.015313890111524397,0.0036117351321844904,0.009987660830649725,0.020584743968091512,0.006924107196761842,-0.0029648716531445185
2023-12-29,-0.004312638939267144,0.002345738600615821,0.0008951660229483682,0.011447253421981829,-0.009245456781896033,-0.012638728221542328,-0.004309296906857885,0.01595703819913319,-0.006896174056121973,0.012586700129674222,0.01049588284386438,-0.0017105347485527611
2024-01-01,0.012038763829443022,-0.006523363346327082,-0.007237390408054045,-0.003453449745636883,0.0028095292309620046,0.0054767972471558846,0.012875987801695743,-0.005480519706065001,0.0005502992422445896,0.02980015731440555,0.0017908975620286594,0.004666058355824898
2024-01-02,-0.009570242978196974,0.0005889038810493741,0.01081244917766977,-0.015425178327254208,-0.01716034856137494,-0.010926107798814422,0.004913972028671054,-0.0010751923801949337,-0.02309921550589833,-0.005452554442710089,-0.0017876959816535143,-0.007320923583831962
2024-01-03,-0.0216393919264658,-0.01541992019121985,-0.038816780654256644,-0.0027738082536172826,0.0018326160950012937,-0.028936361147446243,0.014669828956854092,-0.015069967263401818,0.0004557474775221948,-0.02159727962805702,-0.030444117492008593,-0.024172519498661282
2024-01-04,-0.012380419071158277,0.010729812408574846,-0.004299843579491758,-0.005371083710658753,0.0031502270803658305,0.015234898435315669,-0.0017809734769985708,0.01769121705710952,-0.0012326951403944797,0.018066248414011277,-0.008127144811960307,-0.00675833428720829
2024-01-05,0.009049574069506905,-0.005115779235145945,-0.005927174769557841,0.010607371766768292,0.006635229597709014,0.01312223384483091,-0.0051427110115638275,-0.012349807558704184,-0.008585518897792133,-0.016683561933884983,-0.00446920294863451,0.01938999255847862
2024-01-08,0.010538901094358621,-0.011146054850944442,-0.015928413574967548,-0.015953932683716254,-0.011774216375214253,-0.00636183787292266,-0.01782887264643418,-0.025280339443431665,-0.011636713630365558,-0.017664241113883317,-0.012345720948221395,-0.015944578820057842
2024-01-09,0.008633196917019248,-0.007784989214509319,-0.0029429128221487577,0.0005817195254824714,-0.002291211178234942,0.004268351608773813,-0.0020408786908814314,0.01526871702869359,0.00030115588250567704,-0.01019367952951078,0.012500042990826854,0.003153596168647965
2024-01-10,0.02170635489282824,0.0033019131355827014,0.0071186446864934805,-0.0009110112441412799,0.013574890697667152,-0.006146615677596112,-0.0026907015642054777,0.003983012457340562,-0.003202543548966097,-0.005592728085037524,0.003367009386507025,0.006274008319213431
2024-01-11,-0.004892440121677111,-0.004196886910646125,-0.005344340188845553,-0.015984974563423515,-0.0019132616009639447,-0.01690901225657071,-0.0014029546463908416,0.001983563585159498,0.0011258185365972118,-0.008106773605668582,0.005965681473566908,0.00605965958310839
2024-01-12,0.037715496709308516,-0.004730207726976854,0.008839449779726394,0.0030755955980856786,0.012460258785127465,0.07934021113077216,0.008753854100935543,0.004710213712926015,0.0057054008051407035,-0.0029720555067687116,0.002965151586895143,0.039418408094545
2024-01-15,0.030763257750445527,0.019254285477840583,-0.012713588056247338,0.01147792742360454,0.006327816893898719,0.024399273646232622,0.00192846924601775,-0.0011549817446429023,0.00995494190447932,-0.0008040503361969042,-0.0029563854558691816,0.00540862820375021
2024-01-16,-0.020620850508427213,0.0037959550995780855,0.008526942514937463,-0.0015933182891658682,-0.0007921464773746889,-0.012438727524334947,0.010051313541087348,0.019998560960698075,-0.001890268294199915,-0.002158805379948614,0.01742025081278631,-0.010886920096710884
2024-01-17,0.013147352353955588,-0.08435815003093883,-0.033301708873157754,-0.002413366556874963,-0.027055157921658246,0.005301677648716918,-0.012068602901787795,-0.036878928505511444,-0.0369859404220273,0.0004129986255656526,-0.04080146848379462,0.006034207511102174
2024-01-18,-0.005298528247184686,-0.03339840232408209,-0.009549276784661775,-0.005813683259658475,0.004685449326059965,0.0014632880004692428,-0.002357473614906347,-0.003323572780056905,-0.0013485516668529929,-0.016161405777039395,-0.004937215347383783,0.004633645174018541
2024-01-19,0.007971279173647927,-0.01042956537148687,0.003964518247013604,0.006828755875541104,0.013027885990588572,0.010105859368247483,0.012889306216490093,0.013269394049085781,-0.007286660386210175,0.004855967653511595,0.024809048338468642,0.017403836239570314
2024-01-23,-0.02825331369562689,-0.029442754671453852,-0.02818158620263278,-0.07400399214007203,0.029873942066992454,-0.010275913902971778,-0.025874782673803165,-0.04744597071197776,0.011449344154355945,-0.020384592680809832,-0.030912382573074826,-0.021506133829119034
2024-01-24,0.0346208481062511,0.02000212977424387,0.043867823406215756,0.027825116132665473,-0.029007377356333963,0.02024781215538285,0.009362069027880171,0.016770961165039955,0.002297610981637721,0.02072761513126853,0.03881620709323408,-0.0042636626299180636
2024-01-25,-0.016588536357016515,-0.01442406338039448,0.0036273956835162213,-0.005467628324022811,0.01075863233599561,-0.0037603225070509394,-0.017148420536088005,0.014158280612377228,-0.01129387731230913,-0.012649402727000436,-0.010358892749175785,-0.008199275739678047
2024-01-29,0.015675068575410345,0.01376396198778651,0.001234087682147944,0.006630152088291874,0.006386482006819572,-0.007488984457135417,-0.012838810163763759,0.020173147854482876,0.030818883603518588,0.006607297852630811,0.009345785488069414,-0.002440695632758394
2024-01-30,-0.009685432167189423,-0.007115075607969978,0.0023771549227316058,0.005829621154633591,0.0004919391257680594,-0.0031089241902900744,-0.02612276625190768,0.0211426618096624,0.00038406894113007795,-0.0026015318398657783,-0.0022220690918118846,-0.00011828217840292865
2024-01-31,0.010709829955704686,0.012635884843198664,0.01774260475867706,0.009314201352326856,0.011063004900928153,0.0057223633896246184,0.007990050322794762,0.014674378854492298,0.0009047062082319091,0.005597716358710203,0.009279871033538667,0.004051797968223969
2024-02-01,0.0008884394573003274,0.002598144701739802,-0.013981151333558262,-0.0032036129384612755,-0.0029179026723789026,-0.0023180452728434053,0.003057310781472644,-0.019414996428897546,-0.001369657449903472,-0.0152433495289519,-0.008459072127840694,0.010010708752694608
2024-02-02,0.004025575122556191,-0.013775620339521177,0.021444180421776204,-0.008489648594469212,-0.0011218026687502825,0.021906323020457252,-0.006321981404309729,0.04518821965848385,0.00010974301508359652,0.0055109820235255125,0.028931764154239925,0.029098522571096908
2024-02-05,-0.01793224557923012,-0.0008990237696264725,-0.006169638730821436,-0.013495937704110283,-0.0004882274719583135,-0.003631795978700225,-0.004658013493690216,-0.016623665034263047,-0.008008934852855587,-0.00753623275961024,0.020547905874429784,0.0017648749904828342
2024-02-06,0.04397749218272384,-0.0005190508140331396,0.008622167778897127,0.0028311179215358973,0.002833393469781731,0.025041395865431637,-0.015180905987291382,0.02371903022017019,-0.011806408591583883,-0.0024566863820441043,0.021900416579546444,0.040948259623290406
2024-02-07,-0.005173310883416105,-0.009798481118188818,0.012566322994409962,-0.00037098728677653625,-0.004140622572956776,-0.020642373269040837,0.0009272040893575362,-0.0007039998945647108,0.0031337641824054074,0.01748344632190313,-0.0017282639206791517,-0.012717668723650322
2024-02-08,0.011421692371301528,-0.01881177525078448,0.015280630561449016,-0.0034631698261158306,-0.03213816007083892,-0.0009741037671214814,-0.025297631571754575,-0.0047396069786068695,-0.03508870413416865,-0.030625125881293958,-0.005193988590301624,0.012416219335994905
2024-02-09,-0.0019586814804750663,0.0003919474595548422,-0.016630720386893283,0.002937284375931659,0.021631442824629588,-0.013444858517619784,0.002291719776650325,-0.019949891988468305,0.007371150094811707,0.011163759578316501,-0.016359150593185157,-9.659824920393856e-05
2024-02-12,0.022292399958710796,-0.00968941599836104,-0.014966883178813228,-0.015881855258022548,-0.014445450102742008,0.006439638303447959,-0.020818387143990758,-0.02357348458240116,-0.018881343088331115,0.0036529414020147755,-0.027600861463703663,-0.0031449735308451965
2024-02-13,-0.0008099021018733721,0.003201468395288787,-0.12421668237362693,0.00350029198378099,0.023792748654177354,0.0026486313912479353,-0.00024567574655853797,-0.009347680191731045,0.016144486679089853,-0.0006913112418547307,0.0032751151188472605,0.0069890622325867735
2024-02-14,0.003542403256159732,-0.007458035453795531,-0.0045090243826010346,-0.0025271809879601204,0.0028437344557410427,-0.010893115894342054,0.011800865239218084,0.029325990707061322,0.006792836533065172,0.012065748062958903,0.024301757091975018,-0.011905056921667101
2024-02-15,-0.005354536848220515,0.021675444882809147,0.010634244459032605,-0.015536335867697093,-0.0059156741647834465,0.006091757505968243,-0.018588172924794755,0.009298971913852094,-0.00554625515414453,-0.010665325300810213,0.0,0.0007560825981507424
2024-02-16,0.0029473835382254343,0.004137046230407337,0.004871329875044017,0.010379299786486884,0.00649187758658365,0.015092244303949842,0.0017329656281646066,0.0056194564780644995,-0.0022997941484197426,0.013898132286474185,0.007790432668193903,0.006117116951358081
2024-02-19,0.0046777857966542324,-0.0019719869568169957,-0.006592997992723726,0.0050098907139994875,0.020034179751737602,-0.0011165615937556161,0.011492927034157052,-0.013645238609495403,-0.002218637791296496,0.010290907011371475,-0.002459571878670963,-0.005934635206056305
2024-02-20,-0.007282527142480455,0.026250743821371048,-0.001366337299312459,0.007100561873786493,0.004790485786165144,-0.00853064090756328,-0.007697066673064135,0.0013174898656955758,0.017962310054880026,0.010404769710281814,-0.006340271722724777,-0.017825064416517433
2024-02-21,-0.016084883606180655,-0.010417299946026248,0.0003908816756810207,0.0012478227020480404,0.0030511754200497343,-0.017623457875307946,-0.00677166566589138,0.015131561122314396,-0.009304987588924618,0.001654067958361649,0.02020556105791327,-0.009712957385097032
2024-02-22,0.030617799005407287,-0.013619180904146044,0.01826899464922449,-0.007893239048493483,0.010219141157637113,0.015583927783226814,0.0275194806116823,0.015813397885531044,-0.012227230205011597,0.007685928896635996,0.01389850411337279,0.02395098392369266
2024-02-23,-0.012245060846844402,0.0007397105755377886,-0.005372893625296582,0.0025122595094622113,-0.0013174173809196166,-0.0026764285968765567,-0.007359158659999476,0.003636547047592753,-0.000434831029485494,0.006183845018368439,-0.0030842007886880962,-0.008563557976328906
2024-02-26,-0.009575243671364864,0.0011967161811370364,-0.02565830315633366,0.004239694951598372,-0.00668988476563892,-0.0099592150188198,-0.0053475749716189735,-0.019388507143152656,-0.010266884531590414,0.001899937708860877,-0.019250659182136642,-0.012598343447870142
2024-02-27,0.0054551829008646635,-0.0015116538157575743,0.009108037028645821,0.00043683221322221577,0.005691363293237162,0.002078155159911166,0.00476532999160395,0.006223293921681083,0.00026377346994577167,0.005727862506615722,0.010865712721744636,0.02583068326921678
2024-02-28,-0.004159565339459936,-0.007569711862609241,-0.010301237504956262,0.0067558520517185805,-0.013205007037958127,0.0045984826768559195,-0.006931764230633908,-0.02686509461272013,-0.013563861148555567,-0.010697799321084833,-0.023925110955059115,0.0035450066344795417
2024-02-29,0.0072340194039670624,-0.004257027962361382,-0.001090391152464787,-0.0038198068175023803,0.00573512135663834,0.0015856002239298395,-0.004898486386158751,0.027805393889055008,0.0034747441789655387,0.009840893585350452,0.0007105060278707054,-0.0057903511759661574
2024-03-01,-0.01187012944415311,0.019488379221152874,0.030266915553853746,-0.0010779597143354414,0.03297850839573635,-0.011470160711759991,0.007876125915986742,0.06003217965023966,0.022640559472463462,0.0020222779738297003,0.06460776767500165,-0.0001830850285015062
2024-03-04,-0.0037405752512886803,0.0013627438949563864,0.011269589737474828,0.005104384435079545,0.005014216421096451,-0.010575992437615311,-0.0009768429773614473,0.02017378551121074,-0.00028945138252423064,-0.0047474021931714905,0.021007039775063685,-0.003333965770564107
2024-03-05,-0.01135564613410256,0.005688564756738401,-0.005429177218917447,-0.009145258569295045,-0.003936408662302493,-0.018751514594753882,-0.007210990404345474,-0.017868831514894934,-0.006658158287028315,-0.019485504617525296,-0.008164589433166003,-0.0168106946305413
2024-03-06,0.015345555714971981,0.0012145388851763084,0.009289494326284453,0.0003957219273975632,0.008317634143830022,0.006878330108514907,0.004185700111390966,0.006913682258137932,0.025674657473499618,-0.002205911650868253,-0.0016464226786095937,0.013010548177694092
2024-03-07,-0.003983544639820202,0.0024262180729208715,0.018502685568991817,0.00781006259539363,-0.008340172460218565,-0.0006801283178098361,0.013975784378914113,0.010660718100785838,-0.006648761319931973,0.011014304077688442,0.03726914959545424,0.010899825359649284
2024-03-11,0.0006106640055825174,-0.012654586589520456,-0.00558959417230509,-0.012275097216955966,-0.00850223321326693,-0.009805326049309615,-0.010035060681060193,-0.013408830057645926,-0.01052597136785316,0.019738799991399825,-0.024165429808662875,0.003346606891512449
2024-03-12,-0.001861456584373311,0.02223700375500326,-0.008900237121837296,-0.004895749704915908,-0.0017150512163222054,0.007715763113678609,-0.012090863754579462,-0.024886693572747753,-0.0053767538486350075,-0.008175379945328243,-0.00619086096961019,0.01695634961156789
2024-03-13,-0.0025064357303244966,0.0005823041906569681,-0.04149733440508907,-0.027563363781527017,0.006593281247659677,-0.0009610045186102534,0.04450485673882687,-0.05321193464412166,0.005347770898358473,-0.0027797806571359107,-0.05803285579062578,-0.010316714747084732
2024-03-14,0.029267409741324135,-0.0033895164149082557,0.03599614206828661,0.009513084953626683,-0.00032289763137816063,0.026002415644545085,-0.006628046169645407,0.022768913447847705,0.007429705612117976,0.011537298481901326,-0.00835350500237797,0.014123849250569753
2024-03-15,-0.019026294286986767,-0.001923734267552768,0.013898058380439116,-0.0029555069244875387,-0.0029993036165453235,-0.01167369796762141,-0.0013106520823112922,-0.01772005085901429,-0.002353125804196776,-0.0034829317273863403,-0.005265088906802995,0.002768810195527438
2024-03-18,-0.0023675821625631643,-0.004543379837069539,-0.0026287656865264797,-0.011921668518561135,0.0007867930849030369,-0.01918601606353043,-0.003936953752750716,0.05242585785154996,-0.00023014907079077496,-0.008948999696660298,0.05645738143429413,-0.0158203509544379
2024-03-19,-0.026925919714139823,0.0022820148127591366,0.004706646874123699,-0.014348057084781818,0.0025435058265963484,-0.025707508226294196,-0.018924378677359632,-0.017017221856598375,0.006761041294693015,-0.03266990511557133,-0.00634615464421151,-0.04219139202567079
2024-03-20,-0.007535154991569537,-0.012626295620638439,-0.010868582822452733,-0.011028078806916253,0.0005074105635942683,-0.004162699255254587,0.015016440072707304,-0.01498275013842476,0.009001760547068471,0.021714128746810557,-0.02084025607996076,-0.001609122304422339
2024-03-21,0.005481735044320368,0.010272113064315525,0.022449632737367775,0.00017831897321807233,-0.0024895469004048154,-0.00016084682979156106,0.013350953970527435,0.05010549175986134,0.0038234545813495835,0.0013333338543703999,0.030552737241385186,0.0005162158246307946
2024-03-22,-0.02378131636058778,-0.0020059494073969564,0.014915610463154483,0.006332819577790083,0.007857269261457578,-0.029491244446701703,0.017448154410388383,0.013815303177358684,0.002398280411112008,0.0077339271490795,0.011325778993535707,-0.01561811979987926
2024-03-26,0.002824456729979774,-0.012094046787324064,0.01989981961389309,-0.00733423514260223,-0.006053463843082474,-0.01073658300924396,-0.0022165942158726137,0.005162694596207995,-0.01277867833273949,0.004935175179113793,0.003952506125618482,-0.00854026667273744
2024-03-27,-0.010273764967388521,0.010733824983576001,-0.001790138201369862,-0.00013402573157983433,4.6253363100268174e-05,-0.0058956185734917455,0.0008183618525716696,-0.0048973218233362426,0.012487917759489653,-0.007598347149955109,0.0019684726625524007,-0.009438965999204796
2024-03-28,-0.0017137214635001286,0.004997589210736564,0.0046623957331322075,0.011005985470661228,0.008812002971068766,0.009569828263694902,0.000817851985198681,0.01926543658784441,0.005575582540067847,0.021781146117680228,0.020628826028053604,0.009216518022806763
2024-04-01,0.00851914796111597,0.01560870691588323,0.01490391343754971,0.009516918036883926,0.00580807083531365,-0.0017356003720639945,-0.003852016540726644,0.022610826022564146,0.002912417374942633,-0.014014116535572496,0.0468398082564212,0.01043517680579309
2024-04-02,-0.018243509673748326,0.006562501625722028,0.004572826412142517,0.0003501144177473492,-0.01677818576346579,-0.008425616579477158,-0.0019919777615612366,0.03287851422763266,-0.01859617203043351,0.014580815759823063,0.009194042359748522,-0.008412591729618724
2024-04-03,0.0049399962436491585,0.0014525726227001545,0.009453685083858687,-0.00940224141420265,-0.0036995300854337776,-0.0014835580981706897,-0.0015264446448074453,0.0061322495815876454,-0.014936772926068986,-0.026436288945381525,-0.00607352136050443,0.016350046860544643
2024-04-04,0.002474213841742845,0.030560629026979758,0.0019944697914717757,-0.00011044560934969638,0.0015317703263642013,0.0040859120362508605,-0.005761941776062263,0.001052643588735025,0.010397628295853112,-0.0017031761664986211,-0.0015277072759066757,0.01418682848176478
2024-04-05,0.003637147851005995,0.014368926746435529,-0.013327508176375513,0.0008832139118077897,0.00421751245772195,-0.0051118979326268965,0.011354232673630671,0.013726760021416151,0.020581435160785144,-0.004687010334504027,-0.0003059114611513314,-0.006007569630074983
2024-04-08,-0.0033650272671973402,-0.0019038687123732467,0.011841054499375003,0.0008820984104973562,0.003461258900081532,-0.0016225780108508614,0.003625283455752193,-0.004586463101069804,0.0018205428440527527,-0.015605043481248915,0.011325308160174297,-0.0016837000420597548
2024-04-09,0.0002921842253058582,0.001260909298050672,0.020457719908160588,-0.0021154838349295435,0.018304882492704344,0.012290875387711786,-0.00640870058544829,-0.009873246410631586,-0.004361414085666593,0.0019013649953558698,0.004842602404619756,-0.006544908935311566
2024-04-10,-0.0008764669559098159,-0.00787833092537038,0.024549711840160526,-0.0014354491550245818,0.002122675871653268,0.007994104731567031,0.02486215101979461,-0.0053182940310969595,0.02546898860616631,0.009909069144580895,-0.005722816764308414,0.0096540357395829
2024-04-12,-0.01146739511674899,-0.011325531672266242,-0.007296155030067086,-0.012649571919837621,-0.0045068913532640975,-0.01463367790419956,-0.015676842461605056,-0.00022274626415330623,-0.00706493030507771,0.0034024350900094813,-0.009391153017713538,0.00420361075012643
2024-04-15,-0.01081164927596412,-0.01596513311625747,0.023469386279515225,-0.017134934150365155,-0.023587569558339627,-0.011180343135148818,-0.009765194479172012,-0.004233736446184966,-0.00821807852436951,0.006880325906555296,-0.016207872294904502,-0.015044694800444569
2024-04-16,-0.018437765774259374,0.009734509116311907,-0.006283737127588451,0.01219199633260759,-0.010479003334338155,-0.03657664652710446,0.0,0.009006982185436607,-0.0030865210771516827,-0.0029564929279495278,-0.004973663538984985,-0.017355182801971902
2024-04-18,-0.007073798678821075,-0.009640662004145262,0.006487695772161128,-0.0027016307226948033,-0.010871128610236203,0.003393665262065859,-0.016553193291187318,0.004490983069636023,-0.003263375064528229,-0.032814933957091785,0.0,-0.002788562885843948
2024-04-19,-0.013191523804029881,0.024486668905198572,0.003182172407832695,0.007585333279204853,0.011180104217704212,-0.0056369482990901165,0.01408626553705239,0.02362424892393178,0.003302048084646847,-0.010091163551900206,0.012808576008216832,-0.009269837349467402
2024-04-22,0.012711604033389445,-0.012473167277226915,0.006181408559280399,0.004436310411978894,0.018177580224868484,0.015234828197391082,0.0012948346427217317,-0.01035318554750897,0.009650540601917834,0.00861465867654898,-0.0015422168851817464,0.010036075577047887
2024-04-23,0.01415497146310063,-0.003041863502356801,-0.010912706842539754,0.009480110611677528,0.0033129803955731507,0.006735297740122936,0.009169951134366805,-0.00850005262570197,0.0017126237752804752,0.017305800320432274,-0.0043250543326031066,0.0026133408168942385
2024-04-24,-0.004977532449574107,0.0027194858498060803,0.039718865066127096,-0.0011048662043282587,0.00596190430886967,-0.008076789002651519,-0.000698965213772107,0.029290612300157726,0.01640891191014071,-0.00043967103761166637,0.02730378058049232,-0.011265352116915484
2024-04-25,0.01683290150558081,-0.0006282519066984626,0.016821199610888238,-0.01300729705870185,0.01550033134676121,0.005381578716044277,0.02016796436599244,0.006139875291656383,-0.1087204422889928,0.02499843047919703,0.012986918016562043,0.005520685599798902
2024-04-26,-0.020144401674656143,-0.0006288958900872998,0.0038652745648948272,-0.0036757769995982015,-0.005252486994106964,-0.005700520026092781,0.005599230477839612,-0.011037471024541001,-0.020670323906615384,-0.03117871520908455,-0.011329702443451217,-0.008008393394763225
2024-04-29,-0.05865583247111228,0.013048000184069375,0.0011550889529916564,0.0015521846230075464,0.047161279123808075,0.0031464033024000138,-0.0040908528839428415,0.010999726544121513,0.019832097935328363,0.010895357483690526,0.009650155444516306,0.012783497232446095
2024-04-30,-0.01499218009792369,-0.00614577693684748,-0.008691554407136759,0.001954024627830009,-0.008404095574235826,-0.009897235750492839,-0.005819335922609303,-0.013215107652670866,-0.010027886367713013,-0.0009563570994127746,-0.014336880045743738,-0.012803018653893772
2024-05-02,-0.004317257828503673,0.007992945833216192,-0.004577954578952492,-0.0018605946683298846,-0.009518452949414336,-0.00429409988649343,0.0076898144663040124,0.01312312444155972,-0.029742367917354295,0.0019541914161642637,0.014242470903810034,0.01116300328737263
2024-05-03,-0.009296613901814688,-0.008255806663411303,0.008808082872384881,-0.0041548102041901736,0.0022818344267576673,0.0013079847016481683,-0.005808808409574762,-0.01098899811843057,-0.018373393525533688,-0.022369917478506807,-0.005079268745973087,-0.005151014946912391
2024-05-06,0.00797459542873824,0.0020070847119317836,-0.012826387152265362,0.01765846657358061,0.003721429972096013,0.006778281303525979,-0.0038949569188833078,0.004830894990601076,0.05017127765865981,0.0005293106535180225,0.006606661136241199,0.020203545936487988
2024-05-07,-0.007346507266420943,-0.01083639716253415,-0.029117045880021064,0.05460519901987859,-0.012562222306405912,0.010554618975654462,0.012880814105529215,-0.012767090575479867,0.012066815602735481,0.020855445979007348,-0.01998814431769802,0.01476640643035032
2024-05-08,-0.01299831940586782,-0.015602721371197004,0.02144461277472276,-0.016117567401245925,-0.007862885258961838,-0.009472864347200405,0.0014762590084005378,0.021156839159408802,0.0027069732609874553,0.012098090510632264,0.010958924303024586,-0.0005027403405025721
2024-05-09,0.0048720708178222605,-0.023707454009924467,-0.022257259463471457,-0.006578244294893065,-0.006500425244943986,0.00858255762015725,-0.03605446399589862,-0.02363287962908356,-0.0031850818300683814,-0.01006305366494209,-0.024992443087648364,-0.004211749931987252
2024-05-10,-0.002916757622276167,0.00693266997985309,0.010009536837920718,0.015866577505152968,0.001210019508659288,-0.01017677084279045,0.019407251391605262,0.01004015770396638,-0.009220365182827317,0.007857722595658423,0.00216181030065421,-0.016741554989358254
2024-05-13,-0.0025070963583223582,0.012066238863965184,0.012627984863814223,-0.0008042617595196422,0.009802630102880183,-0.001017584937813898,-0.0034614360731340943,0.009564239484736836,0.00813904846594804,-0.0066911805709981564,0.00986139751549131,0.01384219093378447
2024-05-14,0.006207720570835296,0.003916797365439262,0.020757694603752874,-0.004680760089849412,-0.00660459147028114,0.0008780748445857967,-0.004978617002591168,0.04151371701589457,0.0031075460282368184,-0.01148528693909523,0.00671331787755558,-0.011804022743530762
2024-05-15,0.00897020452803221,-0.01536665958983563,0.010902370459704436,-0.011193515570097179,0.003391128037532498,-0.0033340301412342344,-0.004421681519451437,0.01543251497218634,0.0027334033877295383,-0.008985495516918185,0.003940734946536351,-0.0053317947868927185
2024-05-16,0.011441115993437778,0.015119854339414207,-0.0005354889356408155,0.008543849378468638,0.005958971037178351,0.023522019860535037,0.008531933250633283,0.011775973384920979,0.012872608955408538,0.001359130294071198,0.001811565275892102,0.012602584264393757
2024-05-17,-0.011089312133870655,0.0026365712830374033,0.0032142764527607337,-0.009730288942916498,-0.00048628059081168296,-0.006227043908956342,0.011241272941615144,0.010196501546630543,0.01465260631581633,-0.00925723867130357,0.008740241665358361,-0.017136754619845873
2024-05-21,0.006525768278909272,-0.003620009146567127,0.058204247794423125,-0.004158916724462891,-0.008447597556680675,-0.007027506310724352,-0.0034379539173531315,0.05263413265552752,0.0010020239694301658,0.006256494789905087,0.04182853294114519,-0.003625377480583114
2024-05-22,0.0008569301853198485,0.0002741896457745252,-0.013047889302847171,0.024321471761982627,-0.008787201301289405,0.014398763087432043,0.011729446751725492,0.008185525741269961,0.0007655342624985906,0.003392943038913465,-0.006022409462629885,0.003088744420488121
2024-05-23,0.00781796162007442,0.022889280300673054,-0.011321295331859216,0.006591067714123655,0.021060281233288514,0.012097745570438745,0.0032962874588953195,-0.0033866976865640774,0.005589677251231162,0.0020250274381177213,0.01269466890086468,0.016036092082805542
2024-05-24,-0.006168954939649418,0.01648134588098138,-0.005245303429259551,-0.00564537493423678,-0.0022478267854468825,-0.004957865801768491,-0.011668839463741643,-0.0045156500310743475,-0.003276606059998688,-0.0025866638631971695,-0.0037036600021057575,-0.011288190352089278
2024-05-27,0.006021519573138345,0.006920657038791633,0.00683259597959518,0.006521508390968878,-0.0018991846122093925,0.004265918476035857,-0.010774908060536825,-0.009259238030430716,0.004432218364389451,-0.0031810630432620446,0.003717428091840169,-0.0006365456565242678
2024-05-28,0.0037684606360584016,0.0018327648072227198,0.005089671316918842,0.004801814378557978,-0.00252271508803692,-0.002922365689525197,-0.005793636930242263,-0.0063250092536699665,-0.004295839260424206,-0.0033335166549736117,-0.003418839879899993,-0.0018585858368704855
2024-05-29,-0.0039016415064060395,-0.014504986887503457,0.0352266451382488,-0.009411654456950913,-0.022139271987836717,-0.010974441960488135,0.004545471160840586,-0.013347806489002578,-0.009274169695025258,0.009993045029268899,-0.0037163656612366758,-0.009440270067767376
2024-05-30,-0.01570472007416346,0.004342556429610012,-0.01439095601467355,-0.009269493139004048,0.010616981744083098,-0.016196272945807277,-0.016475343860932856,-0.00707723530028237,0.001332921493723882,-0.028834424345845266,-0.057962659868244004,-0.017759196458584037
2024-05-31,-0.005818863607536029,0.011024206096186262,-0.008343550249213294,-0.009504744000679244,0.00659971478216459,0.005323444099749608,0.006134349073248391,-0.0029577130473965596,-0.005739197945594077,-0.020750293119672913,0.018580480805639787,-0.017438187653192272
2024-06-03,-0.0072881169680838465,0.026541689645531497,0.00957429908507934,0.011528162267354647,0.03474414030465045,-0.0007106960936651419,0.00914522254632577,0.02849777900911188,0.022405283463403203,6.379659571642549e-05,0.042165118123551615,0.008690116531666847
2024-06-04,-0.008292281451850458,-0.056640261661991764,-0.0673900247136473,0.05959506727172914,-0.07633619873639896,-0.008713349070302412,-0.01742030552828333,-0.09201380296294737,-0.04662256060370307,0.030869975598036392,-0.08780494538444439,0.0032812085791913415
2024-06-05,0.030800348884056694,0.04628657586696616,0.07118104547005721,0.04264322250938646,0.03471932487293827,0.02615428887013027,0.03636810271379942,0.04801329047341185,0.048933145901242536,0.03381724958250021,0.06448568618818706,0.008465673691920417
2024-06-06,0.0400388247563217,0.005090807040371015,-0.025530448715953225,-0.020420690085222626,0.001578406362419127,0.029473620587820992,0.011852070588423746,0.02315530037223046,0.009661879609700774,-0.015319674924455295,0.016844128872394837,0.022407902904399313
2024-06-07,0.024329037716094293,0.008751645360729254,0.004206619973093684,0.011060612611377696,0.010176543367547808,0.04167074982501062,0.00861291485944804,-0.0025253592498388766,0.010952828553559835,0.012563618281740574,0.03981381918429383,0.016590878896354244
2024-06-10,-0.008906584719805322,-0.007658653736140497,-0.005805702818326153,-0.004829853081582014,0.0018721844231071039,-0.022072124902557166,-0.005123650105439581,-0.014411626310297687,-0.00459029213994222,0.018282202358788302,0.007769708687344723,-0.009052504045581
2024-06-11,0.007083749858116883,0.0022416731063887863,-0.005100581857967024,-0.003508264381393955,-0.004983162395936658,-0.00266721023997174,-0.008926506222466712,-0.0032109511532292245,-0.014693630248823308,-0.002452636542729869,0.005768593265492061,-0.0017103760536635315
2024-06-12,0.006963707289636467,0.00597515109447988,0.0014117485338085434,-0.010816200793325792,0.0012074252771074878,-0.007053284010088867,-0.001616697572263348,0.01863413611283149,-0.0024709066084437348,-0.0018293225586522022,0.004963247599107268,-0.005308928556811754
2024-06-13,0.0037533867621406536,0.0041928080220983155,0.010090544214054198,-0.01633260026386485,-0.010897275631222114,0.005891473000910308,-0.004626272850289492,0.013184786602122855,0.006178038975339639,0.005694902405926072,0.0018109308474767438,0.012135872068634646
2024-06-14,-0.00907112754679229,0.010216641865205434,0.004260243096749328,0.00663722461899785,-0.0015352179696915824,-0.0033802890722336443,0.0019752673071400384,0.010756243605251514,-0.005300216877387243,-0.0036249695738641563,0.003231829846195966,-0.011887061816666766
2024-06-18,0.004297429484597881,0.0068256527275920575,-0.007094767254113177,0.0026212563081682294,0.01555645203371192,0.006246161887109025,-0.005566458890399084,-0.0172929330008319,0.0012811955212481685,0.0030876373973653948,-0.011083840991555793,-0.004423233200491761
2024-06-19,0.0060186871946283915,0.031129539458385258,-0.024088355430329278,-0.011764764205428713,0.019236699928011358,0.008777243022074499,-0.01189499637862279,0.012279363428508772,0.01587757886912522,-0.009528057669498824,-0.006073196022265082,-0.0035124149180353337
2024-06-20,-0.0016598508238282461,0.006936652144256872,0.021286190958766715,0.010256447532184021,0.010791360666980498,0.0026797085147294286,-0.0008262285735235464,0.0090263641340258,0.011192602844887212,0.0054232889555894115,0.012554113550057755,-0.003800943417134439
2024-06-21,0.003048194001777693,-0.002156462521004543,0.011825560911153943,-0.01647731706254263,0.0015992614074336053,0.011416181419470428,-0.008740814276813613,0.01973672379063718,0.005321963878701652,-0.016281087855699705,0.007051665049536693,0.006205098052382452
2024-06-24,-0.004834715391604405,0.003992176374129297,0.0010956891960924864,0.0003686610494455511,0.00988211282431295,-0.003621092803378745,0.008817889813991009,-0.0058945507235493855,-0.0017457924636025135,0.012668274516510758,-0.011003656257316363,0.0015875725515162031
2024-06-25,0.004927652533787574,0.023289886713483643,0.0003647397543051767,-0.004094667096509741,0.023801397007170655,0.00969125748375399,0.0,-0.006396473544372228,0.005274922063347898,-0.00577069974251887,-0.012811878071092742,0.005672358572097913
2024-06-26,-0.0029352813903320563,-0.0057556866277864716,-0.015754855079183394,0.005509444148258158,0.01673695072251702,-0.0008107692580369141,0.001535523875941358,-0.01592981027778073,0.009119401368493874,0.007473713194510401,-0.017759600603858283,0.004532949090003235
2024-06-27,0.00775792477126358,-0.0031443069887190367,0.015636600689251434,0.0067671985573238835,0.0015599559292587273,0.021191737716387493,0.0038920622663638493,0.00023867549730893778,0.018018441731676882,-0.00019731065673189718,0.009272229226004347,0.020306827082901213
2024-06-28,0.00323036230934326,-0.00728112937923775,0.012112391821094581,0.004427028606963868,-0.016640836723365027,-0.004194877518253537,-0.0016447286925169724,-0.0028164946151670867,-0.015323201632246986,0.0070646632126389886,-0.0008613330839678524,-0.007625617692310738
2024-07-01,0.006337484977108732,0.012709217994657962,-0.005334919386432158,0.012959723601841944,0.010211776401668038,0.01535038381638798,0.009766933017752999,0.014458126275092242,0.0031068163472602883,0.006446931812323475,0.00034484819410995904,0.01896708856133933
2024-07-02,0.008135633551457522,0.014895633271195141,0.007103004455344175,-0.007963828602165934,-0.017535110508196894,0.019015551001110076,-0.008274075735559383,-0.013591389967942513,-0.021293060282704168,-0.009209282859330647,0.0026999759685184532,0.009853747474893204
2024-07-03,0.00013506351000946992,0.021986632970162567,-0.004462014534634351,0.010140472647141685,0.009238958773160277,0.0039171998596065905,0.006580461219152234,0.004975686267886914,0.023225568486207937,0.0027708591161392793,0.01048472460488381,-0.012981074287328864
2024-07-04,0.027920194451203972,-0.023464158212053166,0.00028903814132297256,-0.005736328873770513,0.026131878731958436,0.014286610302977731,0.0017511228217352848,0.004903204996470345,0.012785008328997094,-0.002488815805855138,-0.0004535565366234895,0.014047035414219256
2024-07-05,-0.001937749829252211,-0.045769107202913495,0.010551625367516637,0.020452995740857238,0.00032441650813130885,-0.0019386868247998068,0.010721408997376614,-0.004689874296039842,0.010279005631983473,0.011394125824345736,-0.008962492729218008,-0.00227557500643083
2024-07-08,0.009214258474987913,-0.007736180590102726,-0.00278915110785094,0.015763704716025728,0.0013377840967960797,0.008619397258684325,0.022944646750826303,-0.023369915246327033,0.00026992237626788373,0.011362936854742545,-0.013908829350325447,-0.004636325140733533
2024-07-09,-0.0014999923176890473,0.0007032014693770794,0.014056245914681353,0.0011594308298150668,0.010687773655075006,-0.0027081279026447413,0.02028855827785936,-0.003996213811416682,-0.0028868949181143355,0.011408392408122081,-0.0027861262874731008,-0.0019283573248582986
2024-07-10,-0.013813676556901577,-0.006355059753558767,-0.019377771651592934,0.00783751300360569,-0.004045620830643415,-0.005370672351937333,-0.00254075702193457,-0.013700656101441111,-0.00974105430650185,-0.006323487597855282,-0.022235128379913704,-0.019156765124610065
2024-07-11,0.0012914682933131694,-0.0025827505799129735,0.0043272162880356735,-0.0006128438188726104,-0.003820838073411381,0.0026997589905783936,0.0159485417348042,0.0066477751788909245,0.008006063594023338,-0.008885985656614803,0.005595909520277997,0.003721987574157426
2024-07-12,0.03194641599882586,0.0004931573558710767,-0.006103684758549166,0.005136292882949922,-0.004481370434576304,0.035729426568177125,0.0008721413105385878,-0.0006405986217434823,-0.006316073120125054,0.006092874909435997,-0.0013616122228222727,0.06632775524603951
2024-07-15,0.006025097534362089,-0.0003697047645558893,0.011632042047762692,-0.0007436143128104478,-0.002392765810650177,-0.0027456761578416033,0.00947618095506031,-0.005326028306073982,0.005837896127902642,-0.0014948713707780836,-0.011441104074596309,-0.003525340757201456
2024-07-16,-3.1917431008055e-05,-0.0014487810332405315,-0.013283839255652796,0.026008430252566717,0.008089771486854191,0.011130372491769958,0.004639473243390313,0.0015369369233599883,-0.020747981523983494,0.005185465013413104,0.001859036458425889,0.002218525368727242
2024-07-18,0.01592813119785985,-0.0030559057050524308,-0.0012303488802168916,0.01857954439664078,0.008387789808429691,0.018539391253827864,0.010095598654044746,-0.019899947819966735,0.011881672740684968,0.007574804692888959,-0.0042497929825282554,0.03281132246327512
2024-07-19,0.0,-0.004644645399305647,-0.0390608146724607,-0.004163132477485454,-0.001319602376752882,0.019851480477393935,0.009144068623651025,-0.04404268297099423,-0.001726258297467309,-0.011115125386402802,-0.05163500767638096,-0.0007318376695414353
2024-07-22,-0.010943618699875257,0.02193120570482132,0.014027078971021067,0.00304366899875963,-0.006006569965361641,0.009983508756183257,-0.01685797420890911,0.006604333990567701,-0.03516142260880939,-0.004061008711096714,0.016162832403535,-0.0034979531894572258
2024-07-23,0.02124473578735442,-0.014702725470337574,-0.027963624744606674,0.011351651143823194,-0.011602104457126616,0.014385563712846272,0.05497794254335142,0.00020992069912662004,0.006457879455176618,-0.002222489193649646,-0.0018712819435463546,0.003498744550089139
2024-07-24,-0.009165719255139648,-0.008866751124292471,-0.0029075320958785733,-0.017821295844767993,-0.0030568999060224256,-0.001605930295691338,0.003758655268105482,0.020623483491719607,-0.012832885681559825,-0.015552679380241297,0.001812241902873435,0.0009064276472179333
2024-07-25,0.0024626539929364366,0.007823832682266385,-0.007750089322275278,-0.003625283834292947,-0.020523284248952778,-0.004962014837249118,-0.008298743660253738,-0.03563163439872763,0.016578837530489166,-0.023904223025389526,-0.018214701345677264,0.003773621058890564
2024-07-26,0.030076671881053674,0.0009588594279477114,0.03255733038689579,0.0014221631858388761,0.007763486878219927,0.029618939570773772,0.02500263374037992,0.0368414428313133,0.02180095480078914,-0.001511626453462922,0.032784775817568335,0.015118508591262847
2024-07-29,-0.0018343561689505572,-0.008095590711742706,-0.0011234261821747582,0.0002028246251735144,0.00455595825484667,-0.004151414493532957,-0.0122461322749986,-0.005604859073984336,-0.01099864177179588,-0.002664574400716102,0.00196856766217679,-0.0015383563034880865
2024-07-30,-0.0012865113608389045,0.00654186488280617,-0.009522354146413448,-0.007449556909713162,-0.0026799055679606054,0.003233385851934445,-0.01239802680479729,0.009928565112989896,-0.004348050458129693,-0.0051209547520291165,0.007367936647939777,-0.0035950284761898654
2024-07-31,0.007575506246636721,0.00012375478448944932,0.013777409710290955,0.005294652243285292,0.004506345948222856,-0.004741235442062175,0.011124743124313552,0.01203279713863803,0.012205282201660062,-0.0005288121893076703,0.007679597299135921,0.004581796479114386
2024-08-01,-0.0012479819130607472,0.0142657980502916,0.0058244783046217385,0.003659152786060993,-0.003951099059953167,-0.008376831262417506,-0.00333092314657768,-0.005008842727324159,-0.008435175884152657,0.011256560629456791,-0.013730072642563873,0.002679222624431654
2024-08-02,-0.019048359606041676,0.012417631762756454,-0.03778769324191211,-0.008469781506925789,-0.011197270248849867,-0.016949121142831647,-0.009317440196655924,-0.027000961675696544,0.006024654401304952,0.004468642852213822,-0.029682357236859302,-0.025937652944647338
2024-08-05,-0.029143213720279948,-0.026157959352411386,-0.052079263187273184,0.008671986616140881,-0.02001605133107842,-0.038051753355115014,-0.0063381898678342985,-0.04065846332252987,-0.01652385303467996,0.0063322243406964684,-0.05309054167933591,-0.02988525884037918
2024-08-06,0.013024797411271383,-0.009005185954926831,-0.006511570320309024,0.01257425166693471,-0.00490359563154219,-0.0004567510784259099,0.0006173301226382044,0.008171298065992705,-0.001747914607989176,-0.0009557619731811462,0.0033373122051867377,0.003886925071411307
2024-08-07,0.007487036501037769,0.013927114719938682,0.021956515549838462,-0.002181960405673644,0.0047993126826217924,0.023156936689617824,0.01305773834234003,0.022748116537199436,0.0033888366748451304,0.005700600261488997,0.023549715234487456,0.0070124501001660455
2024-08-08,-0.023046652978967797,0.011826246207040203,-0.015472284850017615,-0.003953900705969238,-0.006695368460084339,-0.02707005793256889,0.004262640223747782,-0.02879329437536482,-0.002138977194848568,-0.01335806291174857,-0.02326789314500788,-0.00664225715074096
2024-08-09,0.020605389700735666,0.0045656849024433566,0.020227732425577738,0.005122199008801953,0.00601051760679594,0.015833403034589688,0.002324433581691876,-0.0032094629283562215,-0.0017487159092818283,0.00626716059275112,0.010180993829581153,0.013469005972849057
2024-08-12,-0.0029560273061457476,0.005999184144544145,0.01035474632268163,0.000545987372794432,0.009641993763822354,0.015050161822171226,-0.0026215123312059996,0.002073710710065013,0.0016387807485043204,-0.01261620790957585,0.0016467312076957619,-0.007827390574277393
2024-08-13,0.0046678951553842385,-0.034274954883920405,-0.012632027715745786,-0.002655877701142062,-0.0037944147967912123,2.772263503647565e-05,-0.009300486319135715,-0.009966147818832538,-0.01156525187952362,0.004690457019892236,-0.020912682818080897,0.0003100517359271304
2024-08-14,0.021034208396841114,0.0028692128216616375,8.044010333940754e-05,-0.0070583502830083855,-0.005734568828671183,0.01435377429676632,0.004489813177892765,0.022883469075145824,-0.0023687306282355047,-0.004064934318089408,-0.018202666548641,0.023421587030596047
2024-08-16,0.02588947522845686,0.015113842257567622,0.020436078906878263,0.009625085731996386,0.02203757535312345,0.01958032216977923,0.02123122007019096,0.005108986078278255,0.01682018940127228,0.020548874199696643,0.02291858929690993,0.028123914731555733
2024-08-19,0.006144044759904377,-0.00033695049117077325,0.0389497118265425,-0.0020740143031934277,-0.00955988097162297,0.0031470267254183337,-0.002387325895989778,0.020599174181062052,0.002278779323103164,-0.008830283148408058,0.02969505726722632,0.016746129590955894
2024-08-20,0.004915161796992917,0.0037693544536892,0.021325097433634754,0.0030993270483421487,0.0030189723777469535,0.003968220697282199,-0.0052847248302363425,-0.004298795905345654,0.013641332493940617,0.006132485673441268,-0.00019503076222338045,0.00741605823319369
2024-08-21,-0.005632177027206753,-0.007266237529757191,0.01887344292108617,0.014594391560825315,-0.0039001584468701944,0.00026696508094015137,0.013231874178514902,0.008371478544323185,0.004042849842807117,0.013202191992931711,-0.013057843023881022,0.006234465995065497
2024-08-22,-0.000655792249427134,0.003383018307382857,-7.290765129486232e-05,0.0005732479484374942,0.013831584923246876,0.004031712308543378,-0.0016818845849919661,0.010621640758675222,0.004716091605543982,-0.0002938820713368484,0.014613023397796354,-0.010875433659390144
2024-08-23,-0.008770098445652241,-0.00383136357651781,-0.0006563960725649576,0.008163900557887294,0.010410545403395588,-0.009653020342895613,0.002477452449372697,-0.0061092911822743234,-0.0019214778043775693,-0.00854570115611386,0.00038920084161397916,-0.008462986290947327
2024-08-26,0.03490929194558867,0.009168955358966002,0.039045366846388596,0.0019710681888820414,0.008142928443072073,0.007545330038560172,-0.00019774344812684141,0.026827127489782443,-0.003025278125935893,-0.0038152968303680757,0.009727653252258772,0.008636191341881316
2024-08-27,-0.00456537045659533,-0.001341501236599818,-0.011729962630987134,-0.019229839883889155,0.010755787545847051,0.01276539265005483,-0.010085057090848948,-0.017045440090681985,-0.005048243443735445,0.000753989656813614,-0.006422658527133973,-0.0011772315312497117
2024-08-28,0.004586308654632054,-0.0003969022287185764,0.002203328861012377,-0.0009213792160485124,-0.0020385512173078935,0.020525347696900065,-0.00659198108476422,0.00010321062042972784,-0.006682013498717665,-0.01148146413681772,-0.006464074785515805,0.0019789286584579457
2024-08-29,0.018843201397202858,0.0008857139553528626,-0.006453487494989085,0.00756045740735467,-0.0015933240406182936,-0.0029653582232184172,0.01568465800552965,-0.008669617954345621,-0.007843461657034867,0.004834490243685208,-0.004749510099782306,0.0012760894484913354
2024-08-30,0.0007990958491161937,-0.001006947834348626,0.0012134177585378936,-0.002602962981426704,0.005974231765118132,0.005353401559622162,-0.0063353668784331685,0.010307166040300686,0.0019974259868060784,-0.0015173080484975898,-0.00137282602704214,0.009297865691475726
2024-09-02,0.030457827659876813,-0.0060786898781292065,-0.024880551978156418,0.0039776550840895375,0.0006101574350290129,0.010701258681165893,0.01623831914385887,-0.005204078057137518,-0.0003089075079794057,0.003658917287836072,0.0007856380539112973,-0.007180870671509076
2024-09-03,-0.008966927521791956,0.006392363566181558,-0.007310955132241448,0.0018824169432676285,0.014431520412857779,-0.011835023246743126,-0.0012744254207806005,-0.0177138013478636,0.0019941460199885963,0.008307194415825725,-0.004775086696033659,-0.0019242090455962035
2024-09-04,-0.0029043282225250655,0.0027179409719437775,-0.01782302512352474,0.016801987983340982,-0.009096712526354689,-0.009684559681901184,-0.005987434909471845,-0.002794645054538525,0.0,0.0015805075699490967,-0.006375367980406499,-0.007335668611461954
2024-09-05,0.002968844582133867,0.0022230171497106266,0.004724066617877609,-0.0009854459260120185,-0.000323561870959721,0.005565851300120217,0.009578354984250304,0.005181917827639326,-0.0032795662596990516,-0.011776283016781353,0.0035720102876044546,-0.0007366161067248189
2024-09-06,-0.019239973513961117,-0.005165735032823582,-0.004254098383974947,0.00017608593489892854,-0.022492837931017973,-0.01619120556806619,-0.018583717319688997,0.0036296759028138226,-0.007761788964505412,-0.0006786773980818062,-0.0032955190676668966,-0.004289533239331567
2024-09-09,-0.005324313315596796,0.0058340796837741404,-0.012816634833140328,0.029183386864547467,0.02222406174609648,-0.0037857812707090543,0.020031888170825685,-0.008543410255759332,0.014738031443465971,0.0054129890331005015,-0.01157260886616207,-0.0016155915110744878
2024-09-10,0.018520166490132217,0.0023383255533169223,0.0014426111598091484,-0.007940341717416532,0.0018624149659356437,0.009315718191272415,0.0036150659843732225,0.017128337639854108,0.000810007086281983,0.007450211914838967,-0.00033450228055964537,0.013102460641853497
2024-09-11,-0.00019676823518033348,-0.003908283455877903,-0.01789236742169109,0.0019147144993543197,-0.0007678196952959349,-0.0011243697895696458,0.0014602917754993339,0.005093577310704589,-0.0013116576289650128,-0.003411625591164147,-0.008365668749279576,-0.006322185375952305
2024-09-12,0.01621927689872682,0.013808600832107443,0.04400189052120429,0.017991411857118056,0.012779599443935252,0.021097861538924345,0.010012550505453133,0.03904233467686469,0.021349708965402447,0.00039583493683137405,0.02409397823372661,0.008561385976748381
2024-09-13,0.002876843876477908,-0.0003900315826106393,-0.004362620594667854,-0.007931816193960217,-0.001437655754636169,-0.0032556472657548907,-0.010875807607163224,0.026327465909956382,-0.0038851973787603633,0.0014042065943244975,0.011532847736855922,0.0010845614318266694
2024-09-16,-0.0005241261369501871,0.003001236497852,0.017675435892869684,-0.02245181539403096,0.009997208896075582,0.003163496740453464,-0.005351711490415245,0.011638132029394344,0.006015387407984907,0.0071898361540922995,0.004690900663914421,-0.0020672258328768844
2024-09-17,0.0010486601717802913,-0.001286626408101399,-0.0031379851082778965,0.0022321144612713617,0.004157293947342655,0.0011792705703457251,-0.006554532723314743,0.009251236814706854,0.008381947393626632,-0.0010786383392589194,-0.009013675890616746,-0.001684035881459267
2024-09-18,-0.03156454073984205,0.015580102911475713,0.003294233421665682,0.0008179555959708651,0.015968792282115674,-0.030933891504956734,-0.0007878042366463722,-0.0265020443117987,-0.0037635664596450402,0.019749895949881413,-0.014526859885394594,-0.03540014446842843
2024-09-19,-0.011386208456652502,0.008083504360068439,-0.0015322912114154041,0.01248322064293661,0.00283309542791943,0.001083338752490448,0.0017739240748355645,-0.02151528917978196,0.017530098757154944,0.01426559725708687,-0.007038611479761148,-0.01150432313177785
2024-09-20,0.01356185741473337,0.019139539375109926,0.014907996469908369,0.02261519789745159,0.03595193840401367,0.006097671456535947,0.012100360386941844,0.006581613878245962,0.017388201161362415,0.02480825056979108,0.016584256682267373,-0.002618533380028598
2024-09-23,-0.0041191948348136,0.010682354773550173,-0.005544426956646142,0.017111113345075202,-0.012365005469354484,-0.004880054667497746,0.004957244578916553,0.011838645203376519,0.015857197550292357,0.009483065986414463,0.012958850585574444,-0.0038276269260670848
2024-09-24,0.013007640395547915,0.004688057156291059,0.03953371219284452,-0.025754889636673717,-0.002496443589187436,0.0011336999861455421,-0.0032885492671780314,0.019777832825479402,-0.010337515894638383,-0.010549785138269874,0.042470196424544415,0.0006561555722994772
2024-09-25,0.0038296759368623423,0.006249799257544986,0.0008358434760400435,-0.0005422886233797941,0.003981524844065776,-0.0017380586300201895,0.004463839946998505,-0.019922294502309645,-0.008748076290476137,0.00035236072022537535,0.00703927858896547,0.0008076130783574165
2024-09-26,0.000813580802779601,0.0024449908355437255,0.02254858417220129,0.012597799899433326,0.003928009627261364,0.0026116941740395028,0.01004740028012785,0.007298249414648295,0.002291920022092553,0.02155816782887876,0.02443391406060602,0.004152370568144104
2024-09-27,0.013762377342823706,-0.01726979046798749,0.01701490156524299,-0.0066474909204981,-0.016891838109063362,0.0034206544757688917,-9.566583807496531e-05,-0.00019448664269305915,-0.015691557620780783,-0.00355660530998847,0.005675991226539168,0.003773935128563055
2024-09-30,-0.006801731863990135,-0.011753660555299694,0.012112633543852391,-0.002680131461698987,-0.025715541632707173,-0.016336715971830507,-0.008704823185060162,0.011283490333025892,-0.009880024371069385,-0.02030442497960616,0.01200840743213405,-0.009330035089966104
2024-10-01,0.011358040338574016,-0.0033775675513509906,0.007074826436415549,-0.011679039909692657,0.0010997658999323257,0.015328425797271228,-0.003763444368164004,-0.004136141490697964,0.013727442731596096,0.006356963435010465,-0.009018133725735678,0.004545064362385887
2024-10-03,-0.02089172156507113,-0.02560535132398034,-0.018974441239943962,-0.010397498213298273,-0.01416358597201317,-0.005750047675654124,-0.006683405116638008,0.015164102044302519,-0.03011602701596372,-0.011894736244045134,-0.00029933578678986716,-0.012861742328573067
2024-10-04,-0.0010965365307522568,-0.014476750506686953,0.0010708254062461453,-0.015414797402203861,-0.01321288413352395,0.013071776950805303,-0.017942416544072137,-0.02849541291877078,-0.0075708097747723135,-0.02867461528324189,-0.0013773382090488395,0.004607026870383946
2024-10-07,0.00019704513288032466,-0.02404009922405448,-0.0221955304608058,-0.005388332754977632,-0.00471866839804902,0.008419546580667125,0.013206236861650567,-0.02007638810321566,-0.010364801526523526,-0.009352857177229668,-0.014332874554994657,0.004844283103768499
2024-10-08,0.007034390578861682,0.02055257976550795,-0.012990492745698412,-0.005152880110466884,0.0021881798807681374,0.0073669966122225095,-0.0044100696919341376,-0.017689347812640643,0.007345292131091252,0.0030694344489681225,-0.02944749128445845,-0.004587024750417501
2024-10-09,0.011316397958152313,-0.010841499864706061,0.007966182269200983,-0.017684764508180906,0.006105448707108385,0.0021554344791234747,-0.03199136880171349,0.016888803163275234,-0.0014416588148682408,-0.025467231215098085,-0.0028836951705153435,-7.038555826566206e-05
2024-10-10,-0.0005801103913445349,0.017910073053438058,0.0035736984783492076,-0.00514636447336092,-0.0005224422772471815,-0.01728326559455906,0.000711880749864946,-0.00875436705710797,0.04181476759846259,-0.0014110174124735142,0.004149373112655175,-0.0060078090422404085
2024-10-11,0.017139881646179855,-0.0068574587497161055,0.02355669835718155,0.010345973095100769,-0.01648571455704917,0.00838971875428074,-0.007824437412562113,0.01524094292022804,0.00335801906188804,-0.0002586883748998403,0.005885304794753798,-0.018498275866170366
2024-10-14,0.008833241585906704,0.022471163272313355,-0.005820521511356258,0.0021199108943319445,0.007154523258763534,0.012299133390425432,0.017922962820347665,-0.012626086673138248,0.015087130720020436,-0.0038816259630733985,-0.014564877456819003,-0.0030247331219276363
2024-10-15,0.007651140710993376,-0.002369529134962467,-0.02160163161832296,-0.0027428573696129943,0.01928148481114933,0.00020427520490295947,0.0032196336559522365,-0.024618656399061245,-0.008164165613623986,-0.0071142512764853505,-0.01699097207592548,-0.004798579288416205
2024-10-16,-0.0025935044782501304,0.009322552378198568,0.008460000473627494,-7.189586873679321e-05,-0.009836666616697576,-0.02000716114742107,-0.010731106121446565,-0.008723049935485117,-0.009946172356310123,-0.008855802550303382,-0.0025058862139436533,-0.005307445976473368
2024-10-17,0.0013672757306559813,-0.01567837431578245,0.0023189172996094243,-0.015316910834753839,-0.009572421357132987,0.024998632934326803,-0.008718568596457033,-0.03150222967907634,-0.006555243698324609,-0.03393237704360608,-0.018294386105270788,0.00343102986434185
2024-10-18,-0.0054075059657540114,0.005199781183269581,0.025449159665904553,-0.00786883535413574,0.027005039079667892,-0.04496724431034149,-0.004499983225623616,0.03709678310288611,0.0037552337002353386,-0.011960347286619877,0.019619521366383008,0.005867176256385553
2024-10-21,-0.007590064986175538,0.027856182662219453,-0.018447356033457374,-0.008667231076942006,-0.004309951089876529,-0.014284899849074217,-0.006266624529698839,-0.016122293709606828,-0.04374553804411363,0.001872143679982008,-0.0023168219906762877,-0.010477617657572935
2024-10-22,-0.00483183687218125,-0.008185280922534233,-0.02616276073229995,-0.004399520256087586,0.00671137333132843,-0.0006207674711258271,-0.0038251009480461118,-0.040781951708517505,-0.014559522863216823,-0.001868645307479433,-0.029929676234301872,-0.015772601764644456
2024-10-23,0.012618338277252894,0.012393969464591148,-0.004373492167851767,-0.00835288884770069,-0.012544431186191973,0.011773692684934112,-0.00300948323830319,0.005712708182318282,0.002637312632232769,-0.009828727932358339,-0.01070545665976208,0.012638544967796594
2024-10-24,-0.00046045682655426745,0.007978955998030335,-0.03681489290630746,-0.05798515349575972,0.0009188568512625839,-0.005364650559823159,-0.018007713350574495,0.009667355354923579,-0.0031677882135948687,-0.029435093971920234,0.0013442143891810865,-0.004512809054894262
2024-10-25,0.0040380998606301954,-0.0035721316455352703,-0.017301249665748197,0.009161334905240182,0.0021552545240803855,-0.0006975969198224075,0.02247183994629487,-0.027317975660306137,0.003773670286405739,0.0009075318111151365,-0.02094234911251902,0.0023840335774008015
2024-10-28,0.010473191153825168,-0.005277097282829213,0.02084716034820211,0.018888055411861115,0.02979013015710419,0.0017722429252786664,0.0038358078786888683,0.02219011376944935,-0.010741442363039644,0.005020641536904069,0.024132775548594276,0.00820696104776042
2024-10-29,0.0,0.010177642346343108,0.0010101308564895994,-0.010928705069883637,0.030165846934119056,-0.002738126957885778,0.007848818276588343,-0.00429817226694329,0.005914823813294445,-0.002046636005158642,0.004552055114696252,-0.0038135028648272895
2024-10-30,-0.017603837157551205,-0.009846707832153578,-0.007497067469086405,0.0028654687028852877,-0.014791391832232326,-0.020225086711498363,0.007377808224045879,0.004316726300210849,-0.01454371942141719,0.003925193215412293,-0.007263728515571333,0.002306618994184273
2024-10-31,-0.03956384245149547,0.0006340791811547675,-0.0034137042066656464,-0.010450312723732758,-0.015165990786200956,-0.024887599552141815,-0.005594501026471188,0.0016321861492099021,-0.002017827904079894,-0.005864714980191921,-0.002752292616355012,-0.028447989331752077
2024-11-01,-0.004897933579933178,0.0009219328713974129,0.007069464089561883,0.0036586183629152558,-0.0003482133456905734,0.002048547177951443,0.003068695261118526,0.009777291628298768,0.00768302006941135,0.008550742256651755,0.008010277742041438,0.003968848129836555
2024-11-04,0.0031580690352366325,-0.013354146852815663,-0.024026685420880156,-0.005004839987965748,-0.011302116404333318,0.0015901919864715897,-0.011625517479716962,-0.02183965340366878,-0.008627687258049854,-0.01581750323985731,-0.018697832396959324,-0.00503243144726051
2024-11-05,0.0060126801069284586,0.025523590157632503,0.034480221297817915,-0.0013664965453520361,0.015267789482281469,-0.005358261303711531,-0.00907961857133488,0.02953142698784683,0.016075380975398845,0.00723456457986682,0.03633890140137486,0.0018164080179428055
2024-11-06,0.03656505297772861,-0.0014789994604544887,0.015267785158411762,0.0033502829463694095,0.004357271813371977,0.039619277216508264,0.001874219757651563,0.01687939647242742,0.003101614654894558,0.005812351504616231,0.008733285067995755,0.04237848673031697
2024-11-07,-0.00350850592437435,-0.004956566604921053,-0.08486313141691537,-0.01007724505785057,-0.01815954420260013,-0.011323108018172157,-0.006651549929414302,-0.004464980702871824,-0.008907207373987647,-0.00560292581369537,-0.017380504394754026,0.002717624487004633
2024-11-08,0.0030295535614759395,0.004523153775752853,0.0036260694500021007,0.013007509945897278,-0.015523571073589704,0.014919115225297652,0.00031393171810023546,-0.020631067099613598,-0.0006297167542609339,0.014494982704158721,-0.022391456318231917,-0.0009395680279910001
2024-11-11,0.016217727408013527,0.006754286243775276,0.007533232779322052,-0.006639521722813235,0.008301333967066782,0.01647583062014535,-0.0023009532910893693,-0.02284359092738053,-0.0010310551212410202,-0.007231090935477358,-0.01734782770173504,0.012466845854070208
2024-11-12,0.002972200747024756,-0.0272321317875448,-0.005645793644971087,-0.01186246949738401,0.0010240841487629826,0.0046771798595994785,-0.008596276507232825,-0.021888923649482916,-0.01295873379818846,-0.010026177868000419,-0.005792629776389058,-0.00030968511242268626
2024-11-13,-0.004324979497832171,-0.0214468511258068,-0.03844094490120542,0.0014015774438460582,-0.01330082955313916,-0.0002139998975060342,-0.0013746868745189156,-0.031961615669235055,-0.019489944202247478,-0.009285502710378979,-0.03468122949340657,-0.011209232615047804
2024-11-14,-0.0031103460345517364,0.006780317535256319,0.0011968826887178707,-0.03073092222826901,0.002592313134157642,-0.002060610316814593,-0.013235973498279985,0.021836547433671027,0.011878985460352709,-0.023464844572816945,-0.008550741776372273,-0.0010722609422397777
2024-11-18,-0.012883630644629829,0.0072957538290263635,0.03777796485638074,0.014105111717546803,-0.002784473419200628,-0.028478732993914346,0.001287788188943484,0.010656478142255565,0.008694899276860735,0.01392690706402,0.023409274829422122,-0.030487913832216385
2024-11-19,-0.00787466691872718,0.021787651895904814,-0.016972566345523354,-0.005179633384334026,-0.003470388251280321,0.007342193523158791,0.001714603408816462,-0.02407662699218127,0.002902313089441,0.00042929042999539924,-0.012392959715223473,0.004988171594843438
2024-11-21,0.008678742192297362,-0.0006027482707913201,0.012578123934258834,-0.011429930759171203,0.0011608902495854334,0.005096606227521727,-0.021825099387149827,0.006702098745767104,0.005411787257618039,-0.001332358003654499,0.005449558331838578,0.00824353104503639
2024-11-22,0.03378978772351404,0.0025270583179546335,0.0062495060649296885,0.026208678721913792,0.02199031995076961,0.037185432117766926,0.03828060970790492,0.008895733320622767,0.014017580809116081,0.01632610796243994,0.018257049691771998,0.042169355339374937
2024-11-25,-0.003529254762174472,0.022914698246347953,0.011884718644003867,0.010714642341232317,0.017917885150552593,-0.006597419333014054,0.004529721967695188,-0.0019341499790741512,0.016633992582310686,0.004293995404873074,0.00623338593985312,0.01660942632212281
2024-11-26,0.004149712415875362,-2.7922993511175775e-05,0.009471801743469621,0.0031358480482466256,0.0030746671238117695,0.018230372496800484,0.0004194710382452449,0.01772586346720373,-0.003992716814998798,0.0036774864800876994,0.005568316870421919,0.008713572661360303
2024-11-27,-0.004474827282417215,0.014981346850194921,-0.007506324343398485,0.003105785976875275,-0.0032568849888804374,0.00018191247821630618,-0.00010484133274812901,-0.0036402621224366216,-0.0002242294574812398,0.0038406530347629975,0.0004152517358269048,-0.004629432644231102
2024-11-28,-0.02651947915913011,-0.010566711904950399,-0.016412018368008985,-0.00993199964166136,-0.011032513926474086,-0.03525593238658087,-0.00429817334475624,0.008375080978480609,-0.013459012233612122,-0.016579118671270487,-0.007887588467707762,-0.020230547413555122
2024-11-29,0.0038838785484416327,0.0016173373374064326,0.00915031728033755,0.013788409346242592,0.010689206013412278,0.0006463363599944483,0.003895578094541552,0.010535099350932553,0.0034390094457916742,-0.000715504607683326,0.00801999073728532,0.006113264672395813
2024-12-02,0.012689034738592841,0.0048160723939409955,0.009753102972563044,-0.006810498307934343,0.0034997122208630937,0.011814808806523525,0.0009438561794319345,0.01334878527160499,-0.006401325646434808,0.007697126396524423,0.012937762600304437,0.0013579647308608056
2024-12-03,0.010285825738501453,0.011968727349159325,0.007470535645107246,0.001492596742223462,0.00287435517940704,0.0065431593850751035,-0.009744334329235937,0.007892819889469438,-0.002309029112963046,0.004373999725034494,0.0008877548909171917,0.006103125627215267
2024-12-04,0.003649377837881884,0.01850737844170225,-0.006741045257593448,-0.007390772050263283,0.005846840953402932,-0.0015062552837005194,-0.01153319544443876,0.01047748174742491,0.004343105130730551,-0.001724321554984698,-0.004708471775488499,0.012003915458708825
2024-12-05,0.013885517638148492,0.0030375035376459802,0.011763834246819815,0.012213537134425412,0.015538955768787277,0.024136573230342462,0.0008563639703098591,-0.001122385301165263,0.010042601763733172,0.003410431349247567,0.008364774931969077,0.025181326129003256
2024-12-06,-0.0006755634427307866,-0.005306231280730711,-0.0010434243234169749,-0.004329450921443656,-0.005798739504499606,-0.0064345542409252054,0.007807509750079156,0.015677646385728217,0.0010140939611753552,0.0010152720035458973,0.008295279724548799,-0.004155320982037303
2024-12-09,-0.006657377806572162,0.007624548819251897,0.0011191944368909024,-0.03343666112904431,-0.004854203101657517,0.0006501854090810166,-0.013159398860659755,0.01907074606036474,0.005233661700227321,-0.01717528276706992,0.010722279709053373,0.0014957325044717695
2024-12-10,0.013848915178334753,-0.0010160284659987973,-0.0029811208812901002,-0.001416122523339114,0.006163448747871891,0.012944166383218825,0.0010754409826383426,0.03634192886591414,0.004730568250595368,-0.006460698511828955,0.002935713408362295,-0.0044023833118254085
2024-12-11,-0.0028145370929835156,-0.0026765342702549377,0.002392027628544069,0.0016684013435577238,-0.0022172618937548183,0.01313796061585304,-0.00042969987746899196,-0.007681885287645462,0.0,0.012012001247039938,0.0018627034254545816,-0.0011504075462649421
2024-12-12,0.002744748986178047,-0.002066410548986708,-0.0026846094222023886,-0.023486767123806818,0.0013182461821501512,0.006509103009940453,-0.009994619067925314,0.005630075256019662,-0.014487154245999001,-0.007585704043417518,0.001195151791639093,0.006211245078382666
2024-12-13,0.016837247608222583,0.006723119648891718,-0.00986997320760341,0.019254096990888536,0.011773636785378017,0.0063915482388325895,0.02040818847858117,-0.0014996042040276159,0.02089108113031246,0.013241628574086395,-0.012136912927658727,0.004253766331548059
2024-12-16,-0.007314090687178698,-0.0034994000546900716,-0.012988918430825391,-0.010020592138950457,0.0008921563686510314,-0.009826420951567383,0.00021273439331137567,-0.022678356086005658,-0.0006645583542302935,-0.0065454629516999985,-0.007787922775758682,-0.013120632128766019
2024-12-17,-0.001944424399767164,-0.017129482565494958,-0.021499584720889864,-0.0012255041044194614,-0.009174604523607521,-0.0017423780165594094,-0.0011699683209235312,-0.025202310241010495,-0.01130542815478297,-0.015991011330576788,-0.01427694649639577,-0.019636805896937615
2024-12-18,0.004998481997272819,-0.0123006319336868,-0.01008684505527968,-0.0017138338343983817,-0.014695336898527867,0.001290084155911142,0.0020233057273981725,-0.02107200361268502,-0.0022700718457916436,-0.006763673765799005,-0.008374429644651293,0.004470619360545047
2024-12-19,-0.013313924883491701,-0.009499073720226958,-0.005766169893086981,0.0002757128299109013,-0.020735862277997175,-0.016648578760501076,-0.008395323223572504,-0.00971599264693812,-0.010056150142456532,-0.012636847405824492,-0.0083069063129656,-0.017468624865969562
2024-12-20,-0.011839220710391563,-0.012266490365472671,-0.010645842017787288,-0.010996603113200054,0.0011656002071582794,-0.012357441090417698,-0.00407248801955129,-0.015557313716308085,-0.010527273988278907,0.0014348612492847135,-0.018009255207266706,-0.02378331952239232
2024-12-23,-0.00436867404826391,0.016652554470470093,0.01846941365012933,0.0021423587765383445,0.006519723533780608,0.0011185690371955381,0.020660672688980197,0.03606632123375242,0.0010323857020320126,-0.005500179329993804,0.0073217184044791495,-0.002877511114488418
2024-12-24,-0.003179147389986481,-0.0016102191210085604,-0.010565358259825186,-0.0014323086651218953,0.00034699156510753504,-0.007924952618270753,0.008856116012275317,0.00201955998580039,0.0021198840838281274,0.0070179075454179785,-0.00938541751373101,0.005098364032594338
2024-12-26,0.0020032449958402587,-0.004087635638419518,0.002071864619364483,-0.0011988690750013298,7.699820049889006e-05,-0.0008642859696327276,-0.0031350784997462577,-0.001432082289167469,0.002144047538673144,-0.007753726363745828,-0.00014248714028530785,-0.0024884311614873367
2024-12-27,-0.00460354326248924,0.004188217402619765,-0.01805163163265744,0.0036437733738174938,0.007862314302367057,0.004901922993163943,0.003459424922190646,-0.018909027501760267,0.004050751264541574,0.007302692923545351,-0.010330510477022825,-0.001019314155386808
2024-12-30,0.019529549854628625,-0.011316565940579282,-0.02640113764011376,0.0009610296069124669,-0.009865813162376558,-0.005608470493319584,-0.0033430077123897117,-0.0056845406716320435,-0.010909778385279845,-0.002632128184115623,-0.014613748902192802,-0.0014526815286797223
2024-12-31,-0.005987650334718264,-0.0028404389771858884,0.0022459465972446413,-0.007104727515949039,-0.010041365130055269,-0.013641145233719731,0.013941230608476296,0.013503254839837275,0.026052694258056786,0.004699293888483114,0.008547550648592361,-0.015389120984369398
