Date,Ticker,EPS,Revenue,EBITDA_Margin,Debt_Equity,Promoter_Holding,ROE,Trailing_EPS_4Q,PE
2020-01-01,BHARTIARTL,,,,1.7561289780602887,,2.3633843439788302,,
2020-01-01,HDFCBANK,,,,,,,,
2020-01-01,HUL,,,,0.01258421253336723,,77.03063429515699,,
2020-01-01,INFY,,,,0.0,,23.726673646609594,,
2020-01-01,MM,,,,1.771953080059025,,15.0488957807068,,
2020-01-01,RELIANCE,,,,0.7948965674016822,,10.290820227737708,,
2020-01-02,BHARTIARTL,,,,1.7561289780602887,,2.3633843439788302,,
2020-01-02,HDFCBANK,,,,,,,,
2020-01-02,HUL,,,,0.01258421253336723,,77.03063429515699,,
2020-01-02,INFY,,,,0.0,,23.726673646609594,,
2020-01-02,MM,,,,1.771953080059025,,15.0488957807068,,
2020-01-02,RELIANCE,,,,0.7948965674016822,,10.290820227737708,,
2020-01-03,BHARTIARTL,,,,1.7561289780602887,,2.3633843439788302,,
2020-01-03,HDFCBANK,,,,,,,,
2020-01-03,HUL,,,,0.01258421253336723,,77.03063429515699,,
2020-01-03,INFY,,,,0.0,,23.726673646609594,,
2020-01-03,MM,,,,1.771953080059025,,15.0488957807068,,
2020-01-03,RELIANCE,,,,0.7948965674016822,,10.290820227737708,,
2020-01-06,BHARTIARTL,,,,1.7561289780602887,,2.3633843439788302,,
2020-01-06,HDFCBANK,,,,,,,,
2020-01-06,HUL,,,,0.01258421253336723,,77.03063429515699,,
2020-01-06,INFY,,,,0.0,,23.726673646609594,,
2020-01-06,MM,,,,1.771953080059025,,15.0488957807068,,
2020-01-06,RELIANCE,,,,0.7948965674016822,,10.290820227737708,,
2020-01-07,BHARTIARTL,,,,1.7561289780602887,,2.3633843439788302,,
2020-01-07,HDFCBANK,,,,,,,,
2020-01-07,HUL,,,,0.01258421253336723,,77.03063429515699,,
2020-01-07,INFY,,,,0.0,,23.726673646609594,,
2020-01-07,MM,,,,1.771953080059025,,15.0488957807068,,
2020-01-07,RELIANCE,,,,0.7948965674016822,,10.290820227737708,,
2020-01-08,BHARTIARTL,,,,1.7561289780602887,,2.3633843439788302,,
2020-01-08,HDFCBANK,,,,,,,,
2020-01-08,HUL,,,,0.01258421253336723,,77.03063429515699,,
2020-01-08,INFY,,,,0.0,,23.726673646609594,,
2020-01-08,MM,,,,1.771953080059025,,15.0488957807068,,
2020-01-08,RELIANCE,,,,0.7948965674016822,,10.290820227737708,,
2020-01-09,BHARTIARTL,,,,1.7561289780602887,,2.3633843439788302,,
2020-01-09,HDFCBANK,,,,,,,,
2020-01-09,HUL,,,,0.01258421253336723,,77.03063429515699,,
2020-01-09,INFY,,,,0.0,,23.726673646609594,,
2020-01-09,MM,,,,1.771953080059025,,15.0488957807068,,
2020-01-09,RELIANCE,,,,0.7948965674016822,,10.290820227737708,,
2020-01-10,BHARTIARTL,,,,1.7561289780602887,,2.3633843439788302,,
2020-01-10,HDFCBANK,,,,,,,,
2020-01-10,HUL,,,,0.01258421253336723,,77.03063429515699,,
2020-01-10,INFY,,,,0.0,,23.726673646609594,,
2020-01-10,MM,,,,1.771953080059025,,15.0488957807068,,
2020-01-10,RELIANCE,,,,0.7948965674016822,,10.290820227737708,,
2020-01-13,BHARTIARTL,,,,1.7561289780602887,,2.3633843439788302,,
2020-01-13,HDFCBANK,,,,,,,,
2020-01-13,HUL,,,,0.01258421253336723,,77.03063429515699,,
2020-01-13,INFY,,,,0.0,,23.726673646609594,,
2020-01-13,MM,,,,1.771953080059025,,15.0488957807068,,
2020-01-13,RELIANCE,,,,0.7948965674016822,,10.290820227737708,,
2020-01-14,BHARTIARTL,,,,1.7561289780602887,,2.3633843439788302,,
2020-01-14,HDFCBANK,,,,,,,,
2020-01-14,HUL,,,,0.01258421253336723,,77.03063429515699,,
2020-01-14,INFY,,,,0.0,,23.726673646609594,,
2020-01-14,MM,,,,1.771953080059025,,15.0488957807068,,
2020-01-14,RELIANCE,,,,0.7948965674016822,,10.290820227737708,,
2020-01-15,BHARTIARTL,,,,1.7561289780602887,,2.3633843439788302,,
2020-01-15,HDFCBANK,,,,,,,,
2020-01-15,HUL,,,,0.01258421253336723,,77.03063429515699,,
2020-01-15,INFY,,,,0.0,,23.726673646609594,,
2020-01-15,MM,,,,1.771953080059025,,15.0488957807068,,
2020-01-15,RELIANCE,,,,0.7948965674016822,,10.290820227737708,,
2020-01-16,BHARTIARTL,,,,1.7561289780602887,,2.3633843439788302,,
2020-01-16,HDFCBANK,,,,,,,,
2020-01-16,HUL,,,,0.01258421253336723,,77.03063429515699,,
2020-01-16,INFY,,,,0.0,,23.726673646609594,,
2020-01-16,MM,,,,1.771953080059025,,15.0488957807068,,
2020-01-16,RELIANCE,,,,0.7948965674016822,,10.290820227737708,,
2020-01-17,BHARTIARTL,,,,1.7561289780602887,,2.3633843439788302,,
2020-01-17,HDFCBANK,,,,,,,,
2020-01-17,HUL,,,,0.01258421253336723,,77.03063429515699,,
2020-01-17,INFY,,,,0.0,,23.726673646609594,,
2020-01-17,MM,,,,1.771953080059025,,15.0488957807068,,
2020-01-17,RELIANCE,,,,0.7948965674016822,,10.290820227737708,,
2020-01-20,BHARTIARTL,,,,1.7561289780602887,,2.3633843439788302,,
2020-01-20,HDFCBANK,,,,,,,,
2020-01-20,HUL,,,,0.01258421253336723,,77.03063429515699,,
2020-01-20,INFY,,,,0.0,,23.726673646609594,,
2020-01-20,MM,,,,1.771953080059025,,15.0488957807068,,
2020-01-20,RELIANCE,,,,0.7948965674016822,,10.290820227737708,,
2020-01-21,BHARTIARTL,,,,1.7561289780602887,,2.3633843439788302,,
2020-01-21,HDFCBANK,,,,,,,,
2020-01-21,HUL,,,,0.01258421253336723,,77.03063429515699,,
2020-01-21,INFY,,,,0.0,,23.726673646609594,,
2020-01-21,MM,,,,1.771953080059025,,15.0488957807068,,
2020-01-21,RELIANCE,,,,0.7948965674016822,,10.290820227737708,,
2020-01-22,BHARTIARTL,,,,1.7561289780602887,,2.3633843439788302,,
2020-01-22,HDFCBANK,,,,,,,,
2020-01-22,HUL,,,,0.01258421253336723,,77.03063429515699,,
2020-01-22,INFY,,,,0.0,,23.726673646609594,,
2020-01-22,MM,,,,1.771953080059025,,15.0488957807068,,
2020-01-22,RELIANCE,,,,0.7948965674016822,,10.290820227737708,,
2020-01-23,BHARTIARTL,,,,1.7561289780602887,,2.3633843439788302,,
2020-01-23,HDFCBANK,,,,,,,,
2020-01-23,HUL,,,,0.01258421253336723,,77.03063429515699,,
2020-01-23,INFY,,,,0.0,,23.726673646609594,,
2020-01-23,MM,,,,1.771953080059025,,15.0488957807068,,
2020-01-23,RELIANCE,,,,0.7948965674016822,,10.290820227737708,,
2020-01-24,BHARTIARTL,,,,1.7561289780602887,,2.3633843439788302,,
2020-01-24,HDFCBANK,,,,,,,,
2020-01-24,HUL,,,,0.01258421253336723,,77.03063429515699,,
2020-01-24,INFY,,,,0.0,,23.726673646609594,,
2020-01-24,MM,,,,1.771953080059025,,15.0488957807068,,
2020-01-24,RELIANCE,,,,0.7948965674016822,,10.290820227737708,,
2020-01-27,BHARTIARTL,,,,1.7561289780602887,,2.3633843439788302,,
2020-01-27,HDFCBANK,,,,,,,,
2020-01-27,HUL,,,,0.01258421253336723,,77.03063429515699,,
2020-01-27,INFY,,,,0.0,,23.726673646609594,,
2020-01-27,MM,,,,1.771953080059025,,15.0488957807068,,
2020-01-27,RELIANCE,,,,0.7948965674016822,,10.290820227737708,,
2020-01-28,BHARTIARTL,,,,1.7561289780602887,,2.3633843439788302,,
2020-01-28,HDFCBANK,,,,,,,,
2020-01-28,HUL,,,,0.01258421253336723,,77.03063429515699,,
2020-01-28,INFY,,,,0.0,,23.726673646609594,,
2020-01-28,MM,,,,1.771953080059025,,15.0488957807068,,
2020-01-28,RELIANCE,,,,0.7948965674016822,,10.290820227737708,,
2020-01-29,BHARTIARTL,,,,1.7561289780602887,,2.3633843439788302,,
2020-01-29,HDFCBANK,,,,,,,,
2020-01-29,HUL,,,,0.01258421253336723,,77.03063429515699,,
2020-01-29,INFY,,,,0.0,,23.726673646609594,,
2020-01-29,MM,,,,1.771953080059025,,15.0488957807068,,
2020-01-29,RELIANCE,,,,0.7948965674016822,,10.290820227737708,,
2020-01-30,BHARTIARTL,,,,1.7561289780602887,,2.3633843439788302,,
2020-01-30,HDFCBANK,,,,,,,,
2020-01-30,HUL,,,,0.01258421253336723,,77.03063429515699,,
2020-01-30,INFY,,,,0.0,,23.726673646609594,,
2020-01-30,MM,,,,1.771953080059025,,15.0488957807068,,
2020-01-30,RELIANCE,,,,0.7948965674016822,,10.290820227737708,,
2020-01-31,BHARTIARTL,,,,1.7561289780602887,,2.3633843439788302,,
2020-01-31,HDFCBANK,,,,,,,,
2020-01-31,HUL,,,,0.01258421253336723,,77.03063429515699,,
2020-01-31,INFY,,,,0.0,,23.726673646609594,,
2020-01-31,MM,,,,1.771953080059025,,15.0488957807068,,
2020-01-31,RELIANCE,,,,0.7948965674016822,,10.290820227737708,,
2020-02-03,BHARTIARTL,,,,1.7561289780602887,,2.3633843439788302,,
2020-02-03,HDFCBANK,,,,,,,,
2020-02-03,HUL,,,,0.01258421253336723,,77.03063429515699,,
2020-02-03,INFY,,,,0.0,,23.726673646609594,,
2020-02-03,MM,,,,1.771953080059025,,15.0488957807068,,
2020-02-03,RELIANCE,,,,0.7948965674016822,,10.290820227737708,,
2020-02-04,BHARTIARTL,,,,1.7561289780602887,,2.3633843439788302,,
2020-02-04,HDFCBANK,,,,,,,,
2020-02-04,HUL,,,,0.01258421253336723,,77.03063429515699,,
2020-02-04,INFY,,,,0.0,,23.726673646609594,,
2020-02-04,MM,,,,1.771953080059025,,15.0488957807068,,
2020-02-04,RELIANCE,,,,0.7948965674016822,,10.290820227737708,,
2020-02-05,BHARTIARTL,,,,1.7561289780602887,,2.3633843439788302,,
2020-02-05,HDFCBANK,,,,,,,,
2020-02-05,HUL,,,,0.01258421253336723,,77.03063429515699,,
2020-02-05,INFY,,,,0.0,,23.726673646609594,,
2020-02-05,MM,,,,1.771953080059025,,15.0488957807068,,
2020-02-05,RELIANCE,,,,0.7948965674016822,,10.290820227737708,,
2020-02-06,BHARTIARTL,,,,1.7561289780602887,,2.3633843439788302,,
2020-02-06,HDFCBANK,,,,,,,,
2020-02-06,HUL,,,,0.01258421253336723,,77.03063429515699,,
2020-02-06,INFY,,,,0.0,,23.726673646609594,,
2020-02-06,MM,,,,1.771953080059025,,15.0488957807068,,
2020-02-06,RELIANCE,,,,0.7948965674016822,,10.290820227737708,,
2020-02-07,BHARTIARTL,,,,1.7561289780602887,,2.3633843439788302,,
2020-02-07,HDFCBANK,,,,,,,,
2020-02-07,HUL,,,,0.01258421253336723,,77.03063429515699,,
2020-02-07,INFY,,,,0.0,,23.726673646609594,,
2020-02-07,MM,,,,1.771953080059025,,15.0488957807068,,
2020-02-07,RELIANCE,,,,0.7948965674016822,,10.290820227737708,,
2020-02-10,BHARTIARTL,,,,1.7561289780602887,,2.3633843439788302,,
2020-02-10,HDFCBANK,,,,,,,,
2020-02-10,HUL,,,,0.01258421253336723,,77.03063429515699,,
2020-02-10,INFY,,,,0.0,,23.726673646609594,,
2020-02-10,MM,,,,1.771953080059025,,15.0488957807068,,
2020-02-10,RELIANCE,,,,0.7948965674016822,,10.290820227737708,,
2020-02-11,BHARTIARTL,,,,1.7561289780602887,,2.3633843439788302,,
2020-02-11,HDFCBANK,,,,,,,,
2020-02-11,HUL,,,,0.01258421253336723,,77.03063429515699,,
2020-02-11,INFY,,,,0.0,,23.726673646609594,,
2020-02-11,MM,,,,1.771953080059025,,15.0488957807068,,
2020-02-11,RELIANCE,,,,0.7948965674016822,,10.290820227737708,,
2020-02-12,BHARTIARTL,,,,1.7561289780602887,,2.3633843439788302,,
2020-02-12,HDFCBANK,,,,,,,,
2020-02-12,HUL,,,,0.01258421253336723,,77.03063429515699,,
2020-02-12,INFY,,,,0.0,,23.726673646609594,,
2020-02-12,MM,,,,1.771953080059025,,15.0488957807068,,
2020-02-12,RELIANCE,,,,0.7948965674016822,,10.290820227737708,,
2020-02-13,BHARTIARTL,,,,1.7561289780602887,,2.3633843439788302,,
2020-02-13,HDFCBANK,,,,,,,,
2020-02-13,HUL,,,,0.01258421253336723,,77.03063429515699,,
2020-02-13,INFY,,,,0.0,,23.726673646609594,,
2020-02-13,MM,,,,1.771953080059025,,15.0488957807068,,
2020-02-13,RELIANCE,,,,0.7948965674016822,,10.290820227737708,,
2020-02-14,BHARTIARTL,,,,1.7561289780602887,,2.3633843439788302,,
2020-02-14,HDFCBANK,,,,,,,,
2020-02-14,HUL,,,,0.01258421253336723,,77.03063429515699,,
2020-02-14,INFY,,,,0.0,,23.726673646609594,,
2020-02-14,MM,,,,1.771953080059025,,15.0488957807068,,
2020-02-14,RELIANCE,,,,0.7948965674016822,,10.290820227737708,,
2020-02-17,BHARTIARTL,,,,1.7561289780602887,,2.3633843439788302,,
2020-02-17,HDFCBANK,,,,,,,,
2020-02-17,HUL,,,,0.01258421253336723,,77.03063429515699,,
2020-02-17,INFY,,,,0.0,,23.726673646609594,,
2020-02-17,MM,,,,1.771953080059025,,15.0488957807068,,
2020-02-17,RELIANCE,,,,0.7948965674016822,,10.290820227737708,,
2020-02-18,BHARTIARTL,,,,1.7561289780602887,,2.3633843439788302,,
2020-02-18,HDFCBANK,,,,,,,,
2020-02-18,HUL,,,,0.01258421253336723,,77.03063429515699,,
2020-02-18,INFY,,,,0.0,,23.726673646609594,,
2020-02-18,MM,,,,1.771953080059025,,15.0488957807068,,
2020-02-18,RELIANCE,,,,0.7948965674016822,,10.290820227737708,,
2020-02-19,BHARTIARTL,,,,1.7561289780602887,,2.3633843439788302,,
2020-02-19,HDFCBANK,,,,,,,,
2020-02-19,HUL,,,,0.01258421253336723,,77.03063429515699,,
2020-02-19,INFY,,,,0.0,,23.726673646609594,,
2020-02-19,MM,,,,1.771953080059025,,15.0488957807068,,
2020-02-19,RELIANCE,,,,0.7948965674016822,,10.290820227737708,,
2020-02-20,BHARTIARTL,,,,1.7561289780602887,,2.3633843439788302,,
2020-02-20,HDFCBANK,,,,,,,,
2020-02-20,HUL,,,,0.01258421253336723,,77.03063429515699,,
2020-02-20,INFY,,,,0.0,,23.726673646609594,,
2020-02-20,MM,,,,1.771953080059025,,15.0488957807068,,
2020-02-20,RELIANCE,,,,0.7948965674016822,,10.290820227737708,,
2020-02-21,BHARTIARTL,,,,1.7561289780602887,,2.3633843439788302,,
2020-02-21,HDFCBANK,,,,,,,,
2020-02-21,HUL,,,,0.01258421253336723,,77.03063429515699,,
2020-02-21,INFY,,,,0.0,,23.726673646609594,,
2020-02-21,MM,,,,1.771953080059025,,15.0488957807068,,
2020-02-21,RELIANCE,,,,0.7948965674016822,,10.290820227737708,,
2020-02-24,BHARTIARTL,,,,1.7561289780602887,,2.3633843439788302,,
2020-02-24,HDFCBANK,,,,,,,,
2020-02-24,HUL,,,,0.01258421253336723,,77.03063429515699,,
2020-02-24,INFY,,,,0.0,,23.726673646609594,,
2020-02-24,MM,,,,1.771953080059025,,15.0488957807068,,
2020-02-24,RELIANCE,,,,0.7948965674016822,,10.290820227737708,,
2020-02-25,BHARTIARTL,,,,1.7561289780602887,,2.3633843439788302,,
2020-02-25,HDFCBANK,,,,,,,,
2020-02-25,HUL,,,,0.01258421253336723,,77.03063429515699,,
2020-02-25,INFY,,,,0.0,,23.726673646609594,,
2020-02-25,MM,,,,1.771953080059025,,15.0488957807068,,
2020-02-25,RELIANCE,,,,0.7948965674016822,,10.290820227737708,,
2020-02-26,BHARTIARTL,,,,1.7561289780602887,,2.3633843439788302,,
2020-02-26,HDFCBANK,,,,,,,,
2020-02-26,HUL,,,,0.01258421253336723,,77.03063429515699,,
2020-02-26,INFY,,,,0.0,,23.726673646609594,,
2020-02-26,MM,,,,1.771953080059025,,15.0488957807068,,
2020-02-26,RELIANCE,,,,0.7948965674016822,,10.290820227737708,,
2020-02-27,BHARTIARTL,,,,1.7561289780602887,,2.3633843439788302,,
2020-02-27,HDFCBANK,,,,,,,,
2020-02-27,HUL,,,,0.01258421253336723,,77.03063429515699,,
2020-02-27,INFY,,,,0.0,,23.726673646609594,,
2020-02-27,MM,,,,1.771953080059025,,15.0488957807068,,
2020-02-27,RELIANCE,,,,0.7948965674016822,,10.290820227737708,,
2020-02-28,BHARTIARTL,,,,1.7561289780602887,,2.3633843439788302,,
2020-02-28,HDFCBANK,,,,,,,,
2020-02-28,HUL,,,,0.01258421253336723,,77.03063429515699,,
2020-02-28,INFY,,,,0.0,,23.726673646609594,,
2020-02-28,MM,,,,1.771953080059025,,15.0488957807068,,
2020-02-28,RELIANCE,,,,0.7948965674016822,,10.290820227737708,,
2020-03-02,BHARTIARTL,,,,1.7561289780602887,,2.3633843439788302,,
2020-03-02,HDFCBANK,,,,,,,,
2020-03-02,HUL,,,,0.01258421253336723,,77.03063429515699,,
2020-03-02,INFY,,,,0.0,,23.726673646609594,,
2020-03-02,MM,,,,1.771953080059025,,15.0488957807068,,
2020-03-02,RELIANCE,,,,0.7948965674016822,,10.290820227737708,,
2020-03-03,BHARTIARTL,,,,1.7561289780602887,,2.3633843439788302,,
2020-03-03,HDFCBANK,,,,,,,,
2020-03-03,HUL,,,,0.01258421253336723,,77.03063429515699,,
2020-03-03,INFY,,,,0.0,,23.726673646609594,,
2020-03-03,MM,,,,1.771953080059025,,15.0488957807068,,
2020-03-03,RELIANCE,,,,0.7948965674016822,,10.290820227737708,,
2020-03-04,BHARTIARTL,,,,1.7561289780602887,,2.3633843439788302,,
2020-03-04,HDFCBANK,,,,,,,,
2020-03-04,HUL,,,,0.01258421253336723,,77.03063429515699,,
2020-03-04,INFY,,,,0.0,,23.726673646609594,,
2020-03-04,MM,,,,1.771953080059025,,15.0488957807068,,
2020-03-04,RELIANCE,,,,0.7948965674016822,,10.290820227737708,,
2020-03-05,BHARTIARTL,,,,1.7561289780602887,,2.3633843439788302,,
2020-03-05,HDFCBANK,,,,,,,,
2020-03-05,HUL,,,,0.01258421253336723,,77.03063429515699,,
2020-03-05,INFY,,,,0.0,,23.726673646609594,,
2020-03-05,MM,,,,1.771953080059025,,15.0488957807068,,
2020-03-05,RELIANCE,,,,0.7948965674016822,,10.290820227737708,,
2020-03-06,BHARTIARTL,,,,1.7561289780602887,,2.3633843439788302,,
2020-03-06,HDFCBANK,,,,,,,,
2020-03-06,HUL,,,,0.01258421253336723,,77.03063429515699,,
2020-03-06,INFY,,,,0.0,,23.726673646609594,,
2020-03-06,MM,,,,1.771953080059025,,15.0488957807068,,
2020-03-06,RELIANCE,,,,0.7948965674016822,,10.290820227737708,,
2020-03-09,BHARTIARTL,,,,1.7561289780602887,,2.3633843439788302,,
2020-03-09,HDFCBANK,,,,,,,,
2020-03-09,HUL,,,,0.01258421253336723,,77.03063429515699,,
2020-03-09,INFY,,,,0.0,,23.726673646609594,,
2020-03-09,MM,,,,1.771953080059025,,15.0488957807068,,
2020-03-09,RELIANCE,,,,0.7948965674016822,,10.290820227737708,,
2020-03-10,BHARTIARTL,,,,1.7561289780602887,,2.3633843439788302,,
2020-03-10,HDFCBANK,,,,,,,,
2020-03-10,HUL,,,,0.01258421253336723,,77.03063429515699,,
2020-03-10,INFY,,,,0.0,,23.726673646609594,,
2020-03-10,MM,,,,1.771953080059025,,15.0488957807068,,
2020-03-10,RELIANCE,,,,0.7948965674016822,,10.290820227737708,,
2020-03-11,BHARTIARTL,,,,1.7561289780602887,,2.3633843439788302,,
2020-03-11,HDFCBANK,,,,,,,,
2020-03-11,HUL,,,,0.01258421253336723,,77.03063429515699,,
2020-03-11,INFY,,,,0.0,,23.726673646609594,,
2020-03-11,MM,,,,1.771953080059025,,15.0488957807068,,
2020-03-11,RELIANCE,,,,0.7948965674016822,,10.290820227737708,,
2020-03-12,BHARTIARTL,,,,1.7561289780602887,,2.3633843439788302,,
2020-03-12,HDFCBANK,,,,,,,,
2020-03-12,HUL,,,,0.01258421253336723,,77.03063429515699,,
2020-03-12,INFY,,,,0.0,,23.726673646609594,,
2020-03-12,MM,,,,1.771953080059025,,15.0488957807068,,
2020-03-12,RELIANCE,,,,0.7948965674016822,,10.290820227737708,,
2020-03-13,BHARTIARTL,,,,1.7561289780602887,,2.3633843439788302,,
2020-03-13,HDFCBANK,,,,,,,,
2020-03-13,HUL,,,,0.01258421253336723,,77.03063429515699,,
2020-03-13,INFY,,,,0.0,,23.726673646609594,,
2020-03-13,MM,,,,1.771953080059025,,15.0488957807068,,
2020-03-13,RELIANCE,,,,0.7948965674016822,,10.290820227737708,,
2020-03-16,BHARTIARTL,,,,1.7561289780602887,,2.3633843439788302,,
2020-03-16,HDFCBANK,,,,,,,,
2020-03-16,HUL,,,,0.01258421253336723,,77.03063429515699,,
2020-03-16,INFY,,,,0.0,,23.726673646609594,,
2020-03-16,MM,,,,1.771953080059025,,15.0488957807068,,
2020-03-16,RELIANCE,,,,0.7948965674016822,,10.290820227737708,,
2020-03-17,BHARTIARTL,,,,1.7561289780602887,,2.3633843439788302,,
2020-03-17,HDFCBANK,,,,,,,,
2020-03-17,HUL,,,,0.01258421253336723,,77.03063429515699,,
2020-03-17,INFY,,,,0.0,,23.726673646609594,,
2020-03-17,MM,,,,1.771953080059025,,15.0488957807068,,
2020-03-17,RELIANCE,,,,0.7948965674016822,,10.290820227737708,,
2020-03-18,BHARTIARTL,,,,1.7561289780602887,,2.3633843439788302,,
2020-03-18,HDFCBANK,,,,,,,,
2020-03-18,HUL,,,,0.01258421253336723,,77.03063429515699,,
2020-03-18,INFY,,,,0.0,,23.726673646609594,,
2020-03-18,MM,,,,1.771953080059025,,15.0488957807068,,
2020-03-18,RELIANCE,,,,0.7948965674016822,,10.290820227737708,,
2020-03-19,BHARTIARTL,,,,1.7561289780602887,,2.3633843439788302,,
2020-03-19,HDFCBANK,,,,,,,,
2020-03-19,HUL,,,,0.01258421253336723,,77.03063429515699,,
2020-03-19,INFY,,,,0.0,,23.726673646609594,,
2020-03-19,MM,,,,1.771953080059025,,15.0488957807068,,
2020-03-19,RELIANCE,,,,0.7948965674016822,,10.290820227737708,,
2020-03-20,BHARTIARTL,,,,1.7561289780602887,,2.3633843439788302,,
2020-03-20,HDFCBANK,,,,,,,,
2020-03-20,HUL,,,,0.01258421253336723,,77.03063429515699,,
2020-03-20,INFY,,,,0.0,,23.726673646609594,,
2020-03-20,MM,,,,1.771953080059025,,15.0488957807068,,
2020-03-20,RELIANCE,,,,0.7948965674016822,,10.290820227737708,,
2020-03-23,BHARTIARTL,,,,1.7561289780602887,,2.3633843439788302,,
2020-03-23,HDFCBANK,,,,,,,,
2020-03-23,HUL,,,,0.01258421253336723,,77.03063429515699,,
2020-03-23,INFY,,,,0.0,,23.726673646609594,,
2020-03-23,MM,,,,1.771953080059025,,15.0488957807068,,
2020-03-23,RELIANCE,,,,0.7948965674016822,,10.290820227737708,,
2020-03-24,BHARTIARTL,,,,1.7561289780602887,,2.3633843439788302,,
2020-03-24,HDFCBANK,,,,,,,,
2020-03-24,HUL,,,,0.01258421253336723,,77.03063429515699,,
2020-03-24,INFY,,,,0.0,,23.726673646609594,,
2020-03-24,MM,,,,1.771953080059025,,15.0488957807068,,
2020-03-24,RELIANCE,,,,0.7948965674016822,,10.290820227737708,,
2020-03-25,BHARTIARTL,,,,1.7561289780602887,,2.3633843439788302,,
2020-03-25,HDFCBANK,,,,,,,,
2020-03-25,HUL,,,,0.01258421253336723,,77.03063429515699,,
2020-03-25,INFY,,,,0.0,,23.726673646609594,,
2020-03-25,MM,,,,1.771953080059025,,15.0488957807068,,
2020-03-25,RELIANCE,,,,0.7948965674016822,,10.290820227737708,,
2020-03-26,BHARTIARTL,,,,1.7561289780602887,,2.3633843439788302,,
2020-03-26,HDFCBANK,,,,,,,,
2020-03-26,HUL,,,,0.01258421253336723,,77.03063429515699,,
2020-03-26,INFY,,,,0.0,,23.726673646609594,,
2020-03-26,MM,,,,1.771953080059025,,15.0488957807068,,
2020-03-26,RELIANCE,,,,0.7948965674016822,,10.290820227737708,,
2020-03-27,BHARTIARTL,,,,1.7561289780602887,,2.3633843439788302,,
2020-03-27,HDFCBANK,,,,,,,,
2020-03-27,HUL,,,,0.01258421253336723,,77.03063429515699,,
2020-03-27,INFY,,,,0.0,,23.726673646609594,,
2020-03-27,MM,,,,1.771953080059025,,15.0488957807068,,
2020-03-27,RELIANCE,,,,0.7948965674016822,,10.290820227737708,,
2020-03-30,BHARTIARTL,,,,1.7561289780602887,,2.3633843439788302,,
2020-03-30,HDFCBANK,,,,,,,,
2020-03-30,HUL,,,,0.01258421253336723,,77.03063429515699,,
2020-03-30,INFY,,,,0.0,,23.726673646609594,,
2020-03-30,MM,,,,1.771953080059025,,15.0488957807068,,
2020-03-30,RELIANCE,,,,0.7948965674016822,,10.290820227737708,,
2020-03-31,BHARTIARTL,,,,1.7561289780602887,,2.3633843439788302,,
2020-03-31,HDFCBANK,,,,,,,,
2020-03-31,HUL,,,,0.01258421253336723,,77.03063429515699,,
2020-03-31,INFY,,,,0.0,,23.726673646609594,,
2020-03-31,MM,,,,1.771953080059025,,15.0488957807068,,
2020-03-31,RELIANCE,,,,0.7948965674016822,,10.290820227737708,,
2020-04-01,BHARTIARTL,,,,1.7561289780602887,,2.3633843439788302,,
2020-04-01,HDFCBANK,,,,,,,,
2020-04-01,HUL,,,,0.01258421253336723,,77.03063429515699,,
2020-04-01,INFY,,,,0.0,,23.726673646609594,,
2020-04-01,MM,,,,1.771953080059025,,15.0488957807068,,
2020-04-01,RELIANCE,,,,0.7948965674016822,,10.290820227737708,,
2020-04-02,BHARTIARTL,,,,1.7561289780602887,,2.3633843439788302,,
2020-04-02,HDFCBANK,,,,,,,,
2020-04-02,HUL,,,,0.01258421253336723,,77.03063429515699,,
2020-04-02,INFY,,,,0.0,,23.726673646609594,,
2020-04-02,MM,,,,1.771953080059025,,15.0488957807068,,
2020-04-02,RELIANCE,,,,0.7948965674016822,,10.290820227737708,,
2020-04-03,BHARTIARTL,,,,1.7561289780602887,,2.3633843439788302,,
2020-04-03,HDFCBANK,,,,,,,,
2020-04-03,HUL,,,,0.01258421253336723,,77.03063429515699,,
2020-04-03,INFY,,,,0.0,,23.726673646609594,,
2020-04-03,MM,,,,1.771953080059025,,15.0488957807068,,
2020-04-03,RELIANCE,,,,0.7948965674016822,,10.290820227737708,,
2020-04-06,BHARTIARTL,,,,1.7561289780602887,,2.3633843439788302,,
2020-04-06,HDFCBANK,,,,,,,,
2020-04-06,HUL,,,,0.01258421253336723,,77.03063429515699,,
2020-04-06,INFY,,,,0.0,,23.726673646609594,,
2020-04-06,MM,,,,1.771953080059025,,15.0488957807068,,
2020-04-06,RELIANCE,,,,0.7948965674016822,,10.290820227737708,,
2020-04-07,BHARTIARTL,,,,1.7561289780602887,,2.3633843439788302,,
2020-04-07,HDFCBANK,,,,,,,,
2020-04-07,HUL,,,,0.01258421253336723,,77.03063429515699,,
2020-04-07,INFY,,,,0.0,,23.726673646609594,,
2020-04-07,MM,,,,1.771953080059025,,15.0488957807068,,
2020-04-07,RELIANCE,,,,0.7948965674016822,,10.290820227737708,,
2020-04-08,BHARTIARTL,,,,1.7561289780602887,,2.3633843439788302,,
2020-04-08,HDFCBANK,,,,,,,,
2020-04-08,HUL,,,,0.01258421253336723,,77.03063429515699,,
2020-04-08,INFY,,,,0.0,,23.726673646609594,,
2020-04-08,MM,,,,1.771953080059025,,15.0488957807068,,
2020-04-08,RELIANCE,,,,0.7948965674016822,,10.290820227737708,,
2020-04-09,BHARTIARTL,,,,1.7561289780602887,,2.3633843439788302,,
2020-04-09,HDFCBANK,,,,,,,,
2020-04-09,HUL,,,,0.01258421253336723,,77.03063429515699,,
2020-04-09,INFY,,,,0.0,,23.726673646609594,,
2020-04-09,MM,,,,1.771953080059025,,15.0488957807068,,
2020-04-09,RELIANCE,,,,0.7948965674016822,,10.290820227737708,,
2020-04-10,BHARTIARTL,,,,1.7561289780602887,,2.3633843439788302,,
2020-04-10,HDFCBANK,,,,,,,,
2020-04-10,HUL,,,,0.01258421253336723,,77.03063429515699,,
2020-04-10,INFY,,,,0.0,,23.726673646609594,,
2020-04-10,MM,,,,1.771953080059025,,15.0488957807068,,
2020-04-10,RELIANCE,,,,0.7948965674016822,,10.290820227737708,,
2020-04-13,BHARTIARTL,,,,1.7561289780602887,,2.3633843439788302,,
2020-04-13,HDFCBANK,,,,,,,,
2020-04-13,HUL,,,,0.01258421253336723,,77.03063429515699,,
2020-04-13,INFY,,,,0.0,,23.726673646609594,,
2020-04-13,MM,,,,1.771953080059025,,15.0488957807068,,
2020-04-13,RELIANCE,,,,0.7948965674016822,,10.290820227737708,,
2020-04-14,BHARTIARTL,,,,1.7561289780602887,,2.3633843439788302,,
2020-04-14,HDFCBANK,,,,,,,,
2020-04-14,HUL,,,,0.01258421253336723,,77.03063429515699,,
2020-04-14,INFY,,,,0.0,,23.726673646609594,,
2020-04-14,MM,,,,1.771953080059025,,15.0488957807068,,
2020-04-14,RELIANCE,,,,0.7948965674016822,,10.290820227737708,,
2020-04-15,BHARTIARTL,,,,1.7561289780602887,,2.3633843439788302,,
2020-04-15,HDFCBANK,,,,,,,,
2020-04-15,HUL,,,,0.01258421253336723,,77.03063429515699,,
2020-04-15,INFY,,,,0.0,,23.726673646609594,,
2020-04-15,MM,,,,1.771953080059025,,15.0488957807068,,
2020-04-15,RELIANCE,,,,0.7948965674016822,,10.290820227737708,,
2020-04-16,BHARTIARTL,,,,1.7561289780602887,,2.3633843439788302,,
2020-04-16,HDFCBANK,,,,,,,,
2020-04-16,HUL,,,,0.01258421253336723,,77.03063429515699,,
2020-04-16,INFY,,,,0.0,,23.726673646609594,,
2020-04-16,MM,,,,1.771953080059025,,15.0488957807068,,
2020-04-16,RELIANCE,,,,0.7948965674016822,,10.290820227737708,,
2020-04-17,BHARTIARTL,,,,1.7561289780602887,,2.3633843439788302,,
2020-04-17,HDFCBANK,,,,,,,,
2020-04-17,HUL,,,,0.01258421253336723,,77.03063429515699,,
2020-04-17,INFY,,,,0.0,,23.726673646609594,,
2020-04-17,MM,,,,1.771953080059025,,15.0488957807068,,
2020-04-17,RELIANCE,,,,0.7948965674016822,,10.290820227737708,,
2020-04-20,BHARTIARTL,,,,1.7561289780602887,,2.3633843439788302,,
2020-04-20,HDFCBANK,,,,,,,,
2020-04-20,HUL,,,,0.01258421253336723,,77.03063429515699,,
2020-04-20,INFY,,,,0.0,,23.726673646609594,,
2020-04-20,MM,,,,1.771953080059025,,15.0488957807068,,
2020-04-20,RELIANCE,,,,0.7948965674016822,,10.290820227737708,,
2020-04-21,BHARTIARTL,,,,1.7561289780602887,,2.3633843439788302,,
2020-04-21,HDFCBANK,,,,,,,,
2020-04-21,HUL,,,,0.01258421253336723,,77.03063429515699,,
2020-04-21,INFY,,,,0.0,,23.726673646609594,,
2020-04-21,MM,,,,1.771953080059025,,15.0488957807068,,
2020-04-21,RELIANCE,,,,0.7948965674016822,,10.290820227737708,,
2020-04-22,BHARTIARTL,,,,1.7561289780602887,,2.3633843439788302,,
2020-04-22,HDFCBANK,,,,,,,,
2020-04-22,HUL,,,,0.01258421253336723,,77.03063429515699,,
2020-04-22,INFY,,,,0.0,,23.726673646609594,,
2020-04-22,MM,,,,1.771953080059025,,15.0488957807068,,
2020-04-22,RELIANCE,,,,0.7948965674016822,,10.290820227737708,,
2020-04-23,BHARTIARTL,,,,1.7561289780602887,,2.3633843439788302,,
2020-04-23,HDFCBANK,,,,,,,,
2020-04-23,HUL,,,,0.01258421253336723,,77.03063429515699,,
2020-04-23,INFY,,,,0.0,,23.726673646609594,,
2020-04-23,MM,,,,1.771953080059025,,15.0488957807068,,
2020-04-23,RELIANCE,,,,0.7948965674016822,,10.290820227737708,,
2020-04-24,BHARTIARTL,,,,1.7561289780602887,,2.3633843439788302,,
2020-04-24,HDFCBANK,,,,,,,,
2020-04-24,HUL,,,,0.01258421253336723,,77.03063429515699,,
2020-04-24,INFY,,,,0.0,,23.726673646609594,,
2020-04-24,MM,,,,1.771953080059025,,15.0488957807068,,
2020-04-24,RELIANCE,,,,0.7948965674016822,,10.290820227737708,,
2020-04-27,BHARTIARTL,,,,1.7561289780602887,,2.3633843439788302,,
2020-04-27,HDFCBANK,,,,,,,,
2020-04-27,HUL,,,,0.01258421253336723,,77.03063429515699,,
2020-04-27,INFY,,,,0.0,,23.726673646609594,,
2020-04-27,MM,,,,1.771953080059025,,15.0488957807068,,
2020-04-27,RELIANCE,,,,0.7948965674016822,,10.290820227737708,,
2020-04-28,BHARTIARTL,,,,1.7561289780602887,,2.3633843439788302,,
2020-04-28,HDFCBANK,,,,,,,,
2020-04-28,HUL,,,,0.01258421253336723,,77.03063429515699,,
2020-04-28,INFY,,,,0.0,,23.726673646609594,,
2020-04-28,MM,,,,1.771953080059025,,15.0488957807068,,
2020-04-28,RELIANCE,,,,0.7948965674016822,,10.290820227737708,,
2020-04-29,BHARTIARTL,,,,1.7561289780602887,,2.3633843439788302,,
2020-04-29,HDFCBANK,,,,,,,,
2020-04-29,HUL,,,,0.01258421253336723,,77.03063429515699,,
2020-04-29,INFY,,,,0.0,,23.726673646609594,,
2020-04-29,MM,,,,1.771953080059025,,15.0488957807068,,
2020-04-29,RELIANCE,,,,0.7948965674016822,,10.290820227737708,,
2020-04-30,BHARTIARTL,,,,1.7561289780602887,,2.3633843439788302,,
2020-04-30,HDFCBANK,,,,,,,,
2020-04-30,HUL,,,,0.01258421253336723,,77.03063429515699,,
2020-04-30,INFY,,,,0.0,,23.726673646609594,,
2020-04-30,MM,,,,1.771953080059025,,15.0488957807068,,
2020-04-30,RELIANCE,,,,0.7948965674016822,,10.290820227737708,,
2020-05-01,BHARTIARTL,,,,1.7561289780602887,,2.3633843439788302,,
2020-05-01,HDFCBANK,,,,,,,,
2020-05-01,HUL,,,,0.01258421253336723,,77.03063429515699,,
2020-05-01,INFY,,,,0.0,,23.726673646609594,,
2020-05-01,MM,,,,1.771953080059025,,15.0488957807068,,
2020-05-01,RELIANCE,,,,0.7948965674016822,,10.290820227737708,,
2020-05-04,BHARTIARTL,,,,1.7561289780602887,,2.3633843439788302,,
2020-05-04,HDFCBANK,,,,,,,,
2020-05-04,HUL,,,,0.01258421253336723,,77.03063429515699,,
2020-05-04,INFY,,,,0.0,,23.726673646609594,,
2020-05-04,MM,,,,1.771953080059025,,15.0488957807068,,
2020-05-04,RELIANCE,,,,0.7948965674016822,,10.290820227737708,,
2020-05-05,BHARTIARTL,,,,1.7561289780602887,,2.3633843439788302,,
2020-05-05,HDFCBANK,,,,,,,,
2020-05-05,HUL,,,,0.01258421253336723,,77.03063429515699,,
2020-05-05,INFY,,,,0.0,,23.726673646609594,,
2020-05-05,MM,,,,1.771953080059025,,15.0488957807068,,
2020-05-05,RELIANCE,,,,0.7948965674016822,,10.290820227737708,,
2020-05-06,BHARTIARTL,,,,1.7561289780602887,,2.3633843439788302,,
2020-05-06,HDFCBANK,,,,,,,,
2020-05-06,HUL,,,,0.01258421253336723,,77.03063429515699,,
2020-05-06,INFY,,,,0.0,,23.726673646609594,,
2020-05-06,MM,,,,1.771953080059025,,15.0488957807068,,
2020-05-06,RELIANCE,,,,0.7948965674016822,,10.290820227737708,,
2020-05-07,BHARTIARTL,,,,1.7561289780602887,,2.3633843439788302,,
2020-05-07,HDFCBANK,,,,,,,,
2020-05-07,HUL,,,,0.01258421253336723,,77.03063429515699,,
2020-05-07,INFY,,,,0.0,,23.726673646609594,,
2020-05-07,MM,,,,1.771953080059025,,15.0488957807068,,
2020-05-07,RELIANCE,,,,0.7948965674016822,,10.290820227737708,,
2020-05-08,BHARTIARTL,,,,1.7561289780602887,,2.3633843439788302,,
2020-05-08,HDFCBANK,,,,,,,,
2020-05-08,HUL,,,,0.01258421253336723,,77.03063429515699,,
2020-05-08,INFY,,,,0.0,,23.726673646609594,,
2020-05-08,MM,,,,1.771953080059025,,15.0488957807068,,
2020-05-08,RELIANCE,,,,0.7948965674016822,,10.290820227737708,,
2020-05-11,BHARTIARTL,,,,1.7561289780602887,,2.3633843439788302,,
2020-05-11,HDFCBANK,,,,,,,,
2020-05-11,HUL,,,,0.01258421253336723,,77.03063429515699,,
2020-05-11,INFY,,,,0.0,,23.726673646609594,,
2020-05-11,MM,,,,1.771953080059025,,15.0488957807068,,
2020-05-11,RELIANCE,,,,0.7948965674016822,,10.290820227737708,,
2020-05-12,BHARTIARTL,,,,1.7561289780602887,,2.3633843439788302,,
2020-05-12,HDFCBANK,,,,,,,,
2020-05-12,HUL,,,,0.01258421253336723,,77.03063429515699,,
2020-05-12,INFY,,,,0.0,,23.726673646609594,,
2020-05-12,MM,,,,1.771953080059025,,15.0488957807068,,
2020-05-12,RELIANCE,,,,0.7948965674016822,,10.290820227737708,,
2020-05-13,BHARTIARTL,,,,1.7561289780602887,,2.3633843439788302,,
2020-05-13,HDFCBANK,,,,,,,,
2020-05-13,HUL,,,,0.01258421253336723,,77.03063429515699,,
2020-05-13,INFY,,,,0.0,,23.726673646609594,,
2020-05-13,MM,,,,1.771953080059025,,15.0488957807068,,
2020-05-13,RELIANCE,,,,0.7948965674016822,,10.290820227737708,,
2020-05-14,BHARTIARTL,,,,1.7561289780602887,,2.3633843439788302,,
2020-05-14,HDFCBANK,,,,,,,,
2020-05-14,HUL,,,,0.01258421253336723,,77.03063429515699,,
2020-05-14,INFY,,,,0.0,,23.726673646609594,,
2020-05-14,MM,,,,1.771953080059025,,15.0488957807068,,
2020-05-14,RELIANCE,,,,0.7948965674016822,,10.290820227737708,,
2020-05-15,BHARTIARTL,,,,1.9214207012768163,,-39.748525503921186,,
2020-05-15,HDFCBANK,,,,,,,,
2020-05-15,HUL,,,,0.0,,82.09989063069631,,
2020-05-15,INFY,,,,0.0707868601986249,,25.422459893048128,,
2020-05-15,MM,,,,2.053891766118742,,-0.8031224198754034,,
2020-05-15,RELIANCE,,,,0.7906497820404929,,8.878677370949715,,
2020-05-18,BHARTIARTL,,,,1.9214207012768163,,-39.748525503921186,,
2020-05-18,HDFCBANK,,,,,,,,
2020-05-18,HUL,,,,0.0,,82.09989063069631,,
2020-05-18,INFY,,,,0.0707868601986249,,25.422459893048128,,
2020-05-18,MM,,,,2.053891766118742,,-0.8031224198754034,,
2020-05-18,RELIANCE,,,,0.7906497820404929,,8.878677370949715,,
2020-05-19,BHARTIARTL,,,,1.9214207012768163,,-39.748525503921186,,
2020-05-19,HDFCBANK,,,,,,,,
2020-05-19,HUL,,,,0.0,,82.09989063069631,,
2020-05-19,INFY,,,,0.0707868601986249,,25.422459893048128,,
2020-05-19,MM,,,,2.053891766118742,,-0.8031224198754034,,
2020-05-19,RELIANCE,,,,0.7906497820404929,,8.878677370949715,,
2020-05-20,BHARTIARTL,,,,1.9214207012768163,,-39.748525503921186,,
2020-05-20,HDFCBANK,,,,,,,,
2020-05-20,HUL,,,,0.0,,82.09989063069631,,
2020-05-20,INFY,,,,0.0707868601986249,,25.422459893048128,,
2020-05-20,MM,,,,2.053891766118742,,-0.8031224198754034,,
2020-05-20,RELIANCE,,,,0.7906497820404929,,8.878677370949715,,
2020-05-21,BHARTIARTL,,,,1.9214207012768163,,-39.748525503921186,,
2020-05-21,HDFCBANK,,,,,,,,
2020-05-21,HUL,,,,0.0,,82.09989063069631,,
2020-05-21,INFY,,,,0.0707868601986249,,25.422459893048128,,
2020-05-21,MM,,,,2.053891766118742,,-0.8031224198754034,,
2020-05-21,RELIANCE,,,,0.7906497820404929,,8.878677370949715,,
2020-05-22,BHARTIARTL,,,,1.9214207012768163,,-39.748525503921186,,
2020-05-22,HDFCBANK,,,,,,,,
2020-05-22,HUL,,,,0.0,,82.09989063069631,,
2020-05-22,INFY,,,,0.0707868601986249,,25.422459893048128,,
2020-05-22,MM,,,,2.053891766118742,,-0.8031224198754034,,
2020-05-22,RELIANCE,,,,0.7906497820404929,,8.878677370949715,,
2020-05-25,BHARTIARTL,,,,1.9214207012768163,,-39.748525503921186,,
2020-05-25,HDFCBANK,,,,,,,,
2020-05-25,HUL,,,,0.0,,82.09989063069631,,
2020-05-25,INFY,,,,0.0707868601986249,,25.422459893048128,,
2020-05-25,MM,,,,2.053891766118742,,-0.8031224198754034,,
2020-05-25,RELIANCE,,,,0.7906497820404929,,8.878677370949715,,
2020-05-26,BHARTIARTL,,,,1.9214207012768163,,-39.748525503921186,,
2020-05-26,HDFCBANK,,,,,,,,
2020-05-26,HUL,,,,0.0,,82.09989063069631,,
2020-05-26,INFY,,,,0.0707868601986249,,25.422459893048128,,
2020-05-26,MM,,,,2.053891766118742,,-0.8031224198754034,,
2020-05-26,RELIANCE,,,,0.7906497820404929,,8.878677370949715,,
2020-05-27,BHARTIARTL,,,,1.9214207012768163,,-39.748525503921186,,
2020-05-27,HDFCBANK,,,,,,,,
2020-05-27,HUL,,,,0.0,,82.09989063069631,,
2020-05-27,INFY,,,,0.0707868601986249,,25.422459893048128,,
2020-05-27,MM,,,,2.053891766118742,,-0.8031224198754034,,
2020-05-27,RELIANCE,,,,0.7906497820404929,,8.878677370949715,,
2020-05-28,BHARTIARTL,,,,1.9214207012768163,,-39.748525503921186,,
2020-05-28,HDFCBANK,,,,,,,,
2020-05-28,HUL,,,,0.0,,82.09989063069631,,
2020-05-28,INFY,,,,0.0707868601986249,,25.422459893048128,,
2020-05-28,MM,,,,2.053891766118742,,-0.8031224198754034,,
2020-05-28,RELIANCE,,,,0.7906497820404929,,8.878677370949715,,
2020-05-29,BHARTIARTL,,,,1.9214207012768163,,-39.748525503921186,,
2020-05-29,HDFCBANK,,,,,,,,
2020-05-29,HUL,,,,0.0,,82.09989063069631,,
2020-05-29,INFY,,,,0.0707868601986249,,25.422459893048128,,
2020-05-29,MM,,,,2.053891766118742,,-0.8031224198754034,,
2020-05-29,RELIANCE,,,,0.7906497820404929,,8.878677370949715,,
2020-06-01,BHARTIARTL,,,,1.9214207012768163,,-39.748525503921186,,
2020-06-01,HDFCBANK,,,,,,,,
2020-06-01,HUL,,,,0.0,,82.09989063069631,,
2020-06-01,INFY,,,,0.0707868601986249,,25.422459893048128,,
2020-06-01,MM,,,,2.053891766118742,,-0.8031224198754034,,
2020-06-01,RELIANCE,,,,0.7906497820404929,,8.878677370949715,,
2020-06-02,BHARTIARTL,,,,1.9214207012768163,,-39.748525503921186,,
2020-06-02,HDFCBANK,,,,,,,,
2020-06-02,HUL,,,,0.0,,82.09989063069631,,
2020-06-02,INFY,,,,0.0707868601986249,,25.422459893048128,,
2020-06-02,MM,,,,2.053891766118742,,-0.8031224198754034,,
2020-06-02,RELIANCE,,,,0.7906497820404929,,8.878677370949715,,
2020-06-03,BHARTIARTL,,,,1.9214207012768163,,-39.748525503921186,,
2020-06-03,HDFCBANK,,,,,,,,
2020-06-03,HUL,,,,0.0,,82.09989063069631,,
2020-06-03,INFY,,,,0.0707868601986249,,25.422459893048128,,
2020-06-03,MM,,,,2.053891766118742,,-0.8031224198754034,,
2020-06-03,RELIANCE,,,,0.7906497820404929,,8.878677370949715,,
2020-06-04,BHARTIARTL,,,,1.9214207012768163,,-39.748525503921186,,
2020-06-04,HDFCBANK,,,,,,,,
2020-06-04,HUL,,,,0.0,,82.09989063069631,,
2020-06-04,INFY,,,,0.0707868601986249,,25.422459893048128,,
2020-06-04,MM,,,,2.053891766118742,,-0.8031224198754034,,
2020-06-04,RELIANCE,,,,0.7906497820404929,,8.878677370949715,,
2020-06-05,BHARTIARTL,,,,1.9214207012768163,,-39.748525503921186,,
2020-06-05,HDFCBANK,,,,,,,,
2020-06-05,HUL,,,,0.0,,82.09989063069631,,
2020-06-05,INFY,,,,0.0707868601986249,,25.422459893048128,,
2020-06-05,MM,,,,2.053891766118742,,-0.8031224198754034,,
2020-06-05,RELIANCE,,,,0.7906497820404929,,8.878677370949715,,
2020-06-08,BHARTIARTL,,,,1.9214207012768163,,-39.748525503921186,,
2020-06-08,HDFCBANK,,,,,,,,
2020-06-08,HUL,,,,0.0,,82.09989063069631,,
2020-06-08,INFY,,,,0.0707868601986249,,25.422459893048128,,
2020-06-08,MM,,,,2.053891766118742,,-0.8031224198754034,,
2020-06-08,RELIANCE,,,,0.7906497820404929,,8.878677370949715,,
2020-06-09,BHARTIARTL,,,,1.9214207012768163,,-39.748525503921186,,
2020-06-09,HDFCBANK,,,,,,,,
2020-06-09,HUL,,,,0.0,,82.09989063069631,,
2020-06-09,INFY,,,,0.0707868601986249,,25.422459893048128,,
2020-06-09,MM,,,,2.053891766118742,,-0.8031224198754034,,
2020-06-09,RELIANCE,,,,0.7906497820404929,,8.878677370949715,,
2020-06-10,BHARTIARTL,,,,1.9214207012768163,,-39.748525503921186,,
2020-06-10,HDFCBANK,,,,,,,,
2020-06-10,HUL,,,,0.0,,82.09989063069631,,
2020-06-10,INFY,,,,0.0707868601986249,,25.422459893048128,,
2020-06-10,MM,,,,2.053891766118742,,-0.8031224198754034,,
2020-06-10,RELIANCE,,,,0.7906497820404929,,8.878677370949715,,
2020-06-11,BHARTIARTL,,,,1.9214207012768163,,-39.748525503921186,,
2020-06-11,HDFCBANK,,,,,,,,
2020-06-11,HUL,,,,0.0,,82.09989063069631,,
2020-06-11,INFY,,,,0.0707868601986249,,25.422459893048128,,
2020-06-11,MM,,,,2.053891766118742,,-0.8031224198754034,,
2020-06-11,RELIANCE,,,,0.7906497820404929,,8.878677370949715,,
2020-06-12,BHARTIARTL,,,,1.9214207012768163,,-39.748525503921186,,
2020-06-12,HDFCBANK,,,,,,,,
2020-06-12,HUL,,,,0.0,,82.09989063069631,,
2020-06-12,INFY,,,,0.0707868601986249,,25.422459893048128,,
2020-06-12,MM,,,,2.053891766118742,,-0.8031224198754034,,
2020-06-12,RELIANCE,,,,0.7906497820404929,,8.878677370949715,,
2020-06-15,BHARTIARTL,,,,1.9214207012768163,,-39.748525503921186,,
2020-06-15,HDFCBANK,,,,,,,,
2020-06-15,HUL,,,,0.0,,82.09989063069631,,
2020-06-15,INFY,,,,0.0707868601986249,,25.422459893048128,,
2020-06-15,MM,,,,2.053891766118742,,-0.8031224198754034,,
2020-06-15,RELIANCE,,,,0.7906497820404929,,8.878677370949715,,
2020-06-16,BHARTIARTL,,,,1.9214207012768163,,-39.748525503921186,,
2020-06-16,HDFCBANK,,,,,,,,
2020-06-16,HUL,,,,0.0,,82.09989063069631,,
2020-06-16,INFY,,,,0.0707868601986249,,25.422459893048128,,
2020-06-16,MM,,,,2.053891766118742,,-0.8031224198754034,,
2020-06-16,RELIANCE,,,,0.7906497820404929,,8.878677370949715,,
2020-06-17,BHARTIARTL,,,,1.9214207012768163,,-39.748525503921186,,
2020-06-17,HDFCBANK,,,,,,,,
2020-06-17,HUL,,,,0.0,,82.09989063069631,,
2020-06-17,INFY,,,,0.0707868601986249,,25.422459893048128,,
2020-06-17,MM,,,,2.053891766118742,,-0.8031224198754034,,
2020-06-17,RELIANCE,,,,0.7906497820404929,,8.878677370949715,,
2020-06-18,BHARTIARTL,,,,1.9214207012768163,,-39.748525503921186,,
2020-06-18,HDFCBANK,,,,,,,,
2020-06-18,HUL,,,,0.0,,82.09989063069631,,
2020-06-18,INFY,,,,0.0707868601986249,,25.422459893048128,,
2020-06-18,MM,,,,2.053891766118742,,-0.8031224198754034,,
2020-06-18,RELIANCE,,,,0.7906497820404929,,8.878677370949715,,
2020-06-19,BHARTIARTL,,,,1.9214207012768163,,-39.748525503921186,,
2020-06-19,HDFCBANK,,,,,,,,
2020-06-19,HUL,,,,0.0,,82.09989063069631,,
2020-06-19,INFY,,,,0.0707868601986249,,25.422459893048128,,
2020-06-19,MM,,,,2.053891766118742,,-0.8031224198754034,,
2020-06-19,RELIANCE,,,,0.7906497820404929,,8.878677370949715,,
2020-06-22,BHARTIARTL,,,,1.9214207012768163,,-39.748525503921186,,
2020-06-22,HDFCBANK,,,,,,,,
2020-06-22,HUL,,,,0.0,,82.09989063069631,,
2020-06-22,INFY,,,,0.0707868601986249,,25.422459893048128,,
2020-06-22,MM,,,,2.053891766118742,,-0.8031224198754034,,
2020-06-22,RELIANCE,,,,0.7906497820404929,,8.878677370949715,,
2020-06-23,BHARTIARTL,,,,1.9214207012768163,,-39.748525503921186,,
2020-06-23,HDFCBANK,,,,,,,,
2020-06-23,HUL,,,,0.0,,82.09989063069631,,
2020-06-23,INFY,,,,0.0707868601986249,,25.422459893048128,,
2020-06-23,MM,,,,2.053891766118742,,-0.8031224198754034,,
2020-06-23,RELIANCE,,,,0.7906497820404929,,8.878677370949715,,
2020-06-24,BHARTIARTL,,,,1.9214207012768163,,-39.748525503921186,,
2020-06-24,HDFCBANK,,,,,,,,
2020-06-24,HUL,,,,0.0,,82.09989063069631,,
2020-06-24,INFY,,,,0.0707868601986249,,25.422459893048128,,
2020-06-24,MM,,,,2.053891766118742,,-0.8031224198754034,,
2020-06-24,RELIANCE,,,,0.7906497820404929,,8.878677370949715,,
2020-06-25,BHARTIARTL,,,,1.9214207012768163,,-39.748525503921186,,
2020-06-25,HDFCBANK,,,,,,,,
2020-06-25,HUL,,,,0.0,,82.09989063069631,,
2020-06-25,INFY,,,,0.0707868601986249,,25.422459893048128,,
2020-06-25,MM,,,,2.053891766118742,,-0.8031224198754034,,
2020-06-25,RELIANCE,,,,0.7906497820404929,,8.878677370949715,,
2020-06-26,BHARTIARTL,,,,1.9214207012768163,,-39.748525503921186,,
2020-06-26,HDFCBANK,,,,,,,,
2020-06-26,HUL,,,,0.0,,82.09989063069631,,
2020-06-26,INFY,,,,0.0707868601986249,,25.422459893048128,,
2020-06-26,MM,,,,2.053891766118742,,-0.8031224198754034,,
2020-06-26,RELIANCE,,,,0.7906497820404929,,8.878677370949715,,
2020-06-29,BHARTIARTL,,,,1.9214207012768163,,-39.748525503921186,,
2020-06-29,HDFCBANK,,,,,,,,
2020-06-29,HUL,,,,0.0,,82.09989063069631,,
2020-06-29,INFY,,,,0.0707868601986249,,25.422459893048128,,
2020-06-29,MM,,,,2.053891766118742,,-0.8031224198754034,,
2020-06-29,RELIANCE,,,,0.7906497820404929,,8.878677370949715,,
2020-06-30,BHARTIARTL,,,,1.9214207012768163,,-39.748525503921186,,
2020-06-30,HDFCBANK,,,,,,,,
2020-06-30,HUL,,,,0.0,,82.09989063069631,,
2020-06-30,INFY,,,,0.0707868601986249,,25.422459893048128,,
2020-06-30,MM,,,,2.053891766118742,,-0.8031224198754034,,
2020-06-30,RELIANCE,,,,0.7906497820404929,,8.878677370949715,,
2020-07-01,BHARTIARTL,,,,1.9214207012768163,,-39.748525503921186,,
2020-07-01,HDFCBANK,,,,,,,,
2020-07-01,HUL,,,,0.0,,82.09989063069631,,
2020-07-01,INFY,,,,0.0707868601986249,,25.422459893048128,,
2020-07-01,MM,,,,2.053891766118742,,-0.8031224198754034,,
2020-07-01,RELIANCE,,,,0.7906497820404929,,8.878677370949715,,
2020-07-02,BHARTIARTL,,,,1.9214207012768163,,-39.748525503921186,,
2020-07-02,HDFCBANK,,,,,,,,
2020-07-02,HUL,,,,0.0,,82.09989063069631,,
2020-07-02,INFY,,,,0.0707868601986249,,25.422459893048128,,
2020-07-02,MM,,,,2.053891766118742,,-0.8031224198754034,,
2020-07-02,RELIANCE,,,,0.7906497820404929,,8.878677370949715,,
2020-07-03,BHARTIARTL,,,,1.9214207012768163,,-39.748525503921186,,
2020-07-03,HDFCBANK,,,,,,,,
2020-07-03,HUL,,,,0.0,,82.09989063069631,,
2020-07-03,INFY,,,,0.0707868601986249,,25.422459893048128,,
2020-07-03,MM,,,,2.053891766118742,,-0.8031224198754034,,
2020-07-03,RELIANCE,,,,0.7906497820404929,,8.878677370949715,,
2020-07-06,BHARTIARTL,,,,1.9214207012768163,,-39.748525503921186,,
2020-07-06,HDFCBANK,,,,,,,,
2020-07-06,HUL,,,,0.0,,82.09989063069631,,
2020-07-06,INFY,,,,0.0707868601986249,,25.422459893048128,,
2020-07-06,MM,,,,2.053891766118742,,-0.8031224198754034,,
2020-07-06,RELIANCE,,,,0.7906497820404929,,8.878677370949715,,
2020-07-07,BHARTIARTL,,,,1.9214207012768163,,-39.748525503921186,,
2020-07-07,HDFCBANK,,,,,,,,
2020-07-07,HUL,,,,0.0,,82.09989063069631,,
2020-07-07,INFY,,,,0.0707868601986249,,25.422459893048128,,
2020-07-07,MM,,,,2.053891766118742,,-0.8031224198754034,,
2020-07-07,RELIANCE,,,,0.7906497820404929,,8.878677370949715,,
2020-07-08,BHARTIARTL,,,,1.9214207012768163,,-39.748525503921186,,
2020-07-08,HDFCBANK,,,,,,,,
2020-07-08,HUL,,,,0.0,,82.09989063069631,,
2020-07-08,INFY,,,,0.0707868601986249,,25.422459893048128,,
2020-07-08,MM,,,,2.053891766118742,,-0.8031224198754034,,
2020-07-08,RELIANCE,,,,0.7906497820404929,,8.878677370949715,,
2020-07-09,BHARTIARTL,,,,1.9214207012768163,,-39.748525503921186,,
2020-07-09,HDFCBANK,,,,,,,,
2020-07-09,HUL,,,,0.0,,82.09989063069631,,
2020-07-09,INFY,,,,0.0707868601986249,,25.422459893048128,,
2020-07-09,MM,,,,2.053891766118742,,-0.8031224198754034,,
2020-07-09,RELIANCE,,,,0.7906497820404929,,8.878677370949715,,
2020-07-10,BHARTIARTL,,,,1.9214207012768163,,-39.748525503921186,,
2020-07-10,HDFCBANK,,,,,,,,
2020-07-10,HUL,,,,0.0,,82.09989063069631,,
2020-07-10,INFY,,,,0.0707868601986249,,25.422459893048128,,
2020-07-10,MM,,,,2.053891766118742,,-0.8031224198754034,,
2020-07-10,RELIANCE,,,,0.7906497820404929,,8.878677370949715,,
2020-07-13,BHARTIARTL,,,,1.9214207012768163,,-39.748525503921186,,
2020-07-13,HDFCBANK,,,,,,,,
2020-07-13,HUL,,,,0.0,,82.09989063069631,,
2020-07-13,INFY,,,,0.0707868601986249,,25.422459893048128,,
2020-07-13,MM,,,,2.053891766118742,,-0.8031224198754034,,
2020-07-13,RELIANCE,,,,0.7906497820404929,,8.878677370949715,,
2020-07-14,BHARTIARTL,,,,1.9214207012768163,,-39.748525503921186,,
2020-07-14,HDFCBANK,,,,,,,,
2020-07-14,HUL,,,,0.0,,82.09989063069631,,
2020-07-14,INFY,,,,0.0707868601986249,,25.422459893048128,,
2020-07-14,MM,,,,2.053891766118742,,-0.8031224198754034,,
2020-07-14,RELIANCE,,,,0.7906497820404929,,8.878677370949715,,
2020-07-15,BHARTIARTL,,,,1.9214207012768163,,-39.748525503921186,,
2020-07-15,HDFCBANK,,,,,,,,
2020-07-15,HUL,,,,0.0,,82.09989063069631,,
2020-07-15,INFY,,,,0.0707868601986249,,25.422459893048128,,
2020-07-15,MM,,,,2.053891766118742,,-0.8031224198754034,,
2020-07-15,RELIANCE,,,,0.7906497820404929,,8.878677370949715,,
2020-07-16,BHARTIARTL,,,,1.9214207012768163,,-39.748525503921186,,
2020-07-16,HDFCBANK,,,,,,,,
2020-07-16,HUL,,,,0.0,,82.09989063069631,,
2020-07-16,INFY,,,,0.0707868601986249,,25.422459893048128,,
2020-07-16,MM,,,,2.053891766118742,,-0.8031224198754034,,
2020-07-16,RELIANCE,,,,0.7906497820404929,,8.878677370949715,,
2020-07-17,BHARTIARTL,,,,1.9214207012768163,,-39.748525503921186,,
2020-07-17,HDFCBANK,,,,,,,,
2020-07-17,HUL,,,,0.0,,82.09989063069631,,
2020-07-17,INFY,,,,0.0707868601986249,,25.422459893048128,,
2020-07-17,MM,,,,2.053891766118742,,-0.8031224198754034,,
2020-07-17,RELIANCE,,,,0.7906497820404929,,8.878677370949715,,
2020-07-20,BHARTIARTL,,,,1.9214207012768163,,-39.748525503921186,,
2020-07-20,HDFCBANK,,,,,,,,
2020-07-20,HUL,,,,0.0,,82.09989063069631,,
2020-07-20,INFY,,,,0.0707868601986249,,25.422459893048128,,
2020-07-20,MM,,,,2.053891766118742,,-0.8031224198754034,,
2020-07-20,RELIANCE,,,,0.7906497820404929,,8.878677370949715,,
2020-07-21,BHARTIARTL,,,,1.9214207012768163,,-39.748525503921186,,
2020-07-21,HDFCBANK,,,,,,,,
2020-07-21,HUL,,,,0.0,,82.09989063069631,,
2020-07-21,INFY,,,,0.0707868601986249,,25.422459893048128,,
2020-07-21,MM,,,,2.053891766118742,,-0.8031224198754034,,
2020-07-21,RELIANCE,,,,0.7906497820404929,,8.878677370949715,,
2020-07-22,BHARTIARTL,,,,1.9214207012768163,,-39.748525503921186,,
2020-07-22,HDFCBANK,,,,,,,,
2020-07-22,HUL,,,,0.0,,82.09989063069631,,
2020-07-22,INFY,,,,0.0707868601986249,,25.422459893048128,,
2020-07-22,MM,,,,2.053891766118742,,-0.8031224198754034,,
2020-07-22,RELIANCE,,,,0.7906497820404929,,8.878677370949715,,
2020-07-23,BHARTIARTL,,,,1.9214207012768163,,-39.748525503921186,,
2020-07-23,HDFCBANK,,,,,,,,
2020-07-23,HUL,,,,0.0,,82.09989063069631,,
2020-07-23,INFY,,,,0.0707868601986249,,25.422459893048128,,
2020-07-23,MM,,,,2.053891766118742,,-0.8031224198754034,,
2020-07-23,RELIANCE,,,,0.7906497820404929,,8.878677370949715,,
2020-07-24,BHARTIARTL,,,,1.9214207012768163,,-39.748525503921186,,
2020-07-24,HDFCBANK,,,,,,,,
2020-07-24,HUL,,,,0.0,,82.09989063069631,,
2020-07-24,INFY,,,,0.0707868601986249,,25.422459893048128,,
2020-07-24,MM,,,,2.053891766118742,,-0.8031224198754034,,
2020-07-24,RELIANCE,,,,0.7906497820404929,,8.878677370949715,,
2020-07-27,BHARTIARTL,,,,1.9214207012768163,,-39.748525503921186,,
2020-07-27,HDFCBANK,,,,,,,,
2020-07-27,HUL,,,,0.0,,82.09989063069631,,
2020-07-27,INFY,,,,0.0707868601986249,,25.422459893048128,,
2020-07-27,MM,,,,2.053891766118742,,-0.8031224198754034,,
2020-07-27,RELIANCE,,,,0.7906497820404929,,8.878677370949715,,
2020-07-28,BHARTIARTL,,,,1.9214207012768163,,-39.748525503921186,,
2020-07-28,HDFCBANK,,,,,,,,
2020-07-28,HUL,,,,0.0,,82.09989063069631,,
2020-07-28,INFY,,,,0.0707868601986249,,25.422459893048128,,
2020-07-28,MM,,,,2.053891766118742,,-0.8031224198754034,,
2020-07-28,RELIANCE,,,,0.7906497820404929,,8.878677370949715,,
2020-07-29,BHARTIARTL,,,,1.9214207012768163,,-39.748525503921186,,
2020-07-29,HDFCBANK,,,,,,,,
2020-07-29,HUL,,,,0.0,,82.09989063069631,,
2020-07-29,INFY,,,,0.0707868601986249,,25.422459893048128,,
2020-07-29,MM,,,,2.053891766118742,,-0.8031224198754034,,
2020-07-29,RELIANCE,,,,0.7906497820404929,,8.878677370949715,,
2020-07-30,BHARTIARTL,,,,1.9214207012768163,,-39.748525503921186,,
2020-07-30,HDFCBANK,,,,,,,,
2020-07-30,HUL,,,,0.0,,82.09989063069631,,
2020-07-30,INFY,,,,0.0707868601986249,,25.422459893048128,,
2020-07-30,MM,,,,2.053891766118742,,-0.8031224198754034,,
2020-07-30,RELIANCE,,,,0.7906497820404929,,8.878677370949715,,
2020-07-31,BHARTIARTL,,,,1.9214207012768163,,-39.748525503921186,,
2020-07-31,HDFCBANK,,,,,,,,
2020-07-31,HUL,,,,0.0,,82.09989063069631,,
2020-07-31,INFY,,,,0.0707868601986249,,25.422459893048128,,
2020-07-31,MM,,,,2.053891766118742,,-0.8031224198754034,,
2020-07-31,RELIANCE,,,,0.7906497820404929,,8.878677370949715,,
2020-08-03,BHARTIARTL,,,,1.9214207012768163,,-39.748525503921186,,
2020-08-03,HDFCBANK,,,,,,,,
2020-08-03,HUL,,,,0.0,,82.09989063069631,,
2020-08-03,INFY,,,,0.0707868601986249,,25.422459893048128,,
2020-08-03,MM,,,,2.053891766118742,,-0.8031224198754034,,
2020-08-03,RELIANCE,,,,0.7906497820404929,,8.878677370949715,,
2020-08-04,BHARTIARTL,,,,1.9214207012768163,,-39.748525503921186,,
2020-08-04,HDFCBANK,,,,,,,,
2020-08-04,HUL,,,,0.0,,82.09989063069631,,
2020-08-04,INFY,,,,0.0707868601986249,,25.422459893048128,,
2020-08-04,MM,,,,2.053891766118742,,-0.8031224198754034,,
2020-08-04,RELIANCE,,,,0.7906497820404929,,8.878677370949715,,
2020-08-05,BHARTIARTL,,,,1.9214207012768163,,-39.748525503921186,,
2020-08-05,HDFCBANK,,,,,,,,
2020-08-05,HUL,,,,0.0,,82.09989063069631,,
2020-08-05,INFY,,,,0.0707868601986249,,25.422459893048128,,
2020-08-05,MM,,,,2.053891766118742,,-0.8031224198754034,,
2020-08-05,RELIANCE,,,,0.7906497820404929,,8.878677370949715,,
2020-08-06,BHARTIARTL,,,,1.9214207012768163,,-39.748525503921186,,
2020-08-06,HDFCBANK,,,,,,,,
2020-08-06,HUL,,,,0.0,,82.09989063069631,,
2020-08-06,INFY,,,,0.0707868601986249,,25.422459893048128,,
2020-08-06,MM,,,,2.053891766118742,,-0.8031224198754034,,
2020-08-06,RELIANCE,,,,0.7906497820404929,,8.878677370949715,,
2020-08-07,BHARTIARTL,,,,1.9214207012768163,,-39.748525503921186,,
2020-08-07,HDFCBANK,,,,,,,,
2020-08-07,HUL,,,,0.0,,82.09989063069631,,
2020-08-07,INFY,,,,0.0707868601986249,,25.422459893048128,,
2020-08-07,MM,,,,2.053891766118742,,-0.8031224198754034,,
2020-08-07,RELIANCE,,,,0.7906497820404929,,8.878677370949715,,
2020-08-10,BHARTIARTL,,,,1.9214207012768163,,-39.748525503921186,,
2020-08-10,HDFCBANK,,,,,,,,
2020-08-10,HUL,,,,0.0,,82.09989063069631,,
2020-08-10,INFY,,,,0.0707868601986249,,25.422459893048128,,
2020-08-10,MM,,,,2.053891766118742,,-0.8031224198754034,,
2020-08-10,RELIANCE,,,,0.7906497820404929,,8.878677370949715,,
2020-08-11,BHARTIARTL,,,,1.9214207012768163,,-39.748525503921186,,
2020-08-11,HDFCBANK,,,,,,,,
2020-08-11,HUL,,,,0.0,,82.09989063069631,,
2020-08-11,INFY,,,,0.0707868601986249,,25.422459893048128,,
2020-08-11,MM,,,,2.053891766118742,,-0.8031224198754034,,
2020-08-11,RELIANCE,,,,0.7906497820404929,,8.878677370949715,,
2020-08-12,BHARTIARTL,,,,1.9214207012768163,,-39.748525503921186,,
2020-08-12,HDFCBANK,,,,,,,,
2020-08-12,HUL,,,,0.0,,82.09989063069631,,
2020-08-12,INFY,,,,0.0707868601986249,,25.422459893048128,,
2020-08-12,MM,,,,2.053891766118742,,-0.8031224198754034,,
2020-08-12,RELIANCE,,,,0.7906497820404929,,8.878677370949715,,
2020-08-13,BHARTIARTL,,,,1.9214207012768163,,-39.748525503921186,,
2020-08-13,HDFCBANK,,,,,,,,
2020-08-13,HUL,,,,0.0,,82.09989063069631,,
2020-08-13,INFY,,,,0.0707868601986249,,25.422459893048128,,
2020-08-13,MM,,,,2.053891766118742,,-0.8031224198754034,,
2020-08-13,RELIANCE,,,,0.7906497820404929,,8.878677370949715,,
2020-08-14,BHARTIARTL,,,,1.9214207012768163,,-39.748525503921186,,
2020-08-14,HDFCBANK,,,,,,,,
2020-08-14,HUL,,,,0.0,,82.09989063069631,,
2020-08-14,INFY,,,,0.0707868601986249,,25.422459893048128,,
2020-08-14,MM,,,,2.053891766118742,,-0.8031224198754034,,
2020-08-14,RELIANCE,,,,0.7906497820404929,,8.878677370949715,,
2020-08-17,BHARTIARTL,,,,1.9214207012768163,,-39.748525503921186,,
2020-08-17,HDFCBANK,,,,,,,,
2020-08-17,HUL,,,,0.0,,82.09989063069631,,
2020-08-17,INFY,,,,0.0707868601986249,,25.422459893048128,,
2020-08-17,MM,,,,2.053891766118742,,-0.8031224198754034,,
2020-08-17,RELIANCE,,,,0.7906497820404929,,8.878677370949715,,
2020-08-18,BHARTIARTL,,,,1.9214207012768163,,-39.748525503921186,,
2020-08-18,HDFCBANK,,,,,,,,
2020-08-18,HUL,,,,0.0,,82.09989063069631,,
2020-08-18,INFY,,,,0.0707868601986249,,25.422459893048128,,
2020-08-18,MM,,,,2.053891766118742,,-0.8031224198754034,,
2020-08-18,RELIANCE,,,,0.7906497820404929,,8.878677370949715,,
2020-08-19,BHARTIARTL,,,,1.9214207012768163,,-39.748525503921186,,
2020-08-19,HDFCBANK,,,,,,,,
2020-08-19,HUL,,,,0.0,,82.09989063069631,,
2020-08-19,INFY,,,,0.0707868601986249,,25.422459893048128,,
2020-08-19,MM,,,,2.053891766118742,,-0.8031224198754034,,
2020-08-19,RELIANCE,,,,0.7906497820404929,,8.878677370949715,,
2020-08-20,BHARTIARTL,,,,1.9214207012768163,,-39.748525503921186,,
2020-08-20,HDFCBANK,,,,,,,,
2020-08-20,HUL,,,,0.0,,82.09989063069631,,
2020-08-20,INFY,,,,0.0707868601986249,,25.422459893048128,,
2020-08-20,MM,,,,2.053891766118742,,-0.8031224198754034,,
2020-08-20,RELIANCE,,,,0.7906497820404929,,8.878677370949715,,
2020-08-21,BHARTIARTL,,,,1.9214207012768163,,-39.748525503921186,,
2020-08-21,HDFCBANK,,,,,,,,
2020-08-21,HUL,,,,0.0,,82.09989063069631,,
2020-08-21,INFY,,,,0.0707868601986249,,25.422459893048128,,
2020-08-21,MM,,,,2.053891766118742,,-0.8031224198754034,,
2020-08-21,RELIANCE,,,,0.7906497820404929,,8.878677370949715,,
2020-08-24,BHARTIARTL,,,,1.9214207012768163,,-39.748525503921186,,
2020-08-24,HDFCBANK,,,,,,,,
2020-08-24,HUL,,,,0.0,,82.09989063069631,,
2020-08-24,INFY,,,,0.0707868601986249,,25.422459893048128,,
2020-08-24,MM,,,,2.053891766118742,,-0.8031224198754034,,
2020-08-24,RELIANCE,,,,0.7906497820404929,,8.878677370949715,,
2020-08-25,BHARTIARTL,,,,1.9214207012768163,,-39.748525503921186,,
2020-08-25,HDFCBANK,,,,,,,,
2020-08-25,HUL,,,,0.0,,82.09989063069631,,
2020-08-25,INFY,,,,0.0707868601986249,,25.422459893048128,,
2020-08-25,MM,,,,2.053891766118742,,-0.8031224198754034,,
2020-08-25,RELIANCE,,,,0.7906497820404929,,8.878677370949715,,
2020-08-26,BHARTIARTL,,,,1.9214207012768163,,-39.748525503921186,,
2020-08-26,HDFCBANK,,,,,,,,
2020-08-26,HUL,,,,0.0,,82.09989063069631,,
2020-08-26,INFY,,,,0.0707868601986249,,25.422459893048128,,
2020-08-26,MM,,,,2.053891766118742,,-0.8031224198754034,,
2020-08-26,RELIANCE,,,,0.7906497820404929,,8.878677370949715,,
2020-08-27,BHARTIARTL,,,,1.9214207012768163,,-39.748525503921186,,
2020-08-27,HDFCBANK,,,,,,,,
2020-08-27,HUL,,,,0.0,,82.09989063069631,,
2020-08-27,INFY,,,,0.0707868601986249,,25.422459893048128,,
2020-08-27,MM,,,,2.053891766118742,,-0.8031224198754034,,
2020-08-27,RELIANCE,,,,0.7906497820404929,,8.878677370949715,,
2020-08-28,BHARTIARTL,,,,1.9214207012768163,,-39.748525503921186,,
2020-08-28,HDFCBANK,,,,,,,,
2020-08-28,HUL,,,,0.0,,82.09989063069631,,
2020-08-28,INFY,,,,0.0707868601986249,,25.422459893048128,,
2020-08-28,MM,,,,2.053891766118742,,-0.8031224198754034,,
2020-08-28,RELIANCE,,,,0.7906497820404929,,8.878677370949715,,
2020-08-31,BHARTIARTL,,,,1.9214207012768163,,-39.748525503921186,,
2020-08-31,HDFCBANK,,,,,,,,
2020-08-31,HUL,,,,0.0,,82.09989063069631,,
2020-08-31,INFY,,,,0.0707868601986249,,25.422459893048128,,
2020-08-31,MM,,,,2.053891766118742,,-0.8031224198754034,,
2020-08-31,RELIANCE,,,,0.7906497820404929,,8.878677370949715,,
2020-09-01,BHARTIARTL,,,,1.9214207012768163,,-39.748525503921186,,
2020-09-01,HDFCBANK,,,,,,,,
2020-09-01,HUL,,,,0.0,,82.09989063069631,,
2020-09-01,INFY,,,,0.0707868601986249,,25.422459893048128,,
2020-09-01,MM,,,,2.053891766118742,,-0.8031224198754034,,
2020-09-01,RELIANCE,,,,0.7906497820404929,,8.878677370949715,,
2020-09-02,BHARTIARTL,,,,1.9214207012768163,,-39.748525503921186,,
2020-09-02,HDFCBANK,,,,,,,,
2020-09-02,HUL,,,,0.0,,82.09989063069631,,
2020-09-02,INFY,,,,0.0707868601986249,,25.422459893048128,,
2020-09-02,MM,,,,2.053891766118742,,-0.8031224198754034,,
2020-09-02,RELIANCE,,,,0.7906497820404929,,8.878677370949715,,
2020-09-03,BHARTIARTL,,,,1.9214207012768163,,-39.748525503921186,,
2020-09-03,HDFCBANK,,,,,,,,
2020-09-03,HUL,,,,0.0,,82.09989063069631,,
2020-09-03,INFY,,,,0.0707868601986249,,25.422459893048128,,
2020-09-03,MM,,,,2.053891766118742,,-0.8031224198754034,,
2020-09-03,RELIANCE,,,,0.7906497820404929,,8.878677370949715,,
2020-09-04,BHARTIARTL,,,,1.9214207012768163,,-39.748525503921186,,
2020-09-04,HDFCBANK,,,,,,,,
2020-09-04,HUL,,,,0.0,,82.09989063069631,,
2020-09-04,INFY,,,,0.0707868601986249,,25.422459893048128,,
2020-09-04,MM,,,,2.053891766118742,,-0.8031224198754034,,
2020-09-04,RELIANCE,,,,0.7906497820404929,,8.878677370949715,,
2020-09-07,BHARTIARTL,,,,1.9214207012768163,,-39.748525503921186,,
2020-09-07,HDFCBANK,,,,,,,,
2020-09-07,HUL,,,,0.0,,82.09989063069631,,
2020-09-07,INFY,,,,0.0707868601986249,,25.422459893048128,,
2020-09-07,MM,,,,2.053891766118742,,-0.8031224198754034,,
2020-09-07,RELIANCE,,,,0.7906497820404929,,8.878677370949715,,
2020-09-08,BHARTIARTL,,,,1.9214207012768163,,-39.748525503921186,,
2020-09-08,HDFCBANK,,,,,,,,
2020-09-08,HUL,,,,0.0,,82.09989063069631,,
2020-09-08,INFY,,,,0.0707868601986249,,25.422459893048128,,
2020-09-08,MM,,,,2.053891766118742,,-0.8031224198754034,,
2020-09-08,RELIANCE,,,,0.7906497820404929,,8.878677370949715,,
2020-09-09,BHARTIARTL,,,,1.9214207012768163,,-39.748525503921186,,
2020-09-09,HDFCBANK,,,,,,,,
2020-09-09,HUL,,,,0.0,,82.09989063069631,,
2020-09-09,INFY,,,,0.0707868601986249,,25.422459893048128,,
2020-09-09,MM,,,,2.053891766118742,,-0.8031224198754034,,
2020-09-09,RELIANCE,,,,0.7906497820404929,,8.878677370949715,,
2020-09-10,BHARTIARTL,,,,1.9214207012768163,,-39.748525503921186,,
2020-09-10,HDFCBANK,,,,,,,,
2020-09-10,HUL,,,,0.0,,82.09989063069631,,
2020-09-10,INFY,,,,0.0707868601986249,,25.422459893048128,,
2020-09-10,MM,,,,2.053891766118742,,-0.8031224198754034,,
2020-09-10,RELIANCE,,,,0.7906497820404929,,8.878677370949715,,
2020-09-11,BHARTIARTL,,,,1.9214207012768163,,-39.748525503921186,,
2020-09-11,HDFCBANK,,,,,,,,
2020-09-11,HUL,,,,0.0,,82.09989063069631,,
2020-09-11,INFY,,,,0.0707868601986249,,25.422459893048128,,
2020-09-11,MM,,,,2.053891766118742,,-0.8031224198754034,,
2020-09-11,RELIANCE,,,,0.7906497820404929,,8.878677370949715,,
2020-09-14,BHARTIARTL,,,,1.9214207012768163,,-39.748525503921186,,
2020-09-14,HDFCBANK,,,,,,,,
2020-09-14,HUL,,,,0.0,,82.09989063069631,,
2020-09-14,INFY,,,,0.0707868601986249,,25.422459893048128,,
2020-09-14,MM,,,,2.053891766118742,,-0.8031224198754034,,
2020-09-14,RELIANCE,,,,0.7906497820404929,,8.878677370949715,,
2020-09-15,BHARTIARTL,,,,1.9214207012768163,,-39.748525503921186,,
2020-09-15,HDFCBANK,,,,,,,,
2020-09-15,HUL,,,,0.0,,82.09989063069631,,
2020-09-15,INFY,,,,0.0707868601986249,,25.422459893048128,,
2020-09-15,MM,,,,2.053891766118742,,-0.8031224198754034,,
2020-09-15,RELIANCE,,,,0.7906497820404929,,8.878677370949715,,
2020-09-16,BHARTIARTL,,,,1.9214207012768163,,-39.748525503921186,,
2020-09-16,HDFCBANK,,,,,,,,
2020-09-16,HUL,,,,0.0,,82.09989063069631,,
2020-09-16,INFY,,,,0.0707868601986249,,25.422459893048128,,
2020-09-16,MM,,,,2.053891766118742,,-0.8031224198754034,,
2020-09-16,RELIANCE,,,,0.7906497820404929,,8.878677370949715,,
2020-09-17,BHARTIARTL,,,,1.9214207012768163,,-39.748525503921186,,
2020-09-17,HDFCBANK,,,,,,,,
2020-09-17,HUL,,,,0.0,,82.09989063069631,,
2020-09-17,INFY,,,,0.0707868601986249,,25.422459893048128,,
2020-09-17,MM,,,,2.053891766118742,,-0.8031224198754034,,
2020-09-17,RELIANCE,,,,0.7906497820404929,,8.878677370949715,,
2020-09-18,BHARTIARTL,,,,1.9214207012768163,,-39.748525503921186,,
2020-09-18,HDFCBANK,,,,,,,,
2020-09-18,HUL,,,,0.0,,82.09989063069631,,
2020-09-18,INFY,,,,0.0707868601986249,,25.422459893048128,,
2020-09-18,MM,,,,2.053891766118742,,-0.8031224198754034,,
2020-09-18,RELIANCE,,,,0.7906497820404929,,8.878677370949715,,
2020-09-21,BHARTIARTL,,,,1.9214207012768163,,-39.748525503921186,,
2020-09-21,HDFCBANK,,,,,,,,
2020-09-21,HUL,,,,0.0,,82.09989063069631,,
2020-09-21,INFY,,,,0.0707868601986249,,25.422459893048128,,
2020-09-21,MM,,,,2.053891766118742,,-0.8031224198754034,,
2020-09-21,RELIANCE,,,,0.7906497820404929,,8.878677370949715,,
2020-09-22,BHARTIARTL,,,,1.9214207012768163,,-39.748525503921186,,
2020-09-22,HDFCBANK,,,,,,,,
2020-09-22,HUL,,,,0.0,,82.09989063069631,,
2020-09-22,INFY,,,,0.0707868601986249,,25.422459893048128,,
2020-09-22,MM,,,,2.053891766118742,,-0.8031224198754034,,
2020-09-22,RELIANCE,,,,0.7906497820404929,,8.878677370949715,,
2020-09-23,BHARTIARTL,,,,1.9214207012768163,,-39.748525503921186,,
2020-09-23,HDFCBANK,,,,,,,,
2020-09-23,HUL,,,,0.0,,82.09989063069631,,
2020-09-23,INFY,,,,0.0707868601986249,,25.422459893048128,,
2020-09-23,MM,,,,2.053891766118742,,-0.8031224198754034,,
2020-09-23,RELIANCE,,,,0.7906497820404929,,8.878677370949715,,
2020-09-24,BHARTIARTL,,,,1.9214207012768163,,-39.748525503921186,,
2020-09-24,HDFCBANK,,,,,,,,
2020-09-24,HUL,,,,0.0,,82.09989063069631,,
2020-09-24,INFY,,,,0.0707868601986249,,25.422459893048128,,
2020-09-24,MM,,,,2.053891766118742,,-0.8031224198754034,,
2020-09-24,RELIANCE,,,,0.7906497820404929,,8.878677370949715,,
2020-09-25,BHARTIARTL,,,,1.9214207012768163,,-39.748525503921186,,
2020-09-25,HDFCBANK,,,,,,,,
2020-09-25,HUL,,,,0.0,,82.09989063069631,,
2020-09-25,INFY,,,,0.0707868601986249,,25.422459893048128,,
2020-09-25,MM,,,,2.053891766118742,,-0.8031224198754034,,
2020-09-25,RELIANCE,,,,0.7906497820404929,,8.878677370949715,,
2020-09-28,BHARTIARTL,,,,1.9214207012768163,,-39.748525503921186,,
2020-09-28,HDFCBANK,,,,,,,,
2020-09-28,HUL,,,,0.0,,82.09989063069631,,
2020-09-28,INFY,,,,0.0707868601986249,,25.422459893048128,,
2020-09-28,MM,,,,2.053891766118742,,-0.8031224198754034,,
2020-09-28,RELIANCE,,,,0.7906497820404929,,8.878677370949715,,
2020-09-29,BHARTIARTL,,,,1.9214207012768163,,-39.748525503921186,,
2020-09-29,HDFCBANK,,,,,,,,
2020-09-29,HUL,,,,0.0,,82.09989063069631,,
2020-09-29,INFY,,,,0.0707868601986249,,25.422459893048128,,
2020-09-29,MM,,,,2.053891766118742,,-0.8031224198754034,,
2020-09-29,RELIANCE,,,,0.7906497820404929,,8.878677370949715,,
2020-09-30,BHARTIARTL,,,,1.9214207012768163,,-39.748525503921186,,
2020-09-30,HDFCBANK,,,,,,,,
2020-09-30,HUL,,,,0.0,,82.09989063069631,,
2020-09-30,INFY,,,,0.0707868601986249,,25.422459893048128,,
2020-09-30,MM,,,,2.053891766118742,,-0.8031224198754034,,
2020-09-30,RELIANCE,,,,0.7906497820404929,,8.878677370949715,,
2020-10-01,BHARTIARTL,,,,1.9214207012768163,,-39.748525503921186,,
2020-10-01,HDFCBANK,,,,,,,,
2020-10-01,HUL,,,,0.0,,82.09989063069631,,
2020-10-01,INFY,,,,0.0707868601986249,,25.422459893048128,,
2020-10-01,MM,,,,2.053891766118742,,-0.8031224198754034,,
2020-10-01,RELIANCE,,,,0.7906497820404929,,8.878677370949715,,
2020-10-02,BHARTIARTL,,,,1.9214207012768163,,-39.748525503921186,,
2020-10-02,HDFCBANK,,,,,,,,
2020-10-02,HUL,,,,0.0,,82.09989063069631,,
2020-10-02,INFY,,,,0.0707868601986249,,25.422459893048128,,
2020-10-02,MM,,,,2.053891766118742,,-0.8031224198754034,,
2020-10-02,RELIANCE,,,,0.7906497820404929,,8.878677370949715,,
2020-10-05,BHARTIARTL,,,,1.9214207012768163,,-39.748525503921186,,
2020-10-05,HDFCBANK,,,,,,,,
2020-10-05,HUL,,,,0.0,,82.09989063069631,,
2020-10-05,INFY,,,,0.0707868601986249,,25.422459893048128,,
2020-10-05,MM,,,,2.053891766118742,,-0.8031224198754034,,
2020-10-05,RELIANCE,,,,0.7906497820404929,,8.878677370949715,,
2020-10-06,BHARTIARTL,,,,1.9214207012768163,,-39.748525503921186,,
2020-10-06,HDFCBANK,,,,,,,,
2020-10-06,HUL,,,,0.0,,82.09989063069631,,
2020-10-06,INFY,,,,0.0707868601986249,,25.422459893048128,,
2020-10-06,MM,,,,2.053891766118742,,-0.8031224198754034,,
2020-10-06,RELIANCE,,,,0.7906497820404929,,8.878677370949715,,
2020-10-07,BHARTIARTL,,,,1.9214207012768163,,-39.748525503921186,,
2020-10-07,HDFCBANK,,,,,,,,
2020-10-07,HUL,,,,0.0,,82.09989063069631,,
2020-10-07,INFY,,,,0.0707868601986249,,25.422459893048128,,
2020-10-07,MM,,,,2.053891766118742,,-0.8031224198754034,,
2020-10-07,RELIANCE,,,,0.7906497820404929,,8.878677370949715,,
2020-10-08,BHARTIARTL,,,,1.9214207012768163,,-39.748525503921186,,
2020-10-08,HDFCBANK,,,,,,,,
2020-10-08,HUL,,,,0.0,,82.09989063069631,,
2020-10-08,INFY,,,,0.0707868601986249,,25.422459893048128,,
2020-10-08,MM,,,,2.053891766118742,,-0.8031224198754034,,
2020-10-08,RELIANCE,,,,0.7906497820404929,,8.878677370949715,,
2020-10-09,BHARTIARTL,,,,1.9214207012768163,,-39.748525503921186,,
2020-10-09,HDFCBANK,,,,,,,,
2020-10-09,HUL,,,,0.0,,82.09989063069631,,
2020-10-09,INFY,,,,0.0707868601986249,,25.422459893048128,,
2020-10-09,MM,,,,2.053891766118742,,-0.8031224198754034,,
2020-10-09,RELIANCE,,,,0.7906497820404929,,8.878677370949715,,
2020-10-12,BHARTIARTL,,,,1.9214207012768163,,-39.748525503921186,,
2020-10-12,HDFCBANK,,,,,,,,
2020-10-12,HUL,,,,0.0,,82.09989063069631,,
2020-10-12,INFY,,,,0.0707868601986249,,25.422459893048128,,
2020-10-12,MM,,,,2.053891766118742,,-0.8031224198754034,,
2020-10-12,RELIANCE,,,,0.7906497820404929,,8.878677370949715,,
2020-10-13,BHARTIARTL,,,,1.9214207012768163,,-39.748525503921186,,
2020-10-13,HDFCBANK,,,,,,,,
2020-10-13,HUL,,,,0.0,,82.09989063069631,,
2020-10-13,INFY,,,,0.0707868601986249,,25.422459893048128,,
2020-10-13,MM,,,,2.053891766118742,,-0.8031224198754034,,
2020-10-13,RELIANCE,,,,0.7906497820404929,,8.878677370949715,,
2020-10-14,BHARTIARTL,,,,1.9214207012768163,,-39.748525503921186,,
2020-10-14,HDFCBANK,,,,,,,,
2020-10-14,HUL,,,,0.0,,82.09989063069631,,
2020-10-14,INFY,,,,0.0707868601986249,,25.422459893048128,,
2020-10-14,MM,,,,2.053891766118742,,-0.8031224198754034,,
2020-10-14,RELIANCE,,,,0.7906497820404929,,8.878677370949715,,
2020-10-15,BHARTIARTL,,,,1.9214207012768163,,-39.748525503921186,,
2020-10-15,HDFCBANK,,,,,,,,
2020-10-15,HUL,,,,0.0,,82.09989063069631,,
2020-10-15,INFY,,,,0.0707868601986249,,25.422459893048128,,
2020-10-15,MM,,,,2.053891766118742,,-0.8031224198754034,,
2020-10-15,RELIANCE,,,,0.7906497820404929,,8.878677370949715,,
2020-10-16,BHARTIARTL,,,,1.9214207012768163,,-39.748525503921186,,
2020-10-16,HDFCBANK,,,,,,,,
2020-10-16,HUL,,,,0.0,,82.09989063069631,,
2020-10-16,INFY,,,,0.0707868601986249,,25.422459893048128,,
2020-10-16,MM,,,,2.053891766118742,,-0.8031224198754034,,
2020-10-16,RELIANCE,,,,0.7906497820404929,,8.878677370949715,,
2020-10-19,BHARTIARTL,,,,1.9214207012768163,,-39.748525503921186,,
2020-10-19,HDFCBANK,,,,,,,,
2020-10-19,HUL,,,,0.0,,82.09989063069631,,
2020-10-19,INFY,,,,0.0707868601986249,,25.422459893048128,,
2020-10-19,MM,,,,2.053891766118742,,-0.8031224198754034,,
2020-10-19,RELIANCE,,,,0.7906497820404929,,8.878677370949715,,
2020-10-20,BHARTIARTL,,,,1.9214207012768163,,-39.748525503921186,,
2020-10-20,HDFCBANK,,,,,,,,
2020-10-20,HUL,,,,0.0,,82.09989063069631,,
2020-10-20,INFY,,,,0.0707868601986249,,25.422459893048128,,
2020-10-20,MM,,,,2.053891766118742,,-0.8031224198754034,,
2020-10-20,RELIANCE,,,,0.7906497820404929,,8.878677370949715,,
2020-10-21,BHARTIARTL,,,,1.9214207012768163,,-39.748525503921186,,
2020-10-21,HDFCBANK,,,,,,,,
2020-10-21,HUL,,,,0.0,,82.09989063069631,,
2020-10-21,INFY,,,,0.0707868601986249,,25.422459893048128,,
2020-10-21,MM,,,,2.053891766118742,,-0.8031224198754034,,
2020-10-21,RELIANCE,,,,0.7906497820404929,,8.878677370949715,,
2020-10-22,BHARTIARTL,,,,1.9214207012768163,,-39.748525503921186,,
2020-10-22,HDFCBANK,,,,,,,,
2020-10-22,HUL,,,,0.0,,82.09989063069631,,
2020-10-22,INFY,,,,0.0707868601986249,,25.422459893048128,,
2020-10-22,MM,,,,2.053891766118742,,-0.8031224198754034,,
2020-10-22,RELIANCE,,,,0.7906497820404929,,8.878677370949715,,
2020-10-23,BHARTIARTL,,,,1.9214207012768163,,-39.748525503921186,,
2020-10-23,HDFCBANK,,,,,,,,
2020-10-23,HUL,,,,0.0,,82.09989063069631,,
2020-10-23,INFY,,,,0.0707868601986249,,25.422459893048128,,
2020-10-23,MM,,,,2.053891766118742,,-0.8031224198754034,,
2020-10-23,RELIANCE,,,,0.7906497820404929,,8.878677370949715,,
2020-10-26,BHARTIARTL,,,,1.9214207012768163,,-39.748525503921186,,
2020-10-26,HDFCBANK,,,,,,,,
2020-10-26,HUL,,,,0.0,,82.09989063069631,,
2020-10-26,INFY,,,,0.0707868601986249,,25.422459893048128,,
2020-10-26,MM,,,,2.053891766118742,,-0.8031224198754034,,
2020-10-26,RELIANCE,,,,0.7906497820404929,,8.878677370949715,,
2020-10-27,BHARTIARTL,,,,1.9214207012768163,,-39.748525503921186,,
2020-10-27,HDFCBANK,,,,,,,,
2020-10-27,HUL,,,,0.0,,82.09989063069631,,
2020-10-27,INFY,,,,0.0707868601986249,,25.422459893048128,,
2020-10-27,MM,,,,2.053891766118742,,-0.8031224198754034,,
2020-10-27,RELIANCE,,,,0.7906497820404929,,8.878677370949715,,
2020-10-28,BHARTIARTL,,,,1.9214207012768163,,-39.748525503921186,,
2020-10-28,HDFCBANK,,,,,,,,
2020-10-28,HUL,,,,0.0,,82.09989063069631,,
2020-10-28,INFY,,,,0.0707868601986249,,25.422459893048128,,
2020-10-28,MM,,,,2.053891766118742,,-0.8031224198754034,,
2020-10-28,RELIANCE,,,,0.7906497820404929,,8.878677370949715,,
2020-10-29,BHARTIARTL,,,,1.9214207012768163,,-39.748525503921186,,
2020-10-29,HDFCBANK,,,,,,,,
2020-10-29,HUL,,,,0.0,,82.09989063069631,,
2020-10-29,INFY,,,,0.0707868601986249,,25.422459893048128,,
2020-10-29,MM,,,,2.053891766118742,,-0.8031224198754034,,
2020-10-29,RELIANCE,,,,0.7906497820404929,,8.878677370949715,,
2020-10-30,BHARTIARTL,,,,1.9214207012768163,,-39.748525503921186,,
2020-10-30,HDFCBANK,,,,,,,,
2020-10-30,HUL,,,,0.0,,82.09989063069631,,
2020-10-30,INFY,,,,0.0707868601986249,,25.422459893048128,,
2020-10-30,MM,,,,2.053891766118742,,-0.8031224198754034,,
2020-10-30,RELIANCE,,,,0.7906497820404929,,8.878677370949715,,
2020-11-02,BHARTIARTL,,,,1.9214207012768163,,-39.748525503921186,,
2020-11-02,HDFCBANK,,,,,,,,
2020-11-02,HUL,,,,0.0,,82.09989063069631,,
2020-11-02,INFY,,,,0.0707868601986249,,25.422459893048128,,
2020-11-02,MM,,,,2.053891766118742,,-0.8031224198754034,,
2020-11-02,RELIANCE,,,,0.7906497820404929,,8.878677370949715,,
2020-11-03,BHARTIARTL,,,,1.9214207012768163,,-39.748525503921186,,
2020-11-03,HDFCBANK,,,,,,,,
2020-11-03,HUL,,,,0.0,,82.09989063069631,,
2020-11-03,INFY,,,,0.0707868601986249,,25.422459893048128,,
2020-11-03,MM,,,,2.053891766118742,,-0.8031224198754034,,
2020-11-03,RELIANCE,,,,0.7906497820404929,,8.878677370949715,,
2020-11-04,BHARTIARTL,,,,1.9214207012768163,,-39.748525503921186,,
2020-11-04,HDFCBANK,,,,,,,,
2020-11-04,HUL,,,,0.0,,82.09989063069631,,
2020-11-04,INFY,,,,0.0707868601986249,,25.422459893048128,,
2020-11-04,MM,,,,2.053891766118742,,-0.8031224198754034,,
2020-11-04,RELIANCE,,,,0.7906497820404929,,8.878677370949715,,
2020-11-05,BHARTIARTL,,,,1.9214207012768163,,-39.748525503921186,,
2020-11-05,HDFCBANK,,,,,,,,
2020-11-05,HUL,,,,0.0,,82.09989063069631,,
2020-11-05,INFY,,,,0.0707868601986249,,25.422459893048128,,
2020-11-05,MM,,,,2.053891766118742,,-0.8031224198754034,,
2020-11-05,RELIANCE,,,,0.7906497820404929,,8.878677370949715,,
2020-11-06,BHARTIARTL,,,,1.9214207012768163,,-39.748525503921186,,
2020-11-06,HDFCBANK,,,,,,,,
2020-11-06,HUL,,,,0.0,,82.09989063069631,,
2020-11-06,INFY,,,,0.0707868601986249,,25.422459893048128,,
2020-11-06,MM,,,,2.053891766118742,,-0.8031224198754034,,
2020-11-06,RELIANCE,,,,0.7906497820404929,,8.878677370949715,,
2020-11-09,BHARTIARTL,,,,1.9214207012768163,,-39.748525503921186,,
2020-11-09,HDFCBANK,,,,,,,,
2020-11-09,HUL,,,,0.0,,82.09989063069631,,
2020-11-09,INFY,,,,0.0707868601986249,,25.422459893048128,,
2020-11-09,MM,,,,2.053891766118742,,-0.8031224198754034,,
2020-11-09,RELIANCE,,,,0.7906497820404929,,8.878677370949715,,
2020-11-10,BHARTIARTL,,,,1.9214207012768163,,-39.748525503921186,,
2020-11-10,HDFCBANK,,,,,,,,
2020-11-10,HUL,,,,0.0,,82.09989063069631,,
2020-11-10,INFY,,,,0.0707868601986249,,25.422459893048128,,
2020-11-10,MM,,,,2.053891766118742,,-0.8031224198754034,,
2020-11-10,RELIANCE,,,,0.7906497820404929,,8.878677370949715,,
2020-11-11,BHARTIARTL,,,,1.9214207012768163,,-39.748525503921186,,
2020-11-11,HDFCBANK,,,,,,,,
2020-11-11,HUL,,,,0.0,,82.09989063069631,,
2020-11-11,INFY,,,,0.0707868601986249,,25.422459893048128,,
2020-11-11,MM,,,,2.053891766118742,,-0.8031224198754034,,
2020-11-11,RELIANCE,,,,0.7906497820404929,,8.878677370949715,,
2020-11-12,BHARTIARTL,,,,1.9214207012768163,,-39.748525503921186,,
2020-11-12,HDFCBANK,,,,,,,,
2020-11-12,HUL,,,,0.0,,82.09989063069631,,
2020-11-12,INFY,,,,0.0707868601986249,,25.422459893048128,,
2020-11-12,MM,,,,2.053891766118742,,-0.8031224198754034,,
2020-11-12,RELIANCE,,,,0.7906497820404929,,8.878677370949715,,
2020-11-13,BHARTIARTL,,,,1.9214207012768163,,-39.748525503921186,,
2020-11-13,HDFCBANK,,,,,,,,
2020-11-13,HUL,,,,0.0,,82.09989063069631,,
2020-11-13,INFY,,,,0.0707868601986249,,25.422459893048128,,
2020-11-13,MM,,,,2.053891766118742,,-0.8031224198754034,,
2020-11-13,RELIANCE,,,,0.7906497820404929,,8.878677370949715,,
2020-11-16,BHARTIARTL,,,,1.9214207012768163,,-39.748525503921186,,
2020-11-16,HDFCBANK,,,,,,,,
2020-11-16,HUL,,,,0.0,,82.09989063069631,,
2020-11-16,INFY,,,,0.0707868601986249,,25.422459893048128,,
2020-11-16,MM,,,,2.053891766118742,,-0.8031224198754034,,
2020-11-16,RELIANCE,,,,0.7906497820404929,,8.878677370949715,,
2020-11-17,BHARTIARTL,,,,1.9214207012768163,,-39.748525503921186,,
2020-11-17,HDFCBANK,,,,,,,,
2020-11-17,HUL,,,,0.0,,82.09989063069631,,
2020-11-17,INFY,,,,0.0707868601986249,,25.422459893048128,,
2020-11-17,MM,,,,2.053891766118742,,-0.8031224198754034,,
2020-11-17,RELIANCE,,,,0.7906497820404929,,8.878677370949715,,
2020-11-18,BHARTIARTL,,,,1.9214207012768163,,-39.748525503921186,,
2020-11-18,HDFCBANK,,,,,,,,
2020-11-18,HUL,,,,0.0,,82.09989063069631,,
2020-11-18,INFY,,,,0.0707868601986249,,25.422459893048128,,
2020-11-18,MM,,,,2.053891766118742,,-0.8031224198754034,,
2020-11-18,RELIANCE,,,,0.7906497820404929,,8.878677370949715,,
2020-11-19,BHARTIARTL,,,,1.9214207012768163,,-39.748525503921186,,
2020-11-19,HDFCBANK,,,,,,,,
2020-11-19,HUL,,,,0.0,,82.09989063069631,,
2020-11-19,INFY,,,,0.0707868601986249,,25.422459893048128,,
2020-11-19,MM,,,,2.053891766118742,,-0.8031224198754034,,
2020-11-19,RELIANCE,,,,0.7906497820404929,,8.878677370949715,,
2020-11-20,BHARTIARTL,,,,1.9214207012768163,,-39.748525503921186,,
2020-11-20,HDFCBANK,,,,,,,,
2020-11-20,HUL,,,,0.0,,82.09989063069631,,
2020-11-20,INFY,,,,0.0707868601986249,,25.422459893048128,,
2020-11-20,MM,,,,2.053891766118742,,-0.8031224198754034,,
2020-11-20,RELIANCE,,,,0.7906497820404929,,8.878677370949715,,
2020-11-23,BHARTIARTL,,,,1.9214207012768163,,-39.748525503921186,,
2020-11-23,HDFCBANK,,,,,,,,
2020-11-23,HUL,,,,0.0,,82.09989063069631,,
2020-11-23,INFY,,,,0.0707868601986249,,25.422459893048128,,
2020-11-23,MM,,,,2.053891766118742,,-0.8031224198754034,,
2020-11-23,RELIANCE,,,,0.7906497820404929,,8.878677370949715,,
2020-11-24,BHARTIARTL,,,,1.9214207012768163,,-39.748525503921186,,
2020-11-24,HDFCBANK,,,,,,,,
2020-11-24,HUL,,,,0.0,,82.09989063069631,,
2020-11-24,INFY,,,,0.0707868601986249,,25.422459893048128,,
2020-11-24,MM,,,,2.053891766118742,,-0.8031224198754034,,
2020-11-24,RELIANCE,,,,0.7906497820404929,,8.878677370949715,,
2020-11-25,BHARTIARTL,,,,1.9214207012768163,,-39.748525503921186,,
2020-11-25,HDFCBANK,,,,,,,,
2020-11-25,HUL,,,,0.0,,82.09989063069631,,
2020-11-25,INFY,,,,0.0707868601986249,,25.422459893048128,,
2020-11-25,MM,,,,2.053891766118742,,-0.8031224198754034,,
2020-11-25,RELIANCE,,,,0.7906497820404929,,8.878677370949715,,
2020-11-26,BHARTIARTL,,,,1.9214207012768163,,-39.748525503921186,,
2020-11-26,HDFCBANK,,,,,,,,
2020-11-26,HUL,,,,0.0,,82.09989063069631,,
2020-11-26,INFY,,,,0.0707868601986249,,25.422459893048128,,
2020-11-26,MM,,,,2.053891766118742,,-0.8031224198754034,,
2020-11-26,RELIANCE,,,,0.7906497820404929,,8.878677370949715,,
2020-11-27,BHARTIARTL,,,,1.9214207012768163,,-39.748525503921186,,
2020-11-27,HDFCBANK,,,,,,,,
2020-11-27,HUL,,,,0.0,,82.09989063069631,,
2020-11-27,INFY,,,,0.0707868601986249,,25.422459893048128,,
2020-11-27,MM,,,,2.053891766118742,,-0.8031224198754034,,
2020-11-27,RELIANCE,,,,0.7906497820404929,,8.878677370949715,,
2020-11-30,BHARTIARTL,,,,1.9214207012768163,,-39.748525503921186,,
2020-11-30,HDFCBANK,,,,,,,,
2020-11-30,HUL,,,,0.0,,82.09989063069631,,
2020-11-30,INFY,,,,0.0707868601986249,,25.422459893048128,,
2020-11-30,MM,,,,2.053891766118742,,-0.8031224198754034,,
2020-11-30,RELIANCE,,,,0.7906497820404929,,8.878677370949715,,
2020-12-01,BHARTIARTL,,,,1.9214207012768163,,-39.748525503921186,,
2020-12-01,HDFCBANK,,,,,,,,
2020-12-01,HUL,,,,0.0,,82.09989063069631,,
2020-12-01,INFY,,,,0.0707868601986249,,25.422459893048128,,
2020-12-01,MM,,,,2.053891766118742,,-0.8031224198754034,,
2020-12-01,RELIANCE,,,,0.7906497820404929,,8.878677370949715,,
2020-12-02,BHARTIARTL,,,,1.9214207012768163,,-39.748525503921186,,
2020-12-02,HDFCBANK,,,,,,,,
2020-12-02,HUL,,,,0.0,,82.09989063069631,,
2020-12-02,INFY,,,,0.0707868601986249,,25.422459893048128,,
2020-12-02,MM,,,,2.053891766118742,,-0.8031224198754034,,
2020-12-02,RELIANCE,,,,0.7906497820404929,,8.878677370949715,,
2020-12-03,BHARTIARTL,,,,1.9214207012768163,,-39.748525503921186,,
2020-12-03,HDFCBANK,,,,,,,,
2020-12-03,HUL,,,,0.0,,82.09989063069631,,
2020-12-03,INFY,,,,0.0707868601986249,,25.422459893048128,,
2020-12-03,MM,,,,2.053891766118742,,-0.8031224198754034,,
2020-12-03,RELIANCE,,,,0.7906497820404929,,8.878677370949715,,
2020-12-04,BHARTIARTL,,,,1.9214207012768163,,-39.748525503921186,,
2020-12-04,HDFCBANK,,,,,,,,
2020-12-04,HUL,,,,0.0,,82.09989063069631,,
2020-12-04,INFY,,,,0.0707868601986249,,25.422459893048128,,
2020-12-04,MM,,,,2.053891766118742,,-0.8031224198754034,,
2020-12-04,RELIANCE,,,,0.7906497820404929,,8.878677370949715,,
2020-12-07,BHARTIARTL,,,,1.9214207012768163,,-39.748525503921186,,
2020-12-07,HDFCBANK,,,,,,,,
2020-12-07,HUL,,,,0.0,,82.09989063069631,,
2020-12-07,INFY,,,,0.0707868601986249,,25.422459893048128,,
2020-12-07,MM,,,,2.053891766118742,,-0.8031224198754034,,
2020-12-07,RELIANCE,,,,0.7906497820404929,,8.878677370949715,,
2020-12-08,BHARTIARTL,,,,1.9214207012768163,,-39.748525503921186,,
2020-12-08,HDFCBANK,,,,,,,,
2020-12-08,HUL,,,,0.0,,82.09989063069631,,
2020-12-08,INFY,,,,0.0707868601986249,,25.422459893048128,,
2020-12-08,MM,,,,2.053891766118742,,-0.8031224198754034,,
2020-12-08,RELIANCE,,,,0.7906497820404929,,8.878677370949715,,
2020-12-09,BHARTIARTL,,,,1.9214207012768163,,-39.748525503921186,,
2020-12-09,HDFCBANK,,,,,,,,
2020-12-09,HUL,,,,0.0,,82.09989063069631,,
2020-12-09,INFY,,,,0.0707868601986249,,25.422459893048128,,
2020-12-09,MM,,,,2.053891766118742,,-0.8031224198754034,,
2020-12-09,RELIANCE,,,,0.7906497820404929,,8.878677370949715,,
2020-12-10,BHARTIARTL,,,,1.9214207012768163,,-39.748525503921186,,
2020-12-10,HDFCBANK,,,,,,,,
2020-12-10,HUL,,,,0.0,,82.09989063069631,,
2020-12-10,INFY,,,,0.0707868601986249,,25.422459893048128,,
2020-12-10,MM,,,,2.053891766118742,,-0.8031224198754034,,
2020-12-10,RELIANCE,,,,0.7906497820404929,,8.878677370949715,,
2020-12-11,BHARTIARTL,,,,1.9214207012768163,,-39.748525503921186,,
2020-12-11,HDFCBANK,,,,,,,,
2020-12-11,HUL,,,,0.0,,82.09989063069631,,
2020-12-11,INFY,,,,0.0707868601986249,,25.422459893048128,,
2020-12-11,MM,,,,2.053891766118742,,-0.8031224198754034,,
2020-12-11,RELIANCE,,,,0.7906497820404929,,8.878677370949715,,
2020-12-14,BHARTIARTL,,,,1.9214207012768163,,-39.748525503921186,,
2020-12-14,HDFCBANK,,,,,,,,
2020-12-14,HUL,,,,0.0,,82.09989063069631,,
2020-12-14,INFY,,,,0.0707868601986249,,25.422459893048128,,
2020-12-14,MM,,,,2.053891766118742,,-0.8031224198754034,,
2020-12-14,RELIANCE,,,,0.7906497820404929,,8.878677370949715,,
2020-12-15,BHARTIARTL,,,,1.9214207012768163,,-39.748525503921186,,
2020-12-15,HDFCBANK,,,,,,,,
2020-12-15,HUL,,,,0.0,,82.09989063069631,,
2020-12-15,INFY,,,,0.0707868601986249,,25.422459893048128,,
2020-12-15,MM,,,,2.053891766118742,,-0.8031224198754034,,
2020-12-15,RELIANCE,,,,0.7906497820404929,,8.878677370949715,,
2020-12-16,BHARTIARTL,,,,1.9214207012768163,,-39.748525503921186,,
2020-12-16,HDFCBANK,,,,,,,,
2020-12-16,HUL,,,,0.0,,82.09989063069631,,
2020-12-16,INFY,,,,0.0707868601986249,,25.422459893048128,,
2020-12-16,MM,,,,2.053891766118742,,-0.8031224198754034,,
2020-12-16,RELIANCE,,,,0.7906497820404929,,8.878677370949715,,
2020-12-17,BHARTIARTL,,,,1.9214207012768163,,-39.748525503921186,,
2020-12-17,HDFCBANK,,,,,,,,
2020-12-17,HUL,,,,0.0,,82.09989063069631,,
2020-12-17,INFY,,,,0.0707868601986249,,25.422459893048128,,
2020-12-17,MM,,,,2.053891766118742,,-0.8031224198754034,,
2020-12-17,RELIANCE,,,,0.7906497820404929,,8.878677370949715,,
2020-12-18,BHARTIARTL,,,,1.9214207012768163,,-39.748525503921186,,
2020-12-18,HDFCBANK,,,,,,,,
2020-12-18,HUL,,,,0.0,,82.09989063069631,,
2020-12-18,INFY,,,,0.0707868601986249,,25.422459893048128,,
2020-12-18,MM,,,,2.053891766118742,,-0.8031224198754034,,
2020-12-18,RELIANCE,,,,0.7906497820404929,,8.878677370949715,,
2020-12-21,BHARTIARTL,,,,1.9214207012768163,,-39.748525503921186,,
2020-12-21,HDFCBANK,,,,,,,,
2020-12-21,HUL,,,,0.0,,82.09989063069631,,
2020-12-21,INFY,,,,0.0707868601986249,,25.422459893048128,,
2020-12-21,MM,,,,2.053891766118742,,-0.8031224198754034,,
2020-12-21,RELIANCE,,,,0.7906497820404929,,8.878677370949715,,
2020-12-22,BHARTIARTL,,,,1.9214207012768163,,-39.748525503921186,,
2020-12-22,HDFCBANK,,,,,,,,
2020-12-22,HUL,,,,0.0,,82.09989063069631,,
2020-12-22,INFY,,,,0.0707868601986249,,25.422459893048128,,
2020-12-22,MM,,,,2.053891766118742,,-0.8031224198754034,,
2020-12-22,RELIANCE,,,,0.7906497820404929,,8.878677370949715,,
2020-12-23,BHARTIARTL,,,,1.9214207012768163,,-39.748525503921186,,
2020-12-23,HDFCBANK,,,,,,,,
2020-12-23,HUL,,,,0.0,,82.09989063069631,,
2020-12-23,INFY,,,,0.0707868601986249,,25.422459893048128,,
2020-12-23,MM,,,,2.053891766118742,,-0.8031224198754034,,
2020-12-23,RELIANCE,,,,0.7906497820404929,,8.878677370949715,,
2020-12-24,BHARTIARTL,,,,1.9214207012768163,,-39.748525503921186,,
2020-12-24,HDFCBANK,,,,,,,,
2020-12-24,HUL,,,,0.0,,82.09989063069631,,
2020-12-24,INFY,,,,0.0707868601986249,,25.422459893048128,,
2020-12-24,MM,,,,2.053891766118742,,-0.8031224198754034,,
2020-12-24,RELIANCE,,,,0.7906497820404929,,8.878677370949715,,
2020-12-25,BHARTIARTL,,,,1.9214207012768163,,-39.748525503921186,,
2020-12-25,HDFCBANK,,,,,,,,
2020-12-25,HUL,,,,0.0,,82.09989063069631,,
2020-12-25,INFY,,,,0.0707868601986249,,25.422459893048128,,
2020-12-25,MM,,,,2.053891766118742,,-0.8031224198754034,,
2020-12-25,RELIANCE,,,,0.7906497820404929,,8.878677370949715,,
2020-12-28,BHARTIARTL,,,,1.9214207012768163,,-39.748525503921186,,
2020-12-28,HDFCBANK,,,,,,,,
2020-12-28,HUL,,,,0.0,,82.09989063069631,,
2020-12-28,INFY,,,,0.0707868601986249,,25.422459893048128,,
2020-12-28,MM,,,,2.053891766118742,,-0.8031224198754034,,
2020-12-28,RELIANCE,,,,0.7906497820404929,,8.878677370949715,,
2020-12-29,BHARTIARTL,,,,1.9214207012768163,,-39.748525503921186,,
2020-12-29,HDFCBANK,,,,,,,,
2020-12-29,HUL,,,,0.0,,82.09989063069631,,
2020-12-29,INFY,,,,0.0707868601986249,,25.422459893048128,,
2020-12-29,MM,,,,2.053891766118742,,-0.8031224198754034,,
2020-12-29,RELIANCE,,,,0.7906497820404929,,8.878677370949715,,
2020-12-30,BHARTIARTL,,,,1.9214207012768163,,-39.748525503921186,,
2020-12-30,HDFCBANK,,,,,,,,
2020-12-30,HUL,,,,0.0,,82.09989063069631,,
2020-12-30,INFY,,,,0.0707868601986249,,25.422459893048128,,
2020-12-30,MM,,,,2.053891766118742,,-0.8031224198754034,,
2020-12-30,RELIANCE,,,,0.7906497820404929,,8.878677370949715,,
2020-12-31,BHARTIARTL,,,,1.9214207012768163,,-39.748525503921186,,
2020-12-31,HDFCBANK,,,,,,,,
2020-12-31,HUL,,,,0.0,,82.09989063069631,,
2020-12-31,INFY,,,,0.0707868601986249,,25.422459893048128,,
2020-12-31,MM,,,,2.053891766118742,,-0.8031224198754034,,
2020-12-31,RELIANCE,,,,0.7906497820404929,,8.878677370949715,,
2021-01-01,BHARTIARTL,,,,1.9214207012768163,,-39.748525503921186,,
2021-01-01,HDFCBANK,,,,,,,,
2021-01-01,HUL,,,,0.0,,82.09989063069631,,
2021-01-01,INFY,,,,0.0707868601986249,,25.422459893048128,,
2021-01-01,MM,,,,2.053891766118742,,-0.8031224198754034,,
2021-01-01,RELIANCE,,,,0.7906497820404929,,8.878677370949715,,
2021-01-04,BHARTIARTL,,,,1.9214207012768163,,-39.748525503921186,,
2021-01-04,HDFCBANK,,,,,,,,
2021-01-04,HUL,,,,0.0,,82.09989063069631,,
2021-01-04,INFY,,,,0.0707868601986249,,25.422459893048128,,
2021-01-04,MM,,,,2.053891766118742,,-0.8031224198754034,,
2021-01-04,RELIANCE,,,,0.7906497820404929,,8.878677370949715,,
2021-01-05,BHARTIARTL,,,,1.9214207012768163,,-39.748525503921186,,
2021-01-05,HDFCBANK,,,,,,,,
2021-01-05,HUL,,,,0.0,,82.09989063069631,,
2021-01-05,INFY,,,,0.0707868601986249,,25.422459893048128,,
2021-01-05,MM,,,,2.053891766118742,,-0.8031224198754034,,
2021-01-05,RELIANCE,,,,0.7906497820404929,,8.878677370949715,,
2021-01-06,BHARTIARTL,,,,1.9214207012768163,,-39.748525503921186,,
2021-01-06,HDFCBANK,,,,,,,,
2021-01-06,HUL,,,,0.0,,82.09989063069631,,
2021-01-06,INFY,,,,0.0707868601986249,,25.422459893048128,,
2021-01-06,MM,,,,2.053891766118742,,-0.8031224198754034,,
2021-01-06,RELIANCE,,,,0.7906497820404929,,8.878677370949715,,
2021-01-07,BHARTIARTL,,,,1.9214207012768163,,-39.748525503921186,,
2021-01-07,HDFCBANK,,,,,,,,
2021-01-07,HUL,,,,0.0,,82.09989063069631,,
2021-01-07,INFY,,,,0.0707868601986249,,25.422459893048128,,
2021-01-07,MM,,,,2.053891766118742,,-0.8031224198754034,,
2021-01-07,RELIANCE,,,,0.7906497820404929,,8.878677370949715,,
2021-01-08,BHARTIARTL,,,,1.9214207012768163,,-39.748525503921186,,
2021-01-08,HDFCBANK,,,,,,,,
2021-01-08,HUL,,,,0.0,,82.09989063069631,,
2021-01-08,INFY,,,,0.0707868601986249,,25.422459893048128,,
2021-01-08,MM,,,,2.053891766118742,,-0.8031224198754034,,
2021-01-08,RELIANCE,,,,0.7906497820404929,,8.878677370949715,,
2021-01-11,BHARTIARTL,,,,1.9214207012768163,,-39.748525503921186,,
2021-01-11,HDFCBANK,,,,,,,,
2021-01-11,HUL,,,,0.0,,82.09989063069631,,
2021-01-11,INFY,,,,0.0707868601986249,,25.422459893048128,,
2021-01-11,MM,,,,2.053891766118742,,-0.8031224198754034,,
2021-01-11,RELIANCE,,,,0.7906497820404929,,8.878677370949715,,
2021-01-12,BHARTIARTL,,,,1.9214207012768163,,-39.748525503921186,,
2021-01-12,HDFCBANK,,,,,,,,
2021-01-12,HUL,,,,0.0,,82.09989063069631,,
2021-01-12,INFY,,,,0.0707868601986249,,25.422459893048128,,
2021-01-12,MM,,,,2.053891766118742,,-0.8031224198754034,,
2021-01-12,RELIANCE,,,,0.7906497820404929,,8.878677370949715,,
2021-01-13,BHARTIARTL,,,,1.9214207012768163,,-39.748525503921186,,
2021-01-13,HDFCBANK,,,,,,,,
2021-01-13,HUL,,,,0.0,,82.09989063069631,,
2021-01-13,INFY,,,,0.0707868601986249,,25.422459893048128,,
2021-01-13,MM,,,,2.053891766118742,,-0.8031224198754034,,
2021-01-13,RELIANCE,,,,0.7906497820404929,,8.878677370949715,,
2021-01-14,BHARTIARTL,,,,1.9214207012768163,,-39.748525503921186,,
2021-01-14,HDFCBANK,,,,,,,,
2021-01-14,HUL,,,,0.0,,82.09989063069631,,
2021-01-14,INFY,,,,0.0707868601986249,,25.422459893048128,,
2021-01-14,MM,,,,2.053891766118742,,-0.8031224198754034,,
2021-01-14,RELIANCE,,,,0.7906497820404929,,8.878677370949715,,
2021-01-15,BHARTIARTL,,,,1.9214207012768163,,-39.748525503921186,,
2021-01-15,HDFCBANK,,,,,,,,
2021-01-15,HUL,,,,0.0,,82.09989063069631,,
2021-01-15,INFY,,,,0.0707868601986249,,25.422459893048128,,
2021-01-15,MM,,,,2.053891766118742,,-0.8031224198754034,,
2021-01-15,RELIANCE,,,,0.7906497820404929,,8.878677370949715,,
2021-01-18,BHARTIARTL,,,,1.9214207012768163,,-39.748525503921186,,
2021-01-18,HDFCBANK,,,,,,,,
2021-01-18,HUL,,,,0.0,,82.09989063069631,,
2021-01-18,INFY,,,,0.0707868601986249,,25.422459893048128,,
2021-01-18,MM,,,,2.053891766118742,,-0.8031224198754034,,
2021-01-18,RELIANCE,,,,0.7906497820404929,,8.878677370949715,,
2021-01-19,BHARTIARTL,,,,1.9214207012768163,,-39.748525503921186,,
2021-01-19,HDFCBANK,,,,,,,,
2021-01-19,HUL,,,,0.0,,82.09989063069631,,
2021-01-19,INFY,,,,0.0707868601986249,,25.422459893048128,,
2021-01-19,MM,,,,2.053891766118742,,-0.8031224198754034,,
2021-01-19,RELIANCE,,,,0.7906497820404929,,8.878677370949715,,
2021-01-20,BHARTIARTL,,,,1.9214207012768163,,-39.748525503921186,,
2021-01-20,HDFCBANK,,,,,,,,
2021-01-20,HUL,,,,0.0,,82.09989063069631,,
2021-01-20,INFY,,,,0.0707868601986249,,25.422459893048128,,
2021-01-20,MM,,,,2.053891766118742,,-0.8031224198754034,,
2021-01-20,RELIANCE,,,,0.7906497820404929,,8.878677370949715,,
2021-01-21,BHARTIARTL,,,,1.9214207012768163,,-39.748525503921186,,
2021-01-21,HDFCBANK,,,,,,,,
2021-01-21,HUL,,,,0.0,,82.09989063069631,,
2021-01-21,INFY,,,,0.0707868601986249,,25.422459893048128,,
2021-01-21,MM,,,,2.053891766118742,,-0.8031224198754034,,
2021-01-21,RELIANCE,,,,0.7906497820404929,,8.878677370949715,,
2021-01-22,BHARTIARTL,,,,1.9214207012768163,,-39.748525503921186,,
2021-01-22,HDFCBANK,,,,,,,,
2021-01-22,HUL,,,,0.0,,82.09989063069631,,
2021-01-22,INFY,,,,0.0707868601986249,,25.422459893048128,,
2021-01-22,MM,,,,2.053891766118742,,-0.8031224198754034,,
2021-01-22,RELIANCE,,,,0.7906497820404929,,8.878677370949715,,
2021-01-25,BHARTIARTL,,,,1.9214207012768163,,-39.748525503921186,,
2021-01-25,HDFCBANK,,,,,,,,
2021-01-25,HUL,,,,0.0,,82.09989063069631,,
2021-01-25,INFY,,,,0.0707868601986249,,25.422459893048128,,
2021-01-25,MM,,,,2.053891766118742,,-0.8031224198754034,,
2021-01-25,RELIANCE,,,,0.7906497820404929,,8.878677370949715,,
2021-01-26,BHARTIARTL,,,,1.9214207012768163,,-39.748525503921186,,
2021-01-26,HDFCBANK,,,,,,,,
2021-01-26,HUL,,,,0.0,,82.09989063069631,,
2021-01-26,INFY,,,,0.0707868601986249,,25.422459893048128,,
2021-01-26,MM,,,,2.053891766118742,,-0.8031224198754034,,
2021-01-26,RELIANCE,,,,0.7906497820404929,,8.878677370949715,,
2021-01-27,BHARTIARTL,,,,1.9214207012768163,,-39.748525503921186,,
2021-01-27,HDFCBANK,,,,,,,,
2021-01-27,HUL,,,,0.0,,82.09989063069631,,
2021-01-27,INFY,,,,0.0707868601986249,,25.422459893048128,,
2021-01-27,MM,,,,2.053891766118742,,-0.8031224198754034,,
2021-01-27,RELIANCE,,,,0.7906497820404929,,8.878677370949715,,
2021-01-28,BHARTIARTL,,,,1.9214207012768163,,-39.748525503921186,,
2021-01-28,HDFCBANK,,,,,,,,
2021-01-28,HUL,,,,0.0,,82.09989063069631,,
2021-01-28,INFY,,,,0.0707868601986249,,25.422459893048128,,
2021-01-28,MM,,,,2.053891766118742,,-0.8031224198754034,,
2021-01-28,RELIANCE,,,,0.7906497820404929,,8.878677370949715,,
2021-01-29,BHARTIARTL,,,,1.9214207012768163,,-39.748525503921186,,
2021-01-29,HDFCBANK,,,,,,,,
2021-01-29,HUL,,,,0.0,,82.09989063069631,,
2021-01-29,INFY,,,,0.0707868601986249,,25.422459893048128,,
2021-01-29,MM,,,,2.053891766118742,,-0.8031224198754034,,
2021-01-29,RELIANCE,,,,0.7906497820404929,,8.878677370949715,,
2021-02-01,BHARTIARTL,,,,1.9214207012768163,,-39.748525503921186,,
2021-02-01,HDFCBANK,,,,,,,,
2021-02-01,HUL,,,,0.0,,82.09989063069631,,
2021-02-01,INFY,,,,0.0707868601986249,,25.422459893048128,,
2021-02-01,MM,,,,2.053891766118742,,-0.8031224198754034,,
2021-02-01,RELIANCE,,,,0.7906497820404929,,8.878677370949715,,
2021-02-02,BHARTIARTL,,,,1.9214207012768163,,-39.748525503921186,,
2021-02-02,HDFCBANK,,,,,,,,
2021-02-02,HUL,,,,0.0,,82.09989063069631,,
2021-02-02,INFY,,,,0.0707868601986249,,25.422459893048128,,
2021-02-02,MM,,,,2.053891766118742,,-0.8031224198754034,,
2021-02-02,RELIANCE,,,,0.7906497820404929,,8.878677370949715,,
2021-02-03,BHARTIARTL,,,,1.9214207012768163,,-39.748525503921186,,
2021-02-03,HDFCBANK,,,,,,,,
2021-02-03,HUL,,,,0.0,,82.09989063069631,,
2021-02-03,INFY,,,,0.0707868601986249,,25.422459893048128,,
2021-02-03,MM,,,,2.053891766118742,,-0.8031224198754034,,
2021-02-03,RELIANCE,,,,0.7906497820404929,,8.878677370949715,,
2021-02-04,BHARTIARTL,,,,1.9214207012768163,,-39.748525503921186,,
2021-02-04,HDFCBANK,,,,,,,,
2021-02-04,HUL,,,,0.0,,82.09989063069631,,
2021-02-04,INFY,,,,0.0707868601986249,,25.422459893048128,,
2021-02-04,MM,,,,2.053891766118742,,-0.8031224198754034,,
2021-02-04,RELIANCE,,,,0.7906497820404929,,8.878677370949715,,
2021-02-05,BHARTIARTL,,,,1.9214207012768163,,-39.748525503921186,,
2021-02-05,HDFCBANK,,,,,,,,
2021-02-05,HUL,,,,0.0,,82.09989063069631,,
2021-02-05,INFY,,,,0.0707868601986249,,25.422459893048128,,
2021-02-05,MM,,,,2.053891766118742,,-0.8031224198754034,,
2021-02-05,RELIANCE,,,,0.7906497820404929,,8.878677370949715,,
2021-02-08,BHARTIARTL,,,,1.9214207012768163,,-39.748525503921186,,
2021-02-08,HDFCBANK,,,,,,,,
2021-02-08,HUL,,,,0.0,,82.09989063069631,,
2021-02-08,INFY,,,,0.0707868601986249,,25.422459893048128,,
2021-02-08,MM,,,,2.053891766118742,,-0.8031224198754034,,
2021-02-08,RELIANCE,,,,0.7906497820404929,,8.878677370949715,,
2021-02-09,BHARTIARTL,,,,1.9214207012768163,,-39.748525503921186,,
2021-02-09,HDFCBANK,,,,,,,,
2021-02-09,HUL,,,,0.0,,82.09989063069631,,
2021-02-09,INFY,,,,0.0707868601986249,,25.422459893048128,,
2021-02-09,MM,,,,2.053891766118742,,-0.8031224198754034,,
2021-02-09,RELIANCE,,,,0.7906497820404929,,8.878677370949715,,
2021-02-10,BHARTIARTL,,,,1.9214207012768163,,-39.748525503921186,,
2021-02-10,HDFCBANK,,,,,,,,
2021-02-10,HUL,,,,0.0,,82.09989063069631,,
2021-02-10,INFY,,,,0.0707868601986249,,25.422459893048128,,
2021-02-10,MM,,,,2.053891766118742,,-0.8031224198754034,,
2021-02-10,RELIANCE,,,,0.7906497820404929,,8.878677370949715,,
2021-02-11,BHARTIARTL,,,,1.9214207012768163,,-39.748525503921186,,
2021-02-11,HDFCBANK,,,,,,,,
2021-02-11,HUL,,,,0.0,,82.09989063069631,,
2021-02-11,INFY,,,,0.0707868601986249,,25.422459893048128,,
2021-02-11,MM,,,,2.053891766118742,,-0.8031224198754034,,
2021-02-11,RELIANCE,,,,0.7906497820404929,,8.878677370949715,,
2021-02-12,BHARTIARTL,,,,1.9214207012768163,,-39.748525503921186,,
2021-02-12,HDFCBANK,,,,,,,,
2021-02-12,HUL,,,,0.0,,82.09989063069631,,
2021-02-12,INFY,,,,0.0707868601986249,,25.422459893048128,,
2021-02-12,MM,,,,2.053891766118742,,-0.8031224198754034,,
2021-02-12,RELIANCE,,,,0.7906497820404929,,8.878677370949715,,
2021-02-15,BHARTIARTL,,,,1.9214207012768163,,-39.748525503921186,,
2021-02-15,HDFCBANK,,,,,,,,
2021-02-15,HUL,,,,0.0,,82.09989063069631,,
2021-02-15,INFY,,,,0.0707868601986249,,25.422459893048128,,
2021-02-15,MM,,,,2.053891766118742,,-0.8031224198754034,,
2021-02-15,RELIANCE,,,,0.7906497820404929,,8.878677370949715,,
2021-02-16,BHARTIARTL,,,,1.9214207012768163,,-39.748525503921186,,
2021-02-16,HDFCBANK,,,,,,,,
2021-02-16,HUL,,,,0.0,,82.09989063069631,,
2021-02-16,INFY,,,,0.0707868601986249,,25.422459893048128,,
2021-02-16,MM,,,,2.053891766118742,,-0.8031224198754034,,
2021-02-16,RELIANCE,,,,0.7906497820404929,,8.878677370949715,,
2021-02-17,BHARTIARTL,,,,1.9214207012768163,,-39.748525503921186,,
2021-02-17,HDFCBANK,,,,,,,,
2021-02-17,HUL,,,,0.0,,82.09989063069631,,
2021-02-17,INFY,,,,0.0707868601986249,,25.422459893048128,,
2021-02-17,MM,,,,2.053891766118742,,-0.8031224198754034,,
2021-02-17,RELIANCE,,,,0.7906497820404929,,8.878677370949715,,
2021-02-18,BHARTIARTL,,,,1.9214207012768163,,-39.748525503921186,,
2021-02-18,HDFCBANK,,,,,,,,
2021-02-18,HUL,,,,0.0,,82.09989063069631,,
2021-02-18,INFY,,,,0.0707868601986249,,25.422459893048128,,
2021-02-18,MM,,,,2.053891766118742,,-0.8031224198754034,,
2021-02-18,RELIANCE,,,,0.7906497820404929,,8.878677370949715,,
2021-02-19,BHARTIARTL,,,,1.9214207012768163,,-39.748525503921186,,
2021-02-19,HDFCBANK,,,,,,,,
2021-02-19,HUL,,,,0.0,,82.09989063069631,,
2021-02-19,INFY,,,,0.0707868601986249,,25.422459893048128,,
2021-02-19,MM,,,,2.053891766118742,,-0.8031224198754034,,
2021-02-19,RELIANCE,,,,0.7906497820404929,,8.878677370949715,,
2021-02-22,BHARTIARTL,,,,1.9214207012768163,,-39.748525503921186,,
2021-02-22,HDFCBANK,,,,,,,,
2021-02-22,HUL,,,,0.0,,82.09989063069631,,
2021-02-22,INFY,,,,0.0707868601986249,,25.422459893048128,,
2021-02-22,MM,,,,2.053891766118742,,-0.8031224198754034,,
2021-02-22,RELIANCE,,,,0.7906497820404929,,8.878677370949715,,
2021-02-23,BHARTIARTL,,,,1.9214207012768163,,-39.748525503921186,,
2021-02-23,HDFCBANK,,,,,,,,
2021-02-23,HUL,,,,0.0,,82.09989063069631,,
2021-02-23,INFY,,,,0.0707868601986249,,25.422459893048128,,
2021-02-23,MM,,,,2.053891766118742,,-0.8031224198754034,,
2021-02-23,RELIANCE,,,,0.7906497820404929,,8.878677370949715,,
2021-02-24,BHARTIARTL,,,,1.9214207012768163,,-39.748525503921186,,
2021-02-24,HDFCBANK,,,,,,,,
2021-02-24,HUL,,,,0.0,,82.09989063069631,,
2021-02-24,INFY,,,,0.0707868601986249,,25.422459893048128,,
2021-02-24,MM,,,,2.053891766118742,,-0.8031224198754034,,
2021-02-24,RELIANCE,,,,0.7906497820404929,,8.878677370949715,,
2021-02-25,BHARTIARTL,,,,1.9214207012768163,,-39.748525503921186,,
2021-02-25,HDFCBANK,,,,,,,,
2021-02-25,HUL,,,,0.0,,82.09989063069631,,
2021-02-25,INFY,,,,0.0707868601986249,,25.422459893048128,,
2021-02-25,MM,,,,2.053891766118742,,-0.8031224198754034,,
2021-02-25,RELIANCE,,,,0.7906497820404929,,8.878677370949715,,
2021-02-26,BHARTIARTL,,,,1.9214207012768163,,-39.748525503921186,,
2021-02-26,HDFCBANK,,,,,,,,
2021-02-26,HUL,,,,0.0,,82.09989063069631,,
2021-02-26,INFY,,,,0.0707868601986249,,25.422459893048128,,
2021-02-26,MM,,,,2.053891766118742,,-0.8031224198754034,,
2021-02-26,RELIANCE,,,,0.7906497820404929,,8.878677370949715,,
2021-03-01,BHARTIARTL,,,,1.9214207012768163,,-39.748525503921186,,
2021-03-01,HDFCBANK,,,,,,,,
2021-03-01,HUL,,,,0.0,,82.09989063069631,,
2021-03-01,INFY,,,,0.0707868601986249,,25.422459893048128,,
2021-03-01,MM,,,,2.053891766118742,,-0.8031224198754034,,
2021-03-01,RELIANCE,,,,0.7906497820404929,,8.878677370949715,,
2021-03-02,BHARTIARTL,,,,1.9214207012768163,,-39.748525503921186,,
2021-03-02,HDFCBANK,,,,,,,,
2021-03-02,HUL,,,,0.0,,82.09989063069631,,
2021-03-02,INFY,,,,0.0707868601986249,,25.422459893048128,,
2021-03-02,MM,,,,2.053891766118742,,-0.8031224198754034,,
2021-03-02,RELIANCE,,,,0.7906497820404929,,8.878677370949715,,
2021-03-03,BHARTIARTL,,,,1.9214207012768163,,-39.748525503921186,,
2021-03-03,HDFCBANK,,,,,,,,
2021-03-03,HUL,,,,0.0,,82.09989063069631,,
2021-03-03,INFY,,,,0.0707868601986249,,25.422459893048128,,
2021-03-03,MM,,,,2.053891766118742,,-0.8031224198754034,,
2021-03-03,RELIANCE,,,,0.7906497820404929,,8.878677370949715,,
2021-03-04,BHARTIARTL,,,,1.9214207012768163,,-39.748525503921186,,
2021-03-04,HDFCBANK,,,,,,,,
2021-03-04,HUL,,,,0.0,,82.09989063069631,,
2021-03-04,INFY,,,,0.0707868601986249,,25.422459893048128,,
2021-03-04,MM,,,,2.053891766118742,,-0.8031224198754034,,
2021-03-04,RELIANCE,,,,0.7906497820404929,,8.878677370949715,,
2021-03-05,BHARTIARTL,,,,1.9214207012768163,,-39.748525503921186,,
2021-03-05,HDFCBANK,,,,,,,,
2021-03-05,HUL,,,,0.0,,82.09989063069631,,
2021-03-05,INFY,,,,0.0707868601986249,,25.422459893048128,,
2021-03-05,MM,,,,2.053891766118742,,-0.8031224198754034,,
2021-03-05,RELIANCE,,,,0.7906497820404929,,8.878677370949715,,
2021-03-08,BHARTIARTL,,,,1.9214207012768163,,-39.748525503921186,,
2021-03-08,HDFCBANK,,,,,,,,
2021-03-08,HUL,,,,0.0,,82.09989063069631,,
2021-03-08,INFY,,,,0.0707868601986249,,25.422459893048128,,
2021-03-08,MM,,,,2.053891766118742,,-0.8031224198754034,,
2021-03-08,RELIANCE,,,,0.7906497820404929,,8.878677370949715,,
2021-03-09,BHARTIARTL,,,,1.9214207012768163,,-39.748525503921186,,
2021-03-09,HDFCBANK,,,,,,,,
2021-03-09,HUL,,,,0.0,,82.09989063069631,,
2021-03-09,INFY,,,,0.0707868601986249,,25.422459893048128,,
2021-03-09,MM,,,,2.053891766118742,,-0.8031224198754034,,
2021-03-09,RELIANCE,,,,0.7906497820404929,,8.878677370949715,,
2021-03-10,BHARTIARTL,,,,1.9214207012768163,,-39.748525503921186,,
2021-03-10,HDFCBANK,,,,,,,,
2021-03-10,HUL,,,,0.0,,82.09989063069631,,
2021-03-10,INFY,,,,0.0707868601986249,,25.422459893048128,,
2021-03-10,MM,,,,2.053891766118742,,-0.8031224198754034,,
2021-03-10,RELIANCE,,,,0.7906497820404929,,8.878677370949715,,
2021-03-11,BHARTIARTL,,,,1.9214207012768163,,-39.748525503921186,,
2021-03-11,HDFCBANK,,,,,,,,
2021-03-11,HUL,,,,0.0,,82.09989063069631,,
2021-03-11,INFY,,,,0.0707868601986249,,25.422459893048128,,
2021-03-11,MM,,,,2.053891766118742,,-0.8031224198754034,,
2021-03-11,RELIANCE,,,,0.7906497820404929,,8.878677370949715,,
2021-03-12,BHARTIARTL,,,,1.9214207012768163,,-39.748525503921186,,
2021-03-12,HDFCBANK,,,,,,,,
2021-03-12,HUL,,,,0.0,,82.09989063069631,,
2021-03-12,INFY,,,,0.0707868601986249,,25.422459893048128,,
2021-03-12,MM,,,,2.053891766118742,,-0.8031224198754034,,
2021-03-12,RELIANCE,,,,0.7906497820404929,,8.878677370949715,,
2021-03-15,BHARTIARTL,,,,1.9214207012768163,,-39.748525503921186,,
2021-03-15,HDFCBANK,,,,,,,,
2021-03-15,HUL,,,,0.0,,82.09989063069631,,
2021-03-15,INFY,,,,0.0707868601986249,,25.422459893048128,,
2021-03-15,MM,,,,2.053891766118742,,-0.8031224198754034,,
2021-03-15,RELIANCE,,,,0.7906497820404929,,8.878677370949715,,
2021-03-16,BHARTIARTL,,,,1.9214207012768163,,-39.748525503921186,,
2021-03-16,HDFCBANK,,,,,,,,
2021-03-16,HUL,,,,0.0,,82.09989063069631,,
2021-03-16,INFY,,,,0.0707868601986249,,25.422459893048128,,
2021-03-16,MM,,,,2.053891766118742,,-0.8031224198754034,,
2021-03-16,RELIANCE,,,,0.7906497820404929,,8.878677370949715,,
2021-03-17,BHARTIARTL,,,,1.9214207012768163,,-39.748525503921186,,
2021-03-17,HDFCBANK,,,,,,,,
2021-03-17,HUL,,,,0.0,,82.09989063069631,,
2021-03-17,INFY,,,,0.0707868601986249,,25.422459893048128,,
2021-03-17,MM,,,,2.053891766118742,,-0.8031224198754034,,
2021-03-17,RELIANCE,,,,0.7906497820404929,,8.878677370949715,,
2021-03-18,BHARTIARTL,,,,1.9214207012768163,,-39.748525503921186,,
2021-03-18,HDFCBANK,,,,,,,,
2021-03-18,HUL,,,,0.0,,82.09989063069631,,
2021-03-18,INFY,,,,0.0707868601986249,,25.422459893048128,,
2021-03-18,MM,,,,2.053891766118742,,-0.8031224198754034,,
2021-03-18,RELIANCE,,,,0.7906497820404929,,8.878677370949715,,
2021-03-19,BHARTIARTL,,,,1.9214207012768163,,-39.748525503921186,,
2021-03-19,HDFCBANK,,,,,,,,
2021-03-19,HUL,,,,0.0,,82.09989063069631,,
2021-03-19,INFY,,,,0.0707868601986249,,25.422459893048128,,
2021-03-19,MM,,,,2.053891766118742,,-0.8031224198754034,,
2021-03-19,RELIANCE,,,,0.7906497820404929,,8.878677370949715,,
2021-03-22,BHARTIARTL,,,,1.9214207012768163,,-39.748525503921186,,
2021-03-22,HDFCBANK,,,,,,,,
2021-03-22,HUL,,,,0.0,,82.09989063069631,,
2021-03-22,INFY,,,,0.0707868601986249,,25.422459893048128,,
2021-03-22,MM,,,,2.053891766118742,,-0.8031224198754034,,
2021-03-22,RELIANCE,,,,0.7906497820404929,,8.878677370949715,,
2021-03-23,BHARTIARTL,,,,1.9214207012768163,,-39.748525503921186,,
2021-03-23,HDFCBANK,,,,,,,,
2021-03-23,HUL,,,,0.0,,82.09989063069631,,
2021-03-23,INFY,,,,0.0707868601986249,,25.422459893048128,,
2021-03-23,MM,,,,2.053891766118742,,-0.8031224198754034,,
2021-03-23,RELIANCE,,,,0.7906497820404929,,8.878677370949715,,
2021-03-24,BHARTIARTL,,,,1.9214207012768163,,-39.748525503921186,,
2021-03-24,HDFCBANK,,,,,,,,
2021-03-24,HUL,,,,0.0,,82.09989063069631,,
2021-03-24,INFY,,,,0.0707868601986249,,25.422459893048128,,
2021-03-24,MM,,,,2.053891766118742,,-0.8031224198754034,,
2021-03-24,RELIANCE,,,,0.7906497820404929,,8.878677370949715,,
2021-03-25,BHARTIARTL,,,,1.9214207012768163,,-39.748525503921186,,
2021-03-25,HDFCBANK,,,,,,,,
2021-03-25,HUL,,,,0.0,,82.09989063069631,,
2021-03-25,INFY,,,,0.0707868601986249,,25.422459893048128,,
2021-03-25,MM,,,,2.053891766118742,,-0.8031224198754034,,
2021-03-25,RELIANCE,,,,0.7906497820404929,,8.878677370949715,,
2021-03-26,BHARTIARTL,,,,1.9214207012768163,,-39.748525503921186,,
2021-03-26,HDFCBANK,,,,,,,,
2021-03-26,HUL,,,,0.0,,82.09989063069631,,
2021-03-26,INFY,,,,0.0707868601986249,,25.422459893048128,,
2021-03-26,MM,,,,2.053891766118742,,-0.8031224198754034,,
2021-03-26,RELIANCE,,,,0.7906497820404929,,8.878677370949715,,
2021-03-29,BHARTIARTL,,,,1.9214207012768163,,-39.748525503921186,,
2021-03-29,HDFCBANK,,,,,,,,
2021-03-29,HUL,,,,0.0,,82.09989063069631,,
2021-03-29,INFY,,,,0.0707868601986249,,25.422459893048128,,
2021-03-29,MM,,,,2.053891766118742,,-0.8031224198754034,,
2021-03-29,RELIANCE,,,,0.7906497820404929,,8.878677370949715,,
2021-03-30,BHARTIARTL,,,,1.9214207012768163,,-39.748525503921186,,
2021-03-30,HDFCBANK,,,,,,,,
2021-03-30,HUL,,,,0.0,,82.09989063069631,,
2021-03-30,INFY,,,,0.0707868601986249,,25.422459893048128,,
2021-03-30,MM,,,,2.053891766118742,,-0.8031224198754034,,
2021-03-30,RELIANCE,,,,0.7906497820404929,,8.878677370949715,,
2021-03-31,BHARTIARTL,,,,1.9214207012768163,,-39.748525503921186,,
2021-03-31,HDFCBANK,,,,,,,,
2021-03-31,HUL,,,,0.0,,82.09989063069631,,
2021-03-31,INFY,,,,0.0707868601986249,,25.422459893048128,,
2021-03-31,MM,,,,2.053891766118742,,-0.8031224198754034,,
2021-03-31,RELIANCE,,,,0.7906497820404929,,8.878677370949715,,
2021-04-01,BHARTIARTL,,,,1.9214207012768163,,-39.748525503921186,,
2021-04-01,HDFCBANK,,,,,,,,
2021-04-01,HUL,,,,0.0,,82.09989063069631,,
2021-04-01,INFY,,,,0.0707868601986249,,25.422459893048128,,
2021-04-01,MM,,,,2.053891766118742,,-0.8031224198754034,,
2021-04-01,RELIANCE,,,,0.7906497820404929,,8.878677370949715,,
2021-04-02,BHARTIARTL,,,,1.9214207012768163,,-39.748525503921186,,
2021-04-02,HDFCBANK,,,,,,,,
2021-04-02,HUL,,,,0.0,,82.09989063069631,,
2021-04-02,INFY,,,,0.0707868601986249,,25.422459893048128,,
2021-04-02,MM,,,,2.053891766118742,,-0.8031224198754034,,
2021-04-02,RELIANCE,,,,0.7906497820404929,,8.878677370949715,,
2021-04-05,BHARTIARTL,,,,1.9214207012768163,,-39.748525503921186,,
2021-04-05,HDFCBANK,,,,,,,,
2021-04-05,HUL,,,,0.0,,82.09989063069631,,
2021-04-05,INFY,,,,0.0707868601986249,,25.422459893048128,,
2021-04-05,MM,,,,2.053891766118742,,-0.8031224198754034,,
2021-04-05,RELIANCE,,,,0.7906497820404929,,8.878677370949715,,
2021-04-06,BHARTIARTL,,,,1.9214207012768163,,-39.748525503921186,,
2021-04-06,HDFCBANK,,,,,,,,
2021-04-06,HUL,,,,0.0,,82.09989063069631,,
2021-04-06,INFY,,,,0.0707868601986249,,25.422459893048128,,
2021-04-06,MM,,,,2.053891766118742,,-0.8031224198754034,,
2021-04-06,RELIANCE,,,,0.7906497820404929,,8.878677370949715,,
2021-04-07,BHARTIARTL,,,,1.9214207012768163,,-39.748525503921186,,
2021-04-07,HDFCBANK,,,,,,,,
2021-04-07,HUL,,,,0.0,,82.09989063069631,,
2021-04-07,INFY,,,,0.0707868601986249,,25.422459893048128,,
2021-04-07,MM,,,,2.053891766118742,,-0.8031224198754034,,
2021-04-07,RELIANCE,,,,0.7906497820404929,,8.878677370949715,,
2021-04-08,BHARTIARTL,,,,1.9214207012768163,,-39.748525503921186,,
2021-04-08,HDFCBANK,,,,,,,,
2021-04-08,HUL,,,,0.0,,82.09989063069631,,
2021-04-08,INFY,,,,0.0707868601986249,,25.422459893048128,,
2021-04-08,MM,,,,2.053891766118742,,-0.8031224198754034,,
2021-04-08,RELIANCE,,,,0.7906497820404929,,8.878677370949715,,
2021-04-09,BHARTIARTL,,,,1.9214207012768163,,-39.748525503921186,,
2021-04-09,HDFCBANK,,,,,,,,
2021-04-09,HUL,,,,0.0,,82.09989063069631,,
2021-04-09,INFY,,,,0.0707868601986249,,25.422459893048128,,
2021-04-09,MM,,,,2.053891766118742,,-0.8031224198754034,,
2021-04-09,RELIANCE,,,,0.7906497820404929,,8.878677370949715,,
2021-04-12,BHARTIARTL,,,,1.9214207012768163,,-39.748525503921186,,
2021-04-12,HDFCBANK,,,,,,,,
2021-04-12,HUL,,,,0.0,,82.09989063069631,,
2021-04-12,INFY,,,,0.0707868601986249,,25.422459893048128,,
2021-04-12,MM,,,,2.053891766118742,,-0.8031224198754034,,
2021-04-12,RELIANCE,,,,0.7906497820404929,,8.878677370949715,,
2021-04-13,BHARTIARTL,,,,1.9214207012768163,,-39.748525503921186,,
2021-04-13,HDFCBANK,,,,,,,,
2021-04-13,HUL,,,,0.0,,82.09989063069631,,
2021-04-13,INFY,,,,0.0707868601986249,,25.422459893048128,,
2021-04-13,MM,,,,2.053891766118742,,-0.8031224198754034,,
2021-04-13,RELIANCE,,,,0.7906497820404929,,8.878677370949715,,
2021-04-14,BHARTIARTL,,,,1.9214207012768163,,-39.748525503921186,,
2021-04-14,HDFCBANK,,,,,,,,
2021-04-14,HUL,,,,0.0,,82.09989063069631,,
2021-04-14,INFY,,,,0.0707868601986249,,25.422459893048128,,
2021-04-14,MM,,,,2.053891766118742,,-0.8031224198754034,,
2021-04-14,RELIANCE,,,,0.7906497820404929,,8.878677370949715,,
2021-04-15,BHARTIARTL,,,,1.9214207012768163,,-39.748525503921186,,
2021-04-15,HDFCBANK,,,,,,,,
2021-04-15,HUL,,,,0.0,,82.09989063069631,,
2021-04-15,INFY,,,,0.0707868601986249,,25.422459893048128,,
2021-04-15,MM,,,,2.053891766118742,,-0.8031224198754034,,
2021-04-15,RELIANCE,,,,0.7906497820404929,,8.878677370949715,,
2021-04-16,BHARTIARTL,,,,1.9214207012768163,,-39.748525503921186,,
2021-04-16,HDFCBANK,,,,,,,,
2021-04-16,HUL,,,,0.0,,82.09989063069631,,
2021-04-16,INFY,,,,0.0707868601986249,,25.422459893048128,,
2021-04-16,MM,,,,2.053891766118742,,-0.8031224198754034,,
2021-04-16,RELIANCE,,,,0.7906497820404929,,8.878677370949715,,
2021-04-19,BHARTIARTL,,,,1.9214207012768163,,-39.748525503921186,,
2021-04-19,HDFCBANK,,,,,,,,
2021-04-19,HUL,,,,0.0,,82.09989063069631,,
2021-04-19,INFY,,,,0.0707868601986249,,25.422459893048128,,
2021-04-19,MM,,,,2.053891766118742,,-0.8031224198754034,,
2021-04-19,RELIANCE,,,,0.7906497820404929,,8.878677370949715,,
2021-04-20,BHARTIARTL,,,,1.9214207012768163,,-39.748525503921186,,
2021-04-20,HDFCBANK,,,,,,,,
2021-04-20,HUL,,,,0.0,,82.09989063069631,,
2021-04-20,INFY,,,,0.0707868601986249,,25.422459893048128,,
2021-04-20,MM,,,,2.053891766118742,,-0.8031224198754034,,
2021-04-20,RELIANCE,,,,0.7906497820404929,,8.878677370949715,,
2021-04-21,BHARTIARTL,,,,1.9214207012768163,,-39.748525503921186,,
2021-04-21,HDFCBANK,,,,,,,,
2021-04-21,HUL,,,,0.0,,82.09989063069631,,
2021-04-21,INFY,,,,0.0707868601986249,,25.422459893048128,,
2021-04-21,MM,,,,2.053891766118742,,-0.8031224198754034,,
2021-04-21,RELIANCE,,,,0.7906497820404929,,8.878677370949715,,
2021-04-22,BHARTIARTL,,,,1.9214207012768163,,-39.748525503921186,,
2021-04-22,HDFCBANK,,,,,,,,
2021-04-22,HUL,,,,0.0,,82.09989063069631,,
2021-04-22,INFY,,,,0.0707868601986249,,25.422459893048128,,
2021-04-22,MM,,,,2.053891766118742,,-0.8031224198754034,,
2021-04-22,RELIANCE,,,,0.7906497820404929,,8.878677370949715,,
2021-04-23,BHARTIARTL,,,,1.9214207012768163,,-39.748525503921186,,
2021-04-23,HDFCBANK,,,,,,,,
2021-04-23,HUL,,,,0.0,,82.09989063069631,,
2021-04-23,INFY,,,,0.0707868601986249,,25.422459893048128,,
2021-04-23,MM,,,,2.053891766118742,,-0.8031224198754034,,
2021-04-23,RELIANCE,,,,0.7906497820404929,,8.878677370949715,,
2021-04-26,BHARTIARTL,,,,1.9214207012768163,,-39.748525503921186,,
2021-04-26,HDFCBANK,,,,,,,,
2021-04-26,HUL,,,,0.0,,82.09989063069631,,
2021-04-26,INFY,,,,0.0707868601986249,,25.422459893048128,,
2021-04-26,MM,,,,2.053891766118742,,-0.8031224198754034,,
2021-04-26,RELIANCE,,,,0.7906497820404929,,8.878677370949715,,
2021-04-27,BHARTIARTL,,,,1.9214207012768163,,-39.748525503921186,,
2021-04-27,HDFCBANK,,,,,,,,
2021-04-27,HUL,,,,0.0,,82.09989063069631,,
2021-04-27,INFY,,,,0.0707868601986249,,25.422459893048128,,
2021-04-27,MM,,,,2.053891766118742,,-0.8031224198754034,,
2021-04-27,RELIANCE,,,,0.7906497820404929,,8.878677370949715,,
2021-04-28,BHARTIARTL,,,,1.9214207012768163,,-39.748525503921186,,
2021-04-28,HDFCBANK,,,,,,,,
2021-04-28,HUL,,,,0.0,,82.09989063069631,,
2021-04-28,INFY,,,,0.0707868601986249,,25.422459893048128,,
2021-04-28,MM,,,,2.053891766118742,,-0.8031224198754034,,
2021-04-28,RELIANCE,,,,0.7906497820404929,,8.878677370949715,,
2021-04-29,BHARTIARTL,,,,1.9214207012768163,,-39.748525503921186,,
2021-04-29,HDFCBANK,,,,,,,,
2021-04-29,HUL,,,,0.0,,82.09989063069631,,
2021-04-29,INFY,,,,0.0707868601986249,,25.422459893048128,,
2021-04-29,MM,,,,2.053891766118742,,-0.8031224198754034,,
2021-04-29,RELIANCE,,,,0.7906497820404929,,8.878677370949715,,
2021-04-30,BHARTIARTL,,,,1.9214207012768163,,-39.748525503921186,,
2021-04-30,HDFCBANK,,,,,,,,
2021-04-30,HUL,,,,0.0,,82.09989063069631,,
2021-04-30,INFY,,,,0.0707868601986249,,25.422459893048128,,
2021-04-30,MM,,,,2.053891766118742,,-0.8031224198754034,,
2021-04-30,RELIANCE,,,,0.7906497820404929,,8.878677370949715,,
2021-05-03,BHARTIARTL,,,,1.9214207012768163,,-39.748525503921186,,
2021-05-03,HDFCBANK,,,,,,,,
2021-05-03,HUL,,,,0.0,,82.09989063069631,,
2021-05-03,INFY,,,,0.0707868601986249,,25.422459893048128,,
2021-05-03,MM,,,,2.053891766118742,,-0.8031224198754034,,
2021-05-03,RELIANCE,,,,0.7906497820404929,,8.878677370949715,,
2021-05-04,BHARTIARTL,,,,1.9214207012768163,,-39.748525503921186,,
2021-05-04,HDFCBANK,,,,,,,,
2021-05-04,HUL,,,,0.0,,82.09989063069631,,
2021-05-04,INFY,,,,0.0707868601986249,,25.422459893048128,,
2021-05-04,MM,,,,2.053891766118742,,-0.8031224198754034,,
2021-05-04,RELIANCE,,,,0.7906497820404929,,8.878677370949715,,
2021-05-05,BHARTIARTL,,,,1.9214207012768163,,-39.748525503921186,,
2021-05-05,HDFCBANK,,,,,,,,
2021-05-05,HUL,,,,0.0,,82.09989063069631,,
2021-05-05,INFY,,,,0.0707868601986249,,25.422459893048128,,
2021-05-05,MM,,,,2.053891766118742,,-0.8031224198754034,,
2021-05-05,RELIANCE,,,,0.7906497820404929,,8.878677370949715,,
2021-05-06,BHARTIARTL,,,,1.9214207012768163,,-39.748525503921186,,
2021-05-06,HDFCBANK,,,,,,,,
2021-05-06,HUL,,,,0.0,,82.09989063069631,,
2021-05-06,INFY,,,,0.0707868601986249,,25.422459893048128,,
2021-05-06,MM,,,,2.053891766118742,,-0.8031224198754034,,
2021-05-06,RELIANCE,,,,0.7906497820404929,,8.878677370949715,,
2021-05-07,BHARTIARTL,,,,1.9214207012768163,,-39.748525503921186,,
2021-05-07,HDFCBANK,,,,,,,,
2021-05-07,HUL,,,,0.0,,82.09989063069631,,
2021-05-07,INFY,,,,0.0707868601986249,,25.422459893048128,,
2021-05-07,MM,,,,2.053891766118742,,-0.8031224198754034,,
2021-05-07,RELIANCE,,,,0.7906497820404929,,8.878677370949715,,
2021-05-10,BHARTIARTL,,,,1.9214207012768163,,-39.748525503921186,,
2021-05-10,HDFCBANK,,,,,,,,
2021-05-10,HUL,,,,0.0,,82.09989063069631,,
2021-05-10,INFY,,,,0.0707868601986249,,25.422459893048128,,
2021-05-10,MM,,,,2.053891766118742,,-0.8031224198754034,,
2021-05-10,RELIANCE,,,,0.7906497820404929,,8.878677370949715,,
2021-05-11,BHARTIARTL,,,,1.9214207012768163,,-39.748525503921186,,
2021-05-11,HDFCBANK,,,,,,,,
2021-05-11,HUL,,,,0.0,,82.09989063069631,,
2021-05-11,INFY,,,,0.0707868601986249,,25.422459893048128,,
2021-05-11,MM,,,,2.053891766118742,,-0.8031224198754034,,
2021-05-11,RELIANCE,,,,0.7906497820404929,,8.878677370949715,,
2021-05-12,BHARTIARTL,,,,1.9214207012768163,,-39.748525503921186,,
2021-05-12,HDFCBANK,,,,,,,,
2021-05-12,HUL,,,,0.0,,82.09989063069631,,
2021-05-12,INFY,,,,0.0707868601986249,,25.422459893048128,,
2021-05-12,MM,,,,2.053891766118742,,-0.8031224198754034,,
2021-05-12,RELIANCE,,,,0.7906497820404929,,8.878677370949715,,
2021-05-13,BHARTIARTL,,,,1.9214207012768163,,-39.748525503921186,,
2021-05-13,HDFCBANK,,,,,,,,
2021-05-13,HUL,,,,0.0,,82.09989063069631,,
2021-05-13,INFY,,,,0.0707868601986249,,25.422459893048128,,
2021-05-13,MM,,,,2.053891766118742,,-0.8031224198754034,,
2021-05-13,RELIANCE,,,,0.7906497820404929,,8.878677370949715,,
2021-05-14,BHARTIARTL,,,,1.9214207012768163,,-39.748525503921186,,
2021-05-14,HDFCBANK,,,,,,,,
2021-05-14,HUL,,,,0.0,,82.09989063069631,,
2021-05-14,INFY,,,,0.0707868601986249,,25.422459893048128,,
2021-05-14,MM,,,,2.053891766118742,,-0.8031224198754034,,
2021-05-14,RELIANCE,,,,0.7906497820404929,,8.878677370949715,,
2021-05-17,BHARTIARTL,,,,2.7612674503417978,,-20.972639221074417,,
2021-05-17,HDFCBANK,,,,,,,,
2021-05-17,HUL,,,,0.0,,16.778537567646936,,
2021-05-17,INFY,,,,0.06974368377624393,,25.43909051616875,,
2021-05-17,MM,,,,1.9389399259294888,,3.636188735510557,,
2021-05-17,RELIANCE,,,,0.398419245556806,,7.675114114817502,,
2021-05-18,BHARTIARTL,,,,2.7612674503417978,,-20.972639221074417,,
2021-05-18,HDFCBANK,,,,,,,,
2021-05-18,HUL,,,,0.0,,16.778537567646936,,
2021-05-18,INFY,,,,0.06974368377624393,,25.43909051616875,,
2021-05-18,MM,,,,1.9389399259294888,,3.636188735510557,,
2021-05-18,RELIANCE,,,,0.398419245556806,,7.675114114817502,,
2021-05-19,BHARTIARTL,,,,2.7612674503417978,,-20.972639221074417,,
2021-05-19,HDFCBANK,,,,,,,,
2021-05-19,HUL,,,,0.0,,16.778537567646936,,
2021-05-19,INFY,,,,0.06974368377624393,,25.43909051616875,,
2021-05-19,MM,,,,1.9389399259294888,,3.636188735510557,,
2021-05-19,RELIANCE,,,,0.398419245556806,,7.675114114817502,,
2021-05-20,BHARTIARTL,,,,2.7612674503417978,,-20.972639221074417,,
2021-05-20,HDFCBANK,,,,,,,,
2021-05-20,HUL,,,,0.0,,16.778537567646936,,
2021-05-20,INFY,,,,0.06974368377624393,,25.43909051616875,,
2021-05-20,MM,,,,1.9389399259294888,,3.636188735510557,,
2021-05-20,RELIANCE,,,,0.398419245556806,,7.675114114817502,,
2021-05-21,BHARTIARTL,,,,2.7612674503417978,,-20.972639221074417,,
2021-05-21,HDFCBANK,,,,,,,,
2021-05-21,HUL,,,,0.0,,16.778537567646936,,
2021-05-21,INFY,,,,0.06974368377624393,,25.43909051616875,,
2021-05-21,MM,,,,1.9389399259294888,,3.636188735510557,,
2021-05-21,RELIANCE,,,,0.398419245556806,,7.675114114817502,,
2021-05-24,BHARTIARTL,,,,2.7612674503417978,,-20.972639221074417,,
2021-05-24,HDFCBANK,,,,,,,,
2021-05-24,HUL,,,,0.0,,16.778537567646936,,
2021-05-24,INFY,,,,0.06974368377624393,,25.43909051616875,,
2021-05-24,MM,,,,1.9389399259294888,,3.636188735510557,,
2021-05-24,RELIANCE,,,,0.398419245556806,,7.675114114817502,,
2021-05-25,BHARTIARTL,,,,2.7612674503417978,,-20.972639221074417,,
2021-05-25,HDFCBANK,,,,,,,,
2021-05-25,HUL,,,,0.0,,16.778537567646936,,
2021-05-25,INFY,,,,0.06974368377624393,,25.43909051616875,,
2021-05-25,MM,,,,1.9389399259294888,,3.636188735510557,,
2021-05-25,RELIANCE,,,,0.398419245556806,,7.675114114817502,,
2021-05-26,BHARTIARTL,,,,2.7612674503417978,,-20.972639221074417,,
2021-05-26,HDFCBANK,,,,,,,,
2021-05-26,HUL,,,,0.0,,16.778537567646936,,
2021-05-26,INFY,,,,0.06974368377624393,,25.43909051616875,,
2021-05-26,MM,,,,1.9389399259294888,,3.636188735510557,,
2021-05-26,RELIANCE,,,,0.398419245556806,,7.675114114817502,,
2021-05-27,BHARTIARTL,,,,2.7612674503417978,,-20.972639221074417,,
2021-05-27,HDFCBANK,,,,,,,,
2021-05-27,HUL,,,,0.0,,16.778537567646936,,
2021-05-27,INFY,,,,0.06974368377624393,,25.43909051616875,,
2021-05-27,MM,,,,1.9389399259294888,,3.636188735510557,,
2021-05-27,RELIANCE,,,,0.398419245556806,,7.675114114817502,,
2021-05-28,BHARTIARTL,,,,2.7612674503417978,,-20.972639221074417,,
2021-05-28,HDFCBANK,,,,,,,,
2021-05-28,HUL,,,,0.0,,16.778537567646936,,
2021-05-28,INFY,,,,0.06974368377624393,,25.43909051616875,,
2021-05-28,MM,,,,1.9389399259294888,,3.636188735510557,,
2021-05-28,RELIANCE,,,,0.398419245556806,,7.675114114817502,,
2021-05-31,BHARTIARTL,,,,2.7612674503417978,,-20.972639221074417,,
2021-05-31,HDFCBANK,,,,,,,,
2021-05-31,HUL,,,,0.0,,16.778537567646936,,
2021-05-31,INFY,,,,0.06974368377624393,,25.43909051616875,,
2021-05-31,MM,,,,1.9389399259294888,,3.636188735510557,,
2021-05-31,RELIANCE,,,,0.398419245556806,,7.675114114817502,,
2021-06-01,BHARTIARTL,,,,2.7612674503417978,,-20.972639221074417,,
2021-06-01,HDFCBANK,,,,,,,,
2021-06-01,HUL,,,,0.0,,16.778537567646936,,
2021-06-01,INFY,,,,0.06974368377624393,,25.43909051616875,,
2021-06-01,MM,,,,1.9389399259294888,,3.636188735510557,,
2021-06-01,RELIANCE,,,,0.398419245556806,,7.675114114817502,,
2021-06-02,BHARTIARTL,,,,2.7612674503417978,,-20.972639221074417,,
2021-06-02,HDFCBANK,,,,,,,,
2021-06-02,HUL,,,,0.0,,16.778537567646936,,
2021-06-02,INFY,,,,0.06974368377624393,,25.43909051616875,,
2021-06-02,MM,,,,1.9389399259294888,,3.636188735510557,,
2021-06-02,RELIANCE,,,,0.398419245556806,,7.675114114817502,,
2021-06-03,BHARTIARTL,,,,2.7612674503417978,,-20.972639221074417,,
2021-06-03,HDFCBANK,,,,,,,,
2021-06-03,HUL,,,,0.0,,16.778537567646936,,
2021-06-03,INFY,,,,0.06974368377624393,,25.43909051616875,,
2021-06-03,MM,,,,1.9389399259294888,,3.636188735510557,,
2021-06-03,RELIANCE,,,,0.398419245556806,,7.675114114817502,,
2021-06-04,BHARTIARTL,,,,2.7612674503417978,,-20.972639221074417,,
2021-06-04,HDFCBANK,,,,,,,,
2021-06-04,HUL,,,,0.0,,16.778537567646936,,
2021-06-04,INFY,,,,0.06974368377624393,,25.43909051616875,,
2021-06-04,MM,,,,1.9389399259294888,,3.636188735510557,,
2021-06-04,RELIANCE,,,,0.398419245556806,,7.675114114817502,,
2021-06-07,BHARTIARTL,,,,2.7612674503417978,,-20.972639221074417,,
2021-06-07,HDFCBANK,,,,,,,,
2021-06-07,HUL,,,,0.0,,16.778537567646936,,
2021-06-07,INFY,,,,0.06974368377624393,,25.43909051616875,,
2021-06-07,MM,,,,1.9389399259294888,,3.636188735510557,,
2021-06-07,RELIANCE,,,,0.398419245556806,,7.675114114817502,,
2021-06-08,BHARTIARTL,,,,2.7612674503417978,,-20.972639221074417,,
2021-06-08,HDFCBANK,,,,,,,,
2021-06-08,HUL,,,,0.0,,16.778537567646936,,
2021-06-08,INFY,,,,0.06974368377624393,,25.43909051616875,,
2021-06-08,MM,,,,1.9389399259294888,,3.636188735510557,,
2021-06-08,RELIANCE,,,,0.398419245556806,,7.675114114817502,,
2021-06-09,BHARTIARTL,,,,2.7612674503417978,,-20.972639221074417,,
2021-06-09,HDFCBANK,,,,,,,,
2021-06-09,HUL,,,,0.0,,16.778537567646936,,
2021-06-09,INFY,,,,0.06974368377624393,,25.43909051616875,,
2021-06-09,MM,,,,1.9389399259294888,,3.636188735510557,,
2021-06-09,RELIANCE,,,,0.398419245556806,,7.675114114817502,,
2021-06-10,BHARTIARTL,,,,2.7612674503417978,,-20.972639221074417,,
2021-06-10,HDFCBANK,,,,,,,,
2021-06-10,HUL,,,,0.0,,16.778537567646936,,
2021-06-10,INFY,,,,0.06974368377624393,,25.43909051616875,,
2021-06-10,MM,,,,1.9389399259294888,,3.636188735510557,,
2021-06-10,RELIANCE,,,,0.398419245556806,,7.675114114817502,,
2021-06-11,BHARTIARTL,,,,2.7612674503417978,,-20.972639221074417,,
2021-06-11,HDFCBANK,,,,,,,,
2021-06-11,HUL,,,,0.0,,16.778537567646936,,
2021-06-11,INFY,,,,0.06974368377624393,,25.43909051616875,,
2021-06-11,MM,,,,1.9389399259294888,,3.636188735510557,,
2021-06-11,RELIANCE,,,,0.398419245556806,,7.675114114817502,,
2021-06-14,BHARTIARTL,,,,2.7612674503417978,,-20.972639221074417,,
2021-06-14,HDFCBANK,,,,,,,,
2021-06-14,HUL,,,,0.0,,16.778537567646936,,
2021-06-14,INFY,,,,0.06974368377624393,,25.43909051616875,,
2021-06-14,MM,,,,1.9389399259294888,,3.636188735510557,,
2021-06-14,RELIANCE,,,,0.398419245556806,,7.675114114817502,,
2021-06-15,BHARTIARTL,,,,2.7612674503417978,,-20.972639221074417,,
2021-06-15,HDFCBANK,,,,,,,,
2021-06-15,HUL,,,,0.0,,16.778537567646936,,
2021-06-15,INFY,,,,0.06974368377624393,,25.43909051616875,,
2021-06-15,MM,,,,1.9389399259294888,,3.636188735510557,,
2021-06-15,RELIANCE,,,,0.398419245556806,,7.675114114817502,,
2021-06-16,BHARTIARTL,,,,2.7612674503417978,,-20.972639221074417,,
2021-06-16,HDFCBANK,,,,,,,,
2021-06-16,HUL,,,,0.0,,16.778537567646936,,
2021-06-16,INFY,,,,0.06974368377624393,,25.43909051616875,,
2021-06-16,MM,,,,1.9389399259294888,,3.636188735510557,,
2021-06-16,RELIANCE,,,,0.398419245556806,,7.675114114817502,,
2021-06-17,BHARTIARTL,,,,2.7612674503417978,,-20.972639221074417,,
2021-06-17,HDFCBANK,,,,,,,,
2021-06-17,HUL,,,,0.0,,16.778537567646936,,
2021-06-17,INFY,,,,0.06974368377624393,,25.43909051616875,,
2021-06-17,MM,,,,1.9389399259294888,,3.636188735510557,,
2021-06-17,RELIANCE,,,,0.398419245556806,,7.675114114817502,,
2021-06-18,BHARTIARTL,,,,2.7612674503417978,,-20.972639221074417,,
2021-06-18,HDFCBANK,,,,,,,,
2021-06-18,HUL,,,,0.0,,16.778537567646936,,
2021-06-18,INFY,,,,0.06974368377624393,,25.43909051616875,,
2021-06-18,MM,,,,1.9389399259294888,,3.636188735510557,,
2021-06-18,RELIANCE,,,,0.398419245556806,,7.675114114817502,,
2021-06-21,BHARTIARTL,,,,2.7612674503417978,,-20.972639221074417,,
2021-06-21,HDFCBANK,,,,,,,,
2021-06-21,HUL,,,,0.0,,16.778537567646936,,
2021-06-21,INFY,,,,0.06974368377624393,,25.43909051616875,,
2021-06-21,MM,,,,1.9389399259294888,,3.636188735510557,,
2021-06-21,RELIANCE,,,,0.398419245556806,,7.675114114817502,,
2021-06-22,BHARTIARTL,,,,2.7612674503417978,,-20.972639221074417,,
2021-06-22,HDFCBANK,,,,,,,,
2021-06-22,HUL,,,,0.0,,16.778537567646936,,
2021-06-22,INFY,,,,0.06974368377624393,,25.43909051616875,,
2021-06-22,MM,,,,1.9389399259294888,,3.636188735510557,,
2021-06-22,RELIANCE,,,,0.398419245556806,,7.675114114817502,,
2021-06-23,BHARTIARTL,,,,2.7612674503417978,,-20.972639221074417,,
2021-06-23,HDFCBANK,,,,,,,,
2021-06-23,HUL,,,,0.0,,16.778537567646936,,
2021-06-23,INFY,,,,0.06974368377624393,,25.43909051616875,,
2021-06-23,MM,,,,1.9389399259294888,,3.636188735510557,,
2021-06-23,RELIANCE,,,,0.398419245556806,,7.675114114817502,,
2021-06-24,BHARTIARTL,,,,2.7612674503417978,,-20.972639221074417,,
2021-06-24,HDFCBANK,,,,,,,,
2021-06-24,HUL,,,,0.0,,16.778537567646936,,
2021-06-24,INFY,,,,0.06974368377624393,,25.43909051616875,,
2021-06-24,MM,,,,1.9389399259294888,,3.636188735510557,,
2021-06-24,RELIANCE,,,,0.398419245556806,,7.675114114817502,,
2021-06-25,BHARTIARTL,,,,2.7612674503417978,,-20.972639221074417,,
2021-06-25,HDFCBANK,,,,,,,,
2021-06-25,HUL,,,,0.0,,16.778537567646936,,
2021-06-25,INFY,,,,0.06974368377624393,,25.43909051616875,,
2021-06-25,MM,,,,1.9389399259294888,,3.636188735510557,,
2021-06-25,RELIANCE,,,,0.398419245556806,,7.675114114817502,,
2021-06-28,BHARTIARTL,,,,2.7612674503417978,,-20.972639221074417,,
2021-06-28,HDFCBANK,,,,,,,,
2021-06-28,HUL,,,,0.0,,16.778537567646936,,
2021-06-28,INFY,,,,0.06974368377624393,,25.43909051616875,,
2021-06-28,MM,,,,1.9389399259294888,,3.636188735510557,,
2021-06-28,RELIANCE,,,,0.398419245556806,,7.675114114817502,,
2021-06-29,BHARTIARTL,,,,2.7612674503417978,,-20.972639221074417,,
2021-06-29,HDFCBANK,,,,,,,,
2021-06-29,HUL,,,,0.0,,16.778537567646936,,
2021-06-29,INFY,,,,0.06974368377624393,,25.43909051616875,,
2021-06-29,MM,,,,1.9389399259294888,,3.636188735510557,,
2021-06-29,RELIANCE,,,,0.398419245556806,,7.675114114817502,,
2021-06-30,BHARTIARTL,,,,2.7612674503417978,,-20.972639221074417,,
2021-06-30,HDFCBANK,,,,,,,,
2021-06-30,HUL,,,,0.0,,16.778537567646936,,
2021-06-30,INFY,,,,0.06974368377624393,,25.43909051616875,,
2021-06-30,MM,,,,1.9389399259294888,,3.636188735510557,,
2021-06-30,RELIANCE,,,,0.398419245556806,,7.675114114817502,,
2021-07-01,BHARTIARTL,,,,2.7612674503417978,,-20.972639221074417,,
2021-07-01,HDFCBANK,,,,,,,,
2021-07-01,HUL,,,,0.0,,16.778537567646936,,
2021-07-01,INFY,,,,0.06974368377624393,,25.43909051616875,,
2021-07-01,MM,,,,1.9389399259294888,,3.636188735510557,,
2021-07-01,RELIANCE,,,,0.398419245556806,,7.675114114817502,,
2021-07-02,BHARTIARTL,,,,2.7612674503417978,,-20.972639221074417,,
2021-07-02,HDFCBANK,,,,,,,,
2021-07-02,HUL,,,,0.0,,16.778537567646936,,
2021-07-02,INFY,,,,0.06974368377624393,,25.43909051616875,,
2021-07-02,MM,,,,1.9389399259294888,,3.636188735510557,,
2021-07-02,RELIANCE,,,,0.398419245556806,,7.675114114817502,,
2021-07-05,BHARTIARTL,,,,2.7612674503417978,,-20.972639221074417,,
2021-07-05,HDFCBANK,,,,,,,,
2021-07-05,HUL,,,,0.0,,16.778537567646936,,
2021-07-05,INFY,,,,0.06974368377624393,,25.43909051616875,,
2021-07-05,MM,,,,1.9389399259294888,,3.636188735510557,,
2021-07-05,RELIANCE,,,,0.398419245556806,,7.675114114817502,,
2021-07-06,BHARTIARTL,,,,2.7612674503417978,,-20.972639221074417,,
2021-07-06,HDFCBANK,,,,,,,,
2021-07-06,HUL,,,,0.0,,16.778537567646936,,
2021-07-06,INFY,,,,0.06974368377624393,,25.43909051616875,,
2021-07-06,MM,,,,1.9389399259294888,,3.636188735510557,,
2021-07-06,RELIANCE,,,,0.398419245556806,,7.675114114817502,,
2021-07-07,BHARTIARTL,,,,2.7612674503417978,,-20.972639221074417,,
2021-07-07,HDFCBANK,,,,,,,,
2021-07-07,HUL,,,,0.0,,16.778537567646936,,
2021-07-07,INFY,,,,0.06974368377624393,,25.43909051616875,,
2021-07-07,MM,,,,1.9389399259294888,,3.636188735510557,,
2021-07-07,RELIANCE,,,,0.398419245556806,,7.675114114817502,,
2021-07-08,BHARTIARTL,,,,2.7612674503417978,,-20.972639221074417,,
2021-07-08,HDFCBANK,,,,,,,,
2021-07-08,HUL,,,,0.0,,16.778537567646936,,
2021-07-08,INFY,,,,0.06974368377624393,,25.43909051616875,,
2021-07-08,MM,,,,1.9389399259294888,,3.636188735510557,,
2021-07-08,RELIANCE,,,,0.398419245556806,,7.675114114817502,,
2021-07-09,BHARTIARTL,,,,2.7612674503417978,,-20.972639221074417,,
2021-07-09,HDFCBANK,,,,,,,,
2021-07-09,HUL,,,,0.0,,16.778537567646936,,
2021-07-09,INFY,,,,0.06974368377624393,,25.43909051616875,,
2021-07-09,MM,,,,1.9389399259294888,,3.636188735510557,,
2021-07-09,RELIANCE,,,,0.398419245556806,,7.675114114817502,,
2021-07-12,BHARTIARTL,,,,2.7612674503417978,,-20.972639221074417,,
2021-07-12,HDFCBANK,,,,,,,,
2021-07-12,HUL,,,,0.0,,16.778537567646936,,
2021-07-12,INFY,,,,0.06974368377624393,,25.43909051616875,,
2021-07-12,MM,,,,1.9389399259294888,,3.636188735510557,,
2021-07-12,RELIANCE,,,,0.398419245556806,,7.675114114817502,,
2021-07-13,BHARTIARTL,,,,2.7612674503417978,,-20.972639221074417,,
2021-07-13,HDFCBANK,,,,,,,,
2021-07-13,HUL,,,,0.0,,16.778537567646936,,
2021-07-13,INFY,,,,0.06974368377624393,,25.43909051616875,,
2021-07-13,MM,,,,1.9389399259294888,,3.636188735510557,,
2021-07-13,RELIANCE,,,,0.398419245556806,,7.675114114817502,,
2021-07-14,BHARTIARTL,,,,2.7612674503417978,,-20.972639221074417,,
2021-07-14,HDFCBANK,,,,,,,,
2021-07-14,HUL,,,,0.0,,16.778537567646936,,
2021-07-14,INFY,,,,0.06974368377624393,,25.43909051616875,,
2021-07-14,MM,,,,1.9389399259294888,,3.636188735510557,,
2021-07-14,RELIANCE,,,,0.398419245556806,,7.675114114817502,,
2021-07-15,BHARTIARTL,,,,2.7612674503417978,,-20.972639221074417,,
2021-07-15,HDFCBANK,,,,,,,,
2021-07-15,HUL,,,,0.0,,16.778537567646936,,
2021-07-15,INFY,,,,0.06974368377624393,,25.43909051616875,,
2021-07-15,MM,,,,1.9389399259294888,,3.636188735510557,,
2021-07-15,RELIANCE,,,,0.398419245556806,,7.675114114817502,,
2021-07-16,BHARTIARTL,,,,2.7612674503417978,,-20.972639221074417,,
2021-07-16,HDFCBANK,,,,,,,,
2021-07-16,HUL,,,,0.0,,16.778537567646936,,
2021-07-16,INFY,,,,0.06974368377624393,,25.43909051616875,,
2021-07-16,MM,,,,1.9389399259294888,,3.636188735510557,,
2021-07-16,RELIANCE,,,,0.398419245556806,,7.675114114817502,,
2021-07-19,BHARTIARTL,,,,2.7612674503417978,,-20.972639221074417,,
2021-07-19,HDFCBANK,,,,,,,,
2021-07-19,HUL,,,,0.0,,16.778537567646936,,
2021-07-19,INFY,,,,0.06974368377624393,,25.43909051616875,,
2021-07-19,MM,,,,1.9389399259294888,,3.636188735510557,,
2021-07-19,RELIANCE,,,,0.398419245556806,,7.675114114817502,,
2021-07-20,BHARTIARTL,,,,2.7612674503417978,,-20.972639221074417,,
2021-07-20,HDFCBANK,,,,,,,,
2021-07-20,HUL,,,,0.0,,16.778537567646936,,
2021-07-20,INFY,,,,0.06974368377624393,,25.43909051616875,,
2021-07-20,MM,,,,1.9389399259294888,,3.636188735510557,,
2021-07-20,RELIANCE,,,,0.398419245556806,,7.675114114817502,,
2021-07-21,BHARTIARTL,,,,2.7612674503417978,,-20.972639221074417,,
2021-07-21,HDFCBANK,,,,,,,,
2021-07-21,HUL,,,,0.0,,16.778537567646936,,
2021-07-21,INFY,,,,0.06974368377624393,,25.43909051616875,,
2021-07-21,MM,,,,1.9389399259294888,,3.636188735510557,,
2021-07-21,RELIANCE,,,,0.398419245556806,,7.675114114817502,,
2021-07-22,BHARTIARTL,,,,2.7612674503417978,,-20.972639221074417,,
2021-07-22,HDFCBANK,,,,,,,,
2021-07-22,HUL,,,,0.0,,16.778537567646936,,
2021-07-22,INFY,,,,0.06974368377624393,,25.43909051616875,,
2021-07-22,MM,,,,1.9389399259294888,,3.636188735510557,,
2021-07-22,RELIANCE,,,,0.398419245556806,,7.675114114817502,,
2021-07-23,BHARTIARTL,,,,2.7612674503417978,,-20.972639221074417,,
2021-07-23,HDFCBANK,,,,,,,,
2021-07-23,HUL,,,,0.0,,16.778537567646936,,
2021-07-23,INFY,,,,0.06974368377624393,,25.43909051616875,,
2021-07-23,MM,,,,1.9389399259294888,,3.636188735510557,,
2021-07-23,RELIANCE,,,,0.398419245556806,,7.675114114817502,,
2021-07-26,BHARTIARTL,,,,2.7612674503417978,,-20.972639221074417,,
2021-07-26,HDFCBANK,,,,,,,,
2021-07-26,HUL,,,,0.0,,16.778537567646936,,
2021-07-26,INFY,,,,0.06974368377624393,,25.43909051616875,,
2021-07-26,MM,,,,1.9389399259294888,,3.636188735510557,,
2021-07-26,RELIANCE,,,,0.398419245556806,,7.675114114817502,,
2021-07-27,BHARTIARTL,,,,2.7612674503417978,,-20.972639221074417,,
2021-07-27,HDFCBANK,,,,,,,,
2021-07-27,HUL,,,,0.0,,16.778537567646936,,
2021-07-27,INFY,,,,0.06974368377624393,,25.43909051616875,,
2021-07-27,MM,,,,1.9389399259294888,,3.636188735510557,,
2021-07-27,RELIANCE,,,,0.398419245556806,,7.675114114817502,,
2021-07-28,BHARTIARTL,,,,2.7612674503417978,,-20.972639221074417,,
2021-07-28,HDFCBANK,,,,,,,,
2021-07-28,HUL,,,,0.0,,16.778537567646936,,
2021-07-28,INFY,,,,0.06974368377624393,,25.43909051616875,,
2021-07-28,MM,,,,1.9389399259294888,,3.636188735510557,,
2021-07-28,RELIANCE,,,,0.398419245556806,,7.675114114817502,,
2021-07-29,BHARTIARTL,,,,2.7612674503417978,,-20.972639221074417,,
2021-07-29,HDFCBANK,,,,,,,,
2021-07-29,HUL,,,,0.0,,16.778537567646936,,
2021-07-29,INFY,,,,0.06974368377624393,,25.43909051616875,,
2021-07-29,MM,,,,1.9389399259294888,,3.636188735510557,,
2021-07-29,RELIANCE,,,,0.398419245556806,,7.675114114817502,,
2021-07-30,BHARTIARTL,,,,2.7612674503417978,,-20.972639221074417,,
2021-07-30,HDFCBANK,,,,,,,,
2021-07-30,HUL,,,,0.0,,16.778537567646936,,
2021-07-30,INFY,,,,0.06974368377624393,,25.43909051616875,,
2021-07-30,MM,,,,1.9389399259294888,,3.636188735510557,,
2021-07-30,RELIANCE,,,,0.398419245556806,,7.675114114817502,,
2021-08-02,BHARTIARTL,,,,2.7612674503417978,,-20.972639221074417,,
2021-08-02,HDFCBANK,,,,,,,,
2021-08-02,HUL,,,,0.0,,16.778537567646936,,
2021-08-02,INFY,,,,0.06974368377624393,,25.43909051616875,,
2021-08-02,MM,,,,1.9389399259294888,,3.636188735510557,,
2021-08-02,RELIANCE,,,,0.398419245556806,,7.675114114817502,,
2021-08-03,BHARTIARTL,,,,2.7612674503417978,,-20.972639221074417,,
2021-08-03,HDFCBANK,,,,,,,,
2021-08-03,HUL,,,,0.0,,16.778537567646936,,
2021-08-03,INFY,,,,0.06974368377624393,,25.43909051616875,,
2021-08-03,MM,,,,1.9389399259294888,,3.636188735510557,,
2021-08-03,RELIANCE,,,,0.398419245556806,,7.675114114817502,,
2021-08-04,BHARTIARTL,,,,2.7612674503417978,,-20.972639221074417,,
2021-08-04,HDFCBANK,,,,,,,,
2021-08-04,HUL,,,,0.0,,16.778537567646936,,
2021-08-04,INFY,,,,0.06974368377624393,,25.43909051616875,,
2021-08-04,MM,,,,1.9389399259294888,,3.636188735510557,,
2021-08-04,RELIANCE,,,,0.398419245556806,,7.675114114817502,,
2021-08-05,BHARTIARTL,,,,2.7612674503417978,,-20.972639221074417,,
2021-08-05,HDFCBANK,,,,,,,,
2021-08-05,HUL,,,,0.0,,16.778537567646936,,
2021-08-05,INFY,,,,0.06974368377624393,,25.43909051616875,,
2021-08-05,MM,,,,1.9389399259294888,,3.636188735510557,,
2021-08-05,RELIANCE,,,,0.398419245556806,,7.675114114817502,,
2021-08-06,BHARTIARTL,,,,2.7612674503417978,,-20.972639221074417,,
2021-08-06,HDFCBANK,,,,,,,,
2021-08-06,HUL,,,,0.0,,16.778537567646936,,
2021-08-06,INFY,,,,0.06974368377624393,,25.43909051616875,,
2021-08-06,MM,,,,1.9389399259294888,,3.636188735510557,,
2021-08-06,RELIANCE,,,,0.398419245556806,,7.675114114817502,,
2021-08-09,BHARTIARTL,,,,2.7612674503417978,,-20.972639221074417,,
2021-08-09,HDFCBANK,,,,,,,,
2021-08-09,HUL,,,,0.0,,16.778537567646936,,
2021-08-09,INFY,,,,0.06974368377624393,,25.43909051616875,,
2021-08-09,MM,,,,1.9389399259294888,,3.636188735510557,,
2021-08-09,RELIANCE,,,,0.398419245556806,,7.675114114817502,,
2021-08-10,BHARTIARTL,,,,2.7612674503417978,,-20.972639221074417,,
2021-08-10,HDFCBANK,,,,,,,,
2021-08-10,HUL,,,,0.0,,16.778537567646936,,
2021-08-10,INFY,,,,0.06974368377624393,,25.43909051616875,,
2021-08-10,MM,,,,1.9389399259294888,,3.636188735510557,,
2021-08-10,RELIANCE,,,,0.398419245556806,,7.675114114817502,,
2021-08-11,BHARTIARTL,,,,2.7612674503417978,,-20.972639221074417,,
2021-08-11,HDFCBANK,,,,,,,,
2021-08-11,HUL,,,,0.0,,16.778537567646936,,
2021-08-11,INFY,,,,0.06974368377624393,,25.43909051616875,,
2021-08-11,MM,,,,1.9389399259294888,,3.636188735510557,,
2021-08-11,RELIANCE,,,,0.398419245556806,,7.675114114817502,,
2021-08-12,BHARTIARTL,,,,2.7612674503417978,,-20.972639221074417,,
2021-08-12,HDFCBANK,,,,,,,,
2021-08-12,HUL,,,,0.0,,16.778537567646936,,
2021-08-12,INFY,,,,0.06974368377624393,,25.43909051616875,,
2021-08-12,MM,,,,1.9389399259294888,,3.636188735510557,,
2021-08-12,RELIANCE,,,,0.398419245556806,,7.675114114817502,,
2021-08-13,BHARTIARTL,,,,2.7612674503417978,,-20.972639221074417,,
2021-08-13,HDFCBANK,,,,,,,,
2021-08-13,HUL,,,,0.0,,16.778537567646936,,
2021-08-13,INFY,,,,0.06974368377624393,,25.43909051616875,,
2021-08-13,MM,,,,1.9389399259294888,,3.636188735510557,,
2021-08-13,RELIANCE,,,,0.398419245556806,,7.675114114817502,,
2021-08-16,BHARTIARTL,,,,2.7612674503417978,,-20.972639221074417,,
2021-08-16,HDFCBANK,,,,,,,,
2021-08-16,HUL,,,,0.0,,16.778537567646936,,
2021-08-16,INFY,,,,0.06974368377624393,,25.43909051616875,,
2021-08-16,MM,,,,1.9389399259294888,,3.636188735510557,,
2021-08-16,RELIANCE,,,,0.398419245556806,,7.675114114817502,,
2021-08-17,BHARTIARTL,,,,2.7612674503417978,,-20.972639221074417,,
2021-08-17,HDFCBANK,,,,,,,,
2021-08-17,HUL,,,,0.0,,16.778537567646936,,
2021-08-17,INFY,,,,0.06974368377624393,,25.43909051616875,,
2021-08-17,MM,,,,1.9389399259294888,,3.636188735510557,,
2021-08-17,RELIANCE,,,,0.398419245556806,,7.675114114817502,,
2021-08-18,BHARTIARTL,,,,2.7612674503417978,,-20.972639221074417,,
2021-08-18,HDFCBANK,,,,,,,,
2021-08-18,HUL,,,,0.0,,16.778537567646936,,
2021-08-18,INFY,,,,0.06974368377624393,,25.43909051616875,,
2021-08-18,MM,,,,1.9389399259294888,,3.636188735510557,,
2021-08-18,RELIANCE,,,,0.398419245556806,,7.675114114817502,,
2021-08-19,BHARTIARTL,,,,2.7612674503417978,,-20.972639221074417,,
2021-08-19,HDFCBANK,,,,,,,,
2021-08-19,HUL,,,,0.0,,16.778537567646936,,
2021-08-19,INFY,,,,0.06974368377624393,,25.43909051616875,,
2021-08-19,MM,,,,1.9389399259294888,,3.636188735510557,,
2021-08-19,RELIANCE,,,,0.398419245556806,,7.675114114817502,,
2021-08-20,BHARTIARTL,,,,2.7612674503417978,,-20.972639221074417,,
2021-08-20,HDFCBANK,,,,,,,,
2021-08-20,HUL,,,,0.0,,16.778537567646936,,
2021-08-20,INFY,,,,0.06974368377624393,,25.43909051616875,,
2021-08-20,MM,,,,1.9389399259294888,,3.636188735510557,,
2021-08-20,RELIANCE,,,,0.398419245556806,,7.675114114817502,,
2021-08-23,BHARTIARTL,,,,2.7612674503417978,,-20.972639221074417,,
2021-08-23,HDFCBANK,,,,,,,,
2021-08-23,HUL,,,,0.0,,16.778537567646936,,
2021-08-23,INFY,,,,0.06974368377624393,,25.43909051616875,,
2021-08-23,MM,,,,1.9389399259294888,,3.636188735510557,,
2021-08-23,RELIANCE,,,,0.398419245556806,,7.675114114817502,,
2021-08-24,BHARTIARTL,,,,2.7612674503417978,,-20.972639221074417,,
2021-08-24,HDFCBANK,,,,,,,,
2021-08-24,HUL,,,,0.0,,16.778537567646936,,
2021-08-24,INFY,,,,0.06974368377624393,,25.43909051616875,,
2021-08-24,MM,,,,1.9389399259294888,,3.636188735510557,,
2021-08-24,RELIANCE,,,,0.398419245556806,,7.675114114817502,,
2021-08-25,BHARTIARTL,,,,2.7612674503417978,,-20.972639221074417,,
2021-08-25,HDFCBANK,,,,,,,,
2021-08-25,HUL,,,,0.0,,16.778537567646936,,
2021-08-25,INFY,,,,0.06974368377624393,,25.43909051616875,,
2021-08-25,MM,,,,1.9389399259294888,,3.636188735510557,,
2021-08-25,RELIANCE,,,,0.398419245556806,,7.675114114817502,,
2021-08-26,BHARTIARTL,,,,2.7612674503417978,,-20.972639221074417,,
2021-08-26,HDFCBANK,,,,,,,,
2021-08-26,HUL,,,,0.0,,16.778537567646936,,
2021-08-26,INFY,,,,0.06974368377624393,,25.43909051616875,,
2021-08-26,MM,,,,1.9389399259294888,,3.636188735510557,,
2021-08-26,RELIANCE,,,,0.398419245556806,,7.675114114817502,,
2021-08-27,BHARTIARTL,,,,2.7612674503417978,,-20.972639221074417,,
2021-08-27,HDFCBANK,,,,,,,,
2021-08-27,HUL,,,,0.0,,16.778537567646936,,
2021-08-27,INFY,,,,0.06974368377624393,,25.43909051616875,,
2021-08-27,MM,,,,1.9389399259294888,,3.636188735510557,,
2021-08-27,RELIANCE,,,,0.398419245556806,,7.675114114817502,,
2021-08-30,BHARTIARTL,,,,2.7612674503417978,,-20.972639221074417,,
2021-08-30,HDFCBANK,,,,,,,,
2021-08-30,HUL,,,,0.0,,16.778537567646936,,
2021-08-30,INFY,,,,0.06974368377624393,,25.43909051616875,,
2021-08-30,MM,,,,1.9389399259294888,,3.636188735510557,,
2021-08-30,RELIANCE,,,,0.398419245556806,,7.675114114817502,,
2021-08-31,BHARTIARTL,,,,2.7612674503417978,,-20.972639221074417,,
2021-08-31,HDFCBANK,,,,,,,,
2021-08-31,HUL,,,,0.0,,16.778537567646936,,
2021-08-31,INFY,,,,0.06974368377624393,,25.43909051616875,,
2021-08-31,MM,,,,1.9389399259294888,,3.636188735510557,,
2021-08-31,RELIANCE,,,,0.398419245556806,,7.675114114817502,,
2021-09-01,BHARTIARTL,,,,2.7612674503417978,,-20.972639221074417,,
2021-09-01,HDFCBANK,,,,,,,,
2021-09-01,HUL,,,,0.0,,16.778537567646936,,
2021-09-01,INFY,,,,0.06974368377624393,,25.43909051616875,,
2021-09-01,MM,,,,1.9389399259294888,,3.636188735510557,,
2021-09-01,RELIANCE,,,,0.398419245556806,,7.675114114817502,,
2021-09-02,BHARTIARTL,,,,2.7612674503417978,,-20.972639221074417,,
2021-09-02,HDFCBANK,,,,,,,,
2021-09-02,HUL,,,,0.0,,16.778537567646936,,
2021-09-02,INFY,,,,0.06974368377624393,,25.43909051616875,,
2021-09-02,MM,,,,1.9389399259294888,,3.636188735510557,,
2021-09-02,RELIANCE,,,,0.398419245556806,,7.675114114817502,,
2021-09-03,BHARTIARTL,,,,2.7612674503417978,,-20.972639221074417,,
2021-09-03,HDFCBANK,,,,,,,,
2021-09-03,HUL,,,,0.0,,16.778537567646936,,
2021-09-03,INFY,,,,0.06974368377624393,,25.43909051616875,,
2021-09-03,MM,,,,1.9389399259294888,,3.636188735510557,,
2021-09-03,RELIANCE,,,,0.398419245556806,,7.675114114817502,,
2021-09-06,BHARTIARTL,,,,2.7612674503417978,,-20.972639221074417,,
2021-09-06,HDFCBANK,,,,,,,,
2021-09-06,HUL,,,,0.0,,16.778537567646936,,
2021-09-06,INFY,,,,0.06974368377624393,,25.43909051616875,,
2021-09-06,MM,,,,1.9389399259294888,,3.636188735510557,,
2021-09-06,RELIANCE,,,,0.398419245556806,,7.675114114817502,,
2021-09-07,BHARTIARTL,,,,2.7612674503417978,,-20.972639221074417,,
2021-09-07,HDFCBANK,,,,,,,,
2021-09-07,HUL,,,,0.0,,16.778537567646936,,
2021-09-07,INFY,,,,0.06974368377624393,,25.43909051616875,,
2021-09-07,MM,,,,1.9389399259294888,,3.636188735510557,,
2021-09-07,RELIANCE,,,,0.398419245556806,,7.675114114817502,,
2021-09-08,BHARTIARTL,,,,2.7612674503417978,,-20.972639221074417,,
2021-09-08,HDFCBANK,,,,,,,,
2021-09-08,HUL,,,,0.0,,16.778537567646936,,
2021-09-08,INFY,,,,0.06974368377624393,,25.43909051616875,,
2021-09-08,MM,,,,1.9389399259294888,,3.636188735510557,,
2021-09-08,RELIANCE,,,,0.398419245556806,,7.675114114817502,,
2021-09-09,BHARTIARTL,,,,2.7612674503417978,,-20.972639221074417,,
2021-09-09,HDFCBANK,,,,,,,,
2021-09-09,HUL,,,,0.0,,16.778537567646936,,
2021-09-09,INFY,,,,0.06974368377624393,,25.43909051616875,,
2021-09-09,MM,,,,1.9389399259294888,,3.636188735510557,,
2021-09-09,RELIANCE,,,,0.398419245556806,,7.675114114817502,,
2021-09-10,BHARTIARTL,,,,2.7612674503417978,,-20.972639221074417,,
2021-09-10,HDFCBANK,,,,,,,,
2021-09-10,HUL,,,,0.0,,16.778537567646936,,
2021-09-10,INFY,,,,0.06974368377624393,,25.43909051616875,,
2021-09-10,MM,,,,1.9389399259294888,,3.636188735510557,,
2021-09-10,RELIANCE,,,,0.398419245556806,,7.675114114817502,,
2021-09-13,BHARTIARTL,,,,2.7612674503417978,,-20.972639221074417,,
2021-09-13,HDFCBANK,,,,,,,,
2021-09-13,HUL,,,,0.0,,16.778537567646936,,
2021-09-13,INFY,,,,0.06974368377624393,,25.43909051616875,,
2021-09-13,MM,,,,1.9389399259294888,,3.636188735510557,,
2021-09-13,RELIANCE,,,,0.398419245556806,,7.675114114817502,,
2021-09-14,BHARTIARTL,,,,2.7612674503417978,,-20.972639221074417,,
2021-09-14,HDFCBANK,,,,,,,,
2021-09-14,HUL,,,,0.0,,16.778537567646936,,
2021-09-14,INFY,,,,0.06974368377624393,,25.43909051616875,,
2021-09-14,MM,,,,1.9389399259294888,,3.636188735510557,,
2021-09-14,RELIANCE,,,,0.398419245556806,,7.675114114817502,,
2021-09-15,BHARTIARTL,,,,2.7612674503417978,,-20.972639221074417,,
2021-09-15,HDFCBANK,,,,,,,,
2021-09-15,HUL,,,,0.0,,16.778537567646936,,
2021-09-15,INFY,,,,0.06974368377624393,,25.43909051616875,,
2021-09-15,MM,,,,1.9389399259294888,,3.636188735510557,,
2021-09-15,RELIANCE,,,,0.398419245556806,,7.675114114817502,,
2021-09-16,BHARTIARTL,,,,2.7612674503417978,,-20.972639221074417,,
2021-09-16,HDFCBANK,,,,,,,,
2021-09-16,HUL,,,,0.0,,16.778537567646936,,
2021-09-16,INFY,,,,0.06974368377624393,,25.43909051616875,,
2021-09-16,MM,,,,1.9389399259294888,,3.636188735510557,,
2021-09-16,RELIANCE,,,,0.398419245556806,,7.675114114817502,,
2021-09-17,BHARTIARTL,,,,2.7612674503417978,,-20.972639221074417,,
2021-09-17,HDFCBANK,,,,,,,,
2021-09-17,HUL,,,,0.0,,16.778537567646936,,
2021-09-17,INFY,,,,0.06974368377624393,,25.43909051616875,,
2021-09-17,MM,,,,1.9389399259294888,,3.636188735510557,,
2021-09-17,RELIANCE,,,,0.398419245556806,,7.675114114817502,,
2021-09-20,BHARTIARTL,,,,2.7612674503417978,,-20.972639221074417,,
2021-09-20,HDFCBANK,,,,,,,,
2021-09-20,HUL,,,,0.0,,16.778537567646936,,
2021-09-20,INFY,,,,0.06974368377624393,,25.43909051616875,,
2021-09-20,MM,,,,1.9389399259294888,,3.636188735510557,,
2021-09-20,RELIANCE,,,,0.398419245556806,,7.675114114817502,,
2021-09-21,BHARTIARTL,,,,2.7612674503417978,,-20.972639221074417,,
2021-09-21,HDFCBANK,,,,,,,,
2021-09-21,HUL,,,,0.0,,16.778537567646936,,
2021-09-21,INFY,,,,0.06974368377624393,,25.43909051616875,,
2021-09-21,MM,,,,1.9389399259294888,,3.636188735510557,,
2021-09-21,RELIANCE,,,,0.398419245556806,,7.675114114817502,,
2021-09-22,BHARTIARTL,,,,2.7612674503417978,,-20.972639221074417,,
2021-09-22,HDFCBANK,,,,,,,,
2021-09-22,HUL,,,,0.0,,16.778537567646936,,
2021-09-22,INFY,,,,0.06974368377624393,,25.43909051616875,,
2021-09-22,MM,,,,1.9389399259294888,,3.636188735510557,,
2021-09-22,RELIANCE,,,,0.398419245556806,,7.675114114817502,,
2021-09-23,BHARTIARTL,,,,2.7612674503417978,,-20.972639221074417,,
2021-09-23,HDFCBANK,,,,,,,,
2021-09-23,HUL,,,,0.0,,16.778537567646936,,
2021-09-23,INFY,,,,0.06974368377624393,,25.43909051616875,,
2021-09-23,MM,,,,1.9389399259294888,,3.636188735510557,,
2021-09-23,RELIANCE,,,,0.398419245556806,,7.675114114817502,,
2021-09-24,BHARTIARTL,,,,2.7612674503417978,,-20.972639221074417,,
2021-09-24,HDFCBANK,,,,,,,,
2021-09-24,HUL,,,,0.0,,16.778537567646936,,
2021-09-24,INFY,,,,0.06974368377624393,,25.43909051616875,,
2021-09-24,MM,,,,1.9389399259294888,,3.636188735510557,,
2021-09-24,RELIANCE,,,,0.398419245556806,,7.675114114817502,,
2021-09-27,BHARTIARTL,,,,2.7612674503417978,,-20.972639221074417,,
2021-09-27,HDFCBANK,,,,,,,,
2021-09-27,HUL,,,,0.0,,16.778537567646936,,
2021-09-27,INFY,,,,0.06974368377624393,,25.43909051616875,,
2021-09-27,MM,,,,1.9389399259294888,,3.636188735510557,,
2021-09-27,RELIANCE,,,,0.398419245556806,,7.675114114817502,,
2021-09-28,BHARTIARTL,,,,2.7612674503417978,,-20.972639221074417,,
2021-09-28,HDFCBANK,,,,,,,,
2021-09-28,HUL,,,,0.0,,16.778537567646936,,
2021-09-28,INFY,,,,0.06974368377624393,,25.43909051616875,,
2021-09-28,MM,,,,1.9389399259294888,,3.636188735510557,,
2021-09-28,RELIANCE,,,,0.398419245556806,,7.675114114817502,,
2021-09-29,BHARTIARTL,,,,2.7612674503417978,,-20.972639221074417,,
2021-09-29,HDFCBANK,,,,,,,,
2021-09-29,HUL,,,,0.0,,16.778537567646936,,
2021-09-29,INFY,,,,0.06974368377624393,,25.43909051616875,,
2021-09-29,MM,,,,1.9389399259294888,,3.636188735510557,,
2021-09-29,RELIANCE,,,,0.398419245556806,,7.675114114817502,,
2021-09-30,BHARTIARTL,,,,2.7612674503417978,,-20.972639221074417,,
2021-09-30,HDFCBANK,,,,,,,,
2021-09-30,HUL,,,,0.0,,16.778537567646936,,
2021-09-30,INFY,,,,0.06974368377624393,,25.43909051616875,,
2021-09-30,MM,,,,1.9389399259294888,,3.636188735510557,,
2021-09-30,RELIANCE,,,,0.398419245556806,,7.675114114817502,,
2021-10-01,BHARTIARTL,,,,2.7612674503417978,,-20.972639221074417,,
2021-10-01,HDFCBANK,,,,,,,,
2021-10-01,HUL,,,,0.0,,16.778537567646936,,
2021-10-01,INFY,,,,0.06974368377624393,,25.43909051616875,,
2021-10-01,MM,,,,1.9389399259294888,,3.636188735510557,,
2021-10-01,RELIANCE,,,,0.398419245556806,,7.675114114817502,,
2021-10-04,BHARTIARTL,,,,2.7612674503417978,,-20.972639221074417,,
2021-10-04,HDFCBANK,,,,,,,,
2021-10-04,HUL,,,,0.0,,16.778537567646936,,
2021-10-04,INFY,,,,0.06974368377624393,,25.43909051616875,,
2021-10-04,MM,,,,1.9389399259294888,,3.636188735510557,,
2021-10-04,RELIANCE,,,,0.398419245556806,,7.675114114817502,,
2021-10-05,BHARTIARTL,,,,2.7612674503417978,,-20.972639221074417,,
2021-10-05,HDFCBANK,,,,,,,,
2021-10-05,HUL,,,,0.0,,16.778537567646936,,
2021-10-05,INFY,,,,0.06974368377624393,,25.43909051616875,,
2021-10-05,MM,,,,1.9389399259294888,,3.636188735510557,,
2021-10-05,RELIANCE,,,,0.398419245556806,,7.675114114817502,,
2021-10-06,BHARTIARTL,,,,2.7612674503417978,,-20.972639221074417,,
2021-10-06,HDFCBANK,,,,,,,,
2021-10-06,HUL,,,,0.0,,16.778537567646936,,
2021-10-06,INFY,,,,0.06974368377624393,,25.43909051616875,,
2021-10-06,MM,,,,1.9389399259294888,,3.636188735510557,,
2021-10-06,RELIANCE,,,,0.398419245556806,,7.675114114817502,,
2021-10-07,BHARTIARTL,,,,2.7612674503417978,,-20.972639221074417,,
2021-10-07,HDFCBANK,,,,,,,,
2021-10-07,HUL,,,,0.0,,16.778537567646936,,
2021-10-07,INFY,,,,0.06974368377624393,,25.43909051616875,,
2021-10-07,MM,,,,1.9389399259294888,,3.636188735510557,,
2021-10-07,RELIANCE,,,,0.398419245556806,,7.675114114817502,,
2021-10-08,BHARTIARTL,,,,2.7612674503417978,,-20.972639221074417,,
2021-10-08,HDFCBANK,,,,,,,,
2021-10-08,HUL,,,,0.0,,16.778537567646936,,
2021-10-08,INFY,,,,0.06974368377624393,,25.43909051616875,,
2021-10-08,MM,,,,1.9389399259294888,,3.636188735510557,,
2021-10-08,RELIANCE,,,,0.398419245556806,,7.675114114817502,,
2021-10-11,BHARTIARTL,,,,2.7612674503417978,,-20.972639221074417,,
2021-10-11,HDFCBANK,,,,,,,,
2021-10-11,HUL,,,,0.0,,16.778537567646936,,
2021-10-11,INFY,,,,0.06974368377624393,,25.43909051616875,,
2021-10-11,MM,,,,1.9389399259294888,,3.636188735510557,,
2021-10-11,RELIANCE,,,,0.398419245556806,,7.675114114817502,,
2021-10-12,BHARTIARTL,,,,2.7612674503417978,,-20.972639221074417,,
2021-10-12,HDFCBANK,,,,,,,,
2021-10-12,HUL,,,,0.0,,16.778537567646936,,
2021-10-12,INFY,,,,0.06974368377624393,,25.43909051616875,,
2021-10-12,MM,,,,1.9389399259294888,,3.636188735510557,,
2021-10-12,RELIANCE,,,,0.398419245556806,,7.675114114817502,,
2021-10-13,BHARTIARTL,,,,2.7612674503417978,,-20.972639221074417,,
2021-10-13,HDFCBANK,,,,,,,,
2021-10-13,HUL,,,,0.0,,16.778537567646936,,
2021-10-13,INFY,,,,0.06974368377624393,,25.43909051616875,,
2021-10-13,MM,,,,1.9389399259294888,,3.636188735510557,,
2021-10-13,RELIANCE,,,,0.398419245556806,,7.675114114817502,,
2021-10-14,BHARTIARTL,,,,2.7612674503417978,,-20.972639221074417,,
2021-10-14,HDFCBANK,,,,,,,,
2021-10-14,HUL,,,,0.0,,16.778537567646936,,
2021-10-14,INFY,,,,0.06974368377624393,,25.43909051616875,,
2021-10-14,MM,,,,1.9389399259294888,,3.636188735510557,,
2021-10-14,RELIANCE,,,,0.398419245556806,,7.675114114817502,,
2021-10-15,BHARTIARTL,,,,2.7612674503417978,,-20.972639221074417,,
2021-10-15,HDFCBANK,,,,,,,,
2021-10-15,HUL,,,,0.0,,16.778537567646936,,
2021-10-15,INFY,,,,0.06974368377624393,,25.43909051616875,,
2021-10-15,MM,,,,1.9389399259294888,,3.636188735510557,,
2021-10-15,RELIANCE,,,,0.398419245556806,,7.675114114817502,,
2021-10-18,BHARTIARTL,,,,2.7612674503417978,,-20.972639221074417,,
2021-10-18,HDFCBANK,,,,,,,,
2021-10-18,HUL,,,,0.0,,16.778537567646936,,
2021-10-18,INFY,,,,0.06974368377624393,,25.43909051616875,,
2021-10-18,MM,,,,1.9389399259294888,,3.636188735510557,,
2021-10-18,RELIANCE,,,,0.398419245556806,,7.675114114817502,,
2021-10-19,BHARTIARTL,,,,2.7612674503417978,,-20.972639221074417,,
2021-10-19,HDFCBANK,,,,,,,,
2021-10-19,HUL,,,,0.0,,16.778537567646936,,
2021-10-19,INFY,,,,0.06974368377624393,,25.43909051616875,,
2021-10-19,MM,,,,1.9389399259294888,,3.636188735510557,,
2021-10-19,RELIANCE,,,,0.398419245556806,,7.675114114817502,,
2021-10-20,BHARTIARTL,,,,2.7612674503417978,,-20.972639221074417,,
2021-10-20,HDFCBANK,,,,,,,,
2021-10-20,HUL,,,,0.0,,16.778537567646936,,
2021-10-20,INFY,,,,0.06974368377624393,,25.43909051616875,,
2021-10-20,MM,,,,1.9389399259294888,,3.636188735510557,,
2021-10-20,RELIANCE,,,,0.398419245556806,,7.675114114817502,,
2021-10-21,BHARTIARTL,,,,2.7612674503417978,,-20.972639221074417,,
2021-10-21,HDFCBANK,,,,,,,,
2021-10-21,HUL,,,,0.0,,16.778537567646936,,
2021-10-21,INFY,,,,0.06974368377624393,,25.43909051616875,,
2021-10-21,MM,,,,1.9389399259294888,,3.636188735510557,,
2021-10-21,RELIANCE,,,,0.398419245556806,,7.675114114817502,,
2021-10-22,BHARTIARTL,,,,2.7612674503417978,,-20.972639221074417,,
2021-10-22,HDFCBANK,,,,,,,,
2021-10-22,HUL,,,,0.0,,16.778537567646936,,
2021-10-22,INFY,,,,0.06974368377624393,,25.43909051616875,,
2021-10-22,MM,,,,1.9389399259294888,,3.636188735510557,,
2021-10-22,RELIANCE,,,,0.398419245556806,,7.675114114817502,,
2021-10-25,BHARTIARTL,,,,2.7612674503417978,,-20.972639221074417,,
2021-10-25,HDFCBANK,,,,,,,,
2021-10-25,HUL,,,,0.0,,16.778537567646936,,
2021-10-25,INFY,,,,0.06974368377624393,,25.43909051616875,,
2021-10-25,MM,,,,1.9389399259294888,,3.636188735510557,,
2021-10-25,RELIANCE,,,,0.398419245556806,,7.675114114817502,,
2021-10-26,BHARTIARTL,,,,2.7612674503417978,,-20.972639221074417,,
2021-10-26,HDFCBANK,,,,,,,,
2021-10-26,HUL,,,,0.0,,16.778537567646936,,
2021-10-26,INFY,,,,0.06974368377624393,,25.43909051616875,,
2021-10-26,MM,,,,1.9389399259294888,,3.636188735510557,,
2021-10-26,RELIANCE,,,,0.398419245556806,,7.675114114817502,,
2021-10-27,BHARTIARTL,,,,2.7612674503417978,,-20.972639221074417,,
2021-10-27,HDFCBANK,,,,,,,,
2021-10-27,HUL,,,,0.0,,16.778537567646936,,
2021-10-27,INFY,,,,0.06974368377624393,,25.43909051616875,,
2021-10-27,MM,,,,1.9389399259294888,,3.636188735510557,,
2021-10-27,RELIANCE,,,,0.398419245556806,,7.675114114817502,,
2021-10-28,BHARTIARTL,,,,2.7612674503417978,,-20.972639221074417,,
2021-10-28,HDFCBANK,,,,,,,,
2021-10-28,HUL,,,,0.0,,16.778537567646936,,
2021-10-28,INFY,,,,0.06974368377624393,,25.43909051616875,,
2021-10-28,MM,,,,1.9389399259294888,,3.636188735510557,,
2021-10-28,RELIANCE,,,,0.398419245556806,,7.675114114817502,,
2021-10-29,BHARTIARTL,,,,2.7612674503417978,,-20.972639221074417,,
2021-10-29,HDFCBANK,,,,,,,,
2021-10-29,HUL,,,,0.0,,16.778537567646936,,
2021-10-29,INFY,,,,0.06974368377624393,,25.43909051616875,,
2021-10-29,MM,,,,1.9389399259294888,,3.636188735510557,,
2021-10-29,RELIANCE,,,,0.398419245556806,,7.675114114817502,,
2021-11-01,BHARTIARTL,,,,2.7612674503417978,,-20.972639221074417,,
2021-11-01,HDFCBANK,,,,,,,,
2021-11-01,HUL,,,,0.0,,16.778537567646936,,
2021-11-01,INFY,,,,0.06974368377624393,,25.43909051616875,,
2021-11-01,MM,,,,1.9389399259294888,,3.636188735510557,,
2021-11-01,RELIANCE,,,,0.398419245556806,,7.675114114817502,,
2021-11-02,BHARTIARTL,,,,2.7612674503417978,,-20.972639221074417,,
2021-11-02,HDFCBANK,,,,,,,,
2021-11-02,HUL,,,,0.0,,16.778537567646936,,
2021-11-02,INFY,,,,0.06974368377624393,,25.43909051616875,,
2021-11-02,MM,,,,1.9389399259294888,,3.636188735510557,,
2021-11-02,RELIANCE,,,,0.398419245556806,,7.675114114817502,,
2021-11-03,BHARTIARTL,,,,2.7612674503417978,,-20.972639221074417,,
2021-11-03,HDFCBANK,,,,,,,,
2021-11-03,HUL,,,,0.0,,16.778537567646936,,
2021-11-03,INFY,,,,0.06974368377624393,,25.43909051616875,,
2021-11-03,MM,,,,1.9389399259294888,,3.636188735510557,,
2021-11-03,RELIANCE,,,,0.398419245556806,,7.675114114817502,,
2021-11-04,BHARTIARTL,,,,2.7612674503417978,,-20.972639221074417,,
2021-11-04,HDFCBANK,,,,,,,,
2021-11-04,HUL,,,,0.0,,16.778537567646936,,
2021-11-04,INFY,,,,0.06974368377624393,,25.43909051616875,,
2021-11-04,MM,,,,1.9389399259294888,,3.636188735510557,,
2021-11-04,RELIANCE,,,,0.398419245556806,,7.675114114817502,,
2021-11-05,BHARTIARTL,,,,2.7612674503417978,,-20.972639221074417,,
2021-11-05,HDFCBANK,,,,,,,,
2021-11-05,HUL,,,,0.0,,16.778537567646936,,
2021-11-05,INFY,,,,0.06974368377624393,,25.43909051616875,,
2021-11-05,MM,,,,1.9389399259294888,,3.636188735510557,,
2021-11-05,RELIANCE,,,,0.398419245556806,,7.675114114817502,,
2021-11-08,BHARTIARTL,,,,2.7612674503417978,,-20.972639221074417,,
2021-11-08,HDFCBANK,,,,,,,,
2021-11-08,HUL,,,,0.0,,16.778537567646936,,
2021-11-08,INFY,,,,0.06974368377624393,,25.43909051616875,,
2021-11-08,MM,,,,1.9389399259294888,,3.636188735510557,,
2021-11-08,RELIANCE,,,,0.398419245556806,,7.675114114817502,,
2021-11-09,BHARTIARTL,,,,2.7612674503417978,,-20.972639221074417,,
2021-11-09,HDFCBANK,,,,,,,,
2021-11-09,HUL,,,,0.0,,16.778537567646936,,
2021-11-09,INFY,,,,0.06974368377624393,,25.43909051616875,,
2021-11-09,MM,,,,1.9389399259294888,,3.636188735510557,,
2021-11-09,RELIANCE,,,,0.398419245556806,,7.675114114817502,,
2021-11-10,BHARTIARTL,,,,2.7612674503417978,,-20.972639221074417,,
2021-11-10,HDFCBANK,,,,,,,,
2021-11-10,HUL,,,,0.0,,16.778537567646936,,
2021-11-10,INFY,,,,0.06974368377624393,,25.43909051616875,,
2021-11-10,MM,,,,1.9389399259294888,,3.636188735510557,,
2021-11-10,RELIANCE,,,,0.398419245556806,,7.675114114817502,,
2021-11-11,BHARTIARTL,,,,2.7612674503417978,,-20.972639221074417,,
2021-11-11,HDFCBANK,,,,,,,,
2021-11-11,HUL,,,,0.0,,16.778537567646936,,
2021-11-11,INFY,,,,0.06974368377624393,,25.43909051616875,,
2021-11-11,MM,,,,1.9389399259294888,,3.636188735510557,,
2021-11-11,RELIANCE,,,,0.398419245556806,,7.675114114817502,,
2021-11-12,BHARTIARTL,,,,2.7612674503417978,,-20.972639221074417,,
2021-11-12,HDFCBANK,,,,,,,,
2021-11-12,HUL,,,,0.0,,16.778537567646936,,
2021-11-12,INFY,,,,0.06974368377624393,,25.43909051616875,,
2021-11-12,MM,,,,1.9389399259294888,,3.636188735510557,,
2021-11-12,RELIANCE,,,,0.398419245556806,,7.675114114817502,,
2021-11-15,BHARTIARTL,,,,2.7612674503417978,,-20.972639221074417,,
2021-11-15,HDFCBANK,,,,,,,,
2021-11-15,HUL,,,,0.0,,16.778537567646936,,
2021-11-15,INFY,,,,0.06974368377624393,,25.43909051616875,,
2021-11-15,MM,,,,1.9389399259294888,,3.636188735510557,,
2021-11-15,RELIANCE,,,,0.398419245556806,,7.675114114817502,,
2021-11-16,BHARTIARTL,,,,2.7612674503417978,,-20.972639221074417,,
2021-11-16,HDFCBANK,,,,,,,,
2021-11-16,HUL,,,,0.0,,16.778537567646936,,
2021-11-16,INFY,,,,0.06974368377624393,,25.43909051616875,,
2021-11-16,MM,,,,1.9389399259294888,,3.636188735510557,,
2021-11-16,RELIANCE,,,,0.398419245556806,,7.675114114817502,,
2021-11-17,BHARTIARTL,,,,2.7612674503417978,,-20.972639221074417,,
2021-11-17,HDFCBANK,,,,,,,,
2021-11-17,HUL,,,,0.0,,16.778537567646936,,
2021-11-17,INFY,,,,0.06974368377624393,,25.43909051616875,,
2021-11-17,MM,,,,1.9389399259294888,,3.636188735510557,,
2021-11-17,RELIANCE,,,,0.398419245556806,,7.675114114817502,,
2021-11-18,BHARTIARTL,,,,2.7612674503417978,,-20.972639221074417,,
2021-11-18,HDFCBANK,,,,,,,,
2021-11-18,HUL,,,,0.0,,16.778537567646936,,
2021-11-18,INFY,,,,0.06974368377624393,,25.43909051616875,,
2021-11-18,MM,,,,1.9389399259294888,,3.636188735510557,,
2021-11-18,RELIANCE,,,,0.398419245556806,,7.675114114817502,,
2021-11-19,BHARTIARTL,,,,2.7612674503417978,,-20.972639221074417,,
2021-11-19,HDFCBANK,,,,,,,,
2021-11-19,HUL,,,,0.0,,16.778537567646936,,
2021-11-19,INFY,,,,0.06974368377624393,,25.43909051616875,,
2021-11-19,MM,,,,1.9389399259294888,,3.636188735510557,,
2021-11-19,RELIANCE,,,,0.398419245556806,,7.675114114817502,,
2021-11-22,BHARTIARTL,,,,2.7612674503417978,,-20.972639221074417,,
2021-11-22,HDFCBANK,,,,,,,,
2021-11-22,HUL,,,,0.0,,16.778537567646936,,
2021-11-22,INFY,,,,0.06974368377624393,,25.43909051616875,,
2021-11-22,MM,,,,1.9389399259294888,,3.636188735510557,,
2021-11-22,RELIANCE,,,,0.398419245556806,,7.675114114817502,,
2021-11-23,BHARTIARTL,,,,2.7612674503417978,,-20.972639221074417,,
2021-11-23,HDFCBANK,,,,,,,,
2021-11-23,HUL,,,,0.0,,16.778537567646936,,
2021-11-23,INFY,,,,0.06974368377624393,,25.43909051616875,,
2021-11-23,MM,,,,1.9389399259294888,,3.636188735510557,,
2021-11-23,RELIANCE,,,,0.398419245556806,,7.675114114817502,,
2021-11-24,BHARTIARTL,,,,2.7612674503417978,,-20.972639221074417,,
2021-11-24,HDFCBANK,,,,,,,,
2021-11-24,HUL,,,,0.0,,16.778537567646936,,
2021-11-24,INFY,,,,0.06974368377624393,,25.43909051616875,,
2021-11-24,MM,,,,1.9389399259294888,,3.636188735510557,,
2021-11-24,RELIANCE,,,,0.398419245556806,,7.675114114817502,,
2021-11-25,BHARTIARTL,,,,2.7612674503417978,,-20.972639221074417,,
2021-11-25,HDFCBANK,,,,,,,,
2021-11-25,HUL,,,,0.0,,16.778537567646936,,
2021-11-25,INFY,,,,0.06974368377624393,,25.43909051616875,,
2021-11-25,MM,,,,1.9389399259294888,,3.636188735510557,,
2021-11-25,RELIANCE,,,,0.398419245556806,,7.675114114817502,,
2021-11-26,BHARTIARTL,,,,2.7612674503417978,,-20.972639221074417,,
2021-11-26,HDFCBANK,,,,,,,,
2021-11-26,HUL,,,,0.0,,16.778537567646936,,
2021-11-26,INFY,,,,0.06974368377624393,,25.43909051616875,,
2021-11-26,MM,,,,1.9389399259294888,,3.636188735510557,,
2021-11-26,RELIANCE,,,,0.398419245556806,,7.675114114817502,,
2021-11-29,BHARTIARTL,,,,2.7612674503417978,,-20.972639221074417,,
2021-11-29,HDFCBANK,,,,,,,,
2021-11-29,HUL,,,,0.0,,16.778537567646936,,
2021-11-29,INFY,,,,0.06974368377624393,,25.43909051616875,,
2021-11-29,MM,,,,1.9389399259294888,,3.636188735510557,,
2021-11-29,RELIANCE,,,,0.398419245556806,,7.675114114817502,,
2021-11-30,BHARTIARTL,,,,2.7612674503417978,,-20.972639221074417,,
2021-11-30,HDFCBANK,,,,,,,,
2021-11-30,HUL,,,,0.0,,16.778537567646936,,
2021-11-30,INFY,,,,0.06974368377624393,,25.43909051616875,,
2021-11-30,MM,,,,1.9389399259294888,,3.636188735510557,,
2021-11-30,RELIANCE,,,,0.398419245556806,,7.675114114817502,,
2021-12-01,BHARTIARTL,,,,2.7612674503417978,,-20.972639221074417,,
2021-12-01,HDFCBANK,,,,,,,,
2021-12-01,HUL,,,,0.0,,16.778537567646936,,
2021-12-01,INFY,,,,0.06974368377624393,,25.43909051616875,,
2021-12-01,MM,,,,1.9389399259294888,,3.636188735510557,,
2021-12-01,RELIANCE,,,,0.398419245556806,,7.675114114817502,,
2021-12-02,BHARTIARTL,,,,2.7612674503417978,,-20.972639221074417,,
2021-12-02,HDFCBANK,,,,,,,,
2021-12-02,HUL,,,,0.0,,16.778537567646936,,
2021-12-02,INFY,,,,0.06974368377624393,,25.43909051616875,,
2021-12-02,MM,,,,1.9389399259294888,,3.636188735510557,,
2021-12-02,RELIANCE,,,,0.398419245556806,,7.675114114817502,,
2021-12-03,BHARTIARTL,,,,2.7612674503417978,,-20.972639221074417,,
2021-12-03,HDFCBANK,,,,,,,,
2021-12-03,HUL,,,,0.0,,16.778537567646936,,
2021-12-03,INFY,,,,0.06974368377624393,,25.43909051616875,,
2021-12-03,MM,,,,1.9389399259294888,,3.636188735510557,,
2021-12-03,RELIANCE,,,,0.398419245556806,,7.675114114817502,,
2021-12-06,BHARTIARTL,,,,2.7612674503417978,,-20.972639221074417,,
2021-12-06,HDFCBANK,,,,,,,,
2021-12-06,HUL,,,,0.0,,16.778537567646936,,
2021-12-06,INFY,,,,0.06974368377624393,,25.43909051616875,,
2021-12-06,MM,,,,1.9389399259294888,,3.636188735510557,,
2021-12-06,RELIANCE,,,,0.398419245556806,,7.675114114817502,,
2021-12-07,BHARTIARTL,,,,2.7612674503417978,,-20.972639221074417,,
2021-12-07,HDFCBANK,,,,,,,,
2021-12-07,HUL,,,,0.0,,16.778537567646936,,
2021-12-07,INFY,,,,0.06974368377624393,,25.43909051616875,,
2021-12-07,MM,,,,1.9389399259294888,,3.636188735510557,,
2021-12-07,RELIANCE,,,,0.398419245556806,,7.675114114817502,,
2021-12-08,BHARTIARTL,,,,2.7612674503417978,,-20.972639221074417,,
2021-12-08,HDFCBANK,,,,,,,,
2021-12-08,HUL,,,,0.0,,16.778537567646936,,
2021-12-08,INFY,,,,0.06974368377624393,,25.43909051616875,,
2021-12-08,MM,,,,1.9389399259294888,,3.636188735510557,,
2021-12-08,RELIANCE,,,,0.398419245556806,,7.675114114817502,,
2021-12-09,BHARTIARTL,,,,2.7612674503417978,,-20.972639221074417,,
2021-12-09,HDFCBANK,,,,,,,,
2021-12-09,HUL,,,,0.0,,16.778537567646936,,
2021-12-09,INFY,,,,0.06974368377624393,,25.43909051616875,,
2021-12-09,MM,,,,1.9389399259294888,,3.636188735510557,,
2021-12-09,RELIANCE,,,,0.398419245556806,,7.675114114817502,,
2021-12-10,BHARTIARTL,,,,2.7612674503417978,,-20.972639221074417,,
2021-12-10,HDFCBANK,,,,,,,,
2021-12-10,HUL,,,,0.0,,16.778537567646936,,
2021-12-10,INFY,,,,0.06974368377624393,,25.43909051616875,,
2021-12-10,MM,,,,1.9389399259294888,,3.636188735510557,,
2021-12-10,RELIANCE,,,,0.398419245556806,,7.675114114817502,,
2021-12-13,BHARTIARTL,,,,2.7612674503417978,,-20.972639221074417,,
2021-12-13,HDFCBANK,,,,,,,,
2021-12-13,HUL,,,,0.0,,16.778537567646936,,
2021-12-13,INFY,,,,0.06974368377624393,,25.43909051616875,,
2021-12-13,MM,,,,1.9389399259294888,,3.636188735510557,,
2021-12-13,RELIANCE,,,,0.398419245556806,,7.675114114817502,,
2021-12-14,BHARTIARTL,,,,2.7612674503417978,,-20.972639221074417,,
2021-12-14,HDFCBANK,,,,,,,,
2021-12-14,HUL,,,,0.0,,16.778537567646936,,
2021-12-14,INFY,,,,0.06974368377624393,,25.43909051616875,,
2021-12-14,MM,,,,1.9389399259294888,,3.636188735510557,,
2021-12-14,RELIANCE,,,,0.398419245556806,,7.675114114817502,,
2021-12-15,BHARTIARTL,,,,2.7612674503417978,,-20.972639221074417,,
2021-12-15,HDFCBANK,,,,,,,,
2021-12-15,HUL,,,,0.0,,16.778537567646936,,
2021-12-15,INFY,,,,0.06974368377624393,,25.43909051616875,,
2021-12-15,MM,,,,1.9389399259294888,,3.636188735510557,,
2021-12-15,RELIANCE,,,,0.398419245556806,,7.675114114817502,,
2021-12-16,BHARTIARTL,,,,2.7612674503417978,,-20.972639221074417,,
2021-12-16,HDFCBANK,,,,,,,,
2021-12-16,HUL,,,,0.0,,16.778537567646936,,
2021-12-16,INFY,,,,0.06974368377624393,,25.43909051616875,,
2021-12-16,MM,,,,1.9389399259294888,,3.636188735510557,,
2021-12-16,RELIANCE,,,,0.398419245556806,,7.675114114817502,,
2021-12-17,BHARTIARTL,,,,2.7612674503417978,,-20.972639221074417,,
2021-12-17,HDFCBANK,,,,,,,,
2021-12-17,HUL,,,,0.0,,16.778537567646936,,
2021-12-17,INFY,,,,0.06974368377624393,,25.43909051616875,,
2021-12-17,MM,,,,1.9389399259294888,,3.636188735510557,,
2021-12-17,RELIANCE,,,,0.398419245556806,,7.675114114817502,,
2021-12-20,BHARTIARTL,,,,2.7612674503417978,,-20.972639221074417,,
2021-12-20,HDFCBANK,,,,,,,,
2021-12-20,HUL,,,,0.0,,16.778537567646936,,
2021-12-20,INFY,,,,0.06974368377624393,,25.43909051616875,,
2021-12-20,MM,,,,1.9389399259294888,,3.636188735510557,,
2021-12-20,RELIANCE,,,,0.398419245556806,,7.675114114817502,,
2021-12-21,BHARTIARTL,,,,2.7612674503417978,,-20.972639221074417,,
2021-12-21,HDFCBANK,,,,,,,,
2021-12-21,HUL,,,,0.0,,16.778537567646936,,
2021-12-21,INFY,,,,0.06974368377624393,,25.43909051616875,,
2021-12-21,MM,,,,1.9389399259294888,,3.636188735510557,,
2021-12-21,RELIANCE,,,,0.398419245556806,,7.675114114817502,,
2021-12-22,BHARTIARTL,,,,2.7612674503417978,,-20.972639221074417,,
2021-12-22,HDFCBANK,,,,,,,,
2021-12-22,HUL,,,,0.0,,16.778537567646936,,
2021-12-22,INFY,,,,0.06974368377624393,,25.43909051616875,,
2021-12-22,MM,,,,1.9389399259294888,,3.636188735510557,,
2021-12-22,RELIANCE,,,,0.398419245556806,,7.675114114817502,,
2021-12-23,BHARTIARTL,,,,2.7612674503417978,,-20.972639221074417,,
2021-12-23,HDFCBANK,,,,,,,,
2021-12-23,HUL,,,,0.0,,16.778537567646936,,
2021-12-23,INFY,,,,0.06974368377624393,,25.43909051616875,,
2021-12-23,MM,,,,1.9389399259294888,,3.636188735510557,,
2021-12-23,RELIANCE,,,,0.398419245556806,,7.675114114817502,,
2021-12-24,BHARTIARTL,,,,2.7612674503417978,,-20.972639221074417,,
2021-12-24,HDFCBANK,,,,,,,,
2021-12-24,HUL,,,,0.0,,16.778537567646936,,
2021-12-24,INFY,,,,0.06974368377624393,,25.43909051616875,,
2021-12-24,MM,,,,1.9389399259294888,,3.636188735510557,,
2021-12-24,RELIANCE,,,,0.398419245556806,,7.675114114817502,,
2021-12-27,BHARTIARTL,,,,2.7612674503417978,,-20.972639221074417,,
2021-12-27,HDFCBANK,,,,,,,,
2021-12-27,HUL,,,,0.0,,16.778537567646936,,
2021-12-27,INFY,,,,0.06974368377624393,,25.43909051616875,,
2021-12-27,MM,,,,1.9389399259294888,,3.636188735510557,,
2021-12-27,RELIANCE,,,,0.398419245556806,,7.675114114817502,,
2021-12-28,BHARTIARTL,,,,2.7612674503417978,,-20.972639221074417,,
2021-12-28,HDFCBANK,,,,,,,,
2021-12-28,HUL,,,,0.0,,16.778537567646936,,
2021-12-28,INFY,,,,0.06974368377624393,,25.43909051616875,,
2021-12-28,MM,,,,1.9389399259294888,,3.636188735510557,,
2021-12-28,RELIANCE,,,,0.398419245556806,,7.675114114817502,,
2021-12-29,BHARTIARTL,,,,2.7612674503417978,,-20.972639221074417,,
2021-12-29,HDFCBANK,,,,,,,,
2021-12-29,HUL,,,,0.0,,16.778537567646936,,
2021-12-29,INFY,,,,0.06974368377624393,,25.43909051616875,,
2021-12-29,MM,,,,1.9389399259294888,,3.636188735510557,,
2021-12-29,RELIANCE,,,,0.398419245556806,,7.675114114817502,,
2021-12-30,BHARTIARTL,,,,2.7612674503417978,,-20.972639221074417,,
2021-12-30,HDFCBANK,,,,,,,,
2021-12-30,HUL,,,,0.0,,16.778537567646936,,
2021-12-30,INFY,,,,0.06974368377624393,,25.43909051616875,,
2021-12-30,MM,,,,1.9389399259294888,,3.636188735510557,,
2021-12-30,RELIANCE,,,,0.398419245556806,,7.675114114817502,,
2021-12-31,BHARTIARTL,,,,2.7612674503417978,,-20.972639221074417,,
2021-12-31,HDFCBANK,,,,,,,,
2021-12-31,HUL,,,,0.0,,16.778537567646936,,
2021-12-31,INFY,,,,0.06974368377624393,,25.43909051616875,,
2021-12-31,MM,,,,1.9389399259294888,,3.636188735510557,,
2021-12-31,RELIANCE,,,,0.398419245556806,,7.675114114817502,,
2022-01-03,BHARTIARTL,,,,2.7612674503417978,,-20.972639221074417,,
2022-01-03,HDFCBANK,,,,,,,,
2022-01-03,HUL,,,,0.0,,16.778537567646936,,
2022-01-03,INFY,,,,0.06974368377624393,,25.43909051616875,,
2022-01-03,MM,,,,1.9389399259294888,,3.636188735510557,,
2022-01-03,RELIANCE,,,,0.398419245556806,,7.675114114817502,,
2022-01-04,BHARTIARTL,,,,2.7612674503417978,,-20.972639221074417,,
2022-01-04,HDFCBANK,,,,,,,,
2022-01-04,HUL,,,,0.0,,16.778537567646936,,
2022-01-04,INFY,,,,0.06974368377624393,,25.43909051616875,,
2022-01-04,MM,,,,1.9389399259294888,,3.636188735510557,,
2022-01-04,RELIANCE,,,,0.398419245556806,,7.675114114817502,,
2022-01-05,BHARTIARTL,,,,2.7612674503417978,,-20.972639221074417,,
2022-01-05,HDFCBANK,,,,,,,,
2022-01-05,HUL,,,,0.0,,16.778537567646936,,
2022-01-05,INFY,,,,0.06974368377624393,,25.43909051616875,,
2022-01-05,MM,,,,1.9389399259294888,,3.636188735510557,,
2022-01-05,RELIANCE,,,,0.398419245556806,,7.675114114817502,,
2022-01-06,BHARTIARTL,,,,2.7612674503417978,,-20.972639221074417,,
2022-01-06,HDFCBANK,,,,,,,,
2022-01-06,HUL,,,,0.0,,16.778537567646936,,
2022-01-06,INFY,,,,0.06974368377624393,,25.43909051616875,,
2022-01-06,MM,,,,1.9389399259294888,,3.636188735510557,,
2022-01-06,RELIANCE,,,,0.398419245556806,,7.675114114817502,,
2022-01-07,BHARTIARTL,,,,2.7612674503417978,,-20.972639221074417,,
2022-01-07,HDFCBANK,,,,,,,,
2022-01-07,HUL,,,,0.0,,16.778537567646936,,
2022-01-07,INFY,,,,0.06974368377624393,,25.43909051616875,,
2022-01-07,MM,,,,1.9389399259294888,,3.636188735510557,,
2022-01-07,RELIANCE,,,,0.398419245556806,,7.675114114817502,,
2022-01-10,BHARTIARTL,,,,2.7612674503417978,,-20.972639221074417,,
2022-01-10,HDFCBANK,,,,,,,,
2022-01-10,HUL,,,,0.0,,16.778537567646936,,
2022-01-10,INFY,,,,0.06974368377624393,,25.43909051616875,,
2022-01-10,MM,,,,1.9389399259294888,,3.636188735510557,,
2022-01-10,RELIANCE,,,,0.398419245556806,,7.675114114817502,,
2022-01-11,BHARTIARTL,,,,2.7612674503417978,,-20.972639221074417,,
2022-01-11,HDFCBANK,,,,,,,,
2022-01-11,HUL,,,,0.0,,16.778537567646936,,
2022-01-11,INFY,,,,0.06974368377624393,,25.43909051616875,,
2022-01-11,MM,,,,1.9389399259294888,,3.636188735510557,,
2022-01-11,RELIANCE,,,,0.398419245556806,,7.675114114817502,,
2022-01-12,BHARTIARTL,,,,2.7612674503417978,,-20.972639221074417,,
2022-01-12,HDFCBANK,,,,,,,,
2022-01-12,HUL,,,,0.0,,16.778537567646936,,
2022-01-12,INFY,,,,0.06974368377624393,,25.43909051616875,,
2022-01-12,MM,,,,1.9389399259294888,,3.636188735510557,,
2022-01-12,RELIANCE,,,,0.398419245556806,,7.675114114817502,,
2022-01-13,BHARTIARTL,,,,2.7612674503417978,,-20.972639221074417,,
2022-01-13,HDFCBANK,,,,,,,,
2022-01-13,HUL,,,,0.0,,16.778537567646936,,
2022-01-13,INFY,,,,0.06974368377624393,,25.43909051616875,,
2022-01-13,MM,,,,1.9389399259294888,,3.636188735510557,,
2022-01-13,RELIANCE,,,,0.398419245556806,,7.675114114817502,,
2022-01-14,BHARTIARTL,,,,2.7612674503417978,,-20.972639221074417,,
2022-01-14,HDFCBANK,,,,,,,,
2022-01-14,HUL,,,,0.0,,16.778537567646936,,
2022-01-14,INFY,,,,0.06974368377624393,,25.43909051616875,,
2022-01-14,MM,,,,1.9389399259294888,,3.636188735510557,,
2022-01-14,RELIANCE,,,,0.398419245556806,,7.675114114817502,,
2022-01-17,BHARTIARTL,,,,2.7612674503417978,,-20.972639221074417,,
2022-01-17,HDFCBANK,,,,,,,,
2022-01-17,HUL,,,,0.0,,16.778537567646936,,
2022-01-17,INFY,,,,0.06974368377624393,,25.43909051616875,,
2022-01-17,MM,,,,1.9389399259294888,,3.636188735510557,,
2022-01-17,RELIANCE,,,,0.398419245556806,,7.675114114817502,,
2022-01-18,BHARTIARTL,,,,2.7612674503417978,,-20.972639221074417,,
2022-01-18,HDFCBANK,,,,,,,,
2022-01-18,HUL,,,,0.0,,16.778537567646936,,
2022-01-18,INFY,,,,0.06974368377624393,,25.43909051616875,,
2022-01-18,MM,,,,1.9389399259294888,,3.636188735510557,,
2022-01-18,RELIANCE,,,,0.398419245556806,,7.675114114817502,,
2022-01-19,BHARTIARTL,,,,2.7612674503417978,,-20.972639221074417,,
2022-01-19,HDFCBANK,,,,,,,,
2022-01-19,HUL,,,,0.0,,16.778537567646936,,
2022-01-19,INFY,,,,0.06974368377624393,,25.43909051616875,,
2022-01-19,MM,,,,1.9389399259294888,,3.636188735510557,,
2022-01-19,RELIANCE,,,,0.398419245556806,,7.675114114817502,,
2022-01-20,BHARTIARTL,,,,2.7612674503417978,,-20.972639221074417,,
2022-01-20,HDFCBANK,,,,,,,,
2022-01-20,HUL,,,,0.0,,16.778537567646936,,
2022-01-20,INFY,,,,0.06974368377624393,,25.43909051616875,,
2022-01-20,MM,,,,1.9389399259294888,,3.636188735510557,,
2022-01-20,RELIANCE,,,,0.398419245556806,,7.675114114817502,,
2022-01-21,BHARTIARTL,,,,2.7612674503417978,,-20.972639221074417,,
2022-01-21,HDFCBANK,,,,,,,,
2022-01-21,HUL,,,,0.0,,16.778537567646936,,
2022-01-21,INFY,,,,0.06974368377624393,,25.43909051616875,,
2022-01-21,MM,,,,1.9389399259294888,,3.636188735510557,,
2022-01-21,RELIANCE,,,,0.398419245556806,,7.675114114817502,,
2022-01-24,BHARTIARTL,,,,2.7612674503417978,,-20.972639221074417,,
2022-01-24,HDFCBANK,,,,,,,,
2022-01-24,HUL,,,,0.0,,16.778537567646936,,
2022-01-24,INFY,,,,0.06974368377624393,,25.43909051616875,,
2022-01-24,MM,,,,1.9389399259294888,,3.636188735510557,,
2022-01-24,RELIANCE,,,,0.398419245556806,,7.675114114817502,,
2022-01-25,BHARTIARTL,,,,2.7612674503417978,,-20.972639221074417,,
2022-01-25,HDFCBANK,,,,,,,,
2022-01-25,HUL,,,,0.0,,16.778537567646936,,
2022-01-25,INFY,,,,0.06974368377624393,,25.43909051616875,,
2022-01-25,MM,,,,1.9389399259294888,,3.636188735510557,,
2022-01-25,RELIANCE,,,,0.398419245556806,,7.675114114817502,,
2022-01-26,BHARTIARTL,,,,2.7612674503417978,,-20.972639221074417,,
2022-01-26,HDFCBANK,,,,,,,,
2022-01-26,HUL,,,,0.0,,16.778537567646936,,
2022-01-26,INFY,,,,0.06974368377624393,,25.43909051616875,,
2022-01-26,MM,,,,1.9389399259294888,,3.636188735510557,,
2022-01-26,RELIANCE,,,,0.398419245556806,,7.675114114817502,,
2022-01-27,BHARTIARTL,,,,2.7612674503417978,,-20.972639221074417,,
2022-01-27,HDFCBANK,,,,,,,,
2022-01-27,HUL,,,,0.0,,16.778537567646936,,
2022-01-27,INFY,,,,0.06974368377624393,,25.43909051616875,,
2022-01-27,MM,,,,1.9389399259294888,,3.636188735510557,,
2022-01-27,RELIANCE,,,,0.398419245556806,,7.675114114817502,,
2022-01-28,BHARTIARTL,,,,2.7612674503417978,,-20.972639221074417,,
2022-01-28,HDFCBANK,,,,,,,,
2022-01-28,HUL,,,,0.0,,16.778537567646936,,
2022-01-28,INFY,,,,0.06974368377624393,,25.43909051616875,,
2022-01-28,MM,,,,1.9389399259294888,,3.636188735510557,,
2022-01-28,RELIANCE,,,,0.398419245556806,,7.675114114817502,,
2022-01-31,BHARTIARTL,,,,2.7612674503417978,,-20.972639221074417,,
2022-01-31,HDFCBANK,,,,,,,,
2022-01-31,HUL,,,,0.0,,16.778537567646936,,
2022-01-31,INFY,,,,0.06974368377624393,,25.43909051616875,,
2022-01-31,MM,,,,1.9389399259294888,,3.636188735510557,,
2022-01-31,RELIANCE,,,,0.398419245556806,,7.675114114817502,,
2022-02-01,BHARTIARTL,,,,2.7612674503417978,,-20.972639221074417,,
2022-02-01,HDFCBANK,,,,,,,,
2022-02-01,HUL,,,,0.0,,16.778537567646936,,
2022-02-01,INFY,,,,0.06974368377624393,,25.43909051616875,,
2022-02-01,MM,,,,1.9389399259294888,,3.636188735510557,,
2022-02-01,RELIANCE,,,,0.398419245556806,,7.675114114817502,,
2022-02-02,BHARTIARTL,,,,2.7612674503417978,,-20.972639221074417,,
2022-02-02,HDFCBANK,,,,,,,,
2022-02-02,HUL,,,,0.0,,16.778537567646936,,
2022-02-02,INFY,,,,0.06974368377624393,,25.43909051616875,,
2022-02-02,MM,,,,1.9389399259294888,,3.636188735510557,,
2022-02-02,RELIANCE,,,,0.398419245556806,,7.675114114817502,,
2022-02-03,BHARTIARTL,,,,2.7612674503417978,,-20.972639221074417,,
2022-02-03,HDFCBANK,,,,,,,,
2022-02-03,HUL,,,,0.0,,16.778537567646936,,
2022-02-03,INFY,,,,0.06974368377624393,,25.43909051616875,,
2022-02-03,MM,,,,1.9389399259294888,,3.636188735510557,,
2022-02-03,RELIANCE,,,,0.398419245556806,,7.675114114817502,,
2022-02-04,BHARTIARTL,,,,2.7612674503417978,,-20.972639221074417,,
2022-02-04,HDFCBANK,,,,,,,,
2022-02-04,HUL,,,,0.0,,16.778537567646936,,
2022-02-04,INFY,,,,0.06974368377624393,,25.43909051616875,,
2022-02-04,MM,,,,1.9389399259294888,,3.636188735510557,,
2022-02-04,RELIANCE,,,,0.398419245556806,,7.675114114817502,,
2022-02-07,BHARTIARTL,,,,2.7612674503417978,,-20.972639221074417,,
2022-02-07,HDFCBANK,,,,,,,,
2022-02-07,HUL,,,,0.0,,16.778537567646936,,
2022-02-07,INFY,,,,0.06974368377624393,,25.43909051616875,,
2022-02-07,MM,,,,1.9389399259294888,,3.636188735510557,,
2022-02-07,RELIANCE,,,,0.398419245556806,,7.675114114817502,,
2022-02-08,BHARTIARTL,,,,2.7612674503417978,,-20.972639221074417,,
2022-02-08,HDFCBANK,,,,,,,,
2022-02-08,HUL,,,,0.0,,16.778537567646936,,
2022-02-08,INFY,,,,0.06974368377624393,,25.43909051616875,,
2022-02-08,MM,,,,1.9389399259294888,,3.636188735510557,,
2022-02-08,RELIANCE,,,,0.398419245556806,,7.675114114817502,,
2022-02-09,BHARTIARTL,,,,2.7612674503417978,,-20.972639221074417,,
2022-02-09,HDFCBANK,,,,,,,,
2022-02-09,HUL,,,,0.0,,16.778537567646936,,
2022-02-09,INFY,,,,0.06974368377624393,,25.43909051616875,,
2022-02-09,MM,,,,1.9389399259294888,,3.636188735510557,,
2022-02-09,RELIANCE,,,,0.398419245556806,,7.675114114817502,,
2022-02-10,BHARTIARTL,,,,2.7612674503417978,,-20.972639221074417,,
2022-02-10,HDFCBANK,,,,,,,,
2022-02-10,HUL,,,,0.0,,16.778537567646936,,
2022-02-10,INFY,,,,0.06974368377624393,,25.43909051616875,,
2022-02-10,MM,,,,1.9389399259294888,,3.636188735510557,,
2022-02-10,RELIANCE,,,,0.398419245556806,,7.675114114817502,,
2022-02-11,BHARTIARTL,,,,2.7612674503417978,,-20.972639221074417,,
2022-02-11,HDFCBANK,,,,,,,,
2022-02-11,HUL,,,,0.0,,16.778537567646936,,
2022-02-11,INFY,,,,0.06974368377624393,,25.43909051616875,,
2022-02-11,MM,,,,1.9389399259294888,,3.636188735510557,,
2022-02-11,RELIANCE,,,,0.398419245556806,,7.675114114817502,,
2022-02-14,BHARTIARTL,,,,2.7612674503417978,,-20.972639221074417,,
2022-02-14,HDFCBANK,,,,,,,,
2022-02-14,HUL,,,,0.0,,16.778537567646936,,
2022-02-14,INFY,,,,0.06974368377624393,,25.43909051616875,,
2022-02-14,MM,,,,1.9389399259294888,,3.636188735510557,,
2022-02-14,RELIANCE,,,,0.398419245556806,,7.675114114817502,,
2022-02-15,BHARTIARTL,,,,2.7612674503417978,,-20.972639221074417,,
2022-02-15,HDFCBANK,,,,,,,,
2022-02-15,HUL,,,,0.0,,16.778537567646936,,
2022-02-15,INFY,,,,0.06974368377624393,,25.43909051616875,,
2022-02-15,MM,,,,1.9389399259294888,,3.636188735510557,,
2022-02-15,RELIANCE,,,,0.398419245556806,,7.675114114817502,,
2022-02-16,BHARTIARTL,,,,2.7612674503417978,,-20.972639221074417,,
2022-02-16,HDFCBANK,,,,,,,,
2022-02-16,HUL,,,,0.0,,16.778537567646936,,
2022-02-16,INFY,,,,0.06974368377624393,,25.43909051616875,,
2022-02-16,MM,,,,1.9389399259294888,,3.636188735510557,,
2022-02-16,RELIANCE,,,,0.398419245556806,,7.675114114817502,,
2022-02-17,BHARTIARTL,,,,2.7612674503417978,,-20.972639221074417,,
2022-02-17,HDFCBANK,,,,,,,,
2022-02-17,HUL,,,,0.0,,16.778537567646936,,
2022-02-17,INFY,,,,0.06974368377624393,,25.43909051616875,,
2022-02-17,MM,,,,1.9389399259294888,,3.636188735510557,,
2022-02-17,RELIANCE,,,,0.398419245556806,,7.675114114817502,,
2022-02-18,BHARTIARTL,,,,2.7612674503417978,,-20.972639221074417,,
2022-02-18,HDFCBANK,,,,,,,,
2022-02-18,HUL,,,,0.0,,16.778537567646936,,
2022-02-18,INFY,,,,0.06974368377624393,,25.43909051616875,,
2022-02-18,MM,,,,1.9389399259294888,,3.636188735510557,,
2022-02-18,RELIANCE,,,,0.398419245556806,,7.675114114817502,,
2022-02-21,BHARTIARTL,,,,2.7612674503417978,,-20.972639221074417,,
2022-02-21,HDFCBANK,,,,,,,,
2022-02-21,HUL,,,,0.0,,16.778537567646936,,
2022-02-21,INFY,,,,0.06974368377624393,,25.43909051616875,,
2022-02-21,MM,,,,1.9389399259294888,,3.636188735510557,,
2022-02-21,RELIANCE,,,,0.398419245556806,,7.675114114817502,,
2022-02-22,BHARTIARTL,,,,2.7612674503417978,,-20.972639221074417,,
2022-02-22,HDFCBANK,,,,,,,,
2022-02-22,HUL,,,,0.0,,16.778537567646936,,
2022-02-22,INFY,,,,0.06974368377624393,,25.43909051616875,,
2022-02-22,MM,,,,1.9389399259294888,,3.636188735510557,,
2022-02-22,RELIANCE,,,,0.398419245556806,,7.675114114817502,,
2022-02-23,BHARTIARTL,,,,2.7612674503417978,,-20.972639221074417,,
2022-02-23,HDFCBANK,,,,,,,,
2022-02-23,HUL,,,,0.0,,16.778537567646936,,
2022-02-23,INFY,,,,0.06974368377624393,,25.43909051616875,,
2022-02-23,MM,,,,1.9389399259294888,,3.636188735510557,,
2022-02-23,RELIANCE,,,,0.398419245556806,,7.675114114817502,,
2022-02-24,BHARTIARTL,,,,2.7612674503417978,,-20.972639221074417,,
2022-02-24,HDFCBANK,,,,,,,,
2022-02-24,HUL,,,,0.0,,16.778537567646936,,
2022-02-24,INFY,,,,0.06974368377624393,,25.43909051616875,,
2022-02-24,MM,,,,1.9389399259294888,,3.636188735510557,,
2022-02-24,RELIANCE,,,,0.398419245556806,,7.675114114817502,,
2022-02-25,BHARTIARTL,,,,2.7612674503417978,,-20.972639221074417,,
2022-02-25,HDFCBANK,,,,,,,,
2022-02-25,HUL,,,,0.0,,16.778537567646936,,
2022-02-25,INFY,,,,0.06974368377624393,,25.43909051616875,,
2022-02-25,MM,,,,1.9389399259294888,,3.636188735510557,,
2022-02-25,RELIANCE,,,,0.398419245556806,,7.675114114817502,,
2022-02-28,BHARTIARTL,,,,2.7612674503417978,,-20.972639221074417,,
2022-02-28,HDFCBANK,,,,,,,,
2022-02-28,HUL,,,,0.0,,16.778537567646936,,
2022-02-28,INFY,,,,0.06974368377624393,,25.43909051616875,,
2022-02-28,MM,,,,1.9389399259294888,,3.636188735510557,,
2022-02-28,RELIANCE,,,,0.398419245556806,,7.675114114817502,,
2022-03-01,BHARTIARTL,,,,2.7612674503417978,,-20.972639221074417,,
2022-03-01,HDFCBANK,,,,,,,,
2022-03-01,HUL,,,,0.0,,16.778537567646936,,
2022-03-01,INFY,,,,0.06974368377624393,,25.43909051616875,,
2022-03-01,MM,,,,1.9389399259294888,,3.636188735510557,,
2022-03-01,RELIANCE,,,,0.398419245556806,,7.675114114817502,,
2022-03-02,BHARTIARTL,,,,2.7612674503417978,,-20.972639221074417,,
2022-03-02,HDFCBANK,,,,,,,,
2022-03-02,HUL,,,,0.0,,16.778537567646936,,
2022-03-02,INFY,,,,0.06974368377624393,,25.43909051616875,,
2022-03-02,MM,,,,1.9389399259294888,,3.636188735510557,,
2022-03-02,RELIANCE,,,,0.398419245556806,,7.675114114817502,,
2022-03-03,BHARTIARTL,,,,2.7612674503417978,,-20.972639221074417,,
2022-03-03,HDFCBANK,,,,,,,,
2022-03-03,HUL,,,,0.0,,16.778537567646936,,
2022-03-03,INFY,,,,0.06974368377624393,,25.43909051616875,,
2022-03-03,MM,,,,1.9389399259294888,,3.636188735510557,,
2022-03-03,RELIANCE,,,,0.398419245556806,,7.675114114817502,,
2022-03-04,BHARTIARTL,,,,2.7612674503417978,,-20.972639221074417,,
2022-03-04,HDFCBANK,,,,,,,,
2022-03-04,HUL,,,,0.0,,16.778537567646936,,
2022-03-04,INFY,,,,0.06974368377624393,,25.43909051616875,,
2022-03-04,MM,,,,1.9389399259294888,,3.636188735510557,,
2022-03-04,RELIANCE,,,,0.398419245556806,,7.675114114817502,,
2022-03-07,BHARTIARTL,,,,2.7612674503417978,,-20.972639221074417,,
2022-03-07,HDFCBANK,,,,,,,,
2022-03-07,HUL,,,,0.0,,16.778537567646936,,
2022-03-07,INFY,,,,0.06974368377624393,,25.43909051616875,,
2022-03-07,MM,,,,1.9389399259294888,,3.636188735510557,,
2022-03-07,RELIANCE,,,,0.398419245556806,,7.675114114817502,,
2022-03-08,BHARTIARTL,,,,2.7612674503417978,,-20.972639221074417,,
2022-03-08,HDFCBANK,,,,,,,,
2022-03-08,HUL,,,,0.0,,16.778537567646936,,
2022-03-08,INFY,,,,0.06974368377624393,,25.43909051616875,,
2022-03-08,MM,,,,1.9389399259294888,,3.636188735510557,,
2022-03-08,RELIANCE,,,,0.398419245556806,,7.675114114817502,,
2022-03-09,BHARTIARTL,,,,2.7612674503417978,,-20.972639221074417,,
2022-03-09,HDFCBANK,,,,,,,,
2022-03-09,HUL,,,,0.0,,16.778537567646936,,
2022-03-09,INFY,,,,0.06974368377624393,,25.43909051616875,,
2022-03-09,MM,,,,1.9389399259294888,,3.636188735510557,,
2022-03-09,RELIANCE,,,,0.398419245556806,,7.675114114817502,,
2022-03-10,BHARTIARTL,,,,2.7612674503417978,,-20.972639221074417,,
2022-03-10,HDFCBANK,,,,,,,,
2022-03-10,HUL,,,,0.0,,16.778537567646936,,
2022-03-10,INFY,,,,0.06974368377624393,,25.43909051616875,,
2022-03-10,MM,,,,1.9389399259294888,,3.636188735510557,,
2022-03-10,RELIANCE,,,,0.398419245556806,,7.675114114817502,,
2022-03-11,BHARTIARTL,,,,2.7612674503417978,,-20.972639221074417,,
2022-03-11,HDFCBANK,,,,,,,,
2022-03-11,HUL,,,,0.0,,16.778537567646936,,
2022-03-11,INFY,,,,0.06974368377624393,,25.43909051616875,,
2022-03-11,MM,,,,1.9389399259294888,,3.636188735510557,,
2022-03-11,RELIANCE,,,,0.398419245556806,,7.675114114817502,,
2022-03-14,BHARTIARTL,,,,2.7612674503417978,,-20.972639221074417,,
2022-03-14,HDFCBANK,,,,,,,,
2022-03-14,HUL,,,,0.0,,16.778537567646936,,
2022-03-14,INFY,,,,0.06974368377624393,,25.43909051616875,,
2022-03-14,MM,,,,1.9389399259294888,,3.636188735510557,,
2022-03-14,RELIANCE,,,,0.398419245556806,,7.675114114817502,,
2022-03-15,BHARTIARTL,,,,2.7612674503417978,,-20.972639221074417,,
2022-03-15,HDFCBANK,,,,,,,,
2022-03-15,HUL,,,,0.0,,16.778537567646936,,
2022-03-15,INFY,,,,0.06974368377624393,,25.43909051616875,,
2022-03-15,MM,,,,1.9389399259294888,,3.636188735510557,,
2022-03-15,RELIANCE,,,,0.398419245556806,,7.675114114817502,,
2022-03-16,BHARTIARTL,,,,2.7612674503417978,,-20.972639221074417,,
2022-03-16,HDFCBANK,,,,,,,,
2022-03-16,HUL,,,,0.0,,16.778537567646936,,
2022-03-16,INFY,,,,0.06974368377624393,,25.43909051616875,,
2022-03-16,MM,,,,1.9389399259294888,,3.636188735510557,,
2022-03-16,RELIANCE,,,,0.398419245556806,,7.675114114817502,,
2022-03-17,BHARTIARTL,,,,2.7612674503417978,,-20.972639221074417,,
2022-03-17,HDFCBANK,,,,,,,,
2022-03-17,HUL,,,,0.0,,16.778537567646936,,
2022-03-17,INFY,,,,0.06974368377624393,,25.43909051616875,,
2022-03-17,MM,,,,1.9389399259294888,,3.636188735510557,,
2022-03-17,RELIANCE,,,,0.398419245556806,,7.675114114817502,,
2022-03-18,BHARTIARTL,,,,2.7612674503417978,,-20.972639221074417,,
2022-03-18,HDFCBANK,,,,,,,,
2022-03-18,HUL,,,,0.0,,16.778537567646936,,
2022-03-18,INFY,,,,0.06974368377624393,,25.43909051616875,,
2022-03-18,MM,,,,1.9389399259294888,,3.636188735510557,,
2022-03-18,RELIANCE,,,,0.398419245556806,,7.675114114817502,,
2022-03-21,BHARTIARTL,,,,2.7612674503417978,,-20.972639221074417,,
2022-03-21,HDFCBANK,,,,,,,,
2022-03-21,HUL,,,,0.0,,16.778537567646936,,
2022-03-21,INFY,,,,0.06974368377624393,,25.43909051616875,,
2022-03-21,MM,,,,1.9389399259294888,,3.636188735510557,,
2022-03-21,RELIANCE,,,,0.398419245556806,,7.675114114817502,,
2022-03-22,BHARTIARTL,,,,2.7612674503417978,,-20.972639221074417,,
2022-03-22,HDFCBANK,,,,,,,,
2022-03-22,HUL,,,,0.0,,16.778537567646936,,
2022-03-22,INFY,,,,0.06974368377624393,,25.43909051616875,,
2022-03-22,MM,,,,1.9389399259294888,,3.636188735510557,,
2022-03-22,RELIANCE,,,,0.398419245556806,,7.675114114817502,,
2022-03-23,BHARTIARTL,,,,2.7612674503417978,,-20.972639221074417,,
2022-03-23,HDFCBANK,,,,,,,,
2022-03-23,HUL,,,,0.0,,16.778537567646936,,
2022-03-23,INFY,,,,0.06974368377624393,,25.43909051616875,,
2022-03-23,MM,,,,1.9389399259294888,,3.636188735510557,,
2022-03-23,RELIANCE,,,,0.398419245556806,,7.675114114817502,,
2022-03-24,BHARTIARTL,,,,2.7612674503417978,,-20.972639221074417,,
2022-03-24,HDFCBANK,,,,,,,,
2022-03-24,HUL,,,,0.0,,16.778537567646936,,
2022-03-24,INFY,,,,0.06974368377624393,,25.43909051616875,,
2022-03-24,MM,,,,1.9389399259294888,,3.636188735510557,,
2022-03-24,RELIANCE,,,,0.398419245556806,,7.675114114817502,,
2022-03-25,BHARTIARTL,,,,2.7612674503417978,,-20.972639221074417,,
2022-03-25,HDFCBANK,,,,,,,,
2022-03-25,HUL,,,,0.0,,16.778537567646936,,
2022-03-25,INFY,,,,0.06974368377624393,,25.43909051616875,,
2022-03-25,MM,,,,1.9389399259294888,,3.636188735510557,,
2022-03-25,RELIANCE,,,,0.398419245556806,,7.675114114817502,,
2022-03-28,BHARTIARTL,,,,2.7612674503417978,,-20.972639221074417,,
2022-03-28,HDFCBANK,,,,,,,,
2022-03-28,HUL,,,,0.0,,16.778537567646936,,
2022-03-28,INFY,,,,0.06974368377624393,,25.43909051616875,,
2022-03-28,MM,,,,1.9389399259294888,,3.636188735510557,,
2022-03-28,RELIANCE,,,,0.398419245556806,,7.675114114817502,,
2022-03-29,BHARTIARTL,,,,2.7612674503417978,,-20.972639221074417,,
2022-03-29,HDFCBANK,,,,,,,,
2022-03-29,HUL,,,,0.0,,16.778537567646936,,
2022-03-29,INFY,,,,0.06974368377624393,,25.43909051616875,,
2022-03-29,MM,,,,1.9389399259294888,,3.636188735510557,,
2022-03-29,RELIANCE,,,,0.398419245556806,,7.675114114817502,,
2022-03-30,BHARTIARTL,,,,2.7612674503417978,,-20.972639221074417,,
2022-03-30,HDFCBANK,,,,,,,,
2022-03-30,HUL,,,,0.0,,16.778537567646936,,
2022-03-30,INFY,,,,0.06974368377624393,,25.43909051616875,,
2022-03-30,MM,,,,1.9389399259294888,,3.636188735510557,,
2022-03-30,RELIANCE,,,,0.398419245556806,,7.675114114817502,,
2022-03-31,BHARTIARTL,,,,2.7612674503417978,,-20.972639221074417,,
2022-03-31,HDFCBANK,,,,,,,,
2022-03-31,HUL,,,,0.0,,16.778537567646936,,
2022-03-31,INFY,,,,0.06974368377624393,,25.43909051616875,,
2022-03-31,MM,,,,1.9389399259294888,,3.636188735510557,,
2022-03-31,RELIANCE,,,,0.398419245556806,,7.675114114817502,,
2022-04-01,BHARTIARTL,,,,2.7612674503417978,,-20.972639221074417,,
2022-04-01,HDFCBANK,,,,,,,,
2022-04-01,HUL,,,,0.0,,16.778537567646936,,
2022-04-01,INFY,,,,0.06974368377624393,,25.43909051616875,,
2022-04-01,MM,,,,1.9389399259294888,,3.636188735510557,,
2022-04-01,RELIANCE,,,,0.398419245556806,,7.675114114817502,,
2022-04-04,BHARTIARTL,,,,2.7612674503417978,,-20.972639221074417,,
2022-04-04,HDFCBANK,,,,,,,,
2022-04-04,HUL,,,,0.0,,16.778537567646936,,
2022-04-04,INFY,,,,0.06974368377624393,,25.43909051616875,,
2022-04-04,MM,,,,1.9389399259294888,,3.636188735510557,,
2022-04-04,RELIANCE,,,,0.398419245556806,,7.675114114817502,,
2022-04-05,BHARTIARTL,,,,2.7612674503417978,,-20.972639221074417,,
2022-04-05,HDFCBANK,,,,,,,,
2022-04-05,HUL,,,,0.0,,16.778537567646936,,
2022-04-05,INFY,,,,0.06974368377624393,,25.43909051616875,,
2022-04-05,MM,,,,1.9389399259294888,,3.636188735510557,,
2022-04-05,RELIANCE,,,,0.398419245556806,,7.675114114817502,,
2022-04-06,BHARTIARTL,,,,2.7612674503417978,,-20.972639221074417,,
2022-04-06,HDFCBANK,,,,,,,,
2022-04-06,HUL,,,,0.0,,16.778537567646936,,
2022-04-06,INFY,,,,0.06974368377624393,,25.43909051616875,,
2022-04-06,MM,,,,1.9389399259294888,,3.636188735510557,,
2022-04-06,RELIANCE,,,,0.398419245556806,,7.675114114817502,,
2022-04-07,BHARTIARTL,,,,2.7612674503417978,,-20.972639221074417,,
2022-04-07,HDFCBANK,,,,,,,,
2022-04-07,HUL,,,,0.0,,16.778537567646936,,
2022-04-07,INFY,,,,0.06974368377624393,,25.43909051616875,,
2022-04-07,MM,,,,1.9389399259294888,,3.636188735510557,,
2022-04-07,RELIANCE,,,,0.398419245556806,,7.675114114817502,,
2022-04-08,BHARTIARTL,,,,2.7612674503417978,,-20.972639221074417,,
2022-04-08,HDFCBANK,,,,,,,,
2022-04-08,HUL,,,,0.0,,16.778537567646936,,
2022-04-08,INFY,,,,0.06974368377624393,,25.43909051616875,,
2022-04-08,MM,,,,1.9389399259294888,,3.636188735510557,,
2022-04-08,RELIANCE,,,,0.398419245556806,,7.675114114817502,,
2022-04-11,BHARTIARTL,,,,2.7612674503417978,,-20.972639221074417,,
2022-04-11,HDFCBANK,,,,,,,,
2022-04-11,HUL,,,,0.0,,16.778537567646936,,
2022-04-11,INFY,,,,0.06974368377624393,,25.43909051616875,,
2022-04-11,MM,,,,1.9389399259294888,,3.636188735510557,,
2022-04-11,RELIANCE,,,,0.398419245556806,,7.675114114817502,,
2022-04-12,BHARTIARTL,,,,2.7612674503417978,,-20.972639221074417,,
2022-04-12,HDFCBANK,,,,,,,,
2022-04-12,HUL,,,,0.0,,16.778537567646936,,
2022-04-12,INFY,,,,0.06974368377624393,,25.43909051616875,,
2022-04-12,MM,,,,1.9389399259294888,,3.636188735510557,,
2022-04-12,RELIANCE,,,,0.398419245556806,,7.675114114817502,,
2022-04-13,BHARTIARTL,,,,2.7612674503417978,,-20.972639221074417,,
2022-04-13,HDFCBANK,,,,,,,,
2022-04-13,HUL,,,,0.0,,16.778537567646936,,
2022-04-13,INFY,,,,0.06974368377624393,,25.43909051616875,,
2022-04-13,MM,,,,1.9389399259294888,,3.636188735510557,,
2022-04-13,RELIANCE,,,,0.398419245556806,,7.675114114817502,,
2022-04-14,BHARTIARTL,,,,2.7612674503417978,,-20.972639221074417,,
2022-04-14,HDFCBANK,,,,,,,,
2022-04-14,HUL,,,,0.0,,16.778537567646936,,
2022-04-14,INFY,,,,0.06974368377624393,,25.43909051616875,,
2022-04-14,MM,,,,1.9389399259294888,,3.636188735510557,,
2022-04-14,RELIANCE,,,,0.398419245556806,,7.675114114817502,,
2022-04-15,BHARTIARTL,,,,2.7612674503417978,,-20.972639221074417,,
2022-04-15,HDFCBANK,,,,,,,,
2022-04-15,HUL,,,,0.0,,16.778537567646936,,
2022-04-15,INFY,,,,0.06974368377624393,,25.43909051616875,,
2022-04-15,MM,,,,1.9389399259294888,,3.636188735510557,,
2022-04-15,RELIANCE,,,,0.398419245556806,,7.675114114817502,,
2022-04-18,BHARTIARTL,,,,2.7612674503417978,,-20.972639221074417,,
2022-04-18,HDFCBANK,,,,,,,,
2022-04-18,HUL,,,,0.0,,16.778537567646936,,
2022-04-18,INFY,,,,0.06974368377624393,,25.43909051616875,,
2022-04-18,MM,,,,1.9389399259294888,,3.636188735510557,,
2022-04-18,RELIANCE,,,,0.398419245556806,,7.675114114817502,,
2022-04-19,BHARTIARTL,,,,2.7612674503417978,,-20.972639221074417,,
2022-04-19,HDFCBANK,,,,,,,,
2022-04-19,HUL,,,,0.0,,16.778537567646936,,
2022-04-19,INFY,,,,0.06974368377624393,,25.43909051616875,,
2022-04-19,MM,,,,1.9389399259294888,,3.636188735510557,,
2022-04-19,RELIANCE,,,,0.398419245556806,,7.675114114817502,,
2022-04-20,BHARTIARTL,,,,2.7612674503417978,,-20.972639221074417,,
2022-04-20,HDFCBANK,,,,,,,,
2022-04-20,HUL,,,,0.0,,16.778537567646936,,
2022-04-20,INFY,,,,0.06974368377624393,,25.43909051616875,,
2022-04-20,MM,,,,1.9389399259294888,,3.636188735510557,,
2022-04-20,RELIANCE,,,,0.398419245556806,,7.675114114817502,,
2022-04-21,BHARTIARTL,,,,2.7612674503417978,,-20.972639221074417,,
2022-04-21,HDFCBANK,,,,,,,,
2022-04-21,HUL,,,,0.0,,16.778537567646936,,
2022-04-21,INFY,,,,0.06974368377624393,,25.43909051616875,,
2022-04-21,MM,,,,1.9389399259294888,,3.636188735510557,,
2022-04-21,RELIANCE,,,,0.398419245556806,,7.675114114817502,,
2022-04-22,BHARTIARTL,,,,2.7612674503417978,,-20.972639221074417,,
2022-04-22,HDFCBANK,,,,,,,,
2022-04-22,HUL,,,,0.0,,16.778537567646936,,
2022-04-22,INFY,,,,0.06974368377624393,,25.43909051616875,,
2022-04-22,MM,,,,1.9389399259294888,,3.636188735510557,,
2022-04-22,RELIANCE,,,,0.398419245556806,,7.675114114817502,,
2022-04-25,BHARTIARTL,,,,2.7612674503417978,,-20.972639221074417,,
2022-04-25,HDFCBANK,,,,,,,,
2022-04-25,HUL,,,,0.0,,16.778537567646936,,
2022-04-25,INFY,,,,0.06974368377624393,,25.43909051616875,,
2022-04-25,MM,,,,1.9389399259294888,,3.636188735510557,,
2022-04-25,RELIANCE,,,,0.398419245556806,,7.675114114817502,,
2022-04-26,BHARTIARTL,,,,2.7612674503417978,,-20.972639221074417,,
2022-04-26,HDFCBANK,,,,,,,,
2022-04-26,HUL,,,,0.0,,16.778537567646936,,
2022-04-26,INFY,,,,0.06974368377624393,,25.43909051616875,,
2022-04-26,MM,,,,1.9389399259294888,,3.636188735510557,,
2022-04-26,RELIANCE,,,,0.398419245556806,,7.675114114817502,,
2022-04-27,BHARTIARTL,,,,2.7612674503417978,,-20.972639221074417,,
2022-04-27,HDFCBANK,,,,,,,,
2022-04-27,HUL,,,,0.0,,16.778537567646936,,
2022-04-27,INFY,,,,0.06974368377624393,,25.43909051616875,,
2022-04-27,MM,,,,1.9389399259294888,,3.636188735510557,,
2022-04-27,RELIANCE,,,,0.398419245556806,,7.675114114817502,,
2022-04-28,BHARTIARTL,,,,2.7612674503417978,,-20.972639221074417,,
2022-04-28,HDFCBANK,,,,,,,,
2022-04-28,HUL,,,,0.0,,16.778537567646936,,
2022-04-28,INFY,,,,0.06974368377624393,,25.43909051616875,,
2022-04-28,MM,,,,1.9389399259294888,,3.636188735510557,,
2022-04-28,RELIANCE,,,,0.398419245556806,,7.675114114817502,,
2022-04-29,BHARTIARTL,,,,2.7612674503417978,,-20.972639221074417,,
2022-04-29,HDFCBANK,,,,,,,,
2022-04-29,HUL,,,,0.0,,16.778537567646936,,
2022-04-29,INFY,,,,0.06974368377624393,,25.43909051616875,,
2022-04-29,MM,,,,1.9389399259294888,,3.636188735510557,,
2022-04-29,RELIANCE,,,,0.398419245556806,,7.675114114817502,,
2022-05-02,BHARTIARTL,,,,2.7612674503417978,,-20.972639221074417,,
2022-05-02,HDFCBANK,,,,,,,,
2022-05-02,HUL,,,,0.0,,16.778537567646936,,
2022-05-02,INFY,,,,0.06974368377624393,,25.43909051616875,,
2022-05-02,MM,,,,1.9389399259294888,,3.636188735510557,,
2022-05-02,RELIANCE,,,,0.398419245556806,,7.675114114817502,,
2022-05-03,BHARTIARTL,,,,2.7612674503417978,,-20.972639221074417,,
2022-05-03,HDFCBANK,,,,,,,,
2022-05-03,HUL,,,,0.0,,16.778537567646936,,
2022-05-03,INFY,,,,0.06974368377624393,,25.43909051616875,,
2022-05-03,MM,,,,1.9389399259294888,,3.636188735510557,,
2022-05-03,RELIANCE,,,,0.398419245556806,,7.675114114817502,,
2022-05-04,BHARTIARTL,,,,2.7612674503417978,,-20.972639221074417,,
2022-05-04,HDFCBANK,,,,,,,,
2022-05-04,HUL,,,,0.0,,16.778537567646936,,
2022-05-04,INFY,,,,0.06974368377624393,,25.43909051616875,,
2022-05-04,MM,,,,1.9389399259294888,,3.636188735510557,,
2022-05-04,RELIANCE,,,,0.398419245556806,,7.675114114817502,,
2022-05-05,BHARTIARTL,,,,2.7612674503417978,,-20.972639221074417,,
2022-05-05,HDFCBANK,,,,,,,,
2022-05-05,HUL,,,,0.0,,16.778537567646936,,
2022-05-05,INFY,,,,0.06974368377624393,,25.43909051616875,,
2022-05-05,MM,,,,1.9389399259294888,,3.636188735510557,,
2022-05-05,RELIANCE,,,,0.398419245556806,,7.675114114817502,,
2022-05-06,BHARTIARTL,,,,2.7612674503417978,,-20.972639221074417,,
2022-05-06,HDFCBANK,,,,,,,,
2022-05-06,HUL,,,,0.0,,16.778537567646936,,
2022-05-06,INFY,,,,0.06974368377624393,,25.43909051616875,,
2022-05-06,MM,,,,1.9389399259294888,,3.636188735510557,,
2022-05-06,RELIANCE,,,,0.398419245556806,,7.675114114817502,,
2022-05-09,BHARTIARTL,,,,2.7612674503417978,,-20.972639221074417,,
2022-05-09,HDFCBANK,,,,,,,,
2022-05-09,HUL,,,,0.0,,16.778537567646936,,
2022-05-09,INFY,,,,0.06974368377624393,,25.43909051616875,,
2022-05-09,MM,,,,1.9389399259294888,,3.636188735510557,,
2022-05-09,RELIANCE,,,,0.398419245556806,,7.675114114817502,,
2022-05-10,BHARTIARTL,,,,2.7612674503417978,,-20.972639221074417,,
2022-05-10,HDFCBANK,,,,,,,,
2022-05-10,HUL,,,,0.0,,16.778537567646936,,
2022-05-10,INFY,,,,0.06974368377624393,,25.43909051616875,,
2022-05-10,MM,,,,1.9389399259294888,,3.636188735510557,,
2022-05-10,RELIANCE,,,,0.398419245556806,,7.675114114817502,,
2022-05-11,BHARTIARTL,,,,2.7612674503417978,,-20.972639221074417,,
2022-05-11,HDFCBANK,,,,,,,,
2022-05-11,HUL,,,,0.0,,16.778537567646936,,
2022-05-11,INFY,,,,0.06974368377624393,,25.43909051616875,,
2022-05-11,MM,,,,1.9389399259294888,,3.636188735510557,,
2022-05-11,RELIANCE,,,,0.398419245556806,,7.675114114817502,,
2022-05-12,BHARTIARTL,,,,2.7612674503417978,,-20.972639221074417,,
2022-05-12,HDFCBANK,,,,,,,,
2022-05-12,HUL,,,,0.0,,16.778537567646936,,
2022-05-12,INFY,,,,0.06974368377624393,,25.43909051616875,,
2022-05-12,MM,,,,1.9389399259294888,,3.636188735510557,,
2022-05-12,RELIANCE,,,,0.398419245556806,,7.675114114817502,,
2022-05-13,BHARTIARTL,,,,2.7612674503417978,,-20.972639221074417,,
2022-05-13,HDFCBANK,,,,,,,,
2022-05-13,HUL,,,,0.0,,16.778537567646936,,
2022-05-13,INFY,,,,0.06974368377624393,,25.43909051616875,,
2022-05-13,MM,,,,1.9389399259294888,,3.636188735510557,,
2022-05-13,RELIANCE,,,,0.398419245556806,,7.675114114817502,,
2022-05-16,BHARTIARTL,,,,2.5494786188658836,,12.478588815097515,,
2022-05-16,HDFCBANK,,,,,,,,
2022-05-16,HUL,,,,0.02125924869040582,,18.12437577709382,,
2022-05-16,INFY,,,,0.07264764432647644,,29.39084273390843,,
2022-05-16,MM,,,,1.6468603442055896,,15.391634658234832,,
2022-05-16,RELIANCE,,,,0.40944726325715053,,8.703823678454365,,
2022-05-17,BHARTIARTL,,,,2.5494786188658836,,12.478588815097515,,
2022-05-17,HDFCBANK,,,,,,,,
2022-05-17,HUL,,,,0.02125924869040582,,18.12437577709382,,
2022-05-17,INFY,,,,0.07264764432647644,,29.39084273390843,,
2022-05-17,MM,,,,1.6468603442055896,,15.391634658234832,,
2022-05-17,RELIANCE,,,,0.40944726325715053,,8.703823678454365,,
2022-05-18,BHARTIARTL,,,,2.5494786188658836,,12.478588815097515,,
2022-05-18,HDFCBANK,,,,,,,,
2022-05-18,HUL,,,,0.02125924869040582,,18.12437577709382,,
2022-05-18,INFY,,,,0.07264764432647644,,29.39084273390843,,
2022-05-18,MM,,,,1.6468603442055896,,15.391634658234832,,
2022-05-18,RELIANCE,,,,0.40944726325715053,,8.703823678454365,,
2022-05-19,BHARTIARTL,,,,2.5494786188658836,,12.478588815097515,,
2022-05-19,HDFCBANK,,,,,,,,
2022-05-19,HUL,,,,0.02125924869040582,,18.12437577709382,,
2022-05-19,INFY,,,,0.07264764432647644,,29.39084273390843,,
2022-05-19,MM,,,,1.6468603442055896,,15.391634658234832,,
2022-05-19,RELIANCE,,,,0.40944726325715053,,8.703823678454365,,
2022-05-20,BHARTIARTL,,,,2.5494786188658836,,12.478588815097515,,
2022-05-20,HDFCBANK,,,,,,,,
2022-05-20,HUL,,,,0.02125924869040582,,18.12437577709382,,
2022-05-20,INFY,,,,0.07264764432647644,,29.39084273390843,,
2022-05-20,MM,,,,1.6468603442055896,,15.391634658234832,,
2022-05-20,RELIANCE,,,,0.40944726325715053,,8.703823678454365,,
2022-05-23,BHARTIARTL,,,,2.5494786188658836,,12.478588815097515,,
2022-05-23,HDFCBANK,,,,,,,,
2022-05-23,HUL,,,,0.02125924869040582,,18.12437577709382,,
2022-05-23,INFY,,,,0.07264764432647644,,29.39084273390843,,
2022-05-23,MM,,,,1.6468603442055896,,15.391634658234832,,
2022-05-23,RELIANCE,,,,0.40944726325715053,,8.703823678454365,,
2022-05-24,BHARTIARTL,,,,2.5494786188658836,,12.478588815097515,,
2022-05-24,HDFCBANK,,,,,,,,
2022-05-24,HUL,,,,0.02125924869040582,,18.12437577709382,,
2022-05-24,INFY,,,,0.07264764432647644,,29.39084273390843,,
2022-05-24,MM,,,,1.6468603442055896,,15.391634658234832,,
2022-05-24,RELIANCE,,,,0.40944726325715053,,8.703823678454365,,
2022-05-25,BHARTIARTL,,,,2.5494786188658836,,12.478588815097515,,
2022-05-25,HDFCBANK,,,,,,,,
2022-05-25,HUL,,,,0.02125924869040582,,18.12437577709382,,
2022-05-25,INFY,,,,0.07264764432647644,,29.39084273390843,,
2022-05-25,MM,,,,1.6468603442055896,,15.391634658234832,,
2022-05-25,RELIANCE,,,,0.40944726325715053,,8.703823678454365,,
2022-05-26,BHARTIARTL,,,,2.5494786188658836,,12.478588815097515,,
2022-05-26,HDFCBANK,,,,,,,,
2022-05-26,HUL,,,,0.02125924869040582,,18.12437577709382,,
2022-05-26,INFY,,,,0.07264764432647644,,29.39084273390843,,
2022-05-26,MM,,,,1.6468603442055896,,15.391634658234832,,
2022-05-26,RELIANCE,,,,0.40944726325715053,,8.703823678454365,,
2022-05-27,BHARTIARTL,,,,2.5494786188658836,,12.478588815097515,,
2022-05-27,HDFCBANK,,,,,,,,
2022-05-27,HUL,,,,0.02125924869040582,,18.12437577709382,,
2022-05-27,INFY,,,,0.07264764432647644,,29.39084273390843,,
2022-05-27,MM,,,,1.6468603442055896,,15.391634658234832,,
2022-05-27,RELIANCE,,,,0.40944726325715053,,8.703823678454365,,
2022-05-30,BHARTIARTL,,,,2.5494786188658836,,12.478588815097515,,
2022-05-30,HDFCBANK,,,,,,,,
2022-05-30,HUL,,,,0.02125924869040582,,18.12437577709382,,
2022-05-30,INFY,,,,0.07264764432647644,,29.39084273390843,,
2022-05-30,MM,,,,1.6468603442055896,,15.391634658234832,,
2022-05-30,RELIANCE,,,,0.40944726325715053,,8.703823678454365,,
2022-05-31,BHARTIARTL,,,,2.5494786188658836,,12.478588815097515,,
2022-05-31,HDFCBANK,,,,,,,,
2022-05-31,HUL,,,,0.02125924869040582,,18.12437577709382,,
2022-05-31,INFY,,,,0.07264764432647644,,29.39084273390843,,
2022-05-31,MM,,,,1.6468603442055896,,15.391634658234832,,
2022-05-31,RELIANCE,,,,0.40944726325715053,,8.703823678454365,,
2022-06-01,BHARTIARTL,,,,2.5494786188658836,,12.478588815097515,,
2022-06-01,HDFCBANK,,,,,,,,
2022-06-01,HUL,,,,0.02125924869040582,,18.12437577709382,,
2022-06-01,INFY,,,,0.07264764432647644,,29.39084273390843,,
2022-06-01,MM,,,,1.6468603442055896,,15.391634658234832,,
2022-06-01,RELIANCE,,,,0.40944726325715053,,8.703823678454365,,
2022-06-02,BHARTIARTL,,,,2.5494786188658836,,12.478588815097515,,
2022-06-02,HDFCBANK,,,,,,,,
2022-06-02,HUL,,,,0.02125924869040582,,18.12437577709382,,
2022-06-02,INFY,,,,0.07264764432647644,,29.39084273390843,,
2022-06-02,MM,,,,1.6468603442055896,,15.391634658234832,,
2022-06-02,RELIANCE,,,,0.40944726325715053,,8.703823678454365,,
2022-06-03,BHARTIARTL,,,,2.5494786188658836,,12.478588815097515,,
2022-06-03,HDFCBANK,,,,,,,,
2022-06-03,HUL,,,,0.02125924869040582,,18.12437577709382,,
2022-06-03,INFY,,,,0.07264764432647644,,29.39084273390843,,
2022-06-03,MM,,,,1.6468603442055896,,15.391634658234832,,
2022-06-03,RELIANCE,,,,0.40944726325715053,,8.703823678454365,,
2022-06-06,BHARTIARTL,,,,2.5494786188658836,,12.478588815097515,,
2022-06-06,HDFCBANK,,,,,,,,
2022-06-06,HUL,,,,0.02125924869040582,,18.12437577709382,,
2022-06-06,INFY,,,,0.07264764432647644,,29.39084273390843,,
2022-06-06,MM,,,,1.6468603442055896,,15.391634658234832,,
2022-06-06,RELIANCE,,,,0.40944726325715053,,8.703823678454365,,
2022-06-07,BHARTIARTL,,,,2.5494786188658836,,12.478588815097515,,
2022-06-07,HDFCBANK,,,,,,,,
2022-06-07,HUL,,,,0.02125924869040582,,18.12437577709382,,
2022-06-07,INFY,,,,0.07264764432647644,,29.39084273390843,,
2022-06-07,MM,,,,1.6468603442055896,,15.391634658234832,,
2022-06-07,RELIANCE,,,,0.40944726325715053,,8.703823678454365,,
2022-06-08,BHARTIARTL,,,,2.5494786188658836,,12.478588815097515,,
2022-06-08,HDFCBANK,,,,,,,,
2022-06-08,HUL,,,,0.02125924869040582,,18.12437577709382,,
2022-06-08,INFY,,,,0.07264764432647644,,29.39084273390843,,
2022-06-08,MM,,,,1.6468603442055896,,15.391634658234832,,
2022-06-08,RELIANCE,,,,0.40944726325715053,,8.703823678454365,,
2022-06-09,BHARTIARTL,,,,2.5494786188658836,,12.478588815097515,,
2022-06-09,HDFCBANK,,,,,,,,
2022-06-09,HUL,,,,0.02125924869040582,,18.12437577709382,,
2022-06-09,INFY,,,,0.07264764432647644,,29.39084273390843,,
2022-06-09,MM,,,,1.6468603442055896,,15.391634658234832,,
2022-06-09,RELIANCE,,,,0.40944726325715053,,8.703823678454365,,
2022-06-10,BHARTIARTL,,,,2.5494786188658836,,12.478588815097515,,
2022-06-10,HDFCBANK,,,,,,,,
2022-06-10,HUL,,,,0.02125924869040582,,18.12437577709382,,
2022-06-10,INFY,,,,0.07264764432647644,,29.39084273390843,,
2022-06-10,MM,,,,1.6468603442055896,,15.391634658234832,,
2022-06-10,RELIANCE,,,,0.40944726325715053,,8.703823678454365,,
2022-06-13,BHARTIARTL,,,,2.5494786188658836,,12.478588815097515,,
2022-06-13,HDFCBANK,,,,,,,,
2022-06-13,HUL,,,,0.02125924869040582,,18.12437577709382,,
2022-06-13,INFY,,,,0.07264764432647644,,29.39084273390843,,
2022-06-13,MM,,,,1.6468603442055896,,15.391634658234832,,
2022-06-13,RELIANCE,,,,0.40944726325715053,,8.703823678454365,,
2022-06-14,BHARTIARTL,,,,2.5494786188658836,,12.478588815097515,,
2022-06-14,HDFCBANK,,,,,,,,
2022-06-14,HUL,,,,0.02125924869040582,,18.12437577709382,,
2022-06-14,INFY,,,,0.07264764432647644,,29.39084273390843,,
2022-06-14,MM,,,,1.6468603442055896,,15.391634658234832,,
2022-06-14,RELIANCE,,,,0.40944726325715053,,8.703823678454365,,
2022-06-15,BHARTIARTL,,,,2.5494786188658836,,12.478588815097515,,
2022-06-15,HDFCBANK,,,,,,,,
2022-06-15,HUL,,,,0.02125924869040582,,18.12437577709382,,
2022-06-15,INFY,,,,0.07264764432647644,,29.39084273390843,,
2022-06-15,MM,,,,1.6468603442055896,,15.391634658234832,,
2022-06-15,RELIANCE,,,,0.40944726325715053,,8.703823678454365,,
2022-06-16,BHARTIARTL,,,,2.5494786188658836,,12.478588815097515,,
2022-06-16,HDFCBANK,,,,,,,,
2022-06-16,HUL,,,,0.02125924869040582,,18.12437577709382,,
2022-06-16,INFY,,,,0.07264764432647644,,29.39084273390843,,
2022-06-16,MM,,,,1.6468603442055896,,15.391634658234832,,
2022-06-16,RELIANCE,,,,0.40944726325715053,,8.703823678454365,,
2022-06-17,BHARTIARTL,,,,2.5494786188658836,,12.478588815097515,,
2022-06-17,HDFCBANK,,,,,,,,
2022-06-17,HUL,,,,0.02125924869040582,,18.12437577709382,,
2022-06-17,INFY,,,,0.07264764432647644,,29.39084273390843,,
2022-06-17,MM,,,,1.6468603442055896,,15.391634658234832,,
2022-06-17,RELIANCE,,,,0.40944726325715053,,8.703823678454365,,
2022-06-20,BHARTIARTL,,,,2.5494786188658836,,12.478588815097515,,
2022-06-20,HDFCBANK,,,,,,,,
2022-06-20,HUL,,,,0.02125924869040582,,18.12437577709382,,
2022-06-20,INFY,,,,0.07264764432647644,,29.39084273390843,,
2022-06-20,MM,,,,1.6468603442055896,,15.391634658234832,,
2022-06-20,RELIANCE,,,,0.40944726325715053,,8.703823678454365,,
2022-06-21,BHARTIARTL,,,,2.5494786188658836,,12.478588815097515,,
2022-06-21,HDFCBANK,,,,,,,,
2022-06-21,HUL,,,,0.02125924869040582,,18.12437577709382,,
2022-06-21,INFY,,,,0.07264764432647644,,29.39084273390843,,
2022-06-21,MM,,,,1.6468603442055896,,15.391634658234832,,
2022-06-21,RELIANCE,,,,0.40944726325715053,,8.703823678454365,,
2022-06-22,BHARTIARTL,,,,2.5494786188658836,,12.478588815097515,,
2022-06-22,HDFCBANK,,,,,,,,
2022-06-22,HUL,,,,0.02125924869040582,,18.12437577709382,,
2022-06-22,INFY,,,,0.07264764432647644,,29.39084273390843,,
2022-06-22,MM,,,,1.6468603442055896,,15.391634658234832,,
2022-06-22,RELIANCE,,,,0.40944726325715053,,8.703823678454365,,
2022-06-23,BHARTIARTL,,,,2.5494786188658836,,12.478588815097515,,
2022-06-23,HDFCBANK,,,,,,,,
2022-06-23,HUL,,,,0.02125924869040582,,18.12437577709382,,
2022-06-23,INFY,,,,0.07264764432647644,,29.39084273390843,,
2022-06-23,MM,,,,1.6468603442055896,,15.391634658234832,,
2022-06-23,RELIANCE,,,,0.40944726325715053,,8.703823678454365,,
2022-06-24,BHARTIARTL,,,,2.5494786188658836,,12.478588815097515,,
2022-06-24,HDFCBANK,,,,,,,,
2022-06-24,HUL,,,,0.02125924869040582,,18.12437577709382,,
2022-06-24,INFY,,,,0.07264764432647644,,29.39084273390843,,
2022-06-24,MM,,,,1.6468603442055896,,15.391634658234832,,
2022-06-24,RELIANCE,,,,0.40944726325715053,,8.703823678454365,,
2022-06-27,BHARTIARTL,,,,2.5494786188658836,,12.478588815097515,,
2022-06-27,HDFCBANK,,,,,,,,
2022-06-27,HUL,,,,0.02125924869040582,,18.12437577709382,,
2022-06-27,INFY,,,,0.07264764432647644,,29.39084273390843,,
2022-06-27,MM,,,,1.6468603442055896,,15.391634658234832,,
2022-06-27,RELIANCE,,,,0.40944726325715053,,8.703823678454365,,
2022-06-28,BHARTIARTL,,,,2.5494786188658836,,12.478588815097515,,
2022-06-28,HDFCBANK,,,,,,,,
2022-06-28,HUL,,,,0.02125924869040582,,18.12437577709382,,
2022-06-28,INFY,,,,0.07264764432647644,,29.39084273390843,,
2022-06-28,MM,,,,1.6468603442055896,,15.391634658234832,,
2022-06-28,RELIANCE,,,,0.40944726325715053,,8.703823678454365,,
2022-06-29,BHARTIARTL,,,,2.5494786188658836,,12.478588815097515,,
2022-06-29,HDFCBANK,,,,,,,,
2022-06-29,HUL,,,,0.02125924869040582,,18.12437577709382,,
2022-06-29,INFY,,,,0.07264764432647644,,29.39084273390843,,
2022-06-29,MM,,,,1.6468603442055896,,15.391634658234832,,
2022-06-29,RELIANCE,,,,0.40944726325715053,,8.703823678454365,,
2022-06-30,BHARTIARTL,,,,2.5494786188658836,,12.478588815097515,,
2022-06-30,HDFCBANK,,,,,,,,
2022-06-30,HUL,,,,0.02125924869040582,,18.12437577709382,,
2022-06-30,INFY,,,,0.07264764432647644,,29.39084273390843,,
2022-06-30,MM,,,,1.6468603442055896,,15.391634658234832,,
2022-06-30,RELIANCE,,,,0.40944726325715053,,8.703823678454365,,
2022-07-01,BHARTIARTL,,,,2.5494786188658836,,12.478588815097515,,
2022-07-01,HDFCBANK,,,,,,,,
2022-07-01,HUL,,,,0.02125924869040582,,18.12437577709382,,
2022-07-01,INFY,,,,0.07264764432647644,,29.39084273390843,,
2022-07-01,MM,,,,1.6468603442055896,,15.391634658234832,,
2022-07-01,RELIANCE,,,,0.40944726325715053,,8.703823678454365,,
2022-07-04,BHARTIARTL,,,,2.5494786188658836,,12.478588815097515,,
2022-07-04,HDFCBANK,,,,,,,,
2022-07-04,HUL,,,,0.02125924869040582,,18.12437577709382,,
2022-07-04,INFY,,,,0.07264764432647644,,29.39084273390843,,
2022-07-04,MM,,,,1.6468603442055896,,15.391634658234832,,
2022-07-04,RELIANCE,,,,0.40944726325715053,,8.703823678454365,,
2022-07-05,BHARTIARTL,,,,2.5494786188658836,,12.478588815097515,,
2022-07-05,HDFCBANK,,,,,,,,
2022-07-05,HUL,,,,0.02125924869040582,,18.12437577709382,,
2022-07-05,INFY,,,,0.07264764432647644,,29.39084273390843,,
2022-07-05,MM,,,,1.6468603442055896,,15.391634658234832,,
2022-07-05,RELIANCE,,,,0.40944726325715053,,8.703823678454365,,
2022-07-06,BHARTIARTL,,,,2.5494786188658836,,12.478588815097515,,
2022-07-06,HDFCBANK,,,,,,,,
2022-07-06,HUL,,,,0.02125924869040582,,18.12437577709382,,
2022-07-06,INFY,,,,0.07264764432647644,,29.39084273390843,,
2022-07-06,MM,,,,1.6468603442055896,,15.391634658234832,,
2022-07-06,RELIANCE,,,,0.40944726325715053,,8.703823678454365,,
2022-07-07,BHARTIARTL,,,,2.5494786188658836,,12.478588815097515,,
2022-07-07,HDFCBANK,,,,,,,,
2022-07-07,HUL,,,,0.02125924869040582,,18.12437577709382,,
2022-07-07,INFY,,,,0.07264764432647644,,29.39084273390843,,
2022-07-07,MM,,,,1.6468603442055896,,15.391634658234832,,
2022-07-07,RELIANCE,,,,0.40944726325715053,,8.703823678454365,,
2022-07-08,BHARTIARTL,,,,2.5494786188658836,,12.478588815097515,,
2022-07-08,HDFCBANK,,,,,,,,
2022-07-08,HUL,,,,0.02125924869040582,,18.12437577709382,,
2022-07-08,INFY,,,,0.07264764432647644,,29.39084273390843,,
2022-07-08,MM,,,,1.6468603442055896,,15.391634658234832,,
2022-07-08,RELIANCE,,,,0.40944726325715053,,8.703823678454365,,
2022-07-11,BHARTIARTL,,,,2.5494786188658836,,12.478588815097515,,
2022-07-11,HDFCBANK,,,,,,,,
2022-07-11,HUL,,,,0.02125924869040582,,18.12437577709382,,
2022-07-11,INFY,,,,0.07264764432647644,,29.39084273390843,,
2022-07-11,MM,,,,1.6468603442055896,,15.391634658234832,,
2022-07-11,RELIANCE,,,,0.40944726325715053,,8.703823678454365,,
2022-07-12,BHARTIARTL,,,,2.5494786188658836,,12.478588815097515,,
2022-07-12,HDFCBANK,,,,,,,,
2022-07-12,HUL,,,,0.02125924869040582,,18.12437577709382,,
2022-07-12,INFY,,,,0.07264764432647644,,29.39084273390843,,
2022-07-12,MM,,,,1.6468603442055896,,15.391634658234832,,
2022-07-12,RELIANCE,,,,0.40944726325715053,,8.703823678454365,,
2022-07-13,BHARTIARTL,,,,2.5494786188658836,,12.478588815097515,,
2022-07-13,HDFCBANK,,,,,,,,
2022-07-13,HUL,,,,0.02125924869040582,,18.12437577709382,,
2022-07-13,INFY,,,,0.07264764432647644,,29.39084273390843,,
2022-07-13,MM,,,,1.6468603442055896,,15.391634658234832,,
2022-07-13,RELIANCE,,,,0.40944726325715053,,8.703823678454365,,
2022-07-14,BHARTIARTL,,,,2.5494786188658836,,12.478588815097515,,
2022-07-14,HDFCBANK,,,,,,,,
2022-07-14,HUL,,,,0.02125924869040582,,18.12437577709382,,
2022-07-14,INFY,,,,0.07264764432647644,,29.39084273390843,,
2022-07-14,MM,,,,1.6468603442055896,,15.391634658234832,,
2022-07-14,RELIANCE,,,,0.40944726325715053,,8.703823678454365,,
2022-07-15,BHARTIARTL,,,,2.5494786188658836,,12.478588815097515,,
2022-07-15,HDFCBANK,,,,,,,,
2022-07-15,HUL,,,,0.02125924869040582,,18.12437577709382,,
2022-07-15,INFY,,,,0.07264764432647644,,29.39084273390843,,
2022-07-15,MM,,,,1.6468603442055896,,15.391634658234832,,
2022-07-15,RELIANCE,,,,0.40944726325715053,,8.703823678454365,,
2022-07-18,BHARTIARTL,,,,2.5494786188658836,,12.478588815097515,,
2022-07-18,HDFCBANK,,,,,,,,
2022-07-18,HUL,,,,0.02125924869040582,,18.12437577709382,,
2022-07-18,INFY,,,,0.07264764432647644,,29.39084273390843,,
2022-07-18,MM,,,,1.6468603442055896,,15.391634658234832,,
2022-07-18,RELIANCE,,,,0.40944726325715053,,8.703823678454365,,
2022-07-19,BHARTIARTL,,,,2.5494786188658836,,12.478588815097515,,
2022-07-19,HDFCBANK,,,,,,,,
2022-07-19,HUL,,,,0.02125924869040582,,18.12437577709382,,
2022-07-19,INFY,,,,0.07264764432647644,,29.39084273390843,,
2022-07-19,MM,,,,1.6468603442055896,,15.391634658234832,,
2022-07-19,RELIANCE,,,,0.40944726325715053,,8.703823678454365,,
2022-07-20,BHARTIARTL,,,,2.5494786188658836,,12.478588815097515,,
2022-07-20,HDFCBANK,,,,,,,,
2022-07-20,HUL,,,,0.02125924869040582,,18.12437577709382,,
2022-07-20,INFY,,,,0.07264764432647644,,29.39084273390843,,
2022-07-20,MM,,,,1.6468603442055896,,15.391634658234832,,
2022-07-20,RELIANCE,,,,0.40944726325715053,,8.703823678454365,,
2022-07-21,BHARTIARTL,,,,2.5494786188658836,,12.478588815097515,,
2022-07-21,HDFCBANK,,,,,,,,
2022-07-21,HUL,,,,0.02125924869040582,,18.12437577709382,,
2022-07-21,INFY,,,,0.07264764432647644,,29.39084273390843,,
2022-07-21,MM,,,,1.6468603442055896,,15.391634658234832,,
2022-07-21,RELIANCE,,,,0.40944726325715053,,8.703823678454365,,
2022-07-22,BHARTIARTL,,,,2.5494786188658836,,12.478588815097515,,
2022-07-22,HDFCBANK,,,,,,,,
2022-07-22,HUL,,,,0.02125924869040582,,18.12437577709382,,
2022-07-22,INFY,,,,0.07264764432647644,,29.39084273390843,,
2022-07-22,MM,,,,1.6468603442055896,,15.391634658234832,,
2022-07-22,RELIANCE,,,,0.40944726325715053,,8.703823678454365,,
2022-07-25,BHARTIARTL,,,,2.5494786188658836,,12.478588815097515,,
2022-07-25,HDFCBANK,,,,,,,,
2022-07-25,HUL,,,,0.02125924869040582,,18.12437577709382,,
2022-07-25,INFY,,,,0.07264764432647644,,29.39084273390843,,
2022-07-25,MM,,,,1.6468603442055896,,15.391634658234832,,
2022-07-25,RELIANCE,,,,0.40944726325715053,,8.703823678454365,,
2022-07-26,BHARTIARTL,,,,2.5494786188658836,,12.478588815097515,,
2022-07-26,HDFCBANK,,,,,,,,
2022-07-26,HUL,,,,0.02125924869040582,,18.12437577709382,,
2022-07-26,INFY,,,,0.07264764432647644,,29.39084273390843,,
2022-07-26,MM,,,,1.6468603442055896,,15.391634658234832,,
2022-07-26,RELIANCE,,,,0.40944726325715053,,8.703823678454365,,
2022-07-27,BHARTIARTL,,,,2.5494786188658836,,12.478588815097515,,
2022-07-27,HDFCBANK,,,,,,,,
2022-07-27,HUL,,,,0.02125924869040582,,18.12437577709382,,
2022-07-27,INFY,,,,0.07264764432647644,,29.39084273390843,,
2022-07-27,MM,,,,1.6468603442055896,,15.391634658234832,,
2022-07-27,RELIANCE,,,,0.40944726325715053,,8.703823678454365,,
2022-07-28,BHARTIARTL,,,,2.5494786188658836,,12.478588815097515,,
2022-07-28,HDFCBANK,,,,,,,,
2022-07-28,HUL,,,,0.02125924869040582,,18.12437577709382,,
2022-07-28,INFY,,,,0.07264764432647644,,29.39084273390843,,
2022-07-28,MM,,,,1.6468603442055896,,15.391634658234832,,
2022-07-28,RELIANCE,,,,0.40944726325715053,,8.703823678454365,,
2022-07-29,BHARTIARTL,,,,2.5494786188658836,,12.478588815097515,,
2022-07-29,HDFCBANK,,,,,,,,
2022-07-29,HUL,,,,0.02125924869040582,,18.12437577709382,,
2022-07-29,INFY,,,,0.07264764432647644,,29.39084273390843,,
2022-07-29,MM,,,,1.6468603442055896,,15.391634658234832,,
2022-07-29,RELIANCE,,,,0.40944726325715053,,8.703823678454365,,
2022-08-01,BHARTIARTL,,,,2.5494786188658836,,12.478588815097515,,
2022-08-01,HDFCBANK,,,,,,,,
2022-08-01,HUL,,,,0.02125924869040582,,18.12437577709382,,
2022-08-01,INFY,,,,0.07264764432647644,,29.39084273390843,,
2022-08-01,MM,,,,1.6468603442055896,,15.391634658234832,,
2022-08-01,RELIANCE,,,,0.40944726325715053,,8.703823678454365,,
2022-08-02,BHARTIARTL,,,,2.5494786188658836,,12.478588815097515,,
2022-08-02,HDFCBANK,,,,,,,,
2022-08-02,HUL,,,,0.02125924869040582,,18.12437577709382,,
2022-08-02,INFY,,,,0.07264764432647644,,29.39084273390843,,
2022-08-02,MM,,,,1.6468603442055896,,15.391634658234832,,
2022-08-02,RELIANCE,,,,0.40944726325715053,,8.703823678454365,,
2022-08-03,BHARTIARTL,,,,2.5494786188658836,,12.478588815097515,,
2022-08-03,HDFCBANK,,,,,,,,
2022-08-03,HUL,,,,0.02125924869040582,,18.12437577709382,,
2022-08-03,INFY,,,,0.07264764432647644,,29.39084273390843,,
2022-08-03,MM,,,,1.6468603442055896,,15.391634658234832,,
2022-08-03,RELIANCE,,,,0.40944726325715053,,8.703823678454365,,
2022-08-04,BHARTIARTL,,,,2.5494786188658836,,12.478588815097515,,
2022-08-04,HDFCBANK,,,,,,,,
2022-08-04,HUL,,,,0.02125924869040582,,18.12437577709382,,
2022-08-04,INFY,,,,0.07264764432647644,,29.39084273390843,,
2022-08-04,MM,,,,1.6468603442055896,,15.391634658234832,,
2022-08-04,RELIANCE,,,,0.40944726325715053,,8.703823678454365,,
2022-08-05,BHARTIARTL,,,,2.5494786188658836,,12.478588815097515,,
2022-08-05,HDFCBANK,,,,,,,,
2022-08-05,HUL,,,,0.02125924869040582,,18.12437577709382,,
2022-08-05,INFY,,,,0.07264764432647644,,29.39084273390843,,
2022-08-05,MM,,,,1.6468603442055896,,15.391634658234832,,
2022-08-05,RELIANCE,,,,0.40944726325715053,,8.703823678454365,,
2022-08-08,BHARTIARTL,,,,2.5494786188658836,,12.478588815097515,,
2022-08-08,HDFCBANK,,,,,,,,
2022-08-08,HUL,,,,0.02125924869040582,,18.12437577709382,,
2022-08-08,INFY,,,,0.07264764432647644,,29.39084273390843,,
2022-08-08,MM,,,,1.6468603442055896,,15.391634658234832,,
2022-08-08,RELIANCE,,,,0.40944726325715053,,8.703823678454365,,
2022-08-09,BHARTIARTL,,,,2.5494786188658836,,12.478588815097515,,
2022-08-09,HDFCBANK,,,,,,,,
2022-08-09,HUL,,,,0.02125924869040582,,18.12437577709382,,
2022-08-09,INFY,,,,0.07264764432647644,,29.39084273390843,,
2022-08-09,MM,,,,1.6468603442055896,,15.391634658234832,,
2022-08-09,RELIANCE,,,,0.40944726325715053,,8.703823678454365,,
2022-08-10,BHARTIARTL,,,,2.5494786188658836,,12.478588815097515,,
2022-08-10,HDFCBANK,,,,,,,,
2022-08-10,HUL,,,,0.02125924869040582,,18.12437577709382,,
2022-08-10,INFY,,,,0.07264764432647644,,29.39084273390843,,
2022-08-10,MM,,,,1.6468603442055896,,15.391634658234832,,
2022-08-10,RELIANCE,,,,0.40944726325715053,,8.703823678454365,,
2022-08-11,BHARTIARTL,,,,2.5494786188658836,,12.478588815097515,,
2022-08-11,HDFCBANK,,,,,,,,
2022-08-11,HUL,,,,0.02125924869040582,,18.12437577709382,,
2022-08-11,INFY,,,,0.07264764432647644,,29.39084273390843,,
2022-08-11,MM,,,,1.6468603442055896,,15.391634658234832,,
2022-08-11,RELIANCE,,,,0.40944726325715053,,8.703823678454365,,
2022-08-12,BHARTIARTL,,,,2.5494786188658836,,12.478588815097515,,
2022-08-12,HDFCBANK,,,,,,,,
2022-08-12,HUL,,,,0.02125924869040582,,18.12437577709382,,
2022-08-12,INFY,,,,0.07264764432647644,,29.39084273390843,,
2022-08-12,MM,,,,1.6468603442055896,,15.391634658234832,,
2022-08-12,RELIANCE,,,,0.40944726325715053,,8.703823678454365,,
2022-08-15,BHARTIARTL,,,,2.5494786188658836,,12.478588815097515,,
2022-08-15,HDFCBANK,,,,,,,,
2022-08-15,HUL,,,,0.02125924869040582,,18.12437577709382,,
2022-08-15,INFY,,,,0.07264764432647644,,29.39084273390843,,
2022-08-15,MM,,,,1.6468603442055896,,15.391634658234832,,
2022-08-15,RELIANCE,,,,0.40944726325715053,,8.703823678454365,,
2022-08-16,BHARTIARTL,,,,2.5494786188658836,,12.478588815097515,,
2022-08-16,HDFCBANK,,,,,,,,
2022-08-16,HUL,,,,0.02125924869040582,,18.12437577709382,,
2022-08-16,INFY,,,,0.07264764432647644,,29.39084273390843,,
2022-08-16,MM,,,,1.6468603442055896,,15.391634658234832,,
2022-08-16,RELIANCE,,,,0.40944726325715053,,8.703823678454365,,
2022-08-17,BHARTIARTL,,,,2.5494786188658836,,12.478588815097515,,
2022-08-17,HDFCBANK,,,,,,,,
2022-08-17,HUL,,,,0.02125924869040582,,18.12437577709382,,
2022-08-17,INFY,,,,0.07264764432647644,,29.39084273390843,,
2022-08-17,MM,,,,1.6468603442055896,,15.391634658234832,,
2022-08-17,RELIANCE,,,,0.40944726325715053,,8.703823678454365,,
2022-08-18,BHARTIARTL,,,,2.5494786188658836,,12.478588815097515,,
2022-08-18,HDFCBANK,,,,,,,,
2022-08-18,HUL,,,,0.02125924869040582,,18.12437577709382,,
2022-08-18,INFY,,,,0.07264764432647644,,29.39084273390843,,
2022-08-18,MM,,,,1.6468603442055896,,15.391634658234832,,
2022-08-18,RELIANCE,,,,0.40944726325715053,,8.703823678454365,,
2022-08-19,BHARTIARTL,,,,2.5494786188658836,,12.478588815097515,,
2022-08-19,HDFCBANK,,,,,,,,
2022-08-19,HUL,,,,0.02125924869040582,,18.12437577709382,,
2022-08-19,INFY,,,,0.07264764432647644,,29.39084273390843,,
2022-08-19,MM,,,,1.6468603442055896,,15.391634658234832,,
2022-08-19,RELIANCE,,,,0.40944726325715053,,8.703823678454365,,
2022-08-22,BHARTIARTL,,,,2.5494786188658836,,12.478588815097515,,
2022-08-22,HDFCBANK,,,,,,,,
2022-08-22,HUL,,,,0.02125924869040582,,18.12437577709382,,
2022-08-22,INFY,,,,0.07264764432647644,,29.39084273390843,,
2022-08-22,MM,,,,1.6468603442055896,,15.391634658234832,,
2022-08-22,RELIANCE,,,,0.40944726325715053,,8.703823678454365,,
2022-08-23,BHARTIARTL,,,,2.5494786188658836,,12.478588815097515,,
2022-08-23,HDFCBANK,,,,,,,,
2022-08-23,HUL,,,,0.02125924869040582,,18.12437577709382,,
2022-08-23,INFY,,,,0.07264764432647644,,29.39084273390843,,
2022-08-23,MM,,,,1.6468603442055896,,15.391634658234832,,
2022-08-23,RELIANCE,,,,0.40944726325715053,,8.703823678454365,,
2022-08-24,BHARTIARTL,,,,2.5494786188658836,,12.478588815097515,,
2022-08-24,HDFCBANK,,,,,,,,
2022-08-24,HUL,,,,0.02125924869040582,,18.12437577709382,,
2022-08-24,INFY,,,,0.07264764432647644,,29.39084273390843,,
2022-08-24,MM,,,,1.6468603442055896,,15.391634658234832,,
2022-08-24,RELIANCE,,,,0.40944726325715053,,8.703823678454365,,
2022-08-25,BHARTIARTL,,,,2.5494786188658836,,12.478588815097515,,
2022-08-25,HDFCBANK,,,,,,,,
2022-08-25,HUL,,,,0.02125924869040582,,18.12437577709382,,
2022-08-25,INFY,,,,0.07264764432647644,,29.39084273390843,,
2022-08-25,MM,,,,1.6468603442055896,,15.391634658234832,,
2022-08-25,RELIANCE,,,,0.40944726325715053,,8.703823678454365,,
2022-08-26,BHARTIARTL,,,,2.5494786188658836,,12.478588815097515,,
2022-08-26,HDFCBANK,,,,,,,,
2022-08-26,HUL,,,,0.02125924869040582,,18.12437577709382,,
2022-08-26,INFY,,,,0.07264764432647644,,29.39084273390843,,
2022-08-26,MM,,,,1.6468603442055896,,15.391634658234832,,
2022-08-26,RELIANCE,,,,0.40944726325715053,,8.703823678454365,,
2022-08-29,BHARTIARTL,,,,2.5494786188658836,,12.478588815097515,,
2022-08-29,HDFCBANK,,,,,,,,
2022-08-29,HUL,,,,0.02125924869040582,,18.12437577709382,,
2022-08-29,INFY,,,,0.07264764432647644,,29.39084273390843,,
2022-08-29,MM,,,,1.6468603442055896,,15.391634658234832,,
2022-08-29,RELIANCE,,,,0.40944726325715053,,8.703823678454365,,
2022-08-30,BHARTIARTL,,,,2.5494786188658836,,12.478588815097515,,
2022-08-30,HDFCBANK,,,,,,,,
2022-08-30,HUL,,,,0.02125924869040582,,18.12437577709382,,
2022-08-30,INFY,,,,0.07264764432647644,,29.39084273390843,,
2022-08-30,MM,,,,1.6468603442055896,,15.391634658234832,,
2022-08-30,RELIANCE,,,,0.40944726325715053,,8.703823678454365,,
2022-08-31,BHARTIARTL,,,,2.5494786188658836,,12.478588815097515,,
2022-08-31,HDFCBANK,,,,,,,,
2022-08-31,HUL,,,,0.02125924869040582,,18.12437577709382,,
2022-08-31,INFY,,,,0.07264764432647644,,29.39084273390843,,
2022-08-31,MM,,,,1.6468603442055896,,15.391634658234832,,
2022-08-31,RELIANCE,,,,0.40944726325715053,,8.703823678454365,,
2022-09-01,BHARTIARTL,,,,2.5494786188658836,,12.478588815097515,,
2022-09-01,HDFCBANK,,,,,,,,
2022-09-01,HUL,,,,0.02125924869040582,,18.12437577709382,,
2022-09-01,INFY,,,,0.07264764432647644,,29.39084273390843,,
2022-09-01,MM,,,,1.6468603442055896,,15.391634658234832,,
2022-09-01,RELIANCE,,,,0.40944726325715053,,8.703823678454365,,
2022-09-02,BHARTIARTL,,,,2.5494786188658836,,12.478588815097515,,
2022-09-02,HDFCBANK,,,,,,,,
2022-09-02,HUL,,,,0.02125924869040582,,18.12437577709382,,
2022-09-02,INFY,,,,0.07264764432647644,,29.39084273390843,,
2022-09-02,MM,,,,1.6468603442055896,,15.391634658234832,,
2022-09-02,RELIANCE,,,,0.40944726325715053,,8.703823678454365,,
2022-09-05,BHARTIARTL,,,,2.5494786188658836,,12.478588815097515,,
2022-09-05,HDFCBANK,,,,,,,,
2022-09-05,HUL,,,,0.02125924869040582,,18.12437577709382,,
2022-09-05,INFY,,,,0.07264764432647644,,29.39084273390843,,
2022-09-05,MM,,,,1.6468603442055896,,15.391634658234832,,
2022-09-05,RELIANCE,,,,0.40944726325715053,,8.703823678454365,,
2022-09-06,BHARTIARTL,,,,2.5494786188658836,,12.478588815097515,,
2022-09-06,HDFCBANK,,,,,,,,
2022-09-06,HUL,,,,0.02125924869040582,,18.12437577709382,,
2022-09-06,INFY,,,,0.07264764432647644,,29.39084273390843,,
2022-09-06,MM,,,,1.6468603442055896,,15.391634658234832,,
2022-09-06,RELIANCE,,,,0.40944726325715053,,8.703823678454365,,
2022-09-07,BHARTIARTL,,,,2.5494786188658836,,12.478588815097515,,
2022-09-07,HDFCBANK,,,,,,,,
2022-09-07,HUL,,,,0.02125924869040582,,18.12437577709382,,
2022-09-07,INFY,,,,0.07264764432647644,,29.39084273390843,,
2022-09-07,MM,,,,1.6468603442055896,,15.391634658234832,,
2022-09-07,RELIANCE,,,,0.40944726325715053,,8.703823678454365,,
2022-09-08,BHARTIARTL,,,,2.5494786188658836,,12.478588815097515,,
2022-09-08,HDFCBANK,,,,,,,,
2022-09-08,HUL,,,,0.02125924869040582,,18.12437577709382,,
2022-09-08,INFY,,,,0.07264764432647644,,29.39084273390843,,
2022-09-08,MM,,,,1.6468603442055896,,15.391634658234832,,
2022-09-08,RELIANCE,,,,0.40944726325715053,,8.703823678454365,,
2022-09-09,BHARTIARTL,,,,2.5494786188658836,,12.478588815097515,,
2022-09-09,HDFCBANK,,,,,,,,
2022-09-09,HUL,,,,0.02125924869040582,,18.12437577709382,,
2022-09-09,INFY,,,,0.07264764432647644,,29.39084273390843,,
2022-09-09,MM,,,,1.6468603442055896,,15.391634658234832,,
2022-09-09,RELIANCE,,,,0.40944726325715053,,8.703823678454365,,
2022-09-12,BHARTIARTL,,,,2.5494786188658836,,12.478588815097515,,
2022-09-12,HDFCBANK,,,,,,,,
2022-09-12,HUL,,,,0.02125924869040582,,18.12437577709382,,
2022-09-12,INFY,,,,0.07264764432647644,,29.39084273390843,,
2022-09-12,MM,,,,1.6468603442055896,,15.391634658234832,,
2022-09-12,RELIANCE,,,,0.40944726325715053,,8.703823678454365,,
2022-09-13,BHARTIARTL,,,,2.5494786188658836,,12.478588815097515,,
2022-09-13,HDFCBANK,,,,,,,,
2022-09-13,HUL,,,,0.02125924869040582,,18.12437577709382,,
2022-09-13,INFY,,,,0.07264764432647644,,29.39084273390843,,
2022-09-13,MM,,,,1.6468603442055896,,15.391634658234832,,
2022-09-13,RELIANCE,,,,0.40944726325715053,,8.703823678454365,,
2022-09-14,BHARTIARTL,,,,2.5494786188658836,,12.478588815097515,,
2022-09-14,HDFCBANK,,,,,,,,
2022-09-14,HUL,,,,0.02125924869040582,,18.12437577709382,,
2022-09-14,INFY,,,,0.07264764432647644,,29.39084273390843,,
2022-09-14,MM,,,,1.6468603442055896,,15.391634658234832,,
2022-09-14,RELIANCE,,,,0.40944726325715053,,8.703823678454365,,
2022-09-15,BHARTIARTL,,,,2.5494786188658836,,12.478588815097515,,
2022-09-15,HDFCBANK,,,,,,,,
2022-09-15,HUL,,,,0.02125924869040582,,18.12437577709382,,
2022-09-15,INFY,,,,0.07264764432647644,,29.39084273390843,,
2022-09-15,MM,,,,1.6468603442055896,,15.391634658234832,,
2022-09-15,RELIANCE,,,,0.40944726325715053,,8.703823678454365,,
2022-09-16,BHARTIARTL,,,,2.5494786188658836,,12.478588815097515,,
2022-09-16,HDFCBANK,,,,,,,,
2022-09-16,HUL,,,,0.02125924869040582,,18.12437577709382,,
2022-09-16,INFY,,,,0.07264764432647644,,29.39084273390843,,
2022-09-16,MM,,,,1.6468603442055896,,15.391634658234832,,
2022-09-16,RELIANCE,,,,0.40944726325715053,,8.703823678454365,,
2022-09-19,BHARTIARTL,,,,2.5494786188658836,,12.478588815097515,,
2022-09-19,HDFCBANK,,,,,,,,
2022-09-19,HUL,,,,0.02125924869040582,,18.12437577709382,,
2022-09-19,INFY,,,,0.07264764432647644,,29.39084273390843,,
2022-09-19,MM,,,,1.6468603442055896,,15.391634658234832,,
2022-09-19,RELIANCE,,,,0.40944726325715053,,8.703823678454365,,
2022-09-20,BHARTIARTL,,,,2.5494786188658836,,12.478588815097515,,
2022-09-20,HDFCBANK,,,,,,,,
2022-09-20,HUL,,,,0.02125924869040582,,18.12437577709382,,
2022-09-20,INFY,,,,0.07264764432647644,,29.39084273390843,,
2022-09-20,MM,,,,1.6468603442055896,,15.391634658234832,,
2022-09-20,RELIANCE,,,,0.40944726325715053,,8.703823678454365,,
2022-09-21,BHARTIARTL,,,,2.5494786188658836,,12.478588815097515,,
2022-09-21,HDFCBANK,,,,,,,,
2022-09-21,HUL,,,,0.02125924869040582,,18.12437577709382,,
2022-09-21,INFY,,,,0.07264764432647644,,29.39084273390843,,
2022-09-21,MM,,,,1.6468603442055896,,15.391634658234832,,
2022-09-21,RELIANCE,,,,0.40944726325715053,,8.703823678454365,,
2022-09-22,BHARTIARTL,,,,2.5494786188658836,,12.478588815097515,,
2022-09-22,HDFCBANK,,,,,,,,
2022-09-22,HUL,,,,0.02125924869040582,,18.12437577709382,,
2022-09-22,INFY,,,,0.07264764432647644,,29.39084273390843,,
2022-09-22,MM,,,,1.6468603442055896,,15.391634658234832,,
2022-09-22,RELIANCE,,,,0.40944726325715053,,8.703823678454365,,
2022-09-23,BHARTIARTL,,,,2.5494786188658836,,12.478588815097515,,
2022-09-23,HDFCBANK,,,,,,,,
2022-09-23,HUL,,,,0.02125924869040582,,18.12437577709382,,
2022-09-23,INFY,,,,0.07264764432647644,,29.39084273390843,,
2022-09-23,MM,,,,1.6468603442055896,,15.391634658234832,,
2022-09-23,RELIANCE,,,,0.40944726325715053,,8.703823678454365,,
2022-09-26,BHARTIARTL,,,,2.5494786188658836,,12.478588815097515,,
2022-09-26,HDFCBANK,,,,,,,,
2022-09-26,HUL,,,,0.02125924869040582,,18.12437577709382,,
2022-09-26,INFY,,,,0.07264764432647644,,29.39084273390843,,
2022-09-26,MM,,,,1.6468603442055896,,15.391634658234832,,
2022-09-26,RELIANCE,,,,0.40944726325715053,,8.703823678454365,,
2022-09-27,BHARTIARTL,,,,2.5494786188658836,,12.478588815097515,,
2022-09-27,HDFCBANK,,,,,,,,
2022-09-27,HUL,,,,0.02125924869040582,,18.12437577709382,,
2022-09-27,INFY,,,,0.07264764432647644,,29.39084273390843,,
2022-09-27,MM,,,,1.6468603442055896,,15.391634658234832,,
2022-09-27,RELIANCE,,,,0.40944726325715053,,8.703823678454365,,
2022-09-28,BHARTIARTL,,,,2.5494786188658836,,12.478588815097515,,
2022-09-28,HDFCBANK,,,,,,,,
2022-09-28,HUL,,,,0.02125924869040582,,18.12437577709382,,
2022-09-28,INFY,,,,0.07264764432647644,,29.39084273390843,,
2022-09-28,MM,,,,1.6468603442055896,,15.391634658234832,,
2022-09-28,RELIANCE,,,,0.40944726325715053,,8.703823678454365,,
2022-09-29,BHARTIARTL,,,,2.5494786188658836,,12.478588815097515,,
2022-09-29,HDFCBANK,,,,,,,,
2022-09-29,HUL,,,,0.02125924869040582,,18.12437577709382,,
2022-09-29,INFY,,,,0.07264764432647644,,29.39084273390843,,
2022-09-29,MM,,,,1.6468603442055896,,15.391634658234832,,
2022-09-29,RELIANCE,,,,0.40944726325715053,,8.703823678454365,,
2022-09-30,BHARTIARTL,,,,2.5494786188658836,,12.478588815097515,,
2022-09-30,HDFCBANK,,,,,,,,
2022-09-30,HUL,,,,0.02125924869040582,,18.12437577709382,,
2022-09-30,INFY,,,,0.07264764432647644,,29.39084273390843,,
2022-09-30,MM,,,,1.6468603442055896,,15.391634658234832,,
2022-09-30,RELIANCE,,,,0.40944726325715053,,8.703823678454365,,
2022-10-03,BHARTIARTL,,,,2.5494786188658836,,12.478588815097515,,
2022-10-03,HDFCBANK,,,,,,,,
2022-10-03,HUL,,,,0.02125924869040582,,18.12437577709382,,
2022-10-03,INFY,,,,0.07264764432647644,,29.39084273390843,,
2022-10-03,MM,,,,1.6468603442055896,,15.391634658234832,,
2022-10-03,RELIANCE,,,,0.40944726325715053,,8.703823678454365,,
2022-10-04,BHARTIARTL,,,,2.5494786188658836,,12.478588815097515,,
2022-10-04,HDFCBANK,,,,,,,,
2022-10-04,HUL,,,,0.02125924869040582,,18.12437577709382,,
2022-10-04,INFY,,,,0.07264764432647644,,29.39084273390843,,
2022-10-04,MM,,,,1.6468603442055896,,15.391634658234832,,
2022-10-04,RELIANCE,,,,0.40944726325715053,,8.703823678454365,,
2022-10-05,BHARTIARTL,,,,2.5494786188658836,,12.478588815097515,,
2022-10-05,HDFCBANK,,,,,,,,
2022-10-05,HUL,,,,0.02125924869040582,,18.12437577709382,,
2022-10-05,INFY,,,,0.07264764432647644,,29.39084273390843,,
2022-10-05,MM,,,,1.6468603442055896,,15.391634658234832,,
2022-10-05,RELIANCE,,,,0.40944726325715053,,8.703823678454365,,
2022-10-06,BHARTIARTL,,,,2.5494786188658836,,12.478588815097515,,
2022-10-06,HDFCBANK,,,,,,,,
2022-10-06,HUL,,,,0.02125924869040582,,18.12437577709382,,
2022-10-06,INFY,,,,0.07264764432647644,,29.39084273390843,,
2022-10-06,MM,,,,1.6468603442055896,,15.391634658234832,,
2022-10-06,RELIANCE,,,,0.40944726325715053,,8.703823678454365,,
2022-10-07,BHARTIARTL,,,,2.5494786188658836,,12.478588815097515,,
2022-10-07,HDFCBANK,,,,,,,,
2022-10-07,HUL,,,,0.02125924869040582,,18.12437577709382,,
2022-10-07,INFY,,,,0.07264764432647644,,29.39084273390843,,
2022-10-07,MM,,,,1.6468603442055896,,15.391634658234832,,
2022-10-07,RELIANCE,,,,0.40944726325715053,,8.703823678454365,,
2022-10-10,BHARTIARTL,,,,2.5494786188658836,,12.478588815097515,,
2022-10-10,HDFCBANK,,,,,,,,
2022-10-10,HUL,,,,0.02125924869040582,,18.12437577709382,,
2022-10-10,INFY,,,,0.07264764432647644,,29.39084273390843,,
2022-10-10,MM,,,,1.6468603442055896,,15.391634658234832,,
2022-10-10,RELIANCE,,,,0.40944726325715053,,8.703823678454365,,
2022-10-11,BHARTIARTL,,,,2.5494786188658836,,12.478588815097515,,
2022-10-11,HDFCBANK,,,,,,,,
2022-10-11,HUL,,,,0.02125924869040582,,18.12437577709382,,
2022-10-11,INFY,,,,0.07264764432647644,,29.39084273390843,,
2022-10-11,MM,,,,1.6468603442055896,,15.391634658234832,,
2022-10-11,RELIANCE,,,,0.40944726325715053,,8.703823678454365,,
2022-10-12,BHARTIARTL,,,,2.5494786188658836,,12.478588815097515,,
2022-10-12,HDFCBANK,,,,,,,,
2022-10-12,HUL,,,,0.02125924869040582,,18.12437577709382,,
2022-10-12,INFY,,,,0.07264764432647644,,29.39084273390843,,
2022-10-12,MM,,,,1.6468603442055896,,15.391634658234832,,
2022-10-12,RELIANCE,,,,0.40944726325715053,,8.703823678454365,,
2022-10-13,BHARTIARTL,,,,2.5494786188658836,,12.478588815097515,,
2022-10-13,HDFCBANK,,,,,,,,
2022-10-13,HUL,,,,0.02125924869040582,,18.12437577709382,,
2022-10-13,INFY,,,,0.07264764432647644,,29.39084273390843,,
2022-10-13,MM,,,,1.6468603442055896,,15.391634658234832,,
2022-10-13,RELIANCE,,,,0.40944726325715053,,8.703823678454365,,
2022-10-14,BHARTIARTL,,,,2.5494786188658836,,12.478588815097515,,
2022-10-14,HDFCBANK,,,,,,,,
2022-10-14,HUL,,,,0.02125924869040582,,18.12437577709382,,
2022-10-14,INFY,,,,0.07264764432647644,,29.39084273390843,,
2022-10-14,MM,,,,1.6468603442055896,,15.391634658234832,,
2022-10-14,RELIANCE,,,,0.40944726325715053,,8.703823678454365,,
2022-10-17,BHARTIARTL,,,,2.5494786188658836,,12.478588815097515,,
2022-10-17,HDFCBANK,,,,,,,,
2022-10-17,HUL,,,,0.02125924869040582,,18.12437577709382,,
2022-10-17,INFY,,,,0.07264764432647644,,29.39084273390843,,
2022-10-17,MM,,,,1.6468603442055896,,15.391634658234832,,
2022-10-17,RELIANCE,,,,0.40944726325715053,,8.703823678454365,,
2022-10-18,BHARTIARTL,,,,2.5494786188658836,,12.478588815097515,,
2022-10-18,HDFCBANK,,,,,,,,
2022-10-18,HUL,,,,0.02125924869040582,,18.12437577709382,,
2022-10-18,INFY,,,,0.07264764432647644,,29.39084273390843,,
2022-10-18,MM,,,,1.6468603442055896,,15.391634658234832,,
2022-10-18,RELIANCE,,,,0.40944726325715053,,8.703823678454365,,
2022-10-19,BHARTIARTL,,,,2.5494786188658836,,12.478588815097515,,
2022-10-19,HDFCBANK,,,,,,,,
2022-10-19,HUL,,,,0.02125924869040582,,18.12437577709382,,
2022-10-19,INFY,,,,0.07264764432647644,,29.39084273390843,,
2022-10-19,MM,,,,1.6468603442055896,,15.391634658234832,,
2022-10-19,RELIANCE,,,,0.40944726325715053,,8.703823678454365,,
2022-10-20,BHARTIARTL,,,,2.5494786188658836,,12.478588815097515,,
2022-10-20,HDFCBANK,,,,,,,,
2022-10-20,HUL,,,,0.02125924869040582,,18.12437577709382,,
2022-10-20,INFY,,,,0.07264764432647644,,29.39084273390843,,
2022-10-20,MM,,,,1.6468603442055896,,15.391634658234832,,
2022-10-20,RELIANCE,,,,0.40944726325715053,,8.703823678454365,,
2022-10-21,BHARTIARTL,,,,2.5494786188658836,,12.478588815097515,,
2022-10-21,HDFCBANK,,,,,,,,
2022-10-21,HUL,,,,0.02125924869040582,,18.12437577709382,,
2022-10-21,INFY,,,,0.07264764432647644,,29.39084273390843,,
2022-10-21,MM,,,,1.6468603442055896,,15.391634658234832,,
2022-10-21,RELIANCE,,,,0.40944726325715053,,8.703823678454365,,
2022-10-24,BHARTIARTL,,,,2.5494786188658836,,12.478588815097515,,
2022-10-24,HDFCBANK,,,,,,,,
2022-10-24,HUL,,,,0.02125924869040582,,18.12437577709382,,
2022-10-24,INFY,,,,0.07264764432647644,,29.39084273390843,,
2022-10-24,MM,,,,1.6468603442055896,,15.391634658234832,,
2022-10-24,RELIANCE,,,,0.40944726325715053,,8.703823678454365,,
2022-10-25,BHARTIARTL,,,,2.5494786188658836,,12.478588815097515,,
2022-10-25,HDFCBANK,,,,,,,,
2022-10-25,HUL,,,,0.02125924869040582,,18.12437577709382,,
2022-10-25,INFY,,,,0.07264764432647644,,29.39084273390843,,
2022-10-25,MM,,,,1.6468603442055896,,15.391634658234832,,
2022-10-25,RELIANCE,,,,0.40944726325715053,,8.703823678454365,,
2022-10-26,BHARTIARTL,,,,2.5494786188658836,,12.478588815097515,,
2022-10-26,HDFCBANK,,,,,,,,
2022-10-26,HUL,,,,0.02125924869040582,,18.12437577709382,,
2022-10-26,INFY,,,,0.07264764432647644,,29.39084273390843,,
2022-10-26,MM,,,,1.6468603442055896,,15.391634658234832,,
2022-10-26,RELIANCE,,,,0.40944726325715053,,8.703823678454365,,
2022-10-27,BHARTIARTL,,,,2.5494786188658836,,12.478588815097515,,
2022-10-27,HDFCBANK,,,,,,,,
2022-10-27,HUL,,,,0.02125924869040582,,18.12437577709382,,
2022-10-27,INFY,,,,0.07264764432647644,,29.39084273390843,,
2022-10-27,MM,,,,1.6468603442055896,,15.391634658234832,,
2022-10-27,RELIANCE,,,,0.40944726325715053,,8.703823678454365,,
2022-10-28,BHARTIARTL,,,,2.5494786188658836,,12.478588815097515,,
2022-10-28,HDFCBANK,,,,,,,,
2022-10-28,HUL,,,,0.02125924869040582,,18.12437577709382,,
2022-10-28,INFY,,,,0.07264764432647644,,29.39084273390843,,
2022-10-28,MM,,,,1.6468603442055896,,15.391634658234832,,
2022-10-28,RELIANCE,,,,0.40944726325715053,,8.703823678454365,,
2022-10-31,BHARTIARTL,,,,2.5494786188658836,,12.478588815097515,,
2022-10-31,HDFCBANK,,,,,,,,
2022-10-31,HUL,,,,0.02125924869040582,,18.12437577709382,,
2022-10-31,INFY,,,,0.07264764432647644,,29.39084273390843,,
2022-10-31,MM,,,,1.6468603442055896,,15.391634658234832,,
2022-10-31,RELIANCE,,,,0.40944726325715053,,8.703823678454365,,
2022-11-01,BHARTIARTL,,,,2.5494786188658836,,12.478588815097515,,
2022-11-01,HDFCBANK,,,,,,,,
2022-11-01,HUL,,,,0.02125924869040582,,18.12437577709382,,
2022-11-01,INFY,,,,0.07264764432647644,,29.39084273390843,,
2022-11-01,MM,,,,1.6468603442055896,,15.391634658234832,,
2022-11-01,RELIANCE,,,,0.40944726325715053,,8.703823678454365,,
2022-11-02,BHARTIARTL,,,,2.5494786188658836,,12.478588815097515,,
2022-11-02,HDFCBANK,,,,,,,,
2022-11-02,HUL,,,,0.02125924869040582,,18.12437577709382,,
2022-11-02,INFY,,,,0.07264764432647644,,29.39084273390843,,
2022-11-02,MM,,,,1.6468603442055896,,15.391634658234832,,
2022-11-02,RELIANCE,,,,0.40944726325715053,,8.703823678454365,,
2022-11-03,BHARTIARTL,,,,2.5494786188658836,,12.478588815097515,,
2022-11-03,HDFCBANK,,,,,,,,
2022-11-03,HUL,,,,0.02125924869040582,,18.12437577709382,,
2022-11-03,INFY,,,,0.07264764432647644,,29.39084273390843,,
2022-11-03,MM,,,,1.6468603442055896,,15.391634658234832,,
2022-11-03,RELIANCE,,,,0.40944726325715053,,8.703823678454365,,
2022-11-04,BHARTIARTL,,,,2.5494786188658836,,12.478588815097515,,
2022-11-04,HDFCBANK,,,,,,,,
2022-11-04,HUL,,,,0.02125924869040582,,18.12437577709382,,
2022-11-04,INFY,,,,0.07264764432647644,,29.39084273390843,,
2022-11-04,MM,,,,1.6468603442055896,,15.391634658234832,,
2022-11-04,RELIANCE,,,,0.40944726325715053,,8.703823678454365,,
2022-11-07,BHARTIARTL,,,,2.5494786188658836,,12.478588815097515,,
2022-11-07,HDFCBANK,,,,,,,,
2022-11-07,HUL,,,,0.02125924869040582,,18.12437577709382,,
2022-11-07,INFY,,,,0.07264764432647644,,29.39084273390843,,
2022-11-07,MM,,,,1.6468603442055896,,15.391634658234832,,
2022-11-07,RELIANCE,,,,0.40944726325715053,,8.703823678454365,,
2022-11-08,BHARTIARTL,,,,2.5494786188658836,,12.478588815097515,,
2022-11-08,HDFCBANK,,,,,,,,
2022-11-08,HUL,,,,0.02125924869040582,,18.12437577709382,,
2022-11-08,INFY,,,,0.07264764432647644,,29.39084273390843,,
2022-11-08,MM,,,,1.6468603442055896,,15.391634658234832,,
2022-11-08,RELIANCE,,,,0.40944726325715053,,8.703823678454365,,
2022-11-09,BHARTIARTL,,,,2.5494786188658836,,12.478588815097515,,
2022-11-09,HDFCBANK,,,,,,,,
2022-11-09,HUL,,,,0.02125924869040582,,18.12437577709382,,
2022-11-09,INFY,,,,0.07264764432647644,,29.39084273390843,,
2022-11-09,MM,,,,1.6468603442055896,,15.391634658234832,,
2022-11-09,RELIANCE,,,,0.40944726325715053,,8.703823678454365,,
2022-11-10,BHARTIARTL,,,,2.5494786188658836,,12.478588815097515,,
2022-11-10,HDFCBANK,,,,,,,,
2022-11-10,HUL,,,,0.02125924869040582,,18.12437577709382,,
2022-11-10,INFY,,,,0.07264764432647644,,29.39084273390843,,
2022-11-10,MM,,,,1.6468603442055896,,15.391634658234832,,
2022-11-10,RELIANCE,,,,0.40944726325715053,,8.703823678454365,,
2022-11-11,BHARTIARTL,,,,2.5494786188658836,,12.478588815097515,,
2022-11-11,HDFCBANK,,,,,,,,
2022-11-11,HUL,,,,0.02125924869040582,,18.12437577709382,,
2022-11-11,INFY,,,,0.07264764432647644,,29.39084273390843,,
2022-11-11,MM,,,,1.6468603442055896,,15.391634658234832,,
2022-11-11,RELIANCE,,,,0.40944726325715053,,8.703823678454365,,
2022-11-14,BHARTIARTL,,,,2.5494786188658836,,12.478588815097515,,
2022-11-14,HDFCBANK,,,,,,,,
2022-11-14,HUL,,,,0.02125924869040582,,18.12437577709382,,
2022-11-14,INFY,,,,0.07264764432647644,,29.39084273390843,,
2022-11-14,MM,,,,1.6468603442055896,,15.391634658234832,,
2022-11-14,RELIANCE,,,,0.40944726325715053,,8.703823678454365,,
2022-11-15,BHARTIARTL,,,,2.5494786188658836,,12.478588815097515,,
2022-11-15,HDFCBANK,,,,,,,,
2022-11-15,HUL,,,,0.02125924869040582,,18.12437577709382,,
2022-11-15,INFY,,,,0.07264764432647644,,29.39084273390843,,
2022-11-15,MM,,,,1.6468603442055896,,15.391634658234832,,
2022-11-15,RELIANCE,,,,0.40944726325715053,,8.703823678454365,,
2022-11-16,BHARTIARTL,,,,2.5494786188658836,,12.478588815097515,,
2022-11-16,HDFCBANK,,,,,,,,
2022-11-16,HUL,,,,0.02125924869040582,,18.12437577709382,,
2022-11-16,INFY,,,,0.07264764432647644,,29.39084273390843,,
2022-11-16,MM,,,,1.6468603442055896,,15.391634658234832,,
2022-11-16,RELIANCE,,,,0.40944726325715053,,8.703823678454365,,
2022-11-17,BHARTIARTL,,,,2.5494786188658836,,12.478588815097515,,
2022-11-17,HDFCBANK,,,,,,,,
2022-11-17,HUL,,,,0.02125924869040582,,18.12437577709382,,
2022-11-17,INFY,,,,0.07264764432647644,,29.39084273390843,,
2022-11-17,MM,,,,1.6468603442055896,,15.391634658234832,,
2022-11-17,RELIANCE,,,,0.40944726325715053,,8.703823678454365,,
2022-11-18,BHARTIARTL,,,,2.5494786188658836,,12.478588815097515,,
2022-11-18,HDFCBANK,,,,,,,,
2022-11-18,HUL,,,,0.02125924869040582,,18.12437577709382,,
2022-11-18,INFY,,,,0.07264764432647644,,29.39084273390843,,
2022-11-18,MM,,,,1.6468603442055896,,15.391634658234832,,
2022-11-18,RELIANCE,,,,0.40944726325715053,,8.703823678454365,,
2022-11-21,BHARTIARTL,,,,2.5494786188658836,,12.478588815097515,,
2022-11-21,HDFCBANK,,,,,,,,
2022-11-21,HUL,,,,0.02125924869040582,,18.12437577709382,,
2022-11-21,INFY,,,,0.07264764432647644,,29.39084273390843,,
2022-11-21,MM,,,,1.6468603442055896,,15.391634658234832,,
2022-11-21,RELIANCE,,,,0.40944726325715053,,8.703823678454365,,
2022-11-22,BHARTIARTL,,,,2.5494786188658836,,12.478588815097515,,
2022-11-22,HDFCBANK,,,,,,,,
2022-11-22,HUL,,,,0.02125924869040582,,18.12437577709382,,
2022-11-22,INFY,,,,0.07264764432647644,,29.39084273390843,,
2022-11-22,MM,,,,1.6468603442055896,,15.391634658234832,,
2022-11-22,RELIANCE,,,,0.40944726325715053,,8.703823678454365,,
2022-11-23,BHARTIARTL,,,,2.5494786188658836,,12.478588815097515,,
2022-11-23,HDFCBANK,,,,,,,,
2022-11-23,HUL,,,,0.02125924869040582,,18.12437577709382,,
2022-11-23,INFY,,,,0.07264764432647644,,29.39084273390843,,
2022-11-23,MM,,,,1.6468603442055896,,15.391634658234832,,
2022-11-23,RELIANCE,,,,0.40944726325715053,,8.703823678454365,,
2022-11-24,BHARTIARTL,,,,2.5494786188658836,,12.478588815097515,,
2022-11-24,HDFCBANK,,,,,,,,
2022-11-24,HUL,,,,0.02125924869040582,,18.12437577709382,,
2022-11-24,INFY,,,,0.07264764432647644,,29.39084273390843,,
2022-11-24,MM,,,,1.6468603442055896,,15.391634658234832,,
2022-11-24,RELIANCE,,,,0.40944726325715053,,8.703823678454365,,
2022-11-25,BHARTIARTL,,,,2.5494786188658836,,12.478588815097515,,
2022-11-25,HDFCBANK,,,,,,,,
2022-11-25,HUL,,,,0.02125924869040582,,18.12437577709382,,
2022-11-25,INFY,,,,0.07264764432647644,,29.39084273390843,,
2022-11-25,MM,,,,1.6468603442055896,,15.391634658234832,,
2022-11-25,RELIANCE,,,,0.40944726325715053,,8.703823678454365,,
2022-11-28,BHARTIARTL,,,,2.5494786188658836,,12.478588815097515,,
2022-11-28,HDFCBANK,,,,,,,,
2022-11-28,HUL,,,,0.02125924869040582,,18.12437577709382,,
2022-11-28,INFY,,,,0.07264764432647644,,29.39084273390843,,
2022-11-28,MM,,,,1.6468603442055896,,15.391634658234832,,
2022-11-28,RELIANCE,,,,0.40944726325715053,,8.703823678454365,,
2022-11-29,BHARTIARTL,,,,2.5494786188658836,,12.478588815097515,,
2022-11-29,HDFCBANK,,,,,,,,
2022-11-29,HUL,,,,0.02125924869040582,,18.12437577709382,,
2022-11-29,INFY,,,,0.07264764432647644,,29.39084273390843,,
2022-11-29,MM,,,,1.6468603442055896,,15.391634658234832,,
2022-11-29,RELIANCE,,,,0.40944726325715053,,8.703823678454365,,
2022-11-30,BHARTIARTL,,,,2.5494786188658836,,12.478588815097515,,
2022-11-30,HDFCBANK,,,,,,,,
2022-11-30,HUL,,,,0.02125924869040582,,18.12437577709382,,
2022-11-30,INFY,,,,0.07264764432647644,,29.39084273390843,,
2022-11-30,MM,,,,1.6468603442055896,,15.391634658234832,,
2022-11-30,RELIANCE,,,,0.40944726325715053,,8.703823678454365,,
2022-12-01,BHARTIARTL,,,,2.5494786188658836,,12.478588815097515,,
2022-12-01,HDFCBANK,,,,,,,,
2022-12-01,HUL,,,,0.02125924869040582,,18.12437577709382,,
2022-12-01,INFY,,,,0.07264764432647644,,29.39084273390843,,
2022-12-01,MM,,,,1.6468603442055896,,15.391634658234832,,
2022-12-01,RELIANCE,,,,0.40944726325715053,,8.703823678454365,,
2022-12-02,BHARTIARTL,,,,2.5494786188658836,,12.478588815097515,,
2022-12-02,HDFCBANK,,,,,,,,
2022-12-02,HUL,,,,0.02125924869040582,,18.12437577709382,,
2022-12-02,INFY,,,,0.07264764432647644,,29.39084273390843,,
2022-12-02,MM,,,,1.6468603442055896,,15.391634658234832,,
2022-12-02,RELIANCE,,,,0.40944726325715053,,8.703823678454365,,
2022-12-05,BHARTIARTL,,,,2.5494786188658836,,12.478588815097515,,
2022-12-05,HDFCBANK,,,,,,,,
2022-12-05,HUL,,,,0.02125924869040582,,18.12437577709382,,
2022-12-05,INFY,,,,0.07264764432647644,,29.39084273390843,,
2022-12-05,MM,,,,1.6468603442055896,,15.391634658234832,,
2022-12-05,RELIANCE,,,,0.40944726325715053,,8.703823678454365,,
2022-12-06,BHARTIARTL,,,,2.5494786188658836,,12.478588815097515,,
2022-12-06,HDFCBANK,,,,,,,,
2022-12-06,HUL,,,,0.02125924869040582,,18.12437577709382,,
2022-12-06,INFY,,,,0.07264764432647644,,29.39084273390843,,
2022-12-06,MM,,,,1.6468603442055896,,15.391634658234832,,
2022-12-06,RELIANCE,,,,0.40944726325715053,,8.703823678454365,,
2022-12-07,BHARTIARTL,,,,2.5494786188658836,,12.478588815097515,,
2022-12-07,HDFCBANK,,,,,,,,
2022-12-07,HUL,,,,0.02125924869040582,,18.12437577709382,,
2022-12-07,INFY,,,,0.07264764432647644,,29.39084273390843,,
2022-12-07,MM,,,,1.6468603442055896,,15.391634658234832,,
2022-12-07,RELIANCE,,,,0.40944726325715053,,8.703823678454365,,
2022-12-08,BHARTIARTL,,,,2.5494786188658836,,12.478588815097515,,
2022-12-08,HDFCBANK,,,,,,,,
2022-12-08,HUL,,,,0.02125924869040582,,18.12437577709382,,
2022-12-08,INFY,,,,0.07264764432647644,,29.39084273390843,,
2022-12-08,MM,,,,1.6468603442055896,,15.391634658234832,,
2022-12-08,RELIANCE,,,,0.40944726325715053,,8.703823678454365,,
2022-12-09,BHARTIARTL,,,,2.5494786188658836,,12.478588815097515,,
2022-12-09,HDFCBANK,,,,,,,,
2022-12-09,HUL,,,,0.02125924869040582,,18.12437577709382,,
2022-12-09,INFY,,,,0.07264764432647644,,29.39084273390843,,
2022-12-09,MM,,,,1.6468603442055896,,15.391634658234832,,
2022-12-09,RELIANCE,,,,0.40944726325715053,,8.703823678454365,,
2022-12-12,BHARTIARTL,,,,2.5494786188658836,,12.478588815097515,,
2022-12-12,HDFCBANK,,,,,,,,
2022-12-12,HUL,,,,0.02125924869040582,,18.12437577709382,,
2022-12-12,INFY,,,,0.07264764432647644,,29.39084273390843,,
2022-12-12,MM,,,,1.6468603442055896,,15.391634658234832,,
2022-12-12,RELIANCE,,,,0.40944726325715053,,8.703823678454365,,
2022-12-13,BHARTIARTL,,,,2.5494786188658836,,12.478588815097515,,
2022-12-13,HDFCBANK,,,,,,,,
2022-12-13,HUL,,,,0.02125924869040582,,18.12437577709382,,
2022-12-13,INFY,,,,0.07264764432647644,,29.39084273390843,,
2022-12-13,MM,,,,1.6468603442055896,,15.391634658234832,,
2022-12-13,RELIANCE,,,,0.40944726325715053,,8.703823678454365,,
2022-12-14,BHARTIARTL,,,,2.5494786188658836,,12.478588815097515,,
2022-12-14,HDFCBANK,,,,,,,,
2022-12-14,HUL,,,,0.02125924869040582,,18.12437577709382,,
2022-12-14,INFY,,,,0.07264764432647644,,29.39084273390843,,
2022-12-14,MM,,,,1.6468603442055896,,15.391634658234832,,
2022-12-14,RELIANCE,,,,0.40944726325715053,,8.703823678454365,,
2022-12-15,BHARTIARTL,,,,2.5494786188658836,,12.478588815097515,,
2022-12-15,HDFCBANK,,,,,,,,
2022-12-15,HUL,,,,0.02125924869040582,,18.12437577709382,,
2022-12-15,INFY,,,,0.07264764432647644,,29.39084273390843,,
2022-12-15,MM,,,,1.6468603442055896,,15.391634658234832,,
2022-12-15,RELIANCE,,,,0.40944726325715053,,8.703823678454365,,
2022-12-16,BHARTIARTL,,,,2.5494786188658836,,12.478588815097515,,
2022-12-16,HDFCBANK,,,,,,,,
2022-12-16,HUL,,,,0.02125924869040582,,18.12437577709382,,
2022-12-16,INFY,,,,0.07264764432647644,,29.39084273390843,,
2022-12-16,MM,,,,1.6468603442055896,,15.391634658234832,,
2022-12-16,RELIANCE,,,,0.40944726325715053,,8.703823678454365,,
2022-12-19,BHARTIARTL,,,,2.5494786188658836,,12.478588815097515,,
2022-12-19,HDFCBANK,,,,,,,,
2022-12-19,HUL,,,,0.02125924869040582,,18.12437577709382,,
2022-12-19,INFY,,,,0.07264764432647644,,29.39084273390843,,
2022-12-19,MM,,,,1.6468603442055896,,15.391634658234832,,
2022-12-19,RELIANCE,,,,0.40944726325715053,,8.703823678454365,,
2022-12-20,BHARTIARTL,,,,2.5494786188658836,,12.478588815097515,,
2022-12-20,HDFCBANK,,,,,,,,
2022-12-20,HUL,,,,0.02125924869040582,,18.12437577709382,,
2022-12-20,INFY,,,,0.07264764432647644,,29.39084273390843,,
2022-12-20,MM,,,,1.6468603442055896,,15.391634658234832,,
2022-12-20,RELIANCE,,,,0.40944726325715053,,8.703823678454365,,
2022-12-21,BHARTIARTL,,,,2.5494786188658836,,12.478588815097515,,
2022-12-21,HDFCBANK,,,,,,,,
2022-12-21,HUL,,,,0.02125924869040582,,18.12437577709382,,
2022-12-21,INFY,,,,0.07264764432647644,,29.39084273390843,,
2022-12-21,MM,,,,1.6468603442055896,,15.391634658234832,,
2022-12-21,RELIANCE,,,,0.40944726325715053,,8.703823678454365,,
2022-12-22,BHARTIARTL,,,,2.5494786188658836,,12.478588815097515,,
2022-12-22,HDFCBANK,,,,,,,,
2022-12-22,HUL,,,,0.02125924869040582,,18.12437577709382,,
2022-12-22,INFY,,,,0.07264764432647644,,29.39084273390843,,
2022-12-22,MM,,,,1.6468603442055896,,15.391634658234832,,
2022-12-22,RELIANCE,,,,0.40944726325715053,,8.703823678454365,,
2022-12-23,BHARTIARTL,,,,2.5494786188658836,,12.478588815097515,,
2022-12-23,HDFCBANK,,,,,,,,
2022-12-23,HUL,,,,0.02125924869040582,,18.12437577709382,,
2022-12-23,INFY,,,,0.07264764432647644,,29.39084273390843,,
2022-12-23,MM,,,,1.6468603442055896,,15.391634658234832,,
2022-12-23,RELIANCE,,,,0.40944726325715053,,8.703823678454365,,
2022-12-26,BHARTIARTL,,,,2.5494786188658836,,12.478588815097515,,
2022-12-26,HDFCBANK,,,,,,,,
2022-12-26,HUL,,,,0.02125924869040582,,18.12437577709382,,
2022-12-26,INFY,,,,0.07264764432647644,,29.39084273390843,,
2022-12-26,MM,,,,1.6468603442055896,,15.391634658234832,,
2022-12-26,RELIANCE,,,,0.40944726325715053,,8.703823678454365,,
2022-12-27,BHARTIARTL,,,,2.5494786188658836,,12.478588815097515,,
2022-12-27,HDFCBANK,,,,,,,,
2022-12-27,HUL,,,,0.02125924869040582,,18.12437577709382,,
2022-12-27,INFY,,,,0.07264764432647644,,29.39084273390843,,
2022-12-27,MM,,,,1.6468603442055896,,15.391634658234832,,
2022-12-27,RELIANCE,,,,0.40944726325715053,,8.703823678454365,,
2022-12-28,BHARTIARTL,,,,2.5494786188658836,,12.478588815097515,,
2022-12-28,HDFCBANK,,,,,,,,
2022-12-28,HUL,,,,0.02125924869040582,,18.12437577709382,,
2022-12-28,INFY,,,,0.07264764432647644,,29.39084273390843,,
2022-12-28,MM,,,,1.6468603442055896,,15.391634658234832,,
2022-12-28,RELIANCE,,,,0.40944726325715053,,8.703823678454365,,
2022-12-29,BHARTIARTL,,,,2.5494786188658836,,12.478588815097515,,
2022-12-29,HDFCBANK,,,,,,,,
2022-12-29,HUL,,,,0.02125924869040582,,18.12437577709382,,
2022-12-29,INFY,,,,0.07264764432647644,,29.39084273390843,,
2022-12-29,MM,,,,1.6468603442055896,,15.391634658234832,,
2022-12-29,RELIANCE,,,,0.40944726325715053,,8.703823678454365,,
2022-12-30,BHARTIARTL,,,,2.5494786188658836,,12.478588815097515,,
2022-12-30,HDFCBANK,,,,,,,,
2022-12-30,HUL,,,,0.02125924869040582,,18.12437577709382,,
2022-12-30,INFY,,,,0.07264764432647644,,29.39084273390843,,
2022-12-30,MM,,,,1.6468603442055896,,15.391634658234832,,
2022-12-30,RELIANCE,,,,0.40944726325715053,,8.703823678454365,,
2023-01-02,BHARTIARTL,,,,2.5494786188658836,,12.478588815097515,,
2023-01-02,HDFCBANK,,,,,,,,
2023-01-02,HUL,,,,0.02125924869040582,,18.12437577709382,,
2023-01-02,INFY,,,,0.07264764432647644,,29.39084273390843,,
2023-01-02,MM,,,,1.6468603442055896,,15.391634658234832,,
2023-01-02,RELIANCE,,,,0.40944726325715053,,8.703823678454365,,
2023-01-03,BHARTIARTL,,,,2.5494786188658836,,12.478588815097515,,
2023-01-03,HDFCBANK,,,,,,,,
2023-01-03,HUL,,,,0.02125924869040582,,18.12437577709382,,
2023-01-03,INFY,,,,0.07264764432647644,,29.39084273390843,,
2023-01-03,MM,,,,1.6468603442055896,,15.391634658234832,,
2023-01-03,RELIANCE,,,,0.40944726325715053,,8.703823678454365,,
2023-01-04,BHARTIARTL,,,,2.5494786188658836,,12.478588815097515,,
2023-01-04,HDFCBANK,,,,,,,,
2023-01-04,HUL,,,,0.02125924869040582,,18.12437577709382,,
2023-01-04,INFY,,,,0.07264764432647644,,29.39084273390843,,
2023-01-04,MM,,,,1.6468603442055896,,15.391634658234832,,
2023-01-04,RELIANCE,,,,0.40944726325715053,,8.703823678454365,,
2023-01-05,BHARTIARTL,,,,2.5494786188658836,,12.478588815097515,,
2023-01-05,HDFCBANK,,,,,,,,
2023-01-05,HUL,,,,0.02125924869040582,,18.12437577709382,,
2023-01-05,INFY,,,,0.07264764432647644,,29.39084273390843,,
2023-01-05,MM,,,,1.6468603442055896,,15.391634658234832,,
2023-01-05,RELIANCE,,,,0.40944726325715053,,8.703823678454365,,
2023-01-06,BHARTIARTL,,,,2.5494786188658836,,12.478588815097515,,
2023-01-06,HDFCBANK,,,,,,,,
2023-01-06,HUL,,,,0.02125924869040582,,18.12437577709382,,
2023-01-06,INFY,,,,0.07264764432647644,,29.39084273390843,,
2023-01-06,MM,,,,1.6468603442055896,,15.391634658234832,,
2023-01-06,RELIANCE,,,,0.40944726325715053,,8.703823678454365,,
2023-01-09,BHARTIARTL,,,,2.5494786188658836,,12.478588815097515,,
2023-01-09,HDFCBANK,,,,,,,,
2023-01-09,HUL,,,,0.02125924869040582,,18.12437577709382,,
2023-01-09,INFY,,,,0.07264764432647644,,29.39084273390843,,
2023-01-09,MM,,,,1.6468603442055896,,15.391634658234832,,
2023-01-09,RELIANCE,,,,0.40944726325715053,,8.703823678454365,,
2023-01-10,BHARTIARTL,,,,2.5494786188658836,,12.478588815097515,,
2023-01-10,HDFCBANK,,,,,,,,
2023-01-10,HUL,,,,0.02125924869040582,,18.12437577709382,,
2023-01-10,INFY,,,,0.07264764432647644,,29.39084273390843,,
2023-01-10,MM,,,,1.6468603442055896,,15.391634658234832,,
2023-01-10,RELIANCE,,,,0.40944726325715053,,8.703823678454365,,
2023-01-11,BHARTIARTL,,,,2.5494786188658836,,12.478588815097515,,
2023-01-11,HDFCBANK,,,,,,,,
2023-01-11,HUL,,,,0.02125924869040582,,18.12437577709382,,
2023-01-11,INFY,,,,0.07264764432647644,,29.39084273390843,,
2023-01-11,MM,,,,1.6468603442055896,,15.391634658234832,,
2023-01-11,RELIANCE,,,,0.40944726325715053,,8.703823678454365,,
2023-01-12,BHARTIARTL,,,,2.5494786188658836,,12.478588815097515,,
2023-01-12,HDFCBANK,,,,,,,,
2023-01-12,HUL,,,,0.02125924869040582,,18.12437577709382,,
2023-01-12,INFY,,,,0.07264764432647644,,29.39084273390843,,
2023-01-12,MM,,,,1.6468603442055896,,15.391634658234832,,
2023-01-12,RELIANCE,,,,0.40944726325715053,,8.703823678454365,,
2023-01-13,BHARTIARTL,,,,2.5494786188658836,,12.478588815097515,,
2023-01-13,HDFCBANK,,,,,,,,
2023-01-13,HUL,,,,0.02125924869040582,,18.12437577709382,,
2023-01-13,INFY,,,,0.07264764432647644,,29.39084273390843,,
2023-01-13,MM,,,,1.6468603442055896,,15.391634658234832,,
2023-01-13,RELIANCE,,,,0.40944726325715053,,8.703823678454365,,
2023-01-16,BHARTIARTL,,,,2.5494786188658836,,12.478588815097515,,
2023-01-16,HDFCBANK,,,,,,,,
2023-01-16,HUL,,,,0.02125924869040582,,18.12437577709382,,
2023-01-16,INFY,,,,0.07264764432647644,,29.39084273390843,,
2023-01-16,MM,,,,1.6468603442055896,,15.391634658234832,,
2023-01-16,RELIANCE,,,,0.40944726325715053,,8.703823678454365,,
2023-01-17,BHARTIARTL,,,,2.5494786188658836,,12.478588815097515,,
2023-01-17,HDFCBANK,,,,,,,,
2023-01-17,HUL,,,,0.02125924869040582,,18.12437577709382,,
2023-01-17,INFY,,,,0.07264764432647644,,29.39084273390843,,
2023-01-17,MM,,,,1.6468603442055896,,15.391634658234832,,
2023-01-17,RELIANCE,,,,0.40944726325715053,,8.703823678454365,,
2023-01-18,BHARTIARTL,,,,2.5494786188658836,,12.478588815097515,,
2023-01-18,HDFCBANK,,,,,,,,
2023-01-18,HUL,,,,0.02125924869040582,,18.12437577709382,,
2023-01-18,INFY,,,,0.07264764432647644,,29.39084273390843,,
2023-01-18,MM,,,,1.6468603442055896,,15.391634658234832,,
2023-01-18,RELIANCE,,,,0.40944726325715053,,8.703823678454365,,
2023-01-19,BHARTIARTL,,,,2.5494786188658836,,12.478588815097515,,
2023-01-19,HDFCBANK,,,,,,,,
2023-01-19,HUL,,,,0.02125924869040582,,18.12437577709382,,
2023-01-19,INFY,,,,0.07264764432647644,,29.39084273390843,,
2023-01-19,MM,,,,1.6468603442055896,,15.391634658234832,,
2023-01-19,RELIANCE,,,,0.40944726325715053,,8.703823678454365,,
2023-01-20,BHARTIARTL,,,,2.5494786188658836,,12.478588815097515,,
2023-01-20,HDFCBANK,,,,,,,,
2023-01-20,HUL,,,,0.02125924869040582,,18.12437577709382,,
2023-01-20,INFY,,,,0.07264764432647644,,29.39084273390843,,
2023-01-20,MM,,,,1.6468603442055896,,15.391634658234832,,
2023-01-20,RELIANCE,,,,0.40944726325715053,,8.703823678454365,,
2023-01-23,BHARTIARTL,,,,2.5494786188658836,,12.478588815097515,,
2023-01-23,HDFCBANK,,,,,,,,
2023-01-23,HUL,,,,0.02125924869040582,,18.12437577709382,,
2023-01-23,INFY,,,,0.07264764432647644,,29.39084273390843,,
2023-01-23,MM,,,,1.6468603442055896,,15.391634658234832,,
2023-01-23,RELIANCE,,,,0.40944726325715053,,8.703823678454365,,
2023-01-24,BHARTIARTL,,,,2.5494786188658836,,12.478588815097515,,
2023-01-24,HDFCBANK,,,,,,,,
2023-01-24,HUL,,,,0.02125924869040582,,18.12437577709382,,
2023-01-24,INFY,,,,0.07264764432647644,,29.39084273390843,,
2023-01-24,MM,,,,1.6468603442055896,,15.391634658234832,,
2023-01-24,RELIANCE,,,,0.40944726325715053,,8.703823678454365,,
2023-01-25,BHARTIARTL,,,,2.5494786188658836,,12.478588815097515,,
2023-01-25,HDFCBANK,,,,,,,,
2023-01-25,HUL,,,,0.02125924869040582,,18.12437577709382,,
2023-01-25,INFY,,,,0.07264764432647644,,29.39084273390843,,
2023-01-25,MM,,,,1.6468603442055896,,15.391634658234832,,
2023-01-25,RELIANCE,,,,0.40944726325715053,,8.703823678454365,,
2023-01-26,BHARTIARTL,,,,2.5494786188658836,,12.478588815097515,,
2023-01-26,HDFCBANK,,,,,,,,
2023-01-26,HUL,,,,0.02125924869040582,,18.12437577709382,,
2023-01-26,INFY,,,,0.07264764432647644,,29.39084273390843,,
2023-01-26,MM,,,,1.6468603442055896,,15.391634658234832,,
2023-01-26,RELIANCE,,,,0.40944726325715053,,8.703823678454365,,
2023-01-27,BHARTIARTL,,,,2.5494786188658836,,12.478588815097515,,
2023-01-27,HDFCBANK,,,,,,,,
2023-01-27,HUL,,,,0.02125924869040582,,18.12437577709382,,
2023-01-27,INFY,,,,0.07264764432647644,,29.39084273390843,,
2023-01-27,MM,,,,1.6468603442055896,,15.391634658234832,,
2023-01-27,RELIANCE,,,,0.40944726325715053,,8.703823678454365,,
2023-01-30,BHARTIARTL,,,,2.5494786188658836,,12.478588815097515,,
2023-01-30,HDFCBANK,,,,,,,,
2023-01-30,HUL,,,,0.02125924869040582,,18.12437577709382,,
2023-01-30,INFY,,,,0.07264764432647644,,29.39084273390843,,
2023-01-30,MM,,,,1.6468603442055896,,15.391634658234832,,
2023-01-30,RELIANCE,,,,0.40944726325715053,,8.703823678454365,,
2023-01-31,BHARTIARTL,,,,2.5494786188658836,,12.478588815097515,,
2023-01-31,HDFCBANK,,,,,,,,
2023-01-31,HUL,,,,0.02125924869040582,,18.12437577709382,,
2023-01-31,INFY,,,,0.07264764432647644,,29.39084273390843,,
2023-01-31,MM,,,,1.6468603442055896,,15.391634658234832,,
2023-01-31,RELIANCE,,,,0.40944726325715053,,8.703823678454365,,
2023-02-01,BHARTIARTL,,,,2.5494786188658836,,12.478588815097515,,
2023-02-01,HDFCBANK,,,,,,,,
2023-02-01,HUL,,,,0.02125924869040582,,18.12437577709382,,
2023-02-01,INFY,,,,0.07264764432647644,,29.39084273390843,,
2023-02-01,MM,,,,1.6468603442055896,,15.391634658234832,,
2023-02-01,RELIANCE,,,,0.40944726325715053,,8.703823678454365,,
2023-02-02,BHARTIARTL,,,,2.5494786188658836,,12.478588815097515,,
2023-02-02,HDFCBANK,,,,,,,,
2023-02-02,HUL,,,,0.02125924869040582,,18.12437577709382,,
2023-02-02,INFY,,,,0.07264764432647644,,29.39084273390843,,
2023-02-02,MM,,,,1.6468603442055896,,15.391634658234832,,
2023-02-02,RELIANCE,,,,0.40944726325715053,,8.703823678454365,,
2023-02-03,BHARTIARTL,,,,2.5494786188658836,,12.478588815097515,,
2023-02-03,HDFCBANK,,,,,,,,
2023-02-03,HUL,,,,0.02125924869040582,,18.12437577709382,,
2023-02-03,INFY,,,,0.07264764432647644,,29.39084273390843,,
2023-02-03,MM,,,,1.6468603442055896,,15.391634658234832,,
2023-02-03,RELIANCE,,,,0.40944726325715053,,8.703823678454365,,
2023-02-06,BHARTIARTL,,,,2.5494786188658836,,12.478588815097515,,
2023-02-06,HDFCBANK,,,,,,,,
2023-02-06,HUL,,,,0.02125924869040582,,18.12437577709382,,
2023-02-06,INFY,,,,0.07264764432647644,,29.39084273390843,,
2023-02-06,MM,,,,1.6468603442055896,,15.391634658234832,,
2023-02-06,RELIANCE,,,,0.40944726325715053,,8.703823678454365,,
2023-02-07,BHARTIARTL,,,,2.5494786188658836,,12.478588815097515,,
2023-02-07,HDFCBANK,,,,,,,,
2023-02-07,HUL,,,,0.02125924869040582,,18.12437577709382,,
2023-02-07,INFY,,,,0.07264764432647644,,29.39084273390843,,
2023-02-07,MM,,,,1.6468603442055896,,15.391634658234832,,
2023-02-07,RELIANCE,,,,0.40944726325715053,,8.703823678454365,,
2023-02-08,BHARTIARTL,,,,2.5494786188658836,,12.478588815097515,,
2023-02-08,HDFCBANK,,,,,,,,
2023-02-08,HUL,,,,0.02125924869040582,,18.12437577709382,,
2023-02-08,INFY,,,,0.07264764432647644,,29.39084273390843,,
2023-02-08,MM,,,,1.6468603442055896,,15.391634658234832,,
2023-02-08,RELIANCE,,,,0.40944726325715053,,8.703823678454365,,
2023-02-09,BHARTIARTL,,,,2.5494786188658836,,12.478588815097515,,
2023-02-09,HDFCBANK,,,,,,,,
2023-02-09,HUL,,,,0.02125924869040582,,18.12437577709382,,
2023-02-09,INFY,,,,0.07264764432647644,,29.39084273390843,,
2023-02-09,MM,,,,1.6468603442055896,,15.391634658234832,,
2023-02-09,RELIANCE,,,,0.40944726325715053,,8.703823678454365,,
2023-02-10,BHARTIARTL,,,,2.5494786188658836,,12.478588815097515,,
2023-02-10,HDFCBANK,,,,,,,,
2023-02-10,HUL,,,,0.02125924869040582,,18.12437577709382,,
2023-02-10,INFY,,,,0.07264764432647644,,29.39084273390843,,
2023-02-10,MM,,,,1.6468603442055896,,15.391634658234832,,
2023-02-10,RELIANCE,,,,0.40944726325715053,,8.703823678454365,,
2023-02-13,BHARTIARTL,,,,2.5494786188658836,,12.478588815097515,,
2023-02-13,HDFCBANK,,,,,,,,
2023-02-13,HUL,,,,0.02125924869040582,,18.12437577709382,,
2023-02-13,INFY,,,,0.07264764432647644,,29.39084273390843,,
2023-02-13,MM,,,,1.6468603442055896,,15.391634658234832,,
2023-02-13,RELIANCE,,,,0.40944726325715053,,8.703823678454365,,
2023-02-14,BHARTIARTL,2.85,35804.0,51.0,2.5494786188658836,,12.478588815097515,2.85,267.0235188802083
2023-02-14,HDFCBANK,11.39,,,,,,11.39,70.70504340087247
2023-02-14,HUL,10.53,15597.0,24.0,0.02125924869040582,,18.12437577709382,10.53,231.86709846866097
2023-02-14,INFY,15.7,38318.0,24.0,0.07264764432647644,,29.39084273390843,15.7,93.070900303543
2023-02-14,MM,21.53,30621.0,17.0,1.6468603442055896,,15.391634658234832,21.53,61.70616309364839
2023-02-14,RELIANCE,11.67,216737.0,16.0,0.40944726325715053,,8.703823678454365,11.67,93.02439816302486
2023-02-15,BHARTIARTL,2.85,35804.0,51.0,2.5494786188658836,,12.478588815097515,2.85,270.5369808799342
2023-02-15,HDFCBANK,11.39,,,,,,11.39,70.56141519253457
2023-02-15,HUL,10.53,15597.0,24.0,0.02125924869040582,,18.12437577709382,10.53,229.06715559710352
2023-02-15,INFY,15.7,38318.0,24.0,0.07264764432647644,,29.39084273390843,15.7,93.29288944317277
2023-02-15,MM,21.53,30621.0,17.0,1.6468603442055896,,15.391634658234832,21.53,62.43949780284777
2023-02-15,RELIANCE,11.67,216737.0,16.0,0.40944726325715053,,8.703823678454365,11.67,95.13083803623071
2023-02-16,BHARTIARTL,2.85,35804.0,51.0,2.5494786188658836,,12.478588815097515,2.85,270.2097253632127
2023-02-16,HDFCBANK,11.39,,,,,,11.39,70.30582846623957
2023-02-16,HUL,10.53,15597.0,24.0,0.02125924869040582,,18.12437577709382,10.53,227.148136091821
2023-02-16,INFY,15.7,38318.0,24.0,0.07264764432647644,,29.39084273390843,15.7,93.57037003632564
2023-02-16,MM,21.53,30621.0,17.0,1.6468603442055896,,15.391634658234832,21.53,61.93250628664944
2023-02-16,RELIANCE,11.67,216737.0,16.0,0.40944726325715053,,8.703823678454365,11.67,95.05650798990467
2023-02-17,BHARTIARTL,2.85,35804.0,51.0,2.5494786188658836,,12.478588815097515,2.85,267.57461280153507
2023-02-17,HDFCBANK,11.39,,,,,,11.39,69.95308920414014
2023-02-17,HUL,10.53,15597.0,24.0,0.02125924869040582,,18.12437577709382,10.53,226.10547245963915
2023-02-17,INFY,15.7,38318.0,24.0,0.07264764432647644,,29.39084273390843,15.7,92.51887813495223
2023-02-17,MM,21.53,30621.0,17.0,1.6468603442055896,,15.391634658234832,21.53,60.72613068973525
2023-02-17,RELIANCE,11.67,216737.0,16.0,0.40944726325715053,,8.703823678454365,11.67,95.45354508086976
2023-02-20,BHARTIARTL,2.85,35804.0,51.0,2.5494786188658836,,12.478588815097515,2.85,268.3841103001645
2023-02-20,HDFCBANK,11.39,,,,,,11.39,69.29618158918184
2023-02-20,HUL,10.53,15597.0,24.0,0.02125924869040582,,18.12437577709382,10.53,225.74139456463678
2023-02-20,INFY,15.7,38318.0,24.0,0.07264764432647644,,29.39084273390843,15.7,93.02417147691084
2023-02-20,MM,21.53,30621.0,17.0,1.6468603442055896,,15.391634658234832,21.53,60.94115133679749
2023-02-20,RELIANCE,11.67,216737.0,16.0,0.40944726325715053,,8.703823678454365,11.67,94.44434681608826
2023-02-21,BHARTIARTL,2.85,35804.0,51.0,2.5494786188658836,,12.478588815097515,2.85,268.3496522066886
2023-02-21,HDFCBANK,11.39,,,,,,11.39,69.55599094086095
2023-02-21,HUL,10.53,15597.0,24.0,0.02125924869040582,,18.12437577709382,10.53,226.16385290538938
2023-02-21,INFY,15.7,38318.0,24.0,0.07264764432647644,,29.39084273390843,15.7,92.26768542247214
2023-02-21,MM,21.53,30621.0,17.0,1.6468603442055896,,15.391634658234832,21.53,61.19464709489665
2023-02-21,RELIANCE,11.67,216737.0,16.0,0.40944726325715053,,8.703823678454365,11.67,95.21495881199122
2023-02-22,BHARTIARTL,2.85,35804.0,51.0,2.5494786188658836,,12.478588815097515,2.85,265.9729218064693
2023-02-22,HDFCBANK,11.39,,,,,,11.39,68.19147205436512
2023-02-22,HUL,10.53,15597.0,24.0,0.02125924869040582,,18.12437577709382,10.53,224.17743389423077
2023-02-22,INFY,15.7,38318.0,24.0,0.07264764432647644,,29.39084273390843,15.7,91.233742100418
2023-02-22,MM,21.53,30621.0,17.0,1.6468603442055896,,15.391634658234832,21.53,59.74156246371342
2023-02-22,RELIANCE,11.67,216737.0,16.0,0.40944726325715053,,8.703823678454365,11.67,93.05567410427378
2023-02-23,BHARTIARTL,2.85,35804.0,51.0,2.5494786188658836,,12.478588815097515,2.85,262.80391224643637
2023-02-23,HDFCBANK,11.39,,,,,,11.39,67.72890166298562
2023-02-23,HUL,10.53,15597.0,24.0,0.02125924869040582,,18.12437577709382,10.53,223.87180600071227
2023-02-23,INFY,15.7,38318.0,24.0,0.07264764432647644,,29.39084273390843,15.7,90.58530771048966
2023-02-23,MM,21.53,30621.0,17.0,1.6468603442055896,,15.391634658234832,21.53,59.47901774050743
2023-02-23,RELIANCE,11.67,216737.0,16.0,0.40944726325715053,,8.703823678454365,11.67,92.60974612722258
2023-02-24,BHARTIARTL,2.85,35804.0,51.0,2.5494786188658836,,12.478588815097515,2.85,260.7888097930373
2023-02-24,HDFCBANK,11.39,,,,,,11.39,67.12480365863696
2023-02-24,HUL,10.53,15597.0,24.0,0.02125924869040582,,18.12437577709382,10.53,223.29203577575976
2023-02-24,INFY,15.7,38318.0,24.0,0.07264764432647644,,29.39084273390843,15.7,90.58238424313296
2023-02-24,MM,21.53,30621.0,17.0,1.6468603442055896,,15.391634658234832,21.53,57.95123945874941
2023-02-24,RELIANCE,11.67,216737.0,16.0,0.40944726325715053,,8.703823678454365,11.67,93.24344481375857
2023-02-27,BHARTIARTL,2.85,35804.0,51.0,2.5494786188658836,,12.478588815097515,2.85,259.34210526315786
2023-02-27,HDFCBANK,11.39,,,,,,11.39,67.29167238257243
2023-02-27,HUL,10.53,15597.0,24.0,0.02125924869040582,,18.12437577709382,10.53,221.8494034900285
2023-02-27,INFY,15.7,38318.0,24.0,0.07264764432647644,,29.39084273390843,15.7,88.16690821556529
2023-02-27,MM,21.53,30621.0,17.0,1.6468603442055896,,15.391634658234832,21.53,56.91914715658383
2023-02-27,RELIANCE,11.67,216737.0,16.0,0.40944726325715053,,8.703823678454365,11.67,92.62343850417737
2023-02-28,BHARTIARTL,2.85,35804.0,51.0,2.5494786188658836,,12.478588815097515,2.85,255.6736353824013
2023-02-28,HDFCBANK,11.39,,,,,,11.39,67.57471153252578
2023-02-28,HUL,10.53,15597.0,24.0,0.02125924869040582,,18.12437577709382,10.53,221.17524613455603
2023-02-28,INFY,15.7,38318.0,24.0,0.07264764432647644,,29.39084273390843,15.7,86.89637396745621
2023-02-28,MM,21.53,30621.0,17.0,1.6468603442055896,,15.391634658234832,21.53,57.47140617742684
2023-02-28,RELIANCE,11.67,216737.0,16.0,0.40944726325715053,,8.703823678454365,11.67,90.85143153853363
2023-03-01,BHARTIARTL,2.85,35804.0,51.0,2.5494786188658836,,12.478588815097515,2.85,258.412079392818
2023-03-01,HDFCBANK,11.39,,,,,,11.39,67.50923404576382
2023-03-01,HUL,10.53,15597.0,24.0,0.02125924869040582,,18.12437577709382,10.53,221.6786209787512
2023-03-01,INFY,15.7,38318.0,24.0,0.07264764432647644,,29.39084273390843,15.7,87.39290468252389
2023-03-01,MM,21.53,30621.0,17.0,1.6468603442055896,,15.391634658234832,21.53,57.58684285009289
2023-03-01,RELIANCE,11.67,216737.0,16.0,0.40944726325715053,,8.703823678454365,11.67,91.6865828513282
2023-03-02,BHARTIARTL,2.85,35804.0,51.0,2.5494786188658836,,12.478588815097515,2.85,254.93303265487938
2023-03-02,HDFCBANK,11.39,,,,,,11.39,66.93470513642724
2023-03-02,HUL,10.53,15597.0,24.0,0.02125924869040582,,18.12437577709382,10.53,220.6988821002493
2023-03-02,INFY,15.7,38318.0,24.0,0.07264764432647644,,29.39084273390843,15.7,85.99676241540605
2023-03-02,MM,21.53,30621.0,17.0,1.6468603442055896,,15.391634658234832,21.53,56.6543345223235
2023-03-02,RELIANCE,11.67,216737.0,16.0,0.40944726325715053,,8.703823678454365,11.67,90.98833438771958
2023-03-03,BHARTIARTL,2.85,35804.0,51.0,2.5494786188658836,,12.478588815097515,2.85,263.3033511513158
2023-03-03,HDFCBANK,11.39,,,,,,11.39,68.26329955518821
2023-03-03,HUL,10.53,15597.0,24.0,0.02125924869040582,,18.12437577709382,10.53,222.1055540716999
2023-03-03,INFY,15.7,38318.0,24.0,0.07264764432647644,,29.39084273390843,15.7,86.41442171327628
2023-03-03,MM,21.53,30621.0,17.0,1.6468603442055896,,15.391634658234832,21.53,57.42613867278216
2023-03-03,RELIANCE,11.67,216737.0,16.0,0.40944726325715053,,8.703823678454365,11.67,93.30995064468188
2023-03-06,BHARTIARTL,2.85,35804.0,51.0,2.5494786188658836,,12.478588815097515,2.85,264.0611508018092
2023-03-06,HDFCBANK,11.39,,,,,,11.39,68.74488783678116
2023-03-06,HUL,10.53,15597.0,24.0,0.02125924869040582,,18.12437577709382,10.53,223.3504857772436
2023-03-06,INFY,15.7,38318.0,24.0,0.07264764432647644,,29.39084273390843,15.7,88.05881767515923
2023-03-06,MM,21.53,30621.0,17.0,1.6468603442055896,,15.391634658234832,21.53,57.5098869582414
2023-03-06,RELIANCE,11.67,216737.0,16.0,0.40944726325715053,,8.703823678454365,11.67,94.22136713729113
2023-03-07,BHARTIARTL,2.85,35804.0,51.0,2.5494786188658836,,12.478588815097515,2.85,
2023-03-07,HDFCBANK,11.39,,,,,,11.39,
2023-03-07,HUL,10.53,15597.0,24.0,0.02125924869040582,,18.12437577709382,10.53,
2023-03-07,INFY,15.7,38318.0,24.0,0.07264764432647644,,29.39084273390843,15.7,
2023-03-07,MM,21.53,30621.0,17.0,1.6468603442055896,,15.391634658234832,21.53,
2023-03-07,RELIANCE,11.67,216737.0,16.0,0.40944726325715053,,8.703823678454365,11.67,
2023-03-08,BHARTIARTL,2.85,35804.0,51.0,2.5494786188658836,,12.478588815097515,2.85,264.04393246299344
2023-03-08,HDFCBANK,11.39,,,,,,11.39,68.88219282436621
2023-03-08,HUL,10.53,15597.0,24.0,0.02125924869040582,,18.12437577709382,10.53,223.37292909395777
2023-03-08,INFY,15.7,38318.0,24.0,0.07264764432647644,,29.39084273390843,15.7,87.19719564838775
2023-03-08,MM,21.53,30621.0,17.0,1.6468603442055896,,15.391634658234832,21.53,58.392597629035066
2023-03-08,RELIANCE,11.67,216737.0,16.0,0.40944726325715053,,8.703823678454365,11.67,94.55973307291667
2023-03-09,BHARTIARTL,2.85,35804.0,51.0,2.5494786188658836,,12.478588815097515,2.85,266.40346594024123
2023-03-09,HDFCBANK,11.39,,,,,,11.39,68.88852140378073
2023-03-09,HUL,10.53,15597.0,24.0,0.02125924869040582,,18.12437577709382,10.53,221.24266882567665
2023-03-09,INFY,15.7,38318.0,24.0,0.07264764432647644,,29.39084273390843,15.7,86.47869134404857
2023-03-09,MM,21.53,30621.0,17.0,1.6468603442055896,,15.391634658234832,21.53,56.50042273862053
2023-03-09,RELIANCE,11.67,216737.0,16.0,0.40944726325715053,,8.703823678454365,11.67,92.28702862240253
2023-03-10,BHARTIARTL,2.85,35804.0,51.0,2.5494786188658836,,12.478588815097515,2.85,266.5240371436403
2023-03-10,HDFCBANK,11.39,,,,,,11.39,67.11213042382298
2023-03-10,HUL,10.53,15597.0,24.0,0.02125924869040582,,18.12437577709382,10.53,221.60670035018995
2023-03-10,INFY,15.7,38318.0,24.0,0.07264764432647644,,29.39084273390843,15.7,85.96171190784236
2023-03-10,MM,21.53,30621.0,17.0,1.6468603442055896,,15.391634658234832,21.53,55.52943363003657
2023-03-10,RELIANCE,11.67,216737.0,16.0,0.40944726325715053,,8.703823678454365,11.67,90.85729970008569
2023-03-13,BHARTIARTL,2.85,35804.0,51.0,2.5494786188658836,,12.478588815097515,2.85,263.6133669133772
2023-03-13,HDFCBANK,11.39,,,,,,11.39,66.2630129739629
2023-03-13,HUL,10.53,15597.0,24.0,0.02125924869040582,,18.12437577709382,10.53,220.67641559829062
2023-03-13,INFY,15.7,38318.0,24.0,0.07264764432647644,,29.39084273390843,15.7,83.83244799960191
2023-03-13,MM,21.53,30621.0,17.0,1.6468603442055896,,15.391634658234832,21.53,54.024300440156175
2023-03-13,RELIANCE,11.67,216737.0,16.0,0.40944726325715053,,8.703823678454365,11.67,89.36303146087725
2023-03-14,BHARTIARTL,2.85,35804.0,51.0,2.5494786188658836,,12.478588815097515,2.85,265.85232918722585
2023-03-14,HDFCBANK,11.39,,,,,,11.39,66.08557696924385
2023-03-14,HUL,10.53,15597.0,24.0,0.02125924869040582,,18.12437577709382,10.53,219.5393648355888
2023-03-14,INFY,15.7,38318.0,24.0,0.07264764432647644,,29.39084273390843,15.7,82.95037725169188
2023-03-14,MM,21.53,30621.0,17.0,1.6468603442055896,,15.391634658234832,21.53,52.54632548515153
2023-03-14,RELIANCE,11.67,216737.0,16.0,0.40944726325715053,,8.703823678454365,11.67,89.02857763295309
2023-03-15,BHARTIARTL,2.85,35804.0,51.0,2.5494786188658836,,12.478588815097515,2.85,260.63382332785085
2023-03-15,HDFCBANK,11.39,,,,,,11.39,65.13718495356397
2023-03-15,HUL,10.53,15597.0,24.0,0.02125924869040582,,18.12437577709382,10.53,216.2720538046059
2023-03-15,INFY,15.7,38318.0,24.0,0.07264764432647644,,29.39084273390843,15.7,82.92992853055335
2023-03-15,MM,21.53,30621.0,17.0,1.6468603442055896,,15.391634658234832,21.53,52.52594830432826
2023-03-15,RELIANCE,11.67,216737.0,16.0,0.40944726325715053,,8.703823678454365,11.67,87.50692463983505
2023-03-16,BHARTIARTL,2.85,35804.0,51.0,2.5494786188658836,,12.478588815097515,2.85,256.9481351082785
2023-03-16,HDFCBANK,11.39,,,,,,11.39,65.5596350451328
2023-03-16,HUL,10.53,15597.0,24.0,0.02125924869040582,,18.12437577709382,10.53,221.05841568732194
2023-03-16,INFY,15.7,38318.0,24.0,0.07264764432647644,,29.39084273390843,15.7,82.02156212679141
2023-03-16,MM,21.53,30621.0,17.0,1.6468603442055896,,15.391634658234832,21.53,52.82924738918079
2023-03-16,RELIANCE,11.67,216737.0,16.0,0.40944726325715053,,8.703823678454365,11.67,87.07076124176575
2023-03-17,BHARTIARTL,2.85,35804.0,51.0,2.5494786188658836,,12.478588815097515,2.85,260.84048622532896
2023-03-17,HDFCBANK,11.39,,,,,,11.39,66.43621027731288
2023-03-17,HUL,10.53,15597.0,24.0,0.02125924869040582,,18.12437577709382,10.53,219.98426649305557
2023-03-17,INFY,15.7,38318.0,24.0,0.07264764432647644,,29.39084273390843,15.7,82.99125914361068
2023-03-17,MM,21.53,30621.0,17.0,1.6468603442055896,,15.391634658234832,21.53,53.03068324902752
2023-03-17,RELIANCE,11.67,216737.0,16.0,0.40944726325715053,,8.703823678454365,11.67,86.9612431464894
2023-03-20,BHARTIARTL,2.85,35804.0,51.0,2.5494786188658836,,12.478588815097515,2.85,259.996552049068
2023-03-20,HDFCBANK,11.39,,,,,,11.39,65.97574583996378
2023-03-20,HUL,10.53,15597.0,24.0,0.02125924869040582,,18.12437577709382,10.53,225.71890487743354
2023-03-20,INFY,15.7,38318.0,24.0,0.07264764432647644,,29.39084273390843,15.7,81.99528202129777
2023-03-20,MM,21.53,30621.0,17.0,1.6468603442055896,,15.391634658234832,21.53,52.85640562405655
2023-03-20,RELIANCE,11.67,216737.0,16.0,0.40944726325715053,,8.703823678454365,11.67,86.10653129518798
2023-03-21,BHARTIARTL,2.85,35804.0,51.0,2.5494786188658836,,12.478588815097515,2.85,260.73715477658993
2023-03-21,HDFCBANK,11.39,,,,,,11.39,66.72347205265035
2023-03-21,HUL,10.53,15597.0,24.0,0.02125924869040582,,18.12437577709382,10.53,221.35054976851853
2023-03-21,INFY,15.7,38318.0,24.0,0.07264764432647644,,29.39084273390843,15.7,81.23880374203821
2023-03-21,MM,21.53,30621.0,17.0,1.6468603442055896,,15.391634658234832,21.53,52.52368606305156
2023-03-21,RELIANCE,11.67,216737.0,16.0,0.40944726325715053,,8.703823678454365,11.67,88.78408136179841
2023-03-22,BHARTIARTL,2.85,35804.0,51.0,2.5494786188658836,,12.478588815097515,2.85,260.6510416666667
2023-03-22,HDFCBANK,11.39,,,,,,11.39,66.56928728085217
2023-03-22,HUL,10.53,15597.0,24.0,0.02125924869040582,,18.12437577709382,10.53,222.58648559918092
2023-03-22,INFY,15.7,38318.0,24.0,0.07264764432647644,,29.39084273390843,15.7,81.15408539012739
2023-03-22,MM,21.53,30621.0,17.0,1.6468603442055896,,15.391634658234832,21.53,52.695701446745815
2023-03-22,RELIANCE,11.67,216737.0,16.0,0.40944726325715053,,8.703823678454365,11.67,89.054006333012
2023-03-23,BHARTIARTL,2.85,35804.0,51.0,2.5494786188658836,,12.478588815097515,2.85,263.0105537280702
2023-03-23,HDFCBANK,11.39,,,,,,11.39,66.03488938864957
2023-03-23,HUL,10.53,15597.0,24.0,0.02125924869040582,,18.12437577709382,10.53,223.37292909395777
2023-03-23,INFY,15.7,38318.0,24.0,0.07264764432647644,,29.39084273390843,15.7,80.29537905553345
2023-03-23,MM,21.53,30621.0,17.0,1.6468603442055896,,15.391634658234832,21.53,52.734182227560375
2023-03-23,RELIANCE,11.67,216737.0,16.0,0.40944726325715053,,8.703823678454365,11.67,87.92743437700835
2023-03-24,BHARTIARTL,2.85,35804.0,51.0,2.5494786188658836,,12.478588815097515,2.85,262.6316646107456
2023-03-24,HDFCBANK,11.39,,,,,,11.39,65.92928088475362
2023-03-24,HUL,10.53,15597.0,24.0,0.02125924869040582,,18.12437577709382,10.53,222.98647743797486
2023-03-24,INFY,15.7,38318.0,24.0,0.07264764432647644,,29.39084273390843,15.7,80.65170774034634
2023-03-24,MM,21.53,30621.0,17.0,1.6468603442055896,,15.391634658234832,21.53,52.093650438704714
2023-03-24,RELIANCE,11.67,216737.0,16.0,0.40944726325715053,,8.703823678454365,11.67,86.18671381279455
2023-03-27,BHARTIARTL,2.85,35804.0,51.0,2.5494786188658836,,12.478588815097515,2.85,262.3905436197917
2023-03-27,HDFCBANK,11.39,,,,,,11.39,66.21653730142943
2023-03-27,HUL,10.53,15597.0,24.0,0.02125924869040582,,18.12437577709382,10.53,224.62233555169755
2023-03-27,INFY,15.7,38318.0,24.0,0.07264764432647644,,29.39084273390843,15.7,81.13656013634555
2023-03-27,MM,21.53,30621.0,17.0,1.6468603442055896,,15.391634658234832,21.53,51.50969736087726
2023-03-27,RELIANCE,11.67,216737.0,16.0,0.40944726325715053,,8.703823678454365,11.67,87.52646948807038
2023-03-28,BHARTIARTL,2.85,35804.0,51.0,2.5494786188658836,,12.478588815097515,2.85,257.809266207511
2023-03-28,HDFCBANK,11.39,,,,,,11.39,66.75515781901613
2023-03-28,HUL,10.53,15597.0,24.0,0.02125924869040582,,18.12437577709382,10.53,223.1662326388889
2023-03-28,INFY,15.7,38318.0,24.0,0.07264764432647644,,29.39084273390843,15.7,80.47356283588775
2023-03-28,MM,21.53,30621.0,17.0,1.6468603442055896,,15.391634658234832,21.53,51.075137253977005
2023-03-28,RELIANCE,11.67,216737.0,16.0,0.40944726325715053,,8.703823678454365,11.67,87.9352585924111
2023-03-29,BHARTIARTL,2.85,35804.0,51.0,2.5494786188658836,,12.478588815097515,2.85,256.1386161938048
2023-03-29,HDFCBANK,11.39,,,,,,11.39,67.07622203207309
2023-03-29,HUL,10.53,15597.0,24.0,0.02125924869040582,,18.12437577709382,10.53,227.48520317693496
2023-03-29,INFY,15.7,38318.0,24.0,0.07264764432647644,,29.39084273390843,15.7,80.82112889380971
2023-03-29,MM,21.53,30621.0,17.0,1.6468603442055896,,15.391634658234832,21.53,51.79941165851428
2023-03-29,RELIANCE,11.67,216737.0,16.0,0.40944726325715053,,8.703823678454365,11.67,87.41499533894334
2023-03-30,BHARTIARTL,2.85,35804.0,51.0,2.5494786188658836,,12.478588815097515,2.85,
2023-03-30,HDFCBANK,11.39,,,,,,11.39,
2023-03-30,HUL,10.53,15597.0,24.0,0.02125924869040582,,18.12437577709382,10.53,
2023-03-30,INFY,15.7,38318.0,24.0,0.07264764432647644,,29.39084273390843,15.7,
2023-03-30,MM,21.53,30621.0,17.0,1.6468603442055896,,15.391634658234832,21.53,
2023-03-30,RELIANCE,11.67,216737.0,16.0,0.40944726325715053,,8.703823678454365,11.67,
2023-03-31,BHARTIARTL,2.85,35804.0,51.0,2.5494786188658836,,12.478588815097515,2.85,257.99871076617325
2023-03-31,HDFCBANK,11.39,,,,,,11.39,67.99504495274088
2023-03-31,HUL,10.53,15597.0,24.0,0.02125924869040582,,18.12437577709382,10.53,230.13680685392927
2023-03-31,INFY,15.7,38318.0,24.0,0.07264764432647644,,29.39084273390843,15.7,83.41478092655255
2023-03-31,MM,21.53,30621.0,17.0,1.6468603442055896,,15.391634658234832,21.53,52.45125465375348
2023-03-31,RELIANCE,11.67,216737.0,16.0,0.40944726325715053,,8.703823678454365,11.67,91.18392931260712
2023-04-03,BHARTIARTL,2.85,35804.0,51.0,2.5494786188658836,,12.478588815097515,2.85,261.97719640899123
2023-04-03,HDFCBANK,11.39,,,,,,11.39,68.03728728256694
2023-04-03,HUL,10.53,15597.0,24.0,0.02125924869040582,,18.12437577709382,10.53,227.95706927380107
2023-04-03,INFY,15.7,38318.0,24.0,0.07264764432647644,,29.39084273390843,15.7,82.41587256170382
2023-04-03,MM,21.53,30621.0,17.0,1.6468603442055896,,15.391634658234832,21.53,52.95825750950708
2023-04-03,RELIANCE,11.67,216737.0,16.0,0.40944726325715053,,8.703823678454365,11.67,91.1995777434126
2023-04-04,BHARTIARTL,2.85,35804.0,51.0,2.5494786188658836,,12.478588815097515,2.85,
2023-04-04,HDFCBANK,11.39,,,,,,11.39,
2023-04-04,HUL,10.53,15597.0,24.0,0.02125924869040582,,18.12437577709382,10.53,
2023-04-04,INFY,15.7,38318.0,24.0,0.07264764432647644,,29.39084273390843,15.7,
2023-04-04,MM,21.53,30621.0,17.0,1.6468603442055896,,15.391634658234832,21.53,
2023-04-04,RELIANCE,11.67,216737.0,16.0,0.40944726325715053,,8.703823678454365,11.67,
2023-04-05,BHARTIARTL,2.85,35804.0,51.0,2.5494786188658836,,12.478588815097515,2.85,262.97613846628286
2023-04-05,HDFCBANK,11.39,,,,,,11.39,69.86225988908856
2023-04-05,HUL,10.53,15597.0,24.0,0.02125924869040582,,18.12437577709382,10.53,232.15019030448718
2023-04-05,INFY,15.7,38318.0,24.0,0.07264764432647644,,29.39084273390843,15.7,83.15774905453821
2023-04-05,MM,21.53,30621.0,17.0,1.6468603442055896,,15.391634658234832,21.53,52.30413526365827
2023-04-05,RELIANCE,11.67,216737.0,16.0,0.40944726325715053,,8.703823678454365,11.67,90.98052063249786
2023-04-06,BHARTIARTL,2.85,35804.0,51.0,2.5494786188658836,,12.478588815097515,2.85,263.8372695655153
2023-04-06,HDFCBANK,11.39,,,,,,11.39,70.39454110993744
2023-04-06,HUL,10.53,15597.0,24.0,0.02125924869040582,,18.12437577709382,10.53,230.57725694444446
2023-04-06,INFY,15.7,38318.0,24.0,0.07264764432647644,,29.39084273390843,15.7,83.0613679339172
2023-04-06,MM,21.53,30621.0,17.0,1.6468603442055896,,15.391634658234832,21.53,53.019366372866344
2023-04-06,RELIANCE,11.67,216737.0,16.0,0.40944726325715053,,8.703823678454365,11.67,91.5907362126446
2023-04-07,BHARTIARTL,2.85,35804.0,51.0,2.5494786188658836,,12.478588815097515,2.85,
2023-04-07,HDFCBANK,11.39,,,,,,11.39,
2023-04-07,HUL,10.53,15597.0,24.0,0.02125924869040582,,18.12437577709382,10.53,
2023-04-07,INFY,15.7,38318.0,24.0,0.07264764432647644,,29.39084273390843,15.7,
2023-04-07,MM,21.53,30621.0,17.0,1.6468603442055896,,15.391634658234832,21.53,
2023-04-07,RELIANCE,11.67,216737.0,16.0,0.40944726325715053,,8.703823678454365,11.67,
2023-04-10,BHARTIARTL,2.85,35804.0,51.0,2.5494786188658836,,12.478588815097515,2.85,265.1462059690241
2023-04-10,HDFCBANK,11.39,,,,,,11.39,70.06080902072816
2023-04-10,HUL,10.53,15597.0,24.0,0.02125924869040582,,18.12437577709382,10.53,227.6020104389245
2023-04-10,INFY,15.7,38318.0,24.0,0.07264764432647644,,29.39084273390843,15.7,83.39432443023487
2023-04-10,MM,21.53,30621.0,17.0,1.6468603442055896,,15.391634658234832,21.53,53.804749640762886
2023-04-10,RELIANCE,11.67,216737.0,16.0,0.40944726325715053,,8.703823678454365,11.67,90.94139955548415
2023-04-11,BHARTIARTL,2.85,35804.0,51.0,2.5494786188658836,,12.478588815097515,2.85,266.66182668585526
2023-04-11,HDFCBANK,11.39,,,,,,11.39,70.26570280776723
2023-04-11,HUL,10.53,15597.0,24.0,0.02125924869040582,,18.12437577709382,10.53,229.0042540286681
2023-04-11,INFY,15.7,38318.0,24.0,0.07264764432647644,,29.39084273390843,15.7,82.14132321108679
2023-04-11,MM,21.53,30621.0,17.0,1.6468603442055896,,15.391634658234832,21.53,54.397751683697166
2023-04-11,RELIANCE,11.67,216737.0,16.0,0.40944726325715053,,8.703823678454365,11.67,91.39125010041774
2023-04-12,BHARTIARTL,2.85,35804.0,51.0,2.5494786188658836,,12.478588815097515,2.85,265.61120819627195
2023-04-12,HDFCBANK,11.39,,,,,,11.39,71.17818643169721
2023-04-12,HUL,10.53,15597.0,24.0,0.02125924869040582,,18.12437577709382,10.53,227.3143742951686
2023-04-12,INFY,15.7,38318.0,24.0,0.07264764432647644,,29.39084273390843,15.7,83.43523742287023
2023-04-12,MM,21.53,30621.0,17.0,1.6468603442055896,,15.391634658234832,21.53,54.65350968307303
2023-04-12,RELIANCE,11.67,216737.0,16.0,0.40944726325715053,,8.703823678454365,11.67,91.79415535293488
2023-04-13,BHARTIARTL,2.85,35804.0,51.0,2.5494786188658836,,12.478588815097515,2.85,264.2161800986842
2023-04-13,HDFCBANK,11.39,,,,,,11.39,71.49713397340045
2023-04-13,HUL,10.53,15597.0,24.0,0.02125924869040582,,18.12437577709382,10.53,227.96606514868236
2023-04-13,INFY,15.7,38318.0,24.0,0.07264764432647644,,29.39084273390843,15.7,81.1511619227707
2023-04-13,MM,21.53,30621.0,17.0,1.6468603442055896,,15.391634658234832,21.53,54.52676747380109
2023-04-13,RELIANCE,11.67,216737.0,16.0,0.40944726325715053,,8.703823678454365,11.67,92.14034550396316
2023-04-14,BHARTIARTL,2.85,35804.0,51.0,2.5494786188658836,,12.478588815097515,2.85,
2023-04-14,HDFCBANK,11.39,,,,,,11.39,
2023-04-14,HUL,10.53,15597.0,24.0,0.02125924869040582,,18.12437577709382,10.53,
2023-04-14,INFY,15.7,38318.0,24.0,0.07264764432647644,,29.39084273390843,15.7,
2023-04-14,MM,21.53,30621.0,17.0,1.6468603442055896,,15.391634658234832,21.53,
2023-04-14,RELIANCE,11.67,216737.0,16.0,0.40944726325715053,,8.703823678454365,11.67,
2023-04-17,BHARTIARTL,2.85,35804.0,51.0,2.5494786188658836,,12.478588815097515,2.85,261.6671806469298
2023-04-17,HDFCBANK,11.39,,,,,,11.39,70.40721970341308
2023-04-17,HUL,10.53,15597.0,24.0,0.02125924869040582,,18.12437577709382,10.53,229.3727603053775
2023-04-17,INFY,15.7,38318.0,24.0,0.07264764432647644,,29.39084273390843,15.7,73.50455314490446
2023-04-17,MM,21.53,30621.0,17.0,1.6468603442055896,,15.391634658234832,21.53,54.90701111094983
2023-04-17,RELIANCE,11.67,216737.0,16.0,0.40944726325715053,,8.703823678454365,11.67,92.60779007337189
2023-04-18,BHARTIARTL,2.85,35804.0,51.0,2.5494786188658836,,12.478588815097515,2.85,261.7016387404057
2023-04-18,HDFCBANK,11.39,,,,,,11.39,70.10939600595368
2023-04-18,HUL,10.53,15597.0,24.0,0.02125924869040582,,18.12437577709382,10.53,228.40199411651236
2023-04-18,INFY,15.7,38318.0,24.0,0.07264764432647644,,29.39084273390843,15.7,73.56589153314093
2023-04-18,MM,21.53,30621.0,17.0,1.6468603442055896,,15.391634658234832,21.53,54.53355419763121
2023-04-18,RELIANCE,11.67,216737.0,16.0,0.40944726325715053,,8.703823678454365,11.67,91.54772394829156
2023-04-19,BHARTIARTL,2.85,35804.0,51.0,2.5494786188658836,,12.478588815097515,2.85,263.3894856770833
2023-04-19,HDFCBANK,11.39,,,,,,11.39,70.36708868627908
2023-04-19,HUL,10.53,15597.0,24.0,0.02125924869040582,,18.12437577709382,10.53,227.55262586805557
2023-04-19,INFY,15.7,38318.0,24.0,0.07264764432647644,,29.39084273390843,15.7,71.97988716660032
2023-04-19,MM,21.53,30621.0,17.0,1.6468603442055896,,15.391634658234832,21.53,55.022442113838245
2023-04-19,RELIANCE,11.67,216737.0,16.0,0.40944726325715053,,8.703823678454365,11.67,92.00343219459619
2023-04-20,BHARTIARTL,2.85,35804.0,51.0,2.5494786188658836,,12.478588815097515,2.85,266.0245768229167
2023-04-20,HDFCBANK,11.39,,,,,,11.39,70.62900399198858
2023-04-20,HUL,10.53,15597.0,24.0,0.02125924869040582,,18.12437577709382,10.53,224.04713281991928
2023-04-20,INFY,15.7,38318.0,24.0,0.07264764432647644,,29.39084273390843,15.7,71.46583897292994
2023-04-20,MM,21.53,30621.0,17.0,1.6468603442055896,,15.391634658234832,21.53,55.16277478010334
2023-04-20,RELIANCE,11.67,216737.0,16.0,0.40944726325715053,,8.703823678454365,11.67,91.77067224654563
2023-04-21,BHARTIARTL,2.85,35804.0,51.0,2.5494786188658836,,12.478588815097515,2.85,263.5789302357456
2023-04-21,HDFCBANK,11.39,,,,,,11.39,70.74306310531442
2023-04-21,HUL,10.53,15597.0,24.0,0.02125924869040582,,18.12437577709382,10.53,224.52792523593305
2023-04-21,INFY,15.7,38318.0,24.0,0.07264764432647644,,29.39084273390843,15.7,71.6965829642715
2023-04-21,MM,21.53,30621.0,17.0,1.6468603442055896,,15.391634658234832,21.53,54.89796214584301
2023-04-21,RELIANCE,11.67,216737.0,16.0,0.40944726325715053,,8.703823678454365,11.67,91.88607942373608
2023-04-24,BHARTIARTL,2.85,35804.0,51.0,2.5494786188658836,,12.478588815097515,2.85,261.87384354440786
2023-04-24,HDFCBANK,11.39,,,,,,11.39,71.3154753432973
2023-04-24,HUL,10.53,15597.0,24.0,0.02125924869040582,,18.12437577709382,10.53,224.6897350575736
2023-04-24,INFY,15.7,38318.0,24.0,0.07264764432647644,,29.39084273390843,15.7,71.63525235121418
2023-04-24,MM,21.53,30621.0,17.0,1.6468603442055896,,15.391634658234832,21.53,54.67161895284196
2023-04-24,RELIANCE,11.67,216737.0,16.0,0.40944726325715053,,8.703823678454365,11.67,92.2381377363164
2023-04-25,BHARTIARTL,2.85,35804.0,51.0,2.5494786188658836,,12.478588815097515,2.85,266.1279082716557
2023-04-25,HDFCBANK,11.39,,,,,,11.39,70.30160584085546
2023-04-25,HUL,10.53,15597.0,24.0,0.02125924869040582,,18.12437577709382,10.53,223.85383743619423
2023-04-25,INFY,15.7,38318.0,24.0,0.07264764432647644,,29.39084273390843,15.7,71.55346524183918
2023-04-25,MM,21.53,30621.0,17.0,1.6468603442055896,,15.391634658234832,21.53,54.766678444684736
2023-04-25,RELIANCE,11.67,216737.0,16.0,0.40944726325715053,,8.703823678454365,11.67,92.94419995514674
2023-04-26,BHARTIARTL,2.85,35804.0,51.0,2.5494786188658836,,12.478588815097515,2.85,266.4207056949013
2023-04-26,HDFCBANK,11.39,,,,,,11.39,70.62478136660448
2023-04-26,HUL,10.53,15597.0,24.0,0.02125924869040582,,18.12437577709382,10.53,225.68301411888652
2023-04-26,INFY,15.7,38318.0,24.0,0.07264764432647644,,29.39084273390843,15.7,71.70826128333997
2023-04-26,MM,21.53,30621.0,17.0,1.6468603442055896,,15.391634658234832,21.53,54.93418068538086
2023-04-26,RELIANCE,11.67,216737.0,16.0,0.40944726325715053,,8.703823678454365,11.67,92.3985236918916
2023-04-27,BHARTIARTL,2.85,35804.0,51.0,2.5494786188658836,,12.478588815097515,2.85,270.91586999725877
2023-04-27,HDFCBANK,11.39,,,,,,11.39,71.01343437911545
2023-04-27,HUL,10.53,15597.0,24.0,0.02125924869040582,,18.12437577709382,10.53,221.9212777481007
2023-04-27,INFY,15.7,38318.0,24.0,0.07264764432647644,,29.39084273390843,15.7,72.8006428518113
2023-04-27,MM,21.53,30621.0,17.0,1.6468603442055896,,15.391634658234832,21.53,55.40721590331804
2023-04-27,RELIANCE,11.67,216737.0,16.0,0.40944726325715053,,8.703823678454365,11.67,92.98332103216046
2023-04-28,BHARTIARTL,2.85,35804.0,51.0,2.5494786188658836,,12.478588815097515,2.85,275.3248997738487
2023-04-28,HDFCBANK,11.39,,,,,,11.39,71.29224554502304
2023-04-28,HUL,10.53,15597.0,24.0,0.02125924869040582,,18.12437577709382,10.53,220.87413936372272
2023-04-28,INFY,15.7,38318.0,24.0,0.07264764432647644,,29.39084273390843,15.7,73.18034372511943
2023-04-28,MM,21.53,30621.0,17.0,1.6468603442055896,,15.391634658234832,21.53,55.538488264921035
2023-04-28,RELIANCE,11.67,216737.0,16.0,0.40944726325715053,,8.703823678454365,11.67,94.68295400532884
2023-05-01,BHARTIARTL,2.85,35804.0,51.0,2.5494786188658836,,12.478588815097515,2.85,
2023-05-01,HDFCBANK,11.39,,,,,,11.39,
2023-05-01,HUL,10.53,15597.0,24.0,0.02125924869040582,,18.12437577709382,10.53,
2023-05-01,INFY,15.7,38318.0,24.0,0.07264764432647644,,29.39084273390843,15.7,
2023-05-01,MM,21.53,30621.0,17.0,1.6468603442055896,,15.391634658234832,21.53,
2023-05-01,RELIANCE,11.67,216737.0,16.0,0.40944726325715053,,8.703823678454365,11.67,
2023-05-02,BHARTIARTL,2.85,35804.0,51.0,2.5494786188658836,,12.478588815097515,2.85,272.190369723136
2023-05-02,HDFCBANK,11.39,,,,,,11.39,71.27746099751701
2023-05-02,HUL,10.53,15597.0,24.0,0.02125924869040582,,18.12437577709382,10.53,220.37081089001663
2023-05-02,INFY,15.7,38318.0,24.0,0.07264764432647644,,29.39084273390843,15.7,74.62319926851114
2023-05-02,MM,21.53,30621.0,17.0,1.6468603442055896,,15.391634658234832,21.53,56.009272581136784
2023-05-02,RELIANCE,11.67,216737.0,16.0,0.40944726325715053,,8.703823678454365,11.67,95.48681891669345
2023-05-03,BHARTIARTL,2.85,35804.0,51.0,2.5494786188658836,,12.478588815097515,2.85,268.4357653166118
2023-05-03,HDFCBANK,11.39,,,,,,11.39,71.52670842707418
2023-05-03,HUL,10.53,15597.0,24.0,0.02125924869040582,,18.12437577709382,10.53,223.4538455974003
2023-05-03,INFY,15.7,38318.0,24.0,0.07264764432647644,,29.39084273390843,15.7,74.13836242287023
2023-05-03,MM,21.53,30621.0,17.0,1.6468603442055896,,15.391634658234832,21.53,55.925529965455176
2023-05-03,RELIANCE,11.67,216737.0,16.0,0.40944726325715053,,8.703823678454365,11.67,94.66730557452335
2023-05-04,BHARTIARTL,2.85,35804.0,51.0,2.5494786188658836,,12.478588815097515,2.85,271.8114591899671
2023-05-04,HDFCBANK,11.39,,,,,,11.39,72.9904911620665
2023-05-04,HUL,10.53,15597.0,24.0,0.02125924869040582,,18.12437577709382,10.53,225.3189594091287
2023-05-04,INFY,15.7,38318.0,24.0,0.07264764432647644,,29.39084273390843,15.7,74.39539429488455
2023-05-04,MM,21.53,30621.0,17.0,1.6468603442055896,,15.391634658234832,21.53,55.75577682303762
2023-05-04,RELIANCE,11.67,216737.0,16.0,0.40944726325715053,,8.703823678454365,11.67,95.75866856121465
2023-05-05,BHARTIARTL,2.85,35804.0,51.0,2.5494786188658836,,12.478588815097515,2.85,271.1914276658443
2023-05-05,HDFCBANK,11.39,,,,,,11.39,68.6751877246351
2023-05-05,HUL,10.53,15597.0,24.0,0.02125924869040582,,18.12437577709382,10.53,224.77962425065292
2023-05-05,INFY,15.7,38318.0,24.0,0.07264764432647644,,29.39084273390843,15.7,73.55127419635748
2023-05-05,MM,21.53,30621.0,17.0,1.6468603442055896,,15.391634658234832,21.53,54.827792977821645
2023-05-05,RELIANCE,11.67,216737.0,16.0,0.40944726325715053,,8.703823678454365,11.67,95.51419321042202
2023-05-08,BHARTIARTL,2.85,35804.0,51.0,2.5494786188658836,,12.478588815097515,2.85,273.4131716008772
2023-05-08,HDFCBANK,11.39,,,,,,11.39,69.46938425119347
2023-05-08,HUL,10.53,15597.0,24.0,0.02125924869040582,,18.12437577709382,10.53,226.17736990295586
2023-05-08,INFY,15.7,38318.0,24.0,0.07264764432647644,,29.39084273390843,15.7,73.9309750696656
2023-05-08,MM,21.53,30621.0,17.0,1.6468603442055896,,15.391634658234832,21.53,55.760301305591035
2023-05-08,RELIANCE,11.67,216737.0,16.0,0.40944726325715053,,8.703823678454365,11.67,96.69356816021316
2023-05-09,BHARTIARTL,2.85,35804.0,51.0,2.5494786188658836,,12.478588815097515,2.85,273.3614951685855
2023-05-09,HDFCBANK,11.39,,,,,,11.39,69.4715009225472
2023-05-09,HUL,10.53,15597.0,24.0,0.02125924869040582,,18.12437577709382,10.53,226.13243689903848
2023-05-09,INFY,15.7,38318.0,24.0,0.07264764432647644,,29.39084273390843,15.7,74.22889660877787
2023-05-09,MM,21.53,30621.0,17.0,1.6468603442055896,,15.391634658234832,21.53,56.37819934212436
2023-05-09,RELIANCE,11.67,216737.0,16.0,0.40944726325715053,,8.703823678454365,11.67,96.99282347900599
2023-05-10,BHARTIARTL,2.85,35804.0,51.0,2.5494786188658836,,12.478588815097515,2.85,274.2054293448465
2023-05-10,HDFCBANK,11.39,,,,,,11.39,69.79256513560415
2023-05-10,HUL,10.53,15597.0,24.0,0.02125924869040582,,18.12437577709382,10.53,226.75261900522318
2023-05-10,INFY,15.7,38318.0,24.0,0.07264764432647644,,29.39084273390843,15.7,73.7937120571258
2023-05-10,MM,21.53,30621.0,17.0,1.6468603442055896,,15.391634658234832,21.53,56.52305649094287
2023-05-10,RELIANCE,11.67,216737.0,16.0,0.40944726325715053,,8.703823678454365,11.67,97.65977508100364
2023-05-11,BHARTIARTL,2.85,35804.0,51.0,2.5494786188658836,,12.478588815097515,2.85,271.6392115542763
2023-05-11,HDFCBANK,11.39,,,,,,11.39,69.8390300908143
2023-05-11,HUL,10.53,15597.0,24.0,0.02125924869040582,,18.12437577709382,10.53,233.0175734879511
2023-05-11,INFY,15.7,38318.0,24.0,0.07264764432647644,,29.39084273390843,15.7,73.37602165853902
2023-05-11,MM,21.53,30621.0,17.0,1.6468603442055896,,15.391634658234832,21.53,56.64301764616233
2023-05-11,RELIANCE,11.67,216737.0,16.0,0.40944726325715053,,8.703823678454365,11.67,97.02216428676628
2023-05-12,BHARTIARTL,2.85,35804.0,51.0,2.5494786188658836,,12.478588815097515,2.85,272.7931614925987
2023-05-12,HDFCBANK,11.39,,,,,,11.39,70.4558066886386
2023-05-12,HUL,10.53,15597.0,24.0,0.02125924869040582,,18.12437577709382,10.53,235.8039993619421
2023-05-12,INFY,15.7,38318.0,24.0,0.07264764432647644,,29.39084273390843,15.7,72.7392966883957
2023-05-12,MM,21.53,30621.0,17.0,1.6468603442055896,,15.391634658234832,21.53,57.758852564009516
2023-05-12,RELIANCE,11.67,216737.0,16.0,0.40944726325715053,,8.703823678454365,11.67,97.18058372830977
2023-05-15,BHARTIARTL,5.39,36009.0,52.0,2.914018281912768,55.02,15.84131609143535,8.24,94.95960717062349
2023-05-15,HDFCBANK,11.29,,,,25.59,,22.68,35.55295160418044
2023-05-15,HUL,11.07,15215.0,23.0,0.024232665394402036,61.9,20.16340648854962,21.6,116.65682192201967
2023-05-15,INFY,14.77,37441.0,24.0,0.11005609558794277,15.14,31.970506716883047,30.47,37.87552545921193
2023-05-15,MM,21.2,32456.0,17.0,1.6365716921548452,19.37,20.178831210304086,42.730000000000004,29.323703043638833
2023-05-15,RELIANCE,14.26,212834.0,18.0,0.6309284341334763,50.41,10.349336194179966,25.93,43.8231480337688
2023-05-16,BHARTIARTL,5.39,36009.0,52.0,2.914018281912768,55.02,15.84131609143535,8.24,93.80396870733465
2023-05-16,HDFCBANK,11.29,,,,25.59,,22.68,35.34909472053434
2023-05-16,HUL,11.07,15215.0,23.0,0.024232665394402036,61.9,20.16340648854962,21.6,117.25494384765624
2023-05-16,INFY,14.77,37441.0,24.0,0.11005609558794277,15.14,31.970506716883047,30.47,38.05462067581843
2023-05-16,MM,21.2,32456.0,17.0,1.6365716921548452,19.37,20.178831210304086,42.730000000000004,28.794544094093727
2023-05-16,RELIANCE,14.26,212834.0,18.0,0.6309284341334763,50.41,10.349336194179966,25.93,43.19905002651369
2023-05-17,BHARTIARTL,5.39,36009.0,52.0,2.914018281912768,55.02,15.84131609143535,8.24,94.3877507182001
2023-05-17,HDFCBANK,11.29,,,,25.59,,22.68,35.159180656312
2023-05-17,HUL,11.07,15215.0,23.0,0.024232665394402036,61.9,20.16340648854962,21.6,116.63492838541666
2023-05-17,INFY,14.77,37441.0,24.0,0.11005609558794277,15.14,31.970506716883047,30.47,37.53088815587053
2023-05-17,MM,21.2,32456.0,17.0,1.6365716921548452,19.37,20.178831210304086,42.730000000000004,28.809370794816285
2023-05-17,RELIANCE,14.26,212834.0,18.0,0.6309284341334763,50.41,10.349336194179966,25.93,42.94378043048592
2023-05-18,BHARTIARTL,5.39,36009.0,52.0,2.914018281912768,55.02,15.84131609143535,8.24,95.23362835634101
2023-05-18,HDFCBANK,11.29,,,,25.59,,22.68,35.29973644007661
2023-05-18,HUL,11.07,15215.0,23.0,0.024232665394402036,61.9,20.16340648854962,21.6,115.13632315176504
2023-05-18,INFY,14.77,37441.0,24.0,0.11005609558794277,15.14,31.970506716883047,30.47,37.50379792111093
2023-05-18,MM,21.2,32456.0,17.0,1.6365716921548452,19.37,20.178831210304086,42.730000000000004,28.407944300513396
2023-05-18,RELIANCE,14.26,212834.0,18.0,0.6309284341334763,50.41,10.349336194179966,25.93,42.85135442025405
2023-05-19,BHARTIARTL,5.39,36009.0,52.0,2.914018281912768,55.02,15.84131609143535,8.24,95.99611597153746
2023-05-19,HDFCBANK,11.29,,,,25.59,,22.68,35.340509969721396
2023-05-19,HUL,11.07,15215.0,23.0,0.024232665394402036,61.9,20.16340648854962,21.6,115.74538619429975
2023-05-19,INFY,14.77,37441.0,24.0,0.11005609558794277,15.14,31.970506716883047,30.47,38.19307252779373
2023-05-19,MM,21.2,32456.0,17.0,1.6365716921548452,19.37,20.178831210304086,42.730000000000004,28.747789993125437
2023-05-19,RELIANCE,14.26,212834.0,18.0,0.6309284341334763,50.41,10.349336194179966,25.93,42.990428896608655
2023-05-22,BHARTIARTL,5.39,36009.0,52.0,2.914018281912768,55.02,15.84131609143535,8.24,95.53147843740518
2023-05-22,HDFCBANK,11.29,,,,25.59,,22.68,35.21497346316276
2023-05-22,HUL,11.07,15215.0,23.0,0.024232665394402036,61.9,20.16340648854962,21.6,115.59861924913194
2023-05-22,INFY,14.77,37441.0,24.0,0.11005609558794277,15.14,31.970506716883047,30.47,38.912446059905236
2023-05-22,MM,21.2,32456.0,17.0,1.6365716921548452,19.37,20.178831210304086,42.730000000000004,28.865255172375964
2023-05-22,RELIANCE,14.26,212834.0,18.0,0.6309284341334763,50.41,10.349336194179966,25.93,43.220173416108274
2023-05-23,BHARTIARTL,5.39,36009.0,52.0,2.914018281912768,55.02,15.84131609143535,8.24,95.30511504238092
2023-05-23,HDFCBANK,11.29,,,,25.59,,22.68,35.13235801952436
2023-05-23,HUL,11.07,15215.0,23.0,0.024232665394402036,61.9,20.16340648854962,21.6,115.16919171368633
2023-05-23,INFY,14.77,37441.0,24.0,0.11005609558794277,15.14,31.970506716883047,30.47,39.130670280193634
2023-05-23,MM,21.2,32456.0,17.0,1.6365716921548452,19.37,20.178831210304086,42.730000000000004,28.93368082472794
2023-05-23,RELIANCE,14.26,212834.0,18.0,0.6309284341334763,50.41,10.349336194179966,25.93,43.21225037962785
2023-05-24,BHARTIARTL,5.39,36009.0,52.0,2.914018281912768,55.02,15.84131609143535,8.24,95.4778726818492
2023-05-24,HDFCBANK,11.29,,,,25.59,,22.68,34.67314112964341
2023-05-24,HUL,11.07,15215.0,23.0,0.024232665394402036,61.9,20.16340648854962,21.6,114.5841923466435
2023-05-24,INFY,14.77,37441.0,24.0,0.11005609558794277,15.14,31.970506716883047,30.47,39.08852857959673
2023-05-24,MM,21.2,32456.0,17.0,1.6365716921548452,19.37,20.178831210304086,42.730000000000004,29.096757391981626
2023-05-24,RELIANCE,14.26,212834.0,18.0,0.6309284341334763,50.41,10.349336194179966,25.93,42.960506840833496
2023-05-25,BHARTIARTL,5.39,36009.0,52.0,2.914018281912768,55.02,15.84131609143535,8.24,98.0155204106303
2023-05-25,HDFCBANK,11.29,,,,25.59,,22.68,34.54009363890956
2023-05-25,HUL,11.07,15215.0,23.0,0.024232665394402036,61.9,20.16340648854962,21.6,113.80860505280671
2023-05-25,INFY,14.77,37441.0,24.0,0.11005609558794277,15.14,31.970506716883047,30.47,39.260096060161636
2023-05-25,MM,21.2,32456.0,17.0,1.6365716921548452,19.37,20.178831210304086,42.730000000000004,29.14465706269746
2023-05-25,RELIANCE,14.26,212834.0,18.0,0.6309284341334763,50.41,10.349336194179966,25.93,42.95522481651321
2023-05-26,BHARTIARTL,5.39,36009.0,52.0,2.914018281912768,55.02,15.84131609143535,8.24,97.44961192306963
2023-05-26,HDFCBANK,11.29,,,,25.59,,22.68,34.67314112964341
2023-05-26,HUL,11.07,15215.0,23.0,0.024232665394402036,61.9,20.16340648854962,21.6,116.22303150318287
2023-05-26,INFY,14.77,37441.0,24.0,0.11005609558794277,15.14,31.970506716883047,30.47,39.654394787649736
2023-05-26,MM,21.2,32456.0,17.0,1.6365716921548452,19.37,20.178831210304086,42.730000000000004,29.237028265233732
2023-05-26,RELIANCE,14.26,212834.0,18.0,0.6309284341334763,50.41,10.349336194179966,25.93,44.12683618606585
2023-05-29,BHARTIARTL,5.39,36009.0,52.0,2.914018281912768,55.02,15.84131609143535,8.24,97.84276277116201
2023-05-29,HDFCBANK,11.29,,,,25.59,,22.68,35.095876865286044
2023-05-29,HUL,11.07,15215.0,23.0,0.024232665394402036,61.9,20.16340648854962,21.6,116.13319679542823
2023-05-29,INFY,14.77,37441.0,24.0,0.11005609558794277,15.14,31.970506716883047,30.47,39.56258765666024
2023-05-29,MM,21.2,32456.0,17.0,1.6365716921548452,19.37,20.178831210304086,42.730000000000004,30.33868069674409
2023-05-29,RELIANCE,14.26,212834.0,18.0,0.6309284341334763,50.41,10.349336194179966,25.93,44.375058375313344
2023-05-30,BHARTIARTL,5.39,36009.0,52.0,2.914018281912768,55.02,15.84131609143535,8.24,97.50918786502578
2023-05-30,HDFCBANK,11.29,,,,25.59,,22.68,35.122702193218146
2023-05-30,HUL,11.07,15215.0,23.0,0.024232665394402036,61.9,20.16340648854962,21.6,116.4070411964699
2023-05-30,INFY,14.77,37441.0,24.0,0.11005609558794277,15.14,31.970506716883047,30.47,39.84703111539014
2023-05-30,MM,21.2,32456.0,17.0,1.6365716921548452,19.37,20.178831210304086,42.730000000000004,30.29990558905482
2023-05-30,RELIANCE,14.26,212834.0,18.0,0.6309284341334763,50.41,10.349336194179966,25.93,44.36361869697262
2023-05-31,BHARTIARTL,5.39,36009.0,52.0,2.914018281912768,55.02,15.84131609143535,8.24,101.25610203418917
2023-05-31,HDFCBANK,11.29,,,,25.59,,22.68,34.566918966841655
2023-05-31,HUL,11.07,15215.0,23.0,0.024232665394402036,61.9,20.16340648854962,21.6,116.88907199435764
2023-05-31,INFY,14.77,37441.0,24.0,0.11005609558794277,15.14,31.970506716883047,30.47,39.67998268019774
2023-05-31,MM,21.2,32456.0,17.0,1.6365716921548452,19.37,20.178831210304086,42.730000000000004,30.084364212789605
2023-05-31,RELIANCE,14.26,212834.0,18.0,0.6309284341334763,50.41,10.349336194179966,25.93,43.48249041891631
2023-06-01,BHARTIARTL,5.39,36009.0,52.0,2.914018281912768,55.02,15.84131609143535,8.24,98.64099743296799
2023-06-01,HDFCBANK,11.29,,,,25.59,,22.68,34.41992596553957
2023-06-01,HUL,11.07,15215.0,23.0,0.024232665394402036,61.9,20.16340648854962,21.6,118.21897153501156
2023-06-01,INFY,14.77,37441.0,24.0,0.11005609558794277,15.14,31.970506716883047,30.47,39.716094980718744
2023-06-01,MM,21.2,32456.0,17.0,1.6365716921548452,19.37,20.178831210304086,42.730000000000004,30.082084500424173
2023-06-01,RELIANCE,14.26,212834.0,18.0,0.6309284341334763,50.41,10.349336194179966,25.93,43.365419669543
2023-06-02,BHARTIARTL,5.39,36009.0,52.0,2.914018281912768,55.02,15.84131609143535,8.24,99.65964011775637
2023-06-02,HDFCBANK,11.29,,,,25.59,,22.68,34.47357393025931
2023-06-02,HUL,11.07,15215.0,23.0,0.024232665394402036,61.9,20.16340648854962,21.6,119.04275399667245
2023-06-02,INFY,14.77,37441.0,24.0,0.11005609558794277,15.14,31.970506716883047,30.47,39.62459232441746
2023-06-02,MM,21.2,32456.0,17.0,1.6365716921548452,19.37,20.178831210304086,42.730000000000004,30.59527403628159
2023-06-02,RELIANCE,14.26,212834.0,18.0,0.6309284341334763,50.41,10.349336194179966,25.93,43.22369476565513
2023-06-05,BHARTIARTL,5.39,36009.0,52.0,2.914018281912768,55.02,15.84131609143535,8.24,99.4213585714692
2023-06-05,HDFCBANK,11.29,,,,25.59,,22.68,34.42851071635251
2023-06-05,HUL,11.07,15215.0,23.0,0.024232665394402036,61.9,20.16340648854962,21.6,118.12695538556133
2023-06-05,INFY,14.77,37441.0,24.0,0.11005609558794277,15.14,31.970506716883047,30.47,39.79236188387143
2023-06-05,MM,21.2,32456.0,17.0,1.6365716921548452,19.37,20.178831210304086,42.730000000000004,31.826932921834775
2023-06-05,RELIANCE,14.26,212834.0,18.0,0.6309284341334763,50.41,10.349336194179966,25.93,43.61188589170363
2023-06-06,BHARTIARTL,5.39,36009.0,52.0,2.914018281912768,55.02,15.84131609143535,8.24,98.81971044447815
2023-06-06,HDFCBANK,11.29,,,,25.59,,22.68,34.321217478057484
2023-06-06,HUL,11.07,15215.0,23.0,0.024232665394402036,61.9,20.16340648854962,21.6,117.92318838614004
2023-06-06,INFY,14.77,37441.0,24.0,0.11005609558794277,15.14,31.970506716883047,30.47,39.014513186638496
2023-06-06,MM,21.2,32456.0,17.0,1.6365716921548452,19.37,20.178831210304086,42.730000000000004,32.187301739300544
2023-06-06,RELIANCE,14.26,212834.0,18.0,0.6309284341334763,50.41,10.349336194179966,25.93,43.648860061945626
2023-06-07,BHARTIARTL,5.39,36009.0,52.0,2.914018281912768,55.02,15.84131609143535,8.24,100.58296722115821
2023-06-07,HDFCBANK,11.29,,,,25.59,,22.68,34.499322800409224
2023-06-07,HUL,11.07,15215.0,23.0,0.024232665394402036,61.9,20.16340648854962,21.6,119.02086046006944
2023-06-07,INFY,14.77,37441.0,24.0,0.11005609558794277,15.14,31.970506716883047,30.47,39.3180223695951
2023-06-07,MM,21.2,32456.0,17.0,1.6365716921548452,19.37,20.178831210304086,42.730000000000004,32.07782412367628
2023-06-07,RELIANCE,14.26,212834.0,18.0,0.6309284341334763,50.41,10.349336194179966,25.93,43.97983396554425
2023-06-08,BHARTIARTL,5.39,36009.0,52.0,2.914018281912768,55.02,15.84131609143535,8.24,99.60006417580021
2023-06-08,HDFCBANK,11.29,,,,25.59,,22.68,34.52077929515267
2023-06-08,HUL,11.07,15215.0,23.0,0.024232665394402036,61.9,20.16340648854962,21.6,117.43022777416087
2023-06-08,INFY,14.77,37441.0,24.0,0.11005609558794277,15.14,31.970506716883047,30.47,39.130429905439776
2023-06-08,MM,21.2,32456.0,17.0,1.6365716921548452,19.37,20.178831210304086,42.730000000000004,31.49963421757986
2023-06-08,RELIANCE,14.26,212834.0,18.0,0.6309284341334763,50.41,10.349336194179966,25.93,44.00623467177256
2023-06-09,BHARTIARTL,5.39,36009.0,52.0,2.914018281912768,55.02,15.84131609143535,8.24,99.3022215019152
2023-06-09,HDFCBANK,11.29,,,,25.59,,22.68,34.56155551594191
2023-06-09,HUL,11.07,15215.0,23.0,0.024232665394402036,61.9,20.16340648854962,21.6,115.51535147207754
2023-06-09,INFY,14.77,37441.0,24.0,0.11005609558794277,15.14,31.970506716883047,30.47,38.616432563023054
2023-06-09,MM,21.2,32456.0,17.0,1.6365716921548452,19.37,20.178831210304086,42.730000000000004,31.26242414671337
2023-06-09,RELIANCE,14.26,212834.0,18.0,0.6309284341334763,50.41,10.349336194179966,25.93,43.69463760605476
2023-06-12,BHARTIARTL,5.39,36009.0,52.0,2.914018281912768,55.02,15.84131609143535,8.24,99.64176659445161
2023-06-12,HDFCBANK,11.29,,,,25.59,,22.68,34.35125872361387
2023-06-12,HUL,11.07,15215.0,23.0,0.024232665394402036,61.9,20.16340648854962,21.6,115.83303946035879
2023-06-12,INFY,14.77,37441.0,24.0,0.11005609558794277,15.14,31.970506716883047,30.47,39.40953303838817
2023-06-12,MM,21.2,32456.0,17.0,1.6365716921548452,19.37,20.178831210304086,42.730000000000004,31.507613210858878
2023-06-12,RELIANCE,14.26,212834.0,18.0,0.6309284341334763,50.41,10.349336194179966,25.93,43.73336303569707
2023-06-13,BHARTIARTL,5.39,36009.0,52.0,2.914018281912768,55.02,15.84131609143535,8.24,99.40348504816444
2023-06-13,HDFCBANK,11.29,,,,25.59,,22.68,34.40919368145117
2023-06-13,HUL,11.07,15215.0,23.0,0.024232665394402036,61.9,20.16340648854962,21.6,117.25494384765624
2023-06-13,INFY,14.77,37441.0,24.0,0.11005609558794277,15.14,31.970506716883047,30.47,39.80303852918855
2023-06-13,MM,21.2,32456.0,17.0,1.6365716921548452,19.37,20.178831210304086,42.730000000000004,31.31944266689094
2023-06-13,RELIANCE,14.26,212834.0,18.0,0.6309284341334763,50.41,10.349336194179966,25.93,44.37946476993348
2023-06-14,BHARTIARTL,5.39,36009.0,52.0,2.914018281912768,55.02,15.84131609143535,8.24,98.64099743296799
2023-06-14,HDFCBANK,11.29,,,,25.59,,22.68,34.371641451719576
2023-06-14,HUL,11.07,15215.0,23.0,0.024232665394402036,61.9,20.16340648854962,21.6,118.25621428313077
2023-06-14,INFY,14.77,37441.0,24.0,0.11005609558794277,15.14,31.970506716883047,30.47,39.66729489944002
2023-06-14,MM,21.2,32456.0,17.0,1.6365716921548452,19.37,20.178831210304086,42.730000000000004,31.4448896962029
2023-06-14,RELIANCE,14.26,212834.0,18.0,0.6309284341334763,50.41,10.349336194179966,25.93,44.92521745745758
2023-06-15,BHARTIARTL,5.39,36009.0,52.0,2.914018281912768,55.02,15.84131609143535,8.24,98.84949471186665
2023-06-15,HDFCBANK,11.29,,,,25.59,,22.68,33.94890571607694
2023-06-15,HUL,11.07,15215.0,23.0,0.024232665394402036,61.9,20.16340648854962,21.6,117.85965530960647
2023-06-15,INFY,14.77,37441.0,24.0,0.11005609558794277,15.14,31.970506716883047,30.47,39.25244413049721
2023-06-15,MM,21.2,32456.0,17.0,1.6365716921548452,19.37,20.178831210304086,42.730000000000004,31.76648911954423
2023-06-15,RELIANCE,14.26,212834.0,18.0,0.6309284341334763,50.41,10.349336194179966,25.93,44.93754218087158
2023-06-16,BHARTIARTL,5.39,36009.0,52.0,2.914018281912768,55.02,15.84131609143535,8.24,99.81451682674074
2023-06-16,HDFCBANK,11.29,,,,25.59,,22.68,34.393100637607475
2023-06-16,HUL,11.07,15215.0,23.0,0.024232665394402036,61.9,20.16340648854962,21.6,118.99675157335069
2023-06-16,INFY,14.77,37441.0,24.0,0.11005609558794277,15.14,31.970506716883047,30.47,39.40038277275804
2023-06-16,MM,21.2,32456.0,17.0,1.6365716921548452,19.37,20.178831210304086,42.730000000000004,32.01966289053358
2023-06-16,RELIANCE,14.26,212834.0,18.0,0.6309284341334763,50.41,10.349336194179966,25.93,45.37502749288951
2023-06-19,BHARTIARTL,5.39,36009.0,52.0,2.914018281912768,55.02,15.84131609143535,8.24,98.66482632831462
2023-06-19,HDFCBANK,11.29,,,,25.59,,22.68,34.42314726545277
2023-06-19,HUL,11.07,15215.0,23.0,0.024232665394402036,61.9,20.16340648854962,21.6,118.53731508608217
2023-06-19,INFY,14.77,37441.0,24.0,0.11005609558794277,15.14,31.970506716883047,30.47,39.47207454309567
2023-06-19,MM,21.2,32456.0,17.0,1.6365716921548452,19.37,20.178831210304086,42.730000000000004,31.990015202653286
2023-06-19,RELIANCE,14.26,212834.0,18.0,0.6309284341334763,50.41,10.349336194179966,25.93,44.92433712007087
2023-06-20,BHARTIARTL,5.39,36009.0,52.0,2.914018281912768,55.02,15.84131609143535,8.24,99.02820031619765
2023-06-20,HDFCBANK,11.29,,,,25.59,,22.68,34.49503311614721
2023-06-20,HUL,11.07,15215.0,23.0,0.024232665394402036,61.9,20.16340648854962,21.6,118.22144684968171
2023-06-20,INFY,14.77,37441.0,24.0,0.11005609558794277,15.14,31.970506716883047,30.47,39.758809574478995
2023-06-20,MM,21.2,32456.0,17.0,1.6365716921548452,19.37,20.178831210304086,42.730000000000004,31.85088132880148
2023-06-20,RELIANCE,14.26,212834.0,18.0,0.6309284341334763,50.41,10.349336194179966,25.93,45.01764346768945
2023-06-21,BHARTIARTL,5.39,36009.0,52.0,2.914018281912768,55.02,15.84131609143535,8.24,99.95749019882054
2023-06-21,HDFCBANK,11.29,,,,25.59,,22.68,35.098024398561506
2023-06-21,HUL,11.07,15215.0,23.0,0.024232665394402036,61.9,20.16340648854962,21.6,118.24353253399883
2023-06-21,INFY,14.77,37441.0,24.0,0.11005609558794277,15.14,31.970506716883047,30.47,39.63526095724278
2023-06-21,MM,21.2,32456.0,17.0,1.6365716921548452,19.37,20.178831210304086,42.730000000000004,31.344530930040367
2023-06-21,RELIANCE,14.26,212834.0,18.0,0.6309284341334763,50.41,10.349336194179966,25.93,45.14439792831662
2023-06-22,BHARTIARTL,5.39,36009.0,52.0,2.914018281912768,55.02,15.84131609143535,8.24,100.41020958168993
2023-06-22,HDFCBANK,11.29,,,,25.59,,22.68,35.269695194520224
2023-06-22,HUL,11.07,15215.0,23.0,0.024232665394402036,61.9,20.16340648854962,21.6,117.26061785662615
2023-06-22,INFY,14.77,37441.0,24.0,0.11005609558794277,15.14,31.970506716883047,30.47,39.092298456986384
2023-06-22,MM,21.2,32456.0,17.0,1.6365716921548452,19.37,20.178831210304086,42.730000000000004,31.446029552385617
2023-06-22,RELIANCE,14.26,212834.0,18.0,0.6309284341334763,50.41,10.349336194179966,25.93,44.637375378121384
2023-06-23,BHARTIARTL,5.39,36009.0,52.0,2.914018281912768,55.02,15.84131609143535,8.24,101.8398692306963
2023-06-23,HDFCBANK,11.29,,,,25.59,,22.68,35.26755035238922
2023-06-23,HUL,11.07,15215.0,23.0,0.024232665394402036,61.9,20.16340648854962,21.6,116.69734248408564
2023-06-23,INFY,14.77,37441.0,24.0,0.11005609558794277,15.14,31.970506716883047,30.47,38.58745538644568
2023-06-23,MM,21.2,32456.0,17.0,1.6365716921548452,19.37,20.178831210304086,42.730000000000004,31.321725236038787
2023-06-23,RELIANCE,14.26,212834.0,18.0,0.6309284341334763,50.41,10.349336194179966,25.93,44.27207302412746
2023-06-26,BHARTIARTL,5.39,36009.0,52.0,2.914018281912768,55.02,15.84131609143535,8.24,101.50033154533905
2023-06-26,HDFCBANK,11.29,,,,25.59,,22.68,35.096950631923775
2023-06-26,HUL,11.07,15215.0,23.0,0.024232665394402036,61.9,20.16340648854962,21.6,117.16120967158564
2023-06-26,INFY,14.77,37441.0,24.0,0.11005609558794277,15.14,31.970506716883047,30.47,38.75065381933049
2023-06-26,MM,21.2,32456.0,17.0,1.6365716921548452,19.37,20.178831210304086,42.730000000000004,31.878252161098757
2023-06-26,RELIANCE,14.26,212834.0,18.0,0.6309284341334763,50.41,10.349336194179966,25.93,43.93406112912167
2023-06-27,BHARTIARTL,5.39,36009.0,52.0,2.914018281912768,55.02,15.84131609143535,8.24,103.0431802990367
2023-06-27,HDFCBANK,11.29,,,,25.59,,22.68,35.59157760054977
2023-06-27,HUL,11.07,15215.0,23.0,0.024232665394402036,61.9,20.16340648854962,21.6,117.12808114510995
2023-06-27,INFY,14.77,37441.0,24.0,0.11005609558794277,15.14,31.970506716883047,30.47,39.019084313207664
2023-06-27,MM,21.2,32456.0,17.0,1.6365716921548452,19.37,20.178831210304086,42.730000000000004,31.98659277732272
2023-06-27,RELIANCE,14.26,212834.0,18.0,0.6309284341334763,50.41,10.349336194179966,25.93,43.94990720208253
2023-06-28,BHARTIARTL,5.39,36009.0,52.0,2.914018281912768,55.02,15.84131609143535,8.24,103.91289423970342
2023-06-28,HDFCBANK,11.29,,,,25.59,,22.68,35.96818173793678
2023-06-28,HUL,11.07,15215.0,23.0,0.024232665394402036,61.9,20.16340648854962,21.6,117.56544325086804
2023-06-28,INFY,14.77,37441.0,24.0,0.11005609558794277,15.14,31.970506716883047,30.47,39.452243625902526
2023-06-28,MM,21.2,32456.0,17.0,1.6365716921548452,19.37,20.178831210304086,42.730000000000004,31.81780835880821
2023-06-28,RELIANCE,14.26,212834.0,18.0,0.6309284341334763,50.41,10.349336194179966,25.93,44.53174901477536
2023-06-29,BHARTIARTL,5.39,36009.0,52.0,2.914018281912768,55.02,15.84131609143535,8.24,
2023-06-29,HDFCBANK,11.29,,,,25.59,,22.68,
2023-06-29,HUL,11.07,15215.0,23.0,0.024232665394402036,61.9,20.16340648854962,21.6,
2023-06-29,INFY,14.77,37441.0,24.0,0.11005609558794277,15.14,31.970506716883047,30.47,
2023-06-29,MM,21.2,32456.0,17.0,1.6365716921548452,19.37,20.178831210304086,42.730000000000004,
2023-06-29,RELIANCE,14.26,212834.0,18.0,0.6309284341334763,50.41,10.349336194179966,25.93,
2023-06-30,BHARTIARTL,5.39,36009.0,52.0,2.914018281912768,55.02,15.84131609143535,8.24,104.69325537820464
2023-06-30,HDFCBANK,11.29,,,,25.59,,22.68,36.510014071456126
2023-06-30,HUL,11.07,15215.0,23.0,0.024232665394402036,61.9,20.16340648854962,21.6,118.31200493706596
2023-06-30,INFY,14.77,37441.0,24.0,0.11005609558794277,15.14,31.970506716883047,30.47,40.737980140558335
2023-06-30,MM,21.2,32456.0,17.0,1.6365716921548452,19.37,20.178831210304086,42.730000000000004,33.154385435254795
2023-06-30,RELIANCE,14.26,212834.0,18.0,0.6309284341334763,50.41,10.349336194179966,25.93,44.89705136876928
2023-07-03,BHARTIARTL,5.39,36009.0,52.0,2.914018281912768,55.02,15.84131609143535,8.24,104.74090576171875
2023-07-03,HDFCBANK,11.29,,,,25.59,,22.68,36.904858785962304
2023-07-03,HUL,11.07,15215.0,23.0,0.024232665394402036,61.9,20.16340648854962,21.6,119.32367395471643
2023-07-03,INFY,14.77,37441.0,24.0,0.11005609558794277,15.14,31.970506716883047,30.47,40.683070534285775
2023-07-03,MM,21.2,32456.0,17.0,1.6365716921548452,19.37,20.178831210304086,42.730000000000004,33.48168699629212
2023-07-03,RELIANCE,14.26,212834.0,18.0,0.6309284341334763,50.41,10.349336194179966,25.93,46.04929531581421
2023-07-04,BHARTIARTL,5.39,36009.0,52.0,2.914018281912768,55.02,15.84131609143535,8.24,103.07296456642521
2023-07-04,HDFCBANK,11.29,,,,25.59,,22.68,37.085108950445054
2023-07-04,HUL,11.07,15215.0,23.0,0.024232665394402036,61.9,20.16340648854962,21.6,119.27727593315971
2023-07-04,INFY,14.77,37441.0,24.0,0.11005609558794277,15.14,31.970506716883047,30.47,41.0323470703766
2023-07-04,MM,21.2,32456.0,17.0,1.6365716921548452,19.37,20.178831210304086,42.730000000000004,33.40185421176574
2023-07-04,RELIANCE,14.26,212834.0,18.0,0.6309284341334763,50.41,10.349336194179966,25.93,45.57484054124084
2023-07-05,BHARTIARTL,5.39,36009.0,52.0,2.914018281912768,55.02,15.84131609143535,8.24,103.25167757793537
2023-07-05,HDFCBANK,11.29,,,,25.59,,22.68,35.90702009789738
2023-07-05,HUL,11.07,15215.0,23.0,0.024232665394402036,61.9,20.16340648854962,21.6,121.74454300491897
2023-07-05,INFY,14.77,37441.0,24.0,0.11005609558794277,15.14,31.970506716883047,30.47,41.097929315720386
2023-07-05,MM,21.2,32456.0,17.0,1.6365716921548452,19.37,20.178831210304086,42.730000000000004,33.650468558024215
2023-07-05,RELIANCE,14.26,212834.0,18.0,0.6309284341334763,50.41,10.349336194179966,25.93,45.500021278743255
2023-07-06,BHARTIARTL,5.39,36009.0,52.0,2.914018281912768,55.02,15.84131609143535,8.24,103.60908878659738
2023-07-06,HDFCBANK,11.29,,,,25.59,,22.68,35.94350394328015
2023-07-06,HUL,11.07,15215.0,23.0,0.024232665394402036,61.9,20.16340648854962,21.6,121.79977982132522
2023-07-06,INFY,14.77,37441.0,24.0,0.11005609558794277,15.14,31.970506716883047,30.47,40.994223634415
2023-07-06,MM,21.2,32456.0,17.0,1.6365716921548452,19.37,20.178831210304086,42.730000000000004,35.32575147090012
2023-07-06,RELIANCE,14.26,212834.0,18.0,0.6309284341334763,50.41,10.349336194179966,25.93,46.45508848191043
2023-07-07,BHARTIARTL,5.39,36009.0,52.0,2.914018281912768,55.02,15.84131609143535,8.24,103.70439696080476
2023-07-07,HDFCBANK,11.29,,,,25.59,,22.68,35.630203596919095
2023-07-07,HUL,11.07,15215.0,23.0,0.024232665394402036,61.9,20.16340648854962,21.6,119.19334129050925
2023-07-07,INFY,14.77,37441.0,24.0,0.11005609558794277,15.14,31.970506716883047,30.47,40.57631209360642
2023-07-07,MM,21.2,32456.0,17.0,1.6365716921548452,19.37,20.178831210304086,42.730000000000004,35.675861582721446
2023-07-07,RELIANCE,14.26,212834.0,18.0,0.6309284341334763,50.41,10.349336194179966,25.93,46.36442785413855
2023-07-10,BHARTIARTL,5.39,36009.0,52.0,2.914018281912768,55.02,15.84131609143535,8.24,105.48553466796875
2023-07-10,HDFCBANK,11.29,,,,25.59,,22.68,35.54544062000524
2023-07-10,HUL,11.07,15215.0,23.0,0.024232665394402036,61.9,20.16340648854962,21.6,117.35781069155092
2023-07-10,INFY,14.77,37441.0,24.0,0.11005609558794277,15.14,31.970506716883047,30.47,40.54428616390097
2023-07-10,MM,21.2,32456.0,17.0,1.6365716921548452,19.37,20.178831210304086,42.730000000000004,35.38504970344313
2023-07-10,RELIANCE,14.26,212834.0,18.0,0.6309284341334763,50.41,10.349336194179966,25.93,48.150448812005884
2023-07-11,BHARTIARTL,5.39,36009.0,52.0,2.914018281912768,55.02,15.84131609143535,8.24,106.25993302724893
2023-07-11,HDFCBANK,11.29,,,,25.59,,22.68,35.37269605740879
2023-07-11,HUL,11.07,15215.0,23.0,0.024232665394402036,61.9,20.16340648854962,21.6,118.59254059968171
2023-07-11,INFY,14.77,37441.0,24.0,0.11005609558794277,15.14,31.970506716883047,30.47,41.13758714386076
2023-07-11,MM,21.2,32456.0,17.0,1.6365716921548452,19.37,20.178831210304086,42.730000000000004,35.79674347373771
2023-07-11,RELIANCE,14.26,212834.0,18.0,0.6309284341334763,50.41,10.349336194179966,25.93,48.6724323900887
2023-07-12,BHARTIARTL,5.39,36009.0,52.0,2.914018281912768,55.02,15.84131609143535,8.24,106.0276142601828
2023-07-12,HDFCBANK,11.29,,,,25.59,,22.68,35.04115782507303
2023-07-12,HUL,11.07,15215.0,23.0,0.024232665394402036,61.9,20.16340648854962,21.6,118.11322247540508
2023-07-12,INFY,14.77,37441.0,24.0,0.11005609558794277,15.14,31.970506716883047,30.47,40.67087552177347
2023-07-12,MM,21.2,32456.0,17.0,1.6365716921548452,19.37,20.178831210304086,42.730000000000004,35.82867373076585
2023-07-12,RELIANCE,14.26,212834.0,18.0,0.6309284341334763,50.41,10.349336194179966,25.93,48.72612355530515
2023-07-13,BHARTIARTL,5.39,36009.0,52.0,2.914018281912768,55.02,15.84131609143535,8.24,105.4438248421382
2023-07-13,HDFCBANK,11.29,,,,25.59,,22.68,35.21604722980049
2023-07-13,HUL,11.07,15215.0,23.0,0.024232665394402036,61.9,20.16340648854962,21.6,117.27606879340277
2023-07-13,INFY,14.77,37441.0,24.0,0.11005609558794277,15.14,31.970506716883047,30.47,41.64089982846858
2023-07-13,MM,21.2,32456.0,17.0,1.6365716921548452,19.37,20.178831210304086,42.730000000000004,35.738582240595015
2023-07-13,RELIANCE,14.26,212834.0,18.0,0.6309284341334763,50.41,10.349336194179966,25.93,48.2904036257472
2023-07-14,BHARTIARTL,5.39,36009.0,52.0,2.914018281912768,55.02,15.84131609143535,8.24,105.61657507442733
2023-07-14,HDFCBANK,11.29,,,,25.59,,22.68,35.289009538277114
2023-07-14,HUL,11.07,15215.0,23.0,0.024232665394402036,61.9,20.16340648854962,21.6,118.25677942346643
2023-07-14,INFY,14.77,37441.0,24.0,0.11005609558794277,15.14,31.970506716883047,30.47,43.49705765276296
2023-07-14,MM,21.2,32456.0,17.0,1.6365716921548452,19.37,20.178831210304086,42.730000000000004,35.644091305508425
2023-07-14,RELIANCE,14.26,212834.0,18.0,0.6309284341334763,50.41,10.349336194179966,25.93,48.24991281364491
2023-07-17,BHARTIARTL,5.39,36009.0,52.0,2.914018281912768,55.02,15.84131609143535,8.24,104.61581332012287
2023-07-17,HDFCBANK,11.29,,,,25.59,,22.68,36.027190462411816
2023-07-17,HUL,11.07,15215.0,23.0,0.024232665394402036,61.9,20.16340648854962,21.6,118.46883138020833
2023-07-17,INFY,14.77,37441.0,24.0,0.11005609558794277,15.14,31.970506716883047,30.47,43.40554698396989
2023-07-17,MM,21.2,32456.0,17.0,1.6365716921548452,19.37,20.178831210304086,42.730000000000004,35.4078525406623
2023-07-17,RELIANCE,14.26,212834.0,18.0,0.6309284341334763,50.41,10.349336194179966,25.93,49.23579653303365
2023-07-18,BHARTIARTL,5.39,36009.0,52.0,2.914018281912768,55.02,15.84131609143535,8.24,104.3000971229331
2023-07-18,HDFCBANK,11.29,,,,25.59,,22.68,35.99714921685543
2023-07-18,HUL,11.07,15215.0,23.0,0.024232665394402036,61.9,20.16340648854962,21.6,118.51744475188077
2023-07-18,INFY,14.77,37441.0,24.0,0.11005609558794277,15.14,31.970506716883047,30.47,44.99937983313505
2023-07-18,MM,21.2,32456.0,17.0,1.6365716921548452,19.37,20.178831210304086,42.730000000000004,35.370977193277554
2023-07-18,RELIANCE,14.26,212834.0,18.0,0.6309284341334763,50.41,10.349336194179966,25.93,49.653909714857306
2023-07-19,BHARTIARTL,5.39,36009.0,52.0,2.914018281912768,55.02,15.84131609143535,8.24,103.74014400741429
2023-07-19,HDFCBANK,11.29,,,,25.59,,22.68,36.160235262001216
2023-07-19,HUL,11.07,15215.0,23.0,0.024232665394402036,61.9,20.16340648854962,21.6,118.02265308521412
2023-07-19,INFY,14.77,37441.0,24.0,0.11005609558794277,15.14,31.970506716883047,30.47,44.99175594719191
2023-07-19,MM,21.2,32456.0,17.0,1.6365716921548452,19.37,20.178831210304086,42.730000000000004,35.595688841087934
2023-07-19,RELIANCE,14.26,212834.0,18.0,0.6309284341334763,50.41,10.349336194179966,25.93,50.03065645487852
2023-07-20,BHARTIARTL,5.39,36009.0,52.0,2.914018281912768,55.02,15.84131609143535,8.24,105.41999594679156
2023-07-20,HDFCBANK,11.29,,,,25.59,,22.68,36.23856102137759
2023-07-20,HUL,11.07,15215.0,23.0,0.024232665394402036,61.9,20.16340648854962,21.6,119.42085548683448
2023-07-20,INFY,14.77,37441.0,24.0,0.11005609558794277,15.14,31.970506716883047,30.47,44.21542962340007
2023-07-20,MM,21.2,32456.0,17.0,1.6365716921548452,19.37,20.178831210304086,42.730000000000004,35.61642908140504
2023-07-20,RELIANCE,14.26,212834.0,18.0,0.6309284341334763,50.41,10.349336194179966,25.93,49.97006852885172
2023-07-21,BHARTIARTL,5.39,36009.0,52.0,2.914018281912768,55.02,15.84131609143535,8.24,105.55700653965033
2023-07-21,HDFCBANK,11.29,,,,25.59,,22.68,35.959596987123845
2023-07-21,HUL,11.07,15215.0,23.0,0.024232665394402036,61.9,20.16340648854962,21.6,115.03631591796874
2023-07-21,INFY,14.77,37441.0,24.0,0.11005609558794277,15.14,31.970506716883047,30.47,40.61901867487488
2023-07-21,MM,21.2,32456.0,17.0,1.6365716921548452,19.37,20.178831210304086,42.730000000000004,35.11284404801954
2023-07-21,RELIANCE,14.26,212834.0,18.0,0.6309284341334763,50.41,10.349336194179966,25.93,48.42319334054425
2023-07-24,BHARTIARTL,5.39,36009.0,52.0,2.914018281912768,55.02,15.84131609143535,8.24,105.81316160924226
2023-07-24,HDFCBANK,11.29,,,,25.59,,22.68,36.01646086946787
2023-07-24,HUL,11.07,15215.0,23.0,0.024232665394402036,61.9,20.16340648854962,21.6,113.98709897641781
2023-07-24,INFY,14.77,37441.0,24.0,0.11005609558794277,15.14,31.970506716883047,30.47,40.77153645619667
2023-07-24,MM,21.2,32456.0,17.0,1.6365716921548452,19.37,20.178831210304086,42.730000000000004,35.651001862165046
2023-07-24,RELIANCE,14.26,212834.0,18.0,0.6309284341334763,50.41,10.349336194179966,25.93,47.44376385942923
2023-07-25,BHARTIARTL,5.39,36009.0,52.0,2.914018281912768,55.02,15.84131609143535,8.24,105.27703738907009
2023-07-25,HDFCBANK,11.29,,,,25.59,,22.68,36.40701051742312
2023-07-25,HUL,11.07,15215.0,23.0,0.024232665394402036,61.9,20.16340648854962,21.6,113.45255533854166
2023-07-25,INFY,14.77,37441.0,24.0,0.11005609558794277,15.14,31.970506716883047,30.47,40.710525337422055
2023-07-25,MM,21.2,32456.0,17.0,1.6365716921548452,19.37,20.178831210304086,42.730000000000004,36.086598330907734
2023-07-25,RELIANCE,14.26,212834.0,18.0,0.6309284341334763,50.41,10.349336194179966,25.93,47.41324863514751
2023-07-26,BHARTIARTL,5.39,36009.0,52.0,2.914018281912768,55.02,15.84131609143535,8.24,105.96209035336392
2023-07-26,HDFCBANK,11.29,,,,25.59,,22.68,36.2804029353712
2023-07-26,HUL,11.07,15215.0,23.0,0.024232665394402036,61.9,20.16340648854962,21.6,114.12185103804975
2023-07-26,INFY,14.77,37441.0,24.0,0.11005609558794277,15.14,31.970506716883047,30.47,41.14520702355801
2023-07-26,MM,21.2,32456.0,17.0,1.6365716921548452,19.37,20.178831210304086,42.730000000000004,35.604907677934115
2023-07-26,RELIANCE,14.26,212834.0,18.0,0.6309284341334763,50.41,10.349336194179966,25.93,48.18381689434295
2023-07-27,BHARTIARTL,5.39,36009.0,52.0,2.914018281912768,55.02,15.84131609143535,8.24,106.64712850329946
2023-07-27,HDFCBANK,11.29,,,,25.59,,22.68,35.90380148912864
2023-07-27,HUL,11.07,15215.0,23.0,0.024232665394402036,61.9,20.16340648854962,21.6,113.527673791956
2023-07-27,INFY,14.77,37441.0,24.0,0.11005609558794277,15.14,31.970506716883047,30.47,41.27638353298326
2023-07-27,MM,21.2,32456.0,17.0,1.6365716921548452,19.37,20.178831210304086,42.730000000000004,33.35892819923063
2023-07-27,RELIANCE,14.26,212834.0,18.0,0.6309284341334763,50.41,10.349336194179966,25.93,47.73558864159516
2023-07-28,BHARTIARTL,5.39,36009.0,52.0,2.914018281912768,55.02,15.84131609143535,8.24,106.64117313125759
2023-07-28,HDFCBANK,11.29,,,,25.59,,22.68,35.26755035238922
2023-07-28,HUL,11.07,15215.0,23.0,0.024232665394402036,61.9,20.16340648854962,21.6,114.17926929615162
2023-07-28,INFY,14.77,37441.0,24.0,0.11005609558794277,15.14,31.970506716883047,30.47,40.89050192812603
2023-07-28,MM,21.2,32456.0,17.0,1.6365716921548452,19.37,20.178831210304086,42.730000000000004,33.82910030551574
2023-07-28,RELIANCE,14.26,212834.0,18.0,0.6309284341334763,50.41,10.349336194179966,25.93,48.2152924866829
2023-07-31,BHARTIARTL,5.39,36009.0,52.0,2.914018281912768,55.02,15.84131609143535,8.24,106.02165148096176
2023-07-31,HDFCBANK,11.29,,,,25.59,,22.68,35.43278123966601
2023-07-31,HUL,11.07,15215.0,23.0,0.024232665394402036,61.9,20.16340648854962,21.6,113.12787091290508
2023-07-31,INFY,14.77,37441.0,24.0,0.11005609558794277,15.14,31.970506716883047,30.47,41.35415678459346
2023-07-31,MM,21.2,32456.0,17.0,1.6365716921548452,19.37,20.178831210304086,42.730000000000004,33.99964735877896
2023-07-31,RELIANCE,14.26,212834.0,18.0,0.6309284341334763,50.41,10.349336194179966,25.93,48.62346774217846
2023-08-01,BHARTIARTL,5.39,36009.0,52.0,2.914018281912768,55.02,15.84131609143535,8.24,106.23014875986044
2023-08-01,HDFCBANK,11.29,,,,25.59,,22.68,35.669903359926145
2023-08-01,HUL,11.07,15215.0,23.0,0.024232665394402036,61.9,20.16340648854962,21.6,112.69937020760995
2023-08-01,INFY,14.77,37441.0,24.0,0.11005609558794277,15.14,31.970506716883047,30.47,41.64394858159665
2023-08-01,MM,21.2,32456.0,17.0,1.6365716921548452,19.37,20.178831210304086,42.730000000000004,34.417960293924054
2023-08-01,RELIANCE,14.26,212834.0,18.0,0.6309284341334763,50.41,10.349336194179966,25.93,47.93586304322937
2023-08-02,BHARTIARTL,5.39,36009.0,52.0,2.914018281912768,55.02,15.84131609143535,8.24,104.61581332012287
2023-08-02,HDFCBANK,11.29,,,,25.59,,22.68,35.20317279472553
2023-08-02,HUL,11.07,15215.0,23.0,0.024232665394402036,61.9,20.16340648854962,21.6,113.48791051793981
2023-08-02,INFY,14.77,37441.0,24.0,0.11005609558794277,15.14,31.970506716883047,30.47,41.38923947991877
2023-08-02,MM,21.2,32456.0,17.0,1.6365716921548452,19.37,20.178831210304086,42.730000000000004,34.23243227368798
2023-08-02,RELIANCE,14.26,212834.0,18.0,0.6309284341334763,50.41,10.349336194179966,25.93,47.42373736080312
2023-08-03,BHARTIARTL,5.39,36009.0,52.0,2.914018281912768,55.02,15.84131609143535,8.24,103.85333311210557
2023-08-03,HDFCBANK,11.29,,,,25.59,,22.68,34.94888655512842
2023-08-03,HUL,11.07,15215.0,23.0,0.024232665394402036,61.9,20.16340648854962,21.6,112.70819769965277
2023-08-03,INFY,14.77,37441.0,24.0,0.11005609558794277,15.14,31.970506716883047,30.47,41.61649778470627
2023-08-03,MM,21.2,32456.0,17.0,1.6365716921548452,19.37,20.178831210304086,42.730000000000004,33.86021352277381
2023-08-03,RELIANCE,14.26,212834.0,18.0,0.6309284341334763,50.41,10.349336194179966,25.93,47.22441861954059
2023-08-04,BHARTIARTL,5.39,36009.0,52.0,2.914018281912768,55.02,15.84131609143535,8.24,105.99187462075243
2023-08-04,HDFCBANK,11.29,,,,25.59,,22.68,35.454240425553905
2023-08-04,HUL,11.07,15215.0,23.0,0.024232665394402036,61.9,20.16340648854962,21.6,112.47407136140046
2023-08-04,INFY,14.77,37441.0,24.0,0.11005609558794277,15.14,31.970506716883047,30.47,42.04507795834017
2023-08-04,MM,21.2,32456.0,17.0,1.6365716921548452,19.37,20.178831210304086,42.730000000000004,33.75649803727621
2023-08-04,RELIANCE,14.26,212834.0,18.0,0.6309284341334763,50.41,10.349336194179966,25.93,47.86624106669399
2023-08-07,BHARTIARTL,5.39,36009.0,52.0,2.914018281912768,55.02,15.84131609143535,8.24,106.20035708529278
2023-08-07,HDFCBANK,11.29,,,,25.59,,22.68,35.43385500630374
2023-08-07,HUL,11.07,15215.0,23.0,0.024232665394402036,61.9,20.16340648854962,21.6,113.49894205729166
2023-08-07,INFY,14.77,37441.0,24.0,0.11005609558794277,15.14,31.970506716883047,30.47,42.49195465698843
2023-08-07,MM,21.2,32456.0,17.0,1.6365716921548452,19.37,20.178831210304086,42.730000000000004,35.19120558960332
2023-08-07,RELIANCE,14.26,212834.0,18.0,0.6309284341334763,50.41,10.349336194179966,25.93,48.13899501060548
2023-08-08,BHARTIARTL,5.39,36009.0,52.0,2.914018281912768,55.02,15.84131609143535,8.24,105.48553466796875
2023-08-08,HDFCBANK,11.29,,,,25.59,,22.68,35.404887527385085
2023-08-08,HUL,11.07,15215.0,23.0,0.024232665394402036,61.9,20.16340648854962,21.6,113.35095440899883
2023-08-08,INFY,14.77,37441.0,24.0,0.11005609558794277,15.14,31.970506716883047,30.47,42.40654550069741
2023-08-08,MM,21.2,32456.0,17.0,1.6365716921548452,19.37,20.178831210304086,42.730000000000004,34.56431325693306
2023-08-08,RELIANCE,14.26,212834.0,18.0,0.6309284341334763,50.41,10.349336194179966,25.93,47.84907213380978
2023-08-09,BHARTIARTL,5.39,36009.0,52.0,2.914018281912768,55.02,15.84131609143535,8.24,105.28299276111196
2023-08-09,HDFCBANK,11.29,,,,25.59,,22.68,35.41775927131559
2023-08-09,HUL,11.07,15215.0,23.0,0.024232665394402036,61.9,20.16340648854962,21.6,112.74794967086225
2023-08-09,INFY,14.77,37441.0,24.0,0.11005609558794277,15.14,31.970506716883047,30.47,42.53466524450279
2023-08-09,MM,21.2,32456.0,17.0,1.6365716921548452,19.37,20.178831210304086,42.730000000000004,35.37212847658992
2023-08-09,RELIANCE,14.26,212834.0,18.0,0.6309284341334763,50.41,10.349336194179966,25.93,48.16474605608851
2023-08-10,BHARTIARTL,5.39,36009.0,52.0,2.914018281912768,55.02,15.84131609143535,8.24,104.22265506485134
2023-08-10,HDFCBANK,11.29,,,,25.59,,22.68,35.10338784946126
2023-08-10,HUL,11.07,15215.0,23.0,0.024232665394402036,61.9,20.16340648854962,21.6,112.06321433738425
2023-08-10,INFY,14.77,37441.0,24.0,0.11005609558794277,15.14,31.970506716883047,30.47,42.372989185059076
2023-08-10,MM,21.2,32456.0,17.0,1.6365716921548452,19.37,20.178831210304086,42.730000000000004,35.61758322149982
2023-08-10,RELIANCE,14.26,212834.0,18.0,0.6309284341334763,50.41,10.349336194179966,25.93,48.37932711717846
2023-08-11,BHARTIARTL,5.39,36009.0,52.0,2.914018281912768,55.02,15.84131609143535,8.24,104.19273006105885
2023-08-11,HDFCBANK,11.29,,,,25.59,,22.68,34.7375186873071
2023-08-11,HUL,11.07,15215.0,23.0,0.024232665394402036,61.9,20.16340648854962,21.6,110.52145498770254
2023-08-11,INFY,14.77,37441.0,24.0,0.11005609558794277,15.14,31.970506716883047,30.47,41.846796830130046
2023-08-11,MM,21.2,32456.0,17.0,1.6365716921548452,19.37,20.178831210304086,42.730000000000004,35.64178016853645
2023-08-11,RELIANCE,14.26,212834.0,18.0,0.6309284341334763,50.41,10.349336194179966,25.93,48.58341003723969
2023-08-14,BHARTIARTL,2.89,37440.0,52.0,2.914018281912768,54.97,15.84131609143535,11.129999999999999,76.82806599386512
2023-08-14,HDFCBANK,11.06,,,,25.52,,33.74,23.236577837299013
2023-08-14,HUL,10.87,15496.0,24.0,0.024232665394402036,61.9,20.16340648854962,32.47,74.44195032193178
2023-08-14,INFY,14.32,37933.0,24.0,0.11005609558794277,14.94,31.970506716883047,44.79,28.918089103315474
2023-08-14,MM,28.21,33892.0,18.0,1.6365716921548452,19.37,20.178831210304086,70.94,21.47402466267709
2023-08-14,RELIANCE,11.83,207559.0,18.0,0.6309284341334763,50.39,10.349336194179966,37.76,33.75674425545385
2023-08-15,BHARTIARTL,2.89,37440.0,52.0,2.914018281912768,54.97,15.84131609143535,11.129999999999999,
2023-08-15,HDFCBANK,11.06,,,,25.52,,33.74,
2023-08-15,HUL,10.87,15496.0,24.0,0.024232665394402036,61.9,20.16340648854962,32.47,
2023-08-15,INFY,14.32,37933.0,24.0,0.11005609558794277,14.94,31.970506716883047,44.79,
2023-08-15,MM,28.21,33892.0,18.0,1.6365716921548452,19.37,20.178831210304086,70.94,
2023-08-15,RELIANCE,11.83,207559.0,18.0,0.6309284341334763,50.39,10.349336194179966,37.76,
2023-08-16,BHARTIARTL,2.89,37440.0,52.0,2.914018281912768,54.97,15.84131609143535,11.129999999999999,75.93311950738433
2023-08-16,HDFCBANK,11.06,,,,25.52,,33.74,23.16877888587359
2023-08-16,HUL,10.87,15496.0,24.0,0.024232665394402036,61.9,20.16340648854962,32.47,75.01500784377887
2023-08-16,INFY,14.32,37933.0,24.0,0.11005609558794277,14.94,31.970506716883047,44.79,29.43583729278299
2023-08-16,MM,28.21,33892.0,18.0,1.6365716921548452,19.37,20.178831210304086,70.94,21.803733238476177
2023-08-16,RELIANCE,11.83,207559.0,18.0,0.6309284341334763,50.39,10.349336194179966,37.76,33.72923964160984
2023-08-17,BHARTIARTL,2.89,37440.0,52.0,2.914018281912768,54.97,15.84131609143535,11.129999999999999,75.910970271437
2023-08-17,HDFCBANK,11.06,,,,25.52,,33.74,23.04040245142079
2023-08-17,HUL,10.87,15496.0,24.0,0.024232665394402036,61.9,20.16340648854962,32.47,74.74023497651679
2023-08-17,INFY,14.32,37933.0,24.0,0.11005609558794277,14.94,31.970506716883047,44.79,29.291617718624416
2023-08-17,MM,28.21,33892.0,18.0,1.6365716921548452,19.37,20.178831210304086,70.94,21.843992006889625
2023-08-17,RELIANCE,11.83,207559.0,18.0,0.6309284341334763,50.39,10.349336194179966,37.76,33.24265237581932
2023-08-18,BHARTIARTL,2.89,37440.0,52.0,2.914018281912768,54.97,15.84131609143535,11.129999999999999,75.87109725965858
2023-08-18,HDFCBANK,11.06,,,,25.52,,33.74,22.945919161232958
2023-08-18,HUL,10.87,15496.0,24.0,0.024232665394402036,61.9,20.16340648854962,32.47,75.07819718201416
2023-08-18,INFY,14.32,37933.0,24.0,0.11005609558794277,14.94,31.970506716883047,44.79,28.819519846959423
2023-08-18,MM,28.21,33892.0,18.0,1.6365716921548452,19.37,20.178831210304086,70.94,21.55454392025832
2023-08-18,RELIANCE,11.83,207559.0,18.0,0.6309284341334763,50.39,10.349336194179966,37.76,33.48889108431541
2023-08-21,BHARTIARTL,2.89,37440.0,52.0,2.914018281912768,54.97,15.84131609143535,11.129999999999999,77.26224914715297
2023-08-21,HDFCBANK,11.06,,,,25.52,,33.74,22.927889007043753
2023-08-21,HUL,10.87,15496.0,24.0,0.024232665394402036,61.9,20.16340648854962,32.47,75.31329249836388
2023-08-21,INFY,14.32,37933.0,24.0,0.11005609558794277,14.94,31.970506716883047,44.79,29.163993057009097
2023-08-21,MM,28.21,33892.0,18.0,1.6365716921548452,19.37,20.178831210304086,70.94,21.358801231674654
2023-08-21,RELIANCE,11.83,207559.0,18.0,0.6309284341334763,50.39,10.349336194179966,37.76,33.12348187980005
2023-08-22,BHARTIARTL,2.89,37440.0,52.0,2.914018281912768,54.97,15.84131609143535,11.129999999999999,77.76731643608211
2023-08-22,HDFCBANK,11.06,,,,25.52,,33.74,22.829800409612105
2023-08-22,HUL,10.87,15496.0,24.0,0.024232665394402036,61.9,20.16340648854962,32.47,75.40293353720743
2023-08-22,INFY,14.32,37933.0,24.0,0.11005609558794277,14.94,31.970506716883047,44.79,29.129751230569045
2023-08-22,MM,28.21,33892.0,18.0,1.6365716921548452,19.37,20.178831210304086,70.94,21.524695715569496
2023-08-22,RELIANCE,11.83,207559.0,18.0,0.6309284341334763,50.39,10.349336194179966,37.76,33.11559386172537
2023-08-23,BHARTIARTL,2.89,37440.0,52.0,2.914018281912768,54.97,15.84131609143535,11.129999999999999,76.92553579325303
2023-08-23,HDFCBANK,11.06,,,,25.52,,33.74,22.88605803629316
2023-08-23,HUL,10.87,15496.0,24.0,0.024232665394402036,61.9,20.16340648854962,32.47,75.64538239625038
2023-08-23,INFY,14.32,37933.0,24.0,0.11005609558794277,14.94,31.970506716883047,44.79,29.21690654477841
2023-08-23,MM,28.21,33892.0,18.0,1.6365716921548452,19.37,20.178831210304086,70.94,21.41294304606005
2023-08-23,RELIANCE,11.83,207559.0,18.0,0.6309284341334763,50.39,10.349336194179966,37.76,33.15239922475007
2023-08-24,BHARTIARTL,2.89,37440.0,52.0,2.914018281912768,54.97,15.84131609143535,11.129999999999999,77.04072388463051
2023-08-24,HDFCBANK,11.06,,,,25.52,,33.74,22.780758824373887
2023-08-24,HUL,10.87,15496.0,24.0,0.024232665394402036,61.9,20.16340648854962,32.47,75.85696592527718
2023-08-24,INFY,14.32,37933.0,24.0,0.11005609558794277,14.94,31.970506716883047,44.79,29.54166426832161
2023-08-24,MM,28.21,33892.0,18.0,1.6365716921548452,19.37,20.178831210304086,70.94,21.40947056381273
2023-08-24,RELIANCE,11.83,207559.0,18.0,0.6309284341334763,50.39,10.349336194179966,37.76,32.595084885419425
2023-08-25,BHARTIARTL,2.89,37440.0,52.0,2.914018281912768,54.97,15.84131609143535,11.129999999999999,77.39958647447777
2023-08-25,HDFCBANK,11.06,,,,25.52,,33.74,22.524000528513078
2023-08-25,HUL,10.87,15496.0,24.0,0.024232665394402036,61.9,20.16340648854962,32.47,75.33679676672698
2023-08-25,INFY,14.32,37933.0,24.0,0.11005609558794277,14.94,31.970506716883047,44.79,29.469035294045824
2023-08-25,MM,28.21,33892.0,18.0,1.6365716921548452,19.37,20.178831210304086,70.94,21.101976926473956
2023-08-25,RELIANCE,11.83,207559.0,18.0,0.6309284341334763,50.39,10.349336194179966,37.76,32.44458537990764
2023-08-28,BHARTIARTL,2.89,37440.0,52.0,2.914018281912768,54.97,15.84131609143535,11.129999999999999,77.12046990818733
2023-08-28,HDFCBANK,11.06,,,,25.52,,33.74,22.75839976891301
2023-08-28,HUL,10.87,15496.0,24.0,0.024232665394402036,61.9,20.16340648854962,32.47,75.10611507978518
2023-08-28,INFY,14.32,37933.0,24.0,0.11005609558794277,14.94,31.970506716883047,44.79,29.376696284047778
2023-08-28,MM,28.21,33892.0,18.0,1.6365716921548452,19.37,20.178831210304086,70.94,21.507343628858894
2023-08-28,RELIANCE,11.83,207559.0,18.0,0.6309284341334763,50.39,10.349336194179966,37.76,32.12123482914294
2023-08-29,BHARTIARTL,2.89,37440.0,52.0,2.914018281912768,54.97,15.84131609143535,11.129999999999999,75.77805292038691
2023-08-29,HDFCBANK,11.06,,,,25.52,,33.74,22.939428522803052
2023-08-29,HUL,10.87,15496.0,24.0,0.024232665394402036,61.9,20.16340648854962,32.47,74.23771281663844
2023-08-29,INFY,14.32,37933.0,24.0,0.11005609558794277,14.94,31.970506716883047,44.79,29.418198555062514
2023-08-29,MM,28.21,33892.0,18.0,1.6365716921548452,19.37,20.178831210304086,70.94,21.668378702512687
2023-08-29,RELIANCE,11.83,207559.0,18.0,0.6309284341334763,50.39,10.349336194179966,37.76,31.81366031452761
2023-08-30,BHARTIARTL,2.89,37440.0,52.0,2.914018281912768,54.97,15.84131609143535,11.129999999999999,76.00400364302561
2023-08-30,HDFCBANK,11.06,,,,25.52,,33.74,22.772102830815612
2023-08-30,HUL,10.87,15496.0,24.0,0.024232665394402036,61.9,20.16340648854962,32.47,74.40815259759009
2023-08-30,INFY,14.32,37933.0,24.0,0.11005609558794277,14.94,31.970506716883047,44.79,29.781346151833556
2023-08-30,MM,28.21,33892.0,18.0,1.6365716921548452,19.37,20.178831210304086,70.94,21.978651358101917
2023-08-30,RELIANCE,11.83,207559.0,18.0,0.6309284341334763,50.39,10.349336194179966,37.76,31.783427222300386
2023-08-31,BHARTIARTL,2.89,37440.0,52.0,2.914018281912768,54.97,15.84131609143535,11.129999999999999,75.88438460769036
2023-08-31,HDFCBANK,11.06,,,,25.52,,33.74,22.66752359495406
2023-08-31,HUL,10.87,15496.0,24.0,0.024232665394402036,61.9,20.16340648854962,32.47,73.6176242011857
2023-08-31,INFY,14.32,37933.0,24.0,0.11005609558794277,14.94,31.970506716883047,44.79,29.787570947407346
2023-08-31,MM,28.21,33892.0,18.0,1.6365716921548452,19.37,20.178831210304086,70.94,21.870367729331125
2023-08-31,RELIANCE,11.83,207559.0,18.0,0.6309284341334763,50.39,10.349336194179966,37.76,31.638181007514568
2023-09-01,BHARTIARTL,2.89,37440.0,52.0,2.914018281912768,54.97,15.84131609143535,11.129999999999999,76.73059619447722
2023-09-01,HDFCBANK,11.06,,,,25.52,,33.74,22.714405252019116
2023-09-01,HUL,10.87,15496.0,24.0,0.024232665394402036,61.9,20.16340648854962,32.47,73.61027817745227
2023-09-01,INFY,14.32,37933.0,24.0,0.11005609558794277,14.94,31.970506716883047,44.79,29.961884301218184
2023-09-01,MM,28.21,33892.0,18.0,1.6365716921548452,19.37,20.178831210304086,70.94,22.10012284809346
2023-09-01,RELIANCE,11.83,207559.0,18.0,0.6309284341334763,50.39,10.349336194179966,37.76,31.712444758011124
2023-09-04,BHARTIARTL,2.89,37440.0,52.0,2.914018281912768,54.97,15.84131609143535,11.129999999999999,76.6729994068677
2023-09-04,HDFCBANK,11.06,,,,25.52,,33.74,22.856488366344657
2023-09-04,HUL,10.87,15496.0,24.0,0.024232665394402036,61.9,20.16340648854962,32.47,73.51035872054975
2023-09-04,INFY,14.32,37933.0,24.0,0.11005609558794277,14.94,31.970506716883047,44.79,30.40285001883791
2023-09-04,MM,28.21,33892.0,18.0,1.6365716921548452,19.37,20.178831210304086,70.94,21.884250775303073
2023-09-04,RELIANCE,11.83,207559.0,18.0,0.6309284341334763,50.39,10.349336194179966,37.76,31.686815164856995
2023-09-05,BHARTIARTL,2.89,37440.0,52.0,2.914018281912768,54.97,15.84131609143535,11.129999999999999,76.72616525051944
2023-09-05,HDFCBANK,11.06,,,,25.52,,33.74,22.71729058320521
2023-09-05,HUL,10.87,15496.0,24.0,0.024232665394402036,61.9,20.16340648854962,32.47,73.6764074289729
2023-09-05,INFY,14.32,37933.0,24.0,0.11005609558794277,14.94,31.970506716883047,44.79,30.68922059454538
2023-09-05,MM,28.21,33892.0,18.0,1.6365716921548452,19.37,20.178831210304086,70.94,21.811368225459017
2023-09-05,RELIANCE,11.83,207559.0,18.0,0.6309284341334763,50.39,10.349336194179966,37.76,31.856378458314026
2023-09-06,BHARTIARTL,2.89,37440.0,52.0,2.914018281912768,54.97,15.84131609143535,11.129999999999999,78.00212904663636
2023-09-06,HDFCBANK,11.06,,,,25.52,,33.74,23.01443627973103
2023-09-06,HUL,10.87,15496.0,24.0,0.024232665394402036,61.9,20.16340648854962,32.47,74.15983143093625
2023-09-06,INFY,14.32,37933.0,24.0,0.11005609558794277,14.94,31.970506716883047,44.79,30.65912954028522
2023-09-06,MM,28.21,33892.0,18.0,1.6365716921548452,19.37,20.178831210304086,70.94,21.89258094703711
2023-09-06,RELIANCE,11.83,207559.0,18.0,0.6309284341334763,50.39,10.349336194179966,37.76,31.923413680771652
2023-09-07,BHARTIARTL,2.89,37440.0,52.0,2.914018281912768,54.97,15.84131609143535,11.129999999999999,77.55908400543296
2023-09-07,HDFCBANK,11.06,,,,25.52,,33.74,23.235854243271152
2023-09-07,HUL,10.87,15496.0,24.0,0.024232665394402036,61.9,20.16340648854962,32.47,73.68814452523483
2023-09-07,INFY,14.32,37933.0,24.0,0.11005609558794277,14.94,31.970506716883047,44.79,30.425675177739173
2023-09-07,MM,28.21,33892.0,18.0,1.6365716921548452,19.37,20.178831210304086,70.94,21.736401842115697
2023-09-07,RELIANCE,11.83,207559.0,18.0,0.6309284341334763,50.39,10.349336194179966,37.76,31.966788081799525
2023-09-08,BHARTIARTL,2.89,37440.0,52.0,2.914018281912768,54.97,15.84131609143535,11.129999999999999,78.49390350369217
2023-09-08,HDFCBANK,11.06,,,,25.52,,33.74,23.416882997161196
2023-09-08,HUL,10.87,15496.0,24.0,0.024232665394402036,61.9,20.16340648854962,32.47,73.87477262665537
2023-09-08,INFY,14.32,37933.0,24.0,0.11005609558794277,14.94,31.970506716883047,44.79,30.496230128621065
2023-09-08,MM,28.21,33892.0,18.0,1.6365716921548452,19.37,20.178831210304086,70.94,21.761392357317803
2023-09-08,RELIANCE,11.83,207559.0,18.0,0.6309284341334763,50.39,10.349336194179966,37.76,32.17972577628443
2023-09-11,BHARTIARTL,2.89,37440.0,52.0,2.914018281912768,54.97,15.84131609143535,11.129999999999999,78.93251760093779
2023-09-11,HDFCBANK,11.06,,,,25.52,,33.74,23.53805062611144
2023-09-11,HUL,10.87,15496.0,24.0,0.024232665394402036,61.9,20.16340648854962,32.47,74.53451623614106
2023-09-11,INFY,14.32,37933.0,24.0,0.11005609558794277,14.94,31.970506716883047,44.79,30.63837295399364
2023-09-11,MM,28.21,33892.0,18.0,1.6365716921548452,19.37,20.178831210304086,70.94,21.96338138413624
2023-09-11,RELIANCE,11.83,207559.0,18.0,0.6309284341334763,50.39,10.349336194179966,37.76,32.52673391568459
2023-09-12,BHARTIARTL,2.89,37440.0,52.0,2.914018281912768,54.97,15.84131609143535,11.129999999999999,78.89708101695868
2023-09-12,HDFCBANK,11.06,,,,25.52,,33.74,23.611614812953835
2023-09-12,HUL,10.87,15496.0,24.0,0.024232665394402036,61.9,20.16340648854962,32.47,73.43543228605252
2023-09-12,INFY,14.32,37933.0,24.0,0.11005609558794277,14.94,31.970506716883047,44.79,31.14990179867158
2023-09-12,MM,28.21,33892.0,18.0,1.6365716921548452,19.37,20.178831210304086,70.94,21.62811993409924
2023-09-12,RELIANCE,11.83,207559.0,18.0,0.6309284341334763,50.39,10.349336194179966,37.76,32.05683110123974
2023-09-13,BHARTIARTL,2.89,37440.0,52.0,2.914018281912768,54.97,15.84131609143535,11.129999999999999,81.09013505166219
2023-09-13,HDFCBANK,11.06,,,,25.52,,33.74,23.712588741571576
2023-09-13,HUL,10.87,15496.0,24.0,0.024232665394402036,61.9,20.16340648854962,32.47,73.6617078625462
2023-09-13,INFY,14.32,37933.0,24.0,0.11005609558794277,14.94,31.970506716883047,44.79,31.092834813330263
2023-09-13,MM,28.21,33892.0,18.0,1.6365716921548452,19.37,20.178831210304086,70.94,21.336589734723006
2023-09-13,RELIANCE,11.83,207559.0,18.0,0.6309284341334763,50.39,10.349336194179966,37.76,32.217187396550585
2023-09-14,BHARTIARTL,2.89,37440.0,52.0,2.914018281912768,54.97,15.84131609143535,11.129999999999999,81.07241675967262
2023-09-14,HDFCBANK,11.06,,,,25.52,,33.74,23.698163894626184
2023-09-14,HUL,10.87,15496.0,24.0,0.024232665394402036,61.9,20.16340648854962,32.47,73.49273427875731
2023-09-14,INFY,14.32,37933.0,24.0,0.11005609558794277,14.94,31.970506716883047,44.79,31.271293488536784
2023-09-14,MM,28.21,33892.0,18.0,1.6365716921548452,19.37,20.178831210304086,70.94,21.73987432436302
2023-09-14,RELIANCE,11.83,207559.0,18.0,0.6309284341334763,50.39,10.349336194179966,37.76,32.246760998742054
2023-09-15,BHARTIARTL,2.89,37440.0,52.0,2.914018281912768,54.97,15.84131609143535,11.129999999999999,82.95092312794812
2023-09-15,HDFCBANK,11.06,,,,25.52,,33.74,23.970067013490105
2023-09-15,HUL,10.87,15496.0,24.0,0.024232665394402036,61.9,20.16340648854962,32.47,72.5787671191677
2023-09-15,INFY,14.32,37933.0,24.0,0.11005609558794277,14.94,31.970506716883047,44.79,31.367794172283155
2023-09-15,MM,28.21,33892.0,18.0,1.6365716921548452,19.37,20.178831210304086,70.94,22.22714549156858
2023-09-15,RELIANCE,11.83,207559.0,18.0,0.6309284341334763,50.39,10.349336194179966,37.76,32.30657092595505
2023-09-18,BHARTIARTL,2.89,37440.0,52.0,2.914018281912768,54.97,15.84131609143535,11.129999999999999,81.53761103682335
2023-09-18,HDFCBANK,11.06,,,,25.52,,33.74,23.49838139251908
2023-09-18,HUL,10.87,15496.0,24.0,0.024232665394402036,61.9,20.16340648854962,32.47,73.13567391534494
2023-09-18,INFY,14.32,37933.0,24.0,0.11005609558794277,14.94,31.970506716883047,44.79,30.956914058139372
2023-09-18,MM,28.21,33892.0,18.0,1.6365716921548452,19.37,20.178831210304086,70.94,22.78730265012687
2023-09-18,RELIANCE,11.83,207559.0,18.0,0.6309284341334763,50.39,10.349336194179966,37.76,32.025282261735306
2023-09-19,BHARTIARTL,2.89,37440.0,52.0,2.914018281912768,54.97,15.84131609143535,11.129999999999999,
2023-09-19,HDFCBANK,11.06,,,,25.52,,33.74,
2023-09-19,HUL,10.87,15496.0,24.0,0.024232665394402036,61.9,20.16340648854962,32.47,
2023-09-19,INFY,14.32,37933.0,24.0,0.11005609558794277,14.94,31.970506716883047,44.79,
2023-09-19,MM,28.21,33892.0,18.0,1.6365716921548452,19.37,20.178831210304086,70.94,
2023-09-19,RELIANCE,11.83,207559.0,18.0,0.6309284341334763,50.39,10.349336194179966,37.76,
2023-09-20,BHARTIARTL,2.89,37440.0,52.0,2.914018281912768,54.97,15.84131609143535,11.129999999999999,80.69583039399429
2023-09-20,HDFCBANK,11.06,,,,25.52,,33.74,22.555733744604883
2023-09-20,HUL,10.87,15496.0,24.0,0.024232665394402036,61.9,20.16340648854962,32.47,72.49501342585464
2023-09-20,INFY,14.32,37933.0,24.0,0.11005609558794277,14.94,31.970506716883047,44.79,30.924746255093215
2023-09-20,MM,28.21,33892.0,18.0,1.6365716921548452,19.37,20.178831210304086,70.94,22.683878431597126
2023-09-20,RELIANCE,11.83,207559.0,18.0,0.6309284341334763,50.39,10.349336194179966,37.76,31.31154593774828
2023-09-21,BHARTIARTL,2.89,37440.0,52.0,2.914018281912768,54.97,15.84131609143535,11.129999999999999,81.33824049408975
2023-09-21,HDFCBANK,11.06,,,,25.52,,33.74,22.406441824776785
2023-09-21,HUL,10.87,15496.0,24.0,0.024232665394402036,61.9,20.16340648854962,32.47,72.68604011876347
2023-09-21,INFY,14.32,37933.0,24.0,0.11005609558794277,14.94,31.970506716883047,44.79,31.16338976421216
2023-09-21,MM,28.21,33892.0,18.0,1.6365716921548452,19.37,20.178831210304086,70.94,21.979346542853115
2023-09-21,RELIANCE,11.83,207559.0,18.0,0.6309284341334763,50.39,10.349336194179966,37.76,31.083498162738348
2023-09-22,BHARTIARTL,2.89,37440.0,52.0,2.914018281912768,54.97,15.84131609143535,11.129999999999999,80.75785812556155
2023-09-22,HDFCBANK,11.06,,,,25.52,,33.74,22.064578017329207
2023-09-22,HUL,10.87,15496.0,24.0,0.024232665394402036,61.9,20.16340648854962,32.47,72.95346696229211
2023-09-22,INFY,14.32,37933.0,24.0,0.11005609558794277,14.94,31.970506716883047,44.79,31.047179044743526
2023-09-22,MM,28.21,33892.0,18.0,1.6365716921548452,19.37,20.178831210304086,70.94,22.311135510642796
2023-09-22,RELIANCE,11.83,207559.0,18.0,0.6309284341334763,50.39,10.349336194179966,37.76,30.954027984101895
2023-09-25,BHARTIARTL,2.89,37440.0,52.0,2.914018281912768,54.97,15.84131609143535,11.129999999999999,80.66925021408917
2023-09-25,HDFCBANK,11.06,,,,25.52,,33.74,22.084049932618925
2023-09-25,HUL,10.87,15496.0,24.0,0.024232665394402036,61.9,20.16340648854962,32.47,72.75950787505775
2023-09-25,INFY,14.32,37933.0,24.0,0.11005609558794277,14.94,31.970506716883047,44.79,30.59064861279722
2023-09-25,MM,28.21,33892.0,18.0,1.6365716921548452,19.37,20.178831210304086,70.94,22.06541523316359
2023-09-25,RELIANCE,11.83,207559.0,18.0,0.6309284341334763,50.39,10.349336194179966,37.76,30.76343536376953
2023-09-26,BHARTIARTL,2.89,37440.0,52.0,2.914018281912768,54.97,15.84131609143535,11.129999999999999,80.87304621693902
2023-09-26,HDFCBANK,11.06,,,,25.52,,33.74,22.179973174922196
2023-09-26,HUL,10.87,15496.0,24.0,0.024232665394402036,61.9,20.16340648854962,32.47,72.85061511106406
2023-09-26,INFY,14.32,37933.0,24.0,0.11005609558794277,14.94,31.970506716883047,44.79,30.31050555805565
2023-09-26,MM,28.21,33892.0,18.0,1.6365716921548452,19.37,20.178831210304086,70.94,22.145241026747957
2023-09-26,RELIANCE,11.83,207559.0,18.0,0.6309284341334763,50.39,10.349336194179966,37.76,30.790377471406583
2023-09-27,BHARTIARTL,2.89,37440.0,52.0,2.914018281912768,54.97,15.84131609143535,11.129999999999999,81.5420364969396
2023-09-27,HDFCBANK,11.06,,,,25.52,,33.74,22.024186998694056
2023-09-27,HUL,10.87,15496.0,24.0,0.024232665394402036,61.9,20.16340648854962,32.47,73.52064465756852
2023-09-27,INFY,14.32,37933.0,24.0,0.11005609558794277,14.94,31.970506716883047,44.79,30.44228099185086
2023-09-27,MM,28.21,33892.0,18.0,1.6365716921548452,19.37,20.178831210304086,70.94,22.061944471670603
2023-09-27,RELIANCE,11.83,207559.0,18.0,0.6309284341334763,50.39,10.349336194179966,37.76,31.137385610806742
2023-09-28,BHARTIARTL,2.89,37440.0,52.0,2.914018281912768,54.97,15.84131609143535,11.129999999999999,82.02052908980515
2023-09-28,HDFCBANK,11.06,,,,25.52,,33.74,21.97875072069965
2023-09-28,HUL,10.87,15496.0,24.0,0.024232665394402036,61.9,20.16340648854962,32.47,72.30400177086541
2023-09-28,INFY,14.32,37933.0,24.0,0.11005609558794277,14.94,31.970506716883047,44.79,29.870575489436817
2023-09-28,MM,28.21,33892.0,18.0,1.6365716921548452,19.37,20.178831210304086,70.94,21.60174421165774
2023-09-28,RELIANCE,11.83,207559.0,18.0,0.6309284341334763,50.39,10.349336194179966,37.76,30.67996784792108
2023-09-29,BHARTIARTL,2.89,37440.0,52.0,2.914018281912768,54.97,15.84131609143535,11.129999999999999,82.08698776533019
2023-09-29,HDFCBANK,11.06,,,,25.52,,33.74,22.01625459916364
2023-09-29,HUL,10.87,15496.0,24.0,0.024232665394402036,61.9,20.16340648854962,32.47,72.4582833071874
2023-09-29,INFY,14.32,37933.0,24.0,0.11005609558794277,14.94,31.970506716883047,44.79,29.787570947407346
2023-09-29,MM,28.21,33892.0,18.0,1.6365716921548452,19.37,20.178831210304086,70.94,21.576755417209966
2023-09-29,RELIANCE,11.83,207559.0,18.0,0.6309284341334763,50.39,10.349336194179966,37.76,30.82324205818823
2023-10-02,BHARTIARTL,2.89,37440.0,52.0,2.914018281912768,54.97,15.84131609143535,11.129999999999999,
2023-10-02,HDFCBANK,11.06,,,,25.52,,33.74,
2023-10-02,HUL,10.87,15496.0,24.0,0.024232665394402036,61.9,20.16340648854962,32.47,
2023-10-02,INFY,14.32,37933.0,24.0,0.11005609558794277,14.94,31.970506716883047,44.79,
2023-10-02,MM,28.21,33892.0,18.0,1.6365716921548452,19.37,20.178831210304086,70.94,
2023-10-02,RELIANCE,11.83,207559.0,18.0,0.6309284341334763,50.39,10.349336194179966,37.76,
2023-10-03,BHARTIARTL,2.89,37440.0,52.0,2.914018281912768,54.97,15.84131609143535,11.129999999999999,81.98951248210075
2023-10-03,HDFCBANK,11.06,,,,25.52,,33.74,21.753005664872923
2023-10-03,HUL,10.87,15496.0,24.0,0.024232665394402036,61.9,20.16340648854962,32.47,72.5552628508046
2023-10-03,INFY,14.32,37933.0,24.0,0.11005609558794277,14.94,31.970506716883047,44.79,29.757482618539296
2023-10-03,MM,28.21,33892.0,18.0,1.6365716921548452,19.37,20.178831210304086,70.94,21.34283607295778
2023-10-03,RELIANCE,11.83,207559.0,18.0,0.6309284341334763,50.39,10.349336194179966,37.76,30.470314672437766
2023-10-04,BHARTIARTL,2.89,37440.0,52.0,2.914018281912768,54.97,15.84131609143535,11.129999999999999,81.8964736266706
2023-10-04,HDFCBANK,11.06,,,,25.52,,33.74,22.063134447243627
2023-10-04,HUL,10.87,15496.0,24.0,0.024232665394402036,61.9,20.16340648854962,32.47,73.69991921629581
2023-10-04,INFY,14.32,37933.0,24.0,0.11005609558794277,14.94,31.970506716883047,44.79,29.972259868971868
2023-10-04,MM,28.21,33892.0,18.0,1.6365716921548452,19.37,20.178831210304086,70.94,21.130434761660382
2023-10-04,RELIANCE,11.83,207559.0,18.0,0.6309284341334763,50.39,10.349336194179966,37.76,30.417739738852294
2023-10-05,BHARTIARTL,2.89,37440.0,52.0,2.914018281912768,54.97,15.84131609143535,11.129999999999999,82.30407660005335
2023-10-05,HDFCBANK,11.06,,,,25.52,,33.74,22.152567051116996
2023-10-05,HUL,10.87,15496.0,24.0,0.024232665394402036,61.9,20.16340648854962,32.47,74.04375372940407
2023-10-05,INFY,14.32,37933.0,24.0,0.11005609558794277,14.94,31.970506716883047,44.79,30.368608192397858
2023-10-05,MM,28.21,33892.0,18.0,1.6365716921548452,19.37,20.178831210304086,70.94,21.35047105994062
2023-10-05,RELIANCE,11.83,207559.0,18.0,0.6309284341334763,50.39,10.349336194179966,37.76,30.417083481610835
2023-10-06,BHARTIARTL,2.89,37440.0,52.0,2.914018281912768,54.97,15.84131609143535,11.129999999999999,82.05597115762579
2023-10-06,HDFCBANK,11.06,,,,25.52,,33.74,22.128048067482958
2023-10-06,HUL,10.87,15496.0,24.0,0.024232665394402036,61.9,20.16340648854962,32.47,73.45158301172236
2023-10-06,INFY,14.32,37933.0,24.0,0.11005609558794277,14.94,31.970506716883047,44.79,30.685069822365485
2023-10-06,MM,28.21,33892.0,18.0,1.6365716921548452,19.37,20.178831210304086,70.94,21.501790754620984
2023-10-06,RELIANCE,11.83,207559.0,18.0,0.6309284341334763,50.39,10.349336194179966,37.76,30.468345900713388
2023-10-09,BHARTIARTL,2.89,37440.0,52.0,2.914018281912768,54.97,15.84131609143535,11.129999999999999,81.92305929041724
2023-10-09,HDFCBANK,11.06,,,,25.52,,33.74,21.871287962637076
2023-10-09,HUL,10.87,15496.0,24.0,0.024232665394402036,61.9,20.16340648854962,32.47,73.8012973514013
2023-10-09,INFY,14.32,37933.0,24.0,0.11005609558794277,14.94,31.970506716883047,44.79,30.61762181848627
2023-10-09,MM,28.21,33892.0,18.0,1.6365716921548452,19.37,20.178831210304086,70.94,21.034645530113476
2023-10-09,RELIANCE,11.83,207559.0,18.0,0.6309284341334763,50.39,10.349336194179966,37.76,30.208746053404727
2023-10-10,BHARTIARTL,2.89,37440.0,52.0,2.914018281912768,54.97,15.84131609143535,11.129999999999999,84.03194184144766
2023-10-10,HDFCBANK,11.06,,,,25.52,,33.74,21.995339113788344
2023-10-10,HUL,10.87,15496.0,24.0,0.024232665394402036,61.9,20.16340648854962,32.47,73.9452929507045
2023-10-10,INFY,14.32,37933.0,24.0,0.11005609558794277,14.94,31.970506716883047,44.79,31.026433360020373
2023-10-10,MM,28.21,33892.0,18.0,1.6365716921548452,19.37,20.178831210304086,70.94,21.34908241119256
2023-10-10,RELIANCE,11.83,207559.0,18.0,0.6309284341334763,50.39,10.349336194179966,37.76,30.342160241078524
2023-10-11,BHARTIARTL,2.89,37440.0,52.0,2.914018281912768,54.97,15.84131609143535,11.129999999999999,84.67435194154314
2023-10-11,HDFCBANK,11.06,,,,25.52,,33.74,22.208101083770188
2023-10-11,HUL,10.87,15496.0,24.0,0.024232665394402036,61.9,20.16340648854962,32.47,75.12667943486295
2023-10-11,INFY,14.32,37933.0,24.0,0.11005609558794277,14.94,31.970506716883047,44.79,31.010865920301686
2023-10-11,MM,28.21,33892.0,18.0,1.6365716921548452,19.37,20.178831210304086,70.94,21.605214973150726
2023-10-11,RELIANCE,11.83,207559.0,18.0,0.6309284341334763,50.39,10.349336194179966,37.76,30.823898315429688
2023-10-12,BHARTIARTL,2.89,37440.0,52.0,2.914018281912768,54.97,15.84131609143535,11.129999999999999,84.20915766439242
2023-10-12,HDFCBANK,11.06,,,,25.52,,33.74,22.355953051482846
2023-10-12,HUL,10.87,15496.0,24.0,0.024232665394402036,61.9,20.16340648854962,32.47,75.144318914575
2023-10-12,INFY,14.32,37933.0,24.0,0.11005609558794277,14.94,31.970506716883047,44.79,30.411148837805595
2023-10-12,MM,28.21,33892.0,18.0,1.6365716921548452,19.37,20.178831210304086,70.94,21.748897960093917
2023-10-12,RELIANCE,11.83,207559.0,18.0,0.6309284341334763,50.39,10.349336194179966,37.76,30.881073515293963
2023-10-13,BHARTIARTL,2.89,37440.0,52.0,2.914018281912768,54.97,15.84131609143535,11.129999999999999,84.55030196225012
2023-10-13,HDFCBANK,11.06,,,,25.52,,33.74,22.152567051116996
2023-10-13,HUL,10.87,15496.0,24.0,0.024232665394402036,61.9,20.16340648854962,32.47,75.51018397992378
2023-10-13,INFY,14.32,37933.0,24.0,0.11005609558794277,14.94,31.970506716883047,44.79,29.698341609804086
2023-10-13,MM,28.21,33892.0,18.0,1.6365716921548452,19.37,20.178831210304086,70.94,21.690590199464335
2023-10-13,RELIANCE,11.83,207559.0,18.0,0.6309284341334763,50.39,10.349336194179966,37.76,30.87976423360534
2023-10-16,BHARTIARTL,2.89,37440.0,52.0,2.914018281912768,54.97,15.84131609143535,11.129999999999999,83.87244431049248
2023-10-16,HDFCBANK,11.06,,,,25.52,,33.74,22.063856232286415
2023-10-16,HUL,10.87,15496.0,24.0,0.024232665394402036,61.9,20.16340648854962,32.47,75.18252274936481
2023-10-16,INFY,14.32,37933.0,24.0,0.11005609558794277,14.94,31.970506716883047,44.79,29.76059229093408
2023-10-16,MM,28.21,33892.0,18.0,1.6365716921548452,19.37,20.178831210304086,70.94,21.858568516858437
2023-10-16,RELIANCE,11.83,207559.0,18.0,0.6309284341334763,50.39,10.349336194179966,37.76,30.810753773834747
2023-10-17,BHARTIARTL,2.89,37440.0,52.0,2.914018281912768,54.97,15.84131609143535,11.129999999999999,84.5015725463977
2023-10-17,HDFCBANK,11.06,,,,25.52,,33.74,22.23118192427386
2023-10-17,HUL,10.87,15496.0,24.0,0.024232665394402036,61.9,20.16340648854962,32.47,75.1193334111295
2023-10-17,INFY,14.32,37933.0,24.0,0.11005609558794277,14.94,31.970506716883047,44.79,29.93282889595892
2023-10-17,MM,28.21,33892.0,18.0,1.6365716921548452,19.37,20.178831210304086,70.94,21.887026352044863
2023-10-17,RELIANCE,11.83,207559.0,18.0,0.6309284341334763,50.39,10.349336194179966,37.76,30.957968760344944
2023-10-18,BHARTIARTL,2.89,37440.0,52.0,2.914018281912768,54.97,15.84131609143535,11.129999999999999,84.43067744307335
2023-10-18,HDFCBANK,11.06,,,,25.52,,33.74,21.921773117960875
2023-10-18,HUL,10.87,15496.0,24.0,0.024232665394402036,61.9,20.16340648854962,32.47,74.88717048910533
2023-10-18,INFY,14.32,37933.0,24.0,0.11005609558794277,14.94,31.970506716883047,44.79,29.893403373730187
2023-10-18,MM,28.21,33892.0,18.0,1.6365716921548452,19.37,20.178831210304086,70.94,21.86273274234829
2023-10-18,RELIANCE,11.83,207559.0,18.0,0.6309284341334763,50.39,10.349336194179966,37.76,30.54721315028304
2023-10-19,BHARTIARTL,2.89,37440.0,52.0,2.914018281912768,54.97,15.84131609143535,11.129999999999999,83.55345473242363
2023-10-19,HDFCBANK,11.06,,,,25.52,,33.74,21.852536023405083
2023-10-19,HUL,10.87,15496.0,24.0,0.024232665394402036,61.9,20.16340648854962,32.47,74.88277189761703
2023-10-19,INFY,14.32,37933.0,24.0,0.11005609558794277,14.94,31.970506716883047,44.79,29.750222173964612
2023-10-19,MM,28.21,33892.0,18.0,1.6365716921548452,19.37,20.178831210304086,70.94,21.789156728507365
2023-10-19,RELIANCE,11.83,207559.0,18.0,0.6309284341334763,50.39,10.349336194179966,37.76,30.31258663888705
2023-10-20,BHARTIARTL,2.89,37440.0,52.0,2.914018281912768,54.97,15.84131609143535,11.129999999999999,83.75282527515724
2023-10-20,HDFCBANK,11.06,,,,25.52,,33.74,21.96576944383984
2023-10-20,HUL,10.87,15496.0,24.0,0.024232665394402036,61.9,20.16340648854962,32.47,73.32667805137434
2023-10-20,INFY,14.32,37933.0,24.0,0.11005609558794277,14.94,31.970506716883047,44.79,29.61741109116851
2023-10-20,MM,28.21,33892.0,18.0,1.6365716921548452,19.37,20.178831210304086,70.94,21.63228415958909
2023-10-20,RELIANCE,11.83,207559.0,18.0,0.6309284341334763,50.39,10.349336194179966,37.76,30.219921823275293
2023-10-23,BHARTIARTL,2.89,37440.0,52.0,2.914018281912768,54.97,15.84131609143535,11.129999999999999,83.23003421039702
2023-10-23,HDFCBANK,11.06,,,,25.52,,33.74,21.72415777996721
2023-10-23,HUL,10.87,15496.0,24.0,0.024232665394402036,61.9,20.16340648854962,32.47,72.98432477334848
2023-10-23,INFY,14.32,37933.0,24.0,0.11005609558794277,14.94,31.970506716883047,44.79,29.231435610104096
2023-10-23,MM,28.21,33892.0,18.0,1.6365716921548452,19.37,20.178831210304086,70.94,21.72807511189033
2023-10-23,RELIANCE,11.83,207559.0,18.0,0.6309284341334763,50.39,10.349336194179966,37.76,29.74804377151748
2023-10-24,BHARTIARTL,2.89,37440.0,52.0,2.914018281912768,54.97,15.84131609143535,11.129999999999999,
2023-10-24,HDFCBANK,11.06,,,,25.52,,33.74,
2023-10-24,HUL,10.87,15496.0,24.0,0.024232665394402036,61.9,20.16340648854962,32.47,
2023-10-24,INFY,14.32,37933.0,24.0,0.11005609558794277,14.94,31.970506716883047,44.79,
2023-10-24,MM,28.21,33892.0,18.0,1.6365716921548452,19.37,20.178831210304086,70.94,
2023-10-24,RELIANCE,11.83,207559.0,18.0,0.6309284341334763,50.39,10.349336194179966,37.76,
2023-10-25,BHARTIARTL,2.89,37440.0,52.0,2.914018281912768,54.97,15.84131609143535,11.129999999999999,81.75026892758872
2023-10-25,HDFCBANK,11.06,,,,25.52,,33.74,21.586403566913344
2023-10-25,HUL,10.87,15496.0,24.0,0.024232665394402036,61.9,20.16340648854962,32.47,72.80211782029566
2023-10-25,INFY,14.32,37933.0,24.0,0.11005609558794277,14.94,31.970506716883047,44.79,28.798422586654386
2023-10-25,MM,28.21,33892.0,18.0,1.6365716921548452,19.37,20.178831210304086,70.94,21.782908669518257
2023-10-25,RELIANCE,11.83,207559.0,18.0,0.6309284341334763,50.39,10.349336194179966,37.76,29.67903331174689
2023-10-26,BHARTIARTL,2.89,37440.0,52.0,2.914018281912768,54.97,15.84131609143535,11.129999999999999,80.23506706080133
2023-10-26,HDFCBANK,11.06,,,,25.52,,33.74,21.1089490925552
2023-10-26,HUL,10.87,15496.0,24.0,0.024232665394402036,61.9,20.16340648854962,32.47,72.7756586007276
2023-10-26,INFY,14.32,37933.0,24.0,0.11005609558794277,14.94,31.970506716883047,44.79,28.57561088028857
2023-10-26,MM,28.21,33892.0,18.0,1.6365716921548452,19.37,20.178831210304086,70.94,20.90831635063522
2023-10-26,RELIANCE,11.83,207559.0,18.0,0.6309284341334763,50.39,10.349336194179966,37.76,29.265649439924857
2023-10-27,BHARTIARTL,2.89,37440.0,52.0,2.914018281912768,54.97,15.84131609143535,11.129999999999999,81.04140015196822
2023-10-27,HDFCBANK,11.06,,,,25.52,,33.74,21.191889249013595
2023-10-27,HUL,10.87,15496.0,24.0,0.024232665394402036,61.9,20.16340648854962,32.47,72.94171482811056
2023-10-27,INFY,14.32,37933.0,24.0,0.11005609558794277,14.94,31.970506716883047,44.79,29.014927735683187
2023-10-27,MM,28.21,33892.0,18.0,1.6365716921548452,19.37,20.178831210304086,70.94,20.97356391349644
2023-10-27,RELIANCE,11.83,207559.0,18.0,0.6309284341334763,50.39,10.349336194179966,37.76,29.782217639987753
2023-10-30,BHARTIARTL,2.89,37440.0,52.0,2.914018281912768,54.97,15.84131609143535,11.129999999999999,82.07369493345688
2023-10-30,HDFCBANK,11.06,,,,25.52,,33.74,21.421961397126925
2023-10-30,HUL,10.87,15496.0,24.0,0.024232665394402036,61.9,20.16340648854962,32.47,72.84913387598168
2023-10-30,INFY,14.32,37933.0,24.0,0.11005609558794277,14.94,31.970506716883047,44.79,28.945563781152323
2023-10-30,MM,28.21,33892.0,18.0,1.6365716921548452,19.37,20.178831210304086,70.94,20.793092919632787
2023-10-30,RELIANCE,11.83,207559.0,18.0,0.6309284341334763,50.39,10.349336194179966,37.76,30.39605092194121
2023-10-31,BHARTIARTL,2.89,37440.0,52.0,2.914018281912768,54.97,15.84131609143535,11.129999999999999,81.0236873438202
2023-10-31,HDFCBANK,11.06,,,,25.52,,33.74,21.29791205496073
2023-10-31,HUL,10.87,15496.0,24.0,0.024232665394402036,61.9,20.16340648854962,32.47,72.99900930185557
2023-10-31,INFY,14.32,37933.0,24.0,0.11005609558794277,14.94,31.970506716883047,44.79,28.763736521300793
2023-10-31,MM,28.21,33892.0,18.0,1.6365716921548452,19.37,20.178831210304086,70.94,20.248900919791375
2023-10-31,RELIANCE,11.83,207559.0,18.0,0.6309284341334763,50.39,10.349336194179966,37.76,30.072703603970805
2023-11-01,BHARTIARTL,2.89,37440.0,52.0,2.914018281912768,54.97,15.84131609143535,11.129999999999999,80.93950489246407
2023-11-01,HDFCBANK,11.06,,,,25.52,,33.74,21.269062361069945
2023-11-01,HUL,10.87,15496.0,24.0,0.024232665394402036,61.9,20.16340648854962,32.47,72.65371611054435
2023-11-01,INFY,14.32,37933.0,24.0,0.11005609558794277,14.94,31.970506716883047,44.79,28.46420502710566
2023-11-01,MM,28.21,33892.0,18.0,1.6365716921548452,19.37,20.178831210304086,70.94,20.193370456657917
2023-11-01,RELIANCE,11.83,207559.0,18.0,0.6309284341334763,50.39,10.349336194179966,37.76,30.197573516328458
2023-11-02,BHARTIARTL,2.89,37440.0,52.0,2.914018281912768,54.97,15.84131609143535,11.129999999999999,81.86103155884996
2023-11-02,HDFCBANK,11.06,,,,25.52,,33.74,21.301517362204542
2023-11-02,HUL,10.87,15496.0,24.0,0.024232665394402036,61.9,20.16340648854962,32.47,73.61729336695412
2023-11-02,INFY,14.32,37933.0,24.0,0.11005609558794277,14.94,31.970506716883047,44.79,28.800523863969357
2023-11-02,MM,28.21,33892.0,18.0,1.6365716921548452,19.37,20.178831210304086,70.94,20.402996191213525
2023-11-02,RELIANCE,11.83,207559.0,18.0,0.6309284341334763,50.39,10.349336194179966,37.76,30.4972632456634
2023-11-03,BHARTIARTL,2.89,37440.0,52.0,2.914018281912768,54.97,15.84131609143535,11.129999999999999,82.47243053508255
2023-11-03,HDFCBANK,11.06,,,,25.52,,33.74,21.40248948183721
2023-11-03,HUL,10.87,15496.0,24.0,0.024232665394402036,61.9,20.16340648854962,32.47,74.28189422447645
2023-11-03,INFY,14.32,37933.0,24.0,0.11005609558794277,14.94,31.970506716883047,44.79,29.197801546104042
2023-11-03,MM,28.21,33892.0,18.0,1.6365716921548452,19.37,20.178831210304086,70.94,20.393279091485763
2023-11-03,RELIANCE,11.83,207559.0,18.0,0.6309284341334763,50.39,10.349336194179966,37.76,30.49069097486593
2023-11-06,BHARTIARTL,2.89,37440.0,52.0,2.914018281912768,54.97,15.84131609143535,11.129999999999999,83.22117780632301
2023-11-06,HDFCBANK,11.06,,,,25.52,,33.74,21.55755206403749
2023-11-06,HUL,10.87,15496.0,24.0,0.024232665394402036,61.9,20.16340648854962,32.47,73.93108211666538
2023-11-06,INFY,14.32,37933.0,24.0,0.11005609558794277,14.94,31.970506716883047,44.79,29.49733849108339
2023-11-06,MM,28.21,33892.0,18.0,1.6365716921548452,19.37,20.178831210304086,70.94,20.661209145162285
2023-11-06,RELIANCE,11.83,207559.0,18.0,0.6309284341334763,50.39,10.349336194179966,37.76,30.74437480861858
2023-11-07,BHARTIARTL,2.89,37440.0,52.0,2.914018281912768,54.97,15.84131609143535,11.129999999999999,83.0395310394205
2023-11-07,HDFCBANK,11.06,,,,25.52,,33.74,21.45297282817594
2023-11-07,HUL,10.87,15496.0,24.0,0.024232665394402036,61.9,20.16340648854962,32.47,73.90296872593933
2023-11-07,INFY,14.32,37933.0,24.0,0.11005609558794277,14.94,31.970506716883047,44.79,29.518356715017305
2023-11-07,MM,28.21,33892.0,18.0,1.6365716921548452,19.37,20.178831210304086,70.94,20.542514952666867
2023-11-07,RELIANCE,11.83,207559.0,18.0,0.6309284341334763,50.39,10.349336194179966,37.76,30.544581655728617
2023-11-08,BHARTIARTL,2.89,37440.0,52.0,2.914018281912768,54.97,15.84131609143535,11.129999999999999,83.00408348775832
2023-11-08,HDFCBANK,11.06,,,,25.52,,33.74,21.51500111722918
2023-11-08,HUL,10.87,15496.0,24.0,0.024232665394402036,61.9,20.16340648854962,32.47,74.58088566128349
2023-11-08,INFY,14.32,37933.0,24.0,0.11005609558794277,14.94,31.970506716883047,44.79,29.238791443402548
2023-11-08,MM,28.21,33892.0,18.0,1.6365716921548452,19.37,20.178831210304086,70.94,20.648716468692733
2023-11-08,RELIANCE,11.83,207559.0,18.0,0.6309284341334763,50.39,10.349336194179966,37.76,30.703625436556543
2023-11-09,BHARTIARTL,2.89,37440.0,52.0,2.914018281912768,54.97,15.84131609143535,11.129999999999999,82.61420429020666
2023-11-09,HDFCBANK,11.06,,,,25.52,,33.74,21.42989560564241
2023-11-09,HUL,10.87,15496.0,24.0,0.024232665394402036,61.9,20.16340648854962,32.47,73.31830193014706
2023-11-09,INFY,14.32,37933.0,24.0,0.11005609558794277,14.94,31.970506716883047,44.79,28.89827005190891
2023-11-09,MM,28.21,33892.0,18.0,1.6365716921548452,19.37,20.178831210304086,70.94,21.546215469278618
2023-11-09,RELIANCE,11.83,207559.0,18.0,0.6309284341334763,50.39,10.349336194179966,37.76,30.370421328787078
2023-11-10,BHARTIARTL,2.89,37440.0,52.0,2.914018281912768,54.97,15.84131609143535,11.129999999999999,82.89332085649708
2023-11-10,HDFCBANK,11.06,,,,25.52,,33.74,21.514279332186387
2023-11-10,HUL,10.87,15496.0,24.0,0.024232665394402036,61.9,20.16340648854962,32.47,73.60990222946181
2023-11-10,INFY,14.32,37933.0,24.0,0.11005609558794277,14.94,31.970506716883047,44.79,28.77319635730632
2023-11-10,MM,28.21,33892.0,18.0,1.6365716921548452,19.37,20.178831210304086,70.94,21.158200853604278
2023-11-10,RELIANCE,11.83,207559.0,18.0,0.6309284341334763,50.39,10.349336194179966,37.76,30.427596528651353
2023-11-13,BHARTIARTL,2.89,37440.0,52.0,2.914018281912768,54.97,15.84131609143535,11.129999999999999,82.8490169007609
2023-11-13,HDFCBANK,11.06,,,,25.52,,33.74,21.475331883636816
2023-11-13,HUL,10.87,15496.0,24.0,0.024232665394402036,61.9,20.16340648854962,32.47,73.36122015273715
2023-11-13,INFY,14.32,37933.0,24.0,0.11005609558794277,14.94,31.970506716883047,44.79,28.871989095815195
2023-11-13,MM,28.21,33892.0,18.0,1.6365716921548452,19.37,20.178831210304086,70.94,21.382401377374368
2023-11-13,RELIANCE,11.83,207559.0,18.0,0.6309284341334763,50.39,10.349336194179966,37.76,30.423655752408305
2023-11-14,BHARTIARTL,2.39,37044.0,53.0,2.914018281912768,54.75,15.84131609143535,13.52,
2023-11-14,HDFCBANK,11.09,,,,0.0,,44.83,
2023-11-14,HUL,11.3,15623.0,24.0,0.024232665394402036,61.9,20.16340648854962,43.769999999999996,
2023-11-14,INFY,14.97,38994.0,24.0,0.11005609558794277,14.89,31.970506716883047,59.76,
2023-11-14,MM,18.88,34436.0,17.0,1.6365716921548452,19.33,20.178831210304086,89.82,
2023-11-14,RELIANCE,12.85,231886.0,18.0,0.6309284341334763,50.27,10.349336194179966,50.61,
2023-11-15,BHARTIARTL,2.39,37044.0,53.0,2.914018281912768,54.75,15.84131609143535,13.52,69.29754223343889
2023-11-15,HDFCBANK,11.09,,,,0.0,,44.83,16.33214463406898
2023-11-15,HUL,11.3,15623.0,24.0,0.024232665394402036,61.9,20.16340648854962,43.769999999999996,54.60290139686144
2023-11-15,INFY,14.97,38994.0,24.0,0.11005609558794277,14.89,31.970506716883047,59.76,22.221625760855925
2023-11-15,MM,18.88,34436.0,17.0,1.6365716921548452,19.33,20.178831210304086,89.82,16.930620953278087
2023-11-15,RELIANCE,12.85,231886.0,18.0,0.6309284341334763,50.27,10.349336194179966,50.61,23.109434527668693
2023-11-16,BHARTIARTL,2.39,37044.0,53.0,2.914018281912768,54.75,15.84131609143535,13.52,69.26471777921599
2023-11-16,HDFCBANK,11.09,,,,0.0,,44.83,16.375027175144297
2023-11-16,HUL,11.3,15623.0,24.0,0.024232665394402036,61.9,20.16340648854962,43.769999999999996,54.708310798991896
2023-11-16,INFY,14.97,38994.0,24.0,0.11005609558794277,14.89,31.970506716883047,59.76,22.763580363119143
2023-11-16,MM,18.88,34436.0,17.0,1.6365716921548452,19.33,20.178831210304086,89.82,17.20856806929832
2023-11-16,RELIANCE,12.85,231886.0,18.0,0.6309284341334763,50.27,10.349336194179966,50.61,23.151113543673436
2023-11-17,BHARTIARTL,2.39,37044.0,53.0,2.914018281912768,54.75,15.84131609143535,13.52,69.1005909936668
2023-11-17,HDFCBANK,11.09,,,,0.0,,44.83,16.339744416406425
2023-11-17,HUL,11.3,15623.0,24.0,0.024232665394402036,61.9,20.16340648854962,43.769999999999996,55.53403265649989
2023-11-17,INFY,14.97,38994.0,24.0,0.11005609558794277,14.89,31.970506716883047,59.76,22.64778310834484
2023-11-17,MM,18.88,34436.0,17.0,1.6365716921548452,19.33,20.178831210304086,89.82,17.373581799014698
2023-11-17,RELIANCE,12.85,231886.0,18.0,0.6309284341334763,50.27,10.349336194179966,50.61,23.100609092508893
2023-11-20,BHARTIARTL,2.39,37044.0,53.0,2.914018281912768,54.75,15.84131609143535,13.52,70.12911463630269
2023-11-20,HDFCBANK,11.09,,,,0.0,,44.83,16.340829516105984
2023-11-20,HUL,11.3,15623.0,24.0,0.024232665394402036,61.9,20.16340648854962,43.769999999999996,55.043213504183804
2023-11-20,INFY,14.97,38994.0,24.0,0.11005609558794277,14.89,31.970506716883047,59.76,22.63281437926184
2023-11-20,MM,18.88,34436.0,17.0,1.6365716921548452,19.33,20.178831210304086,89.82,17.018883415702934
2023-11-20,RELIANCE,12.85,231886.0,18.0,0.6309284341334763,50.27,10.349336194179966,50.61,23.0398078983279
2023-11-21,BHARTIARTL,2.39,37044.0,53.0,2.914018281912768,54.75,15.84131609143535,13.52,70.8184372038531
2023-11-21,HDFCBANK,11.09,,,,0.0,,44.83,16.479245759588306
2023-11-21,HUL,11.3,15623.0,24.0,0.024232665394402036,61.9,20.16340648854962,43.769999999999996,55.016863942554835
2023-11-21,INFY,14.97,38994.0,24.0,0.11005609558794277,14.89,31.970506716883047,59.76,22.670626353068524
2023-11-21,MM,18.88,34436.0,17.0,1.6365716921548452,19.33,20.178831210304086,89.82,17.101664809654032
2023-11-21,RELIANCE,12.85,231886.0,18.0,0.6309284341334763,50.27,10.349336194179966,50.61,23.3295976585655
2023-11-22,BHARTIARTL,2.39,37044.0,53.0,2.914018281912768,54.75,15.84131609143535,13.52,70.7382021571052
2023-11-22,HDFCBANK,11.09,,,,0.0,,44.83,16.420621784728418
2023-11-22,HUL,11.3,15623.0,24.0,0.024232665394402036,61.9,20.16340648854962,43.769999999999996,55.38250594371145
2023-11-22,INFY,14.97,38994.0,24.0,0.11005609558794277,14.89,31.970506716883047,59.76,22.966810274953982
2023-11-22,MM,18.88,34436.0,17.0,1.6365716921548452,19.33,20.178831210304086,89.82,16.922945011115985
2023-11-22,RELIANCE,12.85,231886.0,18.0,0.6309284341334763,50.27,10.349336194179966,50.61,23.420804273797174
2023-11-23,BHARTIARTL,2.39,37044.0,53.0,2.914018281912768,54.75,15.84131609143535,13.52,71.24152098887066
2023-11-23,HDFCBANK,11.09,,,,0.0,,44.83,16.515616340986085
2023-11-23,HUL,11.3,15623.0,24.0,0.024232665394402036,61.9,20.16340648854962,43.769999999999996,55.33858071131769
2023-11-23,INFY,14.97,38994.0,24.0,0.11005609558794277,14.89,31.970506716883047,59.76,22.832110097290204
2023-11-23,MM,18.88,34436.0,17.0,1.6365716921548452,19.33,20.178831210304086,89.82,16.949260391442607
2023-11-23,RELIANCE,12.85,231886.0,18.0,0.6309284341334763,50.27,10.349336194179966,50.61,23.49239425493356
2023-11-24,BHARTIARTL,2.39,37044.0,53.0,2.914018281912768,54.75,15.84131609143535,13.52,70.98621616702108
2023-11-24,HDFCBANK,11.09,,,,0.0,,44.83,16.63286156774551
2023-11-24,HUL,11.3,15623.0,24.0,0.024232665394402036,61.9,20.16340648854962,43.769999999999996,55.23536896525874
2023-11-24,INFY,14.97,38994.0,24.0,0.11005609558794277,14.89,31.970506716883047,59.76,22.6454238176665
2023-11-24,MM,18.88,34436.0,17.0,1.6365716921548452,19.33,20.178831210304086,89.82,17.029848270760272
2023-11-24,RELIANCE,12.85,231886.0,18.0,0.6309284341334763,50.27,10.349336194179966,50.61,23.476701912449368
2023-11-27,BHARTIARTL,2.39,37044.0,53.0,2.914018281912768,54.75,15.84131609143535,13.52,
2023-11-27,HDFCBANK,11.09,,,,0.0,,44.83,
2023-11-27,HUL,11.3,15623.0,24.0,0.024232665394402036,61.9,20.16340648854962,43.769999999999996,
2023-11-27,INFY,14.97,38994.0,24.0,0.11005609558794277,14.89,31.970506716883047,59.76,
2023-11-27,MM,18.88,34436.0,17.0,1.6365716921548452,19.33,20.178831210304086,89.82,
2023-11-27,RELIANCE,12.85,231886.0,18.0,0.6309284341334763,50.27,10.349336194179966,50.61,
2023-11-28,BHARTIARTL,2.39,37044.0,53.0,2.914018281912768,54.75,15.84131609143535,13.52,71.84331318330483
2023-11-28,HDFCBANK,11.09,,,,0.0,,44.83,16.595409971088696
2023-11-28,HUL,11.3,15623.0,24.0,0.024232665394402036,61.9,20.16340648854962,43.769999999999996,55.13325046942827
2023-11-28,INFY,14.97,38994.0,24.0,0.11005609558794277,14.89,31.970506716883047,59.76,22.728916152892822
2023-11-28,MM,18.88,34436.0,17.0,1.6365716921548452,19.33,20.178831210304086,89.82,17.170741493838374
2023-11-28,RELIANCE,12.85,231886.0,18.0,0.6309284341334763,50.27,10.349336194179966,50.61,23.481605467978167
2023-11-29,BHARTIARTL,2.39,37044.0,53.0,2.914018281912768,54.75,15.84131609143535,13.52,72.6092366777228
2023-11-29,HDFCBANK,11.09,,,,0.0,,44.83,16.92652331115464
2023-11-29,HUL,11.3,15623.0,24.0,0.024232665394402036,61.9,20.16340648854962,43.769999999999996,55.45168190969843
2023-11-29,INFY,14.97,38994.0,24.0,0.11005609558794277,14.89,31.970506716883047,59.76,22.99516874464002
2023-11-29,MM,18.88,34436.0,17.0,1.6365716921548452,19.33,20.178831210304086,89.82,17.75239932990982
2023-11-29,RELIANCE,12.85,231886.0,18.0,0.6309284341334763,50.27,10.349336194179966,50.61,23.543388338056957
2023-11-30,BHARTIARTL,2.39,37044.0,53.0,2.914018281912768,54.75,15.84131609143535,13.52,74.01706763273161
2023-11-30,HDFCBANK,11.09,,,,0.0,,44.83,16.92272341998592
2023-11-30,HUL,11.3,15623.0,24.0,0.024232665394402036,61.9,20.16340648854962,43.769999999999996,55.90187789153531
2023-11-30,INFY,14.97,38994.0,24.0,0.11005609558794277,14.89,31.970506716883047,59.76,22.92506206466491
2023-11-30,MM,18.88,34436.0,17.0,1.6365716921548452,19.33,20.178831210304086,89.82,18.066528564942388
2023-11-30,RELIANCE,12.85,231886.0,18.0,0.6309284341334763,50.27,10.349336194179966,50.61,23.31537903591805
2023-12-01,BHARTIARTL,2.39,37044.0,53.0,2.914018281912768,54.75,15.84131609143535,13.52,74.01706763273161
2023-12-01,HDFCBANK,11.09,,,,0.0,,44.83,16.8858136924388
2023-12-01,HUL,11.3,15623.0,24.0,0.024232665394402036,61.9,20.16340648854962,43.769999999999996,56.29935801669237
2023-12-01,INFY,14.97,38994.0,24.0,0.11005609558794277,14.89,31.970506716883047,59.76,22.88016200544365
2023-12-01,MM,18.88,34436.0,17.0,1.6365716921548452,19.33,20.178831210304086,89.82,17.822571412355963
2023-12-01,RELIANCE,12.85,231886.0,18.0,0.6309284341334763,50.27,10.349336194179966,50.61,23.480626204060464
2023-12-04,BHARTIARTL,2.39,37044.0,53.0,2.914018281912768,54.75,15.84131609143535,13.52,75.34466805542715
2023-12-04,HDFCBANK,11.09,,,,0.0,,44.83,17.47205071807732
2023-12-04,HUL,11.3,15623.0,24.0,0.024232665394402036,61.9,20.16340648854962,43.769999999999996,57.14813852952936
2023-12-04,INFY,14.97,38994.0,24.0,0.11005609558794277,14.89,31.970506716883047,59.76,23.07000013399954
2023-12-04,MM,18.88,34436.0,17.0,1.6365716921548452,19.33,20.178831210304086,89.82,18.166303581555475
2023-12-04,RELIANCE,12.85,231886.0,18.0,0.6309284341334763,50.27,10.349336194179966,50.61,23.734622179719917
2023-12-05,BHARTIARTL,2.39,37044.0,53.0,2.914018281912768,54.75,15.84131609143535,13.52,75.21336572410087
2023-12-05,HDFCBANK,11.09,,,,0.0,,44.83,17.627294856523953
2023-12-05,HUL,11.3,15623.0,24.0,0.024232665394402036,61.9,20.16340648854962,43.769999999999996,56.2905841258282
2023-12-05,INFY,14.97,38994.0,24.0,0.11005609558794277,14.89,31.970506716883047,59.76,22.90615505642361
2023-12-05,MM,18.88,34436.0,17.0,1.6365716921548452,19.33,20.178831210304086,89.82,18.486464302302522
2023-12-05,RELIANCE,12.85,231886.0,18.0,0.6309284341334763,50.27,10.349336194179966,50.61,23.90673384320663
2023-12-06,BHARTIARTL,2.39,37044.0,53.0,2.914018281912768,54.75,15.84131609143535,13.52,74.72827617938701
2023-12-06,HDFCBANK,11.09,,,,0.0,,44.83,17.671805727888692
2023-12-06,HUL,11.3,15623.0,24.0,0.024232665394402036,61.9,20.16340648854962,43.769999999999996,56.38720290367261
2023-12-06,INFY,14.97,38994.0,24.0,0.11005609558794277,14.89,31.970506716883047,59.76,23.226759168836807
2023-12-06,MM,18.88,34436.0,17.0,1.6365716921548452,19.33,20.178831210304086,89.82,18.66573044091656
2023-12-06,RELIANCE,12.85,231886.0,18.0,0.6309284341334763,50.27,10.349336194179966,50.61,24.135727233223424
2023-12-07,BHARTIARTL,2.39,37044.0,53.0,2.914018281912768,54.75,15.84131609143535,13.52,72.9447810607549
2023-12-07,HDFCBANK,11.09,,,,0.0,,44.83,17.70057380398868
2023-12-07,HUL,11.3,15623.0,24.0,0.024232665394402036,61.9,20.16340648854962,43.769999999999996,55.30234727517421
2023-12-07,INFY,14.97,38994.0,24.0,0.11005609558794277,14.89,31.970506716883047,59.76,23.094422367203187
2023-12-07,MM,18.88,34436.0,17.0,1.6365716921548452,19.33,20.178831210304086,89.82,18.558828540327184
2023-12-07,RELIANCE,12.85,231886.0,18.0,0.6309284341334763,50.27,10.349336194179966,50.61,24.09600915703418
2023-12-08,BHARTIARTL,2.39,37044.0,53.0,2.914018281912768,54.75,15.84131609143535,13.52,72.96301486224112
2023-12-08,HDFCBANK,11.09,,,,0.0,,44.83,17.94755447663395
2023-12-08,HUL,11.3,15623.0,24.0,0.024232665394402036,61.9,20.16340648854962,43.769999999999996,55.39129656799749
2023-12-08,INFY,14.97,38994.0,24.0,0.11005609558794277,14.89,31.970506716883047,59.76,23.492223287681977
2023-12-08,MM,18.88,34436.0,17.0,1.6365716921548452,19.33,20.178831210304086,89.82,18.29458749312862
2023-12-08,RELIANCE,12.85,231886.0,18.0,0.6309284341334763,50.27,10.349336194179966,50.61,24.08325943026329
2023-12-11,BHARTIARTL,2.39,37044.0,53.0,2.914018281912768,54.75,15.84131609143535,13.52,73.00678230601655
2023-12-11,HDFCBANK,11.09,,,,0.0,,44.83,17.923670029922068
2023-12-11,HUL,11.3,15623.0,24.0,0.024232665394402036,61.9,20.16340648854962,43.769999999999996,54.98172933444712
2023-12-11,INFY,14.97,38994.0,24.0,0.11005609558794277,14.89,31.970506716883047,59.76,23.450470992041083
2023-12-11,MM,18.88,34436.0,17.0,1.6365716921548452,19.33,20.178831210304086,89.82,18.11531999545967
2023-12-11,RELIANCE,12.85,231886.0,18.0,0.6309284341334763,50.27,10.349336194179966,50.61,24.118563582882583
2023-12-12,BHARTIARTL,2.39,37044.0,53.0,2.914018281912768,54.75,15.84131609143535,13.52,72.59828917373567
2023-12-12,HDFCBANK,11.09,,,,0.0,,44.83,17.74562654446311
2023-12-12,HUL,11.3,15623.0,24.0,0.024232665394402036,61.9,20.16340648854962,43.769999999999996,54.9619615854181
2023-12-12,INFY,14.97,38994.0,24.0,0.11005609558794277,14.89,31.970506716883047,59.76,23.254329165620817
2023-12-12,MM,18.88,34436.0,17.0,1.6365716921548452,19.33,20.178831210304086,89.82,17.931119128447868
2023-12-12,RELIANCE,12.85,231886.0,18.0,0.6309284341334763,50.27,10.349336194179966,50.61,23.77238172807375
2023-12-13,BHARTIARTL,2.39,37044.0,53.0,2.914018281912768,54.75,15.84131609143535,13.52,72.93748573438656
2023-12-13,HDFCBANK,11.09,,,,0.0,,44.83,17.705460156337136
2023-12-13,HUL,11.3,15623.0,24.0,0.024232665394402036,61.9,20.16340648854962,43.769999999999996,55.162896515164505
2023-12-13,INFY,14.97,38994.0,24.0,0.11005609558794277,14.89,31.970506716883047,59.76,22.828171818131903
2023-12-13,MM,18.88,34436.0,17.0,1.6365716921548452,19.33,20.178831210304086,89.82,18.268273471856908
2023-12-13,RELIANCE,12.85,231886.0,18.0,0.6309284341334763,50.27,10.349336194179966,50.61,23.869466338791742
2023-12-14,BHARTIARTL,2.39,37044.0,53.0,2.914018281912768,54.75,15.84131609143535,13.52,73.32409288756241
2023-12-14,HDFCBANK,11.09,,,,0.0,,44.83,17.914443278775373
2023-12-14,HUL,11.3,15623.0,24.0,0.024232665394402036,61.9,20.16340648854962,43.769999999999996,55.260630854466534
2023-12-14,INFY,14.97,38994.0,24.0,0.11005609558794277,14.89,31.970506716883047,59.76,23.65449141945386
2023-12-14,MM,18.88,34436.0,17.0,1.6365716921548452,19.33,20.178831210304086,89.82,18.67833975242151
2023-12-14,RELIANCE,12.85,231886.0,18.0,0.6309284341334763,50.27,10.349336194179966,50.61,24.165635786374974
2023-12-15,BHARTIARTL,2.39,37044.0,53.0,2.914018281912768,54.75,15.84131609143535,13.52,72.40134244839821
2023-12-15,HDFCBANK,11.09,,,,0.0,,44.83,17.983923696551557
2023-12-15,HUL,11.3,15623.0,24.0,0.024232665394402036,61.9,20.16340648854962,43.769999999999996,55.404471348811974
2023-12-15,INFY,14.97,38994.0,24.0,0.11005609558794277,14.89,31.970506716883047,59.76,24.86679506110379
2023-12-15,MM,18.88,34436.0,17.0,1.6365716921548452,19.33,20.178831210304086,89.82,18.912976506398216
2023-12-15,RELIANCE,12.85,231886.0,18.0,0.6309284341334763,50.27,10.349336194179966,50.61,24.47406532877025
2023-12-18,BHARTIARTL,2.39,37044.0,53.0,2.914018281912768,54.75,15.84131609143535,13.52,72.23356799966486
2023-12-18,HDFCBANK,11.09,,,,0.0,,44.83,17.97469558392469
2023-12-18,HUL,11.3,15623.0,24.0,0.024232665394402036,61.9,20.16340648854962,43.769999999999996,55.681169634952596
2023-12-18,INFY,14.97,38994.0,24.0,0.11005609558794277,14.89,31.970506716883047,59.76,24.645444571253766
2023-12-18,MM,18.88,34436.0,17.0,1.6365716921548452,19.33,20.178831210304086,89.82,18.757832233477373
2023-12-18,RELIANCE,12.85,231886.0,18.0,0.6309284341334763,50.27,10.349336194179966,50.61,24.72315774890091
2023-12-19,BHARTIARTL,2.39,37044.0,53.0,2.914018281912768,54.75,15.84131609143535,13.52,72.10227018277321
2023-12-19,HDFCBANK,11.09,,,,0.0,,44.83,17.944297816055098
2023-12-19,HUL,11.3,15623.0,24.0,0.024232665394402036,61.9,20.16340648854962,43.769999999999996,56.23457736284842
2023-12-19,INFY,14.97,38994.0,24.0,0.11005609558794277,14.89,31.970506716883047,59.76,24.55013331320072
2023-12-19,MM,18.88,34436.0,17.0,1.6365716921548452,19.33,20.178831210304086,89.82,18.632289535668562
2023-12-19,RELIANCE,12.85,231886.0,18.0,0.6309284341334763,50.27,10.349336194179966,50.61,25.086992886009437
2023-12-20,BHARTIARTL,2.39,37044.0,53.0,2.914018281912768,54.75,15.84131609143535,13.52,70.86949997399687
2023-12-20,HDFCBANK,11.09,,,,0.0,,44.83,17.988808687419837
2023-12-20,HUL,11.3,15623.0,24.0,0.024232665394402036,61.9,20.16340648854962,43.769999999999996,56.16430256882568
2023-12-20,INFY,14.97,38994.0,24.0,0.11005609558794277,14.89,31.970506716883047,59.76,24.20510901025979
2023-12-20,MM,18.88,34436.0,17.0,1.6365716921548452,19.33,20.178831210304086,89.82,18.057757224518483
2023-12-20,RELIANCE,12.85,231886.0,18.0,0.6309284341334763,50.27,10.349336194179966,50.61,24.78346931112305
2023-12-21,BHARTIARTL,2.39,37044.0,53.0,2.914018281912768,54.75,15.84131609143535,13.52,71.33270353960567
2023-12-21,HDFCBANK,11.09,,,,0.0,,44.83,18.31123714544878
2023-12-21,HUL,11.3,15623.0,24.0,0.024232665394402036,61.9,20.16340648854962,43.769999999999996,56.06987586924549
2023-12-21,INFY,14.97,38994.0,24.0,0.11005609558794277,14.89,31.970506716883047,59.76,24.198807355071327
2023-12-21,MM,18.88,34436.0,17.0,1.6365716921548452,19.33,20.178831210304086,89.82,17.914124146730963
2023-12-21,RELIANCE,12.85,231886.0,18.0,0.6309284341334763,50.27,10.349336194179966,50.61,25.13063525380977
2023-12-22,BHARTIARTL,2.39,37044.0,53.0,2.914018281912768,54.75,15.84131609143535,13.52,72.18250522952108
2023-12-22,HDFCBANK,11.09,,,,0.0,,44.83,18.139167834998187
2023-12-22,HUL,11.3,15623.0,24.0,0.024232665394402036,61.9,20.16340648854962,43.769999999999996,56.56179384959733
2023-12-22,INFY,14.97,38994.0,24.0,0.11005609558794277,14.89,31.970506716883047,59.76,24.62260132653008
2023-12-22,MM,18.88,34436.0,17.0,1.6365716921548452,19.33,20.178831210304086,89.82,17.918509816942915
2023-12-22,RELIANCE,12.85,231886.0,18.0,0.6309284341334763,50.27,10.349336194179966,50.61,25.155150619473673
2023-12-25,BHARTIARTL,2.39,37044.0,53.0,2.914018281912768,54.75,15.84131609143535,13.52,
2023-12-25,HDFCBANK,11.09,,,,0.0,,44.83,
2023-12-25,HUL,11.3,15623.0,24.0,0.024232665394402036,61.9,20.16340648854962,43.769999999999996,
2023-12-25,INFY,14.97,38994.0,24.0,0.11005609558794277,14.89,31.970506716883047,59.76,
2023-12-25,MM,18.88,34436.0,17.0,1.6365716921548452,19.33,20.178831210304086,89.82,
2023-12-25,RELIANCE,12.85,231886.0,18.0,0.6309284341334763,50.27,10.349336194179966,50.61,
2023-12-26,BHARTIARTL,2.39,37044.0,53.0,2.914018281912768,54.75,15.84131609143535,13.52,72.93383807120239
2023-12-26,HDFCBANK,11.09,,,,0.0,,44.83,18.265100666754964
2023-12-26,HUL,11.3,15623.0,24.0,0.024232665394402036,61.9,20.16340648854962,43.769999999999996,56.762734357151025
2023-12-26,INFY,14.97,38994.0,24.0,0.11005609558794277,14.89,31.970506716883047,59.76,24.32405402861446
2023-12-26,MM,18.88,34436.0,17.0,1.6365716921548452,19.33,20.178831210304086,89.82,18.225512167999195
2023-12-26,RELIANCE,12.85,231886.0,18.0,0.6309284341334763,50.27,10.349336194179966,50.61,25.282640651242342
2023-12-27,BHARTIARTL,2.39,37044.0,53.0,2.914018281912768,54.75,15.84131609143535,13.52,74.4912096734583
2023-12-27,HDFCBANK,11.09,,,,0.0,,44.83,18.491453553267206
2023-12-27,HUL,11.3,15623.0,24.0,0.024232665394402036,61.9,20.16340648854962,43.769999999999996,57.27990307109607
2023-12-27,INFY,14.97,38994.0,24.0,0.11005609558794277,14.89,31.970506716883047,59.76,24.688769727346887
2023-12-27,MM,18.88,34436.0,17.0,1.6365716921548452,19.33,20.178831210304086,89.82,18.507295896045566
2023-12-27,RELIANCE,12.85,231886.0,18.0,0.6309284341334763,50.27,10.349336194179966,50.61,25.368941298965126
2023-12-28,BHARTIARTL,2.39,37044.0,53.0,2.914018281912768,54.75,15.84131609143535,13.52,75.62184531307784
2023-12-28,HDFCBANK,11.09,,,,0.0,,44.83,18.512621847029752
2023-12-28,HUL,11.3,15623.0,24.0,0.024232665394402036,61.9,20.16340648854962,43.769999999999996,57.83990376720642
2023-12-28,INFY,14.97,38994.0,24.0,0.11005609558794277,14.89,31.970506716883047,59.76,24.61866304737178
2023-12-28,MM,18.88,34436.0,17.0,1.6365716921548452,19.33,20.178831210304086,89.82,19.01713855227817
2023-12-28,RELIANCE,12.85,231886.0,18.0,0.6309284341334763,50.27,10.349336194179966,50.61,25.552328969385993
2023-12-29,BHARTIARTL,2.39,37044.0,53.0,2.914018281912768,54.75,15.84131609143535,13.52,75.29360077084874
2023-12-29,HDFCBANK,11.09,,,,0.0,,44.83,18.556047618694933
2023-12-29,HUL,11.3,15623.0,24.0,0.024232665394402036,61.9,20.16340648854962,43.769999999999996,58.502011803532675
2023-12-29,INFY,14.97,38994.0,24.0,0.11005609558794277,14.89,31.970506716883047,59.76,24.307514481755145
2023-12-29,MM,18.88,34436.0,17.0,1.6365716921548452,19.33,20.178831210304086,89.82,18.961769295970413
2023-12-29,RELIANCE,12.85,231886.0,18.0,0.6309284341334763,50.27,10.349336194179966,50.61,25.35030875274773
2024-01-01,BHARTIARTL,2.39,37044.0,53.0,2.914018281912768,54.75,15.84131609143535,13.52,73.89670829095785
2024-01-01,HDFCBANK,11.09,,,,0.0,,44.83,18.434998416326263
2024-01-01,HUL,11.3,15623.0,24.0,0.024232665394402036,61.9,20.16340648854962,43.769999999999996,58.29997804575052
2024-01-01,INFY,14.97,38994.0,24.0,0.11005609558794277,14.89,31.970506716883047,59.76,24.440637713614876
2024-01-01,MM,18.88,34436.0,17.0,1.6365716921548452,19.33,20.178831210304086,89.82,18.675599897712093
2024-01-01,RELIANCE,12.85,231886.0,18.0,0.6309284341334763,50.27,10.349336194179966,50.61,25.402286923749013
2024-01-02,BHARTIARTL,2.39,37044.0,53.0,2.914018281912768,54.75,15.84131609143535,13.52,74.52768630530002
2024-01-02,HDFCBANK,11.09,,,,0.0,,44.83,18.445854859242555
2024-01-02,HUL,11.3,15623.0,24.0,0.024232665394402036,61.9,20.16340648854962,43.769999999999996,57.40069048791981
2024-01-02,INFY,14.97,38994.0,24.0,0.11005609558794277,14.89,31.970506716883047,59.76,24.17360073431748
2024-01-02,MM,18.88,34436.0,17.0,1.6365716921548452,19.33,20.178831210304086,89.82,18.159176697579188
2024-01-02,RELIANCE,12.85,231886.0,18.0,0.6309284341334763,50.27,10.349336194179966,50.61,25.612642943588224
2024-01-03,BHARTIARTL,2.39,37044.0,53.0,2.914018281912768,54.75,15.84131609143535,13.52,75.51243798972587
2024-01-03,HDFCBANK,11.09,,,,0.0,,44.83,18.161421228460295
2024-01-03,HUL,11.3,15623.0,24.0,0.024232665394402036,61.9,20.16340648854962,43.769999999999996,57.24147197888109
2024-01-03,INFY,14.97,38994.0,24.0,0.11005609558794277,14.89,31.970506716883047,59.76,23.474106795018617
2024-01-03,MM,18.88,34436.0,17.0,1.6365716921548452,19.33,20.178831210304086,89.82,18.148760900707668
2024-01-03,RELIANCE,12.85,231886.0,18.0,0.6309284341334763,50.27,10.349336194179966,50.61,25.334126778304682
2024-01-04,BHARTIARTL,2.39,37044.0,53.0,2.914018281912768,54.75,15.84131609143535,13.52,76.43884060650888
2024-01-04,HDFCBANK,11.09,,,,0.0,,44.83,18.35629260888356
2024-01-04,HUL,11.3,15623.0,24.0,0.024232665394402036,61.9,20.16340648854962,43.769999999999996,56.93402324116119
2024-01-04,INFY,14.97,38994.0,24.0,0.11005609558794277,14.89,31.970506716883047,59.76,23.831726237632825
2024-01-04,MM,18.88,34436.0,17.0,1.6365716921548452,19.33,20.178831210304086,89.82,18.000194453577294
2024-01-04,RELIANCE,12.85,231886.0,18.0,0.6309284341334763,50.27,10.349336194179966,50.61,25.465046645765412
2024-01-05,BHARTIARTL,2.39,37044.0,53.0,2.914018281912768,54.75,15.84131609143535,13.52,76.34401039258968
2024-01-05,HDFCBANK,11.09,,,,0.0,,44.83,18.2623858752858
2024-01-05,HUL,11.3,15623.0,24.0,0.024232665394402036,61.9,20.16340648854962,43.769999999999996,57.53794359185801
2024-01-05,INFY,14.97,38994.0,24.0,0.11005609558794277,14.89,31.970506716883047,59.76,24.14445379172942
2024-01-05,MM,18.88,34436.0,17.0,1.6365716921548452,19.33,20.178831210304086,89.82,18.00348336647253
2024-01-05,RELIANCE,12.85,231886.0,18.0,0.6309284341334763,50.27,10.349336194179966,50.61,25.573414499357835
2024-01-08,BHARTIARTL,2.39,37044.0,53.0,2.914018281912768,54.75,15.84131609143535,13.52,76.52272783087555
2024-01-08,HDFCBANK,11.09,,,,0.0,,44.83,18.058829612825537
2024-01-08,HUL,11.3,15623.0,24.0,0.024232665394402036,61.9,20.16340648854962,43.769999999999996,56.61998711303405
2024-01-08,INFY,14.97,38994.0,24.0,0.11005609558794277,14.89,31.970506716883047,59.76,23.990850691176163
2024-01-08,MM,18.88,34436.0,17.0,1.6365716921548452,19.33,20.178831210304086,89.82,17.72005518197854
2024-01-08,RELIANCE,12.85,231886.0,18.0,0.6309284341334763,50.27,10.349336194179966,50.61,25.373847266474016
2024-01-09,BHARTIARTL,2.39,37044.0,53.0,2.914018281912768,54.75,15.84131609143535,13.52,77.64972032174556
2024-01-09,HDFCBANK,11.09,,,,0.0,,44.83,17.91824180846392
2024-01-09,HUL,11.3,15623.0,24.0,0.024232665394402036,61.9,20.16340648854962,43.769999999999996,56.65292406507026
2024-01-09,INFY,14.97,38994.0,24.0,0.11005609558794277,14.89,31.970506716883047,59.76,24.09325411999561
2024-01-09,MM,18.88,34436.0,17.0,1.6365716921548452,19.33,20.178831210304086,89.82,17.870815143742348
2024-01-09,RELIANCE,12.85,231886.0,18.0,0.6309284341334763,50.27,10.349336194179966,50.61,25.30666638494739
2024-01-10,BHARTIARTL,2.39,37044.0,53.0,2.914018281912768,54.75,15.84131609143535,13.52,77.51841347598466
2024-01-10,HDFCBANK,11.09,,,,0.0,,44.83,17.977409013913675
2024-01-10,HUL,11.3,15623.0,24.0,0.024232665394402036,61.9,20.16340648854962,43.769999999999996,56.6013126142335
2024-01-10,INFY,14.97,38994.0,24.0,0.11005609558794277,14.89,31.970506716883047,59.76,23.945162159052877
2024-01-10,MM,18.88,34436.0,17.0,1.6365716921548452,19.33,20.178831210304086,89.82,17.90261295159764
2024-01-10,RELIANCE,12.85,231886.0,18.0,0.6309284341334763,50.27,10.349336194179966,50.61,25.989227807467646
2024-01-11,BHARTIARTL,2.39,37044.0,53.0,2.914018281912768,54.75,15.84131609143535,13.52,77.52935646553716
2024-01-11,HDFCBANK,11.09,,,,0.0,,44.83,17.901958505569652
2024-01-11,HUL,11.3,15623.0,24.0,0.024232665394402036,61.9,20.16340648854962,43.769999999999996,55.69654207183859
2024-01-11,INFY,14.97,38994.0,24.0,0.11005609558794277,14.89,31.970506716883047,59.76,23.5402711104836
2024-01-11,MM,18.88,34436.0,17.0,1.6365716921548452,19.33,20.178831210304086,89.82,17.857110433975592
2024-01-11,RELIANCE,12.85,231886.0,18.0,0.6309284341334763,50.27,10.349336194179966,50.61,26.6727684939056
2024-01-12,BHARTIARTL,2.39,37044.0,53.0,2.914018281912768,54.75,15.84131609143535,13.52,78.51410814996302
2024-01-12,HDFCBANK,11.09,,,,0.0,,44.83,17.81727852311859
2024-01-12,HUL,11.3,15623.0,24.0,0.024232665394402036,61.9,20.16340648854962,43.769999999999996,55.86784211146334
2024-01-12,INFY,14.97,38994.0,24.0,0.11005609558794277,14.89,31.970506716883047,59.76,25.407959147789075
2024-01-12,MM,18.88,34436.0,17.0,1.6365716921548452,19.33,20.178831210304086,89.82,17.811058858167726
2024-01-12,RELIANCE,12.85,231886.0,18.0,0.6309284341334763,50.27,10.349336194179966,50.61,26.885085453560315
2024-01-15,BHARTIARTL,2.39,37044.0,53.0,2.914018281912768,54.75,15.84131609143535,13.52,80.41433300492326
2024-01-15,HDFCBANK,11.09,,,,0.0,,44.83,18.160336128760736
2024-01-15,HUL,11.3,15623.0,24.0,0.024232665394402036,61.9,20.16340648854962,43.769999999999996,56.509089148532105
2024-01-15,INFY,14.97,38994.0,24.0,0.11005609558794277,14.89,31.970506716883047,59.76,26.027896988344
2024-01-15,MM,18.88,34436.0,17.0,1.6365716921548452,19.33,20.178831210304086,89.82,17.932763584895486
2024-01-15,RELIANCE,12.85,231886.0,18.0,0.6309284341334763,50.27,10.349336194179966,50.61,27.34404667355142
2024-01-16,BHARTIARTL,2.39,37044.0,53.0,2.914018281912768,54.75,15.84131609143535,13.52,79.94019096419656
2024-01-16,HDFCBANK,11.09,,,,0.0,,44.83,18.229274677427227
2024-01-16,HUL,11.3,15623.0,24.0,0.024232665394402036,61.9,20.16340648854962,43.769999999999996,56.41905218328765
2024-01-16,INFY,14.97,38994.0,24.0,0.11005609558794277,14.89,31.970506716883047,59.76,25.704143069674533
2024-01-16,MM,18.88,34436.0,17.0,1.6365716921548452,19.33,20.178831210304086,89.82,17.766104039676577
2024-01-16,RELIANCE,12.85,231886.0,18.0,0.6309284341334763,50.27,10.349336194179966,50.61,26.9615789902255
2024-01-17,BHARTIARTL,2.39,37044.0,53.0,2.914018281912768,54.75,15.84131609143535,13.52,79.16331996579142
2024-01-17,HDFCBANK,11.09,,,,0.0,,44.83,16.6914855426054
2024-01-17,HUL,11.3,15623.0,24.0,0.024232665394402036,61.9,20.16340648854962,43.769999999999996,56.28289232957791
2024-01-17,INFY,14.97,38994.0,24.0,0.11005609558794277,14.89,31.970506716883047,59.76,25.84041815046645
2024-01-17,MM,18.88,34436.0,17.0,1.6365716921548452,19.33,20.178831210304086,89.82,17.517761216878203
2024-01-17,RELIANCE,12.85,231886.0,18.0,0.6309284341334763,50.27,10.349336194179966,50.61,26.705619662770452
2024-01-18,BHARTIARTL,2.39,37044.0,53.0,2.914018281912768,54.75,15.84131609143535,13.52,79.2946358404216
2024-01-18,HDFCBANK,11.09,,,,0.0,,44.83,16.13401795454704
2024-01-18,HUL,11.3,15623.0,24.0,0.024232665394402036,61.9,20.16340648854962,43.769999999999996,55.95568142063629
2024-01-18,INFY,14.97,38994.0,24.0,0.11005609558794277,14.89,31.970506716883047,59.76,25.878230124273134
2024-01-18,MM,18.88,34436.0,17.0,1.6365716921548452,19.33,20.178831210304086,89.82,17.73211543529768
2024-01-18,RELIANCE,12.85,231886.0,18.0,0.6309284341334763,50.27,10.349336194179966,50.61,26.830656710784677
2024-01-19,BHARTIARTL,2.39,37044.0,53.0,2.914018281912768,54.75,15.84131609143535,13.52,82.06287812904493
2024-01-19,HDFCBANK,11.09,,,,0.0,,44.83,15.965745812304819
2024-01-19,HUL,11.3,15623.0,24.0,0.024232665394402036,61.9,20.16340648854962,43.769999999999996,56.33778910890736
2024-01-19,INFY,14.97,38994.0,24.0,0.11005609558794277,14.89,31.970506716883047,59.76,26.13974983593227
2024-01-19,MM,18.88,34436.0,17.0,1.6365716921548452,19.33,20.178831210304086,89.82,18.152051172657817
2024-01-19,RELIANCE,12.85,231886.0,18.0,0.6309284341334763,50.27,10.349336194179966,50.61,26.82084959972708
2024-01-22,BHARTIARTL,2.39,37044.0,53.0,2.914018281912768,54.75,15.84131609143535,13.52,
2024-01-22,HDFCBANK,11.09,,,,0.0,,44.83,
2024-01-22,HUL,11.3,15623.0,24.0,0.024232665394402036,61.9,20.16340648854962,43.769999999999996,
2024-01-22,INFY,14.97,38994.0,24.0,0.11005609558794277,14.89,31.970506716883047,59.76,
2024-01-22,MM,18.88,34436.0,17.0,1.6365716921548452,19.33,20.178831210304086,89.82,
2024-01-22,RELIANCE,12.85,231886.0,18.0,0.6309284341334763,50.27,10.349336194179966,50.61,
2024-01-23,BHARTIARTL,2.39,37044.0,53.0,2.914018281912768,54.75,15.84131609143535,13.52,84.47005593565089
2024-01-23,HDFCBANK,11.09,,,,0.0,,44.83,15.495670275206336
2024-01-23,HUL,11.3,15623.0,24.0,0.024232665394402036,61.9,20.16340648854962,43.769999999999996,52.16856780650274
2024-01-23,INFY,14.97,38994.0,24.0,0.11005609558794277,14.89,31.970506716883047,59.76,25.87114203885856
2024-01-23,MM,18.88,34436.0,17.0,1.6365716921548452,19.33,20.178831210304086,89.82,17.49035179734469
2024-01-23,RELIANCE,12.85,231886.0,18.0,0.6309284341334763,50.27,10.349336194179966,50.61,26.058364804849585
2024-01-24,BHARTIARTL,2.39,37044.0,53.0,2.914018281912768,54.75,15.84131609143535,13.52,86.80064184425851
2024-01-24,HDFCBANK,11.09,,,,0.0,,44.83,15.805615321509732
2024-01-24,HUL,11.3,15623.0,24.0,0.024232665394402036,61.9,20.16340648854962,43.769999999999996,53.62016426419352
2024-01-24,INFY,14.97,38994.0,24.0,0.11005609558794277,14.89,31.970506716883047,59.76,26.39497402043068
2024-01-24,MM,18.88,34436.0,17.0,1.6365716921548452,19.33,20.178831210304086,89.82,17.85107758920619
2024-01-24,RELIANCE,12.85,231886.0,18.0,0.6309284341334763,50.27,10.349336194179966,50.61,26.35845613206382
2024-01-25,BHARTIARTL,2.39,37044.0,53.0,2.914018281912768,54.75,15.84131609143535,13.52,84.65606870030511
2024-01-25,HDFCBANK,11.09,,,,0.0,,44.83,15.577635466188239
2024-01-25,HUL,11.3,15623.0,24.0,0.024232665394402036,61.9,20.16340648854962,43.769999999999996,53.326989135323856
2024-01-25,INFY,14.97,38994.0,24.0,0.11005609558794277,14.89,31.970506716883047,59.76,26.295720397867512
2024-01-25,MM,18.88,34436.0,17.0,1.6365716921548452,19.33,20.178831210304086,89.82,17.93221452670967
2024-01-25,RELIANCE,12.85,231886.0,18.0,0.6309284341334763,50.27,10.349336194179966,50.61,26.53890118677139
2024-01-26,BHARTIARTL,2.39,37044.0,53.0,2.914018281912768,54.75,15.84131609143535,13.52,
2024-01-26,HDFCBANK,11.09,,,,0.0,,44.83,
2024-01-26,HUL,11.3,15623.0,24.0,0.024232665394402036,61.9,20.16340648854962,43.769999999999996,
2024-01-26,INFY,14.97,38994.0,24.0,0.11005609558794277,14.89,31.970506716883047,59.76,
2024-01-26,MM,18.88,34436.0,17.0,1.6365716921548452,19.33,20.178831210304086,89.82,
2024-01-26,RELIANCE,12.85,231886.0,18.0,0.6309284341334763,50.27,10.349336194179966,50.61,
2024-01-29,BHARTIARTL,2.39,37044.0,53.0,2.914018281912768,54.75,15.84131609143535,13.52,84.77277586446006
2024-01-29,HDFCBANK,11.09,,,,0.0,,44.83,15.792045448604451
2024-01-29,HUL,11.3,15623.0,24.0,0.024232665394402036,61.9,20.16340648854962,43.769999999999996,53.68055518370174
2024-01-29,INFY,14.97,38994.0,24.0,0.11005609558794277,14.89,31.970506716883047,59.76,26.098792141221136
2024-01-29,MM,18.88,34436.0,17.0,1.6365716921548452,19.33,20.178831210304086,89.82,17.98155501541277
2024-01-29,RELIANCE,12.85,231886.0,18.0,0.6309284341334763,50.27,10.349336194179966,50.61,28.401721652094448
2024-01-30,BHARTIARTL,2.39,37044.0,53.0,2.914018281912768,54.75,15.84131609143535,13.52,84.51747555704512
2024-01-30,HDFCBANK,11.09,,,,0.0,,44.83,15.679682489752956
2024-01-30,HUL,11.3,15623.0,24.0,0.024232665394402036,61.9,20.16340648854962,43.769999999999996,53.993492483793126
2024-01-30,INFY,14.97,38994.0,24.0,0.11005609558794277,14.89,31.970506716883047,59.76,26.017655011321327
2024-01-30,MM,18.88,34436.0,17.0,1.6365716921548452,19.33,20.178831210304086,89.82,17.766104039676577
2024-01-30,RELIANCE,12.85,231886.0,18.0,0.6309284341334763,50.27,10.349336194179966,50.61,27.608833848146364
2024-01-31,BHARTIARTL,2.39,37044.0,53.0,2.914018281912768,54.75,15.84131609143535,13.52,85.39645403799926
2024-01-31,HDFCBANK,11.09,,,,0.0,,44.83,15.8778091692749
2024-01-31,HUL,11.3,15623.0,24.0,0.024232665394402036,61.9,20.16340648854962,43.769999999999996,54.49639874450252
2024-01-31,INFY,14.97,38994.0,24.0,0.11005609558794277,14.89,31.970506716883047,59.76,26.166535445166083
2024-01-31,MM,18.88,34436.0,17.0,1.6365716921548452,19.33,20.178831210304086,89.82,18.108193111483384
2024-01-31,RELIANCE,12.85,231886.0,18.0,0.6309284341334763,50.27,10.349336194179966,50.61,27.98149442041469
2024-02-01,BHARTIARTL,2.39,37044.0,53.0,2.914018281912768,54.75,15.84131609143535,13.52,83.97402791581916
2024-02-01,HDFCBANK,11.09,,,,0.0,,44.83,15.919063380060786
2024-02-01,HUL,11.3,15623.0,24.0,0.024232665394402036,61.9,20.16340648854962,43.769999999999996,54.32181337638509
2024-02-01,INFY,14.97,38994.0,24.0,0.11005609558794277,14.89,31.970506716883047,59.76,26.10588226931162
2024-02-01,MM,18.88,34436.0,17.0,1.6365716921548452,19.33,20.178831210304086,89.82,18.103808800326348
2024-02-01,RELIANCE,12.85,231886.0,18.0,0.6309284341334763,50.27,10.349336194179966,50.61,27.981986464353636
2024-02-02,BHARTIARTL,2.39,37044.0,53.0,2.914018281912768,54.75,15.84131609143535,13.52,83.94485563921505
2024-02-02,HDFCBANK,11.09,,,,0.0,,44.83,15.699768406776295
2024-02-02,HUL,11.3,15623.0,24.0,0.024232665394402036,61.9,20.16340648854962,43.769999999999996,53.86064026980524
2024-02-02,INFY,14.97,38994.0,24.0,0.11005609558794277,14.89,31.970506716883047,59.76,26.67776615903719
2024-02-02,MM,18.88,34436.0,17.0,1.6365716921548452,19.33,20.178831210304086,89.82,18.209066244468104
2024-02-02,RELIANCE,12.85,231886.0,18.0,0.6309284341334763,50.27,10.349336194179966,50.61,28.590994553941908
2024-02-05,BHARTIARTL,2.39,37044.0,53.0,2.914018281912768,54.75,15.84131609143535,13.52,81.22766257743159
2024-02-05,HDFCBANK,11.09,,,,0.0,,44.83,15.685655303281147
2024-02-05,HUL,11.3,15623.0,24.0,0.024232665394402036,61.9,20.16340648854962,43.769999999999996,53.13374042402045
2024-02-05,INFY,14.97,38994.0,24.0,0.11005609558794277,14.89,31.970506716883047,59.76,26.580877955180096
2024-02-05,MM,18.88,34436.0,17.0,1.6365716921548452,19.33,20.178831210304086,89.82,18.67833975242151
2024-02-05,RELIANCE,12.85,231886.0,18.0,0.6309284341334763,50.27,10.349336194179966,50.61,28.224706433078936
2024-02-06,BHARTIARTL,2.39,37044.0,53.0,2.914018281912768,54.75,15.84131609143535,13.52,82.72303293442586
2024-02-06,HDFCBANK,11.09,,,,0.0,,44.83,15.677510928873662
2024-02-06,HUL,11.3,15623.0,24.0,0.024232665394402036,61.9,20.16340648854962,43.769999999999996,53.28416830877314
2024-02-06,INFY,14.97,38994.0,24.0,0.11005609558794277,14.89,31.970506716883047,59.76,27.246500242506485
2024-02-06,MM,18.88,34436.0,17.0,1.6365716921548452,19.33,20.178831210304086,89.82,18.94258215867499
2024-02-06,RELIANCE,12.85,231886.0,18.0,0.6309284341334763,50.27,10.349336194179966,50.61,28.004543302182128
2024-02-07,BHARTIARTL,2.39,37044.0,53.0,2.914018281912768,54.75,15.84131609143535,13.52,82.74126222147744
2024-02-07,HDFCBANK,11.09,,,,0.0,,44.83,15.523895120716457
2024-02-07,HUL,11.3,15623.0,24.0,0.024232665394402036,61.9,20.16340648854962,43.769999999999996,53.264400559744125
2024-02-07,INFY,14.97,38994.0,24.0,0.11005609558794277,14.89,31.970506716883047,59.76,26.684069856901566
2024-02-07,MM,18.88,34436.0,17.0,1.6365716921548452,19.33,20.178831210304086,89.82,18.869667503409598
2024-02-07,RELIANCE,12.85,231886.0,18.0,0.6309284341334763,50.27,10.349336194179966,50.61,28.285999671198873
2024-02-08,BHARTIARTL,2.39,37044.0,53.0,2.914018281912768,54.75,15.84131609143535,13.52,83.31388213930751
2024-02-08,HDFCBANK,11.09,,,,0.0,,44.83,15.231864430557104
2024-02-08,HUL,11.3,15623.0,24.0,0.024232665394402036,61.9,20.16340648854962,43.769999999999996,53.07993689491947
2024-02-08,INFY,14.97,38994.0,24.0,0.11005609558794277,14.89,31.970506716883047,59.76,26.65807272056978
2024-02-08,MM,18.88,34436.0,17.0,1.6365716921548452,19.33,20.178831210304086,89.82,18.484819845854904
2024-02-08,RELIANCE,12.85,231886.0,18.0,0.6309284341334763,50.27,10.349336194179966,50.61,28.442418992201393
2024-02-09,BHARTIARTL,2.39,37044.0,53.0,2.914018281912768,54.75,15.84131609143535,13.52,81.7163862420257
2024-02-09,HDFCBANK,11.09,,,,0.0,,44.83,15.23783315964477
2024-02-09,HUL,11.3,15623.0,24.0,0.024232665394402036,61.9,20.16340648854962,43.769999999999996,53.235847764236354
2024-02-09,INFY,14.97,38994.0,24.0,0.11005609558794277,14.89,31.970506716883047,59.76,26.299660719701723
2024-02-09,MM,18.88,34436.0,17.0,1.6365716921548452,19.33,20.178831210304086,89.82,18.051727097858915
2024-02-09,RELIANCE,12.85,231886.0,18.0,0.6309284341334763,50.27,10.349336194179966,50.61,28.650814072225103
2024-02-12,BHARTIARTL,2.39,37044.0,53.0,2.914018281912768,54.75,15.84131609143535,13.52,81.60332674105491
2024-02-12,HDFCBANK,11.09,,,,0.0,,44.83,15.090188803535579
2024-02-12,HUL,11.3,15623.0,24.0,0.024232665394402036,61.9,20.16340648854962,43.769999999999996,52.39036373550663
2024-02-12,INFY,14.97,38994.0,24.0,0.11005609558794277,14.89,31.970506716883047,59.76,26.469021022240003
2024-02-12,MM,18.88,34436.0,17.0,1.6365716921548452,19.33,20.178831210304086,89.82,18.20577461346304
2024-02-12,RELIANCE,12.85,231886.0,18.0,0.6309284341334763,50.27,10.349336194179966,50.61,28.486058948021636
2024-02-13,BHARTIARTL,2.39,37044.0,53.0,2.914018281912768,54.75,15.84131609143535,13.52,81.541316466924
2024-02-13,HDFCBANK,11.09,,,,0.0,,44.83,15.13849956606904
2024-02-13,HUL,11.3,15623.0,24.0,0.024232665394402036,61.9,20.16340648854962,43.769999999999996,52.57374530571739
2024-02-13,INFY,14.97,38994.0,24.0,0.11005609558794277,14.89,31.970506716883047,59.76,26.53912770221511
2024-02-13,MM,18.88,34436.0,17.0,1.6365716921548452,19.33,20.178831210304086,89.82,18.055565068939966
2024-02-13,RELIANCE,12.85,231886.0,18.0,0.6309284341334763,50.27,10.349336194179966,50.61,28.73613304405009
2024-02-14,BHARTIARTL,4.34,37900.0,52.0,2.914018281912768,54.57,15.84131609143535,15.01,73.31553541128831
2024-02-14,HDFCBANK,11.37,,,,0.0,,44.81,15.032301095946774
2024-02-14,HUL,10.68,15567.0,24.0,0.024232665394402036,61.9,20.16340648854962,43.92,52.26178056338228
2024-02-14,INFY,14.71,38821.0,24.0,0.11005609558794277,14.78,31.970506716883047,58.77,26.69222644950655
2024-02-14,MM,21.38,35299.0,18.0,1.6365716921548452,19.33,20.178831210304086,89.67,18.198889362994173
2024-02-14,RELIANCE,12.76,225086.0,18.0,0.6309284341334763,50.3,10.349336194179966,51.699999999999996,28.442770037475825
2024-02-15,BHARTIARTL,4.34,37900.0,52.0,2.914018281912768,54.57,15.84131609143535,15.01,73.6342031744462
2024-02-15,HDFCBANK,11.37,,,,0.0,,44.81,15.358134301425462
2024-02-15,HUL,10.68,15567.0,24.0,0.024232665394402036,61.9,20.16340648854962,43.92,51.44982398750569
2024-02-15,INFY,14.71,38821.0,24.0,0.11005609558794277,14.78,31.970506716883047,58.77,26.854824853507314
2024-02-15,MM,21.38,35299.0,18.0,1.6365716921548452,19.33,20.178831210304086,89.67,19.38502155472845
2024-02-15,RELIANCE,12.76,225086.0,18.0,0.6309284341334763,50.3,10.349336194179966,51.699999999999996,28.23588801075919
2024-02-16,BHARTIARTL,4.34,37900.0,52.0,2.914018281912768,54.57,15.84131609143535,15.01,73.58821332653231
2024-02-16,HDFCBANK,11.37,,,,0.0,,44.81,15.421671613043266
2024-02-16,HUL,10.68,15567.0,24.0,0.024232665394402036,61.9,20.16340648854962,43.92,51.983837134633994
2024-02-16,INFY,14.71,38821.0,24.0,0.11005609558794277,14.78,31.970506716883047,58.77,27.260128616455034
2024-02-16,MM,21.38,35299.0,18.0,1.6365716921548452,19.33,20.178831210304086,89.67,20.15930291494159
2024-02-16,RELIANCE,12.76,225086.0,18.0,0.6309284341334763,50.3,10.349336194179966,51.699999999999996,28.04340414198501
2024-02-19,BHARTIARTL,4.34,37900.0,52.0,2.914018281912768,54.57,15.84131609143535,15.01,75.04683563822036
2024-02-19,HDFCBANK,11.37,,,,0.0,,44.81,15.391258915682185
2024-02-19,HUL,10.68,15567.0,24.0,0.024232665394402036,61.9,20.16340648854962,43.92,52.244270477572854
2024-02-19,INFY,14.71,38821.0,24.0,0.11005609558794277,14.78,31.970506716883047,58.77,27.229688929034797
2024-02-19,MM,21.38,35299.0,18.0,1.6365716921548452,19.33,20.178831210304086,89.67,20.302077670207428
2024-02-19,RELIANCE,12.76,225086.0,18.0,0.6309284341334763,50.3,10.349336194179966,51.699999999999996,28.301168474975825
2024-02-20,BHARTIARTL,4.34,37900.0,52.0,2.914018281912768,54.57,15.84131609143535,15.01,75.16180619170554
2024-02-20,HDFCBANK,11.37,,,,0.0,,44.81,15.795293670497657
2024-02-20,HUL,10.68,15567.0,24.0,0.024232665394402036,61.9,20.16340648854962,43.92,52.615234152649705
2024-02-20,INFY,14.71,38821.0,24.0,0.11005609558794277,14.78,31.970506716883047,58.77,26.99740223075655
2024-02-20,MM,21.38,35299.0,18.0,1.6365716921548452,19.33,20.178831210304086,89.67,20.358089524872447
2024-02-20,RELIANCE,12.76,225086.0,18.0,0.6309284341334763,50.3,10.349336194179966,51.699999999999996,28.24404806878627
2024-02-21,BHARTIARTL,4.34,37900.0,52.0,2.914018281912768,54.57,15.84131609143535,15.01,74.89571568173301
2024-02-21,HDFCBANK,11.37,,,,0.0,,44.81,15.630748010697946
2024-02-21,HUL,10.68,15567.0,24.0,0.024232665394402036,61.9,20.16340648854962,43.92,52.68088863629895
2024-02-21,INFY,14.71,38821.0,24.0,0.11005609558794277,14.78,31.970506716883047,58.77,26.521614649800068
2024-02-21,MM,21.38,35299.0,18.0,1.6365716921548452,19.33,20.178831210304086,89.67,20.42398462330629
2024-02-21,RELIANCE,12.76,225086.0,18.0,0.6309284341334763,50.3,10.349336194179966,51.699999999999996,28.18020789258946
2024-02-22,BHARTIARTL,4.34,37900.0,52.0,2.914018281912768,54.57,15.84131609143535,15.01,74.60991175154064
2024-02-22,HDFCBANK,11.37,,,,0.0,,44.81,15.417871387960973
2024-02-22,HUL,10.68,15567.0,24.0,0.024232665394402036,61.9,20.16340648854962,43.92,52.265065789005575
2024-02-22,INFY,14.71,38821.0,24.0,0.11005609558794277,14.78,31.970506716883047,58.77,26.934923500111662
2024-02-22,MM,21.38,35299.0,18.0,1.6365716921548452,19.33,20.178831210304086,89.67,20.980807394038557
2024-02-22,RELIANCE,12.76,225086.0,18.0,0.6309284341334763,50.3,10.349336194179966,51.699999999999996,28.449971477574955
2024-02-23,BHARTIARTL,4.34,37900.0,52.0,2.914018281912768,54.57,15.84131609143535,15.01,73.96601321775067
2024-02-23,HDFCBANK,11.37,,,,0.0,,44.81,15.429273425295692
2024-02-23,HUL,10.68,15567.0,24.0,0.024232665394402036,61.9,20.16340648854962,43.92,52.396369197546676
2024-02-23,INFY,14.71,38821.0,24.0,0.11005609558794277,14.78,31.970506716883047,58.77,26.86283409504211
2024-02-23,MM,21.38,35299.0,18.0,1.6365716921548452,19.33,20.178831210304086,89.67,21.19606879957413
2024-02-23,RELIANCE,12.76,225086.0,18.0,0.6309284341334763,50.3,10.349336194179966,51.699999999999996,28.6779737933692
2024-02-26,BHARTIARTL,4.34,37900.0,52.0,2.914018281912768,54.57,15.84131609143535,15.01,72.93445808263242
2024-02-26,HDFCBANK,11.37,,,,0.0,,44.81,15.447737888096965
2024-02-26,HUL,10.68,15567.0,24.0,0.024232665394402036,61.9,20.16340648854962,43.92,52.61851381951559
2024-02-26,INFY,14.71,38821.0,24.0,0.11005609558794277,14.78,31.970506716883047,58.77,26.595305487759486
2024-02-26,MM,21.38,35299.0,18.0,1.6365716921548452,19.33,20.178831210304086,89.67,21.19442159227933
2024-02-26,RELIANCE,12.76,225086.0,18.0,0.6309284341334763,50.3,10.349336194179966,51.699999999999996,28.557010849854933
2024-02-27,BHARTIARTL,4.34,37900.0,52.0,2.914018281912768,54.57,15.84131609143535,15.01,74.08099190383494
2024-02-27,HDFCBANK,11.37,,,,0.0,,44.81,15.424387616202438
2024-02-27,HUL,10.68,15567.0,24.0,0.024232665394402036,61.9,20.16340648854962,43.92,52.64149928136384
2024-02-27,INFY,14.71,38821.0,24.0,0.11005609558794277,14.78,31.970506716883047,58.77,26.65057257768632
2024-02-27,MM,21.38,35299.0,18.0,1.6365716921548452,19.33,20.178831210304086,89.67,21.42286201750167
2024-02-27,RELIANCE,12.76,225086.0,18.0,0.6309284341334763,50.3,10.349336194179966,51.699999999999996,28.524852287838495
2024-02-28,BHARTIARTL,4.34,37900.0,52.0,2.914018281912768,54.57,15.84131609143535,15.01,74.1631148895528
2024-02-28,HDFCBANK,11.37,,,,0.0,,44.81,15.307629446290587
2024-02-28,HUL,10.68,15567.0,24.0,0.024232665394402036,61.9,20.16340648854962,43.92,52.99713746228939
2024-02-28,INFY,14.71,38821.0,24.0,0.11005609558794277,14.78,31.970506716883047,58.77,26.77312685109856
2024-02-28,MM,21.38,35299.0,18.0,1.6365716921548452,19.33,20.178831210304086,89.67,20.885258480313233
2024-02-28,RELIANCE,12.76,225086.0,18.0,0.6309284341334763,50.3,10.349336194179966,51.699999999999996,27.948364021699714
2024-02-29,BHARTIARTL,4.34,37900.0,52.0,2.914018281912768,54.57,15.84131609143535,15.01,73.80832212119005
2024-02-29,HDFCBANK,11.37,,,,0.0,,44.81,15.242463077612419
2024-02-29,HUL,10.68,15567.0,24.0,0.024232665394402036,61.9,20.16340648854962,43.92,52.79469863530282
2024-02-29,INFY,14.71,38821.0,24.0,0.11005609558794277,14.78,31.970506716883047,58.77,26.815576246650075
2024-02-29,MM,21.38,35299.0,18.0,1.6365716921548452,19.33,20.178831210304086,89.67,21.222978176926507
2024-02-29,RELIANCE,12.76,225086.0,18.0,0.6309284341334763,50.3,10.349336194179966,51.699999999999996,28.047727367172392
2024-03-01,BHARTIARTL,4.34,37900.0,52.0,2.914018281912768,54.57,15.84131609143535,15.01,74.15982931951616
2024-03-01,HDFCBANK,11.37,,,,0.0,,44.81,15.539514004878235
2024-03-01,HUL,10.68,15567.0,24.0,0.024232665394402036,61.9,20.16340648854962,43.92,52.73778807704348
2024-03-01,INFY,14.71,38821.0,24.0,0.11005609558794277,14.78,31.970506716883047,58.77,26.507997277522545
2024-03-01,MM,21.38,35299.0,18.0,1.6365716921548452,19.33,20.178831210304086,89.67,21.668324492322544
2024-03-01,RELIANCE,12.76,225086.0,18.0,0.6309284341334763,50.3,10.349336194179966,51.699999999999996,28.649172755228484
2024-03-04,BHARTIARTL,4.34,37900.0,52.0,2.914018281912768,54.57,15.84131609143535,15.01,74.47521151263742
2024-03-04,HDFCBANK,11.37,,,,0.0,,44.81,15.560693108750836
2024-03-04,HUL,10.68,15567.0,24.0,0.024232665394402036,61.9,20.16340648854962,43.92,53.00698202164447
2024-03-04,INFY,14.71,38821.0,24.0,0.11005609558794277,14.78,31.970506716883047,58.77,26.227648898779137
2024-03-04,MM,21.38,35299.0,18.0,1.6365716921548452,19.33,20.178831210304086,89.67,21.09832406323185
2024-03-04,RELIANCE,12.76,225086.0,18.0,0.6309284341334763,50.3,10.349336194179966,51.699999999999996,28.942457896367266
2024-03-05,BHARTIARTL,4.34,37900.0,52.0,2.914018281912768,54.57,15.84131609143535,15.01,76.8011267228098
2024-03-05,HDFCBANK,11.37,,,,0.0,,44.81,15.649211111411375
2024-03-05,HUL,10.68,15567.0,24.0,0.024232665394402036,61.9,20.16340648854962,43.92,52.52221946507855
2024-03-05,INFY,14.71,38821.0,24.0,0.11005609558794277,14.78,31.970506716883047,58.77,25.7358407576676
2024-03-05,MM,21.38,35299.0,18.0,1.6365716921548452,19.33,20.178831210304086,89.67,21.298207903807015
2024-03-05,RELIANCE,12.76,225086.0,18.0,0.6309284341334763,50.3,10.349336194179966,51.699999999999996,28.80421621887089
2024-03-06,BHARTIARTL,4.34,37900.0,52.0,2.914018281912768,54.57,15.84131609143535,15.01,78.43057427860593
2024-03-06,HDFCBANK,11.37,,,,0.0,,44.81,15.668217685174207
2024-03-06,HUL,10.68,15567.0,24.0,0.024232665394402036,61.9,20.16340648854962,43.92,52.54300365899647
2024-03-06,INFY,14.71,38821.0,24.0,0.11005609558794277,14.78,31.970506716883047,58.77,25.912860366019014
2024-03-06,MM,21.38,35299.0,18.0,1.6365716921548452,19.33,20.178831210304086,89.67,21.643065044921656
2024-03-06,RELIANCE,12.76,225086.0,18.0,0.6309284341334763,50.3,10.349336194179966,51.699999999999996,28.85797437892892
2024-03-07,BHARTIARTL,4.34,37900.0,52.0,2.914018281912768,54.57,15.84131609143535,15.01,78.82479388740839
2024-03-07,HDFCBANK,11.37,,,,0.0,,44.81,15.706232194787715
2024-03-07,HUL,10.68,15567.0,24.0,0.024232665394402036,61.9,20.16340648854962,43.92,52.953367806523225
2024-03-07,INFY,14.71,38821.0,24.0,0.11005609558794277,14.78,31.970506716883047,58.77,25.89523837297409
2024-03-07,MM,21.38,35299.0,18.0,1.6365716921548452,19.33,20.178831210304086,89.67,20.840229822718022
2024-03-07,RELIANCE,12.76,225086.0,18.0,0.6309284341334763,50.3,10.349336194179966,51.699999999999996,28.395731647425052
2024-03-08,BHARTIARTL,4.34,37900.0,52.0,2.914018281912768,54.57,15.84131609143535,15.01,
2024-03-08,HDFCBANK,11.37,,,,0.0,,44.81,
2024-03-08,HUL,10.68,15567.0,24.0,0.024232665394402036,61.9,20.16340648854962,43.92,
2024-03-08,INFY,14.71,38821.0,24.0,0.11005609558794277,14.78,31.970506716883047,58.77,
2024-03-08,MM,21.38,35299.0,18.0,1.6365716921548452,19.33,20.178831210304086,89.67,
2024-03-08,RELIANCE,12.76,225086.0,18.0,0.6309284341334763,50.3,10.349336194179966,51.699999999999996,
2024-03-11,BHARTIARTL,4.34,37900.0,52.0,2.914018281912768,54.57,15.84131609143535,15.01,78.62111294293388
2024-03-11,HDFCBANK,11.37,,,,0.0,,44.81,15.507473612544633
2024-03-11,HUL,10.68,15567.0,24.0,0.024232665394402036,61.9,20.16340648854962,43.92,52.30336006873292
2024-03-11,INFY,14.71,38821.0,24.0,0.11005609558794277,14.78,31.970506716883047,58.77,25.641325060883528
2024-03-11,MM,21.38,35299.0,18.0,1.6365716921548452,19.33,20.178831210304086,89.67,20.80508440889163
2024-03-11,RELIANCE,12.76,225086.0,18.0,0.6309284341334763,50.3,10.349336194179966,51.699999999999996,28.15908760351185
2024-03-12,BHARTIARTL,4.34,37900.0,52.0,2.914018281912768,54.57,15.84131609143535,15.01,79.12375636294554
2024-03-12,HDFCBANK,11.37,,,,0.0,,44.81,15.852313391786153
2024-03-12,HUL,10.68,15567.0,24.0,0.024232665394402036,61.9,20.16340648854962,43.92,52.04729590911031
2024-03-12,INFY,14.71,38821.0,24.0,0.11005609558794277,14.78,31.970506716883047,58.77,25.839169528059596
2024-03-12,MM,21.38,35299.0,18.0,1.6365716921548452,19.33,20.178831210304086,89.67,20.813871783344485
2024-03-12,RELIANCE,12.76,225086.0,18.0,0.6309284341334763,50.3,10.349336194179966,51.699999999999996,28.328529225096712
2024-03-13,BHARTIARTL,4.34,37900.0,52.0,2.914018281912768,54.57,15.84131609143535,15.01,76.79126188010076
2024-03-13,HDFCBANK,11.37,,,,0.0,,44.81,15.861545623186787
2024-03-13,HUL,10.68,15567.0,24.0,0.024232665394402036,61.9,20.16340648854962,43.92,50.61269735812272
2024-03-13,INFY,14.71,38821.0,24.0,0.11005609558794277,14.78,31.970506716883047,58.77,25.81433797138208
2024-03-13,MM,21.38,35299.0,18.0,1.6365716921548452,19.33,20.178831210304086,89.67,20.358638140194603
2024-03-13,RELIANCE,12.76,225086.0,18.0,0.6309284341334763,50.3,10.349336194179966,51.699999999999996,27.498118181062623
2024-03-14,BHARTIARTL,4.34,37900.0,52.0,2.914018281912768,54.57,15.84131609143535,15.01,78.48971453926549
2024-03-14,HDFCBANK,11.37,,,,0.0,,44.81,15.80778265393118
2024-03-14,HUL,10.68,15567.0,24.0,0.024232665394402036,61.9,20.16340648854962,43.92,51.09418024782274
2024-03-14,INFY,14.71,38821.0,24.0,0.11005609558794277,14.78,31.970506716883047,58.77,26.48557098580802
2024-03-14,MM,21.38,35299.0,18.0,1.6365716921548452,19.33,20.178831210304086,89.67,20.76335152721437
2024-03-14,RELIANCE,12.76,225086.0,18.0,0.6309284341334763,50.3,10.349336194179966,51.699999999999996,27.484676279920215
2024-03-15,BHARTIARTL,4.34,37900.0,52.0,2.914018281912768,54.57,15.84131609143535,15.01,80.15858893550133
2024-03-15,HDFCBANK,11.37,,,,0.0,,44.81,15.777372680745787
2024-03-15,HUL,10.68,15567.0,24.0,0.024232665394402036,61.9,20.16340648854962,43.92,50.94317104429929
2024-03-15,INFY,14.71,38821.0,24.0,0.11005609558794277,14.78,31.970506716883047,58.77,26.176386429619704
2024-03-15,MM,21.38,35299.0,18.0,1.6365716921548452,19.33,20.178831210304086,89.67,19.763375541046337
2024-03-15,RELIANCE,12.76,225086.0,18.0,0.6309284341334763,50.3,10.349336194179966,51.699999999999996,27.230274193060932
2024-03-18,BHARTIARTL,4.34,37900.0,52.0,2.914018281912768,54.57,15.84131609143535,15.01,80.50681869638991
2024-03-18,HDFCBANK,11.37,,,,0.0,,44.81,15.70568872173831
2024-03-18,HUL,10.68,15567.0,24.0,0.024232665394402036,61.9,20.16340648854962,43.92,50.33584344582479
2024-03-18,INFY,14.71,38821.0,24.0,0.11005609558794277,14.78,31.970506716883047,58.77,25.674165859095837
2024-03-18,MM,21.38,35299.0,18.0,1.6365716921548452,19.33,20.178831210304086,89.67,20.38444892557433
2024-03-18,RELIANCE,12.76,225086.0,18.0,0.6309284341334763,50.3,10.349336194179966,51.699999999999996,27.6382818166707
2024-03-19,BHARTIARTL,4.34,37900.0,52.0,2.914018281912768,54.57,15.84131609143535,15.01,80.70721407082779
2024-03-19,HDFCBANK,11.37,,,,0.0,,44.81,15.741529339154205
2024-03-19,HUL,10.68,15567.0,24.0,0.024232665394402036,61.9,20.16340648854962,43.92,49.61362189065346
2024-03-19,INFY,14.71,38821.0,24.0,0.11005609558794277,14.78,31.970506716883047,58.77,25.01414910615535
2024-03-19,MM,21.38,35299.0,18.0,1.6365716921548452,19.33,20.178831210304086,89.67,20.25100879875516
2024-03-19,RELIANCE,12.76,225086.0,18.0,0.6309284341334763,50.3,10.349336194179966,51.699999999999996,27.365155985553677
2024-03-20,BHARTIARTL,4.34,37900.0,52.0,2.914018281912768,54.57,15.84131609143535,15.01,80.9338940055588
2024-03-20,HDFCBANK,11.37,,,,0.0,,44.81,15.542772118998966
2024-03-20,HUL,10.68,15567.0,24.0,0.024232665394402036,61.9,20.16340648854962,43.92,49.06647895854679
2024-03-20,INFY,14.71,38821.0,24.0,0.11005609558794277,14.78,31.970506716883047,58.77,24.91001858077569
2024-03-20,MM,21.38,35299.0,18.0,1.6365716921548452,19.33,20.178831210304086,89.67,20.25649903596172
2024-03-20,RELIANCE,12.76,225086.0,18.0,0.6309284341334763,50.3,10.349336194179966,51.699999999999996,27.720361705905468
2024-03-21,BHARTIARTL,4.34,37900.0,52.0,2.914018281912768,54.57,15.84131609143535,15.01,80.2111499234885
2024-03-21,HDFCBANK,11.37,,,,0.0,,44.81,15.702430607617579
2024-03-21,HUL,10.68,15567.0,24.0,0.024232665394402036,61.9,20.16340648854962,43.92,49.075228442694105
2024-03-21,INFY,14.71,38821.0,24.0,0.11005609558794277,14.78,31.970506716883047,58.77,24.906013960008295
2024-03-21,MM,21.38,35299.0,18.0,1.6365716921548452,19.33,20.178831210304086,89.67,20.492078267013774
2024-03-21,RELIANCE,12.76,225086.0,18.0,0.6309284341334763,50.3,10.349336194179966,51.699999999999996,27.859082692365813
2024-03-22,BHARTIARTL,4.34,37900.0,52.0,2.914018281912768,54.57,15.84131609143535,15.01,81.21642049831362
2024-03-22,HDFCBANK,11.37,,,,0.0,,44.81,15.670932326245536
2024-03-22,HUL,10.68,15567.0,24.0,0.024232665394402036,61.9,20.16340648854962,43.92,49.38601301016052
2024-03-22,INFY,14.71,38821.0,24.0,0.11005609558794277,14.78,31.970506716883047,58.77,24.171504614120725
2024-03-22,MM,21.38,35299.0,18.0,1.6365716921548452,19.33,20.178831210304086,89.67,20.634304406957455
2024-03-22,RELIANCE,12.76,225086.0,18.0,0.6309284341334763,50.3,10.349336194179966,51.699999999999996,27.936844078669004
2024-03-25,BHARTIARTL,4.34,37900.0,52.0,2.914018281912768,54.57,15.84131609143535,15.01,
2024-03-25,HDFCBANK,11.37,,,,0.0,,44.81,
2024-03-25,HUL,10.68,15567.0,24.0,0.024232665394402036,61.9,20.16340648854962,43.92,
2024-03-25,INFY,14.71,38821.0,24.0,0.11005609558794277,14.78,31.970506716883047,58.77,
2024-03-25,MM,21.38,35299.0,18.0,1.6365716921548452,19.33,20.178831210304086,89.67,
2024-03-25,RELIANCE,12.76,225086.0,18.0,0.6309284341334763,50.3,10.349336194179966,51.699999999999996,
2024-03-26,BHARTIARTL,4.34,37900.0,52.0,2.914018281912768,54.57,15.84131609143535,15.01,79.70522906603931
2024-03-26,HDFCBANK,11.37,,,,0.0,,44.81,15.48140597540309
2024-03-26,HUL,10.68,15567.0,24.0,0.024232665394402036,61.9,20.16340648854962,43.92,49.023804377988384
2024-03-26,INFY,14.71,38821.0,24.0,0.11005609558794277,14.78,31.970506716883047,58.77,23.911985248372893
2024-03-26,MM,21.38,35299.0,18.0,1.6365716921548452,19.33,20.178831210304086,89.67,20.4712104648468
2024-03-26,RELIANCE,12.76,225086.0,18.0,0.6309284341334763,50.3,10.349336194179966,51.699999999999996,27.67860043671422
2024-03-27,BHARTIARTL,4.34,37900.0,52.0,2.914018281912768,54.57,15.84131609143535,15.01,80.47397112862258
2024-03-27,HDFCBANK,11.37,,,,0.0,,44.81,15.647582054351009
2024-03-27,HUL,10.68,15567.0,24.0,0.024232665394402036,61.9,20.16340648854962,43.92,49.0172339267418
2024-03-27,INFY,14.71,38821.0,24.0,0.11005609558794277,14.78,31.970506716883047,58.77,23.771011381098987
2024-03-27,MM,21.38,35299.0,18.0,1.6365716921548452,19.33,20.178831210304086,89.67,20.660113831008836
2024-03-27,RELIANCE,12.76,225086.0,18.0,0.6309284341334763,50.3,10.349336194179966,51.699999999999996,28.663091604206965
2024-03-28,BHARTIARTL,4.34,37900.0,52.0,2.914018281912768,54.57,15.84131609143535,15.01,80.72363378841189
2024-03-28,HDFCBANK,11.37,,,,0.0,,44.81,15.72578224159995
2024-03-28,HUL,10.68,15567.0,24.0,0.024232665394402036,61.9,20.16340648854962,43.92,49.556716891151524
2024-03-28,INFY,14.71,38821.0,24.0,0.11005609558794277,14.78,31.970506716883047,58.77,23.99849170362217
2024-03-28,MM,21.38,35299.0,18.0,1.6365716921548452,19.33,20.178831210304086,89.67,21.101617116493113
2024-03-28,RELIANCE,12.76,225086.0,18.0,0.6309284341334763,50.3,10.349336194179966,51.699999999999996,28.528691481806096
2024-03-29,BHARTIARTL,4.34,37900.0,52.0,2.914018281912768,54.57,15.84131609143535,15.01,
2024-03-29,HDFCBANK,11.37,,,,0.0,,44.81,
2024-03-29,HUL,10.68,15567.0,24.0,0.024232665394402036,61.9,20.16340648854962,43.92,
2024-03-29,INFY,14.71,38821.0,24.0,0.11005609558794277,14.78,31.970506716883047,58.77,
2024-03-29,MM,21.38,35299.0,18.0,1.6365716921548452,19.33,20.178831210304086,89.67,
2024-03-29,RELIANCE,12.76,225086.0,18.0,0.6309284341334763,50.3,10.349336194179966,51.699999999999996,
2024-04-01,BHARTIARTL,4.34,37900.0,52.0,2.914018281912768,54.57,15.84131609143535,15.01,79.9844699887575
2024-04-01,HDFCBANK,11.37,,,,0.0,,44.81,15.971242729719927
2024-04-01,HUL,10.68,15567.0,24.0,0.024232665394402036,61.9,20.16340648854962,43.92,50.02834410398167
2024-04-01,INFY,14.71,38821.0,24.0,0.11005609558794277,14.78,31.970506716883047,58.77,23.9568399088874
2024-04-01,MM,21.38,35299.0,18.0,1.6365716921548452,19.33,20.178831210304086,89.67,21.042310847238486
2024-04-01,RELIANCE,12.76,225086.0,18.0,0.6309284341334763,50.3,10.349336194179966,51.699999999999996,28.50805050169246
2024-04-02,BHARTIARTL,4.34,37900.0,52.0,2.914018281912768,54.57,15.84131609143535,15.01,79.38656943548051
2024-04-02,HDFCBANK,11.37,,,,0.0,,44.81,16.07605266507197
2024-04-02,HUL,10.68,15567.0,24.0,0.024232665394402036,61.9,20.16340648854962,43.92,50.045859748548494
2024-04-02,INFY,14.71,38821.0,24.0,0.11005609558794277,14.78,31.970506716883047,58.77,23.754988743858473
2024-04-02,MM,21.38,35299.0,18.0,1.6365716921548452,19.33,20.178831210304086,89.67,21.65734129525273
2024-04-02,RELIANCE,12.76,225086.0,18.0,0.6309284341334763,50.3,10.349336194179966,51.699999999999996,28.549809409755806
2024-04-03,BHARTIARTL,4.34,37900.0,52.0,2.914018281912768,54.57,15.84131609143535,15.01,80.53309512408394
2024-04-03,HDFCBANK,11.37,,,,0.0,,44.81,16.09940429905434
2024-04-03,HUL,10.68,15567.0,24.0,0.024232665394402036,61.9,20.16340648854962,43.92,49.575316493411314
2024-04-03,INFY,14.71,38821.0,24.0,0.11005609558794277,14.78,31.970506716883047,58.77,23.719746834854092
2024-04-03,MM,21.38,35299.0,18.0,1.6365716921548452,19.33,20.178831210304086,89.67,21.847893230037915
2024-04-03,RELIANCE,12.76,225086.0,18.0,0.6309284341334763,50.3,10.349336194179966,51.699999999999996,28.255088702853
2024-04-04,BHARTIARTL,4.34,37900.0,52.0,2.914018281912768,54.57,15.84131609143535,15.01,79.29458160705363
2024-04-04,HDFCBANK,11.37,,,,0.0,,44.81,16.591412221393103
2024-04-04,HUL,10.68,15567.0,24.0,0.024232665394402036,61.9,20.16340648854962,43.92,49.56984111737249
2024-04-04,INFY,14.71,38821.0,24.0,0.11005609558794277,14.78,31.970506716883047,58.77,23.816667796601156
2024-04-04,MM,21.38,35299.0,18.0,1.6365716921548452,19.33,20.178831210304086,89.67,21.99506099186601
2024-04-04,RELIANCE,12.76,225086.0,18.0,0.6309284341334763,50.3,10.349336194179966,51.699999999999996,28.088525296179885
2024-04-05,BHARTIARTL,4.34,37900.0,52.0,2.914018281912768,54.57,15.84131609143535,15.01,78.25317789442455
2024-04-05,HDFCBANK,11.37,,,,0.0,,44.81,16.829813008222214
2024-04-05,HUL,10.68,15567.0,24.0,0.024232665394402036,61.9,20.16340648854962,43.92,49.61362189065346
2024-04-05,INFY,14.71,38821.0,24.0,0.11005609558794277,14.78,31.970506716883047,58.77,23.694915278176577
2024-04-05,MM,21.38,35299.0,18.0,1.6365716921548452,19.33,20.178831210304086,89.67,22.111479069086652
2024-04-05,RELIANCE,12.76,225086.0,18.0,0.6309284341334763,50.3,10.349336194179966,51.699999999999996,28.03428310490208
2024-04-08,BHARTIARTL,4.34,37900.0,52.0,2.914018281912768,54.57,15.84131609143535,15.01,79.15331022807712
2024-04-08,HDFCBANK,11.37,,,,0.0,,44.81,16.79777261588861
2024-04-08,HUL,10.68,15567.0,24.0,0.024232665394402036,61.9,20.16340648854962,43.92,49.657385987662224
2024-04-08,INFY,14.71,38821.0,24.0,0.11005609558794277,14.78,31.970506716883047,58.77,23.656468426307
2024-04-08,MM,21.38,35299.0,18.0,1.6365716921548452,19.33,20.178831210304086,89.67,22.823158384127215
2024-04-08,RELIANCE,12.76,225086.0,18.0,0.6309284341334763,50.3,10.349336194179966,51.699999999999996,28.53109038775387
2024-04-09,BHARTIARTL,4.34,37900.0,52.0,2.914018281912768,54.57,15.84131609143535,15.01,79.136890510493
2024-04-09,HDFCBANK,11.37,,,,0.0,,44.81,16.818951719761213
2024-04-09,HUL,10.68,15567.0,24.0,0.024232665394402036,61.9,20.16340648854962,43.92,49.552336590320465
2024-04-09,INFY,14.71,38821.0,24.0,0.11005609558794277,14.78,31.970506716883047,58.77,23.947227157377274
2024-04-09,MM,21.38,35299.0,18.0,1.6365716921548452,19.33,20.178831210304086,89.67,22.963733232791068
2024-04-09,RELIANCE,12.76,225086.0,18.0,0.6309284341334763,50.3,10.349336194179966,51.699999999999996,28.10244650628627
2024-04-10,BHARTIARTL,4.34,37900.0,52.0,2.914018281912768,54.57,15.84131609143535,15.01,80.77620290899817
2024-04-10,HDFCBANK,11.37,,,,0.0,,44.81,16.686445090207265
2024-04-10,HUL,10.68,15567.0,24.0,0.024232665394402036,61.9,20.16340648854962,43.92,49.4812067306324
2024-04-10,INFY,14.71,38821.0,24.0,0.11005609558794277,14.78,31.970506716883047,58.77,24.138665892993874
2024-04-10,MM,21.38,35299.0,18.0,1.6365716921548452,19.33,20.178831210304086,89.67,22.8022892206319
2024-04-10,RELIANCE,12.76,225086.0,18.0,0.6309284341334763,50.3,10.349336194179966,51.699999999999996,28.408210208383707
2024-04-11,BHARTIARTL,4.34,37900.0,52.0,2.914018281912768,54.57,15.84131609143535,15.01,
2024-04-11,HDFCBANK,11.37,,,,0.0,,44.81,
2024-04-11,HUL,10.68,15567.0,24.0,0.024232665394402036,61.9,20.16340648854962,43.92,
2024-04-11,INFY,14.71,38821.0,24.0,0.11005609558794277,14.78,31.970506716883047,58.77,
2024-04-11,MM,21.38,35299.0,18.0,1.6365716921548452,19.33,20.178831210304086,89.67,
2024-04-11,RELIANCE,12.76,225086.0,18.0,0.6309284341334763,50.3,10.349336194179966,51.699999999999996,
2024-04-12,BHARTIARTL,4.34,37900.0,52.0,2.914018281912768,54.57,15.84131609143535,15.01,80.52324654657312
2024-04-12,HDFCBANK,11.37,,,,0.0,,44.81,16.49746221241422
2024-04-12,HUL,10.68,15567.0,24.0,0.024232665394402036,61.9,20.16340648854962,43.92,48.85529064741291
2024-04-12,INFY,14.71,38821.0,24.0,0.11005609558794277,14.78,31.970506716883047,58.77,23.785428431278714
2024-04-12,MM,21.38,35299.0,18.0,1.6365716921548452,19.33,20.178831210304086,89.67,22.744628797343733
2024-04-12,RELIANCE,12.76,225086.0,18.0,0.6309284341334763,50.3,10.349336194179966,51.699999999999996,28.169648928614606
2024-04-15,BHARTIARTL,4.34,37900.0,52.0,2.914018281912768,54.57,15.84131609143535,15.01,80.45754327843937
2024-04-15,HDFCBANK,11.37,,,,0.0,,44.81,16.23407937245453
2024-04-15,HUL,10.68,15567.0,24.0,0.024232665394402036,61.9,20.16340648854962,43.92,48.01815845927254
2024-04-15,INFY,14.71,38821.0,24.0,0.11005609558794277,14.78,31.970506716883047,58.77,23.519501256885953
2024-04-15,MM,21.38,35299.0,18.0,1.6365716921548452,19.33,20.178831210304086,89.67,22.55243237792043
2024-04-15,RELIANCE,12.76,225086.0,18.0,0.6309284341334763,50.3,10.349336194179966,51.699999999999996,28.125004722255806
2024-04-16,BHARTIARTL,4.34,37900.0,52.0,2.914018281912768,54.57,15.84131609143535,15.01,79.92533786069704
2024-04-16,HDFCBANK,11.37,,,,0.0,,44.81,16.39211152818846
2024-04-16,HUL,10.68,15567.0,24.0,0.024232665394402036,61.9,20.16340648854962,43.92,48.603595671106554
2024-04-16,INFY,14.71,38821.0,24.0,0.11005609558794277,14.78,31.970506716883047,58.77,22.659232694720945
2024-04-16,MM,21.38,35299.0,18.0,1.6365716921548452,19.33,20.178831210304086,89.67,22.309165725716515
2024-04-16,RELIANCE,12.76,225086.0,18.0,0.6309284341334763,50.3,10.349336194179966,51.699999999999996,28.142765126329788
2024-04-17,BHARTIARTL,4.34,37900.0,52.0,2.914018281912768,54.57,15.84131609143535,15.01,
2024-04-17,HDFCBANK,11.37,,,,0.0,,44.81,
2024-04-17,HUL,10.68,15567.0,24.0,0.024232665394402036,61.9,20.16340648854962,43.92,
2024-04-17,INFY,14.71,38821.0,24.0,0.11005609558794277,14.78,31.970506716883047,58.77,
2024-04-17,MM,21.38,35299.0,18.0,1.6365716921548452,19.33,20.178831210304086,89.67,
2024-04-17,RELIANCE,12.76,225086.0,18.0,0.6309284341334763,50.3,10.349336194179966,51.699999999999996,
2024-04-18,BHARTIARTL,4.34,37900.0,52.0,2.914018281912768,54.57,15.84131609143535,15.01,83.16453581726766
2024-04-18,HDFCBANK,11.37,,,,0.0,,44.81,16.23407937245453
2024-04-18,HUL,10.68,15567.0,24.0,0.024232665394402036,61.9,20.16340648854962,43.92,48.47228670380806
2024-04-18,INFY,14.71,38821.0,24.0,0.11005609558794277,14.78,31.970506716883047,58.77,22.736130552631018
2024-04-18,MM,21.38,35299.0,18.0,1.6365716921548452,19.33,20.178831210304086,89.67,22.239426236042572
2024-04-18,RELIANCE,12.76,225086.0,18.0,0.6309284341334763,50.3,10.349336194179966,51.699999999999996,28.1154067373368
2024-04-19,BHARTIARTL,4.34,37900.0,52.0,2.914018281912768,54.57,15.84131609143535,15.01,84.69214696712608
2024-04-19,HDFCBANK,11.37,,,,0.0,,44.81,16.631597899028538
2024-04-19,HUL,10.68,15567.0,24.0,0.024232665394402036,61.9,20.16340648854962,43.92,48.83996515326161
2024-04-19,INFY,14.71,38821.0,24.0,0.11005609558794277,14.78,31.970506716883047,58.77,22.60797022556151
2024-04-19,MM,21.38,35299.0,18.0,1.6365716921548452,19.33,20.178831210304086,89.67,22.875873101545945
2024-04-19,RELIANCE,12.76,225086.0,18.0,0.6309284341334763,50.3,10.349336194179966,51.699999999999996,28.22676933480416
2024-04-22,BHARTIARTL,4.34,37900.0,52.0,2.914018281912768,54.57,15.84131609143535,15.01,85.2539143825991
2024-04-22,HDFCBANK,11.37,,,,0.0,,44.81,16.424149196346377
2024-04-22,HUL,10.68,15567.0,24.0,0.024232665394402036,61.9,20.16340648854962,43.92,49.05663439919171
2024-04-22,INFY,14.71,38821.0,24.0,0.11005609558794277,14.78,31.970506716883047,58.77,22.95239461366875
2024-04-22,MM,21.38,35299.0,18.0,1.6365716921548452,19.33,20.178831210304086,89.67,22.960988794851957
2024-04-22,RELIANCE,12.76,225086.0,18.0,0.6309284341334763,50.3,10.349336194179966,51.699999999999996,28.413489690371133
2024-04-23,BHARTIARTL,4.34,37900.0,52.0,2.914018281912768,54.57,15.84131609143535,15.01,88.19744356626832
2024-04-23,HDFCBANK,11.37,,,,0.0,,44.81,16.37418917634875
2024-04-23,HUL,10.68,15567.0,24.0,0.024232665394402036,61.9,20.16340648854962,43.92,49.52169671953267
2024-04-23,INFY,14.71,38821.0,24.0,0.11005609558794277,14.78,31.970506716883047,58.77,23.1069900073911
2024-04-23,MM,21.38,35299.0,18.0,1.6365716921548452,19.33,20.178831210304086,89.67,22.65292563618685
2024-04-23,RELIANCE,12.76,225086.0,18.0,0.6309284341334763,50.3,10.349336194179966,51.699999999999996,28.01940563799565
2024-04-24,BHARTIARTL,4.34,37900.0,52.0,2.914018281912768,54.57,15.84131609143535,15.01,87.80650139490339
2024-04-24,HDFCBANK,11.37,,,,0.0,,44.81,16.418718552115877
2024-04-24,HUL,10.68,15567.0,24.0,0.024232665394402036,61.9,20.16340648854962,43.92,49.46698187044626
2024-04-24,INFY,14.71,38821.0,24.0,0.11005609558794277,14.78,31.970506716883047,58.77,22.920357647529563
2024-04-24,MM,21.38,35299.0,18.0,1.6365716921548452,19.33,20.178831210304086,89.67,22.607347001941143
2024-04-24,RELIANCE,12.76,225086.0,18.0,0.6309284341334763,50.3,10.349336194179966,51.699999999999996,27.843723555367507
2024-04-25,BHARTIARTL,4.34,37900.0,52.0,2.914018281912768,54.57,15.84131609143535,15.01,87.95762135139074
2024-04-25,HDFCBANK,11.37,,,,0.0,,44.81,16.40840209879212
2024-04-25,HUL,10.68,15567.0,24.0,0.024232665394402036,61.9,20.16340648854962,43.92,48.82355014265995
2024-04-25,INFY,14.71,38821.0,24.0,0.11005609558794277,14.78,31.970506716883047,58.77,23.04370952175855
2024-04-25,MM,21.38,35299.0,18.0,1.6365716921548452,19.33,20.178831210304086,89.67,23.029085161216127
2024-04-25,RELIANCE,12.76,225086.0,18.0,0.6309284341334763,50.3,10.349336194179966,51.699999999999996,28.031884198954305
2024-04-26,BHARTIARTL,4.34,37900.0,52.0,2.914018281912768,54.57,15.84131609143535,15.01,87.12318415327282
2024-04-26,HDFCBANK,11.37,,,,0.0,,44.81,16.398084283380523
2024-04-26,HUL,10.68,15567.0,24.0,0.024232665394402036,61.9,20.16340648854962,43.92,48.64408566000683
2024-04-26,INFY,14.71,38821.0,24.0,0.11005609558794277,14.78,31.970506716883047,58.77,22.912348405994766
2024-04-26,MM,21.38,35299.0,18.0,1.6365716921548452,19.33,20.178831210304086,89.67,22.458530671489907
2024-04-26,RELIANCE,12.76,225086.0,18.0,0.6309284341334763,50.3,10.349336194179966,51.699999999999996,27.889324018526356
2024-04-29,BHARTIARTL,4.34,37900.0,52.0,2.914018281912768,54.57,15.84131609143535,15.01,87.54697389240506
2024-04-29,HDFCBANK,11.37,,,,0.0,,44.81,16.6120478522163
2024-04-29,HUL,10.68,15567.0,24.0,0.024232665394402036,61.9,20.16340648854962,43.92,48.71959026176855
2024-04-29,INFY,14.71,38821.0,24.0,0.11005609558794277,14.78,31.970506716883047,58.77,22.984435733978856
2024-04-29,MM,21.38,35299.0,18.0,1.6365716921548452,19.33,20.178831210304086,89.67,22.64688542232979
2024-04-29,RELIANCE,12.76,225086.0,18.0,0.6309284341334763,50.3,10.349336194179966,51.699999999999996,28.128846277351307
2024-04-30,BHARTIARTL,4.34,37900.0,52.0,2.914018281912768,54.57,15.84131609143535,15.01,86.8800845009577
2024-04-30,HDFCBANK,11.37,,,,0.0,,44.81,16.509951195847744
2024-04-30,HUL,10.68,15567.0,24.0,0.024232665394402036,61.9,20.16340648854962,43.92,48.814789540997836
2024-04-30,INFY,14.71,38821.0,24.0,0.11005609558794277,14.78,31.970506716883047,58.77,22.756955411455674
2024-04-30,MM,21.38,35299.0,18.0,1.6365716921548452,19.33,20.178831210304086,89.67,23.682552714989683
2024-04-30,RELIANCE,12.76,225086.0,18.0,0.6309284341334763,50.3,10.349336194179966,51.699999999999996,28.166768352574955
2024-05-01,BHARTIARTL,4.34,37900.0,52.0,2.914018281912768,54.57,15.84131609143535,15.01,
2024-05-01,HDFCBANK,11.37,,,,0.0,,44.81,
2024-05-01,HUL,10.68,15567.0,24.0,0.024232665394402036,61.9,20.16340648854962,43.92,
2024-05-01,INFY,14.71,38821.0,24.0,0.11005609558794277,14.78,31.970506716883047,58.77,
2024-05-01,MM,21.38,35299.0,18.0,1.6365716921548452,19.33,20.178831210304086,89.67,
2024-05-01,RELIANCE,12.76,225086.0,18.0,0.6309284341334763,50.3,10.349336194179966,51.699999999999996,
2024-05-02,BHARTIARTL,4.34,37900.0,52.0,2.914018281912768,54.57,15.84131609143535,15.01,85.68098969176799
2024-05-02,HDFCBANK,11.37,,,,0.0,,44.81,16.64191435235229
2024-05-02,HUL,10.68,15567.0,24.0,0.024232665394402036,61.9,20.16340648854962,43.92,48.72396500384221
2024-05-02,INFY,14.71,38821.0,24.0,0.11005609558794277,14.78,31.970506716883047,58.77,22.659232694720945
2024-05-02,MM,21.38,35299.0,18.0,1.6365716921548452,19.33,20.178831210304086,89.67,23.99885463278549
2024-05-02,RELIANCE,12.76,225086.0,18.0,0.6309284341334763,50.3,10.349336194179966,51.699999999999996,28.158126624456
2024-05-03,BHARTIARTL,4.34,37900.0,52.0,2.914018281912768,54.57,15.84131609143535,15.01,83.92998417721519
2024-05-03,HDFCBANK,11.37,,,,0.0,,44.81,16.504520551617244
2024-05-03,HUL,10.68,15567.0,24.0,0.024232665394402036,61.9,20.16340648854962,43.92,48.521526176855645
2024-05-03,INFY,14.71,38821.0,24.0,0.11005609558794277,14.78,31.970506716883047,58.77,22.68887270423898
2024-05-03,MM,21.38,35299.0,18.0,1.6365716921548452,19.33,20.178831210304086,89.67,24.085070279392493
2024-05-03,RELIANCE,12.76,225086.0,18.0,0.6309284341334763,50.3,10.349336194179966,51.699999999999996,27.533159680246616
2024-05-06,BHARTIARTL,4.34,37900.0,52.0,2.914018281912768,54.57,15.84131609143535,15.01,84.32420378601766
2024-05-06,HDFCBANK,11.37,,,,0.0,,44.81,16.537649252137495
2024-05-06,HUL,10.68,15567.0,24.0,0.024232665394402036,61.9,20.16340648854962,43.92,49.37834192494877
2024-05-06,INFY,14.71,38821.0,24.0,0.11005609558794277,14.78,31.970506716883047,58.77,22.84266218880275
2024-05-06,MM,21.38,35299.0,18.0,1.6365716921548452,19.33,20.178831210304086,89.67,24.435966273035852
2024-05-06,RELIANCE,12.76,225086.0,18.0,0.6309284341334763,50.3,10.349336194179966,51.699999999999996,27.255236037234045
2024-05-07,BHARTIARTL,4.34,37900.0,52.0,2.914018281912768,54.57,15.84131609143535,15.01,84.50489387283478
2024-05-07,HDFCBANK,11.37,,,,0.0,,44.81,16.35844071670665
2024-05-07,HUL,10.68,15567.0,24.0,0.024232665394402036,61.9,20.16340648854962,43.92,52.07465611303222
2024-05-07,INFY,14.71,38821.0,24.0,0.11005609558794277,14.78,31.970506716883047,58.77,23.083757806517994
2024-05-07,MM,21.38,35299.0,18.0,1.6365716921548452,19.33,20.178831210304086,89.67,24.068595483787778
2024-05-07,RELIANCE,12.76,225086.0,18.0,0.6309284341334763,50.3,10.349336194179966,51.699999999999996,26.90866968387331
2024-05-08,BHARTIARTL,4.34,37900.0,52.0,2.914018281912768,54.57,15.84131609143535,15.01,84.66586240683294
2024-05-08,HDFCBANK,11.37,,,,0.0,,44.81,16.103204524136633
2024-05-08,HUL,10.68,15567.0,24.0,0.024232665394402036,61.9,20.16340648854962,43.92,51.23533933323372
2024-05-08,INFY,14.71,38821.0,24.0,0.11005609558794277,14.78,31.970506716883047,58.77,22.86509055760273
2024-05-08,MM,21.38,35299.0,18.0,1.6365716921548452,19.33,20.178831210304086,89.67,23.968652202171853
2024-05-08,RELIANCE,12.76,225086.0,18.0,0.6309284341334763,50.3,10.349336194179966,51.699999999999996,27.23651465410421
2024-05-09,BHARTIARTL,4.34,37900.0,52.0,2.914018281912768,54.57,15.84131609143535,15.01,83.80185507838524
2024-05-09,HDFCBANK,11.37,,,,0.0,,44.81,15.721437181380411
2024-05-09,HUL,10.68,15567.0,24.0,0.024232665394402036,61.9,20.16340648854962,43.92,50.89830075456796
2024-05-09,INFY,14.71,38821.0,24.0,0.11005609558794277,14.78,31.970506716883047,58.77,23.06133151480347
2024-05-09,MM,21.38,35299.0,18.0,1.6365716921548452,19.33,20.178831210304086,89.67,24.29978170827757
2024-05-09,RELIANCE,12.76,225086.0,18.0,0.6309284341334763,50.3,10.349336194179966,51.699999999999996,26.767547430337284
2024-05-10,BHARTIARTL,4.34,37900.0,52.0,2.914018281912768,54.57,15.84131609143535,15.01,85.49045102744005
2024-05-10,HDFCBANK,11.37,,,,0.0,,44.81,15.83043008849866
2024-05-10,HUL,10.68,15567.0,24.0,0.024232665394402036,61.9,20.16340648854962,43.92,51.7058825883709
2024-05-10,INFY,14.71,38821.0,24.0,0.11005609558794277,14.78,31.970506716883047,58.77,22.826641628647693
2024-05-10,MM,21.38,35299.0,18.0,1.6365716921548452,19.33,20.178831210304086,89.67,24.085617533386305
2024-05-10,RELIANCE,12.76,225086.0,18.0,0.6309284341334763,50.3,10.349336194179966,51.699999999999996,27.022912857380323
2024-05-13,BHARTIARTL,4.34,37900.0,52.0,2.914018281912768,54.57,15.84131609143535,15.01,84.4917515926882
2024-05-13,HDFCBANK,11.37,,,,0.0,,44.81,16.02144383926579
2024-05-13,HUL,10.68,15567.0,24.0,0.024232665394402036,61.9,20.16340648854962,43.92,51.664297524262864
2024-05-13,INFY,14.71,38821.0,24.0,0.11005609558794277,14.78,31.970506716883047,58.77,22.803411504860048
2024-05-13,MM,21.38,35299.0,18.0,1.6365716921548452,19.33,20.178831210304086,89.67,23.988971389016672
2024-05-13,RELIANCE,12.76,225086.0,18.0,0.6309284341334763,50.3,10.349336194179966,51.699999999999996,26.932191240026597
2024-05-14,BHARTIARTL,4.34,37900.0,52.0,2.914018281912768,54.57,15.84131609143535,15.01,84.38334404667722
2024-05-14,HDFCBANK,11.37,,,,0.0,,44.81,16.084196588285955
2024-05-14,HUL,10.68,15567.0,24.0,0.024232665394402036,61.9,20.16340648854962,43.92,51.42246934234119
2024-05-14,INFY,14.71,38821.0,24.0,0.11005609558794277,14.78,31.970506716883047,58.77,22.82343876286796
2024-05-14,MM,21.38,35299.0,18.0,1.6365716921548452,19.33,20.178831210304086,89.67,24.929638383273392
2024-05-14,RELIANCE,12.76,225086.0,18.0,0.6309284341334763,50.3,10.349336194179966,51.699999999999996,27.2657950012089
2024-05-15,BHARTIARTL,3.66,37599.0,52.0,2.6285616747339033,53.48,10.434167692851656,13.28,97.27717939629612
2024-05-15,HDFCBANK,11.6,,,,0.0,,45.12,15.728226790191435
2024-05-15,HUL,10.89,15210.0,23.0,0.028974188761763442,61.9,20.074973642078955,43.739999999999995,51.05611751436043
2024-05-15,INFY,19.2,37923.0,23.0,0.09486358890553362,14.71,29.788006718416632,63.2,21.152869115901897
2024-05-15,MM,22.15,35452.0,19.0,1.6414413053331318,18.58,18.537543435564285,90.61999999999999,25.02040252651871
2024-05-15,RELIANCE,14.01,236533.0,18.0,0.4420005015873096,50.31,9.958650553699458,51.45,27.32496849186103
2024-05-16,BHARTIARTL,3.66,37599.0,52.0,2.6285616747339033,53.48,10.434167692851656,13.28,99.89123976374248
2024-05-16,HDFCBANK,11.6,,,,0.0,,45.12,15.966035288276403
2024-05-16,HUL,10.89,15210.0,23.0,0.028974188761763442,61.9,20.074973642078955,43.739999999999995,51.49233329225252
2024-05-16,INFY,19.2,37923.0,23.0,0.09486358890553362,14.71,29.788006718416632,63.2,21.650429254845726
2024-05-16,MM,22.15,35452.0,19.0,1.6414413053331318,18.58,18.537543435564285,90.61999999999999,25.775155913774555
2024-05-16,RELIANCE,14.01,236533.0,18.0,0.4420005015873096,50.31,9.958650553699458,51.45,27.500054569818996
2024-05-17,BHARTIARTL,3.66,37599.0,52.0,2.6285616747339033,53.48,10.434167692851656,13.28,99.84297235328032
2024-05-17,HDFCBANK,11.6,,,,0.0,,45.12,16.008130878421433
2024-05-17,HUL,10.89,15210.0,23.0,0.028974188761763442,61.9,20.074973642078955,43.739999999999995,50.99129801097394
2024-05-17,INFY,19.2,37923.0,23.0,0.09486358890553362,14.71,29.788006718416632,63.2,21.515611093255536
2024-05-17,MM,22.15,35452.0,19.0,1.6414413053331318,18.58,18.537543435564285,90.61999999999999,27.327588009166025
2024-05-17,RELIANCE,14.01,236533.0,18.0,0.4420005015873096,50.31,9.958650553699458,51.45,27.69974451834305
2024-05-20,BHARTIARTL,3.66,37599.0,52.0,2.6285616747339033,53.48,10.434167692851656,13.28,
2024-05-20,HDFCBANK,11.6,,,,0.0,,45.12,
2024-05-20,HUL,10.89,15210.0,23.0,0.028974188761763442,61.9,20.074973642078955,43.739999999999995,
2024-05-20,INFY,19.2,37923.0,23.0,0.09486358890553362,14.71,29.788006718416632,63.2,
2024-05-20,MM,22.15,35452.0,19.0,1.6414413053331318,18.58,18.537543435564285,90.61999999999999,
2024-05-20,RELIANCE,14.01,236533.0,18.0,0.4420005015873096,50.31,9.958650553699458,51.45,
2024-05-21,BHARTIARTL,3.66,37599.0,52.0,2.6285616747339033,53.48,10.434167692851656,13.28,99.83184079089797
2024-05-21,HDFCBANK,11.6,,,,0.0,,45.12,15.950181298222104
2024-05-21,HUL,10.89,15210.0,23.0,0.028974188761763442,61.9,20.074973642078955,43.739999999999995,50.779229448874034
2024-05-21,INFY,19.2,37923.0,23.0,0.09486358890553362,14.71,29.788006718416632,63.2,21.364404219615306
2024-05-21,MM,22.15,35452.0,19.0,1.6414413053331318,18.58,18.537543435564285,90.61999999999999,27.415068589991176
2024-05-21,RELIANCE,14.01,236533.0,18.0,0.4420005015873096,50.31,9.958650553699458,51.45,27.70794422679786
2024-05-22,BHARTIARTL,3.66,37599.0,52.0,2.6285616747339033,53.48,10.434167692851656,13.28,100.09918212890625
2024-05-22,HDFCBANK,11.6,,,,0.0,,45.12,15.954554672782304
2024-05-22,HUL,10.89,15210.0,23.0,0.028974188761763442,61.9,20.074973642078955,43.739999999999995,52.01425504401006
2024-05-22,INFY,19.2,37923.0,23.0,0.09486358890553362,14.71,29.788006718416632,63.2,21.672027201592165
2024-05-22,MM,22.15,35452.0,19.0,1.6414413053331318,18.58,18.537543435564285,90.61999999999999,27.397686165443613
2024-05-22,RELIANCE,14.01,236533.0,18.0,0.4420005015873096,50.31,9.958650553699458,51.45,28.18111675473761
2024-05-23,BHARTIARTL,3.66,37599.0,52.0,2.6285616747339033,53.48,10.434167692851656,13.28,102.0411571824407
2024-05-23,HDFCBANK,11.6,,,,0.0,,45.12,16.31974294676003
2024-05-23,HUL,10.89,15210.0,23.0,0.028974188761763442,61.9,20.074973642078955,43.739999999999995,52.35708452110483
2024-05-23,INFY,19.2,37923.0,23.0,0.09486358890553362,14.71,29.788006718416632,63.2,21.93421375902393
2024-05-23,MM,22.15,35452.0,19.0,1.6414413053331318,18.58,18.537543435564285,90.61999999999999,28.355659277753258
2024-05-23,RELIANCE,14.01,236533.0,18.0,0.4420005015873096,50.31,9.958650553699458,51.45,28.671175082756314
2024-05-24,BHARTIARTL,3.66,37599.0,52.0,2.6285616747339033,53.48,10.434167692851656,13.28,103.11426369540663
2024-05-24,HDFCBANK,11.6,,,,0.0,,45.12,16.588714274954288
2024-05-24,HUL,10.89,15210.0,23.0,0.028974188761763442,61.9,20.074973642078955,43.739999999999995,52.06150914851967
2024-05-24,INFY,19.2,37923.0,23.0,0.09486358890553362,14.71,29.788006718416632,63.2,21.825466880315467
2024-05-24,MM,22.15,35452.0,19.0,1.6414413053331318,18.58,18.537543435564285,90.61999999999999,28.035609292236817
2024-05-24,RELIANCE,14.01,236533.0,18.0,0.4420005015873096,50.31,9.958650553699458,51.45,28.559271364795915
2024-05-27,BHARTIARTL,3.66,37599.0,52.0,2.6285616747339033,53.48,10.434167692851656,13.28,102.80606373246894
2024-05-27,HDFCBANK,11.6,,,,0.0,,45.12,16.703519077165755
2024-05-27,HUL,10.89,15210.0,23.0,0.028974188761763442,61.9,20.074973642078955,43.739999999999995,52.401028717278244
2024-05-27,INFY,19.2,37923.0,23.0,0.09486358890553362,14.71,29.788006718416632,63.2,21.91857060299644
2024-05-27,MM,22.15,35452.0,19.0,1.6414413053331318,18.58,18.537543435564285,90.61999999999999,27.702519794195545
2024-05-27,RELIANCE,14.01,236533.0,18.0,0.4420005015873096,50.31,9.958650553699458,51.45,28.28916262375486
2024-05-28,BHARTIARTL,3.66,37599.0,52.0,2.6285616747339033,53.48,10.434167692851656,13.28,101.8183696700866
2024-05-28,HDFCBANK,11.6,,,,0.0,,45.12,16.73413269908716
2024-05-28,HUL,10.89,15210.0,23.0,0.028974188761763442,61.9,20.074973642078955,43.739999999999995,52.652648730424104
2024-05-28,INFY,19.2,37923.0,23.0,0.09486358890553362,14.71,29.788006718416632,63.2,21.85451459281052
2024-05-28,MM,22.15,35452.0,19.0,1.6414413053331318,18.58,18.537543435564285,90.61999999999999,27.74272944800403
2024-05-28,RELIANCE,14.01,236533.0,18.0,0.4420005015873096,50.31,9.958650553699458,51.45,28.095261821246353
2024-05-29,BHARTIARTL,3.66,37599.0,52.0,2.6285616747339033,53.48,10.434167692851656,13.28,102.26765827960278
2024-05-29,HDFCBANK,11.6,,,,0.0,,45.12,16.491404323713155
2024-05-29,HUL,10.89,15210.0,23.0,0.028974188761763442,61.9,20.074973642078955,43.739999999999995,52.15710019433014
2024-05-29,INFY,19.2,37923.0,23.0,0.09486358890553362,14.71,29.788006718416632,63.2,21.61467346964003
2024-05-29,MM,22.15,35452.0,19.0,1.6414413053331318,18.58,18.537543435564285,90.61999999999999,27.53461182341095
2024-05-29,RELIANCE,14.01,236533.0,18.0,0.4420005015873096,50.31,9.958650553699458,51.45,27.79765938183309
2024-05-30,BHARTIARTL,3.66,37599.0,52.0,2.6285616747339033,53.48,10.434167692851656,13.28,102.27137186441077
2024-05-30,HDFCBANK,11.6,,,,0.0,,45.12,16.563019177592395
2024-05-30,HUL,10.89,15210.0,23.0,0.028974188761763442,61.9,20.074973642078955,43.739999999999995,51.67363031192845
2024-05-30,INFY,19.2,37923.0,23.0,0.09486358890553362,14.71,29.788006718416632,63.2,21.264596287208267
2024-05-30,MM,22.15,35452.0,19.0,1.6414413053331318,18.58,18.537543435564285,90.61999999999999,27.098281176720096
2024-05-30,RELIANCE,14.01,236533.0,18.0,0.4420005015873096,50.31,9.958650553699458,51.45,27.4904075748603
2024-05-31,BHARTIARTL,3.66,37599.0,52.0,2.6285616747339033,53.48,10.434167692851656,13.28,101.94461316947478
2024-05-31,HDFCBANK,11.6,,,,0.0,,45.12,16.745613314581256
2024-05-31,HUL,10.89,15210.0,23.0,0.028974188761763442,61.9,20.074973642078955,43.739999999999995,51.18248568422783
2024-05-31,INFY,19.2,37923.0,23.0,0.09486358890553362,14.71,29.788006718416632,63.2,21.377801050113725
2024-05-31,MM,22.15,35452.0,19.0,1.6414413053331318,18.58,18.537543435564285,90.61999999999999,27.236844856095512
2024-05-31,RELIANCE,14.01,236533.0,18.0,0.4420005015873096,50.31,9.958650553699458,51.45,27.597487795341348
2024-06-03,BHARTIARTL,3.66,37599.0,52.0,2.6285616747339033,53.48,10.434167692851656,13.28,103.30734252929688
2024-06-03,HDFCBANK,11.6,,,,0.0,,45.12,17.190070186100954
2024-06-03,HUL,10.89,15210.0,23.0,0.028974188761763442,61.9,20.074973642078955,43.739999999999995,51.772525684442165
2024-06-03,INFY,19.2,37923.0,23.0,0.09486358890553362,14.71,29.788006718416632,63.2,21.362606000296676
2024-06-03,MM,22.15,35452.0,19.0,1.6414413053331318,18.58,18.537543435564285,90.61999999999999,28.625173069893513
2024-06-03,RELIANCE,14.01,236533.0,18.0,0.4420005015873096,50.31,9.958650553699458,51.45,29.139524113216712
2024-06-04,BHARTIARTL,3.66,37599.0,52.0,2.6285616747339033,53.48,10.434167692851656,13.28,96.51969082384225
2024-06-04,HDFCBANK,11.6,,,,0.0,,45.12,16.21642011277219
2024-06-04,HUL,10.89,15210.0,23.0,0.028974188761763442,61.9,20.074973642078955,43.739999999999995,54.85791283543382
2024-06-04,INFY,19.2,37923.0,23.0,0.09486358890553362,14.71,29.788006718416632,63.2,21.176466157164754
2024-06-04,MM,22.15,35452.0,19.0,1.6414413053331318,18.58,18.537543435564285,90.61999999999999,27.96116552982234
2024-06-04,RELIANCE,14.01,236533.0,18.0,0.4420005015873096,50.31,9.958650553699458,51.45,26.958389801232993
2024-06-05,BHARTIARTL,3.66,37599.0,52.0,2.6285616747339033,53.48,10.434167692851656,13.28,99.83553599162275
2024-06-05,HDFCBANK,11.6,,,,0.0,,45.12,16.967022672612618
2024-06-05,HUL,10.89,15210.0,23.0,0.028974188761763442,61.9,20.074973642078955,43.739999999999995,57.19723101887575
2024-06-05,INFY,19.2,37923.0,23.0,0.09486358890553362,14.71,29.788006718416632,63.2,21.730323501780063
2024-06-05,MM,22.15,35452.0,19.0,1.6414413053331318,18.58,18.537543435564285,90.61999999999999,29.78746241171927
2024-06-05,RELIANCE,14.01,236533.0,18.0,0.4420005015873096,50.31,9.958650553699458,51.45,27.41130506331997
2024-06-06,BHARTIARTL,3.66,37599.0,52.0,2.6285616747339033,53.48,10.434167692851656,13.28,101.78495659885637
2024-06-06,HDFCBANK,11.6,,,,0.0,,45.12,17.05339851108849
2024-06-06,HUL,10.89,15210.0,23.0,0.028974188761763442,61.9,20.074973642078955,43.739999999999995,56.02922409050641
2024-06-06,INFY,19.2,37923.0,23.0,0.09486358890553362,14.71,29.788006718416632,63.2,22.37079089200949
2024-06-06,MM,22.15,35452.0,19.0,1.6414413053331318,18.58,18.537543435564285,90.61999999999999,29.34080522546072
2024-06-06,RELIANCE,14.01,236533.0,18.0,0.4420005015873096,50.31,9.958650553699458,51.45,27.620639634201893
2024-06-07,BHARTIARTL,3.66,37599.0,52.0,2.6285616747339033,53.48,10.434167692851656,13.28,105.8434176157756
2024-06-07,HDFCBANK,11.6,,,,0.0,,45.12,17.20264380705272
2024-06-07,HUL,10.89,15210.0,23.0,0.028974188761763442,61.9,20.074973642078955,43.739999999999995,56.64894163308757
2024-06-07,INFY,19.2,37923.0,23.0,0.09486358890553362,14.71,29.788006718416632,63.2,23.30300246612935
2024-06-07,MM,22.15,35452.0,19.0,1.6414413053331318,18.58,18.537543435564285,90.61999999999999,31.05353441914037
2024-06-07,RELIANCE,14.01,236533.0,18.0,0.4420005015873096,50.31,9.958650553699458,51.45,28.360544692207238
2024-06-10,BHARTIARTL,3.66,37599.0,52.0,2.6285616747339033,53.48,10.434167692851656,13.28,105.90283497270332
2024-06-10,HDFCBANK,11.6,,,,0.0,,45.12,17.07089471478834
2024-06-10,HUL,10.89,15210.0,23.0,0.028974188761763442,61.9,20.074973642078955,43.739999999999995,56.37533556777264
2024-06-10,INFY,19.2,37923.0,23.0,0.09486358890553362,14.71,29.788006718416632,63.2,22.78865186473991
2024-06-10,MM,22.15,35452.0,19.0,1.6414413053331318,18.58,18.537543435564285,90.61999999999999,30.511241568500335
2024-06-10,RELIANCE,14.01,236533.0,18.0,0.4420005015873096,50.31,9.958650553699458,51.45,28.38852240114796
2024-06-11,BHARTIARTL,3.66,37599.0,52.0,2.6285616747339033,53.48,10.434167692851656,13.28,105.99195181605329
2024-06-11,HDFCBANK,11.6,,,,0.0,,45.12,17.10916208037248
2024-06-11,HUL,10.89,15210.0,23.0,0.028974188761763442,61.9,20.074973642078955,43.739999999999995,56.17755598601109
2024-06-11,INFY,19.2,37923.0,23.0,0.09486358890553362,14.71,29.788006718416632,63.2,22.727871665471717
2024-06-11,MM,22.15,35452.0,19.0,1.6414413053331318,18.58,18.537543435564285,90.61999999999999,30.8155336803065
2024-06-11,RELIANCE,14.01,236533.0,18.0,0.4420005015873096,50.31,9.958650553699458,51.45,28.104427178237366
2024-06-12,BHARTIARTL,3.66,37599.0,52.0,2.6285616747339033,53.48,10.434167692851656,13.28,106.8199801157756
2024-06-12,HDFCBANK,11.6,,,,0.0,,45.12,17.211391908902648
2024-06-12,HUL,10.89,15210.0,23.0,0.028974188761763442,61.9,20.074973642078955,43.739999999999995,55.569928260388096
2024-06-12,INFY,19.2,37923.0,23.0,0.09486358890553362,14.71,29.788006718416632,63.2,22.56756553167029
2024-06-12,MM,22.15,35452.0,19.0,1.6414413053331318,18.58,18.537543435564285,90.61999999999999,30.29389121468771
2024-06-12,RELIANCE,14.01,236533.0,18.0,0.4420005015873096,50.31,9.958650553699458,51.45,28.23272556790573
2024-06-13,BHARTIARTL,3.66,37599.0,52.0,2.6285616747339033,53.48,10.434167692851656,13.28,105.88056265589704
2024-06-13,HDFCBANK,11.6,,,,0.0,,45.12,17.283555970969775
2024-06-13,HUL,10.89,15210.0,23.0,0.028974188761763442,61.9,20.074973642078955,43.739999999999995,54.66232683541953
2024-06-13,INFY,19.2,37923.0,23.0,0.09486358890553362,14.71,29.788006718416632,63.2,22.700519803204113
2024-06-13,MM,22.15,35452.0,19.0,1.6414413053331318,18.58,18.537543435564285,90.61999999999999,31.09971961815135
2024-06-13,RELIANCE,14.01,236533.0,18.0,0.4420005015873096,50.31,9.958650553699458,51.45,28.26986863383746
2024-06-14,BHARTIARTL,3.66,37599.0,52.0,2.6285616747339033,53.48,10.434167692851656,13.28,106.00309257047722
2024-06-14,HDFCBANK,11.6,,,,0.0,,45.12,17.460135872482407
2024-06-14,HUL,10.89,15210.0,23.0,0.028974188761763442,61.9,20.074973642078955,43.739999999999995,55.02513297682328
2024-06-14,INFY,19.2,37923.0,23.0,0.09486358890553362,14.71,29.788006718416632,63.2,22.6237874091426
2024-06-14,MM,22.15,35452.0,19.0,1.6414413053331318,18.58,18.537543435564285,90.61999999999999,31.82676134717778
2024-06-14,RELIANCE,14.01,236533.0,18.0,0.4420005015873096,50.31,9.958650553699458,51.45,28.507180913660104
2024-06-17,BHARTIARTL,3.66,37599.0,52.0,2.6285616747339033,53.48,10.434167692851656,13.28,
2024-06-17,HDFCBANK,11.6,,,,0.0,,45.12,
2024-06-17,HUL,10.89,15210.0,23.0,0.028974188761763442,61.9,20.074973642078955,43.739999999999995,
2024-06-17,INFY,19.2,37923.0,23.0,0.09486358890553362,14.71,29.788006718416632,63.2,
2024-06-17,MM,22.15,35452.0,19.0,1.6414413053331318,18.58,18.537543435564285,90.61999999999999,
2024-06-17,RELIANCE,14.01,236533.0,18.0,0.4420005015873096,50.31,9.958650553699458,51.45,
2024-06-18,BHARTIARTL,3.66,37599.0,52.0,2.6285616747339033,53.48,10.434167692851656,13.28,106.07364148978728
2024-06-18,HDFCBANK,11.6,,,,0.0,,45.12,17.579312696524546
2024-06-18,HUL,10.89,15210.0,23.0,0.028974188761763442,61.9,20.074973642078955,43.739999999999995,55.16936795374658
2024-06-18,INFY,19.2,37923.0,23.0,0.09486358890553362,14.71,29.788006718416632,63.2,22.765099247799643
2024-06-18,MM,22.15,35452.0,19.0,1.6414413053331318,18.58,18.537543435564285,90.61999999999999,32.18865092556831
2024-06-18,RELIANCE,14.01,236533.0,18.0,0.4420005015873096,50.31,9.958650553699458,51.45,28.574225867802475
2024-06-19,BHARTIARTL,3.66,37599.0,52.0,2.6285616747339033,53.48,10.434167692851656,13.28,103.40017295745483
2024-06-19,HDFCBANK,11.6,,,,0.0,,45.12,18.126548604762302
2024-06-19,HUL,10.89,15210.0,23.0,0.028974188761763442,61.9,20.074973642078955,43.739999999999995,54.520313348408216
2024-06-19,INFY,19.2,37923.0,23.0,0.09486358890553362,14.71,29.788006718416632,63.2,22.964914056319223
2024-06-19,MM,22.15,35452.0,19.0,1.6414413053331318,18.58,18.537543435564285,90.61999999999999,31.883817296816378
2024-06-19,RELIANCE,14.01,236533.0,18.0,0.4420005015873096,50.31,9.958650553699458,51.45,28.142531147503643
2024-06-20,BHARTIARTL,3.66,37599.0,52.0,2.6285616747339033,53.48,10.434167692851656,13.28,102.56843107292451
2024-06-20,HDFCBANK,11.6,,,,0.0,,45.12,18.252286167009505
2024-06-20,HUL,10.89,15210.0,23.0,0.028974188761763442,61.9,20.074973642078955,43.739999999999995,55.07949808170439
2024-06-20,INFY,19.2,37923.0,23.0,0.09486358890553362,14.71,29.788006718416632,63.2,23.026455263548257
2024-06-20,MM,22.15,35452.0,19.0,1.6414413053331318,18.58,18.537543435564285,90.61999999999999,31.20296346091509
2024-06-20,RELIANCE,14.01,236533.0,18.0,0.4420005015873096,50.31,9.958650553699458,51.45,28.432897154397473
2024-06-21,BHARTIARTL,3.66,37599.0,52.0,2.6285616747339033,53.48,10.434167692851656,13.28,105.16020993152297
2024-06-21,HDFCBANK,11.6,,,,0.0,,45.12,18.2129257959677
2024-06-21,HUL,10.89,15210.0,23.0,0.028974188761763442,61.9,20.074973642078955,43.739999999999995,54.171935728166446
2024-06-21,INFY,19.2,37923.0,23.0,0.09486358890553362,14.71,29.788006718416632,63.2,23.289327500741692
2024-06-21,MM,22.15,35452.0,19.0,1.6414413053331318,18.58,18.537543435564285,90.61999999999999,30.863351512497246
2024-06-21,RELIANCE,14.01,236533.0,18.0,0.4420005015873096,50.31,9.958650553699458,51.45,28.056673841411563
2024-06-24,BHARTIARTL,3.66,37599.0,52.0,2.6285616747339033,53.48,10.434167692851656,13.28,105.4387012159968
2024-06-24,HDFCBANK,11.6,,,,0.0,,45.12,18.28563500803413
2024-06-24,HUL,10.89,15210.0,23.0,0.028974188761763442,61.9,20.074973642078955,43.739999999999995,54.19190681084248
2024-06-24,INFY,19.2,37923.0,23.0,0.09486358890553362,14.71,29.788006718416632,63.2,23.204994684533226
2024-06-24,MM,22.15,35452.0,19.0,1.6414413053331318,18.58,18.537543435564285,90.61999999999999,31.6876561508566
2024-06-24,RELIANCE,14.01,236533.0,18.0,0.4420005015873096,50.31,9.958650553699458,51.45,27.81116185313411
2024-06-25,BHARTIARTL,3.66,37599.0,52.0,2.6285616747339033,53.48,10.434167692851656,13.28,105.07851106574736
2024-06-25,HDFCBANK,11.6,,,,0.0,,45.12,18.71150537585536
2024-06-25,HUL,10.89,15210.0,23.0,0.028974188761763442,61.9,20.074973642078955,43.739999999999995,53.97000899312701
2024-06-25,INFY,19.2,37923.0,23.0,0.09486358890553362,14.71,29.788006718416632,63.2,23.42988026293018
2024-06-25,MM,22.15,35452.0,19.0,1.6414413053331318,18.58,18.537543435564285,90.61999999999999,31.618102205638934
2024-06-25,RELIANCE,14.01,236533.0,18.0,0.4420005015873096,50.31,9.958650553699458,51.45,28.05571056547619
2024-06-26,BHARTIARTL,3.66,37599.0,52.0,2.6285616747339033,53.48,10.434167692851656,13.28,108.38693825595351
2024-06-26,HDFCBANK,11.6,,,,0.0,,45.12,18.603807814577795
2024-06-26,HUL,10.89,15210.0,23.0,0.028974188761763442,61.9,20.074973642078955,43.739999999999995,54.26735374335563
2024-06-26,INFY,19.2,37923.0,23.0,0.09486358890553362,14.71,29.788006718416632,63.2,23.410887899278084
2024-06-26,MM,22.15,35452.0,19.0,1.6414413053331318,18.58,18.537543435564285,90.61999999999999,30.988870291119515
2024-06-26,RELIANCE,14.01,236533.0,18.0,0.4420005015873096,50.31,9.958650553699458,51.45,29.210910926870746
2024-06-27,BHARTIARTL,3.66,37599.0,52.0,2.6285616747339033,53.48,10.434167692851656,13.28,109.59742902273156
2024-06-27,HDFCBANK,11.6,,,,0.0,,45.12,18.54531173164963
2024-06-27,HUL,10.89,15210.0,23.0,0.028974188761763442,61.9,20.074973642078955,43.739999999999995,54.63459170131745
2024-06-27,INFY,19.2,37923.0,23.0,0.09486358890553362,14.71,29.788006718416632,63.2,23.907003281991692
2024-06-27,MM,22.15,35452.0,19.0,1.6414413053331318,18.58,18.537543435564285,90.61999999999999,31.395859340515344
2024-06-27,RELIANCE,14.01,236533.0,18.0,0.4420005015873096,50.31,9.958650553699458,51.45,29.529738653273807
2024-06-28,BHARTIARTL,3.66,37599.0,52.0,2.6285616747339033,53.48,10.434167692851656,13.28,107.23957843091115
2024-06-28,HDFCBANK,11.6,,,,0.0,,45.12,18.41028091755319
2024-06-28,HUL,10.89,15210.0,23.0,0.028974188761763442,61.9,20.074973642078955,43.739999999999995,54.87646060170897
2024-06-28,INFY,19.2,37923.0,23.0,0.09486358890553362,14.71,29.788006718416632,63.2,23.806714408005337
2024-06-28,MM,22.15,35452.0,19.0,1.6414413053331318,18.58,18.537543435564285,90.61999999999999,31.153512995544585
2024-06-28,RELIANCE,14.01,236533.0,18.0,0.4420005015873096,50.31,9.958650553699458,51.45,30.202117119169095
2024-07-01,BHARTIARTL,3.66,37599.0,52.0,2.6285616747339033,53.48,10.434167692851656,13.28,107.97848988728352
2024-07-01,HDFCBANK,11.6,,,,0.0,,45.12,18.644261191077266
2024-07-01,HUL,10.89,15210.0,23.0,0.028974188761763442,61.9,20.074973642078955,43.739999999999995,55.587644363354485
2024-07-01,INFY,19.2,37923.0,23.0,0.09486358890553362,14.71,29.788006718416632,63.2,24.172154680083068
2024-07-01,MM,22.15,35452.0,19.0,1.6414413053331318,18.58,18.537543435564285,90.61999999999999,31.253496960177117
2024-07-01,RELIANCE,14.01,236533.0,18.0,0.4420005015873096,50.31,9.958650553699458,51.45,30.100826044703595
2024-07-02,BHARTIARTL,3.66,37599.0,52.0,2.6285616747339033,53.48,10.434167692851656,13.28,105.37557027426111
2024-07-02,HDFCBANK,11.6,,,,0.0,,45.12,18.92197926839193
2024-07-02,HUL,10.89,15210.0,23.0,0.028974188761763442,61.9,20.074973642078955,43.739999999999995,55.14495389124658
2024-07-02,INFY,19.2,37923.0,23.0,0.09486358890553362,14.71,29.788006718416632,63.2,24.631805419921875
2024-07-02,MM,22.15,35452.0,19.0,1.6414413053331318,18.58,18.537543435564285,90.61999999999999,31.137210910774392
2024-07-02,RELIANCE,14.01,236533.0,18.0,0.4420005015873096,50.31,9.958650553699458,51.45,30.197775259657433
2024-07-03,BHARTIARTL,3.66,37599.0,52.0,2.6285616747339033,53.48,10.434167692851656,13.28,105.44240560876318
2024-07-03,HDFCBANK,11.6,,,,0.0,,45.12,19.338009881635084
2024-07-03,HUL,10.89,15210.0,23.0,0.028974188761763442,61.9,20.074973642078955,43.739999999999995,55.704149787808646
2024-07-03,INFY,19.2,37923.0,23.0,0.09486358890553362,14.71,29.788006718416632,63.2,24.72829118559632
2024-07-03,MM,22.15,35452.0,19.0,1.6414413053331318,18.58,18.537543435564285,90.61999999999999,31.276318801209726
2024-07-03,RELIANCE,14.01,236533.0,18.0,0.4420005015873096,50.31,9.958650553699458,51.45,29.951784006013117
2024-07-04,BHARTIARTL,3.66,37599.0,52.0,2.6285616747339033,53.48,10.434167692851656,13.28,105.68004746034921
2024-07-04,HDFCBANK,11.6,,,,0.0,,45.12,18.884259758266154
2024-07-04,HUL,10.89,15210.0,23.0,0.028974188761763442,61.9,20.074973642078955,43.739999999999995,55.384612464992
2024-07-04,INFY,19.2,37923.0,23.0,0.09486358890553362,14.71,29.788006718416632,63.2,25.081574645223494
2024-07-04,MM,22.15,35452.0,19.0,1.6414413053331318,18.58,18.537543435564285,90.61999999999999,31.546376804409903
2024-07-04,RELIANCE,14.01,236533.0,18.0,0.4420005015873096,50.31,9.958650553699458,51.45,29.982653915360785
2024-07-05,BHARTIARTL,3.66,37599.0,52.0,2.6285616747339033,53.48,10.434167692851656,13.28,106.17388989551958
2024-07-05,HDFCBANK,11.6,,,,0.0,,45.12,18.019944048942406
2024-07-05,HUL,10.89,15210.0,23.0,0.028974188761763442,61.9,20.074973642078955,43.739999999999995,56.51739370784752
2024-07-05,INFY,19.2,37923.0,23.0,0.09486358890553362,14.71,29.788006718416632,63.2,25.03294739542128
2024-07-05,MM,22.15,35452.0,19.0,1.6414413053331318,18.58,18.537543435564285,90.61999999999999,31.5343368082377
2024-07-05,RELIANCE,14.01,236533.0,18.0,0.4420005015873096,50.31,9.958650553699458,51.45,30.650208883776724
2024-07-08,BHARTIARTL,3.66,37599.0,52.0,2.6285616747339033,53.48,10.434167692851656,13.28,106.5786338714232
2024-07-08,HDFCBANK,11.6,,,,0.0,,45.12,17.88053850755624
2024-07-08,HUL,10.89,15210.0,23.0,0.028974188761763442,61.9,20.074973642078955,43.739999999999995,57.4083172135774
2024-07-08,INFY,19.2,37923.0,23.0,0.09486358890553362,14.71,29.788006718416632,63.2,25.24871826171875
2024-07-08,MM,22.15,35452.0,19.0,1.6414413053331318,18.58,18.537543435564285,90.61999999999999,31.21413325821425
2024-07-08,RELIANCE,14.01,236533.0,18.0,0.4420005015873096,50.31,9.958650553699458,51.45,30.887037153030853
2024-07-09,BHARTIARTL,3.66,37599.0,52.0,2.6285616747339033,53.48,10.434167692851656,13.28,106.60834254988706
2024-07-09,HDFCBANK,11.6,,,,0.0,,45.12,17.893112128508008
2024-07-09,HUL,10.89,15210.0,23.0,0.028974188761763442,61.9,20.074973642078955,43.739999999999995,57.47487818644262
2024-07-09,INFY,19.2,37923.0,23.0,0.09486358890553362,14.71,29.788006718416632,63.2,25.180341503288172
2024-07-09,MM,22.15,35452.0,19.0,1.6414413053331318,18.58,18.537543435564285,90.61999999999999,32.02586177168396
2024-07-09,RELIANCE,14.01,236533.0,18.0,0.4420005015873096,50.31,9.958650553699458,51.45,30.68204444166059
2024-07-10,BHARTIARTL,3.66,37599.0,52.0,2.6285616747339033,53.48,10.434167692851656,13.28,107.31384093502919
2024-07-10,HDFCBANK,11.6,,,,0.0,,45.12,17.77940033175421
2024-07-10,HUL,10.89,15210.0,23.0,0.028974188761763442,61.9,20.074973642078955,43.739999999999995,57.92533829160952
2024-07-10,INFY,19.2,37923.0,23.0,0.09486358890553362,14.71,29.788006718416632,63.2,25.04510613936412
2024-07-10,MM,22.15,35452.0,19.0,1.6414413053331318,18.58,18.537543435564285,90.61999999999999,29.907590267911335
2024-07-10,RELIANCE,14.01,236533.0,18.0,0.4420005015873096,50.31,9.958650553699458,51.45,30.565317226220845
2024-07-11,BHARTIARTL,3.66,37599.0,52.0,2.6285616747339033,53.48,10.434167692851656,13.28,106.78656704454538
2024-07-11,HDFCBANK,11.6,,,,0.0,,45.12,17.733480575236868
2024-07-11,HUL,10.89,15210.0,23.0,0.028974188761763442,61.9,20.074973642078955,43.739999999999995,57.889839106081396
2024-07-11,INFY,19.2,37923.0,23.0,0.09486358890553362,14.71,29.788006718416632,63.2,25.11272188983386
2024-07-11,MM,22.15,35452.0,19.0,1.6414413053331318,18.58,18.537543435564285,90.61999999999999,29.53593452569797
2024-07-11,RELIANCE,14.01,236533.0,18.0,0.4420005015873096,50.31,9.958650553699458,51.45,30.4963433476069
2024-07-12,BHARTIARTL,3.66,37599.0,52.0,2.6285616747339033,53.48,10.434167692851656,13.28,106.43752684076149
2024-07-12,HDFCBANK,11.6,,,,0.0,,45.12,17.742225971627743
2024-07-12,HUL,10.89,15210.0,23.0,0.028974188761763442,61.9,20.074973642078955,43.739999999999995,58.18717827467707
2024-07-12,INFY,19.2,37923.0,23.0,0.09486358890553362,14.71,29.788006718416632,63.2,26.00998697401602
2024-07-12,MM,22.15,35452.0,19.0,1.6414413053331318,18.58,18.537543435564285,90.61999999999999,29.600523218522405
2024-07-12,RELIANCE,14.01,236533.0,18.0,0.4420005015873096,50.31,9.958650553699458,51.45,30.806487354986636
2024-07-15,BHARTIARTL,3.66,37599.0,52.0,2.6285616747339033,53.48,10.434167692851656,13.28,106.7605719508895
2024-07-15,HDFCBANK,11.6,,,,0.0,,45.12,17.735666586152206
2024-07-15,HUL,10.89,15210.0,23.0,0.028974188761763442,61.9,20.074973642078955,43.739999999999995,58.14390945608997
2024-07-15,INFY,19.2,37923.0,23.0,0.09486358890553362,14.71,29.788006718416632,63.2,25.93857004672666
2024-07-15,MM,22.15,35452.0,19.0,1.6414413053331318,18.58,18.537543435564285,90.61999999999999,29.897190987261368
2024-07-15,RELIANCE,14.01,236533.0,18.0,0.4420005015873096,50.31,9.958650553699458,51.45,30.816134349945333
2024-07-16,BHARTIARTL,3.66,37599.0,52.0,2.6285616747339033,53.48,10.434167692851656,13.28,108.90677578477975
2024-07-16,HDFCBANK,11.6,,,,0.0,,45.12,17.70997148879031
2024-07-16,HUL,10.89,15210.0,23.0,0.028974188761763442,61.9,20.074973642078955,43.739999999999995,59.65614126979025
2024-07-16,INFY,19.2,37923.0,23.0,0.09486358890553362,14.71,29.788006718416632,63.2,26.227274061758305
2024-07-16,MM,22.15,35452.0,19.0,1.6414413053331318,18.58,18.537543435564285,90.61999999999999,30.178531940555345
2024-07-16,RELIANCE,14.01,236533.0,18.0,0.4420005015873096,50.31,9.958650553699458,51.45,30.41145169005102
2024-07-17,BHARTIARTL,3.66,37599.0,52.0,2.6285616747339033,53.48,10.434167692851656,13.28,
2024-07-17,HDFCBANK,11.6,,,,0.0,,45.12,
2024-07-17,HUL,10.89,15210.0,23.0,0.028974188761763442,61.9,20.074973642078955,43.739999999999995,
2024-07-17,INFY,19.2,37923.0,23.0,0.09486358890553362,14.71,29.788006718416632,63.2,
2024-07-17,MM,22.15,35452.0,19.0,1.6414413053331318,18.58,18.537543435564285,90.61999999999999,
2024-07-17,RELIANCE,14.01,236533.0,18.0,0.4420005015873096,50.31,9.958650553699458,51.45,
2024-07-18,BHARTIARTL,3.66,37599.0,52.0,2.6285616747339033,53.48,10.434167692851656,13.28,110.18038830125188
2024-07-18,HDFCBANK,11.6,,,,0.0,,45.12,17.6558514858814
2024-07-18,HUL,10.89,15210.0,23.0,0.028974188761763442,61.9,20.074973642078955,43.739999999999995,60.76452519504459
2024-07-18,INFY,19.2,37923.0,23.0,0.09486358890553362,14.71,29.788006718416632,63.2,26.713513724411587
2024-07-18,MM,22.15,35452.0,19.0,1.6414413053331318,18.58,18.537543435564285,90.61999999999999,30.864916792823056
2024-07-18,RELIANCE,14.01,236533.0,18.0,0.4420005015873096,50.31,9.958650553699458,51.45,30.61258892507896
2024-07-19,BHARTIARTL,3.66,37599.0,52.0,2.6285616747339033,53.48,10.434167692851656,13.28,108.55402199618788
2024-07-19,HDFCBANK,11.6,,,,0.0,,45.12,17.57384631650668
2024-07-19,HUL,10.89,15210.0,23.0,0.028974188761763442,61.9,20.074973642078955,43.739999999999995,60.511554426726114
2024-07-19,INFY,19.2,37923.0,23.0,0.09486358890553362,14.71,29.788006718416632,63.2,27.243816520594343
2024-07-19,MM,22.15,35452.0,19.0,1.6414413053331318,18.58,18.537543435564285,90.61999999999999,30.096975716763687
2024-07-19,RELIANCE,14.01,236533.0,18.0,0.4420005015873096,50.31,9.958650553699458,51.45,30.00435846771744
2024-07-22,BHARTIARTL,3.66,37599.0,52.0,2.6285616747339033,53.48,10.434167692851656,13.28,108.82509530308735
2024-07-22,HDFCBANK,11.6,,,,0.0,,45.12,17.959261955098903
2024-07-22,HUL,10.89,15210.0,23.0,0.028974188761763442,61.9,20.074973642078955,43.739999999999995,60.695731569001495
2024-07-22,INFY,19.2,37923.0,23.0,0.09486358890553362,14.71,29.788006718416632,63.2,27.515807332871834
2024-07-22,MM,22.15,35452.0,19.0,1.6414413053331318,18.58,18.537543435564285,90.61999999999999,30.703994660050213
2024-07-22,RELIANCE,14.01,236533.0,18.0,0.4420005015873096,50.31,9.958650553699458,51.45,28.953343753796158
2024-07-23,BHARTIARTL,3.66,37599.0,52.0,2.6285616747339033,53.48,10.434167692851656,13.28,108.84735842785204
2024-07-23,HDFCBANK,11.6,,,,0.0,,45.12,17.695211856923205
2024-07-23,HUL,10.89,15210.0,23.0,0.028974188761763442,61.9,20.074973642078955,43.739999999999995,61.38472833969194
2024-07-23,INFY,19.2,37923.0,23.0,0.09486358890553362,14.71,29.788006718416632,63.2,27.911635773091376
2024-07-23,MM,22.15,35452.0,19.0,1.6414413053331318,18.58,18.537543435564285,90.61999999999999,30.88571804823715
2024-07-23,RELIANCE,14.01,236533.0,18.0,0.4420005015873096,50.31,9.958650553699458,51.45,28.706866116982507
2024-07-24,BHARTIARTL,3.66,37599.0,52.0,2.6285616747339033,53.48,10.434167692851656,13.28,108.06760673063347
2024-07-24,HDFCBANK,11.6,,,,0.0,,45.12,17.538312817296237
2024-07-24,HUL,10.89,15210.0,23.0,0.028974188761763442,61.9,20.074973642078955,43.739999999999995,60.29077293559957
2024-07-24,INFY,19.2,37923.0,23.0,0.09486358890553362,14.71,29.788006718416632,63.2,27.86680970010878
2024-07-24,MM,22.15,35452.0,19.0,1.6414413053331318,18.58,18.537543435564285,90.61999999999999,30.712206320003865
2024-07-24,RELIANCE,14.01,236533.0,18.0,0.4420005015873096,50.31,9.958650553699458,51.45,28.857355442176868
2024-07-25,BHARTIARTL,3.66,37599.0,52.0,2.6285616747339033,53.48,10.434167692851656,13.28,107.61830892907568
2024-07-25,HDFCBANK,11.6,,,,0.0,,45.12,17.675529642308014
2024-07-25,HUL,10.89,15210.0,23.0,0.028974188761763442,61.9,20.074973642078955,43.739999999999995,60.07220177111912
2024-07-25,INFY,19.2,37923.0,23.0,0.09486358890553362,14.71,29.788006718416632,63.2,27.728536098818235
2024-07-25,MM,22.15,35452.0,19.0,1.6414413053331318,18.58,18.537543435564285,90.61999999999999,30.77679231871414
2024-07-25,RELIANCE,14.01,236533.0,18.0,0.4420005015873096,50.31,9.958650553699458,51.45,28.793689071610785
2024-07-26,BHARTIARTL,3.66,37599.0,52.0,2.6285616747339033,53.48,10.434167692851656,13.28,112.46397638895426
2024-07-26,HDFCBANK,11.6,,,,0.0,,45.12,17.69247799054951
2024-07-26,HUL,10.89,15210.0,23.0,0.028974188761763442,61.9,20.074973642078955,43.739999999999995,60.15763424497029
2024-07-26,INFY,19.2,37923.0,23.0,0.09486358890553362,14.71,29.788006718416632,63.2,28.549825933915148
2024-07-26,MM,22.15,35452.0,19.0,1.6414413053331318,18.58,18.537543435564285,90.61999999999999,31.613155812044806
2024-07-26,RELIANCE,14.01,236533.0,18.0,0.4420005015873096,50.31,9.958650553699458,51.45,29.114443349884596
2024-07-29,BHARTIARTL,3.66,37599.0,52.0,2.6285616747339033,53.48,10.434167692851656,13.28,110.00958178416792
2024-07-29,HDFCBANK,11.6,,,,0.0,,45.12,17.549246930061503
2024-07-29,HUL,10.89,15210.0,23.0,0.028974188761763442,61.9,20.074973642078955,43.739999999999995,60.16983569458734
2024-07-29,INFY,19.2,37923.0,23.0,0.09486358890553362,14.71,29.788006718416632,63.2,28.431303772745252
2024-07-29,MM,22.15,35452.0,19.0,1.6414413053331318,18.58,18.537543435564285,90.61999999999999,32.1079649006497
2024-07-29,RELIANCE,14.01,236533.0,18.0,0.4420005015873096,50.31,9.958650553699458,51.45,29.328117407677354
2024-07-30,BHARTIARTL,3.66,37599.0,52.0,2.6285616747339033,53.48,10.434167692851656,13.28,109.19268504682795
2024-07-30,HDFCBANK,11.6,,,,0.0,,45.12,17.664051732272966
2024-07-30,HUL,10.89,15210.0,23.0,0.028974188761763442,61.9,20.074973642078955,43.739999999999995,59.721597079332426
2024-07-30,INFY,19.2,37923.0,23.0,0.09486358890553362,14.71,29.788006718416632,63.2,28.523235079608384
2024-07-30,MM,22.15,35452.0,19.0,1.6414413053331318,18.58,18.537543435564285,90.61999999999999,31.988642584590878
2024-07-30,RELIANCE,14.01,236533.0,18.0,0.4420005015873096,50.31,9.958650553699458,51.45,29.19402987199344
2024-07-31,BHARTIARTL,3.66,37599.0,52.0,2.6285616747339033,53.48,10.434167692851656,13.28,110.7670795486634
2024-07-31,HDFCBANK,11.6,,,,0.0,,45.12,17.666237743188304
2024-07-31,HUL,10.89,15210.0,23.0,0.028974188761763442,61.9,20.074973642078955,43.739999999999995,60.0378021672811
2024-07-31,INFY,19.2,37923.0,23.0,0.09486358890553362,14.71,29.788006718416632,63.2,28.38799585269976
2024-07-31,MM,22.15,35452.0,19.0,1.6414413053331318,18.58,18.537543435564285,90.61999999999999,31.83209838732482
2024-07-31,RELIANCE,14.01,236533.0,18.0,0.4420005015873096,50.31,9.958650553699458,51.45,29.044985460702136
2024-08-01,BHARTIARTL,3.66,37599.0,52.0,2.6285616747339033,53.48,10.434167692851656,13.28,111.8030318294663
2024-08-01,HDFCBANK,11.6,,,,0.0,,45.12,17.91826072314107
2024-08-01,HUL,10.89,15210.0,23.0,0.028974188761763442,61.9,20.074973642078955,43.739999999999995,60.25748965835049
2024-08-01,INFY,19.2,37923.0,23.0,0.09486358890553362,14.71,29.788006718416632,63.2,28.150198248368273
2024-08-01,MM,22.15,35452.0,19.0,1.6414413053331318,18.58,18.537543435564285,90.61999999999999,30.96289364240786
2024-08-01,RELIANCE,14.01,236533.0,18.0,0.4420005015873096,50.31,9.958650553699458,51.45,29.235512424836003
2024-08-02,BHARTIARTL,3.66,37599.0,52.0,2.6285616747339033,53.48,10.434167692851656,13.28,110.93416328889778
2024-08-02,HDFCBANK,11.6,,,,0.0,,45.12,18.1407630866301
2024-08-02,HUL,10.89,15210.0,23.0,0.028974188761763442,61.9,20.074973642078955,43.739999999999995,59.74712188678841
2024-08-02,INFY,19.2,37923.0,23.0,0.09486358890553362,14.71,29.788006718416632,63.2,27.673075229306765
2024-08-02,MM,22.15,35452.0,19.0,1.6414413053331318,18.58,18.537543435564285,90.61999999999999,30.100806747096396
2024-08-02,RELIANCE,14.01,236533.0,18.0,0.4420005015873096,50.31,9.958650553699458,51.45,28.927294969327015
2024-08-05,BHARTIARTL,3.66,37599.0,52.0,2.6285616747339033,53.48,10.434167692851656,13.28,108.84735842785204
2024-08-05,HDFCBANK,11.6,,,,0.0,,45.12,17.666237743188304
2024-08-05,HUL,10.89,15210.0,23.0,0.028974188761763442,61.9,20.074973642078955,43.739999999999995,60.26524812814358
2024-08-05,INFY,19.2,37923.0,23.0,0.09486358890553362,14.71,29.788006718416632,63.2,26.62006426461135
2024-08-05,MM,22.15,35452.0,19.0,1.6414413053331318,18.58,18.537543435564285,90.61999999999999,29.326844325893845
2024-08-05,RELIANCE,14.01,236533.0,18.0,0.4420005015873096,50.31,9.958650553699458,51.45,27.92403121963071
2024-08-06,BHARTIARTL,3.66,37599.0,52.0,2.6285616747339033,53.48,10.434167692851656,13.28,107.20244258283132
2024-08-06,HDFCBANK,11.6,,,,0.0,,45.12,17.507149987186946
2024-08-06,HUL,10.89,15210.0,23.0,0.028974188761763442,61.9,20.074973642078955,43.739999999999995,61.02303852487712
2024-08-06,INFY,19.2,37923.0,23.0,0.09486358890553362,14.71,29.788006718416632,63.2,26.607909383653084
2024-08-06,MM,22.15,35452.0,19.0,1.6414413053331318,18.58,18.537543435564285,90.61999999999999,28.823276672161224
2024-08-06,RELIANCE,14.01,236533.0,18.0,0.4420005015873096,50.31,9.958650553699458,51.45,28.09236724823858
2024-08-07,BHARTIARTL,3.66,37599.0,52.0,2.6285616747339033,53.48,10.434167692851656,13.28,107.66543652637895
2024-08-07,HDFCBANK,11.6,,,,0.0,,45.12,17.75097407347767
2024-08-07,HUL,10.89,15210.0,23.0,0.028974188761763442,61.9,20.074973642078955,43.739999999999995,60.88988867098195
2024-08-07,INFY,19.2,37923.0,23.0,0.09486358890553362,14.71,29.788006718416632,63.2,27.224065080473693
2024-08-07,MM,22.15,35452.0,19.0,1.6414413053331318,18.58,18.537543435564285,90.61999999999999,29.347645581307937
2024-08-07,RELIANCE,14.01,236533.0,18.0,0.4420005015873096,50.31,9.958650553699458,51.45,28.261666552781826
2024-08-08,BHARTIARTL,3.66,37599.0,52.0,2.6285616747339033,53.48,10.434167692851656,13.28,108.41594833925546
2024-08-08,HDFCBANK,11.6,,,,0.0,,45.12,17.960901463285406
2024-08-08,HUL,10.89,15210.0,23.0,0.028974188761763442,61.9,20.074973642078955,43.739999999999995,60.649136097179365
2024-08-08,INFY,19.2,37923.0,23.0,0.09486358890553362,14.71,29.788006718416632,63.2,26.48710999307753
2024-08-08,MM,22.15,35452.0,19.0,1.6414413053331318,18.58,18.537543435564285,90.61999999999999,29.370631763304186
2024-08-08,RELIANCE,14.01,236533.0,18.0,0.4420005015873096,50.31,9.958650553699458,51.45,27.958758977921523
2024-08-09,BHARTIARTL,3.66,37599.0,52.0,2.6285616747339033,53.48,10.434167692851656,13.28,109.33446309652673
2024-08-09,HDFCBANK,11.6,,,,0.0,,45.12,18.042905279930604
2024-08-09,HUL,10.89,15210.0,23.0,0.028974188761763442,61.9,20.074973642078955,43.739999999999995,60.95979304198103
2024-08-09,INFY,19.2,37923.0,23.0,0.09486358890553362,14.71,29.788006718416632,63.2,26.906489118745053
2024-08-09,MM,22.15,35452.0,19.0,1.6414413053331318,18.58,18.537543435564285,90.61999999999999,30.095332307127293
2024-08-09,RELIANCE,14.01,236533.0,18.0,0.4420005015873096,50.31,9.958650553699458,51.45,28.44447544642857
2024-08-12,BHARTIARTL,3.66,37599.0,52.0,2.6285616747339033,53.48,10.434167692851656,13.28,108.92374429358058
2024-08-12,HDFCBANK,11.6,,,,0.0,,45.12,18.151147991207477
2024-08-12,HUL,10.89,15210.0,23.0,0.028974188761763442,61.9,20.074973642078955,43.739999999999995,60.99307631923012
2024-08-12,INFY,19.2,37923.0,23.0,0.09486358890553362,14.71,29.788006718416632,63.2,27.311436134048655
2024-08-12,MM,22.15,35452.0,19.0,1.6414413053331318,18.58,18.537543435564285,90.61999999999999,29.7504991654712
2024-08-12,RELIANCE,14.01,236533.0,18.0,0.4420005015873096,50.31,9.958650553699458,51.45,28.18063511676992
2024-08-13,BHARTIARTL,3.66,37599.0,52.0,2.6285616747339033,53.48,10.434167692851656,13.28,109.00588437735317
2024-08-13,HDFCBANK,11.6,,,,0.0,,45.12,17.529018212717478
2024-08-13,HUL,10.89,15210.0,23.0,0.028974188761763442,61.9,20.074973642078955,43.739999999999995,60.83108616790982
2024-08-13,INFY,19.2,37923.0,23.0,0.09486358890553362,14.71,29.788006718416632,63.2,27.31219327902492
2024-08-13,MM,22.15,35452.0,19.0,1.6414413053331318,18.58,18.537543435564285,90.61999999999999,29.754879795092148
2024-08-13,RELIANCE,14.01,236533.0,18.0,0.4420005015873096,50.31,9.958650553699458,51.45,28.23851708652211
2024-08-14,BHARTIARTL,7.31,38506.0,51.0,2.6285616747339033,53.17,10.434167692851656,17.7,82.457551255738
2024-08-14,HDFCBANK,10.83,,,,0.0,,44.89,17.669382688063877
2024-08-14,HUL,11.11,15707.0,24.0,0.028974188761763442,61.9,20.074973642078955,43.980000000000004,60.07210530709981
2024-08-14,INFY,15.34,39315.0,24.0,0.09486358890553362,14.61,29.788006718416632,64.22,27.264200909714653
2024-08-14,MM,26.4,37218.0,19.0,1.6414413053331318,18.55,18.537543435564285,88.81,30.665131869475566
2024-08-14,RELIANCE,11.19,231784.0,17.0,0.4420005015873096,50.33,9.958650553699458,50.81,28.5595280287468
2024-08-15,BHARTIARTL,7.31,38506.0,51.0,2.6285616747339033,53.17,10.434167692851656,17.7,
2024-08-15,HDFCBANK,10.83,,,,0.0,,44.89,
2024-08-15,HUL,11.11,15707.0,24.0,0.028974188761763442,61.9,20.074973642078955,43.980000000000004,
2024-08-15,INFY,15.34,39315.0,24.0,0.09486358890553362,14.61,29.788006718416632,64.22,
2024-08-15,MM,26.4,37218.0,19.0,1.6414413053331318,18.55,18.537543435564285,88.81,
2024-08-15,RELIANCE,11.19,231784.0,17.0,0.4420005015873096,50.33,9.958650553699458,50.81,
2024-08-16,BHARTIARTL,7.31,38506.0,51.0,2.6285616747339033,53.17,10.434167692851656,17.7,83.12149651306497
2024-08-16,HDFCBANK,10.83,,,,0.0,,44.89,17.93643495079987
2024-08-16,HUL,11.11,15707.0,24.0,0.028974188761763442,61.9,20.074973642078955,43.980000000000004,60.65030447078217
2024-08-16,INFY,15.34,39315.0,24.0,0.09486358890553362,14.61,29.788006718416632,64.22,27.7980446852616
2024-08-16,MM,26.4,37218.0,19.0,1.6414413053331318,18.55,18.537543435564285,88.81,31.72853871678302
2024-08-16,RELIANCE,11.19,231784.0,17.0,0.4420005015873096,50.33,9.958650553699458,50.81,28.878952954327396
2024-08-19,BHARTIARTL,7.31,38506.0,51.0,2.6285616747339033,53.17,10.434167692851656,17.7,82.34270171257063
2024-08-19,HDFCBANK,10.83,,,,0.0,,44.89,17.93039126023335
2024-08-19,HUL,11.11,15707.0,24.0,0.028974188761763442,61.9,20.074973642078955,43.980000000000004,60.52451487181673
2024-08-19,INFY,15.34,39315.0,24.0,0.09486358890553362,14.61,29.788006718416632,64.22,27.88552587480049
2024-08-19,MM,26.4,37218.0,19.0,1.6414413053331318,18.55,18.537543435564285,88.81,30.887417771260274
2024-08-19,RELIANCE,11.19,231784.0,17.0,0.4420005015873096,50.33,9.958650553699458,50.81,29.17691647267393
2024-08-20,BHARTIARTL,7.31,38506.0,51.0,2.6285616747339033,53.17,10.434167692851656,17.7,81.19410972810735
2024-08-20,HDFCBANK,10.83,,,,0.0,,44.89,17.9979772603865
2024-08-20,HUL,11.11,15707.0,24.0,0.028974188761763442,61.9,20.074973642078955,43.980000000000004,60.71210013784674
2024-08-20,INFY,15.34,39315.0,24.0,0.09486358890553362,14.61,29.788006718416632,64.22,27.99617989491689
2024-08-20,MM,26.4,37218.0,19.0,1.6414413053331318,18.55,18.537543435564285,88.81,30.956115825744565
2024-08-20,RELIANCE,11.19,231784.0,17.0,0.4420005015873096,50.33,9.958650553699458,50.81,29.324916816325526
2024-08-21,BHARTIARTL,7.31,38506.0,51.0,2.6285616747339033,53.17,10.434167692851656,17.7,81.99531856903249
2024-08-21,HDFCBANK,10.83,,,,0.0,,44.89,17.867199682557363
2024-08-21,HUL,11.11,15707.0,24.0,0.028974188761763442,61.9,20.074973642078955,43.980000000000004,61.59815629973851
2024-08-21,INFY,15.34,39315.0,24.0,0.09486358890553362,14.61,29.788006718416632,64.22,28.003657699485167
2024-08-21,MM,26.4,37218.0,19.0,1.6414413053331318,18.55,18.537543435564285,88.81,30.934890628518747
2024-08-21,RELIANCE,11.19,231784.0,17.0,0.4420005015873096,50.33,9.958650553699458,50.81,29.378336092027897
2024-08-22,BHARTIARTL,7.31,38506.0,51.0,2.6285616747339033,53.17,10.434167692851656,17.7,83.27837410619703
2024-08-22,HDFCBANK,10.83,,,,0.0,,44.89,17.92764474618512
2024-08-22,HUL,11.11,15707.0,24.0,0.028974188761763442,61.9,20.074973642078955,43.980000000000004,61.633467316464866
2024-08-22,INFY,15.34,39315.0,24.0,0.09486358890553362,14.61,29.788006718416632,64.22,28.116558482438297
2024-08-22,MM,26.4,37218.0,19.0,1.6414413053331318,18.55,18.537543435564285,88.81,30.52773576050698
2024-08-22,RELIANCE,11.19,231784.0,17.0,0.4420005015873096,50.33,9.958650553699458,50.81,29.367553734962357
2024-08-23,BHARTIARTL,7.31,38506.0,51.0,2.6285616747339033,53.17,10.434167692851656,17.7,84.42136602886653
2024-08-23,HDFCBANK,10.83,,,,0.0,,44.89,17.858957421091837
2024-08-23,HUL,11.11,15707.0,24.0,0.028974188761763442,61.9,20.074973642078955,43.980000000000004,62.136636814674276
2024-08-23,INFY,15.34,39315.0,24.0,0.09486358890553362,14.61,29.788006718416632,64.22,27.845150672249687
2024-08-23,MM,26.4,37218.0,19.0,1.6414413053331318,18.55,18.537543435564285,88.81,30.81872246579777
2024-08-23,RELIANCE,11.19,231784.0,17.0,0.4420005015873096,50.33,9.958650553699458,50.81,29.40381926078774
2024-08-26,BHARTIARTL,7.31,38506.0,51.0,2.6285616747339033,53.17,10.434167692851656,17.7,84.80236333642303
2024-08-26,HDFCBANK,10.83,,,,0.0,,44.89,18.0227054044435
2024-08-26,HUL,11.11,15707.0,24.0,0.028974188761763442,61.9,20.074973642078955,43.980000000000004,62.259112362863796
2024-08-26,INFY,15.34,39315.0,24.0,0.09486358890553362,14.61,29.788006718416632,64.22,28.055249608888392
2024-08-26,MM,26.4,37218.0,19.0,1.6414413053331318,18.55,18.537543435564285,88.81,31.199629673776883
2024-08-26,RELIANCE,11.19,231784.0,17.0,0.4420005015873096,50.33,9.958650553699458,50.81,29.651306548753936
2024-08-27,BHARTIARTL,7.31,38506.0,51.0,2.6285616747339033,53.17,10.434167692851656,17.7,85.31782419668079
2024-08-27,HDFCBANK,10.83,,,,0.0,,44.89,17.998527922856567
2024-08-27,HUL,11.11,15707.0,24.0,0.028974188761763442,61.9,20.074973642078955,43.980000000000004,61.061879600812865
2024-08-27,INFY,15.34,39315.0,24.0,0.09486358890553362,14.61,29.788006718416632,64.22,28.41338778685573
2024-08-27,MM,26.4,37218.0,19.0,1.6414413053331318,18.55,18.537543435564285,88.81,31.0622335648083
2024-08-27,RELIANCE,11.19,231784.0,17.0,0.4420005015873096,50.33,9.958650553699458,50.81,29.413131296435246
2024-08-28,BHARTIARTL,7.31,38506.0,51.0,2.6285616747339033,53.17,10.434167692851656,17.7,87.20038979740467
2024-08-28,HDFCBANK,10.83,,,,0.0,,44.89,17.991384267010332
2024-08-28,HUL,11.11,15707.0,24.0,0.028974188761763442,61.9,20.074973642078955,43.980000000000004,61.00561845405581
2024-08-28,INFY,15.34,39315.0,24.0,0.09486358890553362,14.61,29.788006718416632,64.22,28.99657860978375
2024-08-28,MM,26.4,37218.0,19.0,1.6414413053331318,18.55,18.537543435564285,88.81,31.254362697577694
2024-08-28,RELIANCE,11.19,231784.0,17.0,0.4420005015873096,50.33,9.958650553699458,50.81,29.370986887423733
2024-08-29,BHARTIARTL,7.31,38506.0,51.0,2.6285616747339033,53.17,10.434167692851656,17.7,87.73547156382416
2024-08-29,HDFCBANK,10.83,,,,0.0,,44.89,18.00731948713174
2024-08-29,HUL,11.11,15707.0,24.0,0.028974188761763442,61.9,20.074973642078955,43.980000000000004,61.46684883398704
2024-08-29,INFY,15.34,39315.0,24.0,0.09486358890553362,14.61,29.788006718416632,64.22,28.9105971629506
2024-08-29,MM,26.4,37218.0,19.0,1.6414413053331318,18.55,18.537543435564285,88.81,30.803083280845343
2024-08-29,RELIANCE,11.19,231784.0,17.0,0.4420005015873096,50.33,9.958650553699458,50.81,29.81450021372515
2024-08-30,BHARTIARTL,7.31,38506.0,51.0,2.6285616747339033,53.17,10.434167692851656,17.7,89.032534152101
2024-08-30,HDFCBANK,10.83,,,,0.0,,44.89,17.989187055771747
2024-08-30,HUL,11.11,15707.0,24.0,0.028974188761763442,61.9,20.074973642078955,43.980000000000004,61.30685290188722
2024-08-30,INFY,15.34,39315.0,24.0,0.09486358890553362,14.61,29.788006718416632,64.22,29.06536528790194
2024-08-30,MM,26.4,37218.0,19.0,1.6414413053331318,18.55,18.537543435564285,88.81,31.33702028470189
2024-08-30,RELIANCE,11.19,231784.0,17.0,0.4420005015873096,50.33,9.958650553699458,50.81,29.592988604144114
2024-09-02,BHARTIARTL,7.31,38506.0,51.0,2.6285616747339033,53.17,10.434167692851656,17.7,88.04081976076978
2024-09-02,HDFCBANK,10.83,,,,0.0,,44.89,17.879836366500054
2024-09-02,HUL,11.11,15707.0,24.0,0.028974188761763442,61.9,20.074973642078955,43.980000000000004,61.55071041702194
2024-09-02,INFY,15.34,39315.0,24.0,0.09486358890553362,14.61,29.788006718416632,64.22,29.37640318132494
2024-09-02,MM,26.4,37218.0,19.0,1.6414413053331318,18.55,18.537543435564285,88.81,31.019785919378446
2024-09-02,RELIANCE,11.19,231784.0,17.0,0.4420005015873096,50.33,9.958650553699458,50.81,29.72285738612601
2024-09-03,BHARTIARTL,7.31,38506.0,51.0,2.6285616747339033,53.17,10.434167692851656,17.7,87.43851656294139
2024-09-03,HDFCBANK,10.83,,,,0.0,,44.89,17.99413078105856
2024-09-03,HUL,11.11,15707.0,24.0,0.028974188761763442,61.9,20.074973642078955,43.980000000000004,61.6665745171811
2024-09-03,INFY,15.34,39315.0,24.0,0.09486358890553362,14.61,29.788006718416632,64.22,29.02872898763528
2024-09-03,MM,26.4,37218.0,19.0,1.6414413053331318,18.55,18.537543435564285,88.81,31.107474216374843
2024-09-03,RELIANCE,11.19,231784.0,17.0,0.4420005015873096,50.33,9.958650553699458,50.81,29.58318646135726
2024-09-04,BHARTIARTL,7.31,38506.0,51.0,2.6285616747339033,53.17,10.434167692851656,17.7,87.51135184939972
2024-09-04,HDFCBANK,10.83,,,,0.0,,44.89,18.043037766362914
2024-09-04,HUL,11.11,15707.0,24.0,0.028974188761763442,61.9,20.074973642078955,43.980000000000004,62.702695561192584
2024-09-04,INFY,15.34,39315.0,24.0,0.09486358890553362,14.61,29.788006718416632,64.22,28.74760041167082
2024-09-04,MM,26.4,37218.0,19.0,1.6414413053331318,18.55,18.537543435564285,88.81,30.71372357860179
2024-09-04,RELIANCE,11.19,231784.0,17.0,0.4420005015873096,50.33,9.958650553699458,50.81,29.689532503136686
2024-09-05,BHARTIARTL,7.31,38506.0,51.0,2.6285616747339033,53.17,10.434167692851656,17.7,86.68772896804379
2024-09-05,HDFCBANK,10.83,,,,0.0,,44.89,18.083147748750417
2024-09-05,HUL,11.11,15707.0,24.0,0.028974188761763442,61.9,20.074973642078955,43.980000000000004,62.64090544530183
2024-09-05,INFY,15.34,39315.0,24.0,0.09486358890553362,14.61,29.788006718416632,64.22,28.907605280797455
2024-09-05,MM,26.4,37218.0,19.0,1.6414413053331318,18.55,18.537543435564285,88.81,30.41771166148238
2024-09-05,RELIANCE,11.19,231784.0,17.0,0.4420005015873096,50.33,9.958650553699458,50.81,29.266598871715704
2024-09-06,BHARTIARTL,7.31,38506.0,51.0,2.6285616747339033,53.17,10.434167692851656,17.7,86.24230336334746
2024-09-06,HDFCBANK,10.83,,,,0.0,,44.89,17.989734998920973
2024-09-06,HUL,11.11,15707.0,24.0,0.028974188761763442,61.9,20.074973642078955,43.980000000000004,62.651935627700084
2024-09-06,INFY,15.34,39315.0,24.0,0.09486358890553362,14.61,29.788006718416632,64.22,28.43955630121555
2024-09-06,MM,26.4,37218.0,19.0,1.6414413053331318,18.55,18.537543435564285,88.81,30.138455032161357
2024-09-06,RELIANCE,11.19,231784.0,17.0,0.4420005015873096,50.33,9.958650553699458,50.81,28.714776672591515
2024-09-09,BHARTIARTL,7.31,38506.0,51.0,2.6285616747339033,53.17,10.434167692851656,17.7,86.43280201712571
2024-09-09,HDFCBANK,10.83,,,,0.0,,44.89,18.094688546394657
2024-09-09,HUL,11.11,15707.0,24.0,0.028974188761763442,61.9,20.074973642078955,43.980000000000004,64.480331302936
2024-09-09,INFY,15.34,39315.0,24.0,0.09486358890553362,14.61,29.788006718416632,64.22,28.33189036162313
2024-09-09,MM,26.4,37218.0,19.0,1.6414413053331318,18.55,18.537543435564285,88.81,30.25853505288678
2024-09-09,RELIANCE,11.19,231784.0,17.0,0.4420005015873096,50.33,9.958650553699458,50.81,28.668221299325918
2024-09-10,BHARTIARTL,7.31,38506.0,51.0,2.6285616747339033,53.17,10.434167692851656,17.7,88.4050099863171
2024-09-10,HDFCBANK,10.83,,,,0.0,,44.89,18.136999819002003
2024-09-10,HUL,11.11,15707.0,24.0,0.028974188761763442,61.9,20.074973642078955,43.980000000000004,63.96833543833844
2024-09-10,INFY,15.34,39315.0,24.0,0.09486358890553362,14.61,29.788006718416632,64.22,28.595824168872625
2024-09-10,MM,26.4,37218.0,19.0,1.6414413053331318,18.55,18.537543435564285,88.81,30.04797372902826
2024-09-10,RELIANCE,11.19,231784.0,17.0,0.4420005015873096,50.33,9.958650553699458,50.81,28.650089737656216
2024-09-11,BHARTIARTL,7.31,38506.0,51.0,2.6285616747339033,53.17,10.434167692851656,17.7,88.4022099554202
2024-09-11,HDFCBANK,10.83,,,,0.0,,44.89,18.066115282670136
2024-09-11,HUL,11.11,15707.0,24.0,0.028974188761763442,61.9,20.074973642078955,43.980000000000004,64.09081653770178
2024-09-11,INFY,15.34,39315.0,24.0,0.09486358890553362,14.61,29.788006718416632,64.22,28.563669989391933
2024-09-11,MM,26.4,37218.0,19.0,1.6414413053331318,18.55,18.537543435564285,88.81,29.648637078981814
2024-09-11,RELIANCE,11.19,231784.0,17.0,0.4420005015873096,50.33,9.958650553699458,50.81,28.45357118969568
2024-09-12,BHARTIARTL,7.31,38506.0,51.0,2.6285616747339033,53.17,10.434167692851656,17.7,92.26539051465396
2024-09-12,HDFCBANK,10.83,,,,0.0,,44.89,18.315583057195365
2024-09-12,HUL,11.11,15707.0,24.0,0.028974188761763442,61.9,20.074973642078955,43.980000000000004,65.24390081429058
2024-09-12,INFY,15.34,39315.0,24.0,0.09486358890553362,14.61,29.788006718416632,64.22,29.166304244686234
2024-09-12,MM,26.4,37218.0,19.0,1.6414413053331318,18.55,18.537543435564285,88.81,30.61654016034934
2024-09-12,RELIANCE,11.19,231784.0,17.0,0.4420005015873096,50.33,9.958650553699458,50.81,29.008331629169945
2024-09-13,BHARTIARTL,7.31,38506.0,51.0,2.6285616747339033,53.17,10.434167692851656,17.7,91.57623808262713
2024-09-13,HDFCBANK,10.83,,,,0.0,,44.89,18.30843940134913
2024-09-13,HUL,11.11,15707.0,24.0,0.028974188761763442,61.9,20.074973642078955,43.980000000000004,64.72639818525465
2024-09-13,INFY,15.34,39315.0,24.0,0.09486358890553362,14.61,29.788006718416632,64.22,29.07134715139365
2024-09-13,MM,26.4,37218.0,19.0,1.6414413053331318,18.55,18.537543435564285,88.81,30.596433814991272
2024-09-13,RELIANCE,11.19,231784.0,17.0,0.4420005015873096,50.33,9.958650553699458,50.81,28.867680490122513
2024-09-16,BHARTIARTL,7.31,38506.0,51.0,2.6285616747339033,53.17,10.434167692851656,17.7,91.63226628707628
2024-09-16,HDFCBANK,10.83,,,,0.0,,44.89,18.36338735789917
2024-09-16,HUL,11.11,15707.0,24.0,0.028974188761763442,61.9,20.074973642078955,43.980000000000004,63.27317304207878
2024-09-16,INFY,15.34,39315.0,24.0,0.09486358890553362,14.61,29.788006718416632,64.22,29.16331236253309
2024-09-16,MM,26.4,37218.0,19.0,1.6414413053331318,18.55,18.537543435564285,88.81,30.80084832613163
2024-09-16,RELIANCE,11.19,231784.0,17.0,0.4420005015873096,50.33,9.958650553699458,50.81,28.842687428502018
2024-09-17,BHARTIARTL,7.31,38506.0,51.0,2.6285616747339033,53.17,10.434167692851656,17.7,93.10582737464689
2024-09-17,HDFCBANK,10.83,,,,0.0,,44.89,18.3397605387823
2024-09-17,HUL,11.11,15707.0,24.0,0.028974188761763442,61.9,20.074973642078955,43.980000000000004,63.41440600663653
2024-09-17,INFY,15.34,39315.0,24.0,0.09486358890553362,14.61,29.788006718416632,64.22,29.197705701592184
2024-09-17,MM,26.4,37218.0,19.0,1.6414413053331318,18.55,18.537543435564285,88.81,31.138747088236123
2024-09-17,RELIANCE,11.19,231784.0,17.0,0.4420005015873096,50.33,9.958650553699458,50.81,28.861311499797036
2024-09-18,BHARTIARTL,7.31,38506.0,51.0,2.6285616747339033,53.17,10.434167692851656,17.7,92.7220300361935
2024-09-18,HDFCBANK,10.83,,,,0.0,,44.89,18.62549589534835
2024-09-18,HUL,11.11,15707.0,24.0,0.028974188761763442,61.9,20.074973642078955,43.980000000000004,63.46627617489483
2024-09-18,INFY,15.34,39315.0,24.0,0.09486358890553362,14.61,29.788006718416632,64.22,28.294507041225476
2024-09-18,MM,26.4,37218.0,19.0,1.6414413053331318,18.55,18.537543435564285,88.81,31.368298654606743
2024-09-18,RELIANCE,11.19,231784.0,17.0,0.4420005015873096,50.33,9.958650553699458,50.81,28.68782318241365
2024-09-19,BHARTIARTL,7.31,38506.0,51.0,2.6285616747339033,53.17,10.434167692851656,17.7,93.27951204978814
2024-09-19,HDFCBANK,10.83,,,,0.0,,44.89,18.776055172626837
2024-09-19,HUL,11.11,15707.0,24.0,0.028974188761763442,61.9,20.074973642078955,43.980000000000004,64.25853970377159
2024-09-19,INFY,15.34,39315.0,24.0,0.09486358890553362,14.61,29.788006718416632,64.22,28.325159577185847
2024-09-19,MM,26.4,37218.0,19.0,1.6414413053331318,18.55,18.537543435564285,88.81,31.2487766853043
2024-09-19,RELIANCE,11.19,231784.0,17.0,0.4420005015873096,50.33,9.958650553699458,50.81,28.809852652652037
2024-09-20,BHARTIARTL,7.31,38506.0,51.0,2.6285616747339033,53.17,10.434167692851656,17.7,95.90726518361582
2024-09-20,HDFCBANK,10.83,,,,0.0,,44.89,19.135420219912564
2024-09-20,HUL,11.11,15707.0,24.0,0.028974188761763442,61.9,20.074973642078955,43.980000000000004,65.71175929577365
2024-09-20,INFY,15.34,39315.0,24.0,0.09486358890553362,14.61,29.788006718416632,64.22,28.497877094241474
2024-09-20,MM,26.4,37218.0,19.0,1.6414413053331318,18.55,18.537543435564285,88.81,32.96173614580987
2024-09-20,RELIANCE,11.19,231784.0,17.0,0.4420005015873096,50.33,9.958650553699458,50.81,29.12840067085096
2024-09-23,BHARTIARTL,7.31,38506.0,51.0,2.6285616747339033,53.17,10.434167692851656,17.7,98.07557876500707
2024-09-23,HDFCBANK,10.83,,,,0.0,,44.89,19.339831567442637
2024-09-23,HUL,11.11,15707.0,24.0,0.028974188761763442,61.9,20.074973642078955,43.980000000000004,66.83616065718792
2024-09-23,INFY,15.34,39315.0,24.0,0.09486358890553362,14.61,29.788006718416632,64.22,28.358805896113946
2024-09-23,MM,26.4,37218.0,19.0,1.6414413053331318,18.55,18.537543435564285,88.81,34.06702983810241
2024-09-23,RELIANCE,11.19,231784.0,17.0,0.4420005015873096,50.33,9.958650553699458,50.81,29.274440585945186
2024-09-24,BHARTIARTL,7.31,38506.0,51.0,2.6285616747339033,53.17,10.434167692851656,17.7,98.42295501191738
2024-09-24,HDFCBANK,10.83,,,,0.0,,44.89,19.43049780322385
2024-09-24,HUL,11.11,15707.0,24.0,0.028974188761763442,61.9,20.074973642078955,43.980000000000004,65.11480271572304
2024-09-24,INFY,15.34,39315.0,24.0,0.09486358890553362,14.61,29.788006718416632,64.22,28.39095627396547
2024-09-24,MM,26.4,37218.0,19.0,1.6414413053331318,18.55,18.537543435564285,88.81,34.340703204171824
2024-09-24,RELIANCE,11.19,231784.0,17.0,0.4420005015873096,50.33,9.958650553699458,50.81,29.196028248622316
2024-09-25,BHARTIARTL,7.31,38506.0,51.0,2.6285616747339033,53.17,10.434167692851656,17.7,98.63306767522953
2024-09-25,HDFCBANK,10.83,,,,0.0,,44.89,19.55193451396817
2024-09-25,HUL,11.11,15707.0,24.0,0.028974188761763442,61.9,20.074973642078955,43.980000000000004,65.07949169899669
2024-09-25,INFY,15.34,39315.0,24.0,0.09486358890553362,14.61,29.788006718416632,64.22,28.34161112739898
2024-09-25,MM,26.4,37218.0,19.0,1.6414413053331318,18.55,18.537543435564285,88.81,34.52780437609081
2024-09-25,RELIANCE,11.19,231784.0,17.0,0.4420005015873096,50.33,9.958650553699458,50.81,29.28571064766409
2024-09-26,BHARTIARTL,7.31,38506.0,51.0,2.6285616747339033,53.17,10.434167692851656,17.7,99.23257084216102
2024-09-26,HDFCBANK,10.83,,,,0.0,,44.89,19.599738814671976
2024-09-26,HUL,11.11,15707.0,24.0,0.028974188761763442,61.9,20.074973642078955,43.980000000000004,65.89935011297749
2024-09-26,INFY,15.34,39315.0,24.0,0.09486358890553362,14.61,29.788006718416632,64.22,28.415628847248716
2024-09-26,MM,26.4,37218.0,19.0,1.6414413053331318,18.55,18.537543435564285,88.81,35.533685193460755
2024-09-26,RELIANCE,11.19,231784.0,17.0,0.4420005015873096,50.33,9.958650553699458,50.81,29.36412298498696
2024-09-27,BHARTIARTL,7.31,38506.0,51.0,2.6285616747339033,53.17,10.434167692851656,17.7,97.18752068988348
2024-09-27,HDFCBANK,10.83,,,,0.0,,44.89,19.26125543211531
2024-09-27,HUL,11.11,15707.0,24.0,0.028974188761763442,61.9,20.074973642078955,43.980000000000004,65.46128478143474
2024-09-27,INFY,15.34,39315.0,24.0,0.09486358890553362,14.61,29.788006718416632,64.22,28.512830802563453
2024-09-27,MM,26.4,37218.0,19.0,1.6414413053331318,18.55,18.537543435564285,88.81,35.56216780820713
2024-09-27,RELIANCE,11.19,231784.0,17.0,0.4420005015873096,50.33,9.958650553699458,50.81,29.917415505529178
2024-09-30,BHARTIARTL,7.31,38506.0,51.0,2.6285616747339033,53.17,10.434167692851656,17.7,95.78400175450213
2024-09-30,HDFCBANK,10.83,,,,0.0,,44.89,19.034865173897305
2024-09-30,HUL,11.11,15707.0,24.0,0.028974188761763442,61.9,20.074973642078955,43.980000000000004,65.28583993256878
2024-09-30,INFY,15.34,39315.0,24.0,0.09486358890553362,14.61,29.788006718416632,64.22,28.047024784189116
2024-09-30,MM,26.4,37218.0,19.0,1.6414413053331318,18.55,18.537543435564285,88.81,34.570807323921855
2024-09-30,RELIANCE,11.19,231784.0,17.0,0.4420005015873096,50.33,9.958650553699458,50.81,28.9451126131667
2024-10-01,BHARTIARTL,7.31,38506.0,51.0,2.6285616747339033,53.17,10.434167692851656,17.7,95.17608470162429
2024-10-01,HDFCBANK,10.83,,,,0.0,,44.89,18.970573630941608
2024-10-01,HUL,11.11,15707.0,24.0,0.028974188761763442,61.9,20.074973642078955,43.980000000000004,64.5233640024585
2024-10-01,INFY,15.34,39315.0,24.0,0.09486358890553362,14.61,29.788006718416632,64.22,28.476939621613205
2024-10-01,MM,26.4,37218.0,19.0,1.6414413053331318,18.55,18.537543435564285,88.81,35.35942745133572
2024-10-01,RELIANCE,11.19,231784.0,17.0,0.4420005015873096,50.33,9.958650553699458,50.81,28.714776672591515
2024-10-02,BHARTIARTL,7.31,38506.0,51.0,2.6285616747339033,53.17,10.434167692851656,17.7,
2024-10-02,HDFCBANK,10.83,,,,0.0,,44.89,
2024-10-02,HUL,11.11,15707.0,24.0,0.028974188761763442,61.9,20.074973642078955,43.980000000000004,
2024-10-02,INFY,15.34,39315.0,24.0,0.09486358890553362,14.61,29.788006718416632,64.22,
2024-10-02,MM,26.4,37218.0,19.0,1.6414413053331318,18.55,18.537543435564285,88.81,
2024-10-02,RELIANCE,11.19,231784.0,17.0,0.4420005015873096,50.33,9.958650553699458,50.81,
2024-10-03,BHARTIARTL,7.31,38506.0,51.0,2.6285616747339033,53.17,10.434167692851656,17.7,93.76135874602754
2024-10-03,HDFCBANK,10.83,,,,0.0,,44.89,18.48482542830391
2024-10-03,HUL,11.11,15707.0,24.0,0.028974188761763442,61.9,20.074973642078955,43.980000000000004,63.85248244052694
2024-10-03,INFY,15.34,39315.0,24.0,0.09486358890553362,14.61,29.788006718416632,64.22,28.313199651831596
2024-10-03,MM,26.4,37218.0,19.0,1.6414413053331318,18.55,18.537543435564285,88.81,34.96120965315702
2024-10-03,RELIANCE,11.19,231784.0,17.0,0.4420005015873096,50.33,9.958650553699458,50.81,27.58075283916183
2024-10-04,BHARTIARTL,7.31,38506.0,51.0,2.6285616747339033,53.17,10.434167692851656,17.7,91.93762827727754
2024-10-04,HDFCBANK,10.83,,,,0.0,,44.89,18.21722522241869
2024-10-04,HUL,11.11,15707.0,24.0,0.028974188761763442,61.9,20.074973642078955,43.980000000000004,62.86820936007844
2024-10-04,INFY,15.34,39315.0,24.0,0.09486358890553362,14.61,29.788006718416632,64.22,28.68329965596777
2024-10-04,MM,26.4,37218.0,19.0,1.6414413053331318,18.55,18.537543435564285,88.81,33.70567367308017
2024-10-04,RELIANCE,11.19,231784.0,17.0,0.4420005015873096,50.33,9.958650553699458,50.81,27.179874029011266
2024-10-07,BHARTIARTL,7.31,38506.0,51.0,2.6285616747339033,53.17,10.434167692851656,17.7,93.12263445665607
2024-10-07,HDFCBANK,10.83,,,,0.0,,44.89,17.779281320484795
2024-10-07,HUL,11.11,15707.0,24.0,0.028974188761763442,61.9,20.074973642078955,43.980000000000004,62.529454528336736
2024-10-07,INFY,15.34,39315.0,24.0,0.09486358890553362,14.61,29.788006718416632,64.22,28.924801950327
2024-10-07,MM,26.4,37218.0,19.0,1.6414413053331318,18.55,18.537543435564285,88.81,34.18320074984518
2024-10-07,RELIANCE,11.19,231784.0,17.0,0.4420005015873096,50.33,9.958650553699458,50.81,26.870147939320507
2024-10-08,BHARTIARTL,7.31,38506.0,51.0,2.6285616747339033,53.17,10.434167692851656,17.7,92.86490057821328
2024-10-08,HDFCBANK,10.83,,,,0.0,,44.89,18.144691417997464
2024-10-08,HUL,11.11,15707.0,24.0,0.028974188761763442,61.9,20.074973642078955,43.980000000000004,62.20724774577933
2024-10-08,INFY,15.34,39315.0,24.0,0.09486358890553362,14.61,29.788006718416632,64.22,29.13789276911885
2024-10-08,MM,26.4,37218.0,19.0,1.6414413053331318,18.55,18.537543435564285,88.81,35.36333930934016
2024-10-08,RELIANCE,11.19,231784.0,17.0,0.4420005015873096,50.33,9.958650553699458,50.81,27.392073602944794
2024-10-09,BHARTIARTL,7.31,38506.0,51.0,2.6285616747339033,53.17,10.434167692851656,17.7,94.02189265536724
2024-10-09,HDFCBANK,10.83,,,,0.0,,44.89,17.94797574844411
2024-10-09,HUL,11.11,15707.0,24.0,0.028974188761763442,61.9,20.074973642078955,43.980000000000004,61.10712721869315
2024-10-09,INFY,15.34,39315.0,24.0,0.09486358890553362,14.61,29.788006718416632,64.22,29.200695682930746
2024-10-09,MM,26.4,37218.0,19.0,1.6414413053331318,18.55,18.537543435564285,88.81,35.219799136675206
2024-10-09,RELIANCE,11.19,231784.0,17.0,0.4420005015873096,50.33,9.958650553699458,50.81,26.946109740946664
2024-10-10,BHARTIARTL,7.31,38506.0,51.0,2.6285616747339033,53.17,10.434167692851656,17.7,94.02189265536724
2024-10-10,HDFCBANK,10.83,,,,0.0,,44.89,18.26942530526008
2024-10-10,HUL,11.11,15707.0,24.0,0.028974188761763442,61.9,20.074973642078955,43.980000000000004,60.79264767010572
2024-10-10,INFY,15.34,39315.0,24.0,0.09486358890553362,14.61,29.788006718416632,64.22,28.69601040308218
2024-10-10,MM,26.4,37218.0,19.0,1.6414413053331318,18.55,18.537543435564285,88.81,35.68113172608659
2024-10-10,RELIANCE,11.19,231784.0,17.0,0.4420005015873096,50.33,9.958650553699458,50.81,26.87651933213196
2024-10-11,BHARTIARTL,7.31,38506.0,51.0,2.6285616747339033,53.17,10.434167692851656,17.7,94.54296737067443
2024-10-11,HDFCBANK,10.83,,,,0.0,,44.89,18.14414347484824
2024-10-11,HUL,11.11,15707.0,24.0,0.028974188761763442,61.9,20.074973642078955,43.980000000000004,61.42160676728058
2024-10-11,INFY,15.34,39315.0,24.0,0.09486358890553362,14.61,29.788006718416632,64.22,28.936763776495834
2024-10-11,MM,26.4,37218.0,19.0,1.6414413053331318,18.55,18.537543435564285,88.81,35.01147551655219
2024-10-11,RELIANCE,11.19,231784.0,17.0,0.4420005015873096,50.33,9.958650553699458,50.81,26.897101429498374
2024-10-14,BHARTIARTL,7.31,38506.0,51.0,2.6285616747339033,53.17,10.434167692851656,17.7,95.00240002648306
2024-10-14,HDFCBANK,10.83,,,,0.0,,44.89,18.551863485307834
2024-10-14,HUL,11.11,15707.0,24.0,0.028974188761763442,61.9,20.074973642078955,43.980000000000004,61.55181510061391
2024-10-14,INFY,15.34,39315.0,24.0,0.09486358890553362,14.61,29.788006718416632,64.22,29.29266089407019
2024-10-14,MM,26.4,37218.0,19.0,1.6414413053331318,18.55,18.537543435564285,88.81,35.241021584879235
2024-10-14,RELIANCE,11.19,231784.0,17.0,0.4420005015873096,50.33,9.958650553699458,50.81,26.9054332508672
2024-10-15,BHARTIARTL,7.31,38506.0,51.0,2.6285616747339033,53.17,10.434167692851656,17.7,96.21542030808617
2024-10-15,HDFCBANK,10.83,,,,0.0,,44.89,18.507904304271552
2024-10-15,HUL,11.11,15707.0,24.0,0.028974188761763442,61.9,20.074973642078955,43.980000000000004,61.382987250952134
2024-10-15,INFY,15.34,39315.0,24.0,0.09486358890553362,14.61,29.788006718416632,64.22,29.298642757561897
2024-10-15,MM,26.4,37218.0,19.0,1.6414413053331318,18.55,18.537543435564285,88.81,35.25107750658006
2024-10-15,RELIANCE,11.19,231784.0,17.0,0.4420005015873096,50.33,9.958650553699458,50.81,26.346751954278194
2024-10-16,BHARTIARTL,7.31,38506.0,51.0,2.6285616747339033,53.17,10.434167692851656,17.7,97.1510995983404
2024-10-16,HDFCBANK,10.83,,,,0.0,,44.89,18.68044521155881
2024-10-16,HUL,11.11,15707.0,24.0,0.028974188761763442,61.9,20.074973642078955,43.980000000000004,61.378574067758066
2024-10-16,INFY,15.34,39315.0,24.0,0.09486358890553362,14.61,29.788006718416632,64.22,28.71246005248073
2024-10-16,MM,26.4,37218.0,19.0,1.6414413053331318,18.55,18.537543435564285,88.81,34.2703282463968
2024-10-16,RELIANCE,11.19,231784.0,17.0,0.4420005015873096,50.33,9.958650553699458,50.81,26.543760609378072
2024-10-17,BHARTIARTL,7.31,38506.0,51.0,2.6285616747339033,53.17,10.434167692851656,17.7,95.31336207847811
2024-10-17,HDFCBANK,10.83,,,,0.0,,44.89,18.387566199146523
2024-10-17,HUL,11.11,15707.0,24.0,0.028974188761763442,61.9,20.074973642078955,43.980000000000004,60.43844392159788
2024-10-17,INFY,15.34,39315.0,24.0,0.09486358890553362,14.61,29.788006718416632,64.22,29.430234250306565
2024-10-17,MM,26.4,37218.0,19.0,1.6414413053331318,18.55,18.537543435564285,88.81,33.115326742132076
2024-10-17,RELIANCE,11.19,231784.0,17.0,0.4420005015873096,50.33,9.958650553699458,50.81,26.589828277990307
2024-10-18,BHARTIARTL,7.31,38506.0,51.0,2.6285616747339033,53.17,10.434167692851656,17.7,95.688752427613
2024-10-18,HDFCBANK,10.83,,,,0.0,,44.89,18.48317751987497
2024-10-18,HUL,11.11,15707.0,24.0,0.028974188761763442,61.9,20.074973642078955,43.980000000000004,59.962863757318665
2024-10-18,INFY,15.34,39315.0,24.0,0.09486358890553362,14.61,29.788006718416632,64.22,28.10683771666245
2024-10-18,MM,26.4,37218.0,19.0,1.6414413053331318,18.55,18.537543435564285,88.81,33.11141488412763
2024-10-18,RELIANCE,11.19,231784.0,17.0,0.4420005015873096,50.33,9.958650553699458,50.81,26.646185794042758
2024-10-21,BHARTIARTL,7.31,38506.0,51.0,2.6285616747339033,53.17,10.434167692851656,17.7,94.8315153822387
2024-10-21,HDFCBANK,10.83,,,,0.0,,44.89,18.998048289046835
2024-10-21,HUL,11.11,15707.0,24.0,0.028974188761763442,61.9,20.074973642078955,43.980000000000004,59.44315176109879
2024-10-21,INFY,15.34,39315.0,24.0,0.09486358890553362,14.61,29.788006718416632,64.22,27.705332453991165
2024-10-21,MM,26.4,37218.0,19.0,1.6414413053331318,18.55,18.537543435564285,88.81,33.49064518881601
2024-10-21,RELIANCE,11.19,231784.0,17.0,0.4420005015873096,50.33,9.958650553699458,50.81,26.84025380630658
2024-10-22,BHARTIARTL,7.31,38506.0,51.0,2.6285616747339033,53.17,10.434167692851656,17.7,94.8147014036017
2024-10-22,HDFCBANK,10.83,,,,0.0,,44.89,18.84254392682112
2024-10-22,HUL,11.11,15707.0,24.0,0.028974188761763442,61.9,20.074973642078955,43.980000000000004,59.18163041084015
2024-10-22,INFY,15.34,39315.0,24.0,0.09486358890553362,14.61,29.788006718416632,64.22,27.68813578446162
2024-10-22,MM,26.4,37218.0,19.0,1.6414413053331318,18.55,18.537543435564285,88.81,32.25074839369159
2024-10-22,RELIANCE,11.19,231784.0,17.0,0.4420005015873096,50.33,9.958650553699458,50.81,26.33351906151594
2024-10-23,BHARTIARTL,7.31,38506.0,51.0,2.6285616747339033,53.17,10.434167692851656,17.7,94.4533181055791
2024-10-23,HDFCBANK,10.83,,,,0.0,,44.89,19.076077840885358
2024-10-23,HUL,11.11,15707.0,24.0,0.028974188761763442,61.9,20.074973642078955,43.980000000000004,58.687292830192696
2024-10-23,INFY,15.34,39315.0,24.0,0.09486358890553362,14.61,29.788006718416632,64.22,28.01412548539201
2024-10-23,MM,26.4,37218.0,19.0,1.6414413053331318,18.55,18.537543435564285,88.81,31.204094085160737
2024-10-23,RELIANCE,11.19,231784.0,17.0,0.4420005015873096,50.33,9.958650553699458,50.81,26.23893559108074
2024-10-24,BHARTIARTL,7.31,38506.0,51.0,2.6285616747339033,53.17,10.434167692851656,17.7,94.04150666490114
2024-10-24,HDFCBANK,10.83,,,,0.0,,44.89,19.228285026592783
2024-10-24,HUL,11.11,15707.0,24.0,0.028974188761763442,61.9,20.074973642078955,43.980000000000004,55.28430114718337
2024-10-24,INFY,15.34,39315.0,24.0,0.09486358890553362,14.61,29.788006718416632,64.22,27.863841382041226
2024-10-24,MM,26.4,37218.0,19.0,1.6414413053331318,18.55,18.537543435564285,88.81,31.571039011478156
2024-10-24,RELIANCE,11.19,231784.0,17.0,0.4420005015873096,50.33,9.958650553699458,50.81,26.263931055187214
2024-10-25,BHARTIARTL,7.31,38506.0,51.0,2.6285616747339033,53.17,10.434167692851656,17.7,93.34394724355579
2024-10-25,HDFCBANK,10.83,,,,0.0,,44.89,19.15959906115992
2024-10-25,HUL,11.11,15707.0,24.0,0.028974188761763442,61.9,20.074973642078955,43.980000000000004,55.79077914499488
2024-10-25,INFY,15.34,39315.0,24.0,0.09486358890553362,14.61,29.788006718416632,64.22,27.844403652118693
2024-10-25,MM,26.4,37218.0,19.0,1.6414413053331318,18.55,18.537543435564285,88.81,30.3925773552739
2024-10-25,RELIANCE,11.19,231784.0,17.0,0.4420005015873096,50.33,9.958650553699458,50.81,26.02967425749729
2024-10-28,BHARTIARTL,7.31,38506.0,51.0,2.6285616747339033,53.17,10.434167692851656,17.7,93.19546974311442
2024-10-28,HDFCBANK,10.83,,,,0.0,,44.89,19.058491993014172
2024-10-28,HUL,11.11,15707.0,24.0,0.028974188761763442,61.9,20.074973642078955,43.980000000000004,56.84455847295645
2024-10-28,INFY,15.34,39315.0,24.0,0.09486358890553362,14.61,29.788006718416632,64.22,27.893748798685184
2024-10-28,MM,26.4,37218.0,19.0,1.6414413053331318,18.55,18.537543435564285,88.81,31.064468519522013
2024-10-28,RELIANCE,11.19,231784.0,17.0,0.4420005015873096,50.33,9.958650553699458,50.81,26.157092503782472
2024-10-29,BHARTIARTL,7.31,38506.0,51.0,2.6285616747339033,53.17,10.434167692851656,17.7,91.7247155830685
2024-10-29,HDFCBANK,10.83,,,,0.0,,44.89,19.25246250817972
2024-10-29,HUL,11.11,15707.0,24.0,0.028974188761763442,61.9,20.074973642078955,43.980000000000004,56.22332105857776
2024-10-29,INFY,15.34,39315.0,24.0,0.09486358890553362,14.61,29.788006718416632,64.22,27.81737406875292
2024-10-29,MM,26.4,37218.0,19.0,1.6414413053331318,18.55,18.537543435564285,88.81,30.6835613115429
2024-10-29,RELIANCE,11.19,231784.0,17.0,0.4420005015873096,50.33,9.958650553699458,50.81,26.26784950981598
2024-10-30,BHARTIARTL,7.31,38506.0,51.0,2.6285616747339033,53.17,10.434167692851656,17.7,91.51460981638418
2024-10-30,HDFCBANK,10.83,,,,0.0,,44.89,19.06288913481218
2024-10-30,HUL,11.11,15707.0,24.0,0.028974188761763442,61.9,20.074973642078955,43.980000000000004,56.384427225443375
2024-10-30,INFY,15.34,39315.0,24.0,0.09486358890553362,14.61,29.788006718416632,64.22,27.254763365311625
2024-10-30,MM,26.4,37218.0,19.0,1.6414413053331318,18.55,18.537543435564285,88.81,30.24568612504926
2024-10-30,RELIANCE,11.19,231784.0,17.0,0.4420005015873096,50.33,9.958650553699458,50.81,26.34430141858148
2024-10-31,BHARTIARTL,7.31,38506.0,51.0,2.6285616747339033,53.17,10.434167692851656,17.7,90.35201078080861
2024-10-31,HDFCBANK,10.83,,,,0.0,,44.89,19.074976515945227
2024-10-31,HUL,11.11,15707.0,24.0,0.028974188761763442,61.9,20.074973642078955,43.980000000000004,55.795192328188946
2024-10-31,INFY,15.34,39315.0,24.0,0.09486358890553362,14.61,29.788006718416632,64.22,26.576457681480655
2024-10-31,MM,26.4,37218.0,19.0,1.6414413053331318,18.55,18.537543435564285,88.81,30.47858874897956
2024-10-31,RELIANCE,11.19,231784.0,17.0,0.4420005015873096,50.33,9.958650553699458,50.81,26.112007451934904
2024-11-01,BHARTIARTL,7.31,38506.0,51.0,2.6285616747339033,53.17,10.434167692851656,17.7,90.56771660928673
2024-11-01,HDFCBANK,10.83,,,,0.0,,44.89,19.092562363816413
2024-11-01,HUL,11.11,15707.0,24.0,0.028974188761763442,61.9,20.074973642078955,43.980000000000004,55.999325643403246
2024-11-01,INFY,15.34,39315.0,24.0,0.09486358890553362,14.61,29.788006718416632,64.22,26.630902713572485
2024-11-01,MM,26.4,37218.0,19.0,1.6414413053331318,18.55,18.537543435564285,88.81,31.473855593225707
2024-11-01,RELIANCE,11.19,231784.0,17.0,0.4420005015873096,50.33,9.958650553699458,50.81,26.241386126777453
2024-11-04,BHARTIARTL,7.31,38506.0,51.0,2.6285616747339033,53.17,10.434167692851656,17.7,89.1557975812147
2024-11-04,HDFCBANK,10.83,,,,0.0,,44.89,18.837597482213464
2024-11-04,HUL,11.11,15707.0,24.0,0.028974188761763442,61.9,20.074973642078955,43.980000000000004,55.71905797912403
2024-11-04,INFY,15.34,39315.0,24.0,0.09486358890553362,14.61,29.788006718416632,64.22,26.673252862474698
2024-11-04,MM,26.4,37218.0,19.0,1.6414413053331318,18.55,18.537543435564285,88.81,32.21444481195811
2024-11-04,RELIANCE,11.19,231784.0,17.0,0.4420005015873096,50.33,9.958650553699458,50.81,25.525882558028684
2024-11-05,BHARTIARTL,7.31,38506.0,51.0,2.6285616747339033,53.17,10.434167692851656,17.7,88.43583101606639
2024-11-05,HDFCBANK,10.83,,,,0.0,,44.89,19.31840059990393
2024-11-05,HUL,11.11,15707.0,24.0,0.028974188761763442,61.9,20.074973642078955,43.980000000000004,55.64291807888528
2024-11-05,INFY,15.34,39315.0,24.0,0.09486358890553362,14.61,29.788006718416632,64.22,26.530330614002647
2024-11-05,MM,26.4,37218.0,19.0,1.6414413053331318,18.55,18.537543435564285,88.81,32.3875837022154
2024-11-05,RELIANCE,11.19,231784.0,17.0,0.4420005015873096,50.33,9.958650553699458,50.81,25.587631252613903
2024-11-06,BHARTIARTL,7.31,38506.0,51.0,2.6285616747339033,53.17,10.434167692851656,17.7,89.57881604210806
2024-11-06,HDFCBANK,10.83,,,,0.0,,44.89,19.28982869583983
2024-11-06,HUL,11.11,15707.0,24.0,0.028974188761763442,61.9,20.074973642078955,43.980000000000004,55.82933759841121
2024-11-06,INFY,15.34,39315.0,24.0,0.09486358890553362,14.61,29.788006718416632,64.22,27.581439260306368
2024-11-06,MM,26.4,37218.0,19.0,1.6414413053331318,18.55,18.537543435564285,88.81,32.779660185719514
2024-11-06,RELIANCE,11.19,231784.0,17.0,0.4420005015873096,50.33,9.958650553699458,50.81,25.980668348534984
2024-11-07,BHARTIARTL,7.31,38506.0,51.0,2.6285616747339033,53.17,10.434167692851656,17.7,88.29015354652189
2024-11-07,HDFCBANK,10.83,,,,0.0,,44.89,19.194217375111382
2024-11-07,HUL,11.11,15707.0,24.0,0.028974188761763442,61.9,20.074973642078955,43.980000000000004,55.266731682014544
2024-11-07,INFY,15.34,39315.0,24.0,0.09486358890553362,14.61,29.788006718416632,64.22,27.269133523556718
2024-11-07,MM,26.4,37218.0,19.0,1.6414413053331318,18.55,18.537543435564285,88.81,32.297105148104094
2024-11-07,RELIANCE,11.19,231784.0,17.0,0.4420005015873096,50.33,9.958650553699458,50.81,25.5944927525647
2024-11-08,BHARTIARTL,7.31,38506.0,51.0,2.6285616747339033,53.17,10.434167692851656,17.7,87.95958438162077
2024-11-08,HDFCBANK,10.83,,,,0.0,,44.89,19.28103577190424
2024-11-08,HUL,11.11,15707.0,24.0,0.028974188761763442,61.9,20.074973642078955,43.980000000000004,55.985614244045586
2024-11-08,INFY,15.34,39315.0,24.0,0.09486358890553362,14.61,29.788006718416632,64.22,27.675962967874106
2024-11-08,MM,26.4,37218.0,19.0,1.6414413053331318,18.55,18.537543435564285,88.81,33.230378802007095
2024-11-08,RELIANCE,11.19,231784.0,17.0,0.4420005015873096,50.33,9.958650553699458,50.81,25.165187728332267
2024-11-11,BHARTIARTL,7.31,38506.0,51.0,2.6285616747339033,53.17,10.434167692851656,17.7,87.4357165320445
2024-11-11,HDFCBANK,10.83,,,,0.0,,44.89,19.41126540658415
2024-11-11,HUL,11.11,15707.0,24.0,0.028974188761763442,61.9,20.074973642078955,43.980000000000004,55.613896542107206
2024-11-11,INFY,15.34,39315.0,24.0,0.09486358890553362,14.61,29.788006718416632,64.22,28.131949378114296
2024-11-11,MM,26.4,37218.0,19.0,1.6414413053331318,18.55,18.537543435564285,88.81,32.735538386020714
2024-11-11,RELIANCE,11.19,231784.0,17.0,0.4420005015873096,50.33,9.958650553699458,50.81,24.94857478765868
2024-11-12,BHARTIARTL,7.31,38506.0,51.0,2.6285616747339033,53.17,10.434167692851656,17.7,87.16117557159252
2024-11-12,HDFCBANK,10.83,,,,0.0,,44.89,18.88265526886904
2024-11-12,HUL,11.11,15707.0,24.0,0.028974188761763442,61.9,20.074973642078955,43.980000000000004,54.95417839074579
2024-11-12,INFY,15.34,39315.0,24.0,0.09486358890553362,14.61,29.788006718416632,64.22,28.263529465971466
2024-11-12,MM,26.4,37218.0,19.0,1.6414413053331318,18.55,18.537543435564285,88.81,32.37753052953637
2024-11-12,RELIANCE,11.19,231784.0,17.0,0.4420005015873096,50.33,9.958650553699458,50.81,24.97896143029792
2024-11-13,BHARTIARTL,7.31,38506.0,51.0,2.6285616747339033,53.17,10.434167692851656,17.7,86.86982063250353
2024-11-13,HDFCBANK,10.83,,,,0.0,,44.89,18.477681772457675
2024-11-13,HUL,11.11,15707.0,24.0,0.028974188761763442,61.9,20.074973642078955,43.980000000000004,55.031200927623345
2024-11-13,INFY,15.34,39315.0,24.0,0.09486358890553362,14.61,29.788006718416632,64.22,28.25747917315478
2024-11-13,MM,26.4,37218.0,19.0,1.6414413053331318,18.55,18.537543435564285,88.81,31.264973921679708
2024-11-13,RELIANCE,11.19,231784.0,17.0,0.4420005015873096,50.33,9.958650553699458,50.81,24.543777522879353
2024-11-14,BHARTIARTL,6.31,41473.0,53.0,2.6285616747339033,53.14,10.434167692851656,21.619999999999997,71.12143319806603
2024-11-14,HDFCBANK,11.68,,,,0.0,,45.480000000000004,18.36163496488841
2024-11-14,HUL,11.03,15926.0,24.0,0.028974188761763442,61.9,20.074973642078955,43.71,53.669526870996336
2024-11-14,INFY,15.67,40986.0,24.0,0.09486358890553362,14.43,29.788006718416632,64.92,27.89519492741066
2024-11-14,MM,25.5,37924.0,19.0,1.6414413053331318,18.53,18.537543435564285,95.43,29.181875888249238
2024-11-14,RELIANCE,12.24,231535.0,17.0,0.4420005015873096,50.24,9.958650553699458,50.2,25.150547711497758
2024-11-15,BHARTIARTL,6.31,41473.0,53.0,2.6285616747339033,53.14,10.434167692851656,21.619999999999997,
2024-11-15,HDFCBANK,11.68,,,,0.0,,45.480000000000004,
2024-11-15,HUL,11.03,15926.0,24.0,0.028974188761763442,61.9,20.074973642078955,43.71,
2024-11-15,INFY,15.67,40986.0,24.0,0.09486358890553362,14.43,29.788006718416632,64.92,
2024-11-15,MM,25.5,37924.0,19.0,1.6414413053331318,18.53,18.537543435564285,95.43,
2024-11-15,RELIANCE,12.24,231535.0,17.0,0.4420005015873096,50.24,9.958650553699458,50.2,
2024-11-18,BHARTIARTL,6.31,41473.0,53.0,2.6285616747339033,53.14,10.434167692851656,21.619999999999997,70.5021889092854
2024-11-18,HDFCBANK,11.68,,,,0.0,,45.480000000000004,18.49559693349068
2024-11-18,HUL,11.03,15926.0,24.0,0.028974188761763442,61.9,20.074973642078955,43.71,54.426541543339624
2024-11-18,INFY,15.67,40986.0,24.0,0.09486358890553362,14.43,29.788006718416632,64.92,27.100773292489794
2024-11-18,MM,25.5,37924.0,19.0,1.6414413053331318,18.53,18.537543435564285,95.43,29.594571528214395
2024-11-18,RELIANCE,12.24,231535.0,17.0,0.4420005015873096,50.24,9.958650553699458,50.2,25.01463627910234
2024-11-19,BHARTIARTL,6.31,41473.0,53.0,2.6285616747339033,53.14,10.434167692851656,21.619999999999997,69.97468367866848
2024-11-19,HDFCBANK,11.68,,,,0.0,,45.480000000000004,18.898572561084542
2024-11-19,HUL,11.03,15926.0,24.0,0.028974188761763442,61.9,20.074973642078955,43.71,54.144632011767904
2024-11-19,INFY,15.67,40986.0,24.0,0.09486358890553362,14.43,29.788006718416632,64.92,27.29975429494955
2024-11-19,MM,25.5,37924.0,19.0,1.6414413053331318,18.53,18.537543435564285,95.43,30.65542048982238
2024-11-19,RELIANCE,12.24,231535.0,17.0,0.4420005015873096,50.24,9.958650553699458,50.2,24.635671182457667
2024-11-20,BHARTIARTL,6.31,41473.0,53.0,2.6285616747339033,53.14,10.434167692851656,21.619999999999997,
2024-11-20,HDFCBANK,11.68,,,,0.0,,45.480000000000004,
2024-11-20,HUL,11.03,15926.0,24.0,0.028974188761763442,61.9,20.074973642078955,43.71,
2024-11-20,INFY,15.67,40986.0,24.0,0.09486358890553362,14.43,29.788006718416632,64.92,
2024-11-20,MM,25.5,37924.0,19.0,1.6414413053331318,18.53,18.537543435564285,95.43,
2024-11-20,RELIANCE,12.24,231535.0,17.0,0.4420005015873096,50.24,9.958650553699458,50.2,
2024-11-21,BHARTIARTL,6.31,41473.0,53.0,2.6285616747339033,53.14,10.434167692851656,21.619999999999997,69.95863160196
2024-11-21,HDFCBANK,11.68,,,,0.0,,45.480000000000004,18.887181479152922
2024-11-21,HUL,11.03,15926.0,24.0,0.028974188761763442,61.9,20.074973642078955,43.71,53.525762616892585
2024-11-21,INFY,15.67,40986.0,24.0,0.09486358890553362,14.43,29.788006718416632,64.92,27.43888850279671
2024-11-21,MM,25.5,37924.0,19.0,1.6414413053331318,18.53,18.537543435564285,95.43,30.523398306513936
2024-11-21,RELIANCE,12.24,231535.0,17.0,0.4420005015873096,50.24,9.958650553699458,50.2,24.265635213054033
2024-11-22,BHARTIARTL,6.31,41473.0,53.0,2.6285616747339033,53.14,10.434167692851656,21.619999999999997,71.98379615409632
2024-11-22,HDFCBANK,11.68,,,,0.0,,45.480000000000004,18.934910488212537
2024-11-22,HUL,11.03,15926.0,24.0,0.028974188761763442,61.9,20.074973642078955,43.71,54.928602132664146
2024-11-22,INFY,15.67,40986.0,24.0,0.09486358890553362,14.43,29.788006718416632,64.92,28.459215428604434
2024-11-22,MM,25.5,37924.0,19.0,1.6414413053331318,18.53,18.537543435564285,95.43,31.32072224077858
2024-11-22,RELIANCE,12.24,231535.0,17.0,0.4420005015873096,50.24,9.958650553699458,50.2,25.106896632221115
2024-11-25,BHARTIARTL,6.31,41473.0,53.0,2.6285616747339033,53.14,10.434167692851656,21.619999999999997,72.41726433315507
2024-11-25,HDFCBANK,11.68,,,,0.0,,45.480000000000004,19.368798248371537
2024-11-25,HUL,11.03,15926.0,24.0,0.028974188761763442,61.9,20.074973642078955,43.71,55.51714245881949
2024-11-25,INFY,15.67,40986.0,24.0,0.09486358890553362,14.43,29.788006718416632,64.92,28.2714561702143
2024-11-25,MM,25.5,37924.0,19.0,1.6414413053331318,18.53,18.537543435564285,95.43,31.660134760099023
2024-11-25,RELIANCE,12.24,231535.0,17.0,0.4420005015873096,50.24,9.958650553699458,50.2,25.53546312795692
2024-11-26,BHARTIARTL,6.31,41473.0,53.0,2.6285616747339033,53.14,10.434167692851656,21.619999999999997,72.34846003953227
2024-11-26,HDFCBANK,11.68,,,,0.0,,45.480000000000004,19.368257413543727
2024-11-26,HUL,11.03,15926.0,24.0,0.028974188761763442,61.9,20.074973642078955,43.71,55.691235781643215
2024-11-26,INFY,15.67,40986.0,24.0,0.09486358890553362,14.43,29.788006718416632,64.92,28.78685914214129
2024-11-26,MM,25.5,37924.0,19.0,1.6414413053331318,18.53,18.537543435564285,95.43,31.032251020053963
2024-11-26,RELIANCE,12.24,231535.0,17.0,0.4420005015873096,50.24,9.958650553699458,50.2,25.708080762885956
2024-11-27,BHARTIARTL,6.31,41473.0,53.0,2.6285616747339033,53.14,10.434167692851656,21.619999999999997,72.36681010963518
2024-11-27,HDFCBANK,11.68,,,,0.0,,45.480000000000004,19.658419995739884
2024-11-27,HUL,11.03,15926.0,24.0,0.028974188761763442,61.9,20.074973642078955,43.71,55.8642008407687
2024-11-27,INFY,15.67,40986.0,24.0,0.09486358890553362,14.43,29.788006718416632,64.92,28.79209583068584
2024-11-27,MM,25.5,37924.0,19.0,1.6414413053331318,18.53,18.537543435564285,95.43,31.236003422829558
2024-11-27,RELIANCE,12.24,231535.0,17.0,0.4420005015873096,50.24,9.958650553699458,50.2,25.65847693211529
2024-11-28,BHARTIARTL,6.31,41473.0,53.0,2.6285616747339033,53.14,10.434167692851656,21.619999999999997,71.57554944062211
2024-11-28,HDFCBANK,11.68,,,,0.0,,45.480000000000004,19.450695135138382
2024-11-28,HUL,11.03,15926.0,24.0,0.028974188761763442,61.9,20.074973642078955,43.71,55.309357618036486
2024-11-28,INFY,15.67,40986.0,24.0,0.09486358890553362,14.43,29.788006718416632,64.92,27.77700183278458
2024-11-28,MM,25.5,37924.0,19.0,1.6414413053331318,18.53,18.537543435564285,95.43,30.133052163562294
2024-11-28,RELIANCE,12.24,231535.0,17.0,0.4420005015873096,50.24,9.958650553699458,50.2,25.214038864074947
2024-11-29,BHARTIARTL,6.31,41473.0,53.0,2.6285616747339033,53.14,10.434167692851656,21.619999999999997,74.63737438388935
2024-11-29,HDFCBANK,11.68,,,,0.0,,45.480000000000004,19.48215347061895
2024-11-29,HUL,11.03,15926.0,24.0,0.028974188761763442,61.9,20.074973642078955,43.71,56.0719856815517
2024-11-29,INFY,15.67,40986.0,24.0,0.09486358890553362,14.43,29.788006718416632,64.92,27.794955119040743
2024-11-29,MM,25.5,37924.0,19.0,1.6414413053331318,18.53,18.537543435564285,95.43,30.83370224330006
2024-11-29,RELIANCE,12.24,231535.0,17.0,0.4420005015873096,50.24,9.958650553699458,50.2,25.63863685881474
2024-12-02,BHARTIARTL,6.31,41473.0,53.0,2.6285616747339033,53.14,10.434167692851656,21.619999999999997,75.39192926652117
2024-12-02,HDFCBANK,11.68,,,,0.0,,45.480000000000004,19.575980932123322
2024-12-02,HUL,11.03,15926.0,24.0,0.028974188761763442,61.9,20.074973642078955,43.71,55.69010751794498
2024-12-02,INFY,15.67,40986.0,24.0,0.09486358890553362,14.43,29.788006718416632,64.92,28.123347199558108
2024-12-02,MM,25.5,37924.0,19.0,1.6414413053331318,18.53,18.537543435564285,95.43,31.356587350512154
2024-12-02,RELIANCE,12.24,231535.0,17.0,0.4420005015873096,50.24,9.958650553699458,50.2,25.974945433111305
2024-12-03,BHARTIARTL,6.31,41473.0,53.0,2.6285616747339033,53.14,10.434167692851656,21.619999999999997,74.33463210424377
2024-12-03,HDFCBANK,11.68,,,,0.0,,45.480000000000004,19.81028051049225
2024-12-03,HUL,11.03,15926.0,24.0,0.028974188761763442,61.9,20.074973642078955,43.71,55.77323039100034
2024-12-03,INFY,15.67,40986.0,24.0,0.09486358890553362,14.43,29.788006718416632,64.92,28.30736462304567
2024-12-03,MM,25.5,37924.0,19.0,1.6414413053331318,18.53,18.537543435564285,95.43,31.469897970043487
2024-12-03,RELIANCE,12.24,231535.0,17.0,0.4420005015873096,50.24,9.958650553699458,50.2,26.255694993463646
2024-12-04,BHARTIARTL,6.31,41473.0,53.0,2.6285616747339033,53.14,10.434167692851656,21.619999999999997,72.6626640552729
2024-12-04,HDFCBANK,11.68,,,,0.0,,45.480000000000004,20.176916868936207
2024-12-04,HUL,11.03,15926.0,24.0,0.028974188761763442,61.9,20.074973642078955,43.71,55.361023158673646
2024-12-04,INFY,15.67,40986.0,24.0,0.09486358890553362,14.43,29.788006718416632,64.92,28.26472650834681
2024-12-04,MM,25.5,37924.0,19.0,1.6414413053331318,18.53,18.537543435564285,95.43,31.51615754021272
2024-12-04,RELIANCE,12.24,231535.0,17.0,0.4420005015873096,50.24,9.958650553699458,50.2,25.970974500435755
2024-12-05,BHARTIARTL,6.31,41473.0,53.0,2.6285616747339033,53.14,10.434167692851656,21.619999999999997,74.09610377760755
2024-12-05,HDFCBANK,11.68,,,,0.0,,45.480000000000004,20.23820432530439
2024-12-05,HUL,11.03,15926.0,24.0,0.028974188761763442,61.9,20.074973642078955,43.71,56.03717707082189
2024-12-05,INFY,15.67,40986.0,24.0,0.09486358890553362,14.43,29.788006718416632,64.92,28.94693822384762
2024-12-05,MM,25.5,37924.0,19.0,1.6414413053331318,18.53,18.537543435564285,95.43,31.930413756320075
2024-12-05,RELIANCE,12.24,231535.0,17.0,0.4420005015873096,50.24,9.958650553699458,50.2,26.230894293918077
2024-12-06,BHARTIARTL,6.31,41473.0,53.0,2.6285616747339033,53.14,10.434167692851656,21.619999999999997,73.29338137249943
2024-12-06,HDFCBANK,11.68,,,,0.0,,45.480000000000004,20.13081573244764
2024-12-06,HUL,11.03,15926.0,24.0,0.028974188761763442,61.9,20.074973642078955,43.71,55.79456686291752
2024-12-06,INFY,15.67,40986.0,24.0,0.09486358890553362,14.43,29.788006718416632,64.92,28.76067757973756
2024-12-06,MM,25.5,37924.0,19.0,1.6414413053331318,18.53,18.537543435564285,95.43,31.94496548926569
2024-12-06,RELIANCE,12.24,231535.0,17.0,0.4420005015873096,50.24,9.958650553699458,50.2,26.02256258170443
2024-12-09,BHARTIARTL,6.31,41473.0,53.0,2.6285616747339033,53.14,10.434167692851656,21.619999999999997,73.5089692884193
2024-12-09,HDFCBANK,11.68,,,,0.0,,45.480000000000004,20.284304119771054
2024-12-09,HUL,11.03,15926.0,24.0,0.028974188761763442,61.9,20.074973642078955,43.71,53.92898283788035
2024-12-09,INFY,15.67,40986.0,24.0,0.09486358890553362,14.43,29.788006718416632,64.92,28.779379232974236
2024-12-09,MM,25.5,37924.0,19.0,1.6414413053331318,18.53,18.537543435564285,95.43,31.71886614779812
2024-12-09,RELIANCE,12.24,231535.0,17.0,0.4420005015873096,50.24,9.958650553699458,50.2,25.69716981682644
2024-12-10,BHARTIARTL,6.31,41473.0,53.0,2.6285616747339033,53.14,10.434167692851656,21.619999999999997,72.41267963871705
2024-12-10,HDFCBANK,11.68,,,,0.0,,45.480000000000004,20.263694689372386
2024-12-10,HUL,11.03,15926.0,24.0,0.028974188761763442,61.9,20.074973642078955,43.71,53.85261279062286
2024-12-10,INFY,15.67,40986.0,24.0,0.09486358890553362,14.43,29.788006718416632,64.92,29.1519024015134
2024-12-10,MM,25.5,37924.0,19.0,1.6414413053331318,18.53,18.537543435564285,95.43,31.881552373139996
2024-12-10,RELIANCE,12.24,231535.0,17.0,0.4420005015873096,50.24,9.958650553699458,50.2,25.492804173929283
2024-12-11,BHARTIARTL,6.31,41473.0,53.0,2.6285616747339033,53.14,10.434167692851656,21.619999999999997,72.74981841899861
2024-12-11,HDFCBANK,11.68,,,,0.0,,45.480000000000004,20.209458216094298
2024-12-11,HUL,11.03,15926.0,24.0,0.028974188761763442,61.9,20.074973642078955,43.71,53.942460562156825
2024-12-11,INFY,15.67,40986.0,24.0,0.09486358890553362,14.43,29.788006718416632,64.92,29.534898947141674
2024-12-11,MM,25.5,37924.0,19.0,1.6414413053331318,18.53,18.537543435564285,95.43,31.93509036810358
2024-12-11,RELIANCE,12.24,231535.0,17.0,0.4420005015873096,50.24,9.958650553699458,50.2,25.36086124252988
2024-12-12,BHARTIARTL,6.31,41473.0,53.0,2.6285616747339033,53.14,10.434167692851656,21.619999999999997,73.87593116724966
2024-12-12,HDFCBANK,11.68,,,,0.0,,45.480000000000004,20.167697178447256
2024-12-12,HUL,11.03,15926.0,24.0,0.028974188761763442,61.9,20.074973642078955,43.71,52.67552655284832
2024-12-12,INFY,15.67,40986.0,24.0,0.09486358890553362,14.43,29.788006718416632,64.92,29.727146527095847
2024-12-12,MM,25.5,37924.0,19.0,1.6414413053331318,18.53,18.537543435564285,95.43,31.88727022179215
2024-12-12,RELIANCE,12.24,231535.0,17.0,0.4420005015873096,50.24,9.958650553699458,50.2,25.057295233129977
2024-12-13,BHARTIARTL,6.31,41473.0,53.0,2.6285616747339033,53.14,10.434167692851656,21.619999999999997,77.14187099799088
2024-12-13,HDFCBANK,11.68,,,,0.0,,45.480000000000004,20.303287019620573
2024-12-13,HUL,11.03,15926.0,24.0,0.028974188761763442,61.9,20.074973642078955,43.71,53.68974625014299
2024-12-13,INFY,15.67,40986.0,24.0,0.09486358890553362,14.43,29.788006718416632,64.92,29.917147125789434
2024-12-13,MM,25.5,37924.0,19.0,1.6414413053331318,18.53,18.537543435564285,95.43,32.03228612022556
2024-12-13,RELIANCE,12.24,231535.0,17.0,0.4420005015873096,50.24,9.958650553699458,50.2,25.25471356760458
2024-12-16,BHARTIARTL,6.31,41473.0,53.0,2.6285616747339033,53.14,10.434167692851656,21.619999999999997,76.26116926420849
2024-12-16,HDFCBANK,11.68,,,,0.0,,45.480000000000004,20.232237695913724
2024-12-16,HUL,11.03,15926.0,24.0,0.028974188761763442,61.9,20.074973642078955,43.71,53.15174320092656
2024-12-16,INFY,15.67,40986.0,24.0,0.09486358890553362,14.43,29.788006718416632,64.92,29.62316864446145
2024-12-16,MM,25.5,37924.0,19.0,1.6414413053331318,18.53,18.537543435564285,95.43,32.06815122995913
2024-12-16,RELIANCE,12.24,231535.0,17.0,0.4420005015873096,50.24,9.958650553699458,50.2,25.164437464983813
2024-12-17,BHARTIARTL,6.31,41473.0,53.0,2.6285616747339033,53.14,10.434167692851656,21.619999999999997,74.09381143038854
2024-12-17,HDFCBANK,11.68,,,,0.0,,45.480000000000004,19.885669933040624
2024-12-17,HUL,11.03,15926.0,24.0,0.028974188761763442,61.9,20.074973642078955,43.71,53.08660552147678
2024-12-17,INFY,15.67,40986.0,24.0,0.09486358890553362,14.43,29.788006718416632,64.92,29.571552006315464
2024-12-17,MM,25.5,37924.0,19.0,1.6414413053331318,18.53,18.537543435564285,95.43,31.617510564844647
2024-12-17,RELIANCE,12.24,231535.0,17.0,0.4420005015873096,50.24,9.958650553699458,50.2,24.708091462275895
2024-12-18,BHARTIARTL,6.31,41473.0,53.0,2.6285616747339033,53.14,10.434167692851656,21.619999999999997,73.47915748222132
2024-12-18,HDFCBANK,11.68,,,,0.0,,45.480000000000004,19.641063626439504
2024-12-18,HUL,11.03,15926.0,24.0,0.028974188761763442,61.9,20.074973642078955,43.71,52.995623900780714
2024-12-18,INFY,15.67,40986.0,24.0,0.09486358890553362,14.43,29.788006718416632,64.92,29.609703679769332
2024-12-18,MM,25.5,37924.0,19.0,1.6414413053331318,18.53,18.537543435564285,95.43,31.718346808524572
2024-12-18,RELIANCE,12.24,231535.0,17.0,0.4420005015873096,50.24,9.958650553699458,50.2,24.865827218469867
2024-12-19,BHARTIARTL,6.31,41473.0,53.0,2.6285616747339033,53.14,10.434167692851656,21.619999999999997,73.40576284798509
2024-12-19,HDFCBANK,11.68,,,,0.0,,45.480000000000004,19.454491715108286
2024-12-19,HUL,11.03,15926.0,24.0,0.028974188761763442,61.9,20.074973642078955,43.71,53.010235474219286
2024-12-19,INFY,15.67,40986.0,24.0,0.09486358890553362,14.43,29.788006718416632,64.92,29.116742315662545
2024-12-19,MM,25.5,37924.0,19.0,1.6414413053331318,18.53,18.537543435564285,95.43,31.33839512600859
2024-12-19,RELIANCE,12.24,231535.0,17.0,0.4420005015873096,50.24,9.958650553699458,50.2,24.413449716757967
2024-12-20,BHARTIARTL,6.31,41473.0,53.0,2.6285616747339033,53.14,10.434167692851656,21.619999999999997,72.3874468807817
2024-12-20,HDFCBANK,11.68,,,,0.0,,45.480000000000004,19.215853379919743
2024-12-20,HUL,11.03,15926.0,24.0,0.028974188761763442,61.9,20.074973642078955,43.71,52.42730295377202
2024-12-20,INFY,15.67,40986.0,24.0,0.09486358890553362,14.43,29.788006718416632,64.92,28.756937625154034
2024-12-20,MM,25.5,37924.0,19.0,1.6414413053331318,18.53,18.537543435564285,95.43,30.2125775887758
2024-12-20,RELIANCE,12.24,231535.0,17.0,0.4420005015873096,50.24,9.958650553699458,50.2,23.914449623381472
2024-12-23,BHARTIARTL,6.31,41473.0,53.0,2.6285616747339033,53.14,10.434167692851656,21.619999999999997,72.79110325364248
2024-12-23,HDFCBANK,11.68,,,,0.0,,45.480000000000004,19.535846425025422
2024-12-23,HUL,11.03,15926.0,24.0,0.028974188761763442,61.9,20.074973642078955,43.71,52.539621046385264
2024-12-23,INFY,15.67,40986.0,24.0,0.09486358890553362,14.43,29.788006718416632,64.92,28.789102362763785
2024-12-23,MM,25.5,37924.0,19.0,1.6414413053331318,18.53,18.537543435564285,95.43,30.243244189130774
2024-12-23,RELIANCE,12.24,231535.0,17.0,0.4420005015873096,50.24,9.958650553699458,50.2,24.251747891247508
2024-12-24,BHARTIARTL,6.31,41473.0,53.0,2.6285616747339033,53.14,10.434167692851656,21.619999999999997,72.65349466639687
2024-12-24,HDFCBANK,11.68,,,,0.0,,45.480000000000004,19.504389431566757
2024-12-24,HUL,11.03,15926.0,24.0,0.028974188761763442,61.9,20.074973642078955,43.71,52.46436809189831
2024-12-24,INFY,15.67,40986.0,24.0,0.09486358890553362,14.43,29.788006718416632,64.92,28.560950090616334
2024-12-24,MM,25.5,37924.0,19.0,1.6414413053331318,18.53,18.537543435564285,95.43,30.444914118169073
2024-12-24,RELIANCE,12.24,231535.0,17.0,0.4420005015873096,50.24,9.958650553699458,50.2,24.260674586809014
2024-12-25,BHARTIARTL,6.31,41473.0,53.0,2.6285616747339033,53.14,10.434167692851656,21.619999999999997,
2024-12-25,HDFCBANK,11.68,,,,0.0,,45.480000000000004,
2024-12-25,HUL,11.03,15926.0,24.0,0.028974188761763442,61.9,20.074973642078955,43.71,
2024-12-25,INFY,15.67,40986.0,24.0,0.09486358890553362,14.43,29.788006718416632,64.92,
2024-12-25,MM,25.5,37924.0,19.0,1.6414413053331318,18.53,18.537543435564285,95.43,
2024-12-25,RELIANCE,12.24,231535.0,17.0,0.4420005015873096,50.24,9.958650553699458,50.2,
2024-12-26,BHARTIARTL,6.31,41473.0,53.0,2.6285616747339033,53.14,10.434167692851656,21.619999999999997,73.36906835395467
2024-12-26,HDFCBANK,11.68,,,,0.0,,45.480000000000004,19.42466259422067
2024-12-26,HUL,11.03,15926.0,24.0,0.028974188761763442,61.9,20.074973642078955,43.71,52.40147018345344
2024-12-26,INFY,15.67,40986.0,24.0,0.09486358890553362,14.43,29.788006718416632,64.92,28.536265262173636
2024-12-26,MM,25.5,37924.0,19.0,1.6414413053331318,18.53,18.537543435564285,95.43,30.93297535251624
2024-12-26,RELIANCE,12.24,231535.0,17.0,0.4420005015873096,50.24,9.958650553699458,50.2,24.137660782650645
2024-12-27,BHARTIARTL,6.31,41473.0,53.0,2.6285616747339033,53.14,10.434167692851656,21.619999999999997,73.38512043066316
2024-12-27,HDFCBANK,11.68,,,,0.0,,45.480000000000004,19.506017304137806
2024-12-27,HUL,11.03,15926.0,24.0,0.028974188761763442,61.9,20.074973642078955,43.71,52.592409265256805
2024-12-27,INFY,15.67,40986.0,24.0,0.09486358890553362,14.43,29.788006718416632,64.92,28.67614783700131
2024-12-27,MM,25.5,37924.0,19.0,1.6414413053331318,18.53,18.537543435564285,95.43,31.700154584021007
2024-12-27,RELIANCE,12.24,231535.0,17.0,0.4420005015873096,50.24,9.958650553699458,50.2,24.226947191701942
2024-12-30,BHARTIARTL,6.31,41473.0,53.0,2.6285616747339033,53.14,10.434167692851656,21.619999999999997,72.79110325364248
2024-12-30,HDFCBANK,11.68,,,,0.0,,45.480000000000004,19.28527617307745
2024-12-30,HUL,11.03,15926.0,24.0,0.028974188761763442,61.9,20.074973642078955,43.71,52.642952127659576
2024-12-30,INFY,15.67,40986.0,24.0,0.09486358890553362,14.43,29.788006718416632,64.92,28.515320388314464
2024-12-30,MM,25.5,37924.0,19.0,1.6414413053331318,18.53,18.537543435564285,95.43,31.216250622183797
2024-12-30,RELIANCE,12.24,231535.0,17.0,0.4420005015873096,50.24,9.958650553699458,50.2,24.021589423555774
2024-12-31,BHARTIARTL,6.31,41473.0,53.0,2.6285616747339033,53.14,10.434167692851656,21.619999999999997,72.83009574106731
2024-12-31,HDFCBANK,11.68,,,,0.0,,45.480000000000004,19.230497522949648
2024-12-31,HUL,11.03,15926.0,24.0,0.028974188761763442,61.9,20.074973642078955,43.71,52.2689382971574
2024-12-31,INFY,15.67,40986.0,24.0,0.09486358890553362,14.43,29.788006718416632,64.92,28.126336906842074
2024-12-31,MM,25.5,37924.0,19.0,1.6414413053331318,18.53,18.537543435564285,95.43,31.25991093766373
2024-12-31,RELIANCE,12.24,231535.0,17.0,0.4420005015873096,50.24,9.958650553699458,50.2,24.115834027172557
2025-01-01,BHARTIARTL,6.31,41473.0,53.0,2.6285616747339033,53.14,10.434167692851656,21.619999999999997,73.19475962650324
2025-01-01,HDFCBANK,11.68,,,,0.0,,45.480000000000004,19.337883431762585
2025-01-01,HUL,11.03,15926.0,24.0,0.028974188761763442,61.9,20.074973642078955,43.71,52.162239181179935
2025-01-01,INFY,15.67,40986.0,24.0,0.09486358890553362,14.43,29.788006718416632,64.92,28.16373833299638
2025-01-01,MM,25.5,37924.0,19.0,1.6414413053331318,18.53,18.537543435564285,95.43,32.03852330815126
2025-01-01,RELIANCE,12.24,231535.0,17.0,0.4420005015873096,50.24,9.958650553699458,50.2,24.230913261018426
2025-01-02,BHARTIARTL,6.31,41473.0,53.0,2.6285616747339033,53.14,10.434167692851656,21.619999999999997,73.83693867982483
2025-01-02,HDFCBANK,11.68,,,,0.0,,45.480000000000004,19.457203941378765
2025-01-02,HUL,11.03,15926.0,24.0,0.028974188761763442,61.9,20.074973642078955,43.71,53.23822852322123
2025-01-02,INFY,15.67,40986.0,24.0,0.09486358890553362,14.43,29.788006718416632,64.92,29.291036609360557
2025-01-02,MM,25.5,37924.0,19.0,1.6414413053331318,18.53,18.537543435564285,95.43,33.38056762401105
2025-01-02,RELIANCE,12.24,231535.0,17.0,0.4420005015873096,50.24,9.958650553699458,50.2,24.63864755820468
2025-01-03,BHARTIARTL,6.31,41473.0,53.0,2.6285616747339033,53.14,10.434167692851656,21.619999999999997,73.3392509015813
2025-01-03,HDFCBANK,11.68,,,,0.0,,45.480000000000004,18.973959299589104
2025-01-03,HUL,11.03,15926.0,24.0,0.028974188761763442,61.9,20.074973642078955,43.71,54.05252771283745
2025-01-03,INFY,15.67,40986.0,24.0,0.09486358890553362,14.43,29.788006718416632,64.92,29.005284523861096
2025-01-03,MM,25.5,37924.0,19.0,1.6414413053331318,18.53,18.537543435564285,95.43,33.166942658394895
2025-01-03,RELIANCE,12.24,231535.0,17.0,0.4420005015873096,50.24,9.958650553699458,50.2,24.824162821370766
2025-01-06,BHARTIARTL,6.31,41473.0,53.0,2.6285616747339033,53.14,10.434167692851656,21.619999999999997,72.86219989448428
2025-01-06,HDFCBANK,11.68,,,,0.0,,45.480000000000004,18.554173505610294
2025-01-06,HUL,11.03,15926.0,24.0,0.028974188761763442,61.9,20.074973642078955,43.71,53.377502064387436
2025-01-06,INFY,15.67,40986.0,24.0,0.09486358890553362,14.43,29.788006718416632,64.92,28.991821439488024
2025-01-06,MM,25.5,37924.0,19.0,1.6414413053331318,18.53,18.537543435564285,95.43,32.28489478953814
2025-01-06,RELIANCE,12.24,231535.0,17.0,0.4420005015873096,50.24,9.958650553699458,50.2,24.16642998319223
2025-01-07,BHARTIARTL,6.31,41473.0,53.0,2.6285616747339033,53.14,10.434167692851656,21.619999999999997,72.97228902275093
2025-01-07,HDFCBANK,11.68,,,,0.0,,45.480000000000004,18.58562915704705
2025-01-07,HUL,11.03,15926.0,24.0,0.028974188761763442,61.9,20.074973642078955,43.71,53.705474916352095
2025-01-07,INFY,15.67,40986.0,24.0,0.09486358890553362,14.43,29.788006718416632,64.92,28.88709518987311
2025-01-07,MM,25.5,37924.0,19.0,1.6414413053331318,18.53,18.537543435564285,95.43,32.31764130530886
2025-01-07,RELIANCE,12.24,231535.0,17.0,0.4420005015873096,50.24,9.958650553699458,50.2,24.619797178473604
2025-01-08,BHARTIARTL,6.31,41473.0,53.0,2.6285616747339033,53.14,10.434167692851656,21.619999999999997,73.35530297828979
2025-01-08,HDFCBANK,11.68,,,,0.0,,45.480000000000004,18.378449157339077
2025-01-08,HUL,11.03,15926.0,24.0,0.028974188761763442,61.9,20.074973642078955,43.71,53.934596229052275
2025-01-08,INFY,15.67,40986.0,24.0,0.09486358890553362,14.43,29.788006718416632,64.92,28.921505028424406
2025-01-08,MM,25.5,37924.0,19.0,1.6414413053331318,18.53,18.537543435564285,95.43,32.08114494508409
2025-01-08,RELIANCE,12.24,231535.0,17.0,0.4420005015873096,50.24,9.958650553699458,50.2,25.108880882719124
2025-01-09,BHARTIARTL,6.31,41473.0,53.0,2.6285616747339033,53.14,10.434167692851656,21.619999999999997,73.71538781546312
2025-01-09,HDFCBANK,11.68,,,,0.0,,45.480000000000004,18.090997459391488
2025-01-09,HUL,11.03,15926.0,24.0,0.028974188761763442,61.9,20.074973642078955,43.71,54.70733398214082
2025-01-09,INFY,15.67,40986.0,24.0,0.09486358890553362,14.43,29.788006718416632,64.92,28.684377993467923
2025-01-09,MM,25.5,37924.0,19.0,1.6414413053331318,18.53,18.537543435564285,95.43,32.5011190098436
2025-01-09,RELIANCE,12.24,231535.0,17.0,0.4420005015873096,50.24,9.958650553699458,50.2,24.895588544260455
2025-01-10,BHARTIARTL,6.31,41473.0,53.0,2.6285616747339033,53.14,10.434167692851656,21.619999999999997,74.12133653554291
2025-01-10,HDFCBANK,11.68,,,,0.0,,45.480000000000004,17.9711347729256
2025-01-10,HUL,11.03,15926.0,24.0,0.028974188761763442,61.9,20.074973642078955,43.71,54.8567227983442
2025-01-10,INFY,15.67,40986.0,24.0,0.09486358890553362,14.43,29.788006718416632,64.92,29.427179229604704
2025-01-10,MM,25.5,37924.0,19.0,1.6414413053331318,18.53,18.537543435564285,95.43,32.15131458840904
2025-01-10,RELIANCE,12.24,231535.0,17.0,0.4420005015873096,50.24,9.958650553699458,50.2,24.640631808702686
2025-01-13,BHARTIARTL,6.31,41473.0,53.0,2.6285616747339033,53.14,10.434167692851656,21.619999999999997,73.26356392012605
2025-01-13,HDFCBANK,11.68,,,,0.0,,45.480000000000004,17.690191881218393
2025-01-13,HUL,11.03,15926.0,24.0,0.028974188761763442,61.9,20.074973642078955,43.71,55.057771569720884
2025-01-13,INFY,15.67,40986.0,24.0,0.09486358890553362,14.43,29.788006718416632,64.92,29.35611633187962
2025-01-13,MM,25.5,37924.0,19.0,1.6414413053331318,18.53,18.537543435564285,95.43,31.182465427865974
2025-01-13,RELIANCE,12.24,231535.0,17.0,0.4420005015873096,50.24,9.958650553699458,50.2,24.599957105173058
2025-01-14,BHARTIARTL,6.31,41473.0,53.0,2.6285616747339033,53.14,10.434167692851656,21.619999999999997,73.39658781293363
2025-01-14,HDFCBANK,11.68,,,,0.0,,45.480000000000004,17.861035295820276
2025-01-14,HUL,11.03,15926.0,24.0,0.028974188761763442,61.9,20.074973642078955,43.71,53.19218195921986
2025-01-14,INFY,15.67,40986.0,24.0,0.09486358890553362,14.43,29.788006718416632,64.92,29.024736424397336
2025-01-14,MM,25.5,37924.0,19.0,1.6414413053331318,18.53,18.537543435564285,95.43,31.70067392329456
2025-01-14,RELIANCE,12.24,231535.0,17.0,0.4420005015873096,50.24,9.958650553699458,50.2,24.5781327813745
2025-01-15,BHARTIARTL,6.31,41473.0,53.0,2.6285616747339033,53.14,10.434167692851656,21.619999999999997,73.73373223939062
2025-01-15,HDFCBANK,11.68,,,,0.0,,45.480000000000004,17.82252731927152
2025-01-15,HUL,11.03,15926.0,24.0,0.028974188761763442,61.9,20.074973642078955,43.71,53.305628315531344
2025-01-15,INFY,15.67,40986.0,24.0,0.09486358890553362,14.43,29.788006718416632,64.92,29.168358953808532
2025-01-15,MM,25.5,37924.0,19.0,1.6414413053331318,18.53,18.537543435564285,95.43,30.772888381863666
2025-01-15,RELIANCE,12.24,231535.0,17.0,0.4420005015873096,50.24,9.958650553699458,50.2,24.844992588240785
2025-01-16,BHARTIARTL,6.31,41473.0,53.0,2.6285616747339033,53.14,10.434167692851656,21.619999999999997,74.77727531835396
2025-01-16,HDFCBANK,11.68,,,,0.0,,45.480000000000004,17.920152702767698
2025-01-16,HUL,11.03,15926.0,24.0,0.028974188761763442,61.9,20.074973642078955,43.71,52.676649231082706
2025-01-16,INFY,15.67,40986.0,24.0,0.09486358890553362,14.43,29.788006718416632,64.92,28.85118861736079
2025-01-16,MM,25.5,37924.0,19.0,1.6414413053331318,18.53,18.537543435564285,95.43,30.98443599038562
2025-01-16,RELIANCE,12.24,231535.0,17.0,0.4420005015873096,50.24,9.958650553699458,50.2,25.127728830770668
2025-01-17,BHARTIARTL,6.31,41473.0,53.0,2.6285616747339033,53.14,10.434167692851656,21.619999999999997,74.65342646059783
2025-01-17,HDFCBANK,11.68,,,,0.0,,45.480000000000004,17.754190221835145
2025-01-17,HUL,11.03,15926.0,24.0,0.028974188761763442,61.9,20.074973642078955,43.71,52.87882068069378
2025-01-17,INFY,15.67,40986.0,24.0,0.09486358890553362,14.43,29.788006718416632,64.92,27.1606163264643
2025-01-17,MM,25.5,37924.0,19.0,1.6414413053331318,18.53,18.537543435564285,95.43,30.326926886854235
2025-01-17,RELIANCE,12.24,231535.0,17.0,0.4420005015873096,50.24,9.958650553699458,50.2,25.840023694285357
2025-01-20,BHARTIARTL,6.31,41473.0,53.0,2.6285616747339033,53.14,10.434167692851656,21.619999999999997,75.27955343721092
2025-01-20,HDFCBANK,11.68,,,,0.0,,45.480000000000004,17.911473847106556
2025-01-20,HUL,11.03,15926.0,24.0,0.028974188761763442,61.9,20.074973642078955,43.71,52.681139944020245
2025-01-20,INFY,15.67,40986.0,24.0,0.09486358890553362,14.43,29.788006718416632,64.92,27.128451588854553
2025-01-20,MM,25.5,37924.0,19.0,1.6414413053331318,18.53,18.537543435564285,95.43,30.02286269631536
2025-01-20,RELIANCE,12.24,231535.0,17.0,0.4420005015873096,50.24,9.958650553699458,50.2,25.90153059636454
2025-01-21,BHARTIARTL,6.31,41473.0,53.0,2.6285616747339033,53.14,10.434167692851656,21.619999999999997,74.59150485480748
2025-01-21,HDFCBANK,11.68,,,,0.0,,45.480000000000004,17.815476336181423
2025-01-21,HUL,11.03,15926.0,24.0,0.028974188761763442,61.9,20.074973642078955,43.71,52.57556350627716
2025-01-21,INFY,15.67,40986.0,24.0,0.09486358890553362,14.43,29.788006718416632,64.92,26.939943963483902
2025-01-21,MM,25.5,37924.0,19.0,1.6414413053331318,18.53,18.537543435564285,95.43,29.328452362824844
2025-01-21,RELIANCE,12.24,231535.0,17.0,0.4420005015873096,50.24,9.958650553699458,50.2,25.271577265158115
2025-01-22,BHARTIARTL,6.31,41473.0,53.0,2.6285616747339033,53.14,10.434167692851656,21.619999999999997,74.84837195919577
2025-01-22,HDFCBANK,11.68,,,,0.0,,45.480000000000004,18.072014559541966
2025-01-22,HUL,11.03,15926.0,24.0,0.028974188761763442,61.9,20.074973642078955,43.71,52.63059708161748
2025-01-22,INFY,15.67,40986.0,24.0,0.09486358890553362,14.43,29.788006718416632,64.92,27.774010245181568
2025-01-22,MM,25.5,37924.0,19.0,1.6414413053331318,18.53,18.537543435564285,95.43,29.381987799466884
2025-01-22,RELIANCE,12.24,231535.0,17.0,0.4420005015873096,50.24,9.958650553699458,50.2,25.339036918731324
2025-01-23,BHARTIARTL,6.31,41473.0,53.0,2.6285616747339033,53.14,10.434167692851656,21.619999999999997,75.04332310396913
2025-01-23,HDFCBANK,11.68,,,,0.0,,45.480000000000004,18.059540465932827
2025-01-23,HUL,11.03,15926.0,24.0,0.028974188761763442,61.9,20.074973642078955,43.71,52.15324658437714
2025-01-23,INFY,15.67,40986.0,24.0,0.09486358890553362,14.43,29.788006718416632,64.92,27.908656131464685
2025-01-23,MM,25.5,37924.0,19.0,1.6414413053331318,18.53,18.537543435564285,95.43,30.0057091503589
2025-01-23,RELIANCE,12.24,231535.0,17.0,0.4420005015873096,50.24,9.958650553699458,50.2,25.07217468018551
2025-01-24,BHARTIARTL,6.31,41473.0,53.0,2.6285616747339033,53.14,10.434167692851656,21.619999999999997,75.44697947682991
2025-01-24,HDFCBANK,11.68,,,,0.0,,45.480000000000004,17.895748034421036
2025-01-24,HUL,11.03,15926.0,24.0,0.028974188761763442,61.9,20.074973642078955,43.71,53.19555557938687
2025-01-24,INFY,15.67,40986.0,24.0,0.09486358890553362,14.43,29.788006718416632,64.92,28.058265596720002
2025-01-24,MM,25.5,37924.0,19.0,1.6414413053331318,18.53,18.537543435564285,95.43,29.12158392440794
2025-01-24,RELIANCE,12.24,231535.0,17.0,0.4420005015873096,50.24,9.958650553699458,50.2,24.727933967255975
2025-01-27,BHARTIARTL,6.31,41473.0,53.0,2.6285616747339033,53.14,10.434167692851656,21.619999999999997,73.5112616356383
2025-01-27,HDFCBANK,11.68,,,,0.0,,45.480000000000004,17.67880214130868
2025-01-27,HUL,11.03,15926.0,24.0,0.028974188761763442,61.9,20.074973642078955,43.71,53.75152148035347
2025-01-27,INFY,15.67,40986.0,24.0,0.09486358890553362,14.43,29.788006718416632,64.92,27.25860915357363
2025-01-27,MM,25.5,37924.0,19.0,1.6414413053331318,18.53,18.537543435564285,95.43,29.435525794430472
2025-01-27,RELIANCE,12.24,231535.0,17.0,0.4420005015873096,50.24,9.958650553699458,50.2,24.391625392959412
2025-01-28,BHARTIARTL,6.31,41473.0,53.0,2.6285616747339033,53.14,10.434167692851656,21.619999999999997,74.23371236485315
2025-01-28,HDFCBANK,11.68,,,,0.0,,45.480000000000004,18.11919870770806
2025-01-28,HUL,11.03,15926.0,24.0,0.028974188761763442,61.9,20.074973642078955,43.71,53.66166812335564
2025-01-28,INFY,15.67,40986.0,24.0,0.09486358890553362,14.43,29.788006718416632,64.92,27.374557147258162
2025-01-28,MM,25.5,37924.0,19.0,1.6414413053331318,18.53,18.537543435564285,95.43,29.84094556792282
2025-01-28,RELIANCE,12.24,231535.0,17.0,0.4420005015873096,50.24,9.958650553699458,50.2,24.49182517974975
2025-01-29,BHARTIARTL,6.31,41473.0,53.0,2.6285616747339033,53.14,10.434167692851656,21.619999999999997,73.41263988964212
2025-01-29,HDFCBANK,11.68,,,,0.0,,45.480000000000004,18.19404461138481
2025-01-29,HUL,11.03,15926.0,24.0,0.028974188761763442,61.9,20.074973642078955,43.71,53.551595387211165
2025-01-29,INFY,15.67,40986.0,24.0,0.09486358890553362,14.43,29.788006718416632,64.92,28.14503856007875
2025-01-29,MM,25.5,37924.0,19.0,1.6414413053331318,18.53,18.537543435564285,95.43,30.399695784868488
2025-01-29,RELIANCE,12.24,231535.0,17.0,0.4420005015873096,50.24,9.958650553699458,50.2,24.513649503548304
2025-01-30,BHARTIARTL,6.31,41473.0,53.0,2.6285616747339033,53.14,10.434167692851656,21.619999999999997,75.26120336710801
2025-01-30,HDFCBANK,11.68,,,,0.0,,45.480000000000004,18.348075175557938
2025-01-30,HUL,11.03,15926.0,24.0,0.028974188761763442,61.9,20.074973642078955,43.71,54.108689551876
2025-01-30,INFY,15.67,40986.0,24.0,0.09486358890553362,14.43,29.788006718416632,64.92,27.826373369989025
2025-01-30,MM,25.5,37924.0,19.0,1.6414413053331318,18.53,18.537543435564285,95.43,30.889315037036308
2025-01-30,RELIANCE,12.24,231535.0,17.0,0.4420005015873096,50.24,9.958650553699458,50.2,24.861861149153384
2025-01-31,BHARTIARTL,6.31,41473.0,53.0,2.6285616747339033,53.14,10.434167692851656,21.619999999999997,74.5983818964645
2025-01-31,HDFCBANK,11.68,,,,0.0,,45.480000000000004,18.426717659204595
2025-01-31,HUL,11.03,15926.0,24.0,0.028974188761763442,61.9,20.074973642078955,43.71,55.457618170541636
2025-01-31,INFY,15.67,40986.0,24.0,0.09486358890553362,14.43,29.788006718416632,64.92,28.123347199558108
2025-01-31,MM,25.5,37924.0,19.0,1.6414413053331318,18.53,18.537543435564285,95.43,31.080593063960492
2025-01-31,RELIANCE,12.24,231535.0,17.0,0.4420005015873096,50.24,9.958650553699458,50.2,25.10094388072709
2025-02-03,BHARTIARTL,6.31,41473.0,53.0,2.6285616747339033,53.14,10.434167692851656,21.619999999999997,75.79329329216294
2025-02-03,HDFCBANK,11.68,,,,0.0,,45.480000000000004,18.20163777132462
2025-02-03,HUL,11.03,15926.0,24.0,0.028974188761763442,61.9,20.074973642078955,43.71,54.85447185641158
2025-02-03,INFY,15.67,40986.0,24.0,0.09486358890553362,14.43,29.788006718416632,64.92,27.87649327417398
2025-02-03,MM,25.5,37924.0,19.0,1.6414413053331318,18.53,18.537543435564285,95.43,32.987622226370114
2025-02-03,RELIANCE,12.24,231535.0,17.0,0.4420005015873096,50.24,9.958650553699458,50.2,24.71999696526394
2025-02-04,BHARTIARTL,6.31,41473.0,53.0,2.6285616747339033,53.14,10.434167692851656,21.619999999999997,76.21070939451319
2025-02-04,HDFCBANK,11.68,,,,0.0,,45.480000000000004,18.66698520898609
2025-02-04,HUL,11.03,15926.0,24.0,0.028974188761763442,61.9,20.074973642078955,43.71,54.76686385588252
2025-02-04,INFY,15.67,40986.0,24.0,0.09486358890553362,14.43,29.788006718416632,64.92,28.40760255109654
2025-02-04,MM,25.5,37924.0,19.0,1.6414413053331318,18.53,18.537543435564285,95.43,33.15134968858063
2025-02-04,RELIANCE,12.24,231535.0,17.0,0.4420005015873096,50.24,9.958650553699458,50.2,25.49974905067231
2025-02-05,BHARTIARTL,6.31,41473.0,53.0,2.6285616747339033,53.14,10.434167692851656,21.619999999999997,76.16483986543132
2025-02-05,HDFCBANK,11.68,,,,0.0,,45.480000000000004,18.850302717197117
2025-02-05,HUL,11.03,15926.0,24.0,0.028974188761763442,61.9,20.074973642078955,43.71,53.71108830752402
2025-02-05,INFY,15.67,40986.0,24.0,0.09486358890553362,14.43,29.788006718416632,64.92,28.381420988692813
2025-02-05,MM,25.5,37924.0,19.0,1.6414413053331318,18.53,18.537543435564285,95.43,33.044276256975
2025-02-05,RELIANCE,12.24,231535.0,17.0,0.4420005015873096,50.24,9.958650553699458,50.2,25.36086124252988
2025-02-06,BHARTIARTL,6.31,41473.0,53.0,2.6285616747339033,53.14,10.434167692851656,21.619999999999997,74.29793196403794
2025-02-06,HDFCBANK,11.68,,,,0.0,,45.480000000000004,18.915927588363015
2025-02-06,HUL,11.03,15926.0,24.0,0.028974188761763442,61.9,20.074973642078955,43.71,53.29888107519732
2025-02-06,INFY,15.67,40986.0,24.0,0.09486358890553362,14.43,29.788006718416632,64.92,28.659691284706177
2025-02-06,MM,25.5,37924.0,19.0,1.6414413053331318,18.53,18.537543435564285,95.43,32.640936398898404
2025-02-06,RELIANCE,12.24,231535.0,17.0,0.4420005015873096,50.24,9.958650553699458,50.2,25.427331202533615
2025-02-07,BHARTIARTL,6.31,41473.0,53.0,2.6285616747339033,53.14,10.434167692851656,21.619999999999997,76.91252335258153
2025-02-07,HDFCBANK,11.68,,,,0.0,,45.480000000000004,18.79552272504741
2025-02-07,HUL,11.03,15926.0,24.0,0.028974188761763442,61.9,20.074973642078955,43.71,53.10008324575326
2025-02-07,INFY,15.67,40986.0,24.0,0.09486358890553362,14.43,29.788006718416632,64.92,28.480162182782657
2025-02-07,MM,25.5,37924.0,19.0,1.6414413053331318,18.53,18.537543435564285,95.43,33.24906477997616
2025-02-07,RELIANCE,12.24,231535.0,17.0,0.4420005015873096,50.24,9.958650553699458,50.2,25.132689457015687
2025-02-10,BHARTIARTL,6.31,41473.0,53.0,2.6285616747339033,53.14,10.434167692851656,21.619999999999997,77.66020683973174
2025-02-10,HDFCBANK,11.68,,,,0.0,,45.480000000000004,18.611120863136954
2025-02-10,HUL,11.03,15926.0,24.0,0.028974188761763442,61.9,20.074973642078955,43.71,53.04617234864733
2025-02-10,INFY,15.67,40986.0,24.0,0.09486358890553362,14.43,29.788006718416632,64.92,28.13082710872516
2025-02-10,MM,25.5,37924.0,19.0,1.6414413053331318,18.53,18.537543435564285,95.43,32.612869053232735
2025-02-10,RELIANCE,12.24,231535.0,17.0,0.4420005015873096,50.24,9.958650553699458,50.2,24.8737642204619
2025-02-11,BHARTIARTL,6.31,41473.0,53.0,2.6285616747339033,53.14,10.434167692851656,21.619999999999997,77.82992522656974
2025-02-11,HDFCBANK,11.68,,,,0.0,,45.480000000000004,18.455463768414685
2025-02-11,HUL,11.03,15926.0,24.0,0.028974188761763442,61.9,20.074973642078955,43.71,52.00836523750286
2025-02-11,INFY,15.67,40986.0,24.0,0.09486358890553362,14.43,29.788006718416632,64.92,28.06125906464206
2025-02-11,MM,25.5,37924.0,19.0,1.6414413053331318,18.53,18.537543435564285,95.43,32.079584368941894
2025-02-11,RELIANCE,12.24,231535.0,17.0,0.4420005015873096,50.24,9.958650553699458,50.2,24.500751875311252
2025-02-12,BHARTIARTL,6.31,41473.0,53.0,2.6285616747339033,53.14,10.434167692851656,21.619999999999997,78.50880442009714
2025-02-12,HDFCBANK,11.68,,,,0.0,,45.480000000000004,18.514038998512394
2025-02-12,HUL,11.03,15926.0,24.0,0.028974188761763442,61.9,20.074973642078955,43.71,52.39585120681766
2025-02-12,INFY,15.67,40986.0,24.0,0.09486358890553362,14.43,29.788006718416632,64.92,27.874248173232438
2025-02-12,MM,25.5,37924.0,19.0,1.6414413053331318,18.53,18.537543435564285,95.43,31.05304249924683
2025-02-12,RELIANCE,12.24,231535.0,17.0,0.4420005015873096,50.24,9.958650553699458,50.2,24.137660782650645
2025-02-13,BHARTIARTL,6.31,41473.0,53.0,2.6285616747339033,53.14,10.434167692851656,21.619999999999997,78.64869970838635
2025-02-13,HDFCBANK,11.68,,,,0.0,,45.480000000000004,18.41532791929488
2025-02-13,HUL,11.03,15926.0,24.0,0.028974188761763442,61.9,20.074973642078955,43.71,52.14876145690345
2025-02-13,INFY,15.67,40986.0,24.0,0.09486358890553362,14.43,29.788006718416632,64.92,27.576527857001885
2025-02-13,MM,25.5,37924.0,19.0,1.6414413053331318,18.53,18.537543435564285,95.43,30.957404764945508
2025-02-13,RELIANCE,12.24,231535.0,17.0,0.4420005015873096,50.24,9.958650553699458,50.2,24.12873165540961
2025-02-14,BHARTIARTL,25.95,45129.0,54.0,2.6285616747339033,53.12,10.434167692851656,43.23,39.3896529554852
2025-02-14,HDFCBANK,11.54,,,,0.0,,45.64999999999999,18.315949789926755
2025-02-14,HUL,12.7,15556.0,24.0,0.028974188761763442,61.9,20.074973642078955,45.730000000000004,49.77759338952821
2025-02-14,INFY,16.39,41764.0,24.0,0.09486358890553362,14.43,29.788006718416632,66.6,27.072675092084275
2025-02-14,MM,25.58,41470.0,20.0,1.6414413053331318,18.48,18.537543435564285,99.63,29.299884180844124
2025-02-14,RELIANCE,13.7,239986.0,18.0,0.4420005015873096,50.13,9.958650553699458,51.14,23.707620548372116
2025-02-17,BHARTIARTL,25.95,45129.0,54.0,2.6285616747339033,53.12,10.434167692851656,43.23,38.43762876257807
2025-02-17,HDFCBANK,11.54,,,,0.0,,45.64999999999999,18.559103691042584
2025-02-17,HUL,12.7,15556.0,24.0,0.028974188761763442,61.9,20.074973642078955,45.730000000000004,50.01484703866444
2025-02-17,INFY,16.39,41764.0,24.0,0.09486358890553362,14.43,29.788006718416632,66.6,26.867050766586903
2025-02-17,MM,25.58,41470.0,20.0,1.6414413053331318,18.48,18.537543435564285,99.63,28.198124564795997
2025-02-17,RELIANCE,13.7,239986.0,18.0,0.4420005015873096,50.13,9.958650553699458,51.14,23.85661602952679
2025-02-18,BHARTIARTL,25.95,45129.0,54.0,2.6285616747339033,53.12,10.434167692851656,43.23,38.285076168712415
2025-02-18,HDFCBANK,11.54,,,,0.0,,45.64999999999999,18.620703071519035
2025-02-18,HUL,12.7,15556.0,24.0,0.028974188761763442,61.9,20.074973642078955,45.730000000000004,49.297715317830196
2025-02-18,INFY,16.39,41764.0,24.0,0.09486358890553362,14.43,29.788006718416632,66.6,27.007779874601166
2025-02-18,MM,25.58,41470.0,20.0,1.6414413053331318,18.48,18.537543435564285,99.63,27.78092173463691
2025-02-18,RELIANCE,13.7,239986.0,18.0,0.4420005015873096,50.13,9.958650553699458,51.14,23.866354920316777
2025-02-19,BHARTIARTL,25.95,45129.0,54.0,2.6285616747339033,53.12,10.434167692851656,43.23,37.74139030151226
2025-02-19,HDFCBANK,11.54,,,,0.0,,45.64999999999999,18.66555087537651
2025-02-19,HUL,12.7,15556.0,24.0,0.028974188761763442,61.9,20.074973642078955,45.730000000000004,48.31862759334681
2025-02-19,INFY,16.39,41764.0,24.0,0.09486358890553362,14.43,29.788006718416632,66.6,26.40767232075826
2025-02-19,MM,25.58,41470.0,20.0,1.6414413053331318,18.48,18.537543435564285,99.63,27.455819932186593
2025-02-19,RELIANCE,13.7,239986.0,18.0,0.4420005015873096,50.13,9.958650553699458,51.14,23.906279598589656
2025-02-20,BHARTIARTL,25.95,45129.0,54.0,2.6285616747339033,53.12,10.434167692851656,43.23,37.70239161805315
2025-02-20,HDFCBANK,11.54,,,,0.0,,45.64999999999999,18.23219725492881
2025-02-20,HUL,12.7,15556.0,24.0,0.028974188761763442,61.9,20.074973642078955,45.730000000000004,48.26817115234802
2025-02-20,INFY,16.39,41764.0,24.0,0.09486358890553362,14.43,29.788006718416632,66.6,26.616944092530034
2025-02-20,MM,25.58,41470.0,20.0,1.6414413053331318,18.48,18.537543435564285,99.63,28.272802729474055
2025-02-20,RELIANCE,13.7,239986.0,18.0,0.4420005015873096,50.13,9.958650553699458,51.14,24.014374125409415
2025-02-21,BHARTIARTL,25.95,45129.0,54.0,2.6285616747339033,53.12,10.434167692851656,43.23,37.60489632127574
2025-02-21,HDFCBANK,11.54,,,,0.0,,45.64999999999999,18.290554351639518
2025-02-21,HUL,12.7,15556.0,24.0,0.028974188761763442,61.9,20.074973642078955,45.730000000000004,48.130757298272464
2025-02-21,INFY,16.39,41764.0,24.0,0.09486358890553362,14.43,29.788006718416632,66.6,26.468921924854545
2025-02-21,MM,25.58,41470.0,20.0,1.6414413053331318,18.48,18.537543435564285,99.63,26.57909460315668
2025-02-21,RELIANCE,13.7,239986.0,18.0,0.4420005015873096,50.13,9.958650553699458,51.14,23.919914045695638
2025-02-24,BHARTIARTL,25.95,45129.0,54.0,2.6285616747339033,53.12,10.434167692851656,43.23,36.73431163525763
2025-02-24,HDFCBANK,11.54,,,,0.0,,45.64999999999999,18.124129597224126
2025-02-24,HUL,12.7,15556.0,24.0,0.028974188761763442,61.9,20.074973642078955,45.730000000000004,48.12645961178384
2025-02-24,INFY,16.39,41764.0,24.0,0.09486358890553362,14.43,29.788006718416632,66.6,25.72662445160004
2025-02-24,MM,25.58,41470.0,20.0,1.6414413053331318,18.48,18.537543435564285,99.63,26.975884993224934
2025-02-24,RELIANCE,13.7,239986.0,18.0,0.4420005015873096,50.13,9.958650553699458,51.14,23.655035312072254
2025-02-25,BHARTIARTL,25.95,45129.0,54.0,2.6285616747339033,53.12,10.434167692851656,43.23,37.65421860090649
2025-02-25,HDFCBANK,11.54,,,,0.0,,45.64999999999999,18.180864883539844
2025-02-25,HUL,12.7,15556.0,24.0,0.028974188761763442,61.9,20.074973642078955,45.730000000000004,48.50972248797288
2025-02-25,INFY,16.39,41764.0,24.0,0.09486358890553362,14.43,29.788006718416632,66.6,25.779123850412915
2025-02-25,MM,25.58,41470.0,20.0,1.6414413053331318,18.48,18.537543435564285,99.63,27.659444436602932
2025-02-25,RELIANCE,13.7,239986.0,18.0,0.4420005015873096,50.13,9.958650553699458,51.14,23.44955903830172
2025-02-26,BHARTIARTL,25.95,45129.0,54.0,2.6285616747339033,53.12,10.434167692851656,43.23,
2025-02-26,HDFCBANK,11.54,,,,0.0,,45.64999999999999,
2025-02-26,HUL,12.7,15556.0,24.0,0.028974188761763442,61.9,20.074973642078955,45.730000000000004,
2025-02-26,INFY,16.39,41764.0,24.0,0.09486358890553362,14.43,29.788006718416632,66.6,
2025-02-26,MM,25.58,41470.0,20.0,1.6414413053331318,18.48,18.537543435564285,99.63,
2025-02-26,RELIANCE,13.7,239986.0,18.0,0.4420005015873096,50.13,9.958650553699458,51.14,
2025-02-27,BHARTIARTL,25.95,45129.0,54.0,2.6285616747339033,53.12,10.434167692851656,43.23,37.86068205311705
2025-02-27,HDFCBANK,11.54,,,,0.0,,45.64999999999999,18.379169643773963
2025-02-27,HUL,12.7,15556.0,24.0,0.028974188761763442,61.9,20.074973642078955,45.730000000000004,48.201607729813574
2025-02-27,INFY,16.39,41764.0,24.0,0.09486358890553362,14.43,29.788006718416632,66.6,25.729542408619558
2025-02-27,MM,25.58,41470.0,20.0,1.6414413053331318,18.48,18.537543435564285,99.63,27.14864333973201
2025-02-27,RELIANCE,13.7,239986.0,18.0,0.4420005015873096,50.13,9.958650553699458,51.14,23.509935387233575
2025-02-28,BHARTIARTL,25.95,45129.0,54.0,2.6285616747339033,53.12,10.434167692851656,43.23,36.02086812181934
2025-02-28,HDFCBANK,11.54,,,,0.0,,45.64999999999999,18.721747340926207
2025-02-28,HUL,12.7,15556.0,24.0,0.028974188761763442,61.9,20.074973642078955,45.730000000000004,47.02714344043844
2025-02-28,INFY,16.39,41764.0,24.0,0.09486358890553362,14.43,29.788006718416632,66.6,24.612450585350977
2025-02-28,MM,25.58,41470.0,20.0,1.6414413053331318,18.48,18.537543435564285,99.63,25.74020702772132
2025-02-28,RELIANCE,13.7,239986.0,18.0,0.4420005015873096,50.13,9.958650553699458,51.14,23.373600464105884
2025-03-03,BHARTIARTL,25.95,45129.0,54.0,2.6285616747339033,53.12,10.434167692851656,43.23,36.60814125119275
2025-03-03,HDFCBANK,11.54,,,,0.0,,45.64999999999999,18.38835767430518
2025-03-03,HUL,12.7,15556.0,24.0,0.028974188761763442,61.9,20.074973642078955,45.730000000000004,46.739428011562424
2025-03-03,INFY,16.39,41764.0,24.0,0.09486358890553362,14.43,29.788006718416632,66.6,24.917243293097787
2025-03-03,MM,25.58,41470.0,20.0,1.6414413053331318,18.48,18.537543435564285,99.63,26.00705618601325
2025-03-03,RELIANCE,13.7,239986.0,18.0,0.4420005015873096,50.13,9.958650553699458,51.14,22.811707044235188
2025-03-04,BHARTIARTL,25.95,45129.0,54.0,2.6285616747339033,53.12,10.434167692851656,43.23,36.13901061094003
2025-03-04,HDFCBANK,11.54,,,,0.0,,45.64999999999999,18.479673755390884
2025-03-04,HUL,12.7,15556.0,24.0,0.028974188761763442,61.9,20.074973642078955,45.730000000000004,46.32074258897332
2025-03-04,INFY,16.39,41764.0,24.0,0.09486358890553362,14.43,29.788006718416632,66.6,24.621202623521963
2025-03-04,MM,25.58,41470.0,20.0,1.6414413053331318,18.48,18.537543435564285,99.63,26.02149437292984
2025-03-04,RELIANCE,13.7,239986.0,18.0,0.4420005015873096,50.13,9.958650553699458,51.14,22.629604108360628
2025-03-05,BHARTIARTL,25.95,45129.0,54.0,2.6285616747339033,53.12,10.434167692851656,43.23,37.12314920736468
2025-03-05,HDFCBANK,11.54,,,,0.0,,45.64999999999999,18.263537102957287
2025-03-05,HUL,12.7,15556.0,24.0,0.028974188761763442,61.9,20.074973642078955,45.730000000000004,46.60201415748688
2025-03-05,INFY,16.39,41764.0,24.0,0.09486358890553362,14.43,29.788006718416632,66.6,24.959537173892645
2025-03-05,MM,25.58,41470.0,20.0,1.6414413053331318,18.48,18.537543435564285,99.63,27.14914078575103
2025-03-05,RELIANCE,13.7,239986.0,18.0,0.4420005015873096,50.13,9.958650553699458,51.14,22.896430620142013
2025-03-06,BHARTIARTL,25.95,45129.0,54.0,2.6285616747339033,53.12,10.434167692851656,43.23,37.32158476463105
2025-03-06,HDFCBANK,11.54,,,,0.0,,45.64999999999999,18.276504900996034
2025-03-06,HUL,12.7,15556.0,24.0,0.028974188761763442,61.9,20.074973642078955,45.730000000000004,47.64336227927509
2025-03-06,INFY,16.39,41764.0,24.0,0.09486358890553362,14.43,29.788006718416632,66.6,25.022975245753567
2025-03-06,MM,25.58,41470.0,20.0,1.6414413053331318,18.48,18.537543435564285,99.63,27.306463602830473
2025-03-06,RELIANCE,13.7,239986.0,18.0,0.4420005015873096,50.13,9.958650553699458,51.14,23.55862745420048
2025-03-07,BHARTIARTL,25.95,45129.0,54.0,2.6285616747339033,53.12,10.434167692851656,43.23,37.40875646523682
2025-03-07,HDFCBANK,11.54,,,,0.0,,45.64999999999999,18.255432062055043
2025-03-07,HUL,12.7,15556.0,24.0,0.028974188761763442,61.9,20.074973642078955,45.730000000000004,47.33417977291985
2025-03-07,INFY,16.39,41764.0,24.0,0.09486358890553362,14.43,29.788006718416632,66.6,24.587660780898087
2025-03-07,MM,25.58,41470.0,20.0,1.6414413053331318,18.48,18.537543435564285,99.63,27.16158918859154
2025-03-07,RELIANCE,13.7,239986.0,18.0,0.4420005015873096,50.13,9.958650553699458,51.14,24.34157937310569
2025-03-10,BHARTIARTL,25.95,45129.0,54.0,2.6285616747339033,53.12,10.434167692851656,43.23,37.41449148269431
2025-03-10,HDFCBANK,11.54,,,,0.0,,45.64999999999999,18.23651985427506
2025-03-10,HUL,12.7,15556.0,24.0,0.028974188761763442,61.9,20.074973642078955,45.730000000000004,48.26173263072654
2025-03-10,INFY,16.39,41764.0,24.0,0.09486358890553362,14.43,29.788006718416632,66.6,24.812973984726916
2025-03-10,MM,25.58,41470.0,20.0,1.6414413053331318,18.48,18.537543435564285,99.63,26.91017065878124
2025-03-10,RELIANCE,13.7,239986.0,18.0,0.4420005015873096,50.13,9.958650553699458,51.14,24.119546984992176
2025-03-11,BHARTIARTL,25.95,45129.0,54.0,2.6285616747339033,53.12,10.434167692851656,43.23,38.14857936473514
2025-03-11,HDFCBANK,11.54,,,,0.0,,45.64999999999999,18.214906857543816
2025-03-11,HUL,12.7,15556.0,24.0,0.028974188761763442,61.9,20.074973642078955,45.730000000000004,47.600417446834676
2025-03-11,INFY,16.39,41764.0,24.0,0.09486358890553362,14.43,29.788006718416632,66.6,24.231823987073014
2025-03-11,MM,25.58,41470.0,20.0,1.6414413053331318,18.48,18.537543435564285,99.63,26.342614156754994
2025-03-11,RELIANCE,13.7,239986.0,18.0,0.4420005015873096,50.13,9.958650553699458,51.14,24.292887306138784
2025-03-12,BHARTIARTL,25.95,45129.0,54.0,2.6285616747339033,53.12,10.434167692851656,43.23,37.68747944316736
2025-03-12,HDFCBANK,11.54,,,,0.0,,45.64999999999999,18.49210273266361
2025-03-12,HUL,12.7,15556.0,24.0,0.028974188761763442,61.9,20.074973642078955,45.730000000000004,47.08403840305871
2025-03-12,INFY,16.39,41764.0,24.0,0.09486358890553362,14.43,29.788006718416632,66.6,23.200045748873876
2025-03-12,MM,25.58,41470.0,20.0,1.6414413053331318,18.48,18.537543435564285,99.63,26.419282105509136
2025-03-12,RELIANCE,13.7,239986.0,18.0,0.4420005015873096,50.13,9.958650553699458,51.14,24.482781354645336
2025-03-13,BHARTIARTL,25.95,45129.0,54.0,2.6285616747339033,53.12,10.434167692851656,43.23,37.45004802618263
2025-03-13,HDFCBANK,11.54,,,,0.0,,45.64999999999999,18.442929655411422
2025-03-13,HUL,12.7,15556.0,24.0,0.028974188761763442,61.9,20.074973642078955,45.730000000000004,46.69541543092608
2025-03-13,INFY,16.39,41764.0,24.0,0.09486358890553362,14.43,29.788006718416632,66.6,23.039627762528156
2025-03-13,MM,25.58,41470.0,20.0,1.6414413053331318,18.48,18.537543435564285,99.63,26.321701820172137
2025-03-13,RELIANCE,13.7,239986.0,18.0,0.4420005015873096,50.13,9.958650553699458,51.14,24.30457397508677
2025-03-14,BHARTIARTL,25.95,45129.0,54.0,2.6285616747339033,53.12,10.434167692851656,43.23,
2025-03-14,HDFCBANK,11.54,,,,0.0,,45.64999999999999,
2025-03-14,HUL,12.7,15556.0,24.0,0.028974188761763442,61.9,20.074973642078955,45.730000000000004,
2025-03-14,INFY,16.39,41764.0,24.0,0.09486358890553362,14.43,29.788006718416632,66.6,
2025-03-14,MM,25.58,41470.0,20.0,1.6414413053331318,18.48,18.537543435564285,99.63,
2025-03-14,RELIANCE,13.7,239986.0,18.0,0.4420005015873096,50.13,9.958650553699458,51.14,
2025-03-17,BHARTIARTL,25.95,45129.0,54.0,2.6285616747339033,53.12,10.434167692851656,43.23,37.602603443789036
2025-03-17,HDFCBANK,11.54,,,,0.0,,45.64999999999999,18.483997691761367
2025-03-17,HUL,12.7,15556.0,24.0,0.028974188761763442,61.9,20.074973642078955,45.730000000000004,46.61918888721845
2025-03-17,INFY,16.39,41764.0,24.0,0.09486358890553362,14.43,29.788006718416632,66.6,23.188381252346097
2025-03-17,MM,25.58,41470.0,20.0,1.6414413053331318,18.48,18.537543435564285,99.63,26.935560009535283
2025-03-17,RELIANCE,13.7,239986.0,18.0,0.4420005015873096,50.13,9.958650553699458,51.14,24.12830959972013
2025-03-18,BHARTIARTL,25.95,45129.0,54.0,2.6285616747339033,53.12,10.434167692851656,43.23,37.602603443789036
2025-03-18,HDFCBANK,11.54,,,,0.0,,45.64999999999999,18.483997691761367
2025-03-18,HUL,12.7,15556.0,24.0,0.028974188761763442,61.9,20.074973642078955,45.730000000000004,46.61918888721845
2025-03-18,INFY,16.39,41764.0,24.0,0.09486358890553362,14.43,29.788006718416632,66.6,23.188381252346097
2025-03-18,MM,25.58,41470.0,20.0,1.6414413053331318,18.48,18.537543435564285,99.63,26.935560009535283
2025-03-18,RELIANCE,13.7,239986.0,18.0,0.4420005015873096,50.13,9.958650553699458,51.14,24.12830959972013
2025-03-19,BHARTIARTL,25.95,45129.0,54.0,2.6285616747339033,53.12,10.434167692851656,43.23,37.556720480388336
2025-03-19,HDFCBANK,11.54,,,,0.0,,45.64999999999999,18.848187048620623
2025-03-19,HUL,12.7,15556.0,24.0,0.028974188761763442,61.9,20.074973642078955,45.730000000000004,47.23755923866991
2025-03-19,INFY,16.39,41764.0,24.0,0.09486358890553362,14.43,29.788006718416632,66.6,23.137338999155407
2025-03-19,MM,25.58,41470.0,20.0,1.6414413053331318,18.48,18.537543435564285,99.63,27.77146290885652
2025-03-19,RELIANCE,13.7,239986.0,18.0,0.4420005015873096,50.13,9.958650553699458,51.14,24.28996563890179
2025-03-20,BHARTIARTL,25.95,45129.0,54.0,2.6285616747339033,53.12,10.434167692851656,43.23,39.118955048758096
2025-03-20,HDFCBANK,11.54,,,,0.0,,45.64999999999999,19.114574419838448
2025-03-20,HUL,12.7,15556.0,24.0,0.028974188761763442,61.9,20.074973642078955,45.730000000000004,48.14685894106713
2025-03-20,INFY,16.39,41764.0,24.0,0.09486358890553362,14.43,29.788006718416632,66.6,23.560257645340656
2025-03-20,MM,25.58,41470.0,20.0,1.6414413053331318,18.48,18.537543435564285,99.63,28.159791815655428
2025-03-20,RELIANCE,13.7,239986.0,18.0,0.4420005015873096,50.13,9.958650553699458,51.14,24.718445802881796
2025-03-21,BHARTIARTL,25.95,45129.0,54.0,2.6285616747339033,53.12,10.434167692851656,43.23,39.590381390238264
2025-03-21,HDFCBANK,11.54,,,,0.0,,45.64999999999999,19.131866154247675
2025-03-21,HUL,12.7,15556.0,24.0,0.028974188761763442,61.9,20.074973642078955,45.730000000000004,48.22845091945932
2025-03-21,INFY,16.39,41764.0,24.0,0.09486358890553362,14.43,29.788006718416632,66.6,23.224839219101916
2025-03-21,MM,25.58,41470.0,20.0,1.6414413053331318,18.48,18.537543435564285,99.63,27.89841701404572
2025-03-21,RELIANCE,13.7,239986.0,18.0,0.4420005015873096,50.13,9.958650553699458,51.14,24.85867389534244
2025-03-24,BHARTIARTL,25.95,45129.0,54.0,2.6285616747339033,53.12,10.434167692851656,43.23,39.429798077687664
2025-03-24,HDFCBANK,11.54,,,,0.0,,45.64999999999999,19.45228802282996
2025-03-24,HUL,12.7,15556.0,24.0,0.028974188761763442,61.9,20.074973642078955,45.730000000000004,48.44315906543844
2025-03-24,INFY,16.39,41764.0,24.0,0.09486358890553362,14.43,29.788006718416632,66.6,23.22775534323386
2025-03-24,MM,25.58,41470.0,20.0,1.6414413053331318,18.48,18.537543435564285,99.63,27.628078382201647
2025-03-24,RELIANCE,13.7,239986.0,18.0,0.4420005015873096,50.13,9.958650553699458,51.14,25.360190966281287
2025-03-25,BHARTIARTL,25.95,45129.0,54.0,2.6285616747339033,53.12,10.434167692851656,43.23,39.69819745944657
2025-03-25,HDFCBANK,11.54,,,,0.0,,45.64999999999999,19.684094599277795
2025-03-25,HUL,12.7,15556.0,24.0,0.028974188761763442,61.9,20.074973642078955,45.730000000000004,48.767380805133385
2025-03-25,INFY,16.39,41764.0,24.0,0.09486358890553362,14.43,29.788006718416632,66.6,23.74838156027121
2025-03-25,MM,25.58,41470.0,20.0,1.6414413053331318,18.48,18.537543435564285,99.63,27.242739052462863
2025-03-25,RELIANCE,13.7,239986.0,18.0,0.4420005015873096,50.13,9.958650553699458,51.14,25.035909772805045
2025-03-26,BHARTIARTL,25.95,45129.0,54.0,2.6285616747339033,53.12,10.434167692851656,43.23,39.882870104311245
2025-03-26,HDFCBANK,11.54,,,,0.0,,45.64999999999999,19.523074096813392
2025-03-26,HUL,12.7,15556.0,24.0,0.028974188761763442,61.9,20.074973642078955,45.730000000000004,48.22308014603378
2025-03-26,INFY,16.39,41764.0,24.0,0.09486358890553362,14.43,29.788006718416632,66.6,23.325462914085964
2025-03-26,MM,25.58,41470.0,20.0,1.6414413053331318,18.48,18.537543435564285,99.63,27.304971264773414
2025-03-26,RELIANCE,13.7,239986.0,18.0,0.4420005015873096,50.13,9.958650553699458,51.14,24.79440437707763
2025-03-27,BHARTIARTL,25.95,45129.0,54.0,2.6285616747339033,53.12,10.434167692851656,43.23,39.56514279544009
2025-03-27,HDFCBANK,11.54,,,,0.0,,45.64999999999999,19.726241614184012
2025-03-27,HUL,12.7,15556.0,24.0,0.028974188761763442,61.9,20.074973642078955,45.730000000000004,48.1951692081921
2025-03-27,INFY,16.39,41764.0,24.0,0.09486358890553362,14.43,29.788006718416632,66.6,23.385257205447637
2025-03-27,MM,25.58,41470.0,20.0,1.6414413053331318,18.48,18.537543435564285,99.63,27.21286533611864
2025-03-27,RELIANCE,13.7,239986.0,18.0,0.4420005015873096,50.13,9.958650553699458,51.14,24.894705404282362
2025-03-28,BHARTIARTL,25.95,45129.0,54.0,2.6285616747339033,53.12,10.434167692851656,43.23,39.76472761519055
2025-03-28,HDFCBANK,11.54,,,,0.0,,45.64999999999999,19.757039967398004
2025-03-28,HUL,12.7,15556.0,24.0,0.028974188761763442,61.9,20.074973642078955,45.730000000000004,48.50005936679969
2025-03-28,INFY,16.39,41764.0,24.0,0.09486358890553362,14.43,29.788006718416632,66.6,22.905462224920235
2025-03-28,MM,25.58,41470.0,20.0,1.6414413053331318,18.48,18.537543435564285,99.63,26.54374653013023
2025-03-28,RELIANCE,13.7,239986.0,18.0,0.4420005015873096,50.13,9.958650553699458,51.14,24.83432905535051
2025-03-31,BHARTIARTL,25.95,45129.0,54.0,2.6285616747339033,53.12,10.434167692851656,43.23,
2025-03-31,HDFCBANK,11.54,,,,0.0,,45.64999999999999,
2025-03-31,HUL,12.7,15556.0,24.0,0.028974188761763442,61.9,20.074973642078955,45.730000000000004,
2025-03-31,INFY,16.39,41764.0,24.0,0.09486358890553362,14.43,29.788006718416632,66.6,
2025-03-31,MM,25.58,41470.0,20.0,1.6414413053331318,18.48,18.537543435564285,99.63,
2025-03-31,RELIANCE,13.7,239986.0,18.0,0.4420005015873096,50.13,9.958650553699458,51.14,
2025-04-01,BHARTIARTL,25.95,45129.0,54.0,2.6285616747339033,53.12,10.434167692851656,43.23,39.5525291455225
2025-04-01,HDFCBANK,11.54,,,,0.0,,45.64999999999999,19.104848905565447
2025-04-01,HUL,12.7,15556.0,24.0,0.028974188761763442,61.9,20.074973642078955,45.730000000000004,47.96328633248141
2025-04-01,INFY,16.39,41764.0,24.0,0.09486358890553362,14.43,29.788006718416632,66.6,22.261601811772714
2025-04-01,MM,25.58,41470.0,20.0,1.6414413053331318,18.48,18.537543435564285,99.63,26.265941307054852
2025-04-01,RELIANCE,13.7,239986.0,18.0,0.4420005015873096,50.13,9.958650553699458,51.14,24.396110000580514
2025-04-02,BHARTIARTL,25.95,45129.0,54.0,2.6285616747339033,53.12,10.434167692851656,43.23,40.25106048407501
2025-04-02,HDFCBANK,11.54,,,,0.0,,45.64999999999999,19.418787543640473
2025-04-02,HUL,12.7,15556.0,24.0,0.028974188761763442,61.9,20.074973642078955,45.730000000000004,48.050238406817186
2025-04-02,INFY,16.39,41764.0,24.0,0.09486358890553362,14.43,29.788006718416632,66.6,22.606501765437315
2025-04-02,MM,25.58,41470.0,20.0,1.6414413053331318,18.48,18.537543435564285,99.63,26.262456734448712
2025-04-02,RELIANCE,13.7,239986.0,18.0,0.4420005015873096,50.13,9.958650553699458,51.14,24.367871991255623
2025-04-03,BHARTIARTL,25.95,45129.0,54.0,2.6285616747339033,53.12,10.434167692851656,43.23,40.05377418929274
2025-04-03,HDFCBANK,11.54,,,,0.0,,45.64999999999999,19.396633052094746
2025-04-03,HUL,12.7,15556.0,24.0,0.028974188761763442,61.9,20.074973642078955,45.730000000000004,48.19302303431828
2025-04-03,INFY,16.39,41764.0,24.0,0.09486358890553362,14.43,29.788006718416632,66.6,21.824100712040167
2025-04-03,MM,25.58,41470.0,20.0,1.6414413053331318,18.48,18.537543435564285,99.63,26.002576721369067
2025-04-03,RELIANCE,13.7,239986.0,18.0,0.4420005015873096,50.13,9.958650553699458,51.14,24.320153813367718
2025-04-04,BHARTIARTL,25.95,45129.0,54.0,2.6285616747339033,53.12,10.434167692851656,43.23,39.9952747522337
2025-04-04,HDFCBANK,11.54,,,,0.0,,45.64999999999999,19.639248132444553
2025-04-04,HUL,12.7,15556.0,24.0,0.028974188761763442,61.9,20.074973642078955,45.730000000000004,48.19302303431828
2025-04-04,INFY,16.39,41764.0,24.0,0.09486358890553362,14.43,29.788006718416632,66.6,21.170034780874627
2025-04-04,MM,25.58,41470.0,20.0,1.6414413053331318,18.48,18.537543435564285,99.63,25.85421528405099
2025-04-04,RELIANCE,13.7,239986.0,18.0,0.4420005015873096,50.13,9.958650553699458,51.14,23.463191098424666
2025-04-07,BHARTIARTL,25.95,45129.0,54.0,2.6285616747339033,53.12,10.434167692851656,43.23,38.69226805567604
2025-04-07,HDFCBANK,11.54,,,,0.0,,45.64999999999999,18.995158100441543
2025-04-07,HUL,12.7,15556.0,24.0,0.028974188761763442,61.9,20.074973642078955,45.730000000000004,48.297155177126605
2025-04-07,INFY,16.39,41764.0,24.0,0.09486358890553362,14.43,29.788006718416632,66.6,20.369403827655784
2025-04-07,MM,25.58,41470.0,20.0,1.6414413053331318,18.48,18.537543435564285,99.63,24.805726500552044
2025-04-07,RELIANCE,13.7,239986.0,18.0,0.4420005015873096,50.13,9.958650553699458,51.14,22.70361251741543
2025-04-08,BHARTIARTL,25.95,45129.0,54.0,2.6285616747339033,53.12,10.434167692851656,43.23,39.46650105991933
2025-04-08,HDFCBANK,11.54,,,,0.0,,45.64999999999999,19.11889835620893
2025-04-08,HUL,12.7,15556.0,24.0,0.028974188761763442,61.9,20.074973642078955,45.730000000000004,49.15278451645528
2025-04-08,INFY,16.39,41764.0,24.0,0.09486358890553362,14.43,29.788006718416632,66.6,20.836802989512954
2025-04-08,MM,25.58,41470.0,20.0,1.6414413053331318,18.48,18.537543435564285,99.63,25.128338622434256
2025-04-08,RELIANCE,13.7,239986.0,18.0,0.4420005015873096,50.13,9.958650553699458,51.14,23.02497443063771
2025-04-09,BHARTIARTL,25.95,45129.0,54.0,2.6285616747339033,53.12,10.434167692851656,43.23,39.35524285074023
2025-04-09,HDFCBANK,11.54,,,,0.0,,45.64999999999999,19.07404921532722
2025-04-09,HUL,12.7,15556.0,24.0,0.028974188761763442,61.9,20.074973642078955,45.730000000000004,50.45715105134758
2025-04-09,INFY,16.39,41764.0,24.0,0.09486358890553362,14.43,29.788006718416632,66.6,20.470757011894708
2025-04-09,MM,25.58,41470.0,20.0,1.6414413053331318,18.48,18.537543435564285,99.63,25.122864265752035
2025-04-09,RELIANCE,13.7,239986.0,18.0,0.4420005015873096,50.13,9.958650553699458,51.14,23.08632466864856
2025-04-10,BHARTIARTL,25.95,45129.0,54.0,2.6285616747339033,53.12,10.434167692851656,43.23,
2025-04-10,HDFCBANK,11.54,,,,0.0,,45.64999999999999,
2025-04-10,HUL,12.7,15556.0,24.0,0.028974188761763442,61.9,20.074973642078955,45.730000000000004,
2025-04-10,INFY,16.39,41764.0,24.0,0.09486358890553362,14.43,29.788006718416632,66.6,
2025-04-10,MM,25.58,41470.0,20.0,1.6414413053331318,18.48,18.537543435564285,99.63,
2025-04-10,RELIANCE,13.7,239986.0,18.0,0.4420005015873096,50.13,9.958650553699458,51.14,
2025-04-11,BHARTIARTL,25.95,45129.0,54.0,2.6285616747339033,53.12,10.434167692851656,43.23,40.29694062373497
2025-04-11,HDFCBANK,11.54,,,,0.0,,45.64999999999999,19.5252347279744
2025-04-11,HUL,12.7,15556.0,24.0,0.028974188761763442,61.9,20.074973642078955,45.730000000000004,50.80390761671769
2025-04-11,INFY,16.39,41764.0,24.0,0.09486358890553362,14.43,29.788006718416632,66.6,20.554611618454395
2025-04-11,MM,25.58,41470.0,20.0,1.6414413053331318,18.48,18.537543435564285,99.63,25.69291044834638
2025-04-11,RELIANCE,13.7,239986.0,18.0,0.4420005015873096,50.13,9.958650553699458,51.14,23.74073039007504
2025-04-14,BHARTIARTL,25.95,45129.0,54.0,2.6285616747339033,53.12,10.434167692851656,43.23,
2025-04-14,HDFCBANK,11.54,,,,0.0,,45.64999999999999,
2025-04-14,HUL,12.7,15556.0,24.0,0.028974188761763442,61.9,20.074973642078955,45.730000000000004,
2025-04-14,INFY,16.39,41764.0,24.0,0.09486358890553362,14.43,29.788006718416632,66.6,
2025-04-14,MM,25.58,41470.0,20.0,1.6414413053331318,18.48,18.537543435564285,99.63,
2025-04-14,RELIANCE,13.7,239986.0,18.0,0.4420005015873096,50.13,9.958650553699458,51.14,
2025-04-15,BHARTIARTL,25.95,45129.0,54.0,2.6285616747339033,53.12,10.434167692851656,43.23,41.26502343027123
2025-04-15,HDFCBANK,11.54,,,,0.0,,45.64999999999999,20.153652161914707
2025-04-15,HUL,12.7,15556.0,24.0,0.028974188761763442,61.9,20.074973642078955,45.730000000000004,50.70407316039798
2025-04-15,INFY,16.39,41764.0,24.0,0.09486358890553362,14.43,29.788006718416632,66.6,20.795968087227855
2025-04-15,MM,25.58,41470.0,20.0,1.6414413053331318,18.48,18.537543435564285,99.63,26.346596175380157
2025-04-15,RELIANCE,13.7,239986.0,18.0,0.4420005015873096,50.13,9.958650553699458,51.14,24.1526568266951
2025-04-16,BHARTIARTL,25.95,45129.0,54.0,2.6285616747339033,53.12,10.434167692851656,43.23,41.810999351217326
2025-04-16,HDFCBANK,11.54,,,,0.0,,45.64999999999999,20.29522163583311
2025-04-16,HUL,12.7,15556.0,24.0,0.028974188761763442,61.9,20.074973642078955,45.730000000000004,50.813576076631854
2025-04-16,INFY,16.39,41764.0,24.0,0.09486358890553362,14.43,29.788006718416632,66.6,20.607840506522148
2025-04-16,MM,25.58,41470.0,20.0,1.6414413053331318,18.48,18.537543435564285,99.63,26.23308536506951
2025-04-16,RELIANCE,13.7,239986.0,18.0,0.4420005015873096,50.13,9.958650553699458,51.14,24.137076988414158
2025-04-17,BHARTIARTL,25.95,45129.0,54.0,2.6285616747339033,53.12,10.434167692851656,43.23,43.33653093735543
2025-04-17,HDFCBANK,11.54,,,,0.0,,45.64999999999999,20.605376495327906
2025-04-17,HUL,12.7,15556.0,24.0,0.028974188761763442,61.9,20.074973642078955,45.730000000000004,50.99393476314782
2025-04-17,INFY,16.39,41764.0,24.0,0.09486358890553362,14.43,29.788006718416632,66.6,20.701176640507697
2025-04-17,MM,25.58,41470.0,20.0,1.6414413053331318,18.48,18.537543435564285,99.63,26.67916211858878
2025-04-17,RELIANCE,13.7,239986.0,18.0,0.4420005015873096,50.13,9.958650553699458,51.14,24.82264477338556
2025-04-18,BHARTIARTL,25.95,45129.0,54.0,2.6285616747339033,53.12,10.434167692851656,43.23,
2025-04-18,HDFCBANK,11.54,,,,0.0,,45.64999999999999,
2025-04-18,HUL,12.7,15556.0,24.0,0.028974188761763442,61.9,20.074973642078955,45.730000000000004,
2025-04-18,INFY,16.39,41764.0,24.0,0.09486358890553362,14.43,29.788006718416632,66.6,
2025-04-18,MM,25.58,41470.0,20.0,1.6414413053331318,18.48,18.537543435564285,99.63,
2025-04-18,RELIANCE,13.7,239986.0,18.0,0.4420005015873096,50.13,9.958650553699458,51.14,
2025-04-21,BHARTIARTL,25.95,45129.0,54.0,2.6285616747339033,53.12,10.434167692851656,43.23,43.20577197457639
2025-04-21,HDFCBANK,11.54,,,,0.0,,45.64999999999999,20.825835747107753
2025-04-21,HUL,12.7,15556.0,24.0,0.028974188761763442,61.9,20.074973642078955,45.730000000000004,50.478623467567786
2025-04-21,INFY,16.39,41764.0,24.0,0.09486358890553362,14.43,29.788006718416632,66.6,21.160555086336338
2025-04-21,MM,25.58,41470.0,20.0,1.6414413053331318,18.48,18.537543435564285,99.63,27.521536717103285
2025-04-21,RELIANCE,13.7,239986.0,18.0,0.4420005015873096,50.13,9.958650553699458,51.14,25.231647155785588
2025-04-22,BHARTIARTL,25.95,45129.0,54.0,2.6285616747339033,53.12,10.434167692851656,43.23,42.490032759910655
2025-04-22,HDFCBANK,11.54,,,,0.0,,45.64999999999999,21.19975195526424
2025-04-22,HUL,12.7,15556.0,24.0,0.028974188761763442,61.9,20.074973642078955,45.730000000000004,51.5028021983654
2025-04-22,INFY,16.39,41764.0,24.0,0.09486358890553362,14.43,29.788006718416632,66.6,20.749302769566444
2025-04-22,MM,25.58,41470.0,20.0,1.6414413053331318,18.48,18.537543435564285,99.63,28.05026302396994
2025-04-22,RELIANCE,13.7,239986.0,18.0,0.4420005015873096,50.13,9.958650553699458,51.14,25.1478998559408
2025-04-23,BHARTIARTL,25.95,45129.0,54.0,2.6285616747339033,53.12,10.434167692851656,43.23,43.164477589889835
2025-04-23,HDFCBANK,11.54,,,,0.0,,45.64999999999999,20.79125361531353
2025-04-23,HUL,12.7,15556.0,24.0,0.028974188761763442,61.9,20.074973642078955,45.730000000000004,52.04172674529848
2025-04-23,INFY,16.39,41764.0,24.0,0.09486358890553362,14.43,29.788006718416632,66.6,21.50909882050019
2025-04-23,MM,25.58,41470.0,20.0,1.6414413053331318,18.48,18.537543435564285,99.63,29.05294756615101
2025-04-23,RELIANCE,13.7,239986.0,18.0,0.4420005015873096,50.13,9.958650553699458,51.14,25.31929239892941
2025-04-24,BHARTIARTL,25.95,45129.0,54.0,2.6285616747339033,53.12,10.434167692851656,43.23,42.338626604788345
2025-04-24,HDFCBANK,11.54,,,,0.0,,45.64999999999999,20.714525805637326
2025-04-24,HUL,12.7,15556.0,24.0,0.028974188761763442,61.9,20.074973642078955,45.730000000000004,49.92681653865077
2025-04-24,INFY,16.39,41764.0,24.0,0.09486358890553362,14.43,29.788006718416632,66.6,21.458056567309498
2025-04-24,MM,25.58,41470.0,20.0,1.6414413053331318,18.48,18.537543435564285,99.63,28.88964804542432
2025-04-24,RELIANCE,13.7,239986.0,18.0,0.4420005015873096,50.13,9.958650553699458,51.14,25.350454462474335
2025-04-25,BHARTIARTL,25.95,45129.0,54.0,2.6285616747339033,53.12,10.434167692851656,43.23,41.687121844639144
2025-04-25,HDFCBANK,11.54,,,,0.0,,45.64999999999999,20.65400674074138
2025-04-25,HUL,12.7,15556.0,24.0,0.028974188761763442,61.9,20.074973642078955,45.730000000000004,50.074966600836426
2025-04-25,INFY,16.39,41764.0,24.0,0.09486358890553362,14.43,29.788006718416632,66.6,21.58638985665353
2025-04-25,MM,25.58,41470.0,20.0,1.6414413053331318,18.48,18.537543435564285,99.63,28.51924189814815
2025-04-25,RELIANCE,13.7,239986.0,18.0,0.4420005015873096,50.13,9.958650553699458,51.14,25.3270835115614
2025-04-28,BHARTIARTL,25.95,45129.0,54.0,2.6285616747339033,53.12,10.434167692851656,43.23,41.79265068384224
2025-04-28,HDFCBANK,11.54,,,,0.0,,45.64999999999999,20.751268568592558
2025-04-28,HUL,12.7,15556.0,24.0,0.028974188761763442,61.9,20.074973642078955,45.730000000000004,49.782964162953746
2025-04-28,INFY,16.39,41764.0,24.0,0.09486358890553362,14.43,29.788006718416632,66.6,21.61409761812594
2025-04-28,MM,25.58,41470.0,20.0,1.6414413053331318,18.48,18.537543435564285,99.63,29.18039911735923
2025-04-28,RELIANCE,13.7,239986.0,18.0,0.4420005015873096,50.13,9.958650553699458,51.14,26.659268292310323
2025-04-29,BHARTIARTL,25.95,45129.0,54.0,2.6285616747339033,53.12,10.434167692851656,43.23,41.838530823502204
2025-04-29,HDFCBANK,11.54,,,,0.0,,45.64999999999999,20.62807114466389
2025-04-29,HUL,12.7,15556.0,24.0,0.028974188761763442,61.9,20.074973642078955,45.730000000000004,49.84951690800623
2025-04-29,INFY,16.39,41764.0,24.0,0.09486358890553362,14.43,29.788006718416632,66.6,21.838683165587465
2025-04-29,MM,25.58,41470.0,20.0,1.6414413053331318,18.48,18.537543435564285,99.63,28.971297805787664
2025-04-29,RELIANCE,13.7,239986.0,18.0,0.4420005015873096,50.13,9.958650553699458,51.14,27.2610863904539
2025-04-30,BHARTIARTL,25.95,45129.0,54.0,2.6285616747339033,53.12,10.434167692851656,43.23,42.77220070155274
2025-04-30,HDFCBANK,11.54,,,,0.0,,45.64999999999999,20.80314109777177
2025-04-30,HUL,12.7,15556.0,24.0,0.028974188761763442,61.9,20.074973642078955,45.730000000000004,50.2875339116827
2025-04-30,INFY,16.39,41764.0,24.0,0.09486358890553362,14.43,29.788006718416632,66.6,21.876600110853044
2025-04-30,MM,25.58,41470.0,20.0,1.6414413053331318,18.48,18.537543435564285,99.63,29.162476357836496
2025-04-30,RELIANCE,13.7,239986.0,18.0,0.4420005015873096,50.13,9.958650553699458,51.14,27.364311471878665
2025-05-01,BHARTIARTL,25.95,45129.0,54.0,2.6285616747339033,53.12,10.434167692851656,43.23,
2025-05-01,HDFCBANK,11.54,,,,0.0,,45.64999999999999,
2025-05-01,HUL,12.7,15556.0,24.0,0.028974188761763442,61.9,20.074973642078955,45.730000000000004,
2025-05-01,INFY,16.39,41764.0,24.0,0.09486358890553362,14.43,29.788006718416632,66.6,
2025-05-01,MM,25.58,41470.0,20.0,1.6414413053331318,18.48,18.537543435564285,99.63,
2025-05-01,RELIANCE,13.7,239986.0,18.0,0.4420005015873096,50.13,9.958650553699458,51.14,
2025-05-02,BHARTIARTL,25.95,45129.0,54.0,2.6285616747339033,53.12,10.434167692851656,43.23,42.39827248059074
2025-05-02,HDFCBANK,11.54,,,,0.0,,45.64999999999999,20.769641955606524
2025-05-02,HUL,12.7,15556.0,24.0,0.028974188761763442,61.9,20.074973642078955,45.730000000000004,49.782964162953746
2025-05-02,INFY,16.39,41764.0,24.0,0.09486358890553362,14.43,29.788006718416632,66.6,21.97576849310248
2025-05-02,MM,25.58,41470.0,20.0,1.6414413053331318,18.48,18.537543435564285,99.63,29.046970862503766
2025-05-02,RELIANCE,13.7,239986.0,18.0,0.4420005015873096,50.13,9.958650553699458,51.14,27.652563543398024
2025-05-05,BHARTIARTL,25.95,45129.0,54.0,2.6285616747339033,53.12,10.434167692851656,43.23,42.80661080629771
2025-05-05,HDFCBANK,11.54,,,,0.0,,45.64999999999999,20.930662458070927
2025-05-05,HUL,12.7,15556.0,24.0,0.028974188761763442,61.9,20.074973642078955,45.730000000000004,50.42709393963207
2025-05-05,INFY,16.39,41764.0,24.0,0.09486358890553362,14.43,29.788006718416632,66.6,22.00055829755537
2025-05-05,MM,25.58,41470.0,20.0,1.6414413053331318,18.48,18.537543435564285,99.63,30.085500923730304
2025-05-05,RELIANCE,13.7,239986.0,18.0,0.4420005015873096,50.13,9.958650553699458,51.14,27.8765413226865
2025-05-06,BHARTIARTL,25.95,45129.0,54.0,2.6285616747339033,53.12,10.434167692851656,43.23,43.60952172156922
2025-05-06,HDFCBANK,11.54,,,,0.0,,45.64999999999999,20.87554630810173
2025-05-06,HUL,12.7,15556.0,24.0,0.028974188761763442,61.9,20.074973642078955,45.730000000000004,51.13993331271867
2025-05-06,INFY,16.39,41764.0,24.0,0.09486358890553362,14.43,29.788006718416632,66.6,22.042852178350227
2025-05-06,MM,25.58,41470.0,20.0,1.6414413053331318,18.48,18.537543435564285,99.63,30.552490013832433
2025-05-06,RELIANCE,13.7,239986.0,18.0,0.4420005015873096,50.13,9.958650553699458,51.14,27.673986716152964
2025-05-07,BHARTIARTL,25.95,45129.0,54.0,2.6285616747339033,53.12,10.434167692851656,43.23,43.51317286353516
2025-05-07,HDFCBANK,11.54,,,,0.0,,45.64999999999999,21.025762317736863
2025-05-07,HUL,12.7,15556.0,24.0,0.028974188761763442,61.9,20.074973642078955,45.730000000000004,50.90375808926033
2025-05-07,INFY,16.39,41764.0,24.0,0.09486358890553362,14.43,29.788006718416632,66.6,21.99618502780124
2025-05-07,MM,25.58,41470.0,20.0,1.6414413053331318,18.48,18.537543435564285,99.63,31.065283345252436
2025-05-07,RELIANCE,13.7,239986.0,18.0,0.4420005015873096,50.13,9.958650553699458,51.14,27.383786866475607
2025-05-08,BHARTIARTL,25.95,45129.0,54.0,2.6285616747339033,53.12,10.434167692851656,43.23,43.01077855728083
2025-05-08,HDFCBANK,11.54,,,,0.0,,45.64999999999999,20.84096551333174
2025-05-08,HUL,12.7,15556.0,24.0,0.028974188761763442,61.9,20.074973642078955,45.730000000000004,50.5623616198338
2025-05-08,INFY,16.39,41764.0,24.0,0.09486358890553362,14.43,29.788006718416632,66.6,22.041393199840467
2025-05-08,MM,25.58,41470.0,20.0,1.6414413053331318,18.48,18.537543435564285,99.63,30.201006419063035
2025-05-08,RELIANCE,13.7,239986.0,18.0,0.4420005015873096,50.13,9.958650553699458,51.14,27.403264648055583
2025-05-09,BHARTIARTL,25.95,45129.0,54.0,2.6285616747339033,53.12,10.434167692851656,43.23,42.40286105930488
2025-05-09,HDFCBANK,11.54,,,,0.0,,45.64999999999999,20.42166000650329
2025-05-09,HUL,12.7,15556.0,24.0,0.028974188761763442,61.9,20.074973642078955,45.730000000000004,50.08999515669418
2025-05-09,INFY,16.39,41764.0,24.0,0.09486358890553362,14.43,29.788006718416632,66.6,21.985975844008074
2025-05-09,MM,25.58,41470.0,20.0,1.6414413053331318,18.48,18.537543435564285,99.63,29.693192448779236
2025-05-09,RELIANCE,13.7,239986.0,18.0,0.4420005015873096,50.13,9.958650553699458,51.14,26.822867335683906
2025-05-12,BHARTIARTL,25.95,45129.0,54.0,2.6285616747339033,53.12,10.434167692851656,43.23,42.91672540047421
2025-05-12,HDFCBANK,11.54,,,,0.0,,45.64999999999999,21.151121709850774
2025-05-12,HUL,12.7,15556.0,24.0,0.028974188761763442,61.9,20.074973642078955,45.730000000000004,51.154967207317405
2025-05-12,INFY,16.39,41764.0,24.0,0.09486358890553362,14.43,29.788006718416632,66.6,23.72578022358296
2025-05-12,MM,25.58,41470.0,20.0,1.6414413053331318,18.48,18.537543435564285,99.63,30.913934781347237
2025-05-12,RELIANCE,13.7,239986.0,18.0,0.4420005015873096,50.13,9.958650553699458,51.14,27.977816238970227
2025-05-13,BHARTIARTL,25.95,45129.0,54.0,2.6285616747339033,53.12,10.434167692851656,43.23,41.76511921155737
2025-05-13,HDFCBANK,11.54,,,,0.0,,45.64999999999999,20.77720416467005
2025-05-13,HUL,12.7,15556.0,24.0,0.028974188761763442,61.9,20.074973642078955,45.730000000000004,50.67186453606767
2025-05-13,INFY,16.39,41764.0,24.0,0.09486358890553362,14.43,29.788006718416632,66.6,22.87556416279561
2025-05-13,MM,25.58,41470.0,20.0,1.6414413053331318,18.48,18.537543435564285,99.63,30.407118153574476
2025-05-13,RELIANCE,13.7,239986.0,18.0,0.4420005015873096,50.13,9.958650553699458,51.14,27.572707025903156
2025-05-14,BHARTIARTL,25.95,45129.0,54.0,2.6285616747339033,53.12,10.434167692851656,43.23,42.077108679230285
2025-05-14,HDFCBANK,11.54,,,,0.0,,45.64999999999999,20.647523510234123
2025-05-14,HUL,12.7,15556.0,24.0,0.028974188761763442,61.9,20.074973642078955,45.730000000000004,50.46788725945768
2025-05-14,INFY,16.39,41764.0,24.0,0.09486358890553362,14.43,29.788006718416632,66.6,23.222650751337277
2025-05-14,MM,25.58,41470.0,20.0,1.6414413053331318,18.48,18.537543435564285,99.63,30.885060857987053
2025-05-14,RELIANCE,13.7,239986.0,18.0,0.4420005015873096,50.13,9.958650553699458,51.14,27.742154177716806
2025-05-15,BHARTIARTL,19.33,47876.0,56.0,1.8794602012808783,52.42,32.97293968611443,58.9,31.438365476443124
2025-05-15,HDFCBANK,12.31,,,,0.0,,46.36,20.578187246380235
2025-05-15,HUL,10.49,15670.0,23.0,0.03335897332091818,61.9,21.600340067203756,45.33,51.01502824771123
2025-05-15,INFY,16.93,40925.0,24.0,0.08586069423281638,14.6,27.917510279905656,64.33,24.353124119530158
2025-05-15,MM,26.5,42599.0,19.0,1.6748010747803062,18.45,18.267371071794805,103.98,29.9984588006708
2025-05-15,RELIANCE,14.34,261388.0,17.0,0.4439195920303605,50.1,9.64290796963947,51.47,28.140959027254954
2025-05-16,BHARTIARTL,19.33,47876.0,56.0,1.8794602012808783,52.42,32.97293968611443,58.9,30.542628445325764
2025-05-16,HDFCBANK,12.31,,,,0.0,,46.36,20.5877638151154
2025-05-16,HUL,10.49,15670.0,23.0,0.03335897332091818,61.9,21.600340067203756,45.33,51.582535365651886
2025-05-16,INFY,16.93,40925.0,24.0,0.08586069423281638,14.6,27.917510279905656,64.33,24.004359388358854
2025-05-16,MM,26.5,42599.0,19.0,1.6748010747803062,18.45,18.267371071794805,103.98,29.91545850163493
2025-05-16,RELIANCE,14.34,261388.0,17.0,0.4439195920303605,50.1,9.64290796963947,51.47,28.1835330350204
2025-05-19,BHARTIARTL,19.33,47876.0,56.0,1.8794602012808783,52.42,32.97293968611443,58.9,30.61502919739495
2025-05-19,HDFCBANK,12.31,,,,0.0,,46.36,20.63032912220597
2025-05-19,HUL,10.49,15670.0,23.0,0.03335897332091818,61.9,21.600340067203756,45.33,51.61069798043514
2025-05-19,INFY,16.93,40925.0,24.0,0.08586069423281638,14.6,27.917510279905656,64.33,23.54990981256315
2025-05-19,MM,26.5,42599.0,19.0,1.6748010747803062,18.45,18.267371071794805,103.98,29.84294887688738
2025-05-19,RELIANCE,14.34,261388.0,17.0,0.4439195920303605,50.1,9.64290796963947,51.47,27.881649144070575
2025-05-20,BHARTIARTL,19.33,47876.0,56.0,1.8794602012808783,52.42,32.97293968611443,58.9,30.45676058136142
2025-05-20,HDFCBANK,12.31,,,,0.0,,46.36,20.377066137463597
2025-05-20,HUL,10.49,15670.0,23.0,0.03335897332091818,61.9,21.600340067203756,45.33,50.70962356779451
2025-05-20,INFY,16.93,40925.0,24.0,0.08586069423281638,14.6,27.917510279905656,64.33,23.561985911875293
2025-05-20,MM,26.5,42599.0,19.0,1.6748010747803062,18.45,18.267371071794805,103.98,29.22757972912459
2025-05-20,RELIANCE,14.34,261388.0,17.0,0.4439195920303605,50.1,9.64290796963947,51.47,27.568153513272296
2025-05-21,BHARTIARTL,19.33,47876.0,56.0,1.8794602012808783,52.42,32.97293968611443,58.9,30.685745006101445
2025-05-21,HDFCBANK,12.31,,,,0.0,,46.36,20.503698288108687
2025-05-21,HUL,10.49,15670.0,23.0,0.03335897332091818,61.9,21.600340067203756,45.33,51.20347378770958
2025-05-21,INFY,16.93,40925.0,24.0,0.08586069423281638,14.6,27.917510279905656,64.33,23.68126111213664
2025-05-21,MM,26.5,42599.0,19.0,1.6748010747803062,18.45,18.267371071794805,103.98,29.48708304030823
2025-05-21,RELIANCE,14.34,261388.0,17.0,0.4439195920303605,50.1,9.64290796963947,51.47,27.657169737073783
2025-05-22,BHARTIARTL,19.33,47876.0,56.0,1.8794602012808783,52.42,32.97293968611443,58.9,30.835597195325764
2025-05-22,HDFCBANK,12.31,,,,0.0,,46.36,20.43027310046376
2025-05-22,HUL,10.49,15670.0,23.0,0.03335897332091818,61.9,21.600340067203756,45.33,50.484349578783366
2025-05-22,INFY,16.93,40925.0,24.0,0.08586069423281638,14.6,27.917510279905656,64.33,23.364202783134814
2025-05-22,MM,26.5,42599.0,19.0,1.6748010747803062,18.45,18.267371071794805,103.98,28.681860393825733
2025-05-22,RELIANCE,14.34,261388.0,17.0,0.4439195920303605,50.1,9.64290796963947,51.47,27.27401315390033
2025-05-23,BHARTIARTL,19.33,47876.0,56.0,1.8794602012808783,52.42,32.97293968611443,58.9,30.840645807910654
2025-05-23,HDFCBANK,12.31,,,,0.0,,46.36,20.57605838857919
2025-05-23,HUL,10.49,15670.0,23.0,0.03335897332091818,61.9,21.600340067203756,45.33,51.10167043245367
2025-05-23,INFY,16.93,40925.0,24.0,0.08586069423281638,14.6,27.917510279905656,64.33,23.625398716214246
2025-05-23,MM,26.5,42599.0,19.0,1.6748010747803062,18.45,18.267371071794805,103.98,28.742919029651134
2025-05-23,RELIANCE,14.34,261388.0,17.0,0.4439195920303605,50.1,9.64290796963947,51.47,27.61072989271663
2025-05-26,BHARTIARTL,19.33,47876.0,56.0,1.8794602012808783,52.42,32.97293968611443,58.9,31.104991245755517
2025-05-26,HDFCBANK,12.31,,,,0.0,,46.36,20.646289631248653
2025-05-26,HUL,10.49,15670.0,23.0,0.03335897332091818,61.9,21.600340067203756,45.33,51.85762847624366
2025-05-26,INFY,16.93,40925.0,24.0,0.08586069423281638,14.6,27.917510279905656,64.33,23.86243675797645
2025-05-26,MM,26.5,42599.0,19.0,1.6748010747803062,18.45,18.267371071794805,103.98,29.386907431867908
2025-05-26,RELIANCE,14.34,261388.0,17.0,0.4439195920303605,50.1,9.64290796963947,51.47,27.765541232301583
2025-05-27,BHARTIARTL,19.33,47876.0,56.0,1.8794602012808783,52.42,32.97293968611443,58.9,31.044378879721986
2025-05-27,HDFCBANK,12.31,,,,0.0,,46.36,20.49837680187999
2025-05-27,HUL,10.49,15670.0,23.0,0.03335897332091818,61.9,21.600340067203756,45.33,51.55654863466523
2025-05-27,INFY,16.93,40925.0,24.0,0.08586069423281638,14.6,27.917510279905656,64.33,23.705417105889556
2025-05-27,MM,26.5,42599.0,19.0,1.6748010747803062,18.45,18.267371071794805,103.98,29.001469070073572
2025-05-27,RELIANCE,14.34,261388.0,17.0,0.4439195920303605,50.1,9.64290796963947,51.47,27.519776007261513
2025-05-28,BHARTIARTL,19.33,47876.0,56.0,1.8794602012808783,52.42,32.97293968611443,58.9,31.251473548254456
2025-05-28,HDFCBANK,12.31,,,,0.0,,46.36,20.468580691952248
2025-05-28,HUL,10.49,15670.0,23.0,0.03335897332091818,61.9,21.600340067203756,45.33,51.162325886209466
2025-05-28,INFY,16.93,40925.0,24.0,0.08586069423281638,14.6,27.917510279905656,64.33,23.731085458402962
2025-05-28,MM,26.5,42599.0,19.0,1.6748010747803062,18.45,18.267371071794805,103.98,28.600764288354732
2025-05-28,RELIANCE,14.34,261388.0,17.0,0.4439195920303605,50.1,9.64290796963947,51.47,27.34174355965854
2025-05-29,BHARTIARTL,19.33,47876.0,56.0,1.8794602012808783,52.42,32.97293968611443,58.9,31.377753110409593
2025-05-29,HDFCBANK,12.31,,,,0.0,,46.36,20.511145999042817
2025-05-29,HUL,10.49,15670.0,23.0,0.03335897332091818,61.9,21.600340067203756,45.33,51.26412924146537
2025-05-29,INFY,16.93,40925.0,24.0,0.08586069423281638,14.6,27.917510279905656,64.33,23.93943612282372
2025-05-29,MM,26.5,42599.0,19.0,1.6748010747803062,18.45,18.267371071794805,103.98,28.707617488038565
2025-05-29,RELIANCE,14.34,261388.0,17.0,0.4439195920303605,50.1,9.64290796963947,51.47,27.436565653384253
2025-05-30,BHARTIARTL,19.33,47876.0,56.0,1.8794602012808783,52.42,32.97293968611443,58.9,31.253156419116088
2025-05-30,HDFCBANK,12.31,,,,0.0,,46.36,20.69630528236896
2025-05-30,HUL,10.49,15670.0,23.0,0.03335897332091818,61.9,21.600340067203756,45.33,50.86557626882032
2025-05-30,INFY,16.93,40925.0,24.0,0.08586069423281638,14.6,27.917510279905656,64.33,23.92565790831941
2025-05-30,MM,26.5,42599.0,19.0,1.6748010747803062,18.45,18.267371071794805,103.98,28.40041307147408
2025-05-30,RELIANCE,14.34,261388.0,17.0,0.4439195920303605,50.1,9.64290796963947,51.47,27.496554899243492
2025-06-02,BHARTIARTL,19.33,47876.0,56.0,1.8794602012808783,52.42,32.97293968611443,58.9,31.21779955101337
2025-06-02,HDFCBANK,12.31,,,,0.0,,46.36,20.5600952464409
2025-06-02,HUL,10.49,15670.0,23.0,0.03335897332091818,61.9,21.600340067203756,45.33,51.37026820676153
2025-06-02,INFY,16.93,40925.0,24.0,0.08586069423281638,14.6,27.917510279905656,64.33,23.78939571229403
2025-06-02,MM,26.5,42599.0,19.0,1.6748010747803062,18.45,18.267371071794805,103.98,28.86885408026183
2025-06-02,RELIANCE,14.34,261388.0,17.0,0.4439195920303605,50.1,9.64290796963947,51.47,27.35722350777759
2025-06-03,BHARTIARTL,19.33,47876.0,56.0,1.8794602012808783,52.42,32.97293968611443,58.9,31.00228431066957
2025-06-03,HDFCBANK,12.31,,,,0.0,,46.36,20.48028611848846
2025-06-03,HUL,10.49,15670.0,23.0,0.03335897332091818,61.9,21.600340067203756,45.33,50.952218453562764
2025-06-03,INFY,16.93,40925.0,24.0,0.08586069423281638,14.6,27.917510279905656,64.33,23.624041957727734
2025-06-03,MM,26.5,42599.0,19.0,1.6748010747803062,18.45,18.267371071794805,103.98,29.065389866140123
2025-06-03,RELIANCE,14.34,261388.0,17.0,0.4439195920303605,50.1,9.64290796963947,51.47,27.198541588243152
2025-06-04,BHARTIARTL,19.33,47876.0,56.0,1.8794602012808783,52.42,32.97293968611443,58.9,31.576431352132854
2025-06-04,HDFCBANK,12.31,,,,0.0,,46.36,20.656931287158244
2025-06-04,HUL,10.49,15670.0,23.0,0.03335897332091818,61.9,21.600340067203756,45.33,51.21647523197937
2025-06-04,INFY,16.93,40925.0,24.0,0.08586069423281638,14.6,27.917510279905656,64.33,23.7495867104918
2025-06-04,MM,26.5,42599.0,19.0,1.6748010747803062,18.45,18.267371071794805,103.98,29.13121955168662
2025-06-04,RELIANCE,14.34,261388.0,17.0,0.4439195920303605,50.1,9.64290796963947,51.47,27.546867695229018
2025-06-05,BHARTIARTL,19.33,47876.0,56.0,1.8794602012808783,52.42,32.97293968611443,58.9,31.633677976443124
2025-06-05,HDFCBANK,12.31,,,,0.0,,46.36,20.746318300393657
2025-06-05,HUL,10.49,15670.0,23.0,0.03335897332091818,61.9,21.600340067203756,45.33,51.47423667411207
2025-06-05,INFY,16.93,40925.0,24.0,0.08586069423281638,14.6,27.917510279905656,64.33,23.79705048674802
2025-06-05,MM,26.5,42599.0,19.0,1.6748010747803062,18.45,18.267371071794805,103.98,29.018642031520482
2025-06-05,RELIANCE,14.34,261388.0,17.0,0.4439195920303605,50.1,9.64290796963947,51.47,27.912611411987566
2025-06-06,BHARTIARTL,19.33,47876.0,56.0,1.8794602012808783,52.42,32.97293968611443,58.9,31.488878544805814
2025-06-06,HDFCBANK,12.31,,,,0.0,,46.36,21.055980876563847
2025-06-06,HUL,10.49,15670.0,23.0,0.03335897332091818,61.9,21.600340067203756,45.33,51.7644909552173
2025-06-06,INFY,16.93,40925.0,24.0,0.08586069423281638,14.6,27.917510279905656,64.33,23.94250068919536
2025-06-06,MM,26.5,42599.0,19.0,1.6748010747803062,18.45,18.267371071794805,103.98,29.637824262328092
2025-06-06,RELIANCE,14.34,261388.0,17.0,0.4439195920303605,50.1,9.64290796963947,51.47,27.933897230030844
2025-06-09,BHARTIARTL,19.33,47876.0,56.0,1.8794602012808783,52.42,32.97293968611443,58.9,31.403008608340407
2025-06-09,HDFCBANK,12.31,,,,0.0,,46.36,21.058111050912693
2025-06-09,HUL,10.49,15670.0,23.0,0.03335897332091818,61.9,21.600340067203756,45.33,51.838131695689945
2025-06-09,INFY,16.93,40925.0,24.0,0.08586069423281638,14.6,27.917510279905656,64.33,24.081825554028057
2025-06-09,MM,26.5,42599.0,19.0,1.6748010747803062,18.45,18.267371071794805,103.98,29.45559927765556
2025-06-09,RELIANCE,14.34,261388.0,17.0,0.4439195920303605,50.1,9.64290796963947,51.47,28.03646285533442
2025-06-10,BHARTIARTL,19.33,47876.0,56.0,1.8794602012808783,52.42,32.97293968611443,58.9,31.268310546875
2025-06-10,HDFCBANK,12.31,,,,0.0,,46.36,20.913389533423885
2025-06-10,HUL,10.49,15670.0,23.0,0.03335897332091818,61.9,21.600340067203756,45.33,51.88145548098665
2025-06-10,INFY,16.93,40925.0,24.0,0.08586069423281638,14.6,27.917510279905656,64.33,24.43549738652262
2025-06-10,MM,26.5,42599.0,19.0,1.6748010747803062,18.45,18.267371071794805,103.98,29.26574343097831
2025-06-10,RELIANCE,14.34,261388.0,17.0,0.4439195920303605,50.1,9.64290796963947,51.47,27.837139846330388
2025-06-11,BHARTIARTL,19.33,47876.0,56.0,1.8794602012808783,52.42,32.97293968611443,58.9,31.320506486099323
2025-06-11,HDFCBANK,12.31,,,,0.0,,46.36,20.754832415050018
2025-06-11,HUL,10.49,15670.0,23.0,0.03335897332091818,61.9,21.600340067203756,45.33,51.47423667411207
2025-06-11,INFY,16.93,40925.0,24.0,0.08586069423281638,14.6,27.917510279905656,64.33,24.972893293734455
2025-06-11,MM,26.5,42599.0,19.0,1.6748010747803062,18.45,18.267371071794805,103.98,29.391678481589008
2025-06-11,RELIANCE,14.34,261388.0,17.0,0.4439195920303605,50.1,9.64290796963947,51.47,28.03839577363027
2025-06-12,BHARTIARTL,19.33,47876.0,56.0,1.8794602012808783,52.42,32.97293968611443,58.9,31.051110363168508
2025-06-12,HDFCBANK,12.31,,,,0.0,,46.36,20.680343456778473
2025-06-12,HUL,10.49,15670.0,23.0,0.03335897332091818,61.9,21.600340067203756,45.33,50.5276679782291
2025-06-12,INFY,16.93,40925.0,24.0,0.08586069423281638,14.6,27.917510279905656,64.33,24.628407570097544
2025-06-12,MM,26.5,42599.0,19.0,1.6748010747803062,18.45,18.267371071794805,103.98,28.80493093623774
2025-06-12,RELIANCE,14.34,261388.0,17.0,0.4439195920303605,50.1,9.64290796963947,51.47,27.897129092189626
2025-06-13,BHARTIARTL,19.33,47876.0,56.0,1.8794602012808783,52.42,32.97293968611443,58.9,30.987130182910654
2025-06-13,HDFCBANK,12.31,,,,0.0,,46.36,20.405797160216917
2025-06-13,HUL,10.49,15670.0,23.0,0.03335897332091818,61.9,21.600340067203756,45.33,50.23091836083995
2025-06-13,INFY,16.93,40925.0,24.0,0.08586069423281638,14.6,27.917510279905656,64.33,24.5273584750991
2025-06-13,MM,26.5,42599.0,19.0,1.6748010747803062,18.45,18.267371071794805,103.98,28.678995885627042
2025-06-13,RELIANCE,14.34,261388.0,17.0,0.4439195920303605,50.1,9.64290796963947,51.47,27.63201571075991
2025-06-16,BHARTIARTL,19.33,47876.0,56.0,1.8794602012808783,52.42,32.97293968611443,58.9,31.339028428082557
2025-06-16,HDFCBANK,12.31,,,,0.0,,46.36,20.595212842597334
2025-06-16,HUL,10.49,15670.0,23.0,0.03335897332091818,61.9,21.600340067203756,45.33,50.4128631787034
2025-06-16,INFY,16.93,40925.0,24.0,0.08586069423281638,14.6,27.917510279905656,64.33,24.861128653039017
2025-06-16,MM,26.5,42599.0,19.0,1.6748010747803062,18.45,18.267371071794805,103.98,28.846912417051357
2025-06-16,RELIANCE,14.34,261388.0,17.0,0.4439195920303605,50.1,9.64290796963947,51.47,27.82359518818608
2025-06-17,BHARTIARTL,19.33,47876.0,56.0,1.8794602012808783,52.42,32.97293968611443,58.9,31.229585864547964
2025-06-17,HDFCBANK,12.31,,,,0.0,,46.36,20.53349308148862
2025-06-17,HUL,10.49,15670.0,23.0,0.03335897332091818,61.9,21.600340067203756,45.33,50.438860681392015
2025-06-17,INFY,16.93,40925.0,24.0,0.08586069423281638,14.6,27.917510279905656,64.33,25.107626052920487
2025-06-17,MM,26.5,42599.0,19.0,1.6748010747803062,18.45,18.267371071794805,103.98,28.69044452659165
2025-06-17,RELIANCE,14.34,261388.0,17.0,0.4439195920303605,50.1,9.64290796963947,51.47,27.695873164889743
2025-06-18,BHARTIARTL,19.33,47876.0,56.0,1.8794602012808783,52.42,32.97293968611443,58.9,31.41647986523769
2025-06-18,HDFCBANK,12.31,,,,0.0,,46.36,20.57925101700685
2025-06-18,HUL,10.49,15670.0,23.0,0.03335897332091818,61.9,21.600340067203756,45.33,49.760884373965915
2025-06-18,INFY,16.93,40925.0,24.0,0.08586069423281638,14.6,27.917510279905656,64.33,25.000453517871716
2025-06-18,MM,26.5,42599.0,19.0,1.6748010747803062,18.45,18.267371071794805,103.98,29.013870981799382
2025-06-18,RELIANCE,14.34,261388.0,17.0,0.4439195920303605,50.1,9.64290796963947,51.47,27.674587346846465
2025-06-19,BHARTIARTL,19.33,47876.0,56.0,1.8794602012808783,52.42,32.97293968611443,58.9,31.60337179342636
2025-06-19,HDFCBANK,12.31,,,,0.0,,46.36,20.594149071970715
2025-06-19,HUL,10.49,15670.0,23.0,0.03335897332091818,61.9,21.600340067203756,45.33,49.69373358392621
2025-06-19,INFY,16.93,40925.0,24.0,0.08586069423281638,14.6,27.917510279905656,64.33,24.77845177575587
2025-06-19,MM,26.5,42599.0,19.0,1.6748010747803062,18.45,18.267371071794805,103.98,29.52620001292316
2025-06-19,RELIANCE,14.34,261388.0,17.0,0.4439195920303605,50.1,9.64290796963947,51.47,27.736514254359335
2025-06-20,BHARTIARTL,19.33,47876.0,56.0,1.8794602012808783,52.42,32.97293968611443,58.9,32.60854931557725
2025-06-20,HDFCBANK,12.31,,,,0.0,,46.36,20.90700296002076
2025-06-20,HUL,10.49,15670.0,23.0,0.03335897332091818,61.9,21.600340067203756,45.33,49.95366552400453
2025-06-20,INFY,16.93,40925.0,24.0,0.08586069423281638,14.6,27.917510279905656,64.33,24.847348540970387
2025-06-20,MM,26.5,42599.0,19.0,1.6748010747803062,18.45,18.267371071794805,103.98,30.381035002223985
2025-06-20,RELIANCE,14.34,261388.0,17.0,0.4439195920303605,50.1,9.64290796963947,51.47,28.373177222471828
2025-06-23,BHARTIARTL,19.33,47876.0,56.0,1.8794602012808783,52.42,32.97293968611443,58.9,32.60181575962967
2025-06-23,HDFCBANK,12.31,,,,0.0,,46.36,20.733550419778638
2025-06-23,HUL,10.49,15670.0,23.0,0.03335897332091818,61.9,21.600340067203756,45.33,49.79825679392786
2025-06-23,INFY,16.93,40925.0,24.0,0.08586069423281638,14.6,27.917510279905656,64.33,24.251771414241023
2025-06-23,MM,26.5,42599.0,19.0,1.6748010747803062,18.45,18.267371071794805,103.98,29.909731833195085
2025-06-23,RELIANCE,14.34,261388.0,17.0,0.4439195920303605,50.1,9.64290796963947,51.47,28.19127419491937
2025-06-24,BHARTIARTL,19.33,47876.0,56.0,1.8794602012808783,52.42,32.97293968611443,58.9,32.55635544885399
2025-06-24,HDFCBANK,12.31,,,,0.0,,46.36,20.866566510731236
2025-06-24,HUL,10.49,15670.0,23.0,0.03335897332091818,61.9,21.600340067203756,45.33,49.53559961325281
2025-06-24,INFY,16.93,40925.0,24.0,0.08586069423281638,14.6,27.917510279905656,64.33,24.215025081246115
2025-06-24,MM,26.5,42599.0,19.0,1.6748010747803062,18.45,18.267371071794805,103.98,30.053795463971436
2025-06-24,RELIANCE,14.34,261388.0,17.0,0.4439195920303605,50.1,9.64290796963947,51.47,28.07516391147149
2025-06-25,BHARTIARTL,19.33,47876.0,56.0,1.8794602012808783,52.42,32.97293968611443,58.9,33.0951435497135
2025-06-25,HDFCBANK,12.31,,,,0.0,,46.36,21.07194401870214
2025-06-25,HUL,10.49,15670.0,23.0,0.03335897332091818,61.9,21.600340067203756,45.33,49.87705179378999
2025-06-25,INFY,16.93,40925.0,24.0,0.08586069423281638,14.6,27.917510279905656,64.33,24.724864559449326
2025-06-25,MM,26.5,42599.0,19.0,1.6748010747803062,18.45,18.267371071794805,103.98,30.677748744500143
2025-06-25,RELIANCE,14.34,261388.0,17.0,0.4439195920303605,50.1,9.64290796963947,51.47,28.394465412194
2025-06-26,BHARTIARTL,19.33,47876.0,56.0,1.8794602012808783,52.42,32.97293968611443,58.9,33.91511615953947
2025-06-26,HDFCBANK,12.31,,,,0.0,,46.36,21.51462268582493
2025-06-26,HUL,10.49,15670.0,23.0,0.03335897332091818,61.9,21.600340067203756,45.33,49.92302003191871
2025-06-26,INFY,16.93,40925.0,24.0,0.08586069423281638,14.6,27.917510279905656,64.33,24.74170544276096
2025-06-26,MM,26.5,42599.0,19.0,1.6748010747803062,18.45,18.267371071794805,103.98,30.680610904741297
2025-06-26,RELIANCE,14.34,261388.0,17.0,0.4439195920303605,50.1,9.64290796963947,51.47,28.936306286580777
2025-06-27,BHARTIARTL,19.33,47876.0,56.0,1.8794602012808783,52.42,32.97293968611443,58.9,34.130629327382216
2025-06-27,HDFCBANK,12.31,,,,0.0,,46.36,21.67707415260664
2025-06-27,HUL,10.49,15670.0,23.0,0.03335897332091818,61.9,21.600340067203756,45.33,50.49430263139753
2025-06-27,INFY,16.93,40925.0,24.0,0.08586069423281638,14.6,27.917510279905656,64.33,24.619221461239896
2025-06-27,MM,26.5,42599.0,19.0,1.6748010747803062,18.45,18.267371071794805,103.98,30.56135344537411
2025-06-27,RELIANCE,14.34,261388.0,17.0,0.4439195920303605,50.1,9.64290796963947,51.47,29.325271111357345
2025-06-30,BHARTIARTL,19.33,47876.0,56.0,1.8794602012808783,52.42,32.97293968611443,58.9,33.83597977902165
2025-06-30,HDFCBANK,12.31,,,,0.0,,46.36,21.532912167935045
2025-06-30,HUL,10.49,15670.0,23.0,0.03335897332091818,61.9,21.600340067203756,45.33,50.2250800983758
2025-06-30,INFY,16.93,40925.0,24.0,0.08586069423281638,14.6,27.917510279905656,64.33,24.524297703856096
2025-06-30,MM,26.5,42599.0,19.0,1.6748010747803062,18.45,18.267371071794805,103.98,30.369588709216917
2025-06-30,RELIANCE,14.34,261388.0,17.0,0.4439195920303605,50.1,9.64290796963947,51.47,29.03886954020546
2025-07-01,BHARTIARTL,19.33,47876.0,56.0,1.8794602012808783,52.42,32.97293968611443,58.9,34.00098402350382
2025-07-01,HDFCBANK,12.31,,,,0.0,,46.36,21.6469502222754
2025-07-01,HUL,10.49,15670.0,23.0,0.03335897332091818,61.9,21.600340067203756,45.33,50.24477615541584
2025-07-01,INFY,16.93,40925.0,24.0,0.08586069423281638,14.6,27.917510279905656,64.33,24.600851141088917
2025-07-01,MM,26.5,42599.0,19.0,1.6748010747803062,18.45,18.267371071794805,103.98,30.301850134190467
2025-07-01,RELIANCE,14.34,261388.0,17.0,0.4439195920303605,50.1,9.64290796963947,51.47,29.576842206321643
2025-07-02,BHARTIARTL,19.33,47876.0,56.0,1.8794602012808783,52.42,32.97293968611443,58.9,34.23502120583086
2025-07-02,HDFCBANK,12.31,,,,0.0,,46.36,21.366156906378077
2025-07-02,HUL,10.49,15670.0,23.0,0.03335897332091818,61.9,21.600340067203756,45.33,50.49868671409663
2025-07-02,INFY,16.93,40925.0,24.0,0.08586069423281638,14.6,27.917510279905656,64.33,24.657499128638467
2025-07-02,MM,26.5,42599.0,19.0,1.6748010747803062,18.45,18.267371071794805,103.98,30.197856746790247
2025-07-02,RELIANCE,14.34,261388.0,17.0,0.4439195920303605,50.1,9.64290796963947,51.47,29.3910685988197
2025-07-03,BHARTIARTL,19.33,47876.0,56.0,1.8794602012808783,52.42,32.97293968611443,58.9,33.99930115264219
2025-07-03,HDFCBANK,12.31,,,,0.0,,46.36,21.37799003805139
2025-07-03,HUL,10.49,15670.0,23.0,0.03335897332091818,61.9,21.600340067203756,45.33,50.63658065678083
2025-07-03,INFY,16.93,40925.0,24.0,0.08586069423281638,14.6,27.917510279905656,64.33,24.783043881402534
2025-07-03,MM,26.5,42599.0,19.0,1.6748010747803062,18.45,18.267371071794805,103.98,30.285630443504758
2025-07-03,RELIANCE,14.34,261388.0,17.0,0.4439195920303605,50.1,9.64290796963947,51.47,29.371715699072276
2025-07-04,BHARTIARTL,19.33,47876.0,56.0,1.8794602012808783,52.42,32.97293968611443,58.9,33.96394221203841
2025-07-04,HDFCBANK,12.31,,,,0.0,,46.36,21.40166025104144
2025-07-04,HUL,10.49,15670.0,23.0,0.03335897332091818,61.9,21.600340067203756,45.33,51.20348994526252
2025-07-04,INFY,16.93,40925.0,24.0,0.08586069423281638,14.6,27.917510279905656,64.33,25.119872933021142
2025-07-04,MM,26.5,42599.0,19.0,1.6748010747803062,18.45,18.267371071794805,103.98,30.414502788997883
2025-07-04,RELIANCE,14.34,261388.0,17.0,0.4439195920303605,50.1,9.64290796963947,51.47,29.555556388278365
2025-07-07,BHARTIARTL,19.33,47876.0,56.0,1.8794602012808783,52.42,32.97293968611443,58.9,34.24512464850382
2025-07-07,HDFCBANK,12.31,,,,0.0,,46.36,21.381218213269793
2025-07-07,HUL,10.49,15670.0,23.0,0.03335897332091818,61.9,21.600340067203756,45.33,52.759753129825725
2025-07-07,INFY,16.93,40925.0,24.0,0.08586069423281638,14.6,27.917510279905656,64.33,24.91012186613458
2025-07-07,MM,26.5,42599.0,19.0,1.6748010747803062,18.45,18.267371071794805,103.98,30.392382681014375
2025-07-07,RELIANCE,14.34,261388.0,17.0,0.4439195920303605,50.1,9.64290796963947,51.47,29.830346219581795
2025-07-08,BHARTIARTL,19.33,47876.0,56.0,1.8794602012808783,52.42,32.97293968611443,58.9,34.179457452382216
2025-07-08,HDFCBANK,12.31,,,,0.0,,46.36,21.53183654837818
2025-07-08,HUL,10.49,15670.0,23.0,0.03335897332091818,61.9,21.600340067203756,45.33,52.372327325308845
2025-07-08,INFY,16.93,40925.0,24.0,0.08586069423281638,14.6,27.917510279905656,64.33,25.089251937640874
2025-07-08,MM,26.5,42599.0,19.0,1.6748010747803062,18.45,18.267371071794805,103.98,30.37026257303087
2025-07-08,RELIANCE,14.34,261388.0,17.0,0.4439195920303605,50.1,9.64290796963947,51.47,29.754874653924617
2025-07-09,BHARTIARTL,19.33,47876.0,56.0,1.8794602012808783,52.42,32.97293968611443,58.9,34.00603470858977
2025-07-09,HDFCBANK,12.31,,,,0.0,,46.36,21.637267013168007
2025-07-09,HUL,10.49,15670.0,23.0,0.03335897332091818,61.9,21.600340067203756,45.33,53.04429840889036
2025-07-09,INFY,16.93,40925.0,24.0,0.08586069423281638,14.6,27.917510279905656,64.33,25.01270039797237
2025-07-09,MM,26.5,42599.0,19.0,1.6748010747803062,18.45,18.267371071794805,103.98,30.54722108894138
2025-07-09,RELIANCE,14.34,261388.0,17.0,0.4439195920303605,50.1,9.64290796963947,51.47,29.394936807090296
2025-07-10,BHARTIARTL,19.33,47876.0,56.0,1.8794602012808783,52.42,32.97293968611443,58.9,33.07662368023132
2025-07-10,HDFCBANK,12.31,,,,0.0,,46.36,21.583475502942328
2025-07-10,HUL,10.49,15670.0,23.0,0.03335897332091818,61.9,21.600340067203756,45.33,52.71597693304655
2025-07-10,INFY,16.93,40925.0,24.0,0.08586069423281638,14.6,27.917510279905656,64.33,24.738644671517957
2025-07-10,MM,26.5,42599.0,19.0,1.6748010747803062,18.45,18.267371071794805,103.98,30.41354012640652
2025-07-10,RELIANCE,14.34,261388.0,17.0,0.4439195920303605,50.1,9.64290796963947,51.47,29.36010395922382
2025-07-11,BHARTIARTL,19.33,47876.0,56.0,1.8794602012808783,52.42,32.97293968611443,58.9,32.35936007799236
2025-07-11,HDFCBANK,12.31,,,,0.0,,46.36,21.341412390378963
2025-07-11,HUL,10.49,15670.0,23.0,0.03335897332091818,61.9,21.600340067203756,45.33,55.14996686624476
2025-07-11,INFY,16.93,40925.0,24.0,0.08586069423281638,14.6,27.917510279905656,64.33,24.418654605646665
2025-07-11,MM,26.5,42599.0,19.0,1.6748010747803062,18.45,18.267371071794805,103.98,29.555683315751825
2025-07-11,RELIANCE,14.34,261388.0,17.0,0.4439195920303605,50.1,9.64290796963947,51.47,28.934370996606035
2025-07-14,BHARTIARTL,19.33,47876.0,56.0,1.8794602012808783,52.42,32.97293968611443,58.9,32.342523079371816
2025-07-14,HDFCBANK,12.31,,,,0.0,,46.36,21.333881736933105
2025-07-14,HUL,10.49,15670.0,23.0,0.03335897332091818,61.9,21.600340067203756,45.33,55.084302571076
2025-07-14,INFY,16.93,40925.0,24.0,0.08586069423281638,14.6,27.917510279905656,64.33,24.042018449790145
2025-07-14,MM,26.5,42599.0,19.0,1.6748010747803062,18.45,18.267371071794805,103.98,29.737450448704077
2025-07-14,RELIANCE,14.34,261388.0,17.0,0.4439195920303605,50.1,9.64290796963947,51.47,28.71182687958398
2025-07-15,BHARTIARTL,19.33,47876.0,56.0,1.8794602012808783,52.42,32.97293968611443,58.9,32.566456819025895
2025-07-15,HDFCBANK,12.31,,,,0.0,,46.36,21.468361829045108
2025-07-15,HUL,10.49,15670.0,23.0,0.03335897332091818,61.9,21.600340067203756,45.33,55.30974890731856
2025-07-15,INFY,16.93,40925.0,24.0,0.08586069423281638,14.6,27.917510279905656,64.33,24.276267072006647
2025-07-15,MM,26.5,42599.0,19.0,1.6748010747803062,18.45,18.267371071794805,103.98,30.08847949275101
2025-07-15,RELIANCE,14.34,261388.0,17.0,0.4439195920303605,50.1,9.64290796963947,51.47,28.744726809154606
2025-07-16,BHARTIARTL,19.33,47876.0,56.0,1.8794602012808783,52.42,32.97293968611443,58.9,32.60686644471562
2025-07-16,HDFCBANK,12.31,,,,0.0,,46.36,21.476968102047834
2025-07-16,HUL,10.49,15670.0,23.0,0.03335897332091818,61.9,21.600340067203756,45.33,55.10619066946559
2025-07-16,INFY,16.93,40925.0,24.0,0.08586069423281638,14.6,27.917510279905656,64.33,24.61769202440055
2025-07-16,MM,26.5,42599.0,19.0,1.6748010747803062,18.45,18.267371071794805,103.98,30.741488747836122
2025-07-16,RELIANCE,14.34,261388.0,17.0,0.4439195920303605,50.1,9.64290796963947,51.47,28.7485950174252
2025-07-17,BHARTIARTL,19.33,47876.0,56.0,1.8794602012808783,52.42,32.97293968611443,58.9,32.49405813945777
2025-07-17,HDFCBANK,12.31,,,,0.0,,46.36,21.37583879893766
2025-07-17,HUL,10.49,15670.0,23.0,0.03335897332091818,61.9,21.600340067203756,45.33,54.93545919334602
2025-07-17,INFY,16.93,40925.0,24.0,0.08586069423281638,14.6,27.917510279905656,64.33,24.244116639787038
2025-07-17,MM,26.5,42599.0,19.0,1.6748010747803062,18.45,18.267371071794805,103.98,30.727062896710905
2025-07-17,RELIANCE,14.34,261388.0,17.0,0.4439195920303605,50.1,9.64290796963947,51.47,28.570562569822226
2025-07-18,BHARTIARTL,19.33,47876.0,56.0,1.8794602012808783,52.42,32.97293968611443,58.9,32.275042444821736
2025-07-18,HDFCBANK,12.31,,,,0.0,,46.36,21.058466518820104
2025-07-18,HUL,10.49,15670.0,23.0,0.03335897332091818,61.9,21.600340067203756,45.33,54.49331314285517
2025-07-18,INFY,16.93,40925.0,24.0,0.08586069423281638,14.6,27.917510279905656,64.33,24.283921846460633
2025-07-18,MM,26.5,42599.0,19.0,1.6748010747803062,18.45,18.267371071794805,103.98,30.702057148910846
2025-07-18,RELIANCE,14.34,261388.0,17.0,0.4439195920303605,50.1,9.64290796963947,51.47,28.562821409923256
2025-07-21,BHARTIARTL,19.33,47876.0,56.0,1.8794602012808783,52.42,32.97293968611443,58.9,32.41426063110144
2025-07-21,HDFCBANK,12.31,,,,0.0,,46.36,21.522153339270787
2025-07-21,HUL,10.49,15670.0,23.0,0.03335897332091818,61.9,21.600340067203756,45.33,53.952670649611186
2025-07-21,INFY,16.93,40925.0,24.0,0.08586069423281638,14.6,27.917510279905656,64.33,24.256365417452006
2025-07-21,MM,26.5,42599.0,19.0,1.6748010747803062,18.45,18.267371071794805,103.98,31.22427342923519
2025-07-21,RELIANCE,14.34,261388.0,17.0,0.4439195920303605,50.1,9.64290796963947,51.47,27.645560368904217
2025-07-22,BHARTIARTL,19.33,47876.0,56.0,1.8794602012808783,52.42,32.97293968611443,58.9,32.37351526023981
2025-07-22,HDFCBANK,12.31,,,,0.0,,46.36,21.59315871204972
2025-07-22,HUL,10.49,15670.0,23.0,0.03335897332091818,61.9,21.600340067203756,45.33,54.27661881445787
2025-07-22,INFY,16.93,40925.0,24.0,0.08586069423281638,14.6,27.917510279905656,64.33,24.051204558647793
2025-07-22,MM,26.5,42599.0,19.0,1.6748010747803062,18.45,18.267371071794805,103.98,31.325254387111702
2025-07-22,RELIANCE,14.34,261388.0,17.0,0.4439195920303605,50.1,9.64290796963947,51.47,27.339808269683797
2025-07-23,BHARTIARTL,19.33,47876.0,56.0,1.8794602012808783,52.42,32.97293968611443,58.9,33.00169862186969
2025-07-23,HDFCBANK,12.31,,,,0.0,,46.36,21.77820345571681
2025-07-23,HUL,10.49,15670.0,23.0,0.03335897332091818,61.9,21.600340067203756,45.33,53.635287837111186
2025-07-23,INFY,16.93,40925.0,24.0,0.08586069423281638,14.6,27.917510279905656,64.33,24.10632121179368
2025-07-23,MM,26.5,42599.0,19.0,1.6748010747803062,18.45,18.267371071794805,103.98,31.43681524166306
2025-07-23,RELIANCE,14.34,261388.0,17.0,0.4439195920303605,50.1,9.64290796963947,51.47,27.568153513272296
2025-07-24,BHARTIARTL,19.33,47876.0,56.0,1.8794602012808783,52.42,32.97293968611443,58.9,32.870967327435274
2025-07-24,HDFCBANK,12.31,,,,0.0,,46.36,21.66954218261298
2025-07-24,HUL,10.49,15670.0,23.0,0.03335897332091818,61.9,21.600340067203756,45.33,53.359494565891794
2025-07-24,INFY,16.93,40925.0,24.0,0.08586069423281638,14.6,27.917510279905656,64.33,23.769492160175073
2025-07-24,MM,26.5,42599.0,19.0,1.6748010747803062,18.45,18.267371071794805,103.98,31.36083768362906
2025-07-24,RELIANCE,14.34,261388.0,17.0,0.4439195920303605,50.1,9.64290796963947,51.47,27.148226420578737
2025-07-25,BHARTIARTL,19.33,47876.0,56.0,1.8794602012808783,52.42,32.97293968611443,58.9,32.90152842808256
2025-07-25,HDFCBANK,12.31,,,,0.0,,46.36,21.619930711668868
2025-07-25,HUL,10.49,15670.0,23.0,0.03335897332091818,61.9,21.600340067203756,45.33,52.86919362177366
2025-07-25,INFY,16.93,40925.0,24.0,0.08586069423281638,14.6,27.917510279905656,64.33,23.20606546566532
2025-07-25,MM,26.5,42599.0,19.0,1.6748010747803062,18.45,18.267371071794805,103.98,31.221387789418635
2025-07-25,RELIANCE,14.34,261388.0,17.0,0.4439195920303605,50.1,9.64290796963947,51.47,26.93148817348091
2025-07-28,BHARTIARTL,19.33,47876.0,56.0,1.8794602012808783,52.42,32.97293968611443,58.9,32.093379436810274
2025-07-28,HDFCBANK,12.31,,,,0.0,,46.36,21.66199309749784
2025-07-28,HUL,10.49,15670.0,23.0,0.03335897332091818,61.9,21.600340067203756,45.33,53.44267364845302
2025-07-28,INFY,16.93,40925.0,24.0,0.08586069423281638,14.6,27.917510279905656,64.33,23.2106594688763
2025-07-28,MM,26.5,42599.0,19.0,1.6748010747803062,18.45,18.267371071794805,103.98,30.86939843073788
2025-07-28,RELIANCE,14.34,261388.0,17.0,0.4439195920303605,50.1,9.64290796963947,51.47,26.852148399553137
2025-07-29,BHARTIARTL,19.33,47876.0,56.0,1.8794602012808783,52.42,32.97293968611443,58.9,32.56876144020586
2025-07-29,HDFCBANK,12.31,,,,0.0,,46.36,21.80327842521503
2025-07-29,HUL,10.49,15670.0,23.0,0.03335897332091818,61.9,21.600340067203756,45.33,53.70533621497904
2025-07-29,INFY,16.93,40925.0,24.0,0.08586069423281638,14.6,27.917510279905656,64.33,23.175444470285054
2025-07-29,MM,26.5,42599.0,19.0,1.6748010747803062,18.45,18.267371071794805,103.98,30.76937778749519
2025-07-29,RELIANCE,14.34,261388.0,17.0,0.4439195920303605,50.1,9.64290796963947,51.47,27.423018623561056
2025-07-30,BHARTIARTL,19.33,47876.0,56.0,1.8794602012808783,52.42,32.97293968611443,58.9,32.81154457701082
2025-07-30,HDFCBANK,12.31,,,,0.0,,46.36,21.84857688554923
2025-07-30,HUL,10.49,15670.0,23.0,0.03335897332091818,61.9,21.600340067203756,45.33,53.350737172195565
2025-07-30,INFY,16.93,40925.0,24.0,0.08586069423281638,14.6,27.917510279905656,64.33,23.256591910728858
2025-07-30,MM,26.5,42599.0,19.0,1.6748010747803062,18.45,18.267371071794805,103.98,30.86074151128823
2025-07-30,RELIANCE,14.34,261388.0,17.0,0.4439195920303605,50.1,9.64290796963947,51.47,27.28755781204464
2025-07-31,BHARTIARTL,19.33,47876.0,56.0,1.8794602012808783,52.42,32.97293968611443,58.9,32.50084972543506
2025-07-31,HDFCBANK,12.31,,,,0.0,,46.36,21.766608619196237
2025-07-31,HUL,10.49,15670.0,23.0,0.03335897332091818,61.9,21.600340067203756,45.33,55.18498566932771
2025-07-31,INFY,16.93,40925.0,24.0,0.08586069423281638,14.6,27.917510279905656,64.33,23.10348693382753
2025-07-31,MM,26.5,42599.0,19.0,1.6748010747803062,18.45,18.267371071794805,103.98,30.80496343197009
2025-07-31,RELIANCE,14.34,261388.0,17.0,0.4439195920303605,50.1,9.64290796963947,51.47,26.902461195538663
2025-08-01,BHARTIARTL,19.33,47876.0,56.0,1.8794602012808783,52.42,32.97293968611443,58.9,31.993209243023134
2025-08-01,HDFCBANK,12.31,,,,0.0,,46.36,21.701897661474064
2025-08-01,HUL,10.49,15670.0,23.0,0.03335897332091818,61.9,21.600340067203756,45.33,55.896359638691266
2025-08-01,INFY,16.93,40925.0,24.0,0.08586069423281638,14.6,27.917510279905656,64.33,22.500253135079863
2025-08-01,MM,26.5,42599.0,19.0,1.6748010747803062,18.45,18.267371071794805,103.98,30.383728109522263
2025-08-01,RELIANCE,14.34,261388.0,17.0,0.4439195920303605,50.1,9.64290796963947,51.47,26.97019160129687
2025-08-04,BHARTIARTL,19.33,47876.0,56.0,1.8794602012808783,52.42,32.97293968611443,58.9,32.50594186054224
2025-08-04,HDFCBANK,12.31,,,,0.0,,46.36,21.484037963761864
2025-08-04,HUL,10.49,15670.0,23.0,0.03335897332091818,61.9,21.600340067203756,45.33,55.67747326894441
2025-08-04,INFY,16.93,40925.0,24.0,0.08586069423281638,14.6,27.917510279905656,64.33,22.667138224049822
2025-08-04,MM,26.5,42599.0,19.0,1.6748010747803062,18.45,18.267371071794805,103.98,30.77707204435348
2025-08-04,RELIANCE,14.34,261388.0,17.0,0.4439195920303605,50.1,9.64290796963947,51.47,27.314649500012145
2025-08-05,BHARTIARTL,19.33,47876.0,56.0,1.8794602012808783,52.42,32.97293968611443,58.9,32.7979634775573
2025-08-05,HDFCBANK,12.31,,,,0.0,,46.36,21.328731401919086
2025-08-05,HUL,10.49,15670.0,23.0,0.03335897332091818,61.9,21.600340067203756,45.33,55.48048038343812
2025-08-05,INFY,16.93,40925.0,24.0,0.08586069423281638,14.6,27.917510279905656,64.33,22.357867499004158
2025-08-05,MM,26.5,42599.0,19.0,1.6748010747803062,18.45,18.267371071794805,103.98,30.89247885335521
2025-08-05,RELIANCE,14.34,261388.0,17.0,0.4439195920303605,50.1,9.64290796963947,51.47,26.93148817348091
2025-08-06,BHARTIARTL,19.33,47876.0,56.0,1.8794602012808783,52.42,32.97293968611443,58.9,32.76230816930178
2025-08-06,HDFCBANK,12.31,,,,0.0,,46.36,21.411777920924557
2025-08-06,HUL,10.49,15670.0,23.0,0.03335897332091818,61.9,21.600340067203756,45.33,55.50018182632915
2025-08-06,INFY,16.93,40925.0,24.0,0.08586069423281638,14.6,27.917510279905656,64.33,21.996538994491296
2025-08-06,MM,26.5,42599.0,19.0,1.6748010747803062,18.45,18.267371071794805,103.98,31.039623004423927
2025-08-06,RELIANCE,14.34,261388.0,17.0,0.4439195920303605,50.1,9.64290796963947,51.47,26.95277873488197
2025-08-07,BHARTIARTL,19.33,47876.0,56.0,1.8794602012808783,52.42,32.97293968611443,58.9,32.64176529008383
2025-08-07,HDFCBANK,12.31,,,,0.0,,46.36,21.520707769780657
2025-08-07,HUL,10.49,15670.0,23.0,0.03335897332091818,61.9,21.600340067203756,45.33,55.10399862811604
2025-08-07,INFY,16.93,40925.0,24.0,0.08586069423281638,14.6,27.917510279905656,64.33,21.999601663298616
2025-08-07,MM,26.5,42599.0,19.0,1.6748010747803062,18.45,18.267371071794805,103.98,30.88190130463791
2025-08-07,RELIANCE,14.34,261388.0,17.0,0.4439195920303605,50.1,9.64290796963947,51.47,26.886981247419612
2025-08-08,BHARTIARTL,19.33,47876.0,56.0,1.8794602012808783,52.42,32.97293968611443,58.9,31.55517785375106
2025-08-08,HDFCBANK,12.31,,,,0.0,,46.36,21.288826837942867
2025-08-08,HUL,10.49,15670.0,23.0,0.03335897332091818,61.9,21.600340067203756,45.33,54.690311414212445
2025-08-08,INFY,16.93,40925.0,24.0,0.08586069423281638,14.6,27.917510279905656,64.33,21.78831736444408
2025-08-08,MM,26.5,42599.0,19.0,1.6748010747803062,18.45,18.267371071794805,103.98,30.238506935678735
2025-08-08,RELIANCE,14.34,261388.0,17.0,0.4439195920303605,50.1,9.64290796963947,51.47,26.468989444700796
2025-08-11,BHARTIARTL,19.33,47876.0,56.0,1.8794602012808783,52.42,32.97293968611443,58.9,31.534805168320247
2025-08-11,HDFCBANK,12.31,,,,0.0,,46.36,21.522864275085606
2025-08-11,HUL,10.49,15670.0,23.0,0.03335897332091818,61.9,21.600340067203756,45.33,55.12369468515608
2025-08-11,INFY,16.93,40925.0,24.0,0.08586069423281638,14.6,27.917510279905656,64.33,21.866400238516245
2025-08-11,MM,26.5,42599.0,19.0,1.6748010747803062,18.45,18.267371071794805,103.98,30.642430767184795
2025-08-11,RELIANCE,14.34,261388.0,17.0,0.4439195920303605,50.1,9.64290796963947,51.47,26.82505671158563
2025-08-12,BHARTIARTL,19.33,47876.0,56.0,1.8794602012808783,52.42,32.97293968611443,58.9,31.414262289102293
2025-08-12,HDFCBANK,12.31,,,,0.0,,46.36,21.245686199461417
2025-08-12,HUL,10.49,15670.0,23.0,0.03335897332091818,61.9,21.600340067203756,45.33,54.36636324936576
2025-08-12,INFY,16.93,40925.0,24.0,0.08586069423281638,14.6,27.917510279905656,64.33,21.80362881091637
2025-08-12,MM,26.5,42599.0,19.0,1.6748010747803062,18.45,18.267371071794805,103.98,31.126178111175225
2025-08-12,RELIANCE,14.34,261388.0,17.0,0.4439195920303605,50.1,9.64290796963947,51.47,26.712819379766128
2025-08-13,BHARTIARTL,19.33,47876.0,56.0,1.8794602012808783,52.42,32.97293968611443,58.9,31.704584455247243
2025-08-13,HDFCBANK,12.31,,,,0.0,,46.36,21.357852122822745
2025-08-13,HUL,10.49,15670.0,23.0,0.03335897332091818,61.9,21.600340067203756,45.33,54.61370306984889
2025-08-13,INFY,16.93,40925.0,24.0,0.08586069423281638,14.6,27.917510279905656,64.33,21.841904580750622
2025-08-13,MM,26.5,42599.0,19.0,1.6748010747803062,18.45,18.267371071794805,103.98,31.565685239198643
2025-08-13,RELIANCE,14.34,261388.0,17.0,0.4439195920303605,50.1,9.64290796963947,51.47,26.75539101585268
2025-08-14,BHARTIARTL,10.43,49463.0,56.0,1.8794602012808783,51.26,32.97293968611443,62.019999999999996,30.21283535679015
2025-08-14,HDFCBANK,10.6,,,,0.0,,46.13,21.581400125579204
2025-08-14,HUL,11.73,16514.0,23.0,0.03335897332091818,61.9,21.600340067203756,45.95,53.563703966607726
2025-08-14,INFY,16.66,42279.0,24.0,0.08586069423281638,14.61,27.917510279905656,65.64999999999999,21.719291088513902
2025-08-14,MM,32.84,45529.0,18.0,1.6748010747803062,18.43,18.267371071794805,110.42,29.572540321895943
2025-08-14,RELIANCE,19.95,243632.0,18.0,0.4439195920303605,50.07,9.64290796963947,60.23,22.8092320907874
2025-08-15,BHARTIARTL,10.43,49463.0,56.0,1.8794602012808783,51.26,32.97293968611443,62.019999999999996,
2025-08-15,HDFCBANK,10.6,,,,0.0,,46.13,
2025-08-15,HUL,11.73,16514.0,23.0,0.03335897332091818,61.9,21.600340067203756,45.95,
2025-08-15,INFY,16.66,42279.0,24.0,0.08586069423281638,14.61,27.917510279905656,65.64999999999999,
2025-08-15,MM,32.84,45529.0,18.0,1.6748010747803062,18.43,18.267371071794805,110.42,
2025-08-15,RELIANCE,19.95,243632.0,18.0,0.4439195920303605,50.07,9.64290796963947,60.23,
2025-08-18,BHARTIARTL,10.43,49463.0,56.0,1.8794602012808783,51.26,32.97293968611443,62.019999999999996,30.51112623070179
2025-08-18,HDFCBANK,10.6,,,,0.0,,46.13,21.716886793691064
2025-08-18,HUL,11.73,16514.0,23.0,0.03335897332091818,61.9,21.600340067203756,45.95,55.45309737146354
2025-08-18,INFY,16.66,42279.0,24.0,0.08586069423281638,14.61,27.917510279905656,65.64999999999999,21.540761629498288
2025-08-18,MM,32.84,45529.0,18.0,1.6748010747803062,18.43,18.267371071794805,110.42,30.638472175839976
2025-08-18,RELIANCE,19.95,243632.0,18.0,0.4439195920303605,50.07,9.64290796963947,60.23,22.94039434122323
2025-08-19,BHARTIARTL,10.43,49463.0,56.0,1.8794602012808783,51.26,32.97293968611443,62.019999999999996,30.791679315896083
2025-08-19,HDFCBANK,10.6,,,,0.0,,46.13,21.581400125579204
2025-08-19,HUL,11.73,16514.0,23.0,0.03335897332091818,61.9,21.600340067203756,45.95,56.24555818144722
2025-08-19,INFY,16.66,42279.0,24.0,0.08586069423281638,14.61,27.917510279905656,65.64999999999999,21.60377333932312
2025-08-19,MM,32.84,45529.0,18.0,1.6748010747803062,18.43,18.267371071794805,110.42,30.37493207752219
2025-08-19,RELIANCE,19.95,243632.0,18.0,0.4439195920303605,50.07,9.64290796963947,60.23,23.577950781768845
2025-08-20,BHARTIARTL,10.43,49463.0,56.0,1.8794602012808783,51.26,32.97293968611443,62.019999999999996,31.09319613695683
2025-08-20,HDFCBANK,10.6,,,,0.0,,46.13,21.549966953954858
2025-08-20,HUL,11.73,16514.0,23.0,0.03335897332091818,61.9,21.600340067203756,45.95,57.649109085963
2025-08-20,INFY,16.66,42279.0,24.0,0.08586069423281638,14.61,27.917510279905656,65.64999999999999,22.446919402727534
2025-08-20,MM,32.84,45529.0,18.0,1.6748010747803062,18.43,18.267371071794805,110.42,30.751676305526626
2025-08-20,RELIANCE,19.95,243632.0,18.0,0.4439195920303605,50.07,9.64290796963947,60.23,23.460069732691352
2025-08-21,BHARTIARTL,10.43,49463.0,56.0,1.8794602012808783,51.26,32.97293968611443,62.019999999999996,31.117381883490207
2025-08-21,HDFCBANK,10.6,,,,0.0,,46.13,21.582483754301702
2025-08-21,HUL,11.73,16514.0,23.0,0.03335897332091818,61.9,21.600340067203756,45.95,57.17837726979053
2025-08-21,INFY,16.66,42279.0,24.0,0.08586069423281638,14.61,27.917510279905656,65.64999999999999,22.44992049159844
2025-08-21,MM,32.84,45529.0,18.0,1.6748010747803062,18.43,18.267371071794805,110.42,30.566021532840516
2025-08-21,RELIANCE,19.95,243632.0,18.0,0.4439195920303605,50.07,9.64290796963947,60.23,23.655986200035283
2025-08-22,BHARTIARTL,10.43,49463.0,56.0,1.8794602012808783,51.26,32.97293968611443,62.019999999999996,31.17220330261408
2025-08-22,HDFCBANK,10.6,,,,0.0,,46.13,21.294168389182065
2025-08-22,HUL,11.73,16514.0,23.0,0.03335897332091818,61.9,21.600340067203756,45.95,56.78753974258705
2025-08-22,INFY,16.66,42279.0,24.0,0.08586069423281638,14.61,27.917510279905656,65.64999999999999,22.31639620918222
2025-08-22,MM,32.84,45529.0,18.0,1.6748010747803062,18.43,18.267371071794805,110.42,30.81869226589386
2025-08-22,RELIANCE,19.95,243632.0,18.0,0.4439195920303605,50.07,9.64290796963947,60.23,23.396977439347086
2025-08-25,BHARTIARTL,10.43,49463.0,56.0,1.8794602012808783,51.26,32.97293968611443,62.019999999999996,31.13027976736335
2025-08-25,HDFCBANK,10.6,,,,0.0,,46.13,21.288748922457593
2025-08-25,HUL,11.73,16514.0,23.0,0.03335897332091818,61.9,21.600340067203756,45.95,56.82425381698857
2025-08-25,INFY,16.66,42279.0,24.0,0.08586069423281638,14.61,27.917510279905656,65.64999999999999,22.985512587466683
2025-08-25,MM,32.84,45529.0,18.0,1.6748010747803062,18.43,18.267371071794805,110.42,30.781560426949376
2025-08-25,RELIANCE,19.95,243632.0,18.0,0.4439195920303605,50.07,9.64290796963947,60.23,23.453428118644158
2025-08-26,BHARTIARTL,10.43,49463.0,56.0,1.8794602012808783,51.26,32.97293968611443,62.019999999999996,30.71106016078483
2025-08-26,HDFCBANK,10.6,,,,0.0,,46.13,21.101236167657973
2025-08-26,HUL,11.73,16514.0,23.0,0.03335897332091818,61.9,21.600340067203756,45.95,58.14142835282916
2025-08-26,INFY,16.66,42279.0,24.0,0.08586069423281638,14.61,27.917510279905656,65.64999999999999,22.948006414223155
2025-08-26,MM,32.84,45529.0,18.0,1.6748010747803062,18.43,18.267371071794805,110.42,30.164825655027396
2025-08-26,RELIANCE,19.95,243632.0,18.0,0.4439195920303605,50.07,9.64290796963947,60.23,22.99352522686473
2025-08-27,BHARTIARTL,10.43,49463.0,56.0,1.8794602012808783,51.26,32.97293968611443,62.019999999999996,
2025-08-27,HDFCBANK,10.6,,,,0.0,,46.13,
2025-08-27,HUL,11.73,16514.0,23.0,0.03335897332091818,61.9,21.600340067203756,45.95,
2025-08-27,INFY,16.66,42279.0,24.0,0.08586069423281638,14.61,27.917510279905656,65.64999999999999,
2025-08-27,MM,32.84,45529.0,18.0,1.6748010747803062,18.43,18.267371071794805,110.42,
2025-08-27,RELIANCE,19.95,243632.0,18.0,0.4439195920303605,50.07,9.64290796963947,60.23,
2025-08-28,BHARTIARTL,10.43,49463.0,56.0,1.8794602012808783,51.26,32.97293968611443,62.019999999999996,30.330538142307926
2025-08-28,HDFCBANK,10.6,,,,0.0,,46.13,20.763060650183583
2025-08-28,HUL,11.73,16514.0,23.0,0.03335897332091818,61.9,21.600340067203756,45.95,57.31657308385473
2025-08-28,INFY,16.66,42279.0,24.0,0.08586069423281638,14.61,27.917510279905656,65.64999999999999,22.505429479246004
2025-08-28,MM,32.84,45529.0,18.0,1.6748010747803062,18.43,18.267371071794805,110.42,29.843325926717306
2025-08-28,RELIANCE,19.95,243632.0,18.0,0.4439195920303605,50.07,9.64290796963947,60.23,23.010128248614688
2025-08-29,BHARTIARTL,10.43,49463.0,56.0,1.8794602012808783,51.26,32.97293968611443,62.019999999999996,30.454692822123913
2025-08-29,HDFCBANK,10.6,,,,0.0,,46.13,20.628657610794225
2025-08-29,HUL,11.73,16514.0,23.0,0.03335897332091818,61.9,21.600340067203756,45.95,57.433176134045155
2025-08-29,INFY,16.66,42279.0,24.0,0.08586069423281638,14.61,27.917510279905656,65.64999999999999,22.047848959325023
2025-08-29,MM,32.84,45529.0,18.0,1.6748010747803062,18.43,18.267371071794805,110.42,28.975729034595183
2025-08-29,RELIANCE,19.95,243632.0,18.0,0.4439195920303605,50.07,9.64290796963947,60.23,22.533620308349246
2025-09-01,BHARTIARTL,10.43,49463.0,56.0,1.8794602012808783,51.26,32.97293968611443,62.019999999999996,30.644952847241818
2025-09-01,HDFCBANK,10.6,,,,0.0,,46.13,20.60697974389633
2025-09-01,HUL,11.73,16514.0,23.0,0.03335897332091818,61.9,21.600340067203756,45.95,57.21076641560119
2025-09-01,INFY,16.66,42279.0,24.0,0.08586069423281638,14.61,27.917510279905656,65.64999999999999,22.494929387019234
2025-09-01,MM,32.84,45529.0,18.0,1.6748010747803062,18.43,18.267371071794805,110.42,30.025356840642548
2025-09-01,RELIANCE,19.95,243632.0,18.0,0.4439195920303605,50.07,9.64290796963947,60.23,22.478831552616015
2025-09-02,BHARTIARTL,10.43,49463.0,56.0,1.8794602012808783,51.26,32.97293968611443,62.019999999999996,30.428893117895438
2025-09-02,HDFCBANK,10.6,,,,0.0,,46.13,20.47474528506395
2025-09-02,HUL,11.73,16514.0,23.0,0.03335897332091818,61.9,21.600340067203756,45.95,57.8045780484902
2025-09-02,INFY,16.66,42279.0,24.0,0.08586069423281638,14.61,27.917510279905656,65.64999999999999,22.484425575971063
2025-09-02,MM,32.84,45529.0,18.0,1.6748010747803062,18.43,18.267371071794805,110.42,29.292700597717804
2025-09-02,RELIANCE,19.95,243632.0,18.0,0.4439195920303605,50.07,9.64290796963947,60.23,22.68802922131828
2025-09-03,BHARTIARTL,10.43,49463.0,56.0,1.8794602012808783,51.26,32.97293968611443,62.019999999999996,30.375685656466665
2025-09-03,HDFCBANK,10.6,,,,0.0,,46.13,20.690440325320424
2025-09-03,HUL,11.73,16514.0,23.0,0.03335897332091818,61.9,21.600340067203756,45.95,57.5389774891186
2025-09-03,INFY,16.66,42279.0,24.0,0.08586069423281638,14.61,27.917510279905656,65.64999999999999,22.190374648943262
2025-09-03,MM,32.84,45529.0,18.0,1.6748010747803062,18.43,18.267371071794805,110.42,29.759101612026807
2025-09-03,RELIANCE,19.95,243632.0,18.0,0.4439195920303605,50.07,9.64290796963947,60.23,22.789307248645816
2025-09-04,BHARTIARTL,10.43,49463.0,56.0,1.8794602012808783,51.26,32.97293968611443,62.019999999999996,30.319252247888787
2025-09-04,HDFCBANK,10.6,,,,0.0,,46.13,20.83784955560373
2025-09-04,HUL,11.73,16514.0,23.0,0.03335897332091818,61.9,21.600340067203756,45.95,57.5800111789309
2025-09-04,INFY,16.66,42279.0,24.0,0.08586069423281638,14.61,27.917510279905656,65.64999999999999,21.94883348010282
2025-09-04,MM,32.84,45529.0,18.0,1.6748010747803062,18.43,18.267371071794805,110.42,31.529614200326026
2025-09-04,RELIANCE,19.95,243632.0,18.0,0.4439195920303605,50.07,9.64290796963947,60.23,22.568488275413003
2025-09-05,BHARTIARTL,10.43,49463.0,56.0,1.8794602012808783,51.26,32.97293968611443,62.019999999999996,30.559497723768544
2025-09-05,HDFCBANK,10.6,,,,0.0,,46.13,20.884457498679
2025-09-05,HUL,11.73,16514.0,23.0,0.03335897332091818,61.9,21.600340067203756,45.95,56.863114416145265
2025-09-05,INFY,16.66,42279.0,24.0,0.08586069423281638,14.61,27.917510279905656,65.64999999999999,21.672783508068356
2025-09-05,MM,32.84,45529.0,18.0,1.6748010747803062,18.43,18.267371071794805,110.42,32.25230980644924
2025-09-05,RELIANCE,19.95,243632.0,18.0,0.4439195920303605,50.07,9.64290796963947,60.23,22.82915490619293
2025-09-08,BHARTIARTL,10.43,49463.0,56.0,1.8794602012808783,51.26,32.97293968611443,62.019999999999996,30.436955033406566
2025-09-08,HDFCBANK,10.6,,,,0.0,,46.13,20.94081942336874
2025-09-08,HUL,11.73,16514.0,23.0,0.03335897332091818,61.9,21.600340067203756,45.95,56.65798315934439
2025-09-08,INFY,16.66,42279.0,24.0,0.08586069423281638,14.61,27.917510279905656,65.64999999999999,21.497255137923652
2025-09-08,MM,32.84,45529.0,18.0,1.6748010747803062,18.43,18.267371071794805,110.42,32.25230980644924
2025-09-08,RELIANCE,19.95,243632.0,18.0,0.4439195920303605,50.07,9.64290796963947,60.23,22.887265482317783
2025-09-09,BHARTIARTL,10.43,49463.0,56.0,1.8794602012808783,51.26,32.97293968611443,62.019999999999996,30.53369801954007
2025-09-09,HDFCBANK,10.6,,,,0.0,,46.13,20.92239376575032
2025-09-09,HUL,11.73,16514.0,23.0,0.03335897332091818,61.9,21.600340067203756,45.95,57.04882068654788
2025-09-09,INFY,16.66,42279.0,24.0,0.08586069423281638,14.61,27.917510279905656,65.64999999999999,22.568441189070832
2025-09-09,MM,32.84,45529.0,18.0,1.6748010747803062,18.43,18.267371071794805,110.42,33.47491440706507
2025-09-09,RELIANCE,19.95,243632.0,18.0,0.4439195920303605,50.07,9.64290796963947,60.23,22.84907772159846
2025-09-10,BHARTIARTL,10.43,49463.0,56.0,1.8794602012808783,51.26,32.97293968611443,62.019999999999996,30.496614389133548
2025-09-10,HDFCBANK,10.6,,,,0.0,,46.13,20.938652165923745
2025-09-10,HUL,11.73,16514.0,23.0,0.03335897332091818,61.9,21.600340067203756,45.95,57.08120983235854
2025-09-10,INFY,16.66,42279.0,24.0,0.08586069423281638,14.61,27.917510279905656,65.64999999999999,22.993015309643948
2025-09-10,MM,32.84,45529.0,18.0,1.6748010747803062,18.43,18.267371071794805,110.42,32.642636318997916
2025-09-10,RELIANCE,19.95,243632.0,18.0,0.4439195920303605,50.07,9.64290796963947,60.23,22.862360949692846
2025-09-11,BHARTIARTL,10.43,49463.0,56.0,1.8794602012808783,51.26,32.97293968611443,62.019999999999996,30.84488874556595
2025-09-11,HDFCBANK,10.6,,,,0.0,,46.13,20.979839319162554
2025-09-11,HUL,11.73,16514.0,23.0,0.03335897332091818,61.9,21.600340067203756,45.95,56.61696009589227
2025-09-11,INFY,16.66,42279.0,24.0,0.08586069423281638,14.61,27.917510279905656,65.64999999999999,22.649453853888996
2025-09-11,MM,32.84,45529.0,18.0,1.6748010747803062,18.43,18.267371071794805,110.42,32.56384668693964
2025-09-11,RELIANCE,19.95,243632.0,18.0,0.4439195920303605,50.07,9.64290796963947,60.23,22.966960797412007
2025-09-12,BHARTIARTL,10.43,49463.0,56.0,1.8794602012808783,51.26,32.97293968611443,62.019999999999996,30.677200509286322
2025-09-12,HDFCBANK,10.6,,,,0.0,,46.13,20.969000385713606
2025-09-12,HUL,11.73,16514.0,23.0,0.03335897332091818,61.9,21.600340067203756,45.95,55.72084445559031
2025-09-12,INFY,16.66,42279.0,24.0,0.08586069423281638,14.61,27.917510279905656,65.64999999999999,22.887995793269234
2025-09-12,MM,32.84,45529.0,18.0,1.6748010747803062,18.43,18.267371071794805,110.42,32.5113195285614
2025-09-12,RELIANCE,19.95,243632.0,18.0,0.4439195920303605,50.07,9.64290796963947,60.23,23.161215341192097
2025-09-15,BHARTIARTL,10.43,49463.0,56.0,1.8794602012808783,51.26,32.97293968611443,62.019999999999996,30.707836181876814
2025-09-15,HDFCBANK,10.6,,,,0.0,,46.13,20.963580918989134
2025-09-15,HUL,11.73,16514.0,23.0,0.03335897332091818,61.9,21.600340067203756,45.95,55.7316408375272
2025-09-15,INFY,16.66,42279.0,24.0,0.08586069423281638,14.61,27.917510279905656,65.64999999999999,22.629952354460208
2025-09-15,MM,32.84,45529.0,18.0,1.6748010747803062,18.43,18.267371071794805,110.42,31.971563564826344
2025-09-15,RELIANCE,19.95,243632.0,18.0,0.4439195920303605,50.07,9.64290796963947,60.23,23.23260914541134
2025-09-16,BHARTIARTL,10.43,49463.0,56.0,1.8794602012808783,51.26,32.97293968611443,62.019999999999996,31.272170267655596
2025-09-16,HDFCBANK,10.6,,,,0.0,,46.13,20.959245080987156
2025-09-16,HUL,11.73,16514.0,23.0,0.03335897332091818,61.9,21.600340067203756,45.95,55.72948368641186
2025-09-16,INFY,16.66,42279.0,24.0,0.08586069423281638,14.61,27.917510279905656,65.64999999999999,22.673460705445546
2025-09-16,MM,32.84,45529.0,18.0,1.6748010747803062,18.43,18.267371071794805,110.42,32.67523999275493
2025-09-16,RELIANCE,19.95,243632.0,18.0,0.4439195920303605,50.07,9.64290796963947,60.23,23.33222727591109
2025-09-17,BHARTIARTL,10.43,49463.0,56.0,1.8794602012808783,51.26,32.97293968611443,62.019999999999996,31.301193950792086
2025-09-17,HDFCBANK,10.6,,,,0.0,,46.13,20.95165835681769
2025-09-17,HUL,11.73,16514.0,23.0,0.03335897332091818,61.9,21.600340067203756,45.95,55.48763835520946
2025-09-17,INFY,16.66,42279.0,24.0,0.08586069423281638,14.61,27.917510279905656,65.64999999999999,22.839989527798938
2025-09-17,MM,32.84,45529.0,18.0,1.6748010747803062,18.43,18.267371071794805,110.42,32.90345907599959
2025-09-17,RELIANCE,19.95,243632.0,18.0,0.4439195920303605,50.07,9.64290796963947,60.23,23.47335296078574
2025-09-18,BHARTIARTL,10.43,49463.0,56.0,1.8794602012808783,51.26,32.97293968611443,62.019999999999996,31.29796800364298
2025-09-18,HDFCBANK,10.6,,,,0.0,,46.13,21.177108701800613
2025-09-18,HUL,11.73,16514.0,23.0,0.03335897332091818,61.9,21.600340067203756,45.95,55.85688311853917
2025-09-18,INFY,16.66,42279.0,24.0,0.08586069423281638,14.61,27.917510279905656,65.64999999999999,23.113036551551794
2025-09-18,MM,32.84,45529.0,18.0,1.6748010747803062,18.43,18.267371071794805,110.42,32.98496604937398
2025-09-18,RELIANCE,19.95,243632.0,18.0,0.4439195920303605,50.07,9.64290796963947,60.23,23.49327577619127
2025-09-19,BHARTIARTL,10.43,49463.0,56.0,1.8794602012808783,51.26,32.97293968611443,62.019999999999996,31.64140639171336
2025-09-19,HDFCBANK,10.6,,,,0.0,,46.13,20.96033003282164
2025-09-19,HUL,11.73,16514.0,23.0,0.03335897332091818,61.9,21.600340067203756,45.95,55.26955356535636
2025-09-19,INFY,16.66,42279.0,24.0,0.08586069423281638,14.61,27.917510279905656,65.64999999999999,23.10703437380998
2025-09-19,MM,32.84,45529.0,18.0,1.6748010747803062,18.43,18.267371071794805,110.42,32.53124522420078
2025-09-19,RELIANCE,19.95,243632.0,18.0,0.4439195920303605,50.07,9.64290796963947,60.23,23.367093216238793
2025-09-22,BHARTIARTL,10.43,49463.0,56.0,1.8794602012808783,51.26,32.97293968611443,62.019999999999996,31.54143745843075
2025-09-22,HDFCBANK,10.6,,,,0.0,,46.13,20.901799527574923
2025-09-22,HUL,11.73,16514.0,23.0,0.03335897332091818,61.9,21.600340067203756,45.95,55.54162557807399
2025-09-22,INFY,16.66,42279.0,24.0,0.08586069423281638,14.61,27.917510279905656,65.64999999999999,22.496428072043987
2025-09-22,MM,32.84,45529.0,18.0,1.6748010747803062,18.43,18.267371071794805,110.42,32.46513357026014
2025-09-22,RELIANCE,19.95,243632.0,18.0,0.4439195920303605,50.07,9.64290796963947,60.23,23.08816164014507
2025-09-23,BHARTIARTL,10.43,49463.0,56.0,1.8794602012808783,51.26,32.97293968611443,62.019999999999996,31.25927041554136
2025-09-23,HDFCBANK,10.6,,,,0.0,,46.13,20.750054459289643
2025-09-23,HUL,11.73,16514.0,23.0,0.03335897332091818,61.9,21.600340067203756,45.95,54.461971444844934
2025-09-23,INFY,16.66,42279.0,24.0,0.08586069423281638,14.61,27.917510279905656,65.64999999999999,22.466422761567024
2025-09-23,MM,32.84,45529.0,18.0,1.6748010747803062,18.43,18.267371071794805,110.42,32.73501265763675
2025-09-23,RELIANCE,19.95,243632.0,18.0,0.4439195920303605,50.07,9.64290796963947,60.23,23.074880438786735
2025-09-24,BHARTIARTL,10.43,49463.0,56.0,1.8794602012808783,51.26,32.97293968611443,62.019999999999996,31.13672969342047
2025-09-24,HDFCBANK,10.6,,,,0.0,,46.13,20.616735048622775
2025-09-24,HUL,11.73,16514.0,23.0,0.03335897332091818,61.9,21.600340067203756,45.95,55.05146346232318
2025-09-24,INFY,16.66,42279.0,24.0,0.08586069423281638,14.61,27.917510279905656,65.64999999999999,22.422914410581686
2025-09-24,MM,32.84,45529.0,18.0,1.6748010747803062,18.43,18.267371071794805,110.42,32.37547457293742
2025-09-24,RELIANCE,19.95,243632.0,18.0,0.4439195920303605,50.07,9.64290796963947,60.23,22.961979080192595
2025-09-25,BHARTIARTL,10.43,49463.0,56.0,1.8794602012808783,51.26,32.97293968611443,62.019999999999996,31.2092869330206
2025-09-25,HDFCBANK,10.6,,,,0.0,,46.13,20.590721343722905
2025-09-25,HUL,11.73,16514.0,23.0,0.03335897332091818,61.9,21.600340067203756,45.95,54.80962344430087
2025-09-25,INFY,16.66,42279.0,24.0,0.08586069423281638,14.61,27.917510279905656,65.64999999999999,22.275890806478486
2025-09-25,MM,32.84,45529.0,18.0,1.6748010747803062,18.43,18.267371071794805,110.42,31.968846223510234
2025-09-25,RELIANCE,19.95,243632.0,18.0,0.4439195920303605,50.07,9.64290796963947,60.23,22.78598745499025
2025-09-26,BHARTIARTL,10.43,49463.0,56.0,1.8794602012808783,51.26,32.97293968611443,62.019999999999996,30.902934143597832
2025-09-26,HDFCBANK,10.6,,,,0.0,,46.13,20.486667847235392
2025-09-26,HUL,11.73,16514.0,23.0,0.03335897332091818,61.9,21.600340067203756,45.95,54.23740457528563
2025-09-26,INFY,16.66,42279.0,24.0,0.08586069423281638,14.61,27.917510279905656,65.64999999999999,21.73729576232864
2025-09-26,MM,32.84,45529.0,18.0,1.6748010747803062,18.43,18.267371071794805,110.42,30.7598261184568
2025-09-26,RELIANCE,19.95,243632.0,18.0,0.4439195920303605,50.07,9.64290796963947,60.23,22.87232235739561
2025-09-29,BHARTIARTL,10.43,49463.0,56.0,1.8794602012808783,51.26,32.97293968611443,62.019999999999996,30.670750583229204
2025-09-29,HDFCBANK,10.6,,,,0.0,,46.13,20.600476648449355
2025-09-29,HUL,11.73,16514.0,23.0,0.03335897332091818,61.9,21.600340067203756,45.95,53.93725771898803
2025-09-29,INFY,16.66,42279.0,24.0,0.08586069423281638,14.61,27.917510279905656,65.64999999999999,21.63077756092917
2025-09-29,MM,32.84,45529.0,18.0,1.6748010747803062,18.43,18.267371071794805,110.42,30.955443738962597
2025-09-29,RELIANCE,19.95,243632.0,18.0,0.4439195920303605,50.07,9.64290796963947,60.23,22.792629069037442
2025-09-30,BHARTIARTL,10.43,49463.0,56.0,1.8794602012808783,51.26,32.97293968611443,62.019999999999996,30.287004585844286
2025-09-30,HDFCBANK,10.6,,,,0.0,,46.13,20.61565141990028
2025-09-30,HUL,11.73,16514.0,23.0,0.03335897332091818,61.9,21.600340067203756,45.95,54.29354363608542
2025-09-30,INFY,16.66,42279.0,24.0,0.08586069423281638,14.61,27.917510279905656,65.64999999999999,21.63077756092917
2025-09-30,MM,32.84,45529.0,18.0,1.6748010747803062,18.43,18.267371071794805,110.42,31.03604419489223
2025-09-30,RELIANCE,19.95,243632.0,18.0,0.4439195920303605,50.07,9.64290796963947,60.23,22.646521666943386
2025-10-01,BHARTIARTL,10.43,49463.0,56.0,1.8794602012808783,51.26,32.97293968611443,62.019999999999996,30.11286642350754
2025-10-01,HDFCBANK,10.6,,,,0.0,,46.13,20.924561023195317
2025-10-01,HUL,11.73,16514.0,23.0,0.03335897332091818,61.9,21.600340067203756,45.95,54.764275452257884
2025-10-01,INFY,16.66,42279.0,24.0,0.08586069423281638,14.61,27.917510279905656,65.64999999999999,21.690788181883097
2025-10-01,MM,32.84,45529.0,18.0,1.6748010747803062,18.43,18.267371071794805,110.42,31.365693736132492
2025-10-01,RELIANCE,19.95,243632.0,18.0,0.4439195920303605,50.07,9.64290796963947,60.23,22.72455505847377
2025-10-02,BHARTIARTL,10.43,49463.0,56.0,1.8794602012808783,51.26,32.97293968611443,62.019999999999996,
2025-10-02,HDFCBANK,10.6,,,,0.0,,46.13,
2025-10-02,HUL,11.73,16514.0,23.0,0.03335897332091818,61.9,21.600340067203756,45.95,
2025-10-02,INFY,16.66,42279.0,24.0,0.08586069423281638,14.61,27.917510279905656,65.64999999999999,
2025-10-02,MM,32.84,45529.0,18.0,1.6748010747803062,18.43,18.267371071794805,110.42,
2025-10-02,RELIANCE,19.95,243632.0,18.0,0.4439195920303605,50.07,9.64290796963947,60.23,
2025-10-03,BHARTIARTL,10.43,49463.0,56.0,1.8794602012808783,51.26,32.97293968611443,62.019999999999996,30.58206951260682
2025-10-03,HDFCBANK,10.6,,,,0.0,,46.13,20.92239376575032
2025-10-03,HUL,11.73,16514.0,23.0,0.03335897332091818,61.9,21.600340067203756,45.95,54.952133560595755
2025-10-03,INFY,16.66,42279.0,24.0,0.08586069423281638,14.61,27.917510279905656,65.64999999999999,21.70278881854532
2025-10-03,MM,32.84,45529.0,18.0,1.6748010747803062,18.43,18.267371071794805,110.42,31.353015758014852
2025-10-03,RELIANCE,19.95,243632.0,18.0,0.4439195920303605,50.07,9.64290796963947,60.23,22.63656025924062
2025-10-06,BHARTIARTL,10.43,49463.0,56.0,1.8794602012808783,51.26,32.97293968611443,62.019999999999996,30.685262424797447
2025-10-06,HDFCBANK,10.6,,,,0.0,,46.13,21.102319796380474
2025-10-06,HUL,11.73,16514.0,23.0,0.03335897332091818,61.9,21.600340067203756,45.95,54.88519811785908
2025-10-06,INFY,16.66,42279.0,24.0,0.08586069423281638,14.61,27.917510279905656,65.64999999999999,22.14386706849772
2025-10-06,MM,32.84,45529.0,18.0,1.6748010747803062,18.43,18.267371071794805,110.42,31.443579061764172
2025-10-06,RELIANCE,19.95,243632.0,18.0,0.4439195920303605,50.07,9.64290796963947,60.23,22.82915490619293
2025-10-07,BHARTIARTL,10.43,49463.0,56.0,1.8794602012808783,51.26,32.97293968611443,62.019999999999996,31.102870041921964
2025-10-07,HDFCBANK,10.6,,,,0.0,,46.13,21.298504227184043
2025-10-07,HUL,11.73,16514.0,23.0,0.03335897332091818,61.9,21.600340067203756,45.95,54.35400762547606
2025-10-07,INFY,16.66,42279.0,24.0,0.08586069423281638,14.61,27.917510279905656,65.64999999999999,21.88132013697163
2025-10-07,MM,32.84,45529.0,18.0,1.6748010747803062,18.43,18.267371071794805,110.42,31.631951175766392
2025-10-07,RELIANCE,19.95,243632.0,18.0,0.4439195920303605,50.07,9.64290796963947,60.23,22.991865330036944
2025-10-08,BHARTIARTL,10.43,49463.0,56.0,1.8794602012808783,51.26,32.97293968611443,62.019999999999996,31.3366655917446
2025-10-08,HDFCBANK,10.6,,,,0.0,,46.13,21.216128597594434
2025-10-08,HUL,11.73,16514.0,23.0,0.03335897332091818,61.9,21.600340067203756,45.95,53.98476817532644
2025-10-08,INFY,16.66,42279.0,24.0,0.08586069423281638,14.61,27.917510279905656,65.64999999999999,22.4289165883235
2025-10-08,MM,32.84,45529.0,18.0,1.6748010747803062,18.43,18.267371071794805,110.42,31.031516029704765
2025-10-08,RELIANCE,19.95,243632.0,18.0,0.4439195920303605,50.07,9.64290796963947,60.23,22.702972346240454
2025-10-09,BHARTIARTL,10.43,49463.0,56.0,1.8794602012808783,51.26,32.97293968611443,62.019999999999996,31.312479845211225
2025-10-09,HDFCBANK,10.6,,,,0.0,,46.13,21.181443216690603
2025-10-09,HUL,11.73,16514.0,23.0,0.03335897332091818,61.9,21.600340067203756,45.95,54.3626468562976
2025-10-09,INFY,16.66,42279.0,24.0,0.08586069423281638,14.61,27.917510279905656,65.64999999999999,22.643455394968587
2025-10-09,MM,32.84,45529.0,18.0,1.6748010747803062,18.43,18.267371071794805,110.42,31.180038963446385
2025-10-09,RELIANCE,19.95,243632.0,18.0,0.4439195920303605,50.07,9.64290796963947,60.23,22.875644177787233
2025-10-10,BHARTIARTL,10.43,49463.0,56.0,1.8794602012808783,51.26,32.97293968611443,62.019999999999996,31.278620193712715
2025-10-10,HDFCBANK,10.6,,,,0.0,,46.13,21.263820169392204
2025-10-10,HUL,11.73,16514.0,23.0,0.03335897332091818,61.9,21.600340067203756,45.95,54.60664402543525
2025-10-10,INFY,16.66,42279.0,24.0,0.08586069423281638,14.61,27.917510279905656,65.64999999999999,22.727469148657658
2025-10-10,MM,32.84,45529.0,18.0,1.6748010747803062,18.43,18.267371071794805,110.42,31.28871492794557
2025-10-10,RELIANCE,19.95,243632.0,18.0,0.4439195920303605,50.07,9.64290796963947,60.23,22.94039434122323
2025-10-13,BHARTIARTL,10.43,49463.0,56.0,1.8794602012808783,51.26,32.97293968611443,62.019999999999996,31.520477659046477
2025-10-13,HDFCBANK,10.6,,,,0.0,,46.13,21.179275959245608
2025-10-13,HUL,11.73,16514.0,23.0,0.03335897332091818,61.9,21.600340067203756,45.95,53.827136748503804
2025-10-13,INFY,16.66,42279.0,24.0,0.08586069423281638,14.61,27.917510279905656,65.64999999999999,22.40191050730674
2025-10-13,MM,32.84,45529.0,18.0,1.6748010747803062,18.43,18.267371071794805,110.42,31.332185755948878
2025-10-13,RELIANCE,19.95,243632.0,18.0,0.4439195920303605,50.07,9.64290796963947,60.23,22.82915490619293
2025-10-14,BHARTIARTL,10.43,49463.0,56.0,1.8794602012808783,51.26,32.97293968611443,62.019999999999996,31.38664907426536
2025-10-14,HDFCBANK,10.6,,,,0.0,,46.13,21.18252816852509
2025-10-14,HUL,11.73,16514.0,23.0,0.03335897332091818,61.9,21.600340067203756,45.95,54.03227331848476
2025-10-14,INFY,16.66,42279.0,24.0,0.08586069423281638,14.61,27.917510279905656,65.64999999999999,22.352403697400995
2025-10-14,MM,32.84,45529.0,18.0,1.6748010747803062,18.43,18.267371071794805,110.42,31.333092273393632
2025-10-14,RELIANCE,19.95,243632.0,18.0,0.4439195920303605,50.07,9.64290796963947,60.23,22.844098031115102
2025-10-15,BHARTIARTL,10.43,49463.0,56.0,1.8794602012808783,51.26,32.97293968611443,62.019999999999996,31.739761367300872
2025-10-15,HDFCBANK,10.6,,,,0.0,,46.13,21.20637329286798
2025-10-15,HUL,11.73,16514.0,23.0,0.03335897332091818,61.9,21.600340067203756,45.95,54.39287353781284
2025-10-15,INFY,16.66,42279.0,24.0,0.08586069423281638,14.61,27.917510279905656,65.64999999999999,22.11986393576257
2025-10-15,MM,32.84,45529.0,18.0,1.6748010747803062,18.43,18.267371071794805,110.42,31.67179814500883
2025-10-15,RELIANCE,19.95,243632.0,18.0,0.4439195920303605,50.07,9.64290796963947,60.23,22.81753360166238
2025-10-16,BHARTIARTL,10.43,49463.0,56.0,1.8794602012808783,51.26,32.97293968611443,62.019999999999996,31.722025546824614
2025-10-16,HDFCBANK,10.6,,,,0.0,,46.13,21.55538642067933
2025-10-16,HUL,11.73,16514.0,23.0,0.03335897332091818,61.9,21.600340067203756,45.95,55.310576628808484
2025-10-16,INFY,16.66,42279.0,24.0,0.08586069423281638,14.61,27.917510279905656,65.64999999999999,22.076355584777232
2025-10-16,MM,32.84,45529.0,18.0,1.6748010747803062,18.43,18.267371071794805,110.42,32.247781641261774
2025-10-16,RELIANCE,19.95,243632.0,18.0,0.4439195920303605,50.07,9.64290796963947,60.23,23.216006123661383
2025-10-17,BHARTIARTL,10.43,49463.0,56.0,1.8794602012808783,51.26,32.97293968611443,62.019999999999996,32.441148016768786
2025-10-17,HDFCBANK,10.6,,,,0.0,,46.13,21.733145193864484
2025-10-17,HUL,11.73,16514.0,23.0,0.03335897332091818,61.9,21.600340067203756,45.95,56.221802953278015
2025-10-17,INFY,16.66,42279.0,24.0,0.08586069423281638,14.61,27.917510279905656,65.64999999999999,21.620275609291703
2025-10-17,MM,32.84,45529.0,18.0,1.6748010747803062,18.43,18.267371071794805,110.42,33.03024770124864
2025-10-17,RELIANCE,19.95,243632.0,18.0,0.4439195920303605,50.07,9.64290796963947,60.23,23.523162026035614
2025-10-20,BHARTIARTL,10.43,49463.0,56.0,1.8794602012808783,51.26,32.97293968611443,62.019999999999996,33.0780393421477
2025-10-20,HDFCBANK,10.6,,,,0.0,,46.13,21.74181686986844
2025-10-20,HUL,11.73,16514.0,23.0,0.03335897332091818,61.9,21.600340067203756,45.95,56.02098599870783
2025-10-20,INFY,16.66,42279.0,24.0,0.08586069423281638,14.61,27.917510279905656,65.64999999999999,21.917327625190406
2025-10-20,MM,32.84,45529.0,18.0,1.6748010747803062,18.43,18.267371071794805,110.42,32.594639536825305
2025-10-20,RELIANCE,19.95,243632.0,18.0,0.4439195920303605,50.07,9.64290796963947,60.23,24.353313113533538
2025-10-21,BHARTIARTL,10.43,49463.0,56.0,1.8794602012808783,51.26,32.97293968611443,62.019999999999996,32.94904869396969
2025-10-21,HDFCBANK,10.6,,,,0.0,,46.13,21.844786737633452
2025-10-21,HUL,11.73,16514.0,23.0,0.03335897332091818,61.9,21.600340067203756,45.95,55.96268978679271
2025-10-21,INFY,16.66,42279.0,24.0,0.08586069423281638,14.61,27.917510279905656,65.64999999999999,22.089858625285608
2025-10-21,MM,32.84,45529.0,18.0,1.6748010747803062,18.43,18.267371071794805,110.42,32.79478311150041
2025-10-21,RELIANCE,19.95,243632.0,18.0,0.4439195920303605,50.07,9.64290796963947,60.23,24.326746657344763
2025-10-22,BHARTIARTL,10.43,49463.0,56.0,1.8794602012808783,51.26,32.97293968611443,62.019999999999996,
2025-10-22,HDFCBANK,10.6,,,,0.0,,46.13,
2025-10-22,HUL,11.73,16514.0,23.0,0.03335897332091818,61.9,21.600340067203756,45.95,
2025-10-22,INFY,16.66,42279.0,24.0,0.08586069423281638,14.61,27.917510279905656,65.64999999999999,
2025-10-22,MM,32.84,45529.0,18.0,1.6748010747803062,18.43,18.267371071794805,110.42,
2025-10-22,RELIANCE,19.95,243632.0,18.0,0.4439195920303605,50.07,9.64290796963947,60.23,
2025-10-23,BHARTIARTL,10.43,49463.0,56.0,1.8794602012808783,51.26,32.97293968611443,62.019999999999996,32.37504070322578
2025-10-23,HDFCBANK,10.6,,,,0.0,,46.13,21.868631861976343
2025-10-23,HUL,11.73,16514.0,23.0,0.03335897332091818,61.9,21.600340067203756,45.95,56.17646027441512
2025-10-23,INFY,16.66,42279.0,24.0,0.08586069423281638,14.61,27.917510279905656,65.64999999999999,22.93150414425457
2025-10-23,MM,32.84,45529.0,18.0,1.6748010747803062,18.43,18.267371071794805,110.42,32.81651963101114
2025-10-23,RELIANCE,19.95,243632.0,18.0,0.4439195920303605,50.07,9.64290796963947,60.23,24.047817107987093
2025-10-24,BHARTIARTL,10.43,49463.0,56.0,1.8794602012808783,51.26,32.97293968611443,62.019999999999996,32.720091080750166
2025-10-24,HDFCBANK,10.6,,,,0.0,,46.13,21.564058096683286
2025-10-24,HUL,11.73,16514.0,23.0,0.03335897332091818,61.9,21.600340067203756,45.95,54.33672916383297
2025-10-24,INFY,16.66,42279.0,24.0,0.08586069423281638,14.61,27.917510279905656,65.64999999999999,22.88499656380903
2025-10-24,MM,32.84,45529.0,18.0,1.6748010747803062,18.43,18.267371071794805,110.42,32.829197609128784
2025-10-24,RELIANCE,19.95,243632.0,18.0,0.4439195920303605,50.07,9.64290796963947,60.23,24.10094596689254
2025-10-27,BHARTIARTL,10.43,49463.0,56.0,1.8794602012808783,51.26,32.97293968611443,62.019999999999996,33.539182483976944
2025-10-27,HDFCBANK,10.6,,,,0.0,,46.13,21.74181686986844
2025-10-27,HUL,11.73,16514.0,23.0,0.03335897332091818,61.9,21.600340067203756,45.95,54.23740457528563
2025-10-27,INFY,16.66,42279.0,24.0,0.08586069423281638,14.61,27.917510279905656,65.64999999999999,22.91698400609292
2025-10-27,MM,32.84,45529.0,18.0,1.6748010747803062,18.43,18.267371071794805,110.42,32.707843666511955
2025-10-27,RELIANCE,19.95,243632.0,18.0,0.4439195920303605,50.07,9.64290796963947,60.23,24.64054417376619
2025-10-28,BHARTIARTL,10.43,49463.0,56.0,1.8794602012808783,51.26,32.97293968611443,62.019999999999996,33.70203081541237
2025-10-28,HDFCBANK,10.6,,,,0.0,,46.13,21.754823060762384
2025-10-28,HUL,11.73,16514.0,23.0,0.03335897332091818,61.9,21.600340067203756,45.95,53.919989883705114
2025-10-28,INFY,16.66,42279.0,24.0,0.08586069423281638,14.61,27.917510279905656,65.64999999999999,22.851484404750575
2025-10-28,MM,32.84,45529.0,18.0,1.6748010747803062,18.43,18.267371071794805,110.42,32.413512929326664
2025-10-28,RELIANCE,19.95,243632.0,18.0,0.4439195920303605,50.07,9.64290796963947,60.23,24.687033445360495
2025-10-29,BHARTIARTL,10.43,49463.0,56.0,1.8794602012808783,51.26,32.97293968611443,62.019999999999996,33.86972101993309
2025-10-29,HDFCBANK,10.6,,,,0.0,,46.13,21.848037623800945
2025-10-29,HUL,11.73,16514.0,23.0,0.03335897332091818,61.9,21.600340067203756,45.95,53.72564969566104
2025-10-29,INFY,16.66,42279.0,24.0,0.08586069423281638,14.61,27.917510279905656,65.64999999999999,23.00685490348915
2025-10-29,MM,32.84,45529.0,18.0,1.6748010747803062,18.43,18.267371071794805,110.42,32.01141053406878
2025-10-29,RELIANCE,19.95,243632.0,18.0,0.4439195920303605,50.07,9.64290796963947,60.23,24.974264505593144
2025-10-30,BHARTIARTL,10.43,49463.0,56.0,1.8794602012808783,51.26,32.97293968611443,62.019999999999996,33.316672828573445
2025-10-30,HDFCBANK,10.6,,,,0.0,,46.13,21.63776337338093
2025-10-30,HUL,11.73,16514.0,23.0,0.03335897332091818,61.9,21.600340067203756,45.95,53.3261782508161
2025-10-30,INFY,16.66,42279.0,24.0,0.08586069423281638,14.61,27.917510279905656,65.64999999999999,22.753999220535036
2025-10-30,MM,32.84,45529.0,18.0,1.6748010747803062,18.43,18.267371071794805,110.42,31.71617549045689
2025-10-30,RELIANCE,19.95,243632.0,18.0,0.4439195920303605,50.07,9.64290796963947,60.23,24.713597874813217
2025-10-31,BHARTIARTL,10.43,49463.0,56.0,1.8794602012808783,51.26,32.97293968611443,62.019999999999996,33.12641083521445
2025-10-31,HDFCBANK,10.6,,,,0.0,,46.13,21.402557723671553
2025-10-31,HUL,11.73,16514.0,23.0,0.03335897332091818,61.9,21.600340067203756,45.95,53.23764473102557
2025-10-31,INFY,16.66,42279.0,24.0,0.08586069423281638,14.61,27.917510279905656,65.64999999999999,22.57882785724486
2025-10-31,MM,32.84,45529.0,18.0,1.6748010747803062,18.43,18.267371071794805,110.42,31.58123484125951
2025-10-31,RELIANCE,19.95,243632.0,18.0,0.4439195920303605,50.07,9.64290796963947,60.23,24.678731934485516
2025-11-03,BHARTIARTL,10.43,49463.0,56.0,1.8794602012808783,51.26,32.97293968611443,62.019999999999996,33.44082554014834
2025-11-03,HDFCBANK,10.6,,,,0.0,,46.13,21.518535105442496
2025-11-03,HUL,11.73,16514.0,23.0,0.03335897332091818,61.9,21.600340067203756,45.95,53.1188845297198
2025-11-03,INFY,16.66,42279.0,24.0,0.08586069423281638,14.61,27.917510279905656,65.64999999999999,22.627570449352632
2025-11-03,MM,32.84,45529.0,18.0,1.6748010747803062,18.43,18.267371071794805,110.42,32.14000998318919
2025-11-03,RELIANCE,19.95,243632.0,18.0,0.4439195920303605,50.07,9.64290796963947,60.23,24.650505581468952
2025-11-04,BHARTIARTL,10.43,49463.0,56.0,1.8794602012808783,51.26,32.97293968611443,62.019999999999996,34.07449288661924
2025-11-04,HDFCBANK,10.6,,,,0.0,,46.13,21.358118361153263
2025-11-04,HUL,11.73,16514.0,23.0,0.03335897332091818,61.9,21.600340067203756,45.95,52.81010375578074
2025-11-04,INFY,16.66,42279.0,24.0,0.08586069423281638,14.61,27.917510279905656,65.64999999999999,22.359482473938503
2025-11-04,MM,32.84,45529.0,18.0,1.6748010747803062,18.43,18.267371071794805,110.42,32.43252989650313
2025-11-04,RELIANCE,19.95,243632.0,18.0,0.4439195920303605,50.07,9.64290796963947,60.23,24.457910934516647
2025-11-05,BHARTIARTL,10.43,49463.0,56.0,1.8794602012808783,51.26,32.97293968611443,62.019999999999996,
2025-11-05,HDFCBANK,10.6,,,,0.0,,46.13,
2025-11-05,HUL,11.73,16514.0,23.0,0.03335897332091818,61.9,21.600340067203756,45.95,
2025-11-05,INFY,16.66,42279.0,24.0,0.08586069423281638,14.61,27.917510279905656,65.64999999999999,
2025-11-05,MM,32.84,45529.0,18.0,1.6748010747803062,18.43,18.267371071794805,110.42,
2025-11-05,RELIANCE,19.95,243632.0,18.0,0.4439195920303605,50.07,9.64290796963947,60.23,
2025-11-06,BHARTIARTL,10.43,49463.0,56.0,1.8794602012808783,51.26,32.97293968611443,62.019999999999996,33.77781203392051
2025-11-06,HDFCBANK,10.6,,,,0.0,,46.13,21.345112170259316
2025-11-06,HUL,11.73,16514.0,23.0,0.03335897332091818,61.9,21.600340067203756,45.95,52.60065288356909
2025-11-06,INFY,16.66,42279.0,24.0,0.08586069423281638,14.61,27.917510279905656,65.64999999999999,22.341202607340065
2025-11-06,MM,32.84,45529.0,18.0,1.6748010747803062,18.43,18.267371071794805,110.42,32.770331461691725
2025-11-06,RELIANCE,19.95,243632.0,18.0,0.4439195920303605,50.07,9.64290796963947,60.23,24.83978043476569
2025-11-07,BHARTIARTL,10.43,49463.0,56.0,1.8794602012808783,51.26,32.97293968611443,62.019999999999996,32.26700985443204
2025-11-07,HDFCBANK,10.6,,,,0.0,,46.13,21.294168389182065
2025-11-07,HUL,11.73,16514.0,23.0,0.03335897332091818,61.9,21.600340067203756,45.95,52.53536452665941
2025-11-07,INFY,16.66,42279.0,24.0,0.08586069423281638,14.61,27.917510279905656,65.64999999999999,22.49505024871478
2025-11-07,MM,32.84,45529.0,18.0,1.6748010747803062,18.43,18.267371071794805,110.42,33.41966990737072
2025-11-07,RELIANCE,19.95,243632.0,18.0,0.4439195920303605,50.07,9.64290796963947,60.23,24.539266146438653
2025-11-10,BHARTIARTL,10.43,49463.0,56.0,1.8794602012808783,51.26,32.97293968611443,62.019999999999996,32.56691468603878
2025-11-10,HDFCBANK,10.6,,,,0.0,,46.13,21.34185996097984
2025-11-10,HUL,11.73,16514.0,23.0,0.03335897332091818,61.9,21.600340067203756,45.95,52.42219910398531
2025-11-10,INFY,16.66,42279.0,24.0,0.08586069423281638,14.61,27.917510279905656,65.64999999999999,23.054074638233057
2025-11-10,MM,32.84,45529.0,18.0,1.6748010747803062,18.43,18.267371071794805,110.42,33.18148797630638
2025-11-10,RELIANCE,19.95,243632.0,18.0,0.4439195920303605,50.07,9.64290796963947,60.23,24.726881102907605
2025-11-11,BHARTIARTL,10.43,49463.0,56.0,1.8794602012808783,51.26,32.97293968611443,62.019999999999996,32.92970088403943
2025-11-11,HDFCBANK,10.6,,,,0.0,,46.13,21.497940867267097
2025-11-11,HUL,11.73,16514.0,23.0,0.03335897332091818,61.9,21.600340067203756,45.95,52.82916213275299
2025-11-11,INFY,16.66,42279.0,24.0,0.08586069423281638,14.61,27.917510279905656,65.64999999999999,23.309977895325595
2025-11-11,MM,32.84,45529.0,18.0,1.6748010747803062,18.43,18.267371071794805,110.42,33.95308909306512
2025-11-11,RELIANCE,19.95,243632.0,18.0,0.4439195920303605,50.07,9.64290796963947,60.23,24.794953086735223
2025-11-12,BHARTIARTL,10.43,49463.0,56.0,1.8794602012808783,51.26,32.97293968611443,62.019999999999996,33.43760156124033
2025-11-12,HDFCBANK,10.6,,,,0.0,,46.13,21.450249295469323
2025-11-12,HUL,11.73,16514.0,23.0,0.03335897332091818,61.9,21.600340067203756,45.95,52.76387377584331
2025-11-12,INFY,16.66,42279.0,24.0,0.08586069423281638,14.61,27.917510279905656,65.64999999999999,23.63594746644136
2025-11-12,MM,32.84,45529.0,18.0,1.6748010747803062,18.43,18.267371071794805,110.42,34.00018156881113
2025-11-12,RELIANCE,19.95,243632.0,18.0,0.4439195920303605,50.07,9.64290796963947,60.23,25.095467375062263
2025-11-13,BHARTIARTL,10.43,49463.0,56.0,1.8794602012808783,51.26,32.97293968611443,62.019999999999996,33.72783051964085
2025-11-13,HDFCBANK,10.6,,,,0.0,,46.13,21.388467904055112
2025-11-13,HUL,11.73,16514.0,23.0,0.03335897332091818,61.9,21.600340067203756,45.95,52.39608482385745
2025-11-13,INFY,16.66,42279.0,24.0,0.08586069423281638,14.61,27.917510279905656,65.64999999999999,23.485149258615767
2025-11-13,MM,32.84,45529.0,18.0,1.6748010747803062,18.43,18.267371071794805,110.42,33.50389422206122
2025-11-13,RELIANCE,19.95,243632.0,18.0,0.4439195920303605,50.07,9.64290796963947,60.23,25.0855059673595
2025-11-14,BHARTIARTL,11.91,52145.0,57.0,1.7658494346157765,50.27,32.97293968611443,67.61999999999999,31.06625186589582
2025-11-14,HDFCBANK,12.76,,,,0.0,,47.21,20.961660147975802
2025-11-14,HUL,11.43,15919.0,24.0,0.036435667953033914,61.9,21.600340067203756,46.35,52.37756097458198
2025-11-14,INFY,17.73,44490.0,24.0,0.08472853963031066,14.3,27.917510279905656,67.71000000000001,22.1946543911996
2025-11-14,MM,29.54,46106.0,19.0,1.5294891603495726,18.43,18.267371071794805,114.46000000000001,32.31347280845929
2025-11-14,RELIANCE,13.42,254623.0,18.0,0.42699366222870694,50.01,9.64290796963947,61.41,24.733757114705465
2025-11-17,BHARTIARTL,11.91,52145.0,57.0,1.7658494346157765,50.27,32.97293968611443,67.61999999999999,31.236319893106703
2025-11-17,HDFCBANK,12.76,,,,0.0,,47.21,21.10887497972821
2025-11-17,HUL,11.43,15919.0,24.0,0.036435667953033914,61.9,21.600340067203756,46.35,52.319309600863
2025-11-17,INFY,17.73,44490.0,24.0,0.08472853963031066,14.3,27.917510279905656,67.71000000000001,22.265543872189298
2025-11-17,MM,29.54,46106.0,19.0,1.5294891603495726,18.43,18.267371071794805,114.46000000000001,32.630612461504015
2025-11-17,RELIANCE,13.42,254623.0,18.0,0.42699366222870694,50.01,9.64290796963947,61.41,24.723987116562856
2025-11-18,BHARTIARTL,11.91,52145.0,57.0,1.7658494346157765,50.27,32.97293968611443,67.61999999999999,31.783495285002594
2025-11-18,HDFCBANK,12.76,,,,0.0,,47.21,21.02202948966387
2025-11-18,HUL,11.43,15919.0,24.0,0.036435667953033914,61.9,21.600340067203756,46.35,51.86623516720604
2025-11-18,INFY,17.73,44490.0,24.0,0.08472853963031066,14.3,27.917510279905656,67.71000000000001,21.95244460809426
2025-11-18,MM,29.54,46106.0,19.0,1.5294891603495726,18.43,18.267371071794805,114.46000000000001,32.28027301090446
2025-11-18,RELIANCE,13.42,254623.0,18.0,0.42699366222870694,50.01,9.64290796963947,61.41,24.741899111122986
2025-11-19,BHARTIARTL,11.91,52145.0,57.0,1.7658494346157765,50.27,32.97293968611443,67.61999999999999,31.940255084710518
2025-11-19,HDFCBANK,12.76,,,,0.0,,47.21,21.067569912856122
2025-11-19,HUL,11.43,15919.0,24.0,0.036435667953033914,61.9,21.600340067203756,46.35,52.67745626011327
2025-11-19,INFY,17.73,44490.0,24.0,0.08472853963031066,14.3,27.917510279905656,67.71000000000001,22.7603009243234
2025-11-19,MM,29.54,46106.0,19.0,1.5294891603495726,18.43,18.267371071794805,114.46000000000001,32.52227852524899
2025-11-19,RELIANCE,13.42,254623.0,18.0,0.42699366222870694,50.01,9.64290796963947,61.41,24.733757114705465
2025-11-20,BHARTIARTL,11.91,52145.0,57.0,1.7658494346157765,50.27,32.97293968611443,67.61999999999999,31.918072298552577
2025-11-20,HDFCBANK,12.76,,,,0.0,,47.21,21.369412742765043
2025-11-20,HUL,11.43,15919.0,24.0,0.036435667953033914,61.9,21.600340067203756,46.35,52.3926624022384
2025-11-20,INFY,17.73,44490.0,24.0,0.08472853963031066,14.3,27.917510279905656,67.71000000000001,22.692364495643183
2025-11-20,MM,29.54,46106.0,19.0,1.5294891603495726,18.43,18.267371071794805,114.46000000000001,32.471605374557704
2025-11-20,RELIANCE,13.42,254623.0,18.0,0.42699366222870694,50.01,9.64290796963947,61.41,25.22553290320693
2025-11-21,BHARTIARTL,11.91,52145.0,57.0,1.7658494346157765,50.27,32.97293968611443,67.61999999999999,31.983140360424066
2025-11-21,HDFCBANK,12.76,,,,0.0,,47.21,21.140647909192307
2025-11-21,HUL,11.43,15919.0,24.0,0.036435667953033914,61.9,21.600340067203756,46.35,52.507010812769686
2025-11-21,INFY,17.73,44490.0,24.0,0.08472853963031066,14.3,27.917510279905656,67.71000000000001,22.817899867080193
2025-11-21,MM,29.54,46106.0,19.0,1.5294891603495726,18.43,18.267371071794805,114.46000000000001,32.75904331343919
2025-11-21,RELIANCE,13.42,254623.0,18.0,0.42699366222870694,50.01,9.64290796963947,61.41,25.184822921119324
2025-11-24,BHARTIARTL,11.91,52145.0,57.0,1.7658494346157765,50.27,32.97293968611443,67.61999999999999,31.826384171195656
2025-11-24,HDFCBANK,12.76,,,,0.0,,47.21,21.16394883317226
2025-11-24,HUL,11.43,15919.0,24.0,0.036435667953033914,61.9,21.600340067203756,46.35,52.30204856897249
2025-11-24,INFY,17.73,44490.0,24.0,0.08472853963031066,14.3,27.917510279905656,67.71000000000001,22.862206468763844
2025-11-24,MM,29.54,46106.0,19.0,1.5294891603495726,18.43,18.267371071794805,114.46000000000001,32.245326304631526
2025-11-24,RELIANCE,13.42,254623.0,18.0,0.42699366222870694,50.01,9.64290796963947,61.41,25.010584992901197
2025-11-25,BHARTIARTL,11.91,52145.0,57.0,1.7658494346157765,50.27,32.97293968611443,67.61999999999999,31.966875150195953
2025-11-25,HDFCBANK,12.76,,,,0.0,,47.21,20.965896797139774
2025-11-25,HUL,11.43,15919.0,24.0,0.036435667953033914,61.9,21.600340067203756,46.35,52.08414450175297
2025-11-25,INFY,17.73,44490.0,24.0,0.08472853963031066,14.3,27.917510279905656,67.71000000000001,22.60522781843062
2025-11-25,MM,29.54,46106.0,19.0,1.5294891603495726,18.43,18.267371071794805,114.46000000000001,32.05748775841451
2025-11-25,RELIANCE,13.42,254623.0,18.0,0.42699366222870694,50.01,9.64290796963947,61.41,25.072462972999105
2025-11-26,BHARTIARTL,11.91,52145.0,57.0,1.7658494346157765,50.27,32.97293968611443,67.61999999999999,31.45223378923581
2025-11-26,HDFCBANK,12.76,,,,0.0,,47.21,21.264563109808567
2025-11-26,HUL,11.43,15919.0,24.0,0.036435667953033914,61.9,21.600340067203756,46.35,52.32362354200377
2025-11-26,INFY,17.73,44490.0,24.0,0.08472853963031066,14.3,27.917510279905656,67.71000000000001,23.008418614887937
2025-11-26,MM,29.54,46106.0,19.0,1.5294891603495726,18.43,18.267371071794805,114.46000000000001,32.20688364794469
2025-11-26,RELIANCE,13.42,254623.0,18.0,0.42699366222870694,50.01,9.64290796963947,61.41,25.564240749292665
2025-11-27,BHARTIARTL,11.91,52145.0,57.0,1.7658494346157765,50.27,32.97293968611443,67.61999999999999,31.286603041352414
2025-11-27,HDFCBANK,12.76,,,,0.0,,47.21,21.383181529337005
2025-11-27,HUL,11.43,15919.0,24.0,0.036435667953033914,61.9,21.600340067203756,46.35,52.895360327332796
2025-11-27,INFY,17.73,44490.0,24.0,0.08472853963031066,14.3,27.917510279905656,67.71000000000001,23.13395398632495
2025-11-27,MM,29.54,46106.0,19.0,1.5294891603495726,18.43,18.267371071794805,114.46000000000001,32.161453356385415
2025-11-27,RELIANCE,13.42,254623.0,18.0,0.42699366222870694,50.01,9.64290796963947,61.41,25.458394795864884
2025-11-28,BHARTIARTL,11.91,52145.0,57.0,1.7658494346157765,50.27,32.97293968611443,67.61999999999999,31.079563703878296
2025-11-28,HDFCBANK,12.76,,,,0.0,,47.21,21.342935301544962
2025-11-28,HUL,11.43,15919.0,24.0,0.036435667953033914,61.9,21.600340067203756,46.35,53.21683058589536
2025-11-28,INFY,17.73,44490.0,24.0,0.08472853963031066,14.3,27.917510279905656,67.71000000000001,23.040909401653188
2025-11-28,MM,29.54,46106.0,19.0,1.5294891603495726,18.43,18.267371071794805,114.46000000000001,32.826315296419054
2025-11-28,RELIANCE,13.42,254623.0,18.0,0.42699366222870694,50.01,9.64290796963947,61.41,25.525158768930144
2025-12-01,BHARTIARTL,11.91,52145.0,57.0,1.7658494346157765,50.27,32.97293968611443,67.61999999999999,30.903578100737583
2025-12-01,HDFCBANK,12.76,,,,0.0,,47.21,21.226434560176607
2025-12-01,HUL,11.43,15919.0,24.0,0.036435667953033914,61.9,21.600340067203756,46.35,53.1715210355987
2025-12-01,INFY,17.73,44490.0,24.0,0.08472853963031066,14.3,27.917510279905656,67.71000000000001,23.098508344409982
2025-12-01,MM,29.54,46106.0,19.0,1.5294891603495726,18.43,18.267371071794805,114.46000000000001,32.68914990089332
2025-12-01,RELIANCE,13.42,254623.0,18.0,0.42699366222870694,50.01,9.64290796963947,61.41,25.502360781402665
2025-12-02,BHARTIARTL,11.91,52145.0,57.0,1.7658494346157765,50.27,32.97293968611443,67.61999999999999,31.115054717539195
2025-12-02,HDFCBANK,12.76,,,,0.0,,47.21,20.965896797139774
2025-12-02,HUL,11.43,15919.0,24.0,0.036435667953033914,61.9,21.600340067203756,46.35,53.45846923038026
2025-12-02,INFY,17.73,44490.0,24.0,0.08472853963031066,14.3,27.917510279905656,67.71000000000001,23.05420174272633
2025-12-02,MM,29.54,46106.0,19.0,1.5294891603495726,18.43,18.267371071794805,114.46000000000001,32.46985846583959
2025-12-02,RELIANCE,13.42,254623.0,18.0,0.42699366222870694,50.01,9.64290796963947,61.41,25.179938915944067
2025-12-03,BHARTIARTL,11.91,52145.0,57.0,1.7658494346157765,50.27,32.97293968611443,67.61999999999999,30.848861283643895
2025-12-03,HDFCBANK,12.76,,,,0.0,,47.21,21.192543952552423
2025-12-03,HUL,11.43,15919.0,24.0,0.036435667953033914,61.9,21.600340067203756,46.35,52.81553398058252
2025-12-03,INFY,17.73,44490.0,24.0,0.08472853963031066,14.3,27.917510279905656,67.71000000000001,23.315609971523774
2025-12-03,MM,29.54,46106.0,19.0,1.5294891603495726,18.43,18.267371071794805,114.46000000000001,31.883626614920058
2025-12-03,RELIANCE,13.42,254623.0,18.0,0.42699366222870694,50.01,9.64290796963947,61.41,25.057808969681243
2025-12-04,BHARTIARTL,11.91,52145.0,57.0,1.7658494346157765,50.27,32.97293968611443,67.61999999999999,31.11209773481404
2025-12-04,HDFCBANK,12.76,,,,0.0,,47.21,21.122643766300175
2025-12-04,HUL,11.43,15919.0,24.0,0.036435667953033914,61.9,21.600340067203756,46.35,53.12189754416127
2025-12-04,INFY,17.73,44490.0,24.0,0.08472853963031066,14.3,27.917510279905656,67.71000000000001,23.594741922698823
2025-12-04,MM,29.54,46106.0,19.0,1.5294891603495726,18.43,18.267371071794805,114.46000000000001,32.07758254111698
2025-12-04,RELIANCE,13.42,254623.0,18.0,0.42699366222870694,50.01,9.64290796963947,61.41,25.00569899993385
2025-12-05,BHARTIARTL,11.91,52145.0,57.0,1.7658494346157765,50.27,32.97293968611443,67.61999999999999,31.18604035534051
2025-12-05,HDFCBANK,12.76,,,,0.0,,47.21,21.251853162316642
2025-12-05,HUL,11.43,15919.0,24.0,0.036435667953033914,61.9,21.600340067203756,46.35,50.455234037891046
2025-12-05,INFY,17.73,44490.0,24.0,0.08472853963031066,14.3,27.917510279905656,67.71000000000001,23.869442492569412
2025-12-05,MM,29.54,46106.0,19.0,1.5294891603495726,18.43,18.267371071794805,114.46000000000001,32.475101324971604
2025-12-05,RELIANCE,13.42,254623.0,18.0,0.42699366222870694,50.01,9.64290796963947,61.41,25.087118964109063
2025-12-08,BHARTIARTL,11.91,52145.0,57.0,1.7658494346157765,50.27,32.97293968611443,67.61999999999999,30.85181826636905
2025-12-08,HDFCBANK,12.76,,,,0.0,,47.21,21.24761651315267
2025-12-08,HUL,11.43,15919.0,24.0,0.036435667953033914,61.9,21.600340067203756,46.35,49.924487594390506
2025-12-08,INFY,17.73,44490.0,24.0,0.08472853963031066,14.3,27.917510279905656,67.71000000000001,23.78969205181103
2025-12-08,MM,29.54,46106.0,19.0,1.5294891603495726,18.43,18.267371071794805,114.46000000000001,32.16582169466953
2025-12-08,RELIANCE,13.42,254623.0,18.0,0.42699366222870694,50.01,9.64290796963947,61.41,25.126200944471584
2025-12-09,BHARTIARTL,11.91,52145.0,57.0,1.7658494346157765,50.27,32.97293968611443,67.61999999999999,30.903578100737583
2025-12-09,HDFCBANK,12.76,,,,0.0,,47.21,21.120524795296284
2025-12-09,HUL,11.43,15919.0,24.0,0.036435667953033914,61.9,21.600340067203756,46.35,49.76267529665588
2025-12-09,INFY,17.73,44490.0,24.0,0.08472853963031066,14.3,27.917510279905656,67.71000000000001,23.61541869738591
2025-12-09,MM,29.54,46106.0,19.0,1.5294891603495726,18.43,18.267371071794805,114.46000000000001,31.765681481248905
2025-12-09,RELIANCE,13.42,254623.0,18.0,0.42699366222870694,50.01,9.64290796963947,61.41,24.90473903947342
2025-12-10,BHARTIARTL,11.91,52145.0,57.0,1.7658494346157765,50.27,32.97293968611443,67.61999999999999,30.567879325643304
2025-12-10,HDFCBANK,12.76,,,,0.0,,47.21,20.965896797139774
2025-12-10,HUL,11.43,15919.0,24.0,0.036435667953033914,61.9,21.600340067203756,46.35,49.65911437264024
2025-12-10,INFY,17.73,44490.0,24.0,0.08472853963031066,14.3,27.917510279905656,67.71000000000001,23.405701503886057
2025-12-10,MM,29.54,46106.0,19.0,1.5294891603495726,18.43,18.267371071794805,114.46000000000001,31.7141359426874
2025-12-10,RELIANCE,13.42,254623.0,18.0,0.42699366222870694,50.01,9.64290796963947,61.41,25.026868985736243
2025-12-11,BHARTIARTL,11.91,52145.0,57.0,1.7658494346157765,50.27,32.97293968611443,67.61999999999999,30.36379697089434
2025-12-11,HDFCBANK,12.76,,,,0.0,,47.21,21.18830730338845
2025-12-11,HUL,11.43,15919.0,24.0,0.036435667953033914,61.9,21.600340067203756,46.35,49.74325992785868
2025-12-11,INFY,17.73,44490.0,24.0,0.08472853963031066,14.3,27.917510279905656,67.71000000000001,23.600649830158023
2025-12-11,MM,29.54,46106.0,19.0,1.5294891603495726,18.43,18.267371071794805,114.46000000000001,32.02166653129368
2025-12-11,RELIANCE,13.42,254623.0,18.0,0.42699366222870694,50.01,9.64290796963947,61.41,25.158768930141672
2025-12-12,BHARTIARTL,11.91,52145.0,57.0,1.7658494346157765,50.27,32.97293968611443,67.61999999999999,30.810409676778324
2025-12-12,HDFCBANK,12.76,,,,0.0,,47.21,21.213725905528488
2025-12-12,HUL,11.43,15919.0,24.0,0.036435667953033914,61.9,21.600340067203756,46.35,48.772386141450916
2025-12-12,INFY,17.73,44490.0,24.0,0.08472853963031066,14.3,27.917510279905656,67.71000000000001,23.603602882467506
2025-12-12,MM,29.54,46106.0,19.0,1.5294891603495726,18.43,18.267371071794805,114.46000000000001,32.14747595366285
2025-12-12,RELIANCE,13.42,254623.0,18.0,0.42699366222870694,50.01,9.64290796963947,61.41,25.34603484774467
2025-12-15,BHARTIARTL,11.91,52145.0,57.0,1.7658494346157765,50.27,32.97293968611443,67.61999999999999,30.607807618631696
2025-12-15,HDFCBANK,12.76,,,,0.0,,47.21,21.09934284232022
2025-12-15,HUL,11.43,15919.0,24.0,0.036435667953033914,61.9,21.600340067203756,46.35,49.482200647249186
2025-12-15,INFY,17.73,44490.0,24.0,0.08472853963031066,14.3,27.917510279905656,67.71000000000001,23.730616582899493
2025-12-15,MM,29.54,46106.0,19.0,1.5294891603495726,18.43,18.267371071794805,114.46000000000001,31.521929058186263
2025-12-15,RELIANCE,13.42,254623.0,18.0,0.42699366222870694,50.01,9.64290796963947,61.41,25.341148854777316
2025-12-16,BHARTIARTL,11.91,52145.0,57.0,1.7658494346157765,50.27,32.97293968611443,67.61999999999999,31.085477669328604
2025-12-16,HDFCBANK,12.76,,,,0.0,,47.21,21.061215585532064
2025-12-16,HUL,11.43,15919.0,24.0,0.036435667953033914,61.9,21.600340067203756,46.35,49.21467308859223
2025-12-16,INFY,17.73,44490.0,24.0,0.08472853963031066,14.3,27.917510279905656,67.71000000000001,23.525328967863864
2025-12-16,MM,29.54,46106.0,19.0,1.5294891603495726,18.43,18.267371071794805,114.46000000000001,31.6355058535733
2025-12-16,RELIANCE,13.42,254623.0,18.0,0.42699366222870694,50.01,9.64290796963947,61.41,25.114802944603895
2025-12-17,BHARTIARTL,11.91,52145.0,57.0,1.7658494346157765,50.27,32.97293968611443,67.61999999999999,31.17420881396037
2025-12-17,HDFCBANK,12.76,,,,0.0,,47.21,20.843041728447364
2025-12-17,HUL,11.43,15919.0,24.0,0.036435667953033914,61.9,21.600340067203756,46.35,49.09601073692017
2025-12-17,INFY,17.73,44490.0,24.0,0.08472853963031066,14.3,27.917510279905656,67.71000000000001,23.65972529906956
2025-12-17,MM,29.54,46106.0,19.0,1.5294891603495726,18.43,18.267371071794805,114.46000000000001,31.56386553230932
2025-12-17,RELIANCE,13.42,254623.0,18.0,0.42699366222870694,50.01,9.64290796963947,61.41,25.148998931999063
2025-12-18,BHARTIARTL,11.91,52145.0,57.0,1.7658494346157765,50.27,32.97293968611443,67.61999999999999,30.937592428275664
2025-12-18,HDFCBANK,12.76,,,,0.0,,47.21,20.751959589219048
2025-12-18,HUL,11.43,15919.0,24.0,0.036435667953033914,61.9,21.600340067203756,46.35,48.87810140237325
2025-12-18,INFY,17.73,44490.0,24.0,0.08472853963031066,14.3,27.917510279905656,67.71000000000001,24.02599392745717
2025-12-18,MM,29.54,46106.0,19.0,1.5294891603495726,18.43,18.267371071794805,114.46000000000001,31.334965032817138
2025-12-18,RELIANCE,13.42,254623.0,18.0,0.42699366222870694,50.01,9.64290796963947,61.41,25.148998931999063
2025-12-19,BHARTIARTL,11.91,52145.0,57.0,1.7658494346157765,50.27,32.97293968611443,67.61999999999999,31.021886293579936
2025-12-19,HDFCBANK,12.76,,,,0.0,,47.21,20.874814657911458
2025-12-19,HUL,11.43,15919.0,24.0,0.036435667953033914,61.9,21.600340067203756,46.35,49.19093851132686
2025-12-19,INFY,17.73,44490.0,24.0,0.08472853963031066,14.3,27.917510279905656,67.71000000000001,24.20174200519679
2025-12-19,MM,29.54,46106.0,19.0,1.5294891603495726,18.43,18.267371071794805,114.46000000000001,31.483488534477107
2025-12-19,RELIANCE,13.42,254623.0,18.0,0.42699366222870694,50.01,9.64290796963947,61.41,25.48607678856762
2025-12-22,BHARTIARTL,11.91,52145.0,57.0,1.7658494346157765,50.27,32.97293968611443,67.61999999999999,31.759835812721832
2025-12-22,HDFCBANK,12.76,,,,0.0,,47.21,20.92141521302756
2025-12-22,HUL,11.43,15919.0,24.0,0.036435667953033914,61.9,21.600340067203756,46.35,49.39590075512405
2025-12-22,INFY,17.73,44490.0,24.0,0.08472853963031066,14.3,27.917510279905656,67.71000000000001,24.953477707664117
2025-12-22,MM,29.54,46106.0,19.0,1.5294891603495726,18.43,18.267371071794805,114.46000000000001,31.59793771773436
2025-12-22,RELIANCE,13.42,254623.0,18.0,0.42699366222870694,50.01,9.64290796963947,61.41,25.653802709885404
2025-12-23,BHARTIARTL,11.91,52145.0,57.0,1.7658494346157765,50.27,32.97293968611443,67.61999999999999,31.394556378937448
2025-12-23,HDFCBANK,12.76,,,,0.0,,47.21,21.10993381880825
2025-12-23,HUL,11.43,15919.0,24.0,0.036435667953033914,61.9,21.600340067203756,46.35,49.67853500876483
2025-12-23,INFY,17.73,44490.0,24.0,0.08472853963031066,14.3,27.917510279905656,67.71000000000001,24.638901917414337
2025-12-23,MM,29.54,46106.0,19.0,1.5294891603495726,18.43,18.267371071794805,114.46000000000001,31.671327080694127
2025-12-23,RELIANCE,13.42,254623.0,18.0,0.42699366222870694,50.01,9.64290796963947,61.41,25.577266750885443
2025-12-24,BHARTIARTL,11.91,52145.0,57.0,1.7658494346157765,50.27,32.97293968611443,67.61999999999999,31.406387920317588
2025-12-24,HDFCBANK,12.76,,,,0.0,,47.21,21.122643766300175
2025-12-24,HUL,11.43,15919.0,24.0,0.036435667953033914,61.9,21.600340067203756,46.35,49.238402398530205
2025-12-24,INFY,17.73,44490.0,24.0,0.08472853963031066,14.3,27.917510279905656,67.71000000000001,24.56653410742966
2025-12-24,MM,29.54,46106.0,19.0,1.5294891603495726,18.43,18.267371071794805,114.46000000000001,31.772671249099027
2025-12-24,RELIANCE,13.42,254623.0,18.0,0.42699366222870694,50.01,9.64290796963947,61.41,25.373716840447404
2025-12-25,BHARTIARTL,11.91,52145.0,57.0,1.7658494346157765,50.27,32.97293968611443,67.61999999999999,
2025-12-25,HDFCBANK,12.76,,,,0.0,,47.21,
2025-12-25,HUL,11.43,15919.0,24.0,0.036435667953033914,61.9,21.600340067203756,46.35,
2025-12-25,INFY,17.73,44490.0,24.0,0.08472853963031066,14.3,27.917510279905656,67.71000000000001,
2025-12-25,MM,29.54,46106.0,19.0,1.5294891603495726,18.43,18.267371071794805,114.46000000000001,
2025-12-25,RELIANCE,13.42,254623.0,18.0,0.42699366222870694,50.01,9.64290796963947,61.41,
2025-12-26,BHARTIARTL,11.91,52145.0,57.0,1.7658494346157765,50.27,32.97293968611443,67.61999999999999,31.135757207094798
2025-12-26,HDFCBANK,12.76,,,,0.0,,47.21,21.014615030415964
2025-12-26,HUL,11.43,15919.0,24.0,0.036435667953033914,61.9,21.600340067203756,46.35,49.30744125876483
2025-12-26,INFY,17.73,44490.0,24.0,0.08472853963031066,14.3,27.917510279905656,67.71000000000001,24.458720655530016
2025-12-26,MM,29.54,46106.0,19.0,1.5294891603495726,18.43,18.267371071794805,114.46000000000001,31.65385372755766
2025-12-26,RELIANCE,13.42,254623.0,18.0,0.42699366222870694,50.01,9.64290796963947,61.41,25.390000833282446
2025-12-29,BHARTIARTL,11.91,52145.0,57.0,1.7658494346157765,50.27,32.97293968611443,67.61999999999999,30.78379322177241
2025-12-29,HDFCBANK,12.76,,,,0.0,,47.21,21.00614302493182
2025-12-29,HUL,11.43,15919.0,24.0,0.036435667953033914,61.9,21.600340067203756,46.35,49.477886706108414
2025-12-29,INFY,17.73,44490.0,24.0,0.08472853963031066,14.3,27.917510279905656,67.71000000000001,24.290355208564094
2025-12-29,MM,29.54,46106.0,19.0,1.5294891603495726,18.43,18.267371071794805,114.46000000000001,31.383016753942425
2025-12-29,RELIANCE,13.42,254623.0,18.0,0.42699366222870694,50.01,9.64290796963947,61.41,25.168538928284278
2025-12-30,BHARTIARTL,11.91,52145.0,57.0,1.7658494346157765,50.27,32.97293968611443,67.61999999999999,31.05294363839286
2025-12-30,HDFCBANK,12.76,,,,0.0,,47.21,20.989197721119726
2025-12-30,HUL,11.43,15919.0,24.0,0.036435667953033914,61.9,21.600340067203756,46.35,49.41100218278047
2025-12-30,INFY,17.73,44490.0,24.0,0.08472853963031066,14.3,27.917510279905656,67.71000000000001,23.94919473616803
2025-12-30,MM,29.54,46106.0,19.0,1.5294891603495726,18.43,18.267371071794805,114.46000000000001,31.978857669300407
2025-12-30,RELIANCE,13.42,254623.0,18.0,0.42699366222870694,50.01,9.64290796963947,61.41,25.074092962516286
2025-12-31,BHARTIARTL,11.91,52145.0,57.0,1.7658494346157765,50.27,32.97293968611443,67.61999999999999,
2025-12-31,HDFCBANK,12.76,,,,0.0,,47.21,
2025-12-31,HUL,11.43,15919.0,24.0,0.036435667953033914,61.9,21.600340067203756,46.35,
2025-12-31,INFY,17.73,44490.0,24.0,0.08472853963031066,14.3,27.917510279905656,67.71000000000001,
2025-12-31,MM,29.54,46106.0,19.0,1.5294891603495726,18.43,18.267371071794805,114.46000000000001,
2025-12-31,RELIANCE,13.42,254623.0,18.0,0.42699366222870694,50.01,9.64290796963947,61.41,
