Date,USDINR,BRENT_OIL,NIFTY50,VIX_INDIA,INDIA_CPI,INR_USD,USDINR_Return,OIL_Return
2020-01-01,71.27580261230469,,12182.5,,126.2353,,,
2020-01-02,71.0250015258789,66.25,12282.2001953125,11.489999771118164,126.2353,71.34,-0.0035187409644473755,
2020-01-03,71.41500091552734,68.5999984741211,12226.650390625,12.699999809265137,126.2353,71.76,0.005491015575780578,0.03547167508107307
2020-01-06,71.73100280761719,68.91000366210938,11993.0498046875,14.779999732971191,126.2353,71.86,0.004424867157302392,0.004519026164486517
2020-01-07,71.78700256347656,68.2699966430664,12052.9501953125,14.609999656677246,126.2353,71.84,0.000780691105205511,-0.00928757778306255
2020-01-08,72.16000366210938,65.44000244140625,12025.349609375,15.640000343322754,126.2353,71.51,0.005195941957640393,-0.04145297115592539
2020-01-09,71.41190338134766,65.37000274658203,12215.900390625,14.0,126.2353,71.16,-0.010367242832535206,-0.0010696774482380489
2020-01-10,71.19429779052734,64.9800033569336,12256.7998046875,14.079999923706055,126.2353,70.94,-0.003047189341226164,-0.005966029880101642
2020-01-13,70.9530029296875,64.19999694824219,12329.5498046875,14.279999732971191,126.2353,70.74,-0.0033892441997223077,-0.01200379144960717
2020-01-14,70.71890258789062,64.48999786376953,12362.2998046875,13.90999984741211,126.2353,70.85,-0.0032993718677257755,0.004517148431660178
2020-01-15,70.84510040283203,64.0,12343.2998046875,14.119999885559082,126.2353,70.69,0.0017844990564519492,-0.007598044347971844
2020-01-16,70.71800231933594,64.62000274658203,12355.5,14.180000305175781,126.2353,70.95,-0.0017940278547620148,0.009687542915344238
2020-01-17,70.94560241699219,64.8499984741211,12352.349609375,14.130000114440918,126.2353,71.08,0.0032184180858008116,0.003559203308007186
2020-01-20,71.03469848632812,64.8499984741211,12224.5498046875,15.40999984741211,126.2353,71.08,0.0012558363915533555,0.0
2020-01-21,71.03099822998047,64.58999633789062,12169.849609375,15.859999656677246,126.2353,71.17,-5.209082922152941e-05,-0.004009285155715525
2020-01-22,71.16999816894531,63.209999084472656,12106.900390625,16.360000610351562,126.2353,71.07,0.0019568912507015312,-0.021365495148796265
2020-01-23,71.0781021118164,62.040000915527344,12180.349609375,15.859999656677246,126.2353,71.45,-0.0012912190458507222,-0.018509700773476467
2020-01-24,71.32099914550781,60.689998626708984,12248.25,15.5600004196167,126.2353,71.31,0.003417325821520878,-0.021760191310385424
2020-01-27,71.32499694824219,59.31999969482422,12119.0,17.18000030517578,126.2353,71.45,5.6053655757448695e-05,-0.02257371828777477
2020-01-28,71.44000244140625,59.5099983215332,12055.7998046875,17.299999237060547,126.2353,71.24,0.001612414974900389,0.0032029438247882513
2020-01-29,71.23040008544922,59.810001373291016,12129.5,16.5,126.2353,71.35,-0.0029339634489646826,0.005041220974951077
2020-01-30,71.30000305175781,58.290000915527344,12035.7998046875,16.799999237060547,126.2353,71.57,0.0009771525391559788,-0.025413817469705835
2020-01-31,71.63999938964844,58.15999984741211,11962.099609375,17.3700008392334,126.2353,71.53,0.0047685318841266255,-0.0022302464586272386
2020-02-03,71.49649810791016,54.45000076293945,11707.900390625,15.779999732971191,125.4702,71.32,-0.00200308881854927,-0.0637895305056081
2020-02-04,71.31410217285156,53.959999084472656,11979.650390625,14.380000114440918,125.4702,71.11,-0.0025511170460866817,-0.008999112426097633
2020-02-05,71.0999984741211,55.279998779296875,12089.150390625,14.170000076293945,125.4702,71.19,-0.0030022631177705206,0.02446255962231958
2020-02-06,71.18000030517578,54.93000030517578,12137.9501953125,13.779999732971191,125.4702,71.19,0.0011252015860985232,-0.006331376299743563
2020-02-07,71.47000122070312,54.470001220703125,12098.349609375,13.75,125.4702,71.47,0.004074190984602488,-0.008374277843018918
2020-02-10,71.5155029296875,53.27000045776367,12031.5,14.210000038146973,125.4702,71.28,0.0006366546552007968,-0.022030489003979525
2020-02-11,71.27999877929688,54.0099983215332,12107.900390625,13.880000114440918,125.4702,71.25,-0.003293050328152858,0.013891455930364671
2020-02-12,71.27529907226562,55.790000915527344,12201.2001953125,13.619999885559082,125.4702,71.29,-6.593304028812419e-05,0.03295690889300529
2020-02-13,71.29620361328125,56.34000015258789,12174.650390625,13.369999885559082,125.4702,71.27,0.0002932929259886752,0.009858383725307895
2020-02-14,71.26850128173828,57.31999969482422,12113.4501953125,13.619999885559082,125.4702,71.52,-0.00038855268778725804,0.017394383024177396
2020-02-17,71.51480102539062,57.31999969482422,12045.7998046875,14.420000076293945,125.4702,71.52,0.0034559411131527273,0.0
2020-02-18,71.34919738769531,57.75,11992.5,14.510000228881836,125.4702,71.56,-0.0023156554352505854,0.007501749955777015
2020-02-19,71.57499694824219,59.119998931884766,12125.900390625,14.020000457763672,125.4702,71.55,0.003164710589804276,0.023722925227441793
2020-02-20,71.82749938964844,59.310001373291016,12080.849609375,13.699999809265137,125.4702,71.67,0.0035278023356235533,0.003213843789563686
2020-02-21,72.11000061035156,58.5,12080.849609375,13.699999809265137,125.4702,71.9,0.003933051033429669,-0.013657078983912885
2020-02-24,71.88680267333984,56.29999923706055,11829.400390625,17.0,125.4702,71.92,-0.0030952424784708166,-0.03760685064853764
2020-02-25,72.04669952392578,54.95000076293945,11797.900390625,16.899999618530273,125.4702,71.81,0.0022242865816766155,-0.02397865883508632
2020-02-26,71.87000274658203,53.43000030517578,11678.5,18.260000228881836,125.4702,71.58,-0.0024525311847917175,-0.02766151841054787
2020-02-27,71.66339874267578,52.18000030517578,11633.2998046875,17.770000457763672,125.4702,71.65,-0.002874690357738685,-0.023395096254171466
2020-02-28,71.93000030517578,50.52000045776367,11201.75,23.239999771118164,125.4702,72.53,0.0037201914391096214,-0.03181295204491308
2020-03-02,72.1500015258789,51.900001525878906,11132.75,25.200000762939453,124.7051,72.88,0.003058546083271718,0.027315935384223833
2020-03-03,72.82499694824219,51.86000061035156,11303.2998046875,24.540000915527344,124.7051,73.03,0.009355445711545451,-0.000770730527000052
2020-03-04,73.34200286865234,51.130001068115234,11251.0,24.229999542236328,124.7051,73.49,0.007099292029872695,-0.014076350436652674
2020-03-05,74.0425033569336,49.9900016784668,11269.0,23.25,124.7051,73.5,0.009551150239730521,-0.022296095557082674
2020-03-06,73.8551025390625,45.27000045776367,10989.4501953125,25.639999389648438,124.7051,74.0,-0.0025309897609444576,-0.09441890502548766
2020-03-09,73.99530029296875,34.36000061035156,10451.4501953125,30.799999237060547,124.7051,74.21,0.001898281216685005,-0.24099844791455216
2020-03-10,74.40599822998047,37.220001220703125,10451.4501953125,30.799999237060547,124.7051,74.15,0.005550324620423819,0.08323633758871174
2020-03-11,74.20500183105469,35.790000915527344,10458.400390625,31.559999465942383,124.7051,73.68,-0.0027013467154156645,-0.03842021113047045
2020-03-12,74.76000213623047,33.220001220703125,9590.150390625,41.15999984741211,124.7051,74.25,0.007479284299990674,-0.07180775716910459
2020-03-13,75.30000305175781,33.849998474121094,9955.2001953125,51.470001220703125,124.7051,73.86,0.007223126004508806,0.018964395853945604
2020-03-16,73.90399932861328,30.049999237060547,9197.400390625,58.880001068115234,124.7051,74.01,-0.018539225319618935,-0.11225995297948721
2020-03-17,75.15499877929688,28.729999542236328,8967.0498046875,62.93000030517578,124.7051,74.26,0.016927357951510125,-0.0439267796451811
2020-03-18,74.01239776611328,24.8799991607666,8468.7998046875,63.959999084472656,124.7051,74.55,-0.01520326035183639,-0.1340062806408957
2020-03-19,74.98200225830078,28.469999313354492,8263.4501953125,72.19999694824219,124.7051,74.78,0.013100568573005233,0.14429261550173123
2020-03-20,75.15969848632812,26.979999542236328,8745.4501953125,67.0999984741211,124.7051,75.31,0.0023698517334227454,-0.052335785284660874
2020-03-23,75.62210083007812,27.030000686645508,7610.25,71.98999786376953,124.7051,76.29,0.006152264485655312,0.0018532670592119604
2020-03-24,76.50599670410156,27.149999618530273,7801.0498046875,83.61000061035156,124.7051,76.37,0.011688327411182975,0.0044394720250249264
2020-03-25,77.26000213623047,27.389999389648438,8317.849609375,77.62999725341797,124.7051,76.36,0.009855507602170466,0.008839770699457405
2020-03-26,75.84549713134766,26.34000015258789,8641.4501953125,71.52999877929688,124.7051,74.89,-0.018308373877451545,-0.038335131816665036
2020-03-27,74.72560119628906,24.93000030517578,8660.25,70.38999938964844,124.7051,75.47,-0.014765490074106546,-0.05353074560531379
2020-03-30,75.46499633789062,22.760000228881836,8281.099609375,71.88999938964844,124.7051,75.33,0.009894803517997985,-0.08704372441758157
2020-03-31,75.4000015258789,22.739999771118164,8597.75,64.41000366210938,124.7051,75.39,-0.0008612577375702868,-0.0008787547259464512
2020-04-01,75.32499694824219,24.739999771118164,8253.7998046875,60.04999923706055,125.8527,76.4,-0.0009947556514435796,0.08795074846659312
2020-04-02,77.56999969482422,29.940000534057617,8253.7998046875,60.04999923706055,125.8527,76.34,0.029804219549117716,0.21018596649341958
2020-04-03,77.13999938964844,34.11000061035156,8083.7998046875,55.29999923706055,125.8527,76.24,-0.005543384128754547,0.13927855717806192
2020-04-06,76.2300033569336,33.04999923706055,8083.7998046875,55.29999923706055,125.8527,75.95,-0.011796681876004245,-0.03107597051667399
2020-04-07,75.96489715576172,31.8700008392334,8792.2001953125,51.79999923706055,125.8527,75.64,-0.0034777146726671093,-0.03570343192334968
2020-04-08,76.66000366210938,32.84000015258789,8748.75,52.2400016784668,125.8527,75.96,0.009150364607515726,0.03043612449988964
2020-04-09,75.95899963378906,31.479999542236328,9111.900390625,49.75,125.8527,76.3,-0.009144325526125652,-0.041412929477236626
2020-04-10,76.6500015258789,31.479999542236328,9111.900390625,49.75,125.8527,75.87,0.009097037815417153,0.0
2020-04-13,76.16649627685547,31.739999771118164,8993.849609375,51.459999084472656,125.8527,76.25,-0.006307961375058735,0.008259219589028088
2020-04-14,76.91000366210938,29.600000381469727,8993.849609375,51.459999084472656,125.8527,76.11,0.009761606764099318,-0.0674227915904313
2020-04-15,75.93099975585938,27.690000534057617,8925.2998046875,49.7400016784668,125.8527,76.56,-0.012729214141648959,-0.06452702104043928
2020-04-16,77.2125015258789,27.81999969482422,8992.7998046875,46.099998474121094,125.8527,76.75,0.016877188159512446,0.004694805282026149
2020-04-17,77.56999969482422,28.079999923706055,9266.75,42.59000015258789,125.8527,76.56,0.004630055520549181,0.009345802722284358
2020-04-20,76.55999755859375,25.56999969482422,9261.849609375,43.459999084472656,125.8527,76.56,-0.01302052520567254,-0.08938747278139458
2020-04-21,77.20999908447266,19.329999923706055,8981.4501953125,45.20000076293945,125.8527,76.95,0.008490093346482208,-0.2440359736250306
2020-04-22,76.96939849853516,20.3700008392334,9187.2998046875,42.81999969482422,125.8527,76.44,-0.003116184286885759,0.053802427296024025
2020-04-23,76.4000015258789,21.329999923706055,9313.900390625,39.22999954223633,125.8527,75.84,-0.007397705890440198,0.04712808271581714
2020-04-24,76.42250061035156,21.440000534057617,9154.400390625,39.119998931884766,125.8527,76.26,0.0002944906285771154,0.005157084423113689
2020-04-27,76.27149963378906,19.989999771118164,9282.2998046875,38.040000915527344,125.8527,76.23,-0.0019758706579413587,-0.0676306309151492
2020-04-28,76.1863021850586,20.459999084472656,9380.900390625,35.349998474121094,125.8527,75.96,-0.0011170286298228804,0.023511721797693674
2020-04-29,76.46499633789062,22.540000915527344,9553.349609375,33.84000015258789,125.8527,75.45,0.003658061158488435,0.1016618731245802
2020-04-30,75.25849914550781,25.270000457763672,9859.900390625,33.9900016784668,125.8527,75.08,-0.015778424771661914,0.12111798719385525
2020-05-01,75.72000122070312,26.440000534057617,9859.900390625,33.9900016784668,126.2353,75.75,0.00613222533581248,0.04629996260781577
2020-05-04,75.60050201416016,27.200000762939453,9293.5,43.66999816894531,126.2353,75.64,-0.0015781722743857252,0.02874433485365757
2020-05-05,75.8499984741211,30.969999313354492,9205.599609375,43.61000061035156,126.2353,75.72,0.0033001958097342854,0.1386028839951996
2020-05-06,76.16999816894531,29.719999313354492,9270.900390625,41.25,126.2353,76.08,0.004218849060799945,-0.040361641191932196
2020-05-07,76.15129852294922,29.459999084472656,9199.0498046875,39.93000030517578,126.2353,75.78,-0.0002454988374112066,-0.008748325534617574
2020-05-08,76.08000183105469,30.969999313354492,9251.5,38.40999984741211,126.2353,75.58,-0.0009362505075740657,0.05125594962009705
2020-05-11,75.5250015258789,29.6299991607666,9239.2001953125,38.040000915527344,126.2353,75.87,-0.007294956517065132,-0.043267684284709396
2020-05-12,76.30999755859375,29.979999542236328,9196.5498046875,38.209999084472656,126.2353,75.03,0.010393856562132875,0.01181236555460874
2020-05-13,75.68000030517578,29.190000534057617,9383.5498046875,38.84000015258789,126.2353,75.33,-0.008255762987467441,-0.026350867919985976
2020-05-14,75.42620086669922,31.1299991607666,9142.75,38.18000030517578,126.2353,75.48,-0.0033535866471079423,0.06646106855823719
2020-05-15,75.48500061035156,32.5,9136.849609375,38.02000045776367,126.2353,75.82,0.0007795665561396437,0.04400902268446005
2020-05-18,75.81999969482422,34.810001373291016,8823.25,40.91999816894531,126.2353,75.74,0.004437955643689984,0.07107696533203134
2020-05-19,75.60009765625,34.650001525878906,8879.099609375,39.45000076293945,126.2353,75.67,-0.002900317059606028,-0.004596375785692275
2020-05-20,76.0,35.75,9066.5498046875,35.810001373291016,126.2353,75.47,0.005289706708691444,0.03174598631112735
2020-05-21,75.77999877929688,36.060001373291016,9106.25,32.9900016784668,126.2353,75.63,-0.00289475290398844,0.00867136708506333
2020-05-22,75.625,35.130001068115234,9039.25,32.380001068115234,126.2353,75.99,-0.0020453784876441894,-0.025790356898450217
2020-05-25,75.98500061035156,35.130001068115234,9039.25,32.380001068115234,126.2353,75.99,0.004760338649276941,0.0
2020-05-26,76.11000061035156,36.16999816894531,9029.0498046875,31.469999313354492,126.2353,75.43,0.0016450615120870982,0.029604243359218074
2020-05-27,75.81999969482422,34.7400016784668,9314.9501953125,31.270000457763672,126.2353,75.88,-0.0038102866009950276,-0.03953543165247586
2020-05-28,76.12999725341797,35.290000915527344,9490.099609375,30.020000457763672,126.2353,75.67,0.004088598784509179,0.0158318713439054
2020-05-29,75.95999908447266,35.33000183105469,9580.2998046875,30.219999313354492,126.2353,75.59,-0.002232998490456106,0.0011334914845453348
2020-06-01,75.51319885253906,38.31999969482422,9826.150390625,30.739999771118164,127.0003,75.56,-0.0058820463048810945,0.08463056067948904
2020-06-02,75.7300033569336,39.56999969482422,9979.099609375,30.1200008392334,127.0003,75.03,0.0028710809194814058,0.03262004201343549
2020-06-03,75.06580352783203,39.790000915527344,10061.5498046875,30.040000915527344,127.0003,75.32,-0.008770629864771395,0.005559798392717807
2020-06-04,75.54499816894531,39.9900016784668,10029.099609375,29.690000534057617,127.0003,75.43,0.006383660982668404,0.005026407598332172
2020-06-05,75.49089813232422,42.29999923706055,10142.150390625,28.68000030517578,127.0003,75.61,-0.0007161299613788197,0.05776437763536291
2020-06-08,75.5177001953125,40.79999923706055,10167.4501953125,29.649999618530273,127.0003,75.44,0.0003550370130886993,-0.03546099354738985
2020-06-09,75.625,41.18000030517578,10046.650390625,30.209999084472656,127.0003,75.44,0.0014208563609590108,0.009313751843653462
2020-06-10,75.50980377197266,41.72999954223633,10116.150390625,29.440000534057617,127.0003,75.65,-0.0015232559077995589,0.013355979431389553
2020-06-11,75.875,38.54999923706055,9902.0,29.65999984741211,127.0003,75.97,0.00483640811900643,-0.07620417781114985
2020-06-12,76.38999938964844,38.72999954223633,9972.900390625,30.81999969482422,127.0003,76.03,0.006787471362747155,0.004669268709160734
2020-06-15,75.95680236816406,39.720001220703125,9813.7001953125,32.58000183105469,127.0003,75.97,-0.005670860386773002,0.025561623810172573
2020-06-16,75.97799682617188,40.959999084472656,9914.0,32.970001220703125,127.0003,76.19,0.0002790330470348046,0.031218474966290044
2020-06-17,76.65499877929688,40.709999084472656,9881.150390625,33.349998474121094,127.0003,76.25,0.008910500163276103,-0.006103515761424205
2020-06-18,76.55000305175781,41.5099983215332,10091.650390625,31.459999084472656,127.0003,76.32,-0.00136971794678864,0.019651173054574533
2020-06-19,76.40039825439453,42.189998626708984,10244.400390625,29.969999313354492,127.0003,76.21,-0.0019543408412685537,0.016381602810690454
2020-06-22,76.2520980834961,43.08000183105469,10311.2001953125,30.459999084472656,127.0003,75.76,-0.001941091594897637,0.021095122856493065
2020-06-23,75.78980255126953,42.630001068115234,10471.0,29.34000015258789,127.0003,75.48,-0.006062725404884617,-0.010445699717103185
2020-06-24,75.60780334472656,40.310001373291016,10305.2998046875,29.579999923706055,127.0003,75.65,-0.0024013679996045534,-0.054421760185210166
2020-06-25,75.97000122070312,41.04999923706055,10288.900390625,29.729999542236328,127.0003,75.58,0.004790482727360157,0.018357673990550882
2020-06-26,75.53980255126953,41.02000045776367,10383.0,28.739999771118164,127.0003,75.63,-0.00566274401107103,-0.000730786354553481
2020-06-29,75.61979675292969,41.709999084472656,10312.400390625,28.90999984741211,127.0003,75.52,0.0010589675768064577,0.01682102922986184
2020-06-30,75.69999694824219,41.150001525878906,10302.099609375,29.1200008392334,127.0003,75.53,0.0010605714211919803,-0.013425978683423656
2020-07-01,75.75,42.029998779296875,10430.0498046875,28.1200008392334,128.5304,75.5,0.0006605423219765427,0.021385108646096773
2020-07-02,75.45490264892578,43.13999938964844,10551.7001953125,26.510000228881836,128.5304,74.78,-0.0038956746016398647,0.026409722640732713
2020-07-03,74.72100067138672,43.13999938964844,10607.349609375,25.770000457763672,128.5304,74.78,-0.00972636570686125,0.0
2020-07-06,74.6792984008789,43.099998474121094,10763.650390625,25.200000762939453,128.5304,74.62,-0.0005581064243399547,-0.0009272349581196382
2020-07-07,74.60759735107422,43.08000183105469,10799.650390625,25.100000381469727,128.5304,74.81,-0.0009601194888012587,-0.000463959252305135
2020-07-08,75.125,43.290000915527344,10705.75,26.100000381469727,128.5304,74.94,0.0069349860777727645,0.004874630351600295
2020-07-09,74.93990325927734,42.349998474121094,10813.4501953125,24.90999984741211,128.5304,75.12,-0.00246385012609196,-0.021714077651337926
2020-07-10,75.33999633789062,43.2400016784668,10768.0498046875,24.940000534057617,128.5304,75.14,0.005338852349849432,0.02101542470868223
2020-07-13,75.15850067138672,42.720001220703125,10802.7001953125,25.25,128.5304,75.16,-0.002409021440483272,-0.012025912062409327
2020-07-14,75.44999694824219,42.900001525878906,10607.349609375,26.639999389648438,128.5304,75.38,0.0038784205944975003,0.00421349016929673
2020-07-15,75.57499694824219,43.790000915527344,10618.2001953125,26.290000915527344,128.5304,75.11,0.0016567263758240358,0.020745905780715557
2020-07-16,75.1249008178711,43.369998931884766,10739.9501953125,25.360000610351562,128.5304,75.11,-0.005955622210336853,-0.00959127597308751
2020-07-17,75.17449951171875,43.13999938964844,10901.7001953125,24.15999984741211,128.5304,74.93,0.0006602164303404212,-0.005303194556162127
2020-07-20,74.89730072021484,43.279998779296875,11022.2001953125,24.709999084472656,128.5304,74.77,-0.003687404549473472,0.003245233927426261
2020-07-21,74.98999786376953,44.31999969482422,11162.25,24.43000030517578,128.5304,74.54,0.0012376566667064992,0.024029596692706656
2020-07-22,74.7699966430664,44.290000915527344,11132.599609375,24.889999389648438,128.5304,74.56,-0.0029337408583847147,-0.0006768677685793367
2020-07-23,74.81999969482422,43.310001373291016,11215.4501953125,24.639999389648438,128.5304,74.81,0.0006687582453228647,-0.022126880153049533
2020-07-24,74.80729675292969,43.34000015258789,11194.150390625,24.540000915527344,128.5304,74.77,-0.0001697800313598119,0.0006926524669974565
2020-07-27,74.75980377197266,43.40999984741211,11131.7998046875,25.020000457763672,128.5304,74.77,-0.0006348709687222787,0.0016151290857815415
2020-07-28,75.0,43.220001220703125,11300.5498046875,23.639999389648438,128.5304,74.91,0.0032129060793146813,-0.004376840068574972
2020-07-29,75.08999633789062,43.75,11202.849609375,24.110000610351562,128.5304,74.92,0.0011999511718749911,0.012262812686895552
2020-07-30,74.8311996459961,42.939998626708984,11102.150390625,24.729999542236328,128.5304,74.88,-0.0034464869425482325,-0.018514317103794697
2020-07-31,74.98999786376953,43.29999923706055,11073.4501953125,24.190000534057617,128.5304,74.9,0.002122085687850328,0.008383805818932721
2020-08-03,74.91780090332031,44.150001525878906,10891.599609375,25.190000534057617,129.2955,75.2,-0.0009627545340162857,0.01963053819388616
2020-08-04,75.33000183105469,44.43000030517578,11095.25,23.81999969482422,129.2955,75.06,0.005502042542149699,0.006341987986857811
2020-08-05,75.25,45.16999816894531,11101.650390625,23.56999969482422,129.2955,74.8,-0.001062018174831758,0.01665536481401575
2020-08-06,74.8822021484375,45.09000015258789,11200.150390625,23.149999618530273,129.2955,74.87,-0.00488767909053156,-0.001771043161396868
2020-08-07,74.8998031616211,44.400001525878906,11214.0498046875,22.579999923706055,129.2955,75.04,0.00023504935323215292,-0.015302697369127927
2020-08-10,75.0248031616211,44.9900016784668,11270.150390625,22.510000228881836,129.2955,74.91,0.0016688962416933073,0.013288291268278574
2020-08-11,75.0999984741211,44.5,11322.5,21.360000610351562,129.2955,74.61,0.0010022727062410919,-0.010891346081041031
2020-08-12,74.9000015258789,45.43000030517578,11308.400390625,20.850000381469727,129.2955,74.73,-0.002663075263724557,0.0208988832623771
2020-08-13,74.77210235595703,44.959999084472656,11300.4501953125,20.56999969482422,129.2955,74.81,-0.0017075990295899457,-0.01034561341725504
2020-08-14,75.02999877929688,44.79999923706055,11178.400390625,21.670000076293945,129.2955,74.87,0.003449099533300748,-0.0035587155398179027
2020-08-17,74.90280151367188,45.369998931884766,11247.099609375,21.309999465942383,129.2955,74.74,-0.0016952854550771335,0.012723207690429783
2020-08-18,75.0,45.459999084472656,11385.349609375,20.43000030517578,129.2955,74.62,0.0012976615609014974,0.0019836930726626623
2020-08-19,74.79499816894531,45.369998931884766,11408.400390625,19.959999084472656,129.2955,74.85,-0.0027333577473958037,-0.001979765824910218
2020-08-20,74.966796875,44.900001525878906,11312.2001953125,20.6200008392334,129.2955,75.01,0.002296927739293908,-0.010359211308589189
2020-08-21,74.9999008178711,44.349998474121094,11371.599609375,19.940000534057617,129.2955,74.92,0.0004415813967120208,-0.012249510758720272
2020-08-24,74.92179870605469,45.130001068115234,11466.4501953125,19.229999542236328,129.2955,74.17,-0.0010413628680132625,0.01758743226224202
2020-08-25,74.4000015258789,45.86000061035156,11472.25,19.31999969482422,129.2955,74.2,-0.006964557567857965,0.01617548249410694
2020-08-26,74.45249938964844,45.63999938964844,11549.599609375,19.299999237060547,129.2955,74.22,0.0007056164340435434,-0.0047972354508313275
2020-08-27,74.24009704589844,45.09000015258789,11559.25,18.899999618530273,129.2955,73.89,-0.0028528571302676164,-0.012050816047672663
2020-08-28,73.77449798583984,45.04999923706055,11647.599609375,18.350000381469727,129.2955,73.11,-0.006271530865197272,-0.0008871349610107826
2020-08-31,73.12830352783203,45.279998779296875,11387.5,22.84000015258789,129.2955,73.25,-0.00875904920602566,0.005105428327002448
2020-09-01,73.66999816894531,45.58000183105469,11470.25,21.799999237060547,130.1179,73.0,0.0074074553214149574,0.006625509272208285
2020-09-02,73.2699966430664,44.43000030517578,11535.0,21.110000610351562,130.1179,73.27,-0.005429639416599352,-0.02523039665819815
2020-09-03,73.24849700927734,44.06999969482422,11527.4501953125,20.5,130.1179,73.39,-0.00029343025486672225,-0.008102647037560917
2020-09-04,73.4478988647461,42.65999984741211,11333.849609375,22.149999618530273,130.1179,73.29,0.002722265488170894,-0.03199455087760539
2020-09-07,73.29029846191406,42.65999984741211,11355.0498046875,22.010000228881836,130.1179,73.29,-0.002145744197832644,0.0
2020-09-08,73.6500015258789,39.779998779296875,11317.349609375,22.719999313354492,130.1179,73.78,0.00490792194210754,-0.0675105738025441
2020-09-09,73.78679656982422,40.790000915527344,11278.0,22.229999542236328,130.1179,73.38,0.001857366478088096,0.025389697516936982
2020-09-10,73.55000305175781,40.060001373291016,11449.25,21.260000228881836,130.1179,73.43,-0.003209158400613421,-0.017896531646275138
2020-09-11,73.52729797363281,39.83000183105469,11464.4501953125,20.709999084472656,130.1179,73.45,-0.0003087026129560133,-0.0057413762943521185
2020-09-14,73.47859954833984,39.61000061035156,11440.0498046875,21.190000534057617,130.1179,73.42,-0.0006623176239990425,-0.005523505161669218
2020-09-15,73.61499786376953,40.529998779296875,11521.7998046875,20.600000381469727,130.1179,73.57,0.0018562998787143847,0.023226411380182777
2020-09-16,73.80000305175781,42.220001220703125,11604.5498046875,19.65999984741211,130.1179,73.54,0.0025131453284918948,0.041697569511635946
2020-09-17,73.55069732666016,43.29999923706055,11516.099609375,20.100000381469727,130.1179,73.6,-0.0033781262166454606,0.0255802459765877
2020-09-18,73.58360290527344,43.150001525878906,11504.9501953125,20.049999237060547,130.1179,73.54,0.0004473863581080373,-0.0034641504347477925
2020-09-21,73.53479766845703,41.439998626708984,11250.5498046875,22.190000534057617,130.1179,73.58,-0.000663262396640607,-0.03962926625030039
2020-09-22,73.57980346679688,41.720001220703125,11153.650390625,21.40999984741211,130.1179,73.5,0.0006120340269752944,0.006756819577056428
2020-09-23,73.50299835205078,41.77000045776367,11131.849609375,20.989999771118164,130.1179,73.53,-0.001043834192636206,0.0011984476413613443
2020-09-24,73.77839660644531,41.939998626708984,10805.5498046875,23.510000228881836,130.1179,73.9,0.003746762180713681,0.004069862750353703
2020-09-25,73.68240356445312,41.91999816894531,11050.25,20.68000030517578,130.1179,73.71,-0.0013010995956477256,-0.0004768826518495306
2020-09-28,73.69930267333984,42.43000030517578,11227.5498046875,19.56999969482422,130.1179,73.79,0.00022935067355578376,0.012166082025458769
2020-09-29,73.9749984741211,41.029998779296875,11222.400390625,19.770000457763672,130.1179,73.78,0.0037408196655974724,-0.03299555776124108
2020-09-30,73.84500122070312,40.95000076293945,11247.5498046875,19.530000686645508,130.1179,73.54,-0.0017573133639664507,-0.001949744546368093
2020-10-01,73.70500183105469,40.93000030517578,11416.9501953125,18.350000381469727,131.6603,73.18,-0.0018958546595457815,-0.0004884116579009223
2020-10-02,73.21700286865234,39.27000045776367,11416.9501953125,18.350000381469727,131.6603,73.35,-0.006620974835885973,-0.04055704458917864
2020-10-05,73.32240295410156,41.290000915527344,11503.349609375,19.700000762939453,131.6603,73.09,0.0014395574978438574,0.05143876837832617
2020-10-06,73.1082992553711,42.650001525878906,11662.400390625,19.639999389648438,131.6603,73.4,-0.00292003112424577,0.03293777137796394
2020-10-07,73.81500244140625,41.9900016784668,11738.849609375,20.059999465942383,131.6603,73.28,0.009666524775342022,-0.015474790710420905
2020-10-08,73.5425033569336,43.34000015258789,11834.599609375,20.3799991607666,131.6603,73.33,-0.0036916490612997066,0.03215047440241947
2020-10-09,73.28050231933594,42.849998474121094,11914.2001953125,20.3799991607666,131.6603,72.98,-0.0035625798094749417,-0.011305991618404287
2020-10-12,73.01480102539062,41.720001220703125,11930.9501953125,21.1299991607666,131.6603,72.98,-0.003625811580650229,-0.02637099868510895
2020-10-13,73.35079956054688,42.45000076293945,11934.5,20.719999313354492,131.6603,73.45,0.004601786630075377,0.017497591583819805
2020-10-14,73.62000274658203,43.31999969482422,11971.0498046875,20.209999084472656,131.6603,73.24,0.0036700784128869124,0.02049467411657413
2020-10-15,73.29620361328125,43.15999984741211,11680.349609375,22.059999465942383,131.6603,73.48,-0.004398249405333177,-0.0036934406403337228
2020-10-16,73.37100219726562,42.93000030517578,11762.4501953125,21.649999618530273,131.6603,73.42,0.0010204973831799968,-0.005328997753694775
2020-10-19,73.44380187988281,42.619998931884766,11873.0498046875,21.81999969482422,131.6603,73.31,0.0009922132782302917,-0.007221089473266162
2020-10-20,73.57499694824219,43.15999984741211,11896.7998046875,22.690000534057617,131.6603,73.47,0.0017863327469613832,0.01267012972924686
2020-10-21,73.64749908447266,41.72999954223633,11937.650390625,22.920000076293945,131.6603,73.62,0.0009854181343897928,-0.03313253730841992
2020-10-22,73.6812973022461,42.459999084472656,11896.4501953125,22.639999389648438,131.6603,73.65,0.00045891874393011456,0.017493399239016716
2020-10-23,73.72000122070312,41.77000045776367,11930.349609375,21.829999923706055,131.6603,73.86,0.000525288232891219,-0.016250556796674864
2020-10-26,73.8228988647461,40.459999084472656,11767.75,22.829999923706055,131.6603,73.93,0.0013957900480077168,-0.031362254223953
2020-10-27,73.94850158691406,41.20000076293945,11889.400390625,22.200000762939453,131.6603,73.62,0.001701405987837079,0.018289710707155793
2020-10-28,73.80500030517578,39.119998931884766,11729.599609375,23.280000686645508,131.6603,74.19,-0.0019405569911328246,-0.050485480401391336
2020-10-29,74.44000244140625,37.650001525878906,11670.7998046875,24.020000457763672,131.6603,74.42,0.00860378204193224,-0.03757662183389621
2020-10-30,74.26399993896484,37.459999084472656,11642.400390625,24.75,131.6603,74.59,-0.0023643537972737327,-0.005046545383953105
2020-11-02,74.55049896240234,38.970001220703125,11669.150390625,25.209999084472656,132.101,74.51,0.0038578453042250604,0.04030972165336677
2020-11-03,74.45680236816406,39.709999084472656,11813.5,24.239999771118164,132.101,74.61,-0.001256820484669574,0.0189889104590637
2020-11-04,74.65560150146484,41.22999954223633,11908.5,23.200000762939453,132.101,74.36,0.0026699928949107665,0.038277524371890914
2020-11-05,74.37999725341797,40.93000030517578,12120.2998046875,20.969999313354492,132.101,73.93,-0.0036916754068543334,-0.007276236730326069
2020-11-06,74.12000274658203,39.45000076293945,12263.5498046875,20.5,132.101,73.96,-0.0034954895998465796,-0.03615928490597098
2020-11-09,73.97979736328125,42.400001525878906,12461.0498046875,20.110000610351562,132.101,74.03,-0.0018915998125383915,0.07477821814672247
2020-11-10,73.95320129394531,43.61000061035156,12631.099609375,21.579999923706055,132.101,74.31,-0.000359504490196616,0.028537713229423556
2020-11-11,74.28160095214844,43.79999923706055,12749.150390625,22.030000686645508,132.101,74.31,0.004440641547048374,0.004356767348081325
2020-11-12,74.56999969482422,43.529998779296875,12690.7998046875,20.6200008392334,132.101,74.63,0.0038825057481133296,-0.006164394120245054
2020-11-13,74.86499786376953,42.779998779296875,12719.9501953125,19.700000762939453,132.101,74.56,0.003955989944382177,-0.017229497381853975
2020-11-16,74.48770141601562,43.81999969482422,12719.9501953125,19.700000762939453,132.101,74.41,-0.005039690890534243,0.024310447526956214
2020-11-17,74.41809844970703,43.75,12874.2001953125,19.799999237060547,132.101,74.42,-0.0009344222601239682,-0.0015974371362783568
2020-11-18,74.47969818115234,44.34000015258789,12938.25,19.1200008392334,132.101,74.1,0.0008277520217334633,0.013485717773437544
2020-11-19,74.41999816894531,44.20000076293945,12771.7001953125,19.56999969482422,132.101,74.16,-0.0008015608771912985,-0.0031574061607274606
2020-11-20,74.09960174560547,44.959999084472656,12859.0498046875,19.6200008392334,132.101,74.12,-0.004305246321190337,0.017194531864588525
2020-11-23,74.16239929199219,46.060001373291016,12926.4501953125,20.799999237060547,132.101,74.21,0.0008474748164275514,0.024466243576910074
2020-11-24,74.24490356445312,47.86000061035156,13055.150390625,21.059999465942383,132.101,74.08,0.0011124811663132395,0.03907944384266382
2020-11-25,73.96080017089844,48.61000061035156,12858.400390625,23.1299991607666,132.101,73.75,-0.003826570982182642,0.015670706026647663
2020-11-26,73.77989959716797,48.61000061035156,12987.0,20.020000457763672,132.101,73.75,-0.0024458980069506087,0.0
2020-11-27,74.04879760742188,48.18000030517578,12968.9501953125,19.81999969482422,132.101,73.75,0.003644597129056404,-0.008845922645066007
2020-11-30,73.94090270996094,47.59000015258789,12968.9501953125,19.81999969482422,132.101,74.01,-0.0014570783179080893,-0.012245748211929919
2020-12-01,74.02519989013672,47.41999816894531,13109.0498046875,20.18000030517578,130.8891,73.51,0.0011400615503227574,-0.0035722206996743333
2020-12-02,73.65499877929688,48.25,13113.75,19.90999984741211,130.8891,73.72,-0.005001014673236548,0.017503202511683025
2020-12-03,73.66259765625,48.709999084472656,13133.900390625,19.0,130.8891,73.8,0.00010316851644920355,0.00953365978181675
2020-12-04,73.86489868164062,49.25,13258.5498046875,18.030000686645508,130.8891,73.78,0.002746319459635105,0.011086038301722834
2020-12-07,73.79029846191406,48.790000915527344,13355.75,18.020000457763672,130.8891,73.83,-0.001009954945556668,-0.009340082933454896
2020-12-08,74.0199966430664,48.84000015258789,13392.9501953125,18.6200008392334,130.8891,73.68,0.003112850685526025,0.001024784507528853
2020-12-09,73.72640228271484,48.86000061035156,13529.099609375,18.920000076293945,130.8891,73.71,-0.00396641953075616,0.00040950978094156376
2020-12-10,73.93499755859375,50.25,13478.2998046875,18.709999084472656,130.8891,73.72,0.0028293158138792407,0.028448615887940676
2020-12-11,73.72669982910156,49.970001220703125,13513.849609375,18.790000915527344,130.8891,73.73,-0.0028173089385322703,-0.005572115010883061
2020-12-14,73.73799896240234,50.290000915527344,13558.150390625,19.399999618530273,130.8891,73.64,0.00015325700630808292,0.006403836041765754
2020-12-15,73.86000061035156,50.7599983215332,13567.849609375,19.350000381469727,130.8891,73.56,0.0016545288679643555,0.009345742641669874
2020-12-16,73.75980377197266,51.08000183105469,13682.7001953125,19.200000762939453,130.8891,73.65,-0.001356577816827964,0.0063042458649122946
2020-12-17,73.6166000366211,51.5,13740.7001953125,19.15999984741211,130.8891,73.53,-0.0019414874773023838,0.008222360099642056
2020-12-18,73.52980041503906,52.2599983215332,13760.5498046875,18.6200008392334,130.8891,73.53,-0.001179076750880248,0.014757248961809744
2020-12-21,73.60359954833984,50.90999984741211,13328.400390625,23.190000534057617,130.8891,74.03,0.0010036629078853387,-0.02583234821048286
2020-12-22,73.935302734375,50.08000183105469,13466.2998046875,21.989999771118164,130.8891,73.85,0.00450661636211569,-0.016303241383718303
2020-12-23,74.2699966430664,51.20000076293945,13601.099609375,20.5,130.8891,73.77,0.004526848424410312,0.022364195106523654
2020-12-24,73.83979797363281,51.290000915527344,13749.25,19.969999313354492,130.8891,73.77,-0.005792361503678012,0.001757815454038747
2020-12-25,73.55780029296875,51.290000915527344,13749.25,19.969999313354492,130.8891,73.77,-0.003819047294316258,0.0
2020-12-28,73.68900299072266,50.86000061035156,13873.2001953125,20.43000030517578,130.8891,73.5,0.0017836680437879338,-0.008383706326774543
2020-12-29,73.5448989868164,51.09000015258789,13932.599609375,20.790000915527344,130.8891,73.33,-0.001955570004446794,0.004522208798194871
2020-12-30,73.45359802246094,51.34000015258789,13981.9501953125,21.110000610351562,130.8891,73.13,-0.001241431637180379,0.004893325489397915
2020-12-31,73.13400268554688,51.79999923706055,13981.75,21.100000381469727,130.8891,73.01,-0.0043509827362893105,0.008959857481602773
2021-01-01,73.08920288085938,51.79999923706055,14018.5,21.100000381469727,130.22799999999998,73.01,-0.0006125714857988518,0.0
2021-01-04,73.09200286865234,51.09000015258789,14132.900390625,20.030000686645508,130.22799999999998,73.08,3.830918497671476e-05,-0.013706546234168338
2021-01-05,73.31999969482422,53.599998474121094,14199.5,20.459999084472656,130.22799999999998,73.15,0.0031193128827182726,0.049128955060417256
2021-01-06,73.37480163574219,54.29999923706055,14146.25,21.0,130.22799999999998,73.15,0.0007474350947362929,0.01305971609826484
2021-01-07,73.36000061035156,54.380001068115234,14137.349609375,20.6200008392334,130.22799999999998,73.43,-0.00020171809750302305,0.0014733302427025752
2021-01-08,73.44599914550781,55.9900016784668,14347.25,20.639999389648438,130.22799999999998,73.31,0.001172281003827047,0.029606483610305823
2021-01-11,73.37339782714844,55.65999984741211,14484.75,22.3799991607666,130.22799999999998,73.5,-0.0009884992947749582,-0.005893942153275655
2021-01-12,73.51349639892578,56.58000183105469,14563.4501953125,22.850000381469727,130.22799999999998,73.26,0.00190939190396211,0.01652896130371362
2021-01-13,73.16500091552734,56.060001373291016,14564.849609375,23.290000915527344,130.22799999999998,73.07,-0.004740564664579505,-0.009190534481005708
2021-01-14,73.1698989868164,56.41999816894531,14595.599609375,23.030000686645508,130.22799999999998,73.11,6.694555084774123e-05,0.006421633728782128
2021-01-15,73.08760070800781,55.099998474121094,14433.7001953125,24.010000228881836,130.22799999999998,73.08,-0.0011247559440176191,-0.023395954230122085
2021-01-18,73.15899658203125,55.099998474121094,14281.2998046875,24.399999618530273,130.22799999999998,73.08,0.0009768534379541727,0.0
2021-01-19,73.1886978149414,55.900001525878906,14521.150390625,22.899999618530273,130.22799999999998,73.2,0.00040598196117747065,0.014519112049223626
2021-01-20,73.19190216064453,56.08000183105469,14644.7001953125,21.549999237060547,130.22799999999998,73.2,4.37819745233714e-05,0.0032200411495955095
2021-01-21,72.91089630126953,56.099998474121094,14590.349609375,22.18000030517578,130.22799999999998,72.96,-0.0038393025878495912,0.0003565735095132361
2021-01-22,72.95490264892578,55.40999984741211,14371.900390625,22.18000030517578,130.22799999999998,72.98,0.0006035633888576974,-0.012299441095836805
2021-01-25,72.99590301513672,55.880001068115234,14238.900390625,23.25,130.22799999999998,73.01,0.0005619960375828903,0.008482245479108697
2021-01-26,72.97000122070312,55.90999984741211,14238.900390625,23.25,130.22799999999998,72.9,-0.000354839016488695,0.00053684285475053
2021-01-27,72.91999816894531,55.810001373291016,13967.5,24.389999389648438,130.22799999999998,73.05,-0.0006852549118996354,-0.001788561516616105
2021-01-28,73.03710174560547,55.529998779296875,13817.5498046875,24.290000915527344,130.22799999999998,72.91,0.0016059185353904937,-0.0050170683946290096
2021-01-29,72.93879699707031,55.880001068115234,13634.599609375,25.34000015258789,130.22799999999998,72.84,-0.001345956317893915,0.006302940689940195
2021-02-01,72.90660095214844,56.349998474121094,14281.2001953125,23.31999969482422,131.1094,73.11,-0.00044141178971146555,0.008410833876558943
2021-02-02,73.11979675292969,57.459999084472656,14647.849609375,23.350000381469727,131.1094,72.95,0.0029242317979023547,0.01969832547309358
2021-02-03,72.91629791259766,58.459999084472656,14789.9501953125,23.75,131.1094,72.84,-0.002783088156271152,0.017403411345863207
2021-02-04,72.85800170898438,58.84000015258789,14895.650390625,23.1200008392334,131.1094,72.93,-0.0007994948356149223,0.006500189429803793
2021-02-05,72.9457015991211,59.34000015258789,14924.25,23.420000076293945,131.1094,72.85,0.0012037097927419804,0.008497620644176918
2021-02-08,72.78479766845703,60.560001373291016,15115.7998046875,23.959999084472656,131.1094,72.9,-0.0022058041411174845,0.020559508216481115
2021-02-09,72.92990112304688,61.09000015258789,15109.2998046875,24.270000457763672,131.1094,72.83,0.0019935956303789304,0.008751630899576313
2021-02-10,72.85489654541016,61.470001220703125,15106.5,23.950000762939453,131.1094,72.82,-0.0010284475432124074,0.0062203481284348605
2021-02-11,72.80729675292969,61.13999938964844,15173.2998046875,23.049999237060547,131.1094,72.69,-0.0006533506289559954,-0.005368502106740558
2021-02-12,72.70950317382812,62.43000030517578,15163.2998046875,22.040000915527344,131.1094,72.6,-0.0013431837667785551,0.021099131966065388
2021-02-15,72.59480285644531,62.43000030517578,15314.7001953125,22.040000915527344,131.1094,72.6,-0.001577514800350066,0.0
2021-02-16,72.63870239257812,63.349998474121094,15313.4501953125,21.780000686645508,131.1094,72.86,0.0006047200957295384,0.014736475483711375
2021-02-17,72.93499755859375,64.33999633789062,15208.900390625,21.780000686645508,131.1094,72.81,0.004079026142486564,0.015627433111524924
2021-02-18,72.79730224609375,63.93000030517578,15118.9501953125,21.540000915527344,131.1094,72.65,-0.001887918243767439,-0.006372335344280944
2021-02-19,72.60540008544922,62.90999984741211,14981.75,22.25,131.1094,72.5,-0.00263611637689265,-0.015954957811584625
2021-02-22,72.5530014038086,65.23999786376953,14675.7001953125,25.469999313354492,131.1094,72.48,-0.0007216912458157809,0.03703700559543499
2021-02-23,72.44400024414062,65.37000274658203,14707.7998046875,25.229999542236328,131.1094,72.44,-0.0015023659608690565,0.001992717459678106
2021-02-24,72.37699890136719,67.04000091552734,14982.0,24.170000076293945,131.1094,72.38,-0.000924870831920388,0.02554685786719868
2021-02-25,72.4000015258789,66.87999725341797,15097.349609375,22.889999389648438,131.1094,72.74,0.00031781677688891286,-0.002386689438011569
2021-02-26,73.1509017944336,66.12999725341797,14529.150390625,28.139999389648438,131.1094,73.92,0.010371550452057399,-0.011214115293069482
2021-03-01,73.59590148925781,63.689998626708984,14761.5498046875,25.6299991607666,131.7705,73.4,0.006083311126836799,-0.03689700178511457
2021-03-02,73.30940246582031,62.70000076293945,14919.099609375,23.610000610351562,131.7705,73.29,-0.003892866554251251,-0.01554400824487323
2021-03-03,73.27749633789062,64.06999969482422,15245.599609375,22.09000015258789,131.7705,72.85,-0.0004352255898493196,0.021850062443612206
2021-03-04,72.88069915771484,66.73999786376953,15080.75,24.149999618530273,131.7705,72.73,-0.005414993688459324,0.04167314158986968
2021-03-05,73.13179779052734,69.36000061035156,14938.099609375,25.559999465942383,131.7705,73.21,0.0034453378701693183,0.039256859910754116
2021-03-08,73.1333999633789,68.23999786376953,14956.2001953125,24.68000030517578,131.7705,73.32,2.190801949319976e-05,-0.01614767498163594
2021-03-09,73.33000183105469,67.5199966430664,15098.400390625,22.5,131.7705,72.89,0.002688263745077135,-0.010551014701678296
2021-03-10,72.7759017944336,67.9000015258789,15174.7998046875,20.75,131.7705,72.86,-0.0075562528676555996,0.005628034681656402
2021-03-11,72.70600128173828,69.62999725341797,15174.7998046875,20.75,131.7705,72.69,-0.0009604898183571686,0.025478581570866465
2021-03-12,72.63899993896484,69.22000122070312,15030.9501953125,21.709999084472656,131.7705,72.71,-0.0009215379967577597,-0.005888209807371703
2021-03-15,72.68299865722656,68.87999725341797,14929.5,21.229999542236328,131.7705,72.58,0.0006057175663030101,-0.004911932408106723
2021-03-16,72.51529693603516,68.38999938964844,14910.4501953125,20.190000534057617,131.7705,72.52,-0.002307303279853512,-0.007113790408074028
2021-03-17,72.5156021118164,68.0,14721.2998046875,20.15999984741211,131.7705,72.56,4.208433173946702e-06,-0.005702579223994975
2021-03-18,72.29560089111328,63.279998779296875,14557.849609375,20.079999923706055,131.7705,72.63,-0.003033846707414689,-0.06941178265739889
2021-03-19,72.6688003540039,64.52999877929688,14744.0,19.989999771118164,131.7705,72.45,0.0051621323882862225,0.019753476992938168
2021-03-22,72.40499877929688,64.62000274658203,14736.400390625,20.489999771118164,131.7705,72.37,-0.003630190307558845,0.0013947616455562972
2021-03-23,72.38050079345703,60.790000915527344,14814.75,20.670000076293945,131.7705,72.52,-0.00033834660938969474,-0.059269601799224136
2021-03-24,72.61219787597656,64.41000366210938,14549.400390625,22.459999084472656,131.7705,72.59,0.0032010980855285975,0.059549312256341524
2021-03-25,72.64559936523438,61.95000076293945,14324.900390625,22.700000762939453,131.7705,72.69,0.0004599983230759719,-0.038192870040420046
2021-03-26,72.61280059814453,64.56999969482422,14507.2998046875,20.649999618530273,131.7705,72.65,-0.00045149007477995884,0.04229215334331582
2021-03-29,72.44719696044922,64.9800033569336,14507.2998046875,20.649999618530273,131.7705,72.75,-0.002280639726482958,0.006349754747516867
2021-03-30,72.74189758300781,64.13999938964844,14845.099609375,20.489999771118164,131.7705,73.45,0.004067798823458757,-0.012927114864415001
2021-03-31,73.44529724121094,63.540000915527344,14690.7001953125,20.649999618530273,131.7705,73.14,0.009669800782973192,-0.009354513249620111
2021-04-01,73.20349884033203,64.86000061035156,14867.349609375,19.989999771118164,132.3214,73.32,-0.003292224416830747,0.020774310289656484
2021-04-02,73.28730010986328,64.86000061035156,14867.349609375,19.989999771118164,132.3214,73.37,0.0011447713682926075,0.0
2021-04-05,73.3759994506836,62.150001525878906,14637.7998046875,21.219999313354492,132.3214,73.29,0.0012102961998510242,-0.04178228583057009
2021-04-06,73.27950286865234,62.7400016784668,14683.5,20.84000015258789,132.3214,73.49,-0.0013150973445493763,0.00949316392763433
2021-04-07,73.48999786376953,63.15999984741211,14819.0498046875,20.25,132.3214,74.35,0.002872494857047325,0.006694264547485007
2021-04-08,74.40149688720703,63.20000076293945,14873.7998046875,20.309999465942383,132.3214,74.57,0.012403035105908788,0.0006333267198224135
2021-04-09,74.54450225830078,62.95000076293945,14834.849609375,19.790000915527344,132.3214,74.72,0.001922076531746919,-0.003955696154779198
2021-04-12,74.72949981689453,63.279998779296875,14310.7998046875,23.0,132.3214,75.03,0.0024817062692661374,0.00524222418360476
2021-04-13,74.99099731445312,63.66999816894531,14504.7998046875,20.459999084472656,132.3214,75.27,0.0034992539519109744,0.0061630751765442415
2021-04-14,75.18150329589844,66.58000183105469,14504.7998046875,20.459999084472656,132.3214,75.07,0.0025403846897311677,0.04570447221292229
2021-04-15,75.0261001586914,66.94000244140625,14581.4501953125,20.889999389648438,132.3214,74.81,-0.00206703950299314,0.005407038156368005
2021-04-16,74.72740173339844,66.7699966430664,14617.849609375,20.399999618530273,132.3214,74.48,-0.003981260183605118,-0.002539674217798993
2021-04-19,74.56320190429688,67.05000305175781,14359.4501953125,22.489999771118164,132.3214,74.87,-0.002197317520651554,0.004193596267321187
2021-04-20,74.8781967163086,66.56999969482422,14296.400390625,22.43000030517578,132.3214,75.38,0.00422453440795123,-0.007158886429327493
2021-04-21,75.44920349121094,65.31999969482422,14296.400390625,22.43000030517578,132.3214,75.42,0.007625808311940485,-0.01877722706519991
2021-04-22,75.42949676513672,65.4000015258789,14406.150390625,23.030000686645508,132.3214,75.11,-0.0002611919697271814,0.001224767780594771
2021-04-23,75.0916976928711,66.11000061035156,14341.349609375,22.690000534057617,132.3214,74.97,-0.004478341852358181,0.010856254860968306
2021-04-26,74.86810302734375,65.6500015258789,14485.0,23.5,132.3214,74.75,-0.002977621659878582,-0.0069580862233517005
2021-04-27,74.81490325927734,66.41999816894531,14653.0498046875,23.079999923706055,132.3214,74.58,-0.0007105798853614953,0.011728813787808878
2021-04-28,74.57499694824219,67.2699966430664,14864.5498046875,22.579999923706055,132.3214,74.49,-0.003206664722986252,0.012797327575334139
2021-04-29,74.31179809570312,68.55999755859375,14894.900390625,23.309999465942383,132.3214,74.07,-0.003529317644112462,0.01917646766614345
2021-04-30,74.10579681396484,67.25,14631.099609375,23.030000686645508,132.3214,74.0,-0.0027721208074252823,-0.019107316295835397
2021-05-03,74.09480285644531,67.55999755859375,14634.150390625,23.690000534057617,132.8723,73.82,-0.00014835489249420686,0.004609629124070702
2021-05-04,73.8375015258789,68.87999725341797,14496.5,23.010000228881836,132.8723,73.8,-0.0034725961963204544,0.019538184466028286
2021-05-05,73.77890014648438,68.95999908447266,14617.849609375,23.010000228881836,132.8723,73.81,-0.0007936533358187114,0.0011614668154000807
2021-05-06,73.79940032958984,68.08999633789062,14724.7998046875,22.040000915527344,132.8723,73.64,0.00027785970060234533,-0.012616049276861552
2021-05-07,73.61519622802734,68.27999877929688,14823.150390625,20.81999969482422,132.8723,73.27,-0.002496010817701011,0.002790460443901077
2021-05-10,73.29029846191406,68.31999969482422,14942.349609375,20.229999542236328,132.8723,73.41,-0.004413460572826433,0.0005858365003292842
2021-05-11,73.5,68.55000305175781,14850.75,20.229999542236328,132.8723,73.39,0.00286124551934952,0.003366559689124582
2021-05-12,73.3750991821289,69.31999969482422,14696.5,20.079999923706055,132.8723,73.53,-0.0016993308553889808,0.011232627407544049
2021-05-13,73.68160247802734,67.05000305175781,14696.5,20.079999923706055,132.8723,73.48,0.004177211333475039,-0.03274663377178144
2021-05-14,73.44490051269531,68.70999908447266,14677.7998046875,20.270000457763672,132.8723,73.23,-0.0032124975213808638,0.024757583253701698
2021-05-17,73.27890014648438,69.45999908447266,14923.150390625,19.610000610351562,132.8723,73.3,-0.002260202751343421,0.01091544185698412
2021-05-18,73.26969909667969,68.70999908447266,15108.099609375,19.239999771118164,132.8723,73.04,-0.0001255620620164155,-0.010797581484098484
2021-05-19,73.1281967163086,66.66000366210938,15030.150390625,19.31999969482422,132.8723,73.2,-0.001931253739480776,-0.029835474453186905
2021-05-20,73.222900390625,65.11000061035156,14906.0498046875,19.31999969482422,132.8723,73.03,0.0012950363685815258,-0.023252369736049938
2021-05-21,73.02189636230469,66.44000244140625,15175.2998046875,19.079999923706055,132.8723,72.82,-0.0027450978757739275,0.020426997674505287
2021-05-24,72.90979766845703,68.45999908447266,15197.7001953125,19.1299991607666,132.8723,72.86,-0.0015351380809321968,0.030403319819981123
2021-05-25,72.83660125732422,68.6500015258789,15208.4501953125,19.1299991607666,132.8723,72.78,-0.001003931069259889,0.002775378965047981
2021-05-26,72.80490112304688,68.87000274658203,15301.4501953125,20.8700008392334,132.8723,72.71,-0.0004352225904301621,0.0032046790358801758
2021-05-27,72.67250061035156,69.45999908447266,15337.849609375,19.90999984741211,132.8723,72.59,-0.0018185659296692247,0.008566811592292334
2021-05-28,72.68299865722656,69.62999725341797,15435.650390625,17.399999618530273,132.8723,72.42,0.00014445693745002153,0.0024474254417794494
2021-05-31,72.39350128173828,69.62999725341797,15582.7998046875,17.399999618530273,132.8723,72.42,-0.0039830136460597965,0.0
2021-06-01,72.48719787597656,70.25,15574.849609375,17.389999389648438,134.0842,72.83,0.0012942680293033249,0.008904247752955285
2021-06-02,72.8550033569336,71.3499984741211,15576.2001953125,17.209999084472656,134.0842,72.97,0.005074075033033143,0.01565834126862775
2021-06-03,72.96510314941406,71.30999755859375,15690.349609375,15.75,134.0842,73.01,0.0015112180002390119,-0.0005606295218332225
2021-06-04,73.04419708251953,71.88999938964844,15670.25,15.9399995803833,134.0842,72.87,0.0010839967284566043,0.008133527568530807
2021-06-07,72.90969848632812,71.48999786376953,15751.650390625,15.569999694824219,134.0842,72.8,-0.0018413317082458525,-0.005564077469397022
2021-06-08,72.80940246582031,72.22000122070312,15740.099609375,15.229999542236328,134.0842,72.93,-0.001375619740446754,0.01021126561403296
2021-06-09,72.97530364990234,72.22000122070312,15635.349609375,14.75,134.0842,72.98,0.002278568130811287,0.0
2021-06-10,72.98529815673828,72.5199966430664,15737.75,15.0,134.0842,73.1,0.00013695738607522046,0.004153910513605474
2021-06-11,73.01229858398438,72.69000244140625,15799.349609375,14.100000381469727,134.0842,73.24,0.00036994337117191023,0.00234426097916951
2021-06-14,73.23159790039062,72.86000061035156,15811.849609375,14.720000267028809,134.0842,73.16,0.0030035941979555947,0.002338673314564055
2021-06-15,73.18080139160156,73.98999786376953,15869.25,14.609999656677246,134.0842,73.35,-0.0006936419557327378,0.015509157891187675
2021-06-16,73.3447036743164,74.38999938964844,15767.5498046875,14.869999885559082,134.0842,73.31,0.0022396896398795274,0.00540615674317757
2021-06-17,73.8240966796875,73.08000183105469,15691.400390625,15.289999961853027,134.0842,74.16,0.00653616391307299,-0.017609861128403792
2021-06-18,74.25389862060547,73.51000213623047,15683.349609375,14.800000190734863,134.0842,74.14,0.0058219735865217,0.005883966809002716
2021-06-21,74.1438980102539,74.9000015258789,15746.5,15.0600004196167,134.0842,74.18,-0.0014814119176906893,0.0189089831214051
2021-06-22,74.13520050048828,74.80999755859375,15772.75,14.739999771118164,134.0842,74.37,-0.00011730580666835522,-0.0012016550794602399
2021-06-23,74.33219909667969,75.19000244140625,15686.9501953125,15.369999885559082,134.0842,74.13,0.00265728823637712,0.005079600256835626
2021-06-24,74.24690246582031,75.55999755859375,15790.4501953125,15.100000381469727,134.0842,74.14,-0.0011475058170744568,0.004920802037156946
2021-06-25,74.19029998779297,76.18000030517578,15860.349609375,13.369999885559082,134.0842,74.14,-0.0007623547400297248,0.008205436297178847
2021-06-28,74.21299743652344,74.68000030517578,15814.7001953125,13.399999618530273,134.0842,74.29,0.0003059355297687638,-0.01969020732463933
2021-06-29,74.285400390625,74.76000213623047,15748.4501953125,13.0,134.0842,74.29,0.0009756101572839793,0.0010712617933552604
2021-06-30,74.28759765625,75.12999725341797,15721.5,13.050000190734863,134.0842,74.33,2.9578700706300864e-05,0.004949105224920647
2021-07-01,74.37100219726562,75.83999633789062,15680.0,12.84000015258789,135.2961,74.56,0.0011227249722296495,0.009450274330209174
2021-07-02,74.54499816894531,76.16999816894531,15722.2001953125,12.09000015258789,135.2961,74.51,0.0023395673923847227,0.00435129017655056
2021-07-05,74.48179626464844,76.16999816894531,15834.349609375,12.09000015258789,135.2961,74.51,-0.0008478356140493304,0.0
2021-07-06,74.31780242919922,74.52999877929688,15818.25,12.279999732971191,135.2961,74.58,-0.002201797535420824,-0.02153077890340649
2021-07-07,74.76290130615234,73.43000030517578,15879.650390625,12.210000038146973,135.2961,74.81,0.005989128612584604,-0.01475913715467081
2021-07-08,74.8218994140625,74.12000274658203,15727.900390625,13.5600004196167,135.2961,74.76,0.0007891361474665626,0.009396737553296841
2021-07-09,74.72139739990234,75.55000305175781,15689.7998046875,12.9399995803833,135.2961,74.53,-0.0013432165575479882,0.019293041718643655
2021-07-12,74.4905014038086,75.16000366210938,15692.599609375,12.989999771118164,135.2961,74.56,-0.003090092050313409,-0.005162135988019179
2021-07-13,74.54170227050781,76.48999786376953,15812.349609375,12.619999885559082,135.2961,74.51,0.0006873475910931237,0.017695504747968105
2021-07-14,74.65910339355469,74.76000213623047,15853.9501953125,12.59000015258789,135.2961,74.54,0.0015749723909017632,-0.022617280374621296
2021-07-15,74.46910095214844,73.47000122070312,15924.2001953125,12.270000457763672,135.2961,74.55,-0.0025449333406092345,-0.01725522844657834
2021-07-16,74.53700256347656,73.58999633789062,15923.400390625,11.710000038146973,135.2961,74.61,0.0009118091995197197,0.0016332532352494322
2021-07-19,74.63179779052734,68.62000274658203,15752.400390625,12.680000305175781,135.2961,74.85,0.0012717874852836708,-0.06753626632197018
2021-07-20,74.99340057373047,69.3499984741211,15632.099609375,13.210000038146973,135.2961,74.6,0.004845157076586171,0.010638235183915379
2021-07-21,74.5270004272461,72.2300033569336,15632.099609375,13.210000038146973,135.2961,74.49,-0.00621921586321228,0.04152855005306466
2021-07-22,74.44020080566406,73.79000091552734,15824.0498046875,11.890000343322754,135.2961,74.46,-0.001164673488593837,0.021597639292425752
2021-07-23,74.4520034790039,74.0999984741211,15856.0498046875,11.760000228881836,135.2961,74.44,0.00015855241135986908,0.0042010781236963
2021-07-26,74.44889831542969,74.5,15824.4501953125,12.449999809265137,135.2961,74.35,-4.1706917599526605e-05,0.005398131364585668
2021-07-27,74.28949737548828,74.4800033569336,15746.4501953125,13.229999542236328,135.2961,74.5,-0.0021410785592292925,-0.0002684113163275992
2021-07-28,74.5022964477539,74.73999786376953,15709.400390625,13.6899995803833,135.2961,74.52,0.0028644570199480857,0.0034907961213421768
2021-07-29,74.38999938964844,76.05000305175781,15778.4501953125,12.949999809265137,135.2961,74.25,-0.0015072965996990595,0.017527498333302916
2021-07-30,74.25199890136719,76.33000183105469,15763.0498046875,12.800000190734863,135.2961,74.34,-0.0018550946284918712,0.003681772098106384
2021-08-02,74.37909698486328,72.88999938964844,15885.150390625,12.8100004196167,135.5165,74.35,0.0017117126188741505,-0.04506750109898061
2021-08-03,74.33200073242188,72.41000366210938,16130.75,13.75,135.5165,74.25,-0.0006331920438747973,-0.006585206908469643
2021-08-04,74.21440124511719,70.37999725341797,16258.7998046875,13.210000038146973,135.5165,74.15,-0.0015820842456268913,-0.02803488891071093
2021-08-05,74.18399810791016,71.29000091552734,16294.599609375,12.869999885559082,135.5165,74.1,-0.00040966627362004626,0.012929862142970983
2021-08-06,74.08200073242188,70.69999694824219,16238.2001953125,12.609999656677246,135.5165,74.19,-0.0013749242166742892,-0.008276111091431448
2021-08-09,74.49140167236328,69.04000091552734,16258.25,12.609999656677246,135.5165,74.31,0.005526321318185312,-0.02347943570535216
2021-08-10,74.46620178222656,70.62999725341797,16280.099609375,12.710000038146973,135.5165,74.5,-0.0003382926025148336,0.023030074113643773
2021-08-11,74.43550109863281,71.44000244140625,16282.25,12.710000038146973,135.5165,74.25,-0.00041227674916910484,0.011468288538678761
2021-08-12,74.10299682617188,71.30999755859375,16364.400390625,12.369999885559082,135.5165,74.31,-0.0044670119439425005,-0.0018197771328343215
2021-08-13,74.26010131835938,70.58999633789062,16529.099609375,12.989999771118164,135.5165,74.24,0.002120082843019455,-0.010096778086572167
2021-08-16,74.216796875,69.51000213623047,16563.05078125,13.460000038146973,135.5165,74.19,-0.0005831454925401269,-0.015299536162186267
2021-08-17,74.13500213623047,69.02999877929688,16614.599609375,13.40999984741211,135.5165,74.38,-0.0011021054830390176,-0.006905529307751235
2021-08-18,74.364501953125,68.2300033569336,16568.849609375,12.90999984741211,135.5165,74.27,0.0030957012245416138,-0.011589098022745659
2021-08-19,74.2697982788086,66.44999694824219,16568.849609375,12.90999984741211,135.5165,74.38,-0.0012735064692035447,-0.026088323627651122
2021-08-20,74.4292984008789,65.18000030517578,16450.5,14.020000457763672,135.5165,74.35,0.00214757715473457,-0.019112064731253597
2021-08-23,74.30149841308594,68.75,16496.44921875,13.6899995803833,135.5165,74.12,-0.0017170655983431704,0.05477139733214664
2021-08-24,74.10590362548828,71.05000305175781,16624.599609375,13.1899995803833,135.5165,74.13,-0.002632447417281303,0.03345458984374994
2021-08-25,74.1447982788086,72.25,16634.650390625,13.5,135.5165,74.23,0.0005248522913487985,0.016889470748763014
2021-08-26,74.0999984741211,71.06999969482422,16636.900390625,13.539999961853027,135.5165,74.13,-0.0006042204676184326,-0.016332184154682072
2021-08-27,74.15599822998047,72.69999694824219,16705.19921875,13.40999984741211,135.5165,73.47,0.0007557322133944222,0.022935095826891905
2021-08-30,73.49659729003906,73.41000366210938,16931.05078125,13.319999694824219,135.5165,73.29,-0.008892078263128544,0.009766255071133934
2021-08-31,73.41120147705078,72.98999786376953,17132.19921875,14.520000457763672,135.5165,72.95,-0.0011619015864269278,-0.00572137007747664
2021-09-01,72.99669647216797,71.58999633789062,17076.25,14.1899995803833,135.847,72.99,-0.005646345469667802,-0.01918073115294383
2021-09-02,72.98509979248047,73.02999877929688,17234.150390625,14.239999771118164,135.847,72.99,-0.00015886581513890885,0.020114576268585482
2021-09-03,73.0542984008789,72.61000061035156,17323.599609375,14.539999961853027,135.847,72.98,0.0009481196654548274,-0.005751036231214868
2021-09-06,72.99449920654297,72.61000061035156,17377.80078125,15.109999656677246,135.847,72.98,-0.0008185581908923822,0.0
2021-09-07,73.11000061035156,71.69000244140625,17362.099609375,14.899999618530273,135.847,73.44,0.0015823302449375909,-0.012670405745929036
2021-09-08,73.3904037475586,72.5999984741211,17353.5,14.40999984741211,135.847,73.84,0.00383535952490921,0.012693485865879373
2021-09-09,73.78900146484375,71.44999694824219,17369.25,13.9399995803833,135.847,73.52,0.005431196681465522,-0.01584024173621479
2021-09-10,73.53800201416016,72.91999816894531,17369.25,13.9399995803833,135.847,73.52,-0.003401583511103312,0.020573845815108793
2021-09-13,73.52429962158203,73.51000213623047,17355.30078125,14.029999732971191,135.847,73.58,-0.00018633077052443436,0.00809111330362633
2021-09-14,73.54080200195312,73.5999984741211,17380.0,13.579999923706055,135.847,73.64,0.00022444797782550374,0.0012242733679130868
2021-09-15,73.65080261230469,75.45999908447266,17519.44921875,13.729999542236328,135.847,73.47,0.0014957765941774337,0.025271747947190004
2021-09-16,73.43800354003906,75.66999816894531,17629.5,14.40999984741211,135.847,73.56,-0.002889297396876933,0.002782919255506222
2021-09-17,73.56490325927734,75.33999633789062,17585.150390625,15.229999542236328,135.847,73.64,0.0017279843285649132,-0.004361065667239816
2021-09-20,73.69609832763672,73.91999816894531,17396.900390625,17.489999771118164,135.847,73.65,0.00178339211426648,-0.0188478661795628
2021-09-21,73.65899658203125,74.36000061035156,17562.0,16.520000457763672,135.847,73.71,-0.0005034424677480276,0.005952414127508687
2021-09-22,73.7927017211914,76.19000244140625,17546.650390625,16.489999771118164,135.847,73.8,0.0018151908845411846,0.02461002980142446
2021-09-23,73.8749008178711,77.25,17822.94921875,16.600000381469727,135.847,73.7,0.0011139190565248036,0.013912554464202032
2021-09-24,73.83999633789062,78.08999633789062,17853.19921875,16.920000076293945,135.847,73.81,-0.0004724809048004541,0.010873739001820315
2021-09-27,73.81289672851562,79.52999877929688,17855.099609375,18.049999237060547,135.847,73.86,-0.0003670044788598448,0.01844029336581654
2021-09-28,73.82530212402344,79.08999633789062,17748.599609375,18.540000915527344,135.847,74.21,0.00016806542024006,-0.005532534240661802
2021-09-29,74.16329956054688,78.63999938964844,17711.30078125,18.84000015258789,135.847,74.28,0.004578341392434959,-0.00568968224906341
2021-09-30,74.3219985961914,78.5199966430664,17618.150390625,18.399999618530273,135.847,74.16,0.0021398594262243,-0.0015259759348094093
2021-10-01,74.25440216064453,79.27999877929688,17532.05078125,17.209999084472656,137.6098,74.15,-0.0009095077745976399,0.009679090279196778
2021-10-04,74.152099609375,81.26000213623047,17691.25,16.739999771118164,137.6098,74.46,-0.001377730454932613,0.024974815683910467
2021-10-05,74.57279968261719,82.55999755859375,17822.30078125,16.399999618530273,137.6098,74.51,0.005673474863940209,0.015997974257788927
2021-10-06,74.56320190429688,81.08000183105469,17646.0,17.329999923706055,137.6098,74.82,-0.00012870347313176378,-0.017926305369482254
2021-10-07,74.76000213623047,81.94999694824219,17790.349609375,16.15999984741211,137.6098,74.85,0.0026393747439412696,0.010730082604096358
2021-10-08,74.83000183105469,82.38999938964844,17895.19921875,15.649999618530273,137.6098,75.05,0.0009363254791869835,0.005369157508134492
2021-10-11,75.30580139160156,83.6500015258789,17945.94921875,16.09000015258789,137.6098,75.05,0.006358406373169645,0.015293144138422976
2021-10-12,75.40260314941406,83.41999816894531,17991.94921875,15.850000381469727,137.6098,75.46,0.0012854488767619632,-0.0027495917840770767
2021-10-13,75.48390197753906,83.18000030517578,18161.75,16.100000381469727,137.6098,75.33,0.0010781965705335406,-0.0028769823667879058
2021-10-14,75.3062973022461,84.0,18338.55078125,15.770000457763672,137.6098,75.18,-0.002352881483866809,0.009858135270687018
2021-10-15,74.99500274658203,84.86000061035156,18338.55078125,15.770000457763672,137.6098,74.98,-0.004133712143815305,0.010238102504185331
2021-10-18,75.00589752197266,84.33000183105469,18477.05078125,17.18000030517578,137.6098,75.32,0.00014527335144509657,-0.006245566527043223
2021-10-19,75.2354965209961,85.08000183105469,18418.75,17.3799991607666,137.6098,75.06,0.0030610792832146405,0.00889363196626669
2021-10-20,75.12010192871094,85.81999969482422,18266.599609375,18.309999465942383,137.6098,74.83,-0.0015337785702385087,0.008697670990169382
2021-10-21,74.80919647216797,84.61000061035156,18178.099609375,18.040000915527344,137.6098,74.8,-0.004138778416967748,-0.014099266939820665
2021-10-22,74.86540222167969,85.52999877929688,18114.900390625,17.549999237060547,137.6098,74.87,0.0007513213904473126,0.01087339749803462
2021-10-25,74.99369812011719,85.98999786376953,18125.400390625,17.610000610351562,137.6098,75.05,0.0017136874261038937,0.0053782192334603796
2021-10-26,75.08989715576172,86.4000015258789,18268.400390625,16.75,137.6098,74.9,0.0012827615927200053,0.004768038984707568
2021-10-27,74.88890075683594,84.58000183105469,18210.94921875,16.829999923706055,137.6098,75.01,-0.0026767435639024617,-0.021064810910669807
2021-10-28,75.05000305175781,84.31999969482422,17857.25,17.90999984741211,137.6098,74.77,0.0021512172470654622,-0.0030740379593490186
2021-10-29,74.79720306396484,84.37999725341797,17671.650390625,17.43000030517578,137.6098,75.0,-0.003368420753009471,0.0007115460010780339
2021-11-01,74.92829895019531,84.70999908447266,17929.650390625,17.239999771118164,138.4912,74.83,0.0017526843365835987,0.003910901182700766
2021-11-02,74.82990264892578,84.72000122070312,17888.94921875,17.059999465942383,138.4912,74.63,-0.0013132061270326734,0.00011807503646044104
2021-11-03,74.71199798583984,81.98999786376953,17829.19921875,16.1299991607666,138.4912,74.51,-0.0015756356605073352,-0.03222383519355354
2021-11-04,74.43550109863281,80.54000091552734,17916.80078125,15.75,138.4912,74.53,-0.003700836474209046,-0.017685046786455993
2021-11-05,74.47810363769531,82.73999786376953,17916.80078125,15.75,138.4912,74.22,0.0005723416707579254,0.02731558136620338
2021-11-08,74.19110107421875,83.43000030517578,18068.55078125,16.34000015258789,138.4912,73.91,-0.0038535159927367557,0.008339406081957268
2021-11-09,73.91850280761719,84.77999877929688,18044.25,16.0,138.4912,74.1,-0.0036742717476164755,0.016181211424942887
2021-11-10,74.17479705810547,82.63999938964844,18017.19921875,16.309999465942383,138.4912,74.26,0.0034672543511240494,-0.02524179547606953
2021-11-11,74.40489959716797,82.87000274658203,17873.599609375,16.350000381469727,138.4912,74.26,0.0031021660751191504,0.002783196498455043
2021-11-12,74.32209777832031,82.16999816894531,18102.75,15.220000267028809,138.4912,74.4,-0.0011128543858798245,-0.008447020084907497
2021-11-15,74.33999633789062,82.05000305175781,18109.44921875,15.470000267028809,138.4912,74.35,0.0002408241977196468,-0.0014603276117979291
2021-11-16,74.43509674072266,82.43000030517578,17999.19921875,15.199999809265137,138.4912,74.48,0.0012792629474958073,0.004631288717664717
2021-11-17,74.45860290527344,80.27999877929688,17898.650390625,14.979999542236328,138.4912,74.28,0.0003157941022453592,-0.026082755282288983
2021-11-18,74.25980377197266,81.23999786376953,17764.80078125,14.859999656677246,138.4912,74.25,-0.002669928329889437,0.0119581352649476
2021-11-19,74.17440032958984,78.88999938964844,17764.80078125,14.859999656677246,138.4912,74.25,-0.001150062860993506,-0.028926619102843665
2021-11-22,74.30259704589844,79.69999694824219,17416.55078125,17.520000457763672,138.4912,74.37,0.0017283148328663955,0.010267430154144996
2021-11-23,74.42980194091797,82.30999755859375,17503.349609375,18.020000457763672,138.4912,74.49,0.001711984507633657,0.032747813178042096
2021-11-24,74.4469985961914,82.25,17415.05078125,17.100000381469727,138.4912,74.57,0.00023104529133499696,-0.0007289218852307711
2021-11-25,74.625,82.25,17536.25,16.65999984741211,138.4912,74.57,0.0023909815998639505,0.0
2021-11-26,74.50579833984375,72.72000122070312,17026.44921875,20.799999237060547,138.4912,74.89,-0.0015973421796482423,-0.11586624655680089
2021-11-29,74.98159790039062,73.44000244140625,17053.94921875,20.829999923706055,138.4912,75.12,0.006386074253933893,0.009901006719154726
2021-11-30,75.05490112304688,70.56999969482422,16983.19921875,21.170000076293945,138.4912,75.1,0.0009776161712855558,-0.039079556797017356
2021-12-01,75.0509033203125,68.87000274658203,17166.900390625,19.450000762939453,138.1607,74.83,-5.326504564728829e-05,-0.02408951332852094
2021-12-02,75.01789855957031,69.66999816894531,17401.650390625,18.09000015258789,138.1607,74.89,-0.0004397650032448297,0.011616021351225969
2021-12-03,74.9834976196289,69.87999725341797,17196.69921875,18.450000762939453,138.1607,75.24,-0.00045856976270919336,0.0030141967847252538
2021-12-06,75.23400115966797,73.08000183105469,16912.25,20.079999923706055,138.1607,75.39,0.003340782278652865,0.04579285494291008
2021-12-07,75.39129638671875,75.44000244140625,17176.69921875,18.459999084472656,138.1607,75.43,0.0020907465325012975,0.032293384663664604
2021-12-08,75.40859985351562,75.81999969482422,17469.75,17.270000457763672,138.1607,75.4,0.0002295154431104507,0.005037079018032964
2021-12-09,75.38330078125,74.41999816894531,17516.849609375,16.600000381469727,138.1607,75.58,-0.0003354931972582298,-0.018464805216485303
2021-12-10,75.59919738769531,75.1500015258789,17511.30078125,16.059999465942383,138.1607,75.66,0.0028639845192213187,0.009809236426966406
2021-12-13,75.70999908447266,74.38999938964844,17368.25,16.56999969482422,138.1607,75.78,0.0014656464698841187,-0.010113135339974044
2021-12-14,75.82689666748047,73.69999694824219,17324.900390625,16.950000762939453,138.1607,75.98,0.0015440177575143377,-0.009275473142459356
2021-12-15,76.04720306396484,73.87999725341797,17221.400390625,17.219999313354492,138.1607,76.38,0.002905385900869417,0.002442338027533353
2021-12-16,76.2114028930664,75.0199966430664,17248.400390625,15.899999618530273,138.1607,76.18,0.0021591830137848156,0.015430420032882308
2021-12-17,76.1675033569336,73.5199966430664,16985.19921875,16.34000015258789,138.1607,75.98,-0.0005760231994995646,-0.01999466898321478
2021-12-20,76.00599670410156,71.5199966430664,16614.19921875,18.969999313354492,138.1607,75.82,-0.002120414162391282,-0.027203483287816743
2021-12-21,75.75869750976562,73.9800033569336,16770.849609375,17.540000915527344,138.1607,75.67,-0.00325368003920401,0.03439606864279221
2021-12-22,75.6864013671875,75.29000091552734,16955.44921875,16.579999923706055,138.1607,75.45,-0.0009542949516628818,0.017707454706015202
2021-12-23,75.45850372314453,76.8499984741211,17072.599609375,15.829999923706055,138.1607,75.02,-0.003011077814855212,0.02071985043995439
2021-12-24,75.06739807128906,76.8499984741211,17003.75,16.149999618530273,138.1607,75.02,-0.005183056018317367,0.0
2021-12-27,75.31500244140625,78.5999984741211,17086.25,17.1200008392334,138.1607,74.97,0.003298427499539125,0.02277163350353617
2021-12-28,74.98030090332031,78.94000244140625,17233.25,16.479999542236328,138.1607,74.67,-0.004444022136842252,0.004325750303889597
2021-12-29,74.74500274658203,79.2300033569336,17213.599609375,16.239999771118164,138.1607,74.58,-0.0031381330016490017,0.003673687693924288
2021-12-30,74.57029724121094,79.31999969482422,17203.94921875,16.56999969482422,138.1607,74.39,-0.0023373536551122287,0.0011358870892026474
2021-12-31,74.43119812011719,77.77999877929688,17354.05078125,16.219999313354492,138.1607,74.39,-0.0018653421836821726,-0.019415039352651875
2022-01-03,74.51380157470703,78.9800033569336,17625.69921875,16.450000762939453,137.8302,74.32,0.0011097961160928538,0.015428189720621655
2022-01-04,74.4032974243164,80.0,17805.25,16.1200008392334,137.8302,74.52,-0.00148300245129529,0.012914618887223117
2022-01-05,74.53489685058594,80.80000305175781,17925.25,17.229999542236328,137.8302,74.31,0.0017687311023197871,0.0100000381469727
2022-01-06,74.43009948730469,81.98999786376953,17745.900390625,17.979999542236328,137.8302,74.4,-0.0014060174188116337,0.01472765800824849
2022-01-07,74.41929626464844,81.75,17812.69921875,17.600000381469727,137.8302,74.27,-0.0001451458849398568,-0.002927160263722639
2022-01-10,74.2699966430664,80.87000274658203,18003.30078125,17.68000030517578,137.8302,74.06,-0.002006195020322399,-0.010764492396550085
2022-01-11,74.05699920654297,83.72000122070312,18055.75,17.760000228881836,137.8302,73.81,-0.002867879980486321,0.03524172594691244
2022-01-12,73.81529998779297,84.66999816894531,18212.349609375,17.18000030517578,137.8302,73.77,-0.0032636917690374023,0.011347311686460637
2022-01-13,73.79910278320312,84.47000122070312,18257.80078125,16.700000762939453,137.8302,73.96,-0.0002194288256299748,-0.0023620757360018896
2022-01-14,73.97229766845703,86.05999755859375,18255.75,16.559999465942383,137.8302,74.08,0.002346842694858964,0.018823207232308237
2022-01-17,74.37899780273438,86.05999755859375,18308.099609375,16.770000457763672,137.8302,74.08,0.005498005971102504,0.0
2022-01-18,74.25509643554688,87.51000213623047,18113.05078125,17.780000686645508,137.8302,74.56,-0.0016658111946615817,0.01684876387138501
2022-01-19,74.61969757080078,88.44000244140625,17938.400390625,17.81999969482422,137.8302,74.39,0.0049101159752769075,0.010627360101397532
2022-01-20,74.44920349121094,88.37999725341797,17757.0,17.790000915527344,137.8302,74.32,-0.002284840131227761,-0.0006784846939373868
2022-01-21,74.45220184326172,87.88999938964844,17617.150390625,18.889999389648438,137.8302,74.28,4.027379622861815e-05,-0.0055442167797824515
2022-01-24,74.41320037841797,86.2699966430664,17149.099609375,22.829999923706055,137.8302,74.72,-0.0005238456872753705,-0.01843216245115631
2022-01-25,74.6447982788086,88.19999694824219,17277.94921875,21.360000610351562,137.8302,74.73,0.003112322803116463,0.02237162837922635
2022-01-26,74.77999877929688,89.95999908447266,17277.94921875,21.360000610351562,137.8302,74.87,0.001811251468364805,0.01995467343681745
2022-01-27,74.8949966430664,89.33999633789062,17110.150390625,21.06999969482422,137.8302,75.18,0.0015378158016414734,-0.006891982579944722
2022-01-28,75.20929718017578,90.02999877929688,17101.94921875,20.700000762939453,137.8302,75.0,0.0041965491848174885,0.007723331874747386
2022-01-31,75.03900146484375,91.20999908447266,17339.849609375,21.950000762939453,137.8302,74.6,-0.0022642907421945857,0.013106745764470018
2022-02-01,74.55580139160156,89.16000366210938,17576.849609375,19.979999542236328,137.72,74.78,-0.006439319071544047,-0.022475555782702217
2022-02-02,74.74549865722656,89.47000122070312,17780.0,18.649999618530273,137.72,74.77,0.0025443662610320494,0.003476867943708939
2022-02-03,74.82240295410156,91.11000061035156,17560.19921875,19.15999984741211,137.72,74.71,0.001028881982949592,0.018330159464320595
2022-02-04,74.6438980102539,93.2699966430664,17516.30078125,18.899999618530273,137.72,74.61,-0.002385715197588012,0.0237075624875962
2022-02-07,74.64219665527344,92.69000244140625,17213.599609375,20.440000534057617,137.72,74.68,-2.279295462614961e-05,-0.006218443470945245
2022-02-08,74.6583023071289,90.77999877929688,17266.75,19.68000030517578,137.72,74.71,0.00021577140782502724,-0.020606361115555916
2022-02-09,74.69519805908203,91.55000305175781,17463.80078125,18.559999465942383,137.72,74.8,0.0004941948961194598,0.00848209168115277
2022-02-10,74.80889892578125,91.41000366210938,17605.849609375,17.709999084472656,137.72,75.07,0.0015221978072712528,-0.0015292122881666037
2022-02-11,75.53839874267578,94.44000244140625,17374.75,18.68000030517578,137.72,75.34,0.009751511215507547,0.03314734337498826
2022-02-14,75.34100341796875,96.4800033569336,16842.80078125,22.979999542236328,137.72,75.63,-0.002613178568683483,0.02160102565428268
2022-02-15,75.6854019165039,93.27999877929688,17352.44921875,20.610000610351562,137.72,75.2,0.004571196067359784,-0.033167542146512075
2022-02-16,75.17479705810547,94.80999755859375,17322.19921875,20.59000015258789,137.72,75.03,-0.006746411401259866,0.016402216973832706
2022-02-17,75.04199981689453,92.97000122070312,17304.599609375,22.010000228881836,137.72,75.02,-0.001766512799606157,-0.019407197397652953
2022-02-18,75.06300354003906,93.54000091552734,17276.30078125,22.170000076293945,137.72,74.63,0.0002798929025848995,0.0061310066402073815
2022-02-21,74.68240356445312,93.54000091552734,17206.650390625,22.899999618530273,137.72,74.63,-0.005070406959973628,0.0
2022-02-22,74.51699829101562,96.83999633789062,17092.19921875,26.65999984741211,137.72,74.65,-0.0022147824058013077,0.035278975732995654
2022-02-23,74.62300109863281,96.83999633789062,17063.25,24.540000915527344,137.72,74.6,0.0014225319061189623,0.0
2022-02-24,74.63300323486328,99.08000183105469,16247.9501953125,31.979999542236328,137.72,75.61,0.0001340355665573334,0.0231309952279255
2022-02-25,75.4083023071289,97.93000030517578,16658.400390625,26.739999771118164,137.72,75.09,0.010388153211868367,-0.011606797584035378
2022-02-28,75.06800079345703,100.98999786376953,16793.900390625,28.56999969482422,137.72,75.49,-0.0045127857710662855,0.03124678391767577
2022-03-01,75.28479766845703,104.97000122070312,16793.900390625,28.56999969482422,138.8218,75.79,0.0028880065102105945,0.03940987663255946
2022-03-02,75.80120086669922,112.93000030517578,16605.94921875,29.229999542236328,138.8218,75.61,0.006859329031026373,0.07583118026012481
2022-03-03,75.63099670410156,110.45999908447266,16498.05078125,28.15999984741211,138.8218,75.94,-0.002245401928354318,-0.02187196682925996
2022-03-04,75.8917007446289,118.11000061035156,16245.349609375,27.959999084472656,138.8218,76.42,0.003447052820780838,0.0692558536056902
2022-03-07,76.41799926757812,123.20999908447266,15863.150390625,29.329999923706055,138.8218,76.91,0.006934862676489351,0.04318007321789907
2022-03-08,77.08080291748047,127.9800033569336,16013.4501953125,28.59000015258789,138.8218,77.07,0.008673397056386367,0.038714425029665156
2022-03-09,76.91449737548828,111.13999938964844,16345.349609375,27.469999313354492,138.8218,76.36,-0.00215754812738822,-0.13158308740091784
2022-03-10,76.13490295410156,109.33000183105469,16594.900390625,25.579999923706055,138.8218,76.37,-0.010135857972012996,-0.01628574382340997
2022-03-11,76.310302734375,112.66999816894531,16630.44921875,25.350000381469727,138.8218,76.48,0.002303802506705477,0.030549677873890957
2022-03-14,76.75370025634766,106.9000015258789,16871.30078125,25.68000030517578,138.8218,76.45,0.005810454238611262,-0.05121147365614109
2022-03-15,76.49009704589844,99.91000366210938,16663.0,26.729999542236328,138.8218,76.41,-0.0034344039384266445,-0.06538819236665172
2022-03-16,76.26589965820312,98.0199966430664,16975.349609375,24.1200008392334,138.8218,76.17,-0.0029310642338548076,-0.018917094883059704
2022-03-17,76.02420043945312,106.63999938964844,17287.05078125,22.610000610351562,138.8218,75.94,-0.0031691649850484893,0.08794126751474218
2022-03-18,75.98159790039062,107.93000030517578,17287.05078125,22.610000610351562,138.8218,76.03,-0.00056038128406799,0.012096782847999199
2022-03-21,75.94640350341797,115.62000274658203,17117.599609375,24.6200008392334,138.8218,76.19,-0.00046319632575764214,0.07124990660300656
2022-03-22,76.30709838867188,115.4800033569336,17315.5,24.06999969482422,138.8218,76.06,0.004749334644104319,-0.0012108578647528345
2022-03-23,76.10189819335938,121.5999984741211,17245.650390625,24.75,138.8218,76.46,-0.002689136392885816,0.0529961459930981
2022-03-24,76.55239868164062,119.02999877929688,17222.75,23.93000030517578,138.8218,76.18,0.0059197010715372755,-0.021134866176590994
2022-03-25,76.32350158691406,120.6500015258789,17153.0,23.43000030517578,138.8218,76.25,-0.002990070836035863,0.013610037496394556
2022-03-28,76.27850341796875,112.4800033569336,17222.0,22.610000610351562,138.8218,76.06,-0.000589571599962202,-0.06771651940006718
2022-03-29,76.03410339355469,110.2300033569336,17325.30078125,21.299999237060547,138.8218,75.58,-0.0032040484994162455,-0.020003555590766275
2022-03-30,75.66670227050781,113.44999694824219,17498.25,20.610000610351562,138.8218,75.76,-0.004832057019798053,0.02921158934271273
2022-03-31,75.82779693603516,107.91000366210938,17464.75,20.559999465942383,138.8218,75.87,0.002129003388457784,-0.048832026753251045
2022-04-01,75.9092025756836,104.38999938964844,17670.44921875,18.43000030517578,140.6947,75.96,0.001073559340212693,-0.032619814224850385
2022-04-04,75.99479675292969,107.52999877929688,18053.400390625,17.90999984741211,140.6947,75.42,0.001127586304977335,0.03007950386059499
2022-04-05,75.47799682617188,106.63999938964844,17957.400390625,18.489999771118164,140.6947,75.31,-0.006800464621781965,-0.0082767543918153
2022-04-06,75.45069885253906,101.06999969482422,17807.650390625,19.020000457763672,140.6947,75.92,-0.00036166796656889044,-0.05223180538919714
2022-04-07,75.94509887695312,100.58000183105469,17639.55078125,19.0,140.6947,75.9,0.006552623526792312,-0.004848103940329085
2022-04-08,75.91320037841797,102.77999877929688,17784.349609375,17.690000534057617,140.6947,75.93,-0.00042002050174216876,0.02187310507249296
2022-04-11,75.91729736328125,98.4800033569336,17674.94921875,18.270000457763672,140.6947,75.85,5.396933396117909e-05,-0.041836889214182715
2022-04-12,75.83699798583984,104.63999938964844,17530.30078125,18.15999984741211,140.6947,76.02,-0.0010577217607886658,0.06255072931291839
2022-04-13,76.1498031616211,108.77999877929688,17475.650390625,17.790000915527344,140.6947,76.14,0.004124704090207487,0.03956421458138881
2022-04-14,76.12169647216797,111.69999694824219,17475.650390625,17.790000915527344,140.6947,76.19,-0.00036909733559609137,0.02684315316889907
2022-04-15,76.30879974365234,111.69999694824219,17475.650390625,17.790000915527344,140.6947,76.32,0.0024579493121621443,0.0
2022-04-18,76.3313980102539,113.16000366210938,17173.650390625,19.34000015258789,140.6947,76.22,0.00029614234108610304,0.01307078562001851
2022-04-19,76.28019714355469,107.25,16958.650390625,19.770000457763672,140.6947,76.39,-0.0006707707186541789,-0.05222696598487553
2022-04-20,76.44539642333984,106.80000305175781,17136.55078125,18.670000076293945,140.6947,76.24,0.002165690257384334,-0.004195775741185903
2022-04-21,76.27619934082031,108.33000183105469,17392.599609375,17.850000381469727,140.6947,76.23,-0.0022133063655337404,0.014325830857470967
2022-04-22,76.28520202636719,106.6500015258789,17171.94921875,18.350000381469727,140.6947,76.49,0.00011802745318556518,-0.015508172037103973
2022-04-25,76.4635009765625,102.31999969482422,16953.94921875,21.260000228881836,140.6947,76.72,0.002337267850895719,-0.040600110352591035
2022-04-26,76.52780151367188,104.98999786376953,17200.80078125,19.190000534057617,140.6947,76.61,0.0008409311146906351,0.026094587342736064
2022-04-27,76.79409790039062,105.31999969482422,17038.400390625,20.610000610351562,140.6947,76.61,0.003479733919589778,0.003143173995325599
2022-04-28,76.47219848632812,107.58999633789062,17245.05078125,19.3799991607666,140.6947,76.66,-0.004191720755415851,0.02155332937375576
2022-04-29,76.58899688720703,109.33999633789062,17102.55078125,19.420000076293945,140.6947,76.48,0.0015273315425838874,0.01626545273320823
2022-05-02,76.52310180664062,107.58000183105469,17069.099609375,20.280000686645508,142.127,76.49,-0.0008603726807318024,-0.016096529776689183
2022-05-03,76.52410125732422,104.97000122070312,17069.099609375,20.280000686645508,142.127,76.49,1.3060770669204302e-05,-0.024261020319095605
2022-05-04,76.46730041503906,110.13999938964844,16677.599609375,21.8799991607666,142.127,76.24,-0.0007422608217789728,0.049252149269534806
2022-05-05,76.00160217285156,110.9000015258789,16682.650390625,20.290000915527344,142.127,76.54,-0.0060901619340534285,0.006900328131851152
2022-05-06,76.54180145263672,112.38999938964844,16411.25,21.25,142.127,76.9,0.007107735420584627,0.013435508054721046
2022-05-09,76.9574966430664,105.94000244140625,16301.849609375,22.030000686645508,142.127,77.45,0.00543095645177516,-0.057389420618114695
2022-05-10,77.3655014038086,102.45999908447266,16240.0498046875,22.299999237060547,142.127,77.31,0.005301689614912286,-0.032848813259734766
2022-05-11,77.27140045166016,107.51000213623047,16167.099609375,22.799999237060547,142.127,77.28,-0.0012163167101739703,0.04928755706501975
2022-05-12,77.41840362548828,107.44999694824219,15808.0,24.270000457763672,142.127,77.39,0.0019024266801024314,-0.000558135864533349
2022-05-13,77.44380187988281,111.55000305175781,15782.150390625,23.489999771118164,142.127,77.42,0.000328064816699003,0.03815734034399809
2022-05-16,77.48629760742188,114.23999786376953,15842.2998046875,24.530000686645508,142.127,77.82,0.0005487298725981304,0.024114699582424848
2022-05-17,77.8053970336914,111.93000030517578,16259.2998046875,22.739999771118164,142.127,77.46,0.004118140059887976,-0.0202205672425555
2022-05-18,77.37239837646484,109.11000061035156,16240.2998046875,22.299999237060547,142.127,77.71,-0.0055651493821060605,-0.025194315082064933
2022-05-19,77.81999969482422,112.04000091552734,15809.400390625,24.559999465942383,142.127,77.45,0.005785025768252794,0.02685363659413098
2022-05-20,77.42109680175781,112.55000305175781,16266.150390625,23.100000381469727,142.127,77.79,-0.0051259688335997255,0.0045519647631473426
2022-05-23,77.81839752197266,113.41999816894531,16214.7001953125,23.399999618530273,142.127,77.51,0.005131685504690786,0.007729854230100974
2022-05-24,77.52680206298828,113.55999755859375,16125.150390625,25.639999389648438,142.127,77.5,-0.003747127520867255,0.0012343448413736358
2022-05-25,77.47879791259766,114.02999877929688,16025.7998046875,25.280000686645508,142.127,77.58,-0.0006191942542866924,0.0041387920993976035
2022-05-26,77.49729919433594,117.4000015258789,16170.150390625,22.719999313354492,142.127,77.66,0.00023879154345096687,0.02955365064157034
2022-05-27,77.63020324707031,119.43000030517578,16352.4501953125,21.479999542236328,142.127,77.58,0.0017149507675242592,0.017291301132133174
2022-05-30,77.69200134277344,119.43000030517578,16661.400390625,19.979999542236328,142.127,77.58,0.000796057373525727,0.0
2022-05-31,77.5208969116211,122.83999633789062,16584.55078125,20.479999542236328,142.127,77.59,-0.002202342946443614,0.02855225675292128
2022-06-01,77.5989990234375,116.29000091552734,16522.75,20.850000381469727,142.3474,77.59,0.0010074975255438545,-0.05332135800742366
2022-06-02,77.58409881591797,117.61000061035156,16628.0,20.31999969482422,142.3474,77.41,-0.0001920154603415325,0.011350930298668294
2022-06-03,77.3604965209961,119.72000122070312,16584.30078125,19.979999542236328,142.3474,77.59,-0.00288206344256714,0.017940656401678856
2022-06-06,77.69419860839844,119.51000213623047,16569.55078125,20.200000762939453,142.3474,77.83,0.004313598055976531,-0.0017540852182712507
2022-06-07,77.82099914550781,120.56999969482422,16416.349609375,20.43000030517578,142.3474,77.66,0.0016320463996093437,0.008869530078206012
2022-06-08,77.67060089111328,123.58000183105469,16356.25,19.84000015258789,142.3474,77.65,-0.0019326178800830318,0.024964768548138894
2022-06-09,77.72429656982422,123.06999969482422,16478.099609375,19.139999389648438,142.3474,77.84,0.0006913256508238597,-0.004126898597458295
2022-06-10,77.8187026977539,122.01000213623047,16201.7998046875,19.579999923706055,142.3474,78.08,0.0012146282706446687,-0.008612964664192924
2022-06-13,78.17759704589844,122.2699966430664,15774.400390625,22.3700008392334,142.3474,78.08,0.004611929211136623,0.002130927811521799
2022-06-14,78.16059875488281,121.16999816894531,15732.099609375,21.889999389648438,142.3474,78.01,-0.0002174317407791504,-0.00899647096034717
2022-06-15,77.9854965209961,118.51000213623047,15692.150390625,22.149999618530273,142.3474,78.12,-0.002240287775121197,-0.021952596128672508
2022-06-16,77.90019989013672,119.80999755859375,15360.599609375,22.8700008392334,142.3474,78.0,-0.0010937499235695869,0.010969499611255706
2022-06-17,77.97769927978516,113.12000274658203,15293.5,22.760000228881836,142.3474,78.0,0.0009948548239637756,-0.05583836865316638
2022-06-20,77.9614028930664,113.12000274658203,15350.150390625,22.40999984741211,142.3474,78.0,-0.00020898778585753952,0.0
2022-06-21,77.93399810791016,114.6500015258789,15638.7998046875,21.139999389648438,142.3474,78.08,-0.0003515173424193385,0.013525448569202014
2022-06-22,78.13490295410156,111.73999786376953,15413.2998046875,21.299999237060547,142.3474,78.21,0.002577884505722716,-0.025381627766071335
2022-06-23,78.19309997558594,110.05000305175781,15556.650390625,20.8799991607666,142.3474,78.14,0.0007448274623000906,-0.015124349779137458
2022-06-24,78.14240264892578,113.12000274658203,15699.25,20.549999237060547,142.3474,78.25,-0.0006483606184687352,0.027896407175748594
2022-06-27,78.2522964477539,115.08999633789062,15832.0498046875,21.010000228881836,142.3474,78.45,0.0014063273600870563,0.01741507729381775
2022-06-28,78.44110107421875,117.9800033569336,15850.2001953125,21.450000762939453,142.3474,78.97,0.002412767867980836,0.02511084465202562
2022-06-29,79.07319641113281,116.26000213623047,15799.099609375,21.899999618530273,142.3474,78.91,0.008058216015045305,-0.014578752091568226
2022-06-30,78.89830017089844,114.80999755859375,15780.25,21.84000015258789,142.3474,79.02,-0.002211827119331544,-0.012472084560411711
2022-07-01,78.96299743652344,111.62999725341797,15752.0498046875,21.25,143.1186,78.89,0.0008200083586700213,-0.027697938966968927
2022-07-04,78.95069885253906,111.62999725341797,15835.349609375,20.969999313354492,143.1186,78.89,-0.00015575123011590808,0.0
2022-07-05,78.93949890136719,102.7699966430664,15810.849609375,20.790000915527344,143.1186,79.27,-0.00014186006374428128,-0.07936935257857203
2022-07-06,79.36840057373047,100.69000244140625,15989.7998046875,20.270000457763672,143.1186,79.02,0.00543329611072374,-0.020239313706355788
2022-07-07,79.04389953613281,104.6500015258789,16132.900390625,19.200000762939453,143.1186,79.12,-0.004088541979577975,0.03932862239006374
2022-07-08,79.22160339355469,107.0199966430664,16220.599609375,18.399999618530273,143.1186,79.25,0.0022481666322731186,0.022646871310378458
2022-07-11,79.3313980102539,107.0999984741211,16216.0,18.3700008392334,143.1186,79.46,0.0013859176284753971,0.0007475409602328842
2022-07-12,79.47779846191406,99.48999786376953,16058.2998046875,18.549999237060547,143.1186,79.45,0.0018454288633769078,-0.07105509541338029
2022-07-13,79.47640228271484,99.56999969482422,15966.650390625,18.520000457763672,143.1186,79.68,-1.7566908321997587e-05,0.0008041193363399479
2022-07-14,79.80750274658203,99.0999984741211,15938.650390625,18.34000015258789,143.1186,79.94,0.004166022295390093,-0.004720309552512347
2022-07-15,79.87830352783203,101.16000366210938,16049.2001953125,17.600000381469727,143.1186,79.74,0.0008871444264435535,0.020787136424893493
2022-07-18,79.72049713134766,106.2699966430664,16278.5,17.15999984741211,143.1186,79.99,-0.0019755852279635944,0.0505139659546201
2022-07-19,80.0302963256836,107.3499984741211,16340.5498046875,17.200000762939453,143.1186,79.88,0.003886067015180794,0.010162810437287728
2022-07-20,79.85590362548828,106.91999816894531,16520.849609375,16.81999969482422,143.1186,79.96,-0.002179083524639469,-0.004005592093971444
2022-07-21,80.00340270996094,103.86000061035156,16605.25,16.860000610351562,143.1186,79.85,0.0018470654989317659,-0.02861950627569798
2022-07-22,79.7759017944336,103.19999694824219,16719.44921875,16.649999618530273,143.1186,79.83,-0.002843640493043864,-0.006354743483831582
2022-07-25,79.87680053710938,105.1500015258789,16631.0,17.68000030517578,143.1186,79.79,0.0012647772122436063,0.01889539375291549
2022-07-26,79.72250366210938,104.4000015258789,16483.849609375,18.170000076293945,143.1186,79.82,-0.001931685720540588,-0.0071326675141836215
2022-07-27,79.84120178222656,106.62000274658203,16641.80078125,18.1299991607666,143.1186,79.92,0.0014888910240484776,0.021264379197856842
2022-07-28,79.84739685058594,107.13999938964844,16929.599609375,17.010000228881836,143.1186,79.64,7.759237362514604e-05,0.0048771021353501975
2022-07-29,79.57150268554688,110.01000213623047,17158.25,16.549999237060547,143.1186,79.33,-0.00345526812295871,0.026787406784877454
2022-08-01,79.1948013305664,100.02999877929688,17340.05078125,17.489999771118164,143.4492,78.93,-0.004734123929632572,-0.09071905429630744
2022-08-02,78.95570373535156,100.54000091552734,17345.44921875,18.530000686645508,143.4492,78.49,-0.0030191072039795763,0.005098491876978972
2022-08-03,78.60449981689453,96.77999877929688,17388.150390625,18.450000762939453,143.4492,79.13,-0.004448113332435333,-0.03739807143417062
2022-08-04,79.11830139160156,94.12000274658203,17382.0,19.260000228881836,143.4492,79.23,0.006536541494493342,-0.027484976919465165
2022-08-05,79.15489959716797,94.91999816894531,17397.5,18.920000076293945,143.4492,79.36,0.00046257572423424875,0.008499738621101205
2022-08-08,79.41059875488281,96.6500015258789,17525.099609375,19.299999237060547,143.4492,79.58,0.003230364248026918,0.018225910138076618
2022-08-09,79.60189819335938,96.30999755859375,17525.099609375,19.299999237060547,143.4492,79.65,0.002408991261570126,-0.003517888897230037
2022-08-10,79.57839965820312,97.4000015258789,17534.75,19.59000015258789,143.4492,79.07,-0.00029520068854604897,0.011317661664584922
2022-08-11,79.0978012084961,99.5999984741211,17659.0,18.360000610351562,143.4492,79.54,-0.006039307799242555,0.022587237307770014
2022-08-12,79.61399841308594,98.1500015258789,17698.150390625,17.610000610351562,143.4492,79.65,0.006526062630100027,-0.014558202514620922
2022-08-15,79.62760162353516,95.0999984741211,17698.150390625,17.610000610351562,143.4492,79.48,0.0001708645554847621,-0.03107491598921297
2022-08-16,79.55290222167969,92.33999633789062,17825.25,17.68000030517578,143.4492,79.31,-0.0009381094034282,-0.029022104947578176
2022-08-17,79.14600372314453,93.6500015258789,17944.25,17.68000030517578,143.4492,79.41,-0.005114816520474741,0.01418675806737868
2022-08-18,79.35970306396484,96.58999633789062,17956.5,17.350000381469727,143.4492,79.66,0.0027000648266188865,0.031393430476339024
2022-08-19,79.7667007446289,96.72000122070312,17758.44921875,18.290000915527344,143.4492,79.89,0.005128518189338793,0.0013459456231650346
2022-08-22,79.91790008544922,96.4800033569336,17490.69921875,19.040000915527344,143.4492,79.86,0.001895519551502689,-0.0024813674600963065
2022-08-23,79.88379669189453,100.22000122070312,17577.5,19.049999237060547,143.4492,79.81,-0.0004267303510004927,0.038764487288968974
2022-08-24,79.85449981689453,101.22000122070312,17604.94921875,18.43000030517578,143.4492,79.82,-0.0003667436478137498,0.009978048172218701
2022-08-25,79.79679870605469,99.33999633789062,17522.44921875,19.56999969482422,143.4492,79.9,-0.0007225780760277134,-0.018573452481128516
2022-08-26,79.88289642333984,100.98999786376953,17558.900390625,18.219999313354492,143.4492,79.87,0.0010789620471156613,0.016609639487670913
2022-08-29,79.95909881591797,105.08999633789062,17312.900390625,19.81999969482422,143.4492,79.96,0.0009539262594371323,0.040598064767283004
2022-08-30,79.96790313720703,99.30999755859375,17759.30078125,18.700000762939453,143.4492,79.6,0.00011011031163987717,-0.05500046608349607
2022-08-31,79.68229675292969,96.48999786376953,17759.30078125,18.700000762939453,143.4492,79.45,-0.003571512732893689,-0.028395929555434685
2022-09-01,79.54879760742188,92.36000061035156,17542.80078125,19.8700008392334,144.6611,79.65,-0.0016753927904682442,-0.04280233542184286
2022-09-02,79.716796875,93.0199966430664,17539.44921875,19.549999237060547,144.6611,79.7,0.0021119020353672635,0.007145907626172843
2022-09-05,79.72450256347656,93.0199966430664,17665.80078125,19.65999984741211,144.6611,79.7,9.666329780722016e-05,0.0
2022-09-06,79.78299713134766,92.83000183105469,17655.599609375,19.520000457763672,144.6611,79.86,0.0007337087845047385,-0.0020425157908869895
2022-09-07,79.89510345458984,88.0,17624.400390625,19.3700008392334,144.6611,79.82,0.0014051405346131585,-0.052030612256638964
2022-09-08,79.6498031616211,89.1500015258789,17798.75,18.309999465942383,144.6611,79.71,-0.0030702794334345196,0.013068199157714844
2022-09-09,79.706298828125,92.83999633789062,17833.349609375,17.719999313354492,144.6611,79.61,0.0007093007673761864,0.04139085528720465
2022-09-12,79.65579986572266,94.0,17936.349609375,17.940000534057617,144.6611,79.35,-0.000633563007501281,0.01249465432858865
2022-09-13,79.35530090332031,93.16999816894531,18070.05078125,17.469999313354492,144.6611,79.49,-0.0037724680802766475,-0.008829806713347765
2022-09-14,79.60240173339844,94.0999984741211,18003.75,18.280000686645508,144.6611,79.41,0.0031138541126467523,0.009981757255049128
2022-09-15,79.45369720458984,90.83999633789062,17877.400390625,18.389999389648438,144.6611,79.82,-0.0018680909818101776,-0.03464401901267855
2022-09-16,79.8490982055664,91.3499984741211,17530.849609375,19.81999969482422,144.6611,79.66,0.004976495932699221,0.005614290585541859
2022-09-19,79.68949890136719,92.0,17622.25,19.940000534057617,144.6611,79.71,-0.001998761511223801,0.007115506696620866
2022-09-20,79.7074966430664,90.62000274658203,17816.25,18.799999237060547,144.6611,79.72,0.00022584834824335154,-0.01499997014584753
2022-09-21,79.76270294189453,89.83000183105469,17718.349609375,19.329999923706055,144.6611,79.96,0.0006926111238361177,-0.008717732195799743
2022-09-22,80.05069732666016,90.45999908447266,17629.80078125,18.81999969482422,144.6611,81.0,0.0036106397369133347,0.007013216526509991
2022-09-23,81.06220245361328,86.1500015258789,17327.349609375,20.59000015258789,144.6611,81.11,0.012635806566750007,-0.04764534161192091
2022-09-26,81.25479888916016,84.05999755859375,17016.30078125,21.889999389648438,144.6611,81.6,0.0023759092365778223,-0.024260057228871146
2022-09-27,81.61579895019531,86.2699966430664,17007.400390625,21.56999969482422,144.6611,81.63,0.004442815267164724,0.02629073457838471
2022-09-28,81.72460174560547,89.31999969482422,16858.599609375,22.100000381469727,144.6611,81.61,0.0013331094813706645,0.035354157533781905
2022-09-29,81.42870330810547,88.48999786376953,16818.099609375,21.299999237060547,144.6611,81.54,-0.0036206776317011524,-0.009292452237914417
2022-09-30,81.48059844970703,87.95999908447266,17094.349609375,19.969999313354492,144.6611,81.37,0.000637307724343783,-0.005989363680546256
2022-10-03,81.52130126953125,88.86000061035156,16887.349609375,21.3700008392334,145.9832,81.56,0.0004995400205527467,0.010231941055554028
2022-10-04,81.49500274658203,91.80000305175781,17274.30078125,19.56999969482422,145.9832,81.45,-0.0003225969475422197,0.033085780117176444
2022-10-05,81.46549987792969,93.37000274658203,17274.30078125,19.56999969482422,145.9832,81.5,-0.00036202058602397,0.01710239262126212
2022-10-06,81.6488037109375,94.41999816894531,17331.80078125,19.31999969482422,145.9832,82.06,0.002250079276288508,0.011245532735102204
2022-10-07,82.3489990234375,97.91999816894531,17314.650390625,18.809999465942383,145.9832,82.32,0.008575695915630455,0.03706841842696784
2022-10-10,82.8322982788086,96.19000244140625,17241.0,19.6200008392334,145.9832,82.32,0.005868914754307397,-0.017667440358344666
2022-10-11,82.42070007324219,94.29000091552734,16983.55078125,20.489999771118164,145.9832,82.22,-0.004969054512781845,-0.01975258839437377
2022-10-12,82.2739028930664,92.44999694824219,17123.599609375,20.18000030517578,145.9832,82.25,-0.0017810717458761616,-0.019514306389004976
2022-10-13,82.19999694824219,94.56999969482422,17014.349609375,20.290000915527344,145.9832,82.28,-0.0008982914657673646,0.022931344689701927
2022-10-14,82.19210052490234,91.62999725341797,17185.69921875,18.260000228881836,145.9832,82.28,-9.606354784674753e-05,-0.031088108817739157
2022-10-17,82.41280364990234,91.62000274658203,17311.80078125,18.420000076293945,145.9832,82.16,0.002685210909449065,-0.00010907461677966968
2022-10-18,82.1947021484375,90.02999877929688,17486.94921875,17.450000762939453,145.9832,82.29,-0.0026464516653427195,-0.017354332237721648
2022-10-19,82.2863998413086,92.41000366210938,17512.25,17.489999771118164,145.9832,82.95,0.0011156156111558069,0.026435687160753396
2022-10-20,82.99700164794922,92.37999725341797,17563.94921875,17.229999542236328,145.9832,82.66,0.008635713896962827,-0.0003247095282142842
2022-10-21,82.82569885253906,93.5,17576.30078125,17.280000686645508,145.9832,82.58,-0.0020639636614437906,0.012123866420017615
2022-10-24,82.54129791259766,93.26000213623047,17730.75,17.420000076293945,145.9832,82.68,-0.0034337282254357504,-0.0025668220724014423
2022-10-25,82.7614974975586,93.5199966430664,17656.349609375,16.8799991607666,145.9832,82.44,0.002667750453767992,0.00278784581686109
2022-10-26,82.44529724121094,95.69000244140625,17656.349609375,16.8799991607666,145.9832,82.73,-0.0038206202873140027,0.02320365564834237
2022-10-27,82.04959869384766,96.95999908447266,17736.94921875,16.600000381469727,145.9832,82.36,-0.004799528421925436,0.01327198882499836
2022-10-28,82.44249725341797,95.7699966430664,17786.80078125,15.920000076293945,145.9832,82.33,0.004788549436254286,-0.012273127605637701
2022-10-31,82.23919677734375,94.83000183105469,18012.19921875,15.800000190734863,145.9832,82.73,-0.002465966981195389,-0.009815128380082028
2022-11-01,82.72899627685547,94.6500015258789,18145.400390625,16.1299991607666,145.9832,82.62,0.005955791383004616,-0.0018981366835409963
2022-11-02,82.68450164794922,96.16000366210938,18082.849609375,16.65999984741211,145.9832,82.72,-0.0005378359572664193,0.015953535255016416
2022-11-03,82.88839721679688,94.66999816894531,18052.69921875,15.9399995803833,145.9832,82.76,0.002465946637929761,-0.015495064854611496
2022-11-04,82.68180084228516,98.56999969482422,18117.150390625,15.65999984741211,145.9832,82.03,-0.0024924643430052074,0.04119574945928561
2022-11-07,81.9749984741211,97.91999816894531,18202.80078125,15.59000015258789,145.9832,81.95,-0.00854846363968631,-0.006594313968665277
2022-11-08,81.82599639892578,95.36000061035156,18202.80078125,15.59000015258789,145.9832,81.27,-0.0018176526742156307,-0.02614376640588656
2022-11-09,81.40519714355469,92.6500015258789,18157.0,15.920000076293945,145.9832,81.25,-0.005142610831398553,-0.028418614378432405
2022-11-10,81.34380340576172,93.66999816894531,18028.19921875,15.569999694824219,145.9832,80.72,-0.0007541746712400599,0.011009137898195354
2022-11-11,80.48290252685547,95.98999786376953,18349.69921875,14.40999984741211,145.9832,80.72,-0.010583484455624403,0.024767799083755815
2022-11-14,80.49700164794922,93.13999938964844,18329.150390625,14.90999984741211,145.9832,80.98,0.00017518156839635424,-0.02969057753460791
2022-11-15,80.99199676513672,93.86000061035156,18403.400390625,14.640000343322754,145.9832,80.94,0.00614923670514278,0.007730311632180964
2022-11-16,81.07140350341797,92.86000061035156,18409.650390625,15.100000381469727,145.9832,81.46,0.000980426973686166,-0.0106541657095377
2022-11-17,81.49530029296875,89.77999877929688,18343.900390625,14.880000114440918,145.9832,81.69,0.0052286844834616986,-0.03316822970935174
2022-11-18,81.52490234375,87.62000274658203,18307.650390625,14.390000343322754,145.9832,81.76,0.00036323629307255523,-0.024058766563638367
2022-11-21,81.5198974609375,87.44999694824219,18159.94921875,14.800000190734863,145.9832,81.68,-6.139084707390552e-05,-0.0019402624173791017
2022-11-22,81.72769927978516,88.36000061035156,18244.19921875,13.84000015258789,145.9832,81.69,0.0025490932314682357,0.010405988494750495
2022-11-23,81.71499633789062,85.41000366210938,18267.25,14.039999961853027,145.9832,81.71,-0.00015543006846485685,-0.033386112809698054
2022-11-24,81.63289642333984,85.41000366210938,18484.099609375,13.479999542236328,145.9832,81.71,-0.0010047104966057763,0.0
2022-11-25,81.65540313720703,83.62999725341797,18512.75,13.329999923706055,145.9832,81.73,0.0002757064229408357,-0.020840725118491887
2022-11-28,81.6697006225586,83.19000244140625,18562.75,13.569999694824219,145.9832,81.61,0.0001750953984946957,-0.0052612080170041375
2022-11-29,81.65029907226562,83.02999877929688,18618.05078125,13.619999885559082,145.9832,81.61,-0.00023756117807549604,-0.0019233520544980065
2022-11-30,81.63089752197266,85.43000030517578,18758.349609375,13.8100004196167,145.9832,81.43,-0.00023761762679885834,0.028905233784940476
2022-12-01,81.3052978515625,86.87999725341797,18812.5,13.359999656677246,145.7628,81.17,-0.003988681740544564,0.016972924535437972
2022-12-02,81.16220092773438,85.56999969482422,18696.099609375,13.449999809265137,145.7628,81.41,-0.0017599950754669802,-0.015078241252386881
2022-12-05,81.42250061035156,82.68000030517578,18701.05078125,13.729999542236328,145.7628,81.77,0.0032071540648455077,-0.03377351174424792
2022-12-06,81.89900207519531,79.3499984741211,18642.75,14.039999961853027,145.7628,82.42,0.005852208680301452,-0.04027578397149845
2022-12-07,82.37220001220703,77.16999816894531,18560.5,14.079999923706055,145.7628,82.31,0.005777822989555537,-0.027473224286031384
2022-12-08,82.25350189208984,76.1500015258789,18609.349609375,13.399999618530273,145.7628,82.29,-0.0014409973279770893,-0.013217528408298818
2022-12-09,82.2791976928711,76.0999984741211,18496.599609375,13.479999542236328,145.7628,82.46,0.0003123976510441828,-0.0006566388805759882
2022-12-12,82.41300201416016,77.98999786376953,18497.150390625,13.319999694824219,145.7628,82.67,0.0016262229705803488,0.024835734921744512
2022-12-13,82.64469909667969,80.68000030517578,18608.0,12.880000114440918,145.7628,82.49,0.0028114141804920223,0.03449163373622688
2022-12-14,82.40249633789062,82.69999694824219,18660.30078125,12.890000343322754,145.7628,82.5,-0.002930650863713913,0.025037142233833354
2022-12-15,82.50800323486328,81.20999908447266,18414.900390625,13.729999542236328,145.7628,82.75,0.001280384717230243,-0.018016903491569036
2022-12-16,82.85790252685547,79.04000091552734,18269.0,14.069999694824219,145.7628,82.71,0.004240792144686534,-0.026720824940388632
2022-12-19,82.72599792480469,79.80000305175781,18420.44921875,13.550000190734863,145.7628,82.65,-0.0015919374981526735,0.0096154115312157
2022-12-20,82.58190155029297,79.98999786376953,18385.30078125,13.779999732971191,145.7628,82.58,-0.0017418511486884114,0.002380887277516619
2022-12-21,82.63690185546875,82.19999694824219,18199.099609375,15.5600004196167,145.7628,82.81,0.0006660091877672691,0.027628442849023438
2022-12-22,82.87860107421875,80.9800033569336,18127.349609375,15.1899995803833,145.7628,82.93,0.0029248339824348157,-0.014841771734818598
2022-12-23,82.8749008178711,83.91999816894531,17806.80078125,16.15999984741211,145.7628,82.86,-4.464670372927859e-05,0.03630519498811546
2022-12-26,82.6041030883789,83.91999816894531,18014.599609375,16.15999984741211,145.7628,82.86,-0.0032675481577625343,0.0
2022-12-27,82.90290069580078,84.33000183105469,18132.30078125,15.289999961853027,145.7628,82.88,0.003617224765483984,0.004885649083117949
2022-12-28,82.7761001586914,83.26000213623047,18122.5,15.399999618530273,145.7628,82.74,-0.001529506640239875,-0.012688244653045744
2022-12-29,82.85199737548828,82.26000213623047,18191.0,14.8100004196167,145.7628,82.83,0.0009168977114333288,-0.012010568992825599
2022-12-30,82.83509826660156,85.91000366210938,18105.30078125,14.869999885559082,145.7628,82.72,-0.0002039674289339155,0.044371522381365214
2023-01-02,82.74980163574219,85.91000366210938,18197.44921875,14.6899995803833,146.3137,82.72,-0.001029716058099539,0.0
2023-01-03,82.70600128173828,82.0999984741211,18232.55078125,14.390000343322754,146.3137,82.86,-0.0005293106827821692,-0.04434879554857574
2023-01-04,82.78569793701172,77.83999633789062,18042.94921875,15.199999809265137,146.3137,82.72,0.0009636139341564487,-0.05188796851894306
2023-01-05,82.66649627685547,78.69000244140625,17992.150390625,14.979999542236328,146.3137,82.57,-0.0014398822879641004,0.010919914484911919
2023-01-06,82.64520263671875,78.56999969482422,17859.44921875,15.029999732971191,146.3137,82.72,-0.00025758488741800534,-0.0015250062632974348
2023-01-09,82.27339935302734,79.6500015258789,18101.19921875,14.649999618530273,146.3137,82.36,-0.004498788457519165,0.013745727825500209
2023-01-10,82.18009948730469,80.0999984741211,17914.150390625,15.510000228881836,146.3137,81.6,-0.001134022253320488,0.00564967909129277
2023-01-11,81.63739776611328,82.66999816894531,17895.69921875,15.4399995803833,146.3137,81.6,-0.0066038094937478364,0.03208489068391862
2023-01-12,81.63179779052734,84.02999877929688,17858.19921875,15.279999732971191,146.3137,81.19,-6.859571396411468e-05,0.01645095730584445
2023-01-13,81.1156005859375,85.27999877929688,17956.599609375,14.460000038146973,146.3137,81.31,-0.006323482007764225,0.014875639868603407
2023-01-16,81.27799987792969,85.27999877929688,17894.849609375,15.020000457763672,146.3137,81.31,0.0020020722378815137,0.0
2023-01-17,81.65260314941406,85.91999816894531,18053.30078125,14.59000015258789,146.3137,81.57,0.004608913507308188,0.007504683381911681
2023-01-18,81.52549743652344,84.9800033569336,18165.349609375,14.369999885559082,146.3137,81.33,-0.0015566645518703126,-0.010940349534963922
2023-01-19,81.43599700927734,86.16000366210938,18107.849609375,13.960000038146973,146.3137,81.28,-0.0010978212959176226,0.013885623188546248
2023-01-20,81.23979949951172,87.62999725341797,18027.650390625,13.789999961853027,146.3137,80.99,-0.0024092234020696157,0.017061206230601034
2023-01-23,80.97599792480469,88.19000244140625,18118.55078125,13.619999885559082,146.3137,81.41,-0.003247196279806408,0.006390564938268728
2023-01-24,81.48799896240234,86.12999725341797,18118.30078125,13.65999984741211,146.3137,81.53,0.006322874070327611,-0.02335871562490266
2023-01-25,81.60189819335938,86.12000274658203,17891.94921875,14.65999984741211,146.3137,81.49,0.001397742396516355,-0.0001160397904870214
2023-01-26,81.50270080566406,87.47000122070312,17891.94921875,14.65999984741211,146.3137,81.59,-0.001215625982869395,0.015675782989622356
2023-01-27,81.44509887695312,86.66000366210938,17604.349609375,17.31999969482422,146.3137,81.54,-0.0007067487106749981,-0.009260289782664799
2023-01-30,81.50800323486328,84.9000015258789,17648.94921875,17.709999084472656,146.3137,81.47,0.0007723528951102399,-0.020309278350515436
2023-01-31,81.57990264892578,84.48999786376953,17662.150390625,16.8799991607666,146.3137,81.69,0.0008821147765738502,-0.004829253883869455
2023-02-01,81.76840209960938,82.83999633789062,17616.30078125,16.780000686645508,146.2036,81.73,0.0023106113707291875,-0.01952895688954026
2023-02-02,81.71029663085938,82.16999816894531,17610.400390625,15.729999542236328,146.2036,82.03,-0.0007106103000424913,-0.008087858505117507
2023-02-03,82.0458984375,79.94000244140625,17854.05078125,14.399999618530273,146.2036,82.21,0.004107215620043236,-0.027138807073526894
2023-02-06,82.22599792480469,80.98999786376953,17764.599609375,14.6899995803833,146.2036,82.77,0.0021951065285961135,0.013134793473804196
2023-02-07,82.75499725341797,83.69000244140625,17721.5,14.130000114440918,146.2036,82.81,0.006433480188310359,0.03333750646812339
2023-02-08,82.74189758300781,85.08999633789062,17871.69921875,13.600000381469727,146.2036,82.65,-0.00015829461476557505,0.01672832901952126
2023-02-09,82.65950012207031,84.5,17893.44921875,13.039999961853027,146.2036,82.44,-0.0009958372160226991,-0.006933792023538943
2023-02-10,82.533203125,86.38999938964844,17856.5,12.75,146.2036,82.47,-0.0015279187133214744,0.02236685668222993
2023-02-13,82.51300048828125,86.61000061035156,17770.900390625,13.680000305175781,146.2036,82.72,-0.00024478192962107403,0.002546605188765483
2023-02-14,82.59739685058594,85.58000183105469,17929.849609375,13.449999809265137,146.2036,82.86,0.0010228250312709353,-0.011892377000789156
2023-02-15,82.86759948730469,85.37999725341797,18015.849609375,12.859999656677246,146.2036,82.78,0.003271321458320653,-0.0023370480644713254
2023-02-16,82.73770141601562,85.13999938964844,18035.849609375,12.890000343322754,146.2036,82.74,-0.0015675375187977902,-0.0028109378249004946
2023-02-17,82.69529724121094,83.0,17944.19921875,13.09000015258789,146.2036,82.73,-0.0005125133292194217,-0.02513506465808857
2023-02-20,82.75800323486328,83.0,17844.599609375,13.380000114440918,146.2036,82.73,0.0007582776257450963,0.0
2023-02-21,82.69750213623047,83.05000305175781,17826.69921875,14.010000228881836,146.2036,82.85,-0.0007310603961905304,0.0006024464067206914
2023-02-22,82.86119842529297,80.5999984741211,17554.30078125,15.59000015258789,146.2036,82.78,0.0019794586877948106,-0.029500355058504235
2023-02-23,82.83529663085938,82.20999908447266,17511.25,15.079999923706055,146.2036,82.59,-0.00031259256353799447,0.01997519405497883
2023-02-24,82.6178970336914,83.16000366210938,17465.80078125,14.1899995803833,146.2036,82.97,-0.002624480215683511,0.01155582761484486
2023-02-27,82.91799926757812,82.44999694824219,17392.69921875,13.880000114440918,146.2036,82.69,0.0036324119187436388,-0.008537838896112149
2023-02-28,82.6520004272461,83.88999938964844,17303.94921875,14.020000457763672,146.2036,82.57,-0.0032079746578742574,0.017465160639244193
2023-03-01,82.6353988647461,84.30999755859375,17450.900390625,13.0,146.8646,82.43,-0.00020086098841143318,0.005006534414126351
2023-03-02,82.4198989868164,84.75,17321.900390625,12.970000267028809,146.8646,82.41,-0.002607839750158547,0.005218864359478381
2023-03-03,82.35569763183594,85.83000183105469,17594.349609375,12.180000305175781,146.8646,81.98,-0.0007789545458037894,0.01274338443722356
2023-03-06,81.7125015258789,86.18000030517578,17711.44921875,12.270000457763672,146.8646,81.77,-0.007809977019833991,0.004077810400261006
2023-03-07,81.85440063476562,83.29000091552734,17711.44921875,12.270000457763672,146.8646,81.93,0.0017365654732988123,-0.0335344555513406
2023-03-08,82.07460021972656,82.66000366210938,17754.400390625,12.449999809265137,146.8646,81.86,0.0026901374056047533,-0.0075639001860128285
2023-03-09,81.9645004272461,81.58999633789062,17589.599609375,12.729999542236328,146.8646,82.02,-0.001341459991102134,-0.012944680338905279
2023-03-10,82.01840209960938,82.77999877929688,17412.900390625,13.40999984741211,146.8646,81.93,0.0006576221666980686,0.014585151303084576
2023-03-13,81.95800018310547,80.7699966430664,17154.30078125,16.219999313354492,146.8646,82.19,-0.0007364434682664012,-0.02428125351377952
2023-03-14,82.41739654541016,77.44999694824219,17043.30078125,16.219999313354492,146.8646,82.25,0.005605265639453627,-0.04110436836460141
2023-03-15,82.30490112304688,73.69000244140625,16972.150390625,16.299999237060547,146.8646,82.84,-0.0013649475363044505,-0.04854738095533617
2023-03-16,82.7156982421875,74.69999694824219,16985.599609375,16.219999313354492,146.8646,82.63,0.0049911622945331136,0.013705990953644331
2023-03-17,82.622802734375,72.97000122070312,17100.05078125,14.770000457763672,146.8646,82.56,-0.0011230698620291468,-0.02315924763340671
2023-03-20,82.53299713134766,73.79000091552734,16988.400390625,16.010000228881836,146.8646,82.55,-0.0010869348418990343,0.011237490490702662
2023-03-21,82.52909851074219,75.31999969482422,17107.5,15.079999923706055,146.8646,82.59,-4.7237114135900704e-05,0.020734500072013384
2023-03-22,82.677001953125,76.69000244140625,17151.900390625,14.8100004196167,146.8646,82.66,0.0017921368953710548,0.018189096549826145
2023-03-23,82.52580261230469,75.91000366210938,17076.900390625,14.489999771118164,146.8646,82.07,-0.00182879564145344,-0.01017080133610404
2023-03-24,82.26529693603516,74.98999786376953,16945.05078125,15.239999771118164,146.8646,82.34,-0.0031566572880648014,-0.01211969113366107
2023-03-27,82.33879852294922,78.12000274658203,16985.69921875,15.449999809265137,146.8646,82.24,0.0008934701466063455,0.041738964821663505
2023-03-28,82.21489715576172,78.6500015258789,16951.69921875,15.100000381469727,146.8646,82.17,-0.0015047750199193022,0.006784418339258913
2023-03-29,82.16429901123047,78.27999877929688,17080.69921875,13.630000114440918,146.8646,82.18,-0.00061543766740213,-0.00470442135287541
2023-03-30,82.25540161132812,79.2699966430664,17080.69921875,13.630000114440918,146.8646,82.34,0.001108785703693549,0.012646881441078506
2023-03-31,82.10050201416016,79.7699966430664,17359.75,12.9399995803833,146.8646,82.19,-0.0018831541045766231,0.006307556719743257
2023-04-03,82.18479919433594,84.93000030517578,17398.05078125,12.59000015258789,147.8562,82.24,0.0010267559650396496,0.06468602080050201
2023-04-04,82.14089965820312,84.94000244140625,17398.05078125,12.59000015258789,147.8562,82.33,-0.0005341563958684015,0.00011776917690475841
2023-04-05,82.11479949951172,84.98999786376953,17557.05078125,12.40999984741211,147.8562,81.89,-0.00031774863435896084,0.000588596902828753
2023-04-06,81.94999694824219,85.12000274658203,17599.150390625,11.800000190734863,147.8562,81.86,-0.002006977454417469,0.0015296492067322642
2023-04-07,81.831298828125,85.12000274658203,17599.150390625,11.800000190734863,147.8562,81.85,-0.001448421287826962,0.0
2023-04-10,81.88480377197266,84.18000030517578,17624.05078125,12.270000457763672,147.8562,82.01,0.0006538444899919504,-0.011043261408306249
2023-04-11,81.98390197753906,85.61000061035156,17722.30078125,11.979999542236328,147.8562,82.04,0.0012102148506378807,0.016987411499069127
2023-04-12,82.07009887695312,87.33000183105469,17812.400390625,12.270000457763672,147.8562,81.98,0.0010513881058951124,0.02009112496718224
2023-04-13,81.96060180664062,86.08999633789062,17828.0,11.90999984741211,147.8562,81.65,-0.0013341895746545873,-0.014199077833101703
2023-04-14,81.68070220947266,86.30999755859375,17828.0,11.90999984741211,147.8562,81.88,-0.0034150505364552997,0.002555479498914659
2023-04-17,81.84480285644531,84.76000213623047,17706.849609375,12.270000457763672,147.8562,81.98,0.002009050394202294,-0.017958469078985018
2023-04-18,82.00370025634766,84.7699966430664,17660.150390625,12.079999923706055,147.8562,82.08,0.001941447646725214,0.0001179153679098377
2023-04-19,82.10790252685547,83.12000274658203,17618.75,12.149999618530273,147.8562,82.18,0.0012707020559081794,-0.01946436194201895
2023-04-20,82.34010314941406,81.0999984741211,17624.44921875,11.9399995803833,147.8562,82.1,0.002827993596385525,-0.02430226426507187
2023-04-21,82.14089965820312,81.66000366210938,17624.05078125,11.630000114440918,147.8562,82.06,-0.002419276677968929,0.006905119587233832
2023-04-24,82.05480194091797,82.7300033569336,17743.400390625,11.670000076293945,147.8562,81.9,-0.001048171101648676,0.013103106133225628
2023-04-25,81.85230255126953,80.7699966430664,17769.25,11.520000457763672,147.8562,81.92,-0.0024678554436612377,-0.02369160684559457
2023-04-26,81.9916000366211,77.69000244140625,17813.599609375,11.649999618530273,147.8562,81.74,0.0017018151109959856,-0.038132899958769007
2023-04-27,81.76689910888672,78.37000274658203,17915.05078125,11.430000305175781,147.8562,81.84,-0.0027405359528782647,0.008752738882826572
2023-04-28,81.76509857177734,79.54000091552734,18065.0,10.949999809265137,147.8562,81.84,-2.2020366786557055e-05,0.01492915819753926
2023-05-01,81.74479675292969,79.30999755859375,18065.0,10.949999809265137,148.4071,81.84,-0.0002482944337165449,-0.0028916690254738864
2023-05-02,81.77469635009766,75.31999969482422,18147.650390625,11.899999618530273,148.4071,81.89,0.0003657675883437239,-0.05030888900005004
2023-05-03,81.77870178222656,72.33000183105469,18089.849609375,11.84000015258789,148.4071,81.83,4.898131460806532e-05,-0.0396972633548085
2023-05-04,81.77999877929688,72.5,18255.80078125,11.729999542236328,148.4071,81.73,1.585983932295143e-05,0.0023503133505013984
2023-05-05,81.71610260009766,75.30000305175781,18069.0,12.300000190734863,148.4071,81.81,-0.000781317928013836,0.03862073174838354
2023-05-08,81.72979736328125,77.01000213623047,18264.400390625,12.640000343322754,148.4071,81.78,0.00016758952945439276,0.02270915026785958
2023-05-09,81.78710174560547,77.44000244140625,18265.94921875,12.680000305175781,148.4071,82.04,0.0007011443093332126,0.005583694237731862
2023-05-10,82.1050033569336,76.41000366210938,18315.099609375,13.079999923706055,148.4071,81.94,0.003886940661095295,-0.013300603652178444
2023-05-11,81.9198989868164,74.9800033569336,18297.0,13.220000267028809,148.4071,82.13,-0.0022544834364416344,-0.01871483099908422
2023-05-12,82.10030364990234,74.16999816894531,18314.80078125,12.850000381469727,148.4071,82.17,0.0022022080754149354,-0.010802949476173662
2023-05-15,82.20030212402344,75.2300033569336,18398.849609375,13.170000076293945,148.4071,82.3,0.0012180037061435556,0.014291562817269954
2023-05-16,82.2667007446289,74.91000366210938,18286.5,13.289999961853027,148.4071,82.26,0.0008077661381984402,-0.004253617978799751
2023-05-17,82.2959976196289,76.95999908447266,18181.75,13.109999656677246,148.4071,82.39,0.0003561206993210053,0.027366110294294366
2023-05-18,82.45030212402344,75.86000061035156,18129.94921875,12.800000190734863,148.4071,82.77,0.0018749940320028635,-0.014293119636263452
2023-05-19,82.72509765625,75.58000183105469,18203.400390625,12.300000190734863,148.4071,82.65,0.0033328626475279677,-0.003690993633589157
2023-05-22,82.90480041503906,75.98999786376953,18314.400390625,12.569999694824219,148.4071,82.83,0.0021722882641466157,0.005424662910584743
2023-05-23,82.82499694824219,76.83999633789062,18348.0,12.609999656677246,148.4071,82.84,-0.0009625916279559776,0.011185662561077114
2023-05-24,82.8906021118164,78.36000061035156,18285.400390625,13.109999656677246,148.4071,82.66,0.000792093763857471,0.019781420417785744
2023-05-25,82.71369934082031,76.26000213623047,18321.150390625,12.520000457763672,148.4071,82.76,-0.0021341716248780562,-0.026799367761154436
2023-05-26,82.74210357666016,76.94999694824219,18499.349609375,11.899999618530273,148.4071,82.58,0.0003434042494316891,0.009047925422020153
2023-05-29,82.57479858398438,76.94999694824219,18598.650390625,12.300000190734863,148.4071,82.58,-0.0020220055503032963,0.0
2023-05-30,82.57969665527344,73.54000091552734,18633.849609375,12.010000228881836,148.4071,82.67,5.9316781549023645e-05,-0.04431444012932795
2023-05-31,82.68389892578125,72.66000366210938,18534.400390625,11.970000267028809,148.4071,82.68,0.0012618388626783883,-0.011966239359022968
2023-06-01,82.66680145263672,74.27999877929688,18487.75,11.600000381469727,150.2801,82.41,-0.00020678116739369923,0.0222955551271502
2023-06-02,82.27670288085938,76.12999725341797,18534.099609375,11.130000114440918,150.2801,82.35,-0.004718926641922194,0.02490574184872929
2023-06-05,82.40979766845703,76.70999908447266,18593.849609375,11.140000343322754,150.2801,82.67,0.0016176485315702038,0.007618571548400288
2023-06-06,82.51119995117188,76.29000091552734,18599.0,11.380000114440918,150.2801,82.61,0.001230463920355529,-0.005475142405917843
2023-06-07,82.51719665527344,76.94999694824219,18726.400390625,11.4399995803833,150.2801,82.5,7.267745597094866e-05,0.008651147264313597
2023-06-08,82.61810302734375,75.95999908447266,18634.55078125,11.260000228881836,150.2801,82.57,0.0012228526435751341,-0.012865469824975051
2023-06-09,82.48829650878906,74.79000091552734,18563.400390625,11.119999885559082,150.2801,82.46,-0.001571163144616472,-0.015402819682030167
2023-06-12,82.4448013305664,71.83999633789062,18601.5,11.25,150.2801,82.43,-0.0005272890829794985,-0.03944383662956019
2023-06-13,82.33719635009766,74.29000091552734,18716.150390625,11.109999656677246,150.2801,82.38,-0.0013051760539430912,0.03410362893273855
2023-06-14,82.29039764404297,73.19999694824219,18755.900390625,11.15999984741211,150.2801,82.1,-0.0005683786688059911,-0.014672283670107422
2023-06-15,82.04499816894531,75.66999816894531,18688.099609375,11.079999923706055,150.2801,82.18,-0.0029821155581135628,0.033743187481955816
2023-06-16,81.9126968383789,76.61000061035156,18826.0,10.84000015258789,150.2801,81.89,-0.001612545962813905,0.012422392812902583
2023-06-19,81.91480255126953,76.61000061035156,18755.44921875,11.229999542236328,150.2801,81.89,2.5706794818169953e-05,0.0
2023-06-20,81.98139953613281,75.9000015258789,18816.69921875,11.130000114440918,150.2801,82.11,0.0008130030567015112,-0.009267707594518892
2023-06-21,81.9917984008789,77.12000274658203,18856.849609375,11.289999961853027,150.2801,82.04,0.00012684419642661204,0.016073797051073146
2023-06-22,81.94149780273438,74.13999938964844,18771.25,11.550000190734863,150.2801,81.93,-0.0006134832888845532,-0.038641120990697386
2023-06-23,81.91929626464844,73.8499984741211,18665.5,11.239999771118164,150.2801,82.01,-0.00027094376697123224,-0.003911531129144219
2023-06-26,81.98480224609375,74.18000030517578,18691.19921875,11.399999618530273,150.2801,82.0,0.0007996404318915129,0.004468542151295107
2023-06-27,82.00650024414062,72.26000213623047,18817.400390625,10.779999732971191,150.2801,81.98,0.0002646587837309422,-0.025882962537698284
2023-06-28,81.99839782714844,74.02999877929688,18972.099609375,10.890000343322754,150.2801,82.0,-9.88021311489895e-05,0.024494832420977053
2023-06-29,82.02649688720703,74.33999633789062,18972.099609375,10.890000343322754,150.2801,82.05,0.0003426781596127526,0.004187458647918252
2023-06-30,82.07540130615234,74.9000015258789,19189.05078125,10.800000190734863,150.2801,82.06,0.0005962027003609816,0.007533026843893564
2023-07-03,82.09629821777344,74.6500015258789,19322.55078125,11.539999961853027,153.9159,81.96,0.00025460626799911346,-0.0033377836436174757
2023-07-04,81.95010375976562,74.6500015258789,19389.0,11.699999809265137,153.9159,81.96,-0.001780767966175656,0.0
2023-07-05,82.0071029663086,76.6500015258789,19398.5,11.880000114440918,153.9159,82.34,0.0006955355018227749,0.02679169402704784
2023-07-06,82.39409637451172,76.5199966430664,19497.30078125,11.84000015258789,153.9159,82.49,0.004719023038310732,-0.0016960845430460392
2023-07-07,82.76840209960938,78.47000122070312,19331.80078125,11.529999732971191,153.9159,82.74,0.004542870685738221,0.025483594657389697
2023-07-10,82.61530303955078,77.69000244140625,19355.900390625,11.460000038146973,153.9159,82.57,-0.0018497283525462649,-0.00994008878760011
2023-07-11,82.52529907226562,79.4000015258789,19439.400390625,11.010000228881836,153.9159,82.39,-0.0010894345717290532,0.022010542292907553
2023-07-12,82.39990234375,80.11000061035156,19384.30078125,10.9399995803833,153.9159,82.03,-0.0015194943844532016,0.00894205378876789
2023-07-13,82.00180053710938,81.36000061035156,19413.75,10.9399995803833,153.9159,82.04,-0.0048313383307161395,0.015603545006570352
2023-07-14,82.03079986572266,79.87000274658203,19564.5,10.680000305175781,153.9159,82.16,0.00035364258374004365,-0.0183136412560444
2023-07-17,82.07679748535156,78.5,19711.44921875,11.319999694824219,153.9159,82.03,0.0005607359638599707,-0.01715290721760565
2023-07-18,82.06159973144531,79.62999725341797,19749.25,11.710000038146973,153.9159,82.03,-0.0001851650450782616,0.01439486947029267
2023-07-19,82.07540130615234,79.45999908447266,19833.150390625,11.600000381469727,153.9159,82.09,0.00016818554296049726,-0.002134850870386229
2023-07-20,82.06169891357422,79.63999938964844,19979.150390625,11.789999961853027,153.9159,81.99,-0.00016694883436529917,0.0022652945790300194
2023-07-21,82.0823974609375,81.06999969482422,19745.0,11.489999771118164,153.9159,81.99,0.00025223152380848823,0.017955805074524545
2023-07-24,81.99030303955078,82.73999786376953,19672.349609375,11.649999618530273,153.9159,81.81,-0.0011219752862426935,0.020599459420646005
2023-07-25,81.81420135498047,83.63999938964844,19680.599609375,10.239999771118164,153.9159,81.87,-0.002147835512760099,0.0108774661483646
2023-07-26,81.95010375976562,82.91999816894531,19778.30078125,10.460000038146973,153.9159,81.99,0.0016611102050057003,-0.008608336034878539
2023-07-27,81.97550201416016,84.23999786376953,19659.900390625,10.510000228881836,153.9159,82.15,0.00030992339520374834,0.0159189547029992
2023-07-28,82.3749008178711,84.98999786376953,19646.05078125,10.140000343322754,153.9159,82.22,0.004872172708889844,0.008903134128907197
2023-07-31,82.25279998779297,85.55999755859375,19753.80078125,10.40999984741211,153.9159,82.24,-0.0014822576885171745,0.006706667950949541
2023-08-01,82.2332992553711,84.91000366210938,19733.55078125,10.279999732971191,153.365,82.25,-0.00023708290082247174,-0.007596936828326184
2023-08-02,82.30729675292969,83.19999694824219,19526.55078125,11.279999732971191,153.365,82.58,0.0008998483367279597,-0.020139048876643306
2023-08-03,82.7332992553711,85.13999938964844,19381.650390625,11.1899995803833,153.365,82.74,0.005175756211750926,0.023317337891407774
2023-08-04,82.7843017578125,86.23999786376953,19517.0,10.569999694824219,153.365,82.83,0.0006164688571645982,0.012919878811448848
2023-08-07,82.69529724121094,85.33999633789062,19597.30078125,11.100000381469727,153.365,82.75,-0.0010751376131907797,-0.01043601053075871
2023-08-08,82.74829864501953,86.16999816894531,19570.849609375,11.329999923706055,153.365,82.85,0.0006409240377236447,0.009725824545016692
2023-08-09,82.84500122070312,87.55000305175781,19632.55078125,11.140000343322754,153.365,82.84,0.0011686352138602363,0.016014911362848716
2023-08-10,82.86630249023438,86.4000015258789,19543.099609375,11.399999618530273,153.365,82.69,0.0002571219653253465,-0.013135368198663011
2023-08-11,82.79989624023438,86.80999755859375,19428.30078125,11.520000457763672,153.365,82.87,-0.0008013661525181348,0.004745324368912618
2023-08-14,82.89730072021484,86.20999908447266,19434.55078125,12.0,153.365,83.17,0.0011763840826304328,-0.006911628740873033
2023-08-15,83.2333984375,84.88999938964844,19434.55078125,12.0,153.365,82.94,0.004054386745589111,-0.015311445410535529
2023-08-16,83.19419860839844,83.44999694824219,19465.0,12.130000114440918,153.365,83.19,-0.0004709627365629965,-0.016963157636467607
2023-08-17,83.23699951171875,84.12000274658203,19365.25,12.239999771118164,153.365,83.09,0.0005144698072250264,0.00802882951278483
2023-08-18,83.09829711914062,84.80000305175781,19310.150390625,12.140000343322754,153.365,83.14,-0.0016663550271126537,0.008083693330637853
2023-08-21,83.16729736328125,84.45999908447266,19393.599609375,11.960000038146973,153.365,83.1,0.0008303448630444521,-0.004009480601995241
2023-08-22,83.1135025024414,84.02999877929688,19396.44921875,11.75,153.365,82.94,-0.0006468270888358996,-0.005091171084973811
2023-08-23,83.07330322265625,83.20999908447266,19444.0,11.729999542236328,153.365,82.69,-0.0004836672571220113,-0.009758416122055746
2023-08-24,82.5447006225586,83.36000061035156,19386.69921875,11.699999809265137,153.365,82.57,-0.006363086329682521,0.001802686306084711
2023-08-25,82.64140319824219,84.4800033569336,19265.80078125,12.079999923706055,153.365,82.64,0.0011715176741118327,0.01343573342588189
2023-08-28,82.66429901123047,84.41999816894531,19306.05078125,12.399999618530273,153.365,82.6,0.0002770501480156007,-0.0007102886553490562
2023-08-29,82.69149780273438,85.48999786376953,19342.650390625,12.229999542236328,153.365,82.7,0.0003290270628220071,0.012674718289887643
2023-08-30,82.49469757080078,85.86000061035156,19347.44921875,11.800000190734863,153.365,82.73,-0.002379933090619235,0.0043280238136353955
2023-08-31,82.70040130615234,86.86000061035156,19253.80078125,12.0600004196167,153.365,82.78,0.002493538874726031,0.011646866909984954
2023-09-01,82.68240356445312,88.55000305175781,19435.30078125,11.369999885559082,151.492,82.69,-0.00021762580852047186,0.019456624793125377
2023-09-04,82.6969985961914,88.55000305175781,19528.80078125,10.960000038146973,151.492,82.69,0.00017651920008465716,0.0
2023-09-05,82.7345962524414,90.04000091552734,19574.900390625,10.819999694824219,151.492,83.03,0.0004546435407357663,0.016826626904785424
2023-09-06,83.08609771728516,90.5999984741211,19611.05078125,10.680000305175781,151.492,83.14,0.004248542698767066,0.006219430840733953
2023-09-07,83.25740051269531,89.91999816894531,19727.05078125,10.869999885559082,151.492,83.21,0.002061750402492679,-0.007505522258590469
2023-09-08,83.24150085449219,90.6500015258789,19819.94921875,10.779999732971191,151.492,82.93,-0.00019096990904365896,0.008118364899897257
2023-09-11,83.03130340576172,90.63999938964844,19996.349609375,11.350000381469727,151.492,83.03,-0.002525152076461201,-0.00011033795986881145
2023-09-12,82.94329833984375,92.05999755859375,19993.19921875,11.6899995803833,151.492,82.86,-0.0010599022574402372,0.015666352366585423
2023-09-13,82.84300231933594,91.87999725341797,20070.0,11.829999923706055,151.492,82.93,-0.001209211865398352,-0.001955249945137294
2023-09-14,82.93679809570312,93.69999694824219,20103.099609375,11.319999694824219,151.492,83.02,0.0011322112156875175,0.019808443069544435
2023-09-15,83.0282974243164,93.93000030517578,20192.349609375,10.899999618530273,151.492,83.15,0.0011032416335592377,0.002454678382333819
2023-09-18,83.08580017089844,94.43000030517578,20133.30078125,10.84000015258789,151.492,83.27,0.0006925680565044168,0.005323112939162211
2023-09-19,83.25489807128906,94.33999633789062,20133.30078125,10.84000015258789,151.492,83.27,0.0020352202186511015,-0.0009531289526027997
2023-09-20,83.19499969482422,93.52999877929688,19901.400390625,11.130000114440918,151.492,83.07,-0.0007194576878053471,-0.008585940110625412
2023-09-21,83.08699798583984,93.30000305175781,19742.349609375,10.819999694824219,151.492,83.11,-0.00129817548386979,-0.0024590583827739376
2023-09-22,82.89129638671875,93.2699966430664,19674.25,10.65999984741211,151.492,82.95,-0.002355381754849839,-0.000321612086923051
2023-09-25,82.97480010986328,93.29000091552734,19674.55078125,10.899999618530273,151.492,83.11,0.0010073883119761096,0.00021447703635590898
2023-09-26,83.0282974243164,93.95999908447266,19664.69921875,11.1899995803833,151.492,83.24,0.0006447417093176089,0.007181886186837794
2023-09-27,83.29869842529297,96.55000305175781,19716.44921875,11.59000015258789,151.492,83.18,0.0032567330580641762,0.02756496373479811
2023-09-28,83.22270202636719,95.37999725341797,19523.55078125,12.819999694824219,151.492,83.13,-0.0009123359711789014,-0.012118133209303328
2023-09-29,83.19300079345703,95.30999755859375,19638.30078125,11.449999809265137,151.492,83.08,-0.00035688859153770736,-0.000733903300901062
2023-10-02,83.03479766845703,90.70999908447266,19638.30078125,11.449999809265137,152.4836,83.04,-0.0019016398433898685,-0.048263546238086374
2023-10-03,83.3593978881836,90.91999816894531,19528.75,11.789999961853027,152.4836,83.22,0.003909207089570321,0.0023150599337686817
2023-10-04,83.22979736328125,85.80999755859375,19436.099609375,11.65999984741211,152.4836,83.25,-0.0015547200218046786,-0.0562032634542764
2023-10-05,83.44979858398438,84.06999969482422,19545.75,10.9399995803833,152.4836,83.24,0.0026432987664606333,-0.020277332633431233
2023-10-06,83.22489929199219,84.58000183105469,19653.5,10.300000190734863,152.4836,83.25,-0.002695024982784733,0.006066398692539332
2023-10-09,83.12460327148438,88.1500015258789,19512.349609375,11.399999618530273,152.4836,83.25,-0.001205120358943601,0.042208555421353156
2023-10-10,83.27030181884766,87.6500015258789,19689.849609375,11.270000457763672,152.4836,83.25,0.0017527728449713287,-0.005672149646568148
2023-10-11,83.25029754638672,85.81999969482422,19811.349609375,10.989999771118164,152.4836,83.18,-0.00024023297651132314,-0.02087851453732581
2023-10-12,83.21800231933594,86.0,19794.0,10.619999885559082,152.4836,83.28,-0.00038792926875474976,0.002097416753855219
2023-10-13,83.26239776611328,90.88999938964844,19751.05078125,10.619999885559082,152.4836,83.26,0.0005334836879042903,0.05686045801916784
2023-10-16,83.28230285644531,89.6500015258789,19731.75,11.069999694824219,152.4836,83.28,0.0002390645821652715,-0.013642841589794896
2023-10-17,83.19950103759766,89.9000015258789,19811.5,10.699999809265137,152.4836,83.22,-0.000994230658947881,0.0027886223730608783
2023-10-18,83.26429748535156,91.5,19671.099609375,10.970000267028809,152.4836,83.25,0.0007788081292052773,0.01779753556133712
2023-10-19,83.26860046386719,92.37999725341797,19624.69921875,10.899999618530273,152.4836,83.1,5.1678554261247456e-05,0.0096174563215079
2023-10-20,83.12229919433594,92.16000366210938,19542.650390625,10.819999694824219,152.4836,83.14,-0.0017569800466952223,-0.0023813985478382538
2023-10-23,83.15979766845703,89.83000183105469,19281.75,10.90999984741211,152.4836,83.19,0.0004511241205373828,-0.0252821369191486
2023-10-24,83.02940368652344,88.06999969482422,19281.75,10.90999984741211,152.4836,83.19,-0.0015679930157291855,-0.019592587112939652
2023-10-25,82.98780059814453,90.12999725341797,19122.150390625,11.3100004196167,152.4836,83.18,-0.0005010645209012621,0.02339045720145294
2023-10-26,83.1709976196289,87.93000030517578,18857.25,11.729999542236328,152.4836,83.24,0.0022075174924984786,-0.024409153614600387
2023-10-27,83.28250122070312,90.4800033569336,19047.25,10.90999984741211,152.4836,83.27,0.0013406548468273272,0.029000375786507382
2023-10-30,83.41339874267578,87.44999694824219,19140.900390625,11.489999771118164,152.4836,83.25,0.0015717289953356417,-0.033488133247943974
2023-10-31,83.29650115966797,87.41000366210938,19079.599609375,11.829999923706055,152.4836,83.26,-0.0014014245285512983,-0.0004573274731671795
2023-11-01,83.2771987915039,84.62999725341797,18989.150390625,12.050000190734863,153.2548,83.24,-0.00023173083977512388,-0.031804213387723324
2023-11-02,85.19400024414062,86.8499984741211,19133.25,11.079999923706055,153.2548,83.22,0.02301712209887974,0.02623184795877398
2023-11-03,83.24729919433594,84.88999938964844,19230.599609375,10.880000114440918,153.2548,83.14,-0.022850212975397577,-0.0225676352205888
2023-11-06,83.15850067138672,85.18000030517578,19411.75,11.109999656677246,153.2548,83.19,-0.0010666835297794552,0.0034161964614491946
2023-11-07,83.2228012084961,81.61000061035156,19406.69921875,11.1899995803833,153.2548,83.22,0.0007732286728385773,-0.04191124303867011
2023-11-08,83.23269653320312,79.54000091552734,19443.5,11.039999961853027,153.2548,83.28,0.00011890160585004139,-0.025364534730338617
2023-11-09,83.21769714355469,80.01000213623047,19395.30078125,10.979999542236328,153.2548,83.25,-0.00018021030524284498,0.005908991894559845
2023-11-10,83.31939697265625,81.43000030517578,19425.349609375,11.109999656677246,153.2548,83.25,0.0012220937684219724,0.017747758168129124
2023-11-13,83.29889678955078,82.5199966430664,19443.55078125,11.1899995803833,153.2548,83.32,-0.00024604334465117006,0.013385685052261342
2023-11-14,83.19760131835938,82.47000122070312,19443.55078125,11.1899995803833,153.2548,83.32,-0.0012160481722504057,-0.0006058582694753456
2023-11-15,82.98159790039062,81.18000030517578,19675.44921875,11.140000343322754,153.2548,83.11,-0.002596269778766813,-0.015642062524954925
2023-11-16,83.18620300292969,77.41999816894531,19765.19921875,11.649999618530273,153.2548,83.22,0.0024656683857144923,-0.04631685294525356
2023-11-17,83.12030029296875,80.61000061035156,19731.80078125,11.829999923706055,153.2548,83.25,-0.0007922312544860199,0.04120385581054986
2023-11-20,83.29149627685547,82.31999969482422,19694.0,12.149999618530273,153.2548,83.33,0.0020596170043096773,0.0212132374584435
2023-11-21,83.32219696044922,82.44999694824219,19783.400390625,12.229999542236328,153.2548,83.26,0.00036859325340610205,0.0015791697509706104
2023-11-22,83.345703125,81.95999908447266,19811.849609375,11.869999885559082,153.2548,83.29,0.0002821116750191255,-0.005942970065567432
2023-11-23,83.54830169677734,81.37000274658203,19802.0,11.319999694824219,153.2548,83.29,0.0024308220361821675,-0.007198588878491119
2023-11-24,83.34400177001953,80.58000183105469,19794.69921875,11.329999923706055,153.2548,83.34,-0.00244529119812964,-0.009708748787777721
2023-11-27,83.31449890136719,79.9800033569336,19794.69921875,11.329999923706055,153.2548,83.34,-0.0003539891057038336,-0.007445997275838501
2023-11-28,83.364501953125,81.68000030517578,19889.69921875,12.180000305175781,153.2548,83.33,0.0006001722679387367,0.02125527477981537
2023-11-29,83.41809844970703,83.0999984741211,20096.599609375,12.710000038146973,153.2548,83.31,0.0006429174927737868,0.017384894265914053
2023-11-30,83.3302993774414,82.83000183105469,20133.150390625,12.6899995803833,153.2548,83.36,-0.0010525182651887066,-0.003249057136270439
2023-12-01,83.35269927978516,78.87999725341797,20267.900390625,12.380000114440918,152.9243,83.27,0.0002688086147668578,-0.047688089947087065
2023-12-04,83.21859741210938,78.02999877929688,20686.80078125,12.989999771118164,152.9243,83.4,-0.0016088485296157362,-0.010775843099871119
2023-12-05,83.41709899902344,77.19999694824219,20855.099609375,13.460000038146973,152.9243,83.33,0.00238530320249275,-0.010636958144806585
2023-12-06,83.31590270996094,74.30000305175781,20937.69921875,13.739999771118164,152.9243,83.32,-0.0012131360389754375,-0.03756468926324752
2023-12-07,83.28959655761719,74.05000305175781,20901.150390625,12.670000076293945,152.9243,83.32,-0.00031573987063826525,-0.003364737412269614
2023-12-08,83.35489654541016,75.83999633789062,20969.400390625,12.470000267028809,152.9243,83.38,0.0007840113350505717,0.024172764515373313
2023-12-11,83.43009948730469,76.02999877929688,20997.099609375,12.760000228881836,152.9243,83.38,0.0009022018502964357,0.002505306574116073
2023-12-12,83.34349822998047,73.23999786376953,20906.400390625,12.710000038146973,152.9243,83.37,-0.0010380097573465807,-0.03669605366726725
2023-12-13,83.39600372314453,74.26000213623047,20926.349609375,12.069999694824219,152.9243,83.4,0.0006299890726830792,0.013926874688857893
2023-12-14,83.2853012084961,76.61000061035156,21182.69921875,12.319999694824219,152.9243,83.28,-0.0013274318876950186,0.03164554816211829
2023-12-15,83.29660034179688,76.55000305175781,21456.650390625,13.130000114440918,152.9243,83.02,0.00013566779655982408,-0.0007831556992005106
2023-12-18,83.04170227050781,77.94999694824219,21418.650390625,13.899999618530273,152.9243,83.04,-0.0030601257463463982,0.018288619734447176
2023-12-19,83.11119842529297,79.2300033569336,21453.099609375,13.869999885559082,152.9243,83.18,0.0008368825889282228,0.01642086541121124
2023-12-20,83.09159851074219,79.69999694824219,21150.150390625,14.449999809265137,152.9243,83.14,-0.00023582760111917622,0.005932015289602521
2023-12-21,83.26719665527344,79.38999938964844,21255.05078125,13.760000228881836,152.9243,83.27,0.0021133080561515083,-0.0038895554637858876
2023-12-22,83.13159942626953,79.06999969482422,21349.400390625,13.710000038146973,152.9243,83.12,-0.0016284591585961072,-0.0040307305363948
2023-12-25,83.16500091552734,79.06999969482422,21349.400390625,13.710000038146973,152.9243,83.12,0.0004017905283710821,0.0
2023-12-26,83.17230224609375,81.06999969482422,21441.349609375,14.680000305175781,152.9243,83.17,8.779330831520937e-05,0.025294043350438056
2023-12-27,83.18280029296875,79.6500015258789,21654.75,15.5600004196167,152.9243,83.35,0.0001262204675294143,-0.0175157046292177
2023-12-28,83.26719665527344,78.38999938964844,21778.69921875,15.140000343322754,152.9243,83.15,0.0010145890978356942,-0.015819235556713496
2023-12-29,82.302001953125,77.04000091552734,21731.400390625,14.5,152.9243,83.19,-0.011591535933944686,-0.01722156505462813
2024-01-01,83.24859619140625,77.04000091552734,21741.900390625,14.5,153.0345,83.19,0.01150147281739744,0.0
2024-01-02,83.20259857177734,75.88999938964844,21665.80078125,14.579999923706055,153.0345,83.31,-0.0005525332766350699,-0.014927330116984994
2024-01-03,83.25700378417969,78.25,21517.349609375,14.100000381469727,153.0345,83.3,0.0006538883801257,0.031097649615654976
2024-01-04,83.31809997558594,77.58999633789062,21658.599609375,13.329999923706055,153.0345,83.21,0.0007338264485787782,-0.0084345515924521
2024-01-05,83.2406005859375,78.76000213623047,21710.80078125,12.630000114440918,153.0345,83.16,-0.0009301627097970666,0.01507933823381924
2024-01-08,83.19110107421875,76.12000274658203,21513.0,13.460000038146973,153.0345,83.13,-0.0005946558694953641,-0.03351954441395333
2024-01-09,83.05069732666016,77.58999633789062,21544.849609375,13.260000228881836,153.0345,83.09,-0.0016877255589312634,0.019311528353493035
2024-01-10,83.131103515625,76.80000305175781,21618.69921875,12.970000267028809,153.0345,83.01,0.0009681579029805487,-0.01018163839952424
2024-01-11,83.02559661865234,77.41000366210938,21647.19921875,12.770000457763672,153.0345,83.03,-0.001269162714203853,0.007942715965004066
2024-01-12,83.07610321044922,78.29000091552734,21894.55078125,13.100000381469727,153.0345,82.92,0.0006083255508402274,0.011368004286101296
2024-01-15,82.87210083007812,78.29000091552734,22097.44921875,13.789999961853027,153.0345,82.92,-0.002455608441988555,0.0
2024-01-16,82.8593978881836,78.29000091552734,22032.30078125,13.569999694824219,153.0345,83.05,-0.00015328369580702716,0.0
2024-01-17,83.08899688720703,77.87999725341797,21571.94921875,15.079999923706055,153.0345,83.14,0.002770946988213341,-0.005236986298566504
2024-01-18,83.17759704589844,79.0999984741211,21462.25,14.069999694824219,153.0345,83.15,0.0010663284190526312,0.015665142061231707
2024-01-19,83.16059875488281,78.55999755859375,21622.400390625,13.880000114440918,153.0345,83.09,-0.0002043614100349922,-0.0068268132230623335
2024-01-22,83.12470245361328,80.05999755859375,21622.400390625,13.880000114440918,153.0345,83.08,-0.00043165034652214995,0.019093686947752708
2024-01-23,83.09510040283203,79.55000305175781,21238.80078125,14.850000381469727,153.0345,83.15,-0.00035611617133635143,-0.006370153914415089
2024-01-24,83.22139739990234,80.04000091552734,21453.94921875,14.380000114440918,153.0345,83.09,0.001519909073556036,0.006159620929878873
2024-01-25,83.09760284423828,82.43000030517578,21352.599609375,13.869999885559082,153.0345,83.08,-0.0014875327683959716,0.029860061997885268
2024-01-26,83.14610290527344,83.55000305175781,21352.599609375,13.869999885559082,153.0345,83.11,0.0005836517465620528,0.013587319452086799
2024-01-29,83.12129974365234,82.4000015258789,21737.599609375,15.680000305175781,153.0345,83.12,-0.00029830816784459646,-0.01376423080638911
2024-01-30,83.1530990600586,82.87000274658203,21522.099609375,16.100000381469727,153.0345,83.11,0.000382565196938911,0.005703898203879509
2024-01-31,83.10970306396484,81.70999908447266,21725.69921875,16.049999237060547,153.0345,83.02,-0.0005218806825516564,-0.013997871650332727
2024-02-01,83.05359649658203,78.69999694824219,21697.44921875,14.460000038146973,153.365,82.95,-0.0006750904565214766,-0.03683762293423476
2024-02-02,82.92759704589844,77.33000183105469,21853.80078125,14.699999809265137,153.365,82.92,-0.0015170860263562513,-0.0174078166494529
2024-02-05,82.99929809570312,77.98999786376953,21771.69921875,15.619999885559082,153.365,83.04,0.0008646223013673016,0.008534799134710447
2024-02-06,83.10369873046875,78.58999633789062,21929.400390625,15.789999961853027,153.365,83.03,0.0012578496103092807,0.007693274657721627
2024-02-07,83.07060241699219,79.20999908447266,21930.5,15.510000228881836,153.365,82.97,-0.0003982531942881007,0.00788907972353603
2024-02-08,83.01260375976562,81.62999725341797,21717.94921875,15.829999923706055,153.365,82.97,-0.0006981851044660647,0.03055167525459157
2024-02-09,82.98529815673828,82.19000244140625,21782.5,15.449999809265137,153.365,83.0,-0.0003289332196634298,0.006860286742994326
2024-02-12,83.0145034790039,82.0,21616.05078125,16.059999465942383,153.365,82.95,0.00035193369083841297,-0.0023117463896135115
2024-02-13,82.99019622802734,82.7699966430664,21743.25,15.8100004196167,153.365,83.06,-0.000292807280148466,0.009390202964224548
2024-02-14,83.07460021972656,81.5999984741211,21840.05078125,15.4399995803833,153.365,83.02,0.001017035692593149,-0.014135534812098172
2024-02-15,83.04309844970703,82.86000061035156,21910.75,15.229999542236328,153.365,83.0,-0.0003791985749701521,0.015441202938625942
2024-02-16,83.00959777832031,83.47000122070312,22040.69921875,15.220000267028809,153.365,83.02,-0.0004034130711898509,0.007361822421654063
2024-02-19,83.01599884033203,83.47000122070312,22122.25,15.220000267028809,153.365,83.02,7.711231210660863e-05,0.0
2024-02-20,83.02100372314453,82.33999633789062,22196.94921875,16.06999969482422,153.365,82.88,6.028817194780878e-05,-0.01353785631109139
2024-02-21,82.8291015625,83.02999877929688,22055.05078125,15.930000305175781,153.365,82.96,-0.002311489286307311,0.00837991829116369
2024-02-22,82.93840026855469,83.66999816894531,22217.44921875,15.199999809265137,153.365,82.86,0.001319568895386647,0.007708050091023377
2024-02-23,82.87229919433594,81.62000274658203,22212.69921875,14.970000267028809,153.365,82.86,-0.0007969899829839422,-0.024500961721356296
2024-02-26,82.88179779052734,82.52999877929688,22122.05078125,15.600000381469727,153.365,82.85,0.00011461726395611826,0.011149179148403743
2024-02-27,82.85199737548828,83.6500015258789,22198.349609375,15.729999542236328,153.365,82.88,-0.0003595531930229434,0.013570856211656546
2024-02-28,82.94819641113281,83.68000030517578,21951.150390625,16.329999923706055,153.365,82.88,0.0011610949487259603,0.0003586225791949449
2024-02-29,82.91190338134766,83.62000274658203,21982.80078125,15.569999694824219,153.365,82.87,-0.0004375385042161284,-0.0007169880302932974
2024-03-01,82.910400390625,83.55000305175781,22338.75,15.239999771118164,153.0345,82.91,-1.8127562646186313e-05,-0.0008371166290960241
2024-03-04,82.84609985351562,82.80000305175781,22405.599609375,14.920000076293945,153.0345,82.88,-0.0007755424748454587,-0.008976660354343635
2024-03-05,82.9104995727539,82.04000091552734,22356.30078125,14.380000114440918,153.0345,82.86,0.0007773415930520944,-0.009178769422935829
2024-03-06,82.88480377197266,82.95999908447266,22474.05078125,14.300000190734863,153.0345,82.78,-0.0003099221559834664,0.011214019486574411
2024-03-07,82.81909942626953,82.95999908447266,22493.55078125,13.609999656677246,153.0345,82.78,-0.000792718842453799,0.0
2024-03-08,82.7522964477539,82.08000183105469,22493.55078125,13.609999656677246,153.0345,82.73,-0.0008066131964534762,-0.010607488706960155
2024-03-11,82.7520980834961,82.20999908447266,22332.650390625,14.0,153.0345,82.72,-2.3970846287912906e-06,0.0015837871651798174
2024-03-12,82.7782974243164,81.91999816894531,22335.69921875,13.640000343322754,153.0345,82.77,0.00031660032104419145,-0.0035275625685065037
2024-03-13,82.83509826660156,84.02999877929688,21997.69921875,14.430000305175781,153.0345,82.81,0.0006861803643289921,0.025756843963790965
2024-03-14,82.83110046386719,85.41999816894531,22146.650390625,13.619999885559082,153.0345,82.82,-4.8262183760638955e-05,0.01654170427039081
2024-03-15,82.9655990600586,85.33999633789062,22023.349609375,13.6899995803833,153.0345,82.86,0.0016237692779426105,-0.0009365702735846249
2024-03-18,82.88890075683594,86.88999938964844,22055.69921875,13.899999618530273,153.0345,82.89,-0.0009244591022253834,0.018162680082863147
2024-03-19,82.86360168457031,87.37999725341797,21817.44921875,14.109999656677246,153.0345,83.01,-0.00030521664583105235,0.0056392895294219425
2024-03-20,83.04239654541016,85.94999694824219,21839.099609375,13.470000267028809,153.0345,83.18,0.0021577008144111343,-0.016365304991124208
2024-03-21,83.05460357666016,85.77999877929688,22011.94921875,12.510000228881836,153.0345,83.15,0.00014699757904179656,-0.001977872890998267
2024-03-22,83.22660064697266,85.43000030517578,22096.75,12.220000267028809,153.0345,83.53,0.0020708914726652594,-0.0040801874458124
2024-03-25,83.59359741210938,86.75,22096.75,12.220000267028809,153.0345,83.42,0.004409608974580426,0.015451243007244209
2024-03-26,83.41739654541016,86.25,22004.69921875,12.819999694824219,153.0345,83.32,-0.0021078272996263303,-0.0057636887608069065
2024-03-27,83.34549713134766,86.08999633789062,22123.650390625,12.699999809265137,153.0345,83.34,-0.0008619234960582922,-0.0018551149230072728
2024-03-28,83.36499786376953,87.4800033569336,22326.900390625,12.829999923706055,153.0345,83.35,0.00023397463681984476,0.016145976050311317
2024-03-29,83.39299774169922,87.4800033569336,22326.900390625,12.829999923706055,153.0345,83.34,0.0003358709128193915,0.0
2024-04-01,83.36479949951172,87.41999816894531,22462.0,12.079999923706055,153.5853,83.36,-0.000338136809457823,-0.0006859303347697132
2024-04-02,83.40969848632812,88.91999816894531,22453.30078125,11.649999618530273,153.5853,83.32,0.0005385844755336766,0.017158545314782003
2024-04-03,83.35030364990234,89.3499984741211,22434.650390625,11.369999885559082,153.5853,83.43,-0.0007120854948962085,0.004835810998992551
2024-04-04,83.37329864501953,90.6500015258789,22514.650390625,11.220000267028809,153.5853,83.44,0.0002758837593894725,0.014549558746040026
2024-04-05,83.47779846191406,91.16999816894531,22513.69921875,11.34000015258789,153.5853,83.29,0.0012533966940597718,0.005736311465123878
2024-04-08,83.29679870605469,90.37999725341797,22666.30078125,11.609999656677246,153.5853,83.25,-0.0021682382524972343,-0.00866514128982876
2024-04-09,83.26959991455078,89.41999816894531,22642.75,11.359999656677246,153.5853,83.18,-0.000326528653278646,-0.01062180917953448
2024-04-10,83.22429656982422,90.4800033569336,22753.80078125,11.109999656677246,153.5853,83.37,-0.0005440562314824593,0.01185422958727389
2024-04-11,83.4126968383789,89.73999786376953,22753.80078125,11.109999656677246,153.5853,83.19,0.0022637652262595953,-0.008178663414111775
2024-04-12,83.34929656982422,90.44999694824219,22519.400390625,11.529999732971191,153.5853,83.59,-0.0007600793519184634,0.007911735027567923
2024-04-15,83.61109924316406,90.0999984741211,22272.5,12.470000267028809,153.5853,83.48,0.00314103038794733,-0.003869524443669947
2024-04-16,83.50599670410156,90.0199966430664,22147.900390625,12.619999885559082,153.5853,83.54,-0.001257040512729457,-0.0008879226682525498
2024-04-17,83.6675033569336,87.29000091552734,22147.900390625,12.619999885559082,153.5853,83.54,0.0019340725122332092,-0.030326547759867428
2024-04-18,83.5958023071289,87.11000061035156,21995.849609375,13.039999961853027,153.5853,83.53,-0.0008569760890175804,-0.002062095352135196
2024-04-19,83.54499816894531,87.29000091552734,22147.0,13.460000038146973,153.5853,83.46,-0.0006077355175914123,0.0020663563760139336
2024-04-22,83.38529968261719,87.0,22336.400390625,12.699999809265137,153.5853,83.47,-0.0019115266003738585,-0.003322269589709159
2024-04-23,83.38619995117188,88.41999816894531,22368.0,10.199999809265137,153.5853,83.36,1.0796490006237391e-05,0.01632181803385424
2024-04-24,83.2833023071289,88.0199966430664,22402.400390625,10.279999732971191,153.5853,83.34,-0.0012339888866889082,-0.004523880730178509
2024-04-25,83.3405990600586,89.01000213623047,22570.349609375,10.729999542236328,153.5853,83.31,0.0006879740757443908,0.011247506599877166
2024-04-26,83.30180358886719,89.5,22419.94921875,10.930000305175781,153.5853,83.38,-0.0004655050675055339,0.005504975306253712
2024-04-29,83.40229797363281,88.4000015258789,22643.400390625,12.239999771118164,153.5853,83.46,0.0012063890628539742,-0.01229048574436975
2024-04-30,83.45110321044922,87.86000061035156,22604.849609375,12.869999885559082,153.5853,83.44,0.0005851785622481565,-0.00610860753627096
2024-05-01,83.49839782714844,83.44000244140625,22604.849609375,12.869999885559082,154.1362,83.45,0.000566734469404695,-0.0503072858893715
2024-05-02,83.40640258789062,83.66999816894531,22648.19921875,13.449999809265137,154.1362,83.44,-0.0011017605325583935,0.002756420431561768
2024-05-03,83.40630340576172,82.95999908447266,22475.849609375,14.619999885559082,154.1362,83.43,-1.1891428695065542e-06,-0.008485706944071358
2024-05-06,83.37999725341797,83.33000183105469,22442.69921875,16.600000381469727,154.1362,83.48,-0.000315397653049998,0.004460013870121626
2024-05-07,83.4728012084961,83.16000366210938,22302.5,17.010000228881836,154.1362,83.51,0.0011130242040673366,-0.00204005958490161
2024-05-08,83.46990203857422,83.58000183105469,22302.5,17.079999923706055,154.1362,83.45,-3.4731911232155355e-05,0.005050482809642709
2024-05-09,83.46430206298828,83.87999725341797,21957.5,18.200000762939453,154.1362,83.51,-6.708975869351708e-05,0.003589320600514867
2024-05-10,83.45939636230469,82.79000091552734,22055.19921875,18.469999313354492,154.1362,83.54,-5.877603433246392e-05,-0.012994711177654605
2024-05-13,83.5248031616211,83.36000061035156,22104.05078125,20.600000381469727,154.1362,83.48,0.0007836960506215629,0.006884885717126643
2024-05-14,83.50550079345703,82.37999725341797,22217.849609375,20.200000762939453,154.1362,83.5,-0.00023109743972349328,-0.01175627818807734
2024-05-15,83.52420043945312,82.75,22200.55078125,20.270000457763672,154.1362,83.46,0.00022393310402812894,0.0044914148933972164
2024-05-16,83.40509796142578,83.2699966430664,22403.849609375,20.0,154.1362,83.46,-0.001425963701546351,0.006283947348234564
2024-05-17,83.47010040283203,83.9800033569336,22466.099609375,19.799999237060547,154.1362,83.34,0.0007793581327164567,0.008526561096316554
2024-05-20,83.30039978027344,83.70999908447266,22466.099609375,19.799999237060547,154.1362,83.34,-0.0020330707851027308,-0.0032151019488931842
2024-05-21,83.31500244140625,82.87999725341797,22529.05078125,21.809999465942383,154.1362,83.31,0.00017530121309539126,-0.009915205353390633
2024-05-22,83.31680297851562,81.9000015258789,22597.80078125,21.469999313354492,154.1362,83.26,2.1611199143123372e-05,-0.011824273166208932
2024-05-23,83.26709747314453,81.36000061035156,22967.650390625,21.3799991607666,154.1362,83.27,-0.0005965844054759417,-0.006593417649164657
2024-05-24,83.2863998413086,82.12000274658203,22957.099609375,21.709999084472656,154.1362,83.09,0.0002318126697076206,0.009341225793129793
2024-05-27,83.05220031738281,82.12000274658203,22932.44921875,23.190000534057617,154.1362,83.09,-0.002811977998472992,0.0
2024-05-28,83.14569854736328,84.22000122070312,22888.150390625,24.200000762939453,154.1362,83.16,0.001125776675671153,0.025572313734591345
2024-05-29,83.20649719238281,83.5999984741211,22704.69921875,24.18000030517578,154.1362,83.33,0.0007312301908786178,-0.007361704317211726
2024-05-30,83.3656005859375,81.86000061035156,22488.650390625,24.18000030517578,154.1362,83.28,0.0019121510810247155,-0.02081337195607913
2024-05-31,83.3208999633789,81.62000274658203,22530.69921875,24.600000381469727,154.1362,83.43,-0.0005361998503509158,-0.002931808721965523
2024-06-03,83.45079803466797,78.36000061035156,23263.900390625,20.940000534057617,155.7889,83.14,0.001559009460365246,-0.03994121571341147
2024-06-04,83.09339904785156,77.5199966430664,21884.5,26.75,155.7889,83.52,-0.004282750977024019,-0.010719805522489856
2024-06-05,83.62940216064453,78.41000366210938,22620.349609375,18.889999389648438,155.7889,83.37,0.006450610023598813,0.011480999194839026
2024-06-06,83.38079833984375,79.87000274658203,22821.400390625,16.799999237060547,155.7889,83.47,-0.0029726844193294077,0.01862006142435857
2024-06-07,83.47309875488281,79.62000274658203,23290.150390625,16.8799991607666,155.7889,83.38,0.0011069744698637418,-0.0031300862827464693
2024-06-10,83.52760314941406,81.62999725341797,23259.19921875,16.399999618530273,155.7889,83.5,0.00065295760363826,0.025244843475243695
2024-06-11,83.52980041503906,81.91999816894531,23264.849609375,14.770000457763672,155.7889,83.5,2.6305862279585313e-05,0.0035526267951111468
2024-06-12,83.5968017578125,82.5999984741211,23322.94921875,14.390000343322754,155.7889,83.57,0.0008021250193406271,0.008300785160827218
2024-06-13,83.5343017578125,82.75,23398.900390625,13.489999771118164,155.7889,83.52,-0.0007476362574380113,0.0018159991361974548
2024-06-14,83.52210235595703,82.62000274658203,23465.599609375,12.819999694824219,155.7889,83.54,-0.00014604062760759096,-0.0015709637875283011
2024-06-17,83.55180358886719,84.25,23465.599609375,12.819999694824219,155.7889,83.52,0.00035560925877531346,0.019728845306597353
2024-06-18,83.51010131835938,85.33000183105469,23557.900390625,12.970000267028809,155.7889,83.42,-0.0004991187349230319,0.012819012831509546
2024-06-19,83.37409973144531,85.33000183105469,23516.0,13.710000038146973,155.7889,83.42,-0.0016285645061738796,0.0
2024-06-20,83.41950225830078,85.70999908447266,23567.0,13.350000381469727,155.7889,83.62,0.0005445639233492283,0.004453266673664524
2024-06-21,83.60160064697266,85.23999786376953,23501.099609375,13.180000305175781,155.7889,83.53,0.0021829234620462934,-0.0054836218145318805
2024-06-24,83.5625,86.01000213623047,23537.849609375,14.0600004196167,155.7889,83.42,-0.0004677021333331366,0.00903336804033672
2024-06-25,83.46040344238281,85.01000213623047,23721.30078125,14.3100004196167,155.7889,83.4,-0.0012217987448578382,-0.011626554762969366
2024-06-26,83.41459655761719,85.25,23868.80078125,14.050000190734863,155.7889,83.55,-0.0005488457145699233,0.0028231720707985186
2024-06-27,83.58039855957031,86.38999938964844,24044.5,14.149999618530273,155.7889,83.44,0.001987685714437193,0.013372426858046182
2024-06-28,83.45089721679688,86.41000366210938,24010.599609375,13.800000190734863,155.7889,83.33,-0.001549422412494672,0.00023155773356031695
2024-07-01,83.36750030517578,86.5999984741211,24141.94921875,13.829999923706055,157.2212,83.44,-0.0009993530854969235,0.0021987594486705397
2024-07-02,83.44129943847656,86.23999786376953,24123.849609375,13.640000343322754,157.2212,83.5,0.0008852266534395969,-0.004157051001093759
2024-07-03,83.4791030883789,87.33999633789062,24286.5,13.210000038146973,157.2212,83.48,0.000453056821463127,0.012755084663368388
2024-07-04,83.49120330810547,87.33999633789062,24302.150390625,12.859999656677246,157.2212,83.48,0.00014494908640494408,0.0
2024-07-05,83.49340057373047,86.54000091552734,24323.849609375,12.699999809265137,157.2212,83.47,2.631733090363575e-05,-0.00915955410930358
2024-07-08,83.47209930419922,85.75,24320.55078125,13.600000381469727,157.2212,83.45,-0.0002551251881570682,-0.00912873708307993
2024-07-09,83.45760345458984,84.66000366210938,24433.19921875,14.279999732971191,157.2212,83.47,-0.00017366101643789822,-0.012711327555575802
2024-07-10,83.49299621582031,85.08000183105469,24324.44921875,14.430000305175781,157.2212,83.5,0.00042408072800381724,0.00496099870986999
2024-07-11,83.49590301513672,85.4000015258789,24315.94921875,14.0,157.2212,83.57,3.481488805223698e-05,0.0037611622935744826
2024-07-12,83.51850128173828,85.02999877929688,24502.150390625,13.729999542236328,157.2212,83.48,0.0002706512030592467,-0.00433258477717835
2024-07-15,83.52030181884766,84.8499984741211,24586.69921875,14.1899995803833,157.2212,83.55,2.1558541900779105e-05,-0.002116903537103254
2024-07-16,83.58760070800781,83.7300033569336,24613.0,14.220000267028809,157.2212,83.6,0.0008057788070034988,-0.013199706980891679
2024-07-17,83.52960205078125,85.08000183105469,24613.0,14.220000267028809,157.2212,83.55,-0.0006938667545820509,0.016123234444004098
2024-07-18,83.57209777832031,85.11000061035156,24800.849609375,14.510000228881836,157.2212,83.58,0.0005087505087504329,0.0003525949535878592
2024-07-19,83.67430114746094,82.62999725341797,24530.900390625,14.829999923706055,157.2212,83.7,0.0012229365046181329,-0.02913880083596143
2024-07-22,83.73030090332031,82.4000015258789,24509.25,15.4399995803833,157.2212,83.65,0.0006692587221097668,-0.0027834410647950003
2024-07-23,83.67130279541016,81.01000213623047,24479.05078125,12.75,157.2212,83.68,-0.0007046207558513151,-0.01686892431927789
2024-07-24,83.70680236816406,81.70999908447266,24413.5,11.760000228881836,157.2212,83.72,0.00042427417248069865,0.008640870630580055
2024-07-25,83.74299621582031,82.37000274658203,24406.099609375,12.619999885559082,157.2212,83.7,0.00043238836787784507,0.008077391622866914
2024-07-26,83.73760223388672,81.12999725341797,24834.849609375,12.25,157.2212,83.7,-6.44111409591197e-05,-0.015054090710413637
2024-07-29,83.72779846191406,79.77999877929688,24836.099609375,12.949999809265137,157.2212,83.75,-0.00011707729515919585,-0.01663994231263477
2024-07-30,83.75050354003906,78.62999725341797,24857.30078125,12.880000114440918,157.2212,83.7,0.00027117729764891685,-0.014414659607356772
2024-07-31,83.73899841308594,80.72000122070312,24951.150390625,13.25,157.2212,83.73,-0.0001373738242376188,0.026580237063334122
2024-08-01,83.7177963256836,79.5199966430664,25010.900390625,12.930000305175781,157.111,83.7,-0.00025319251249877883,-0.014866260647787732
2024-08-02,83.743896484375,76.80999755859375,24717.69921875,14.319999694824219,157.111,83.79,0.0003117635656566531,-0.03407946678665952
2024-08-05,83.73529815673828,76.30000305175781,24055.599609375,20.3700008392334,157.111,83.83,-0.00010267408130837374,-0.006639689142639238
2024-08-06,84.00260162353516,76.4800033569336,23992.55078125,18.739999771118164,157.111,83.91,0.0031922435661067006,0.0023591126864526135
2024-08-07,83.93489837646484,78.33000183105469,24297.5,16.170000076293945,157.111,83.96,-0.0008059660744048625,0.02418930953084719
2024-08-08,83.94239807128906,79.16000366210938,24117.0,16.600000381469727,157.111,83.95,8.935133024867703e-05,0.010596218711252714
2024-08-09,83.98899841308594,79.66000366210938,24367.5,15.34000015258789,157.111,83.92,0.0005551466585134168,0.00631632108222524
2024-08-12,83.94979858398438,82.30000305175781,24347.0,15.869999885559082,157.111,83.92,-0.00046672575982831255,0.033140839421077706
2024-08-13,83.88999938964844,80.69000244140625,24139.0,16.170000076293945,157.111,83.97,-0.0007123208791991464,-0.019562582632458025
2024-08-14,83.88200378417969,79.76000213623047,24143.75,15.4399995803833,157.111,83.91,-9.531059157141808e-05,-0.011525595204326722
2024-08-15,83.97149658203125,81.04000091552734,24143.75,15.4399995803833,157.111,83.94,0.0010668891277541004,0.01604812869877592
2024-08-16,83.94830322265625,79.68000030517578,24541.150390625,14.399999618530273,157.111,83.95,-0.0002762051448296221,-0.016781843472202906
2024-08-19,83.88980102539062,77.66000366210938,24572.650390625,14.319999694824219,157.111,83.82,-0.0006968836178911086,-0.025351363395203164
2024-08-20,83.87860107421875,77.19999694824219,24698.849609375,13.819999694824219,157.111,83.79,-0.00013350790006627644,-0.005923341387783498
2024-08-21,83.77940368652344,76.05000305175781,24770.19921875,13.329999923706055,157.111,83.93,-0.0011826304495414774,-0.014896294584770153
2024-08-22,83.88860321044922,77.22000122070312,24811.5,13.0,157.111,83.93,0.0013034172973391822,0.015384590690272981
2024-08-23,83.94059753417969,79.0199966430664,24823.150390625,13.550000190734863,157.111,83.91,0.0006198019962262435,0.023309963661081845
2024-08-26,83.81379699707031,81.43000030517578,25010.599609375,13.800000190734863,157.111,83.87,-0.0015105984569354636,0.030498655587083423
2024-08-27,83.88369750976562,79.55000305175781,25017.75,13.630000114440918,157.111,83.91,0.0008339976853424247,-0.02308728044175723
2024-08-28,83.92160034179688,78.6500015258789,25052.349609375,13.949999809265137,157.111,83.9,0.00045184980105150707,-0.011313657967974344
2024-08-29,83.94149780273438,79.94000244140625,25151.94921875,13.789999961853027,157.111,83.84,0.0002370958234407805,0.01640179136046016
2024-08-30,83.89510345458984,78.80000305175781,25235.900390625,13.390000343322754,157.111,83.83,-0.0005526985979397159,-0.014260687450992071
2024-09-02,83.86380004882812,78.80000305175781,25278.69921875,14.0600004196167,157.8822,83.83,-0.00037312553978385843,0.0
2024-09-03,83.92729949951172,73.75,25279.849609375,13.84000015258789,157.8822,83.94,0.0007571735438487437,-0.06408633066220626
2024-09-04,83.95030212402344,72.69999694824219,25198.69921875,14.380000114440918,157.8822,83.95,0.00027407797759360086,-0.014237329515360164
2024-09-05,83.98249816894531,72.69000244140625,25145.099609375,14.210000038146973,157.8822,83.96,0.00038351315132034713,-0.0001374760282735199
2024-09-06,83.98359680175781,71.05999755859375,24852.150390625,15.220000267028809,157.8822,83.91,1.3081687690430499e-05,-0.02242405871600306
2024-09-09,83.98259735107422,71.83999633789062,24936.400390625,14.239999771118164,157.8822,83.93,-1.1900546316834237e-05,0.01097662265825039
2024-09-10,83.98090362548828,69.19000244140625,25041.099609375,13.359999656677246,157.8822,83.95,-2.0167578038354783e-05,-0.0368874447601647
2024-09-11,83.98200225830078,70.61000061035156,24918.44921875,13.630000114440918,157.8822,83.95,1.3081936071968059e-05,0.020523169805461983
2024-09-12,83.99259948730469,71.97000122070312,25388.900390625,13.180000305175781,157.8822,83.92,0.0001261845242901405,0.019260736419710156
2024-09-13,83.93479919433594,71.61000061035156,25356.5,12.550000190734863,157.8822,83.88,-0.0006881593535807973,-0.0050020925975474695
2024-09-16,83.88480377197266,72.75,25383.75,12.460000038146973,157.8822,83.89,-0.0005956459399816261,0.015919555647701644
2024-09-17,83.88400268554688,73.69999694824219,25418.55078125,12.59000015258789,157.8822,83.75,-9.549839658173909e-06,0.01305837729542536
2024-09-18,83.77059936523438,73.6500015258789,25377.55078125,13.369999885559082,157.8822,83.75,-0.001351906402673797,-0.0006783639678898945
2024-09-19,83.69170379638672,74.87999725341797,25415.80078125,12.470000267028809,157.8822,83.68,-0.0009418049941802842,0.01670055264162995
2024-09-20,83.61470031738281,74.48999786376953,25790.94921875,12.789999961853027,157.8822,83.57,-0.0009200849727142302,-0.005208325373311062
2024-09-23,83.48709869384766,73.9000015258789,25939.05078125,13.789999961853027,157.8822,83.53,-0.0015260668644485609,-0.007920477309848128
2024-09-24,83.55960083007812,75.16999816894531,25940.400390625,13.390000343322754,157.8822,83.66,0.0008684232338260767,0.01718533987609816
2024-09-25,83.56759643554688,73.45999908447266,26004.150390625,12.739999771118164,157.8822,83.56,9.56874540964936e-05,-0.022748425251114313
2024-09-26,83.62409973144531,71.5999984741211,26216.05078125,12.0,157.8822,83.6,0.0006761388182561223,-0.025319910611661167
2024-09-27,83.61710357666016,71.9800033569336,26178.94921875,11.960000038146973,157.8822,83.68,-8.366194443498731e-05,0.005307330878643102
2024-09-30,83.71640014648438,71.7699966430664,25810.849609375,12.789999961853027,157.8822,83.76,0.001187515060638189,-0.0029175702149638605
2024-10-01,83.82730102539062,73.55999755859375,25796.900390625,11.989999771118164,159.2043,83.81,0.001324721066746859,0.024940796979962876
2024-10-02,83.87210083007812,73.9000015258789,25796.900390625,11.989999771118164,159.2043,83.81,0.0005344297638061324,0.0046221313019256804
2024-10-03,83.91960144042969,77.62000274658203,25250.099609375,13.170000076293945,159.2043,84.0,0.0005663457798414928,0.05033831047216464
2024-10-04,84.0093994140625,78.05000305175781,25014.599609375,14.130000114440918,159.2043,83.99,0.001070047665759688,0.005539813063131005
2024-10-07,84.02780151367188,80.93000030517578,24795.75,15.079999923706055,159.2043,83.96,0.00021904810339945513,0.03689938681370886
2024-10-08,83.96410369873047,77.18000030517578,25013.150390625,14.59000015258789,159.2043,83.95,-0.0007580564264916267,-0.046336339872226295
2024-10-09,83.91459655761719,76.58000183105469,24981.94921875,14.119999885559082,159.2043,83.93,-0.0005896226950854455,-0.007774014922889982
2024-10-10,83.94219970703125,79.4000015258789,24998.44921875,13.5,159.2043,83.94,0.00032894336082645026,0.03682423122743583
2024-10-11,83.94599914550781,79.04000091552734,24964.25,13.220000267028809,159.2043,84.08,4.526255554204717e-05,-0.004534012637697815
2024-10-14,84.16829681396484,77.45999908447266,25127.94921875,13.0,159.2043,84.08,0.0026481031939558086,-0.01998990147714308
2024-10-15,84.04850006103516,74.25,25057.349609375,13.0,159.2043,84.04,-0.0014233001909789156,-0.04144073228005141
2024-10-16,84.05619812011719,74.22000122070312,24971.30078125,13.050000190734863,159.2043,84.01,9.15906777210207e-05,-0.00040402396359429105
2024-10-17,84.03929901123047,74.44999694824219,24749.849609375,13.390000343322754,159.2043,84.04,-0.0002010453632766973,0.003098837560715495
2024-10-18,84.05380249023438,73.05999755859375,24854.05078125,13.039999961853027,159.2043,84.03,0.00017257972370732233,-0.018670241056084502
2024-10-21,84.0687026977539,74.29000091552734,24781.099609375,13.760000228881836,159.2043,84.07,0.00017726988045851932,0.016835524199780183
2024-10-22,84.07350158691406,76.04000091552734,24472.099609375,14.399999618530273,159.2043,84.06,5.7082945331243806e-05,0.023556332998162954
2024-10-23,84.08399963378906,74.95999908447266,24435.5,14.619999885559082,159.2043,84.06,0.0001248674871017208,-0.0142030749349209
2024-10-24,84.06759643554688,74.37999725341797,24399.400390625,13.970000267028809,159.2043,84.05,-0.0001950810893109889,-0.007737484500247693
2024-10-25,84.08180236816406,76.05000305175781,24180.80078125,14.630000114440918,159.2043,84.06,0.00016898226212624934,0.022452350900874718
2024-10-28,84.10199737548828,71.41999816894531,24339.150390625,14.289999961853027,159.2043,84.05,0.00024018285473692558,-0.060881061104776424
2024-10-29,84.10279846191406,71.12000274658203,24466.849609375,14.520000457763672,159.2043,84.04,9.525177175007116e-06,-0.004200440073572009
2024-10-30,84.08930206298828,72.55000305175781,24340.849609375,15.510000228881836,159.2043,84.07,-0.00016047502785410117,0.02010686515678617
2024-10-31,84.08910369873047,73.16000366210938,24205.349609375,15.550000190734863,159.2043,84.06,-2.3589713904481613e-06,0.00840800254572538
2024-11-01,84.09149932861328,73.0999984741211,24304.349609375,15.899999618530273,159.2043,84.03,2.8489183228730397e-05,-0.000820191156159833
2024-11-04,84.13359832763672,75.08000183105469,23995.349609375,16.690000534057617,159.2043,84.11,0.0005006332311774386,0.0270862297984118
2024-11-05,84.15249633789062,75.52999877929688,24213.30078125,16.1200008392334,159.2043,84.1,0.0002246190657424485,0.005993566026473607
2024-11-06,84.11630249023438,74.91999816894531,24484.05078125,14.869999885559082,159.2043,84.31,-0.0004300983242484513,-0.008076269299752248
2024-11-07,84.2511978149414,75.62999725341797,24199.349609375,14.9399995803833,159.2043,84.37,0.0016036763470754778,0.009476763238456032
2024-11-08,84.306396484375,73.87000274658203,24148.19921875,14.470000267028809,159.2043,84.34,0.0006551677704906833,-0.02327111689477679
2024-11-11,84.38289642333984,71.83000183105469,24141.30078125,14.270000457763672,159.2043,84.34,0.0009074037339387164,-0.02761609367371698
2024-11-12,84.39649963378906,71.88999938964844,23883.44921875,14.59000015258789,159.2043,84.38,0.00016120814792808247,0.0008352715726620552
2024-11-13,84.39530181884766,72.27999877929688,23559.05078125,15.4399995803833,159.2043,84.39,-1.419270878066925e-05,0.005424946348025594
2024-11-14,84.4229965209961,72.55999755859375,23532.69921875,14.779999732971191,159.2043,84.42,0.0003281545483169168,0.003873807194599399
2024-11-15,84.47380065917969,71.04000091552734,23532.69921875,14.779999732971191,159.2043,84.41,0.0006017807976166356,-0.020948135256467992
2024-11-18,84.47750091552734,73.30000305175781,23453.80078125,15.170000076293945,159.2043,84.37,4.380359731404049e-05,0.031813092723883996
2024-11-19,84.39849853515625,73.30999755859375,23518.5,15.65999984741211,159.2043,84.36,-0.0009351884172105196,0.0001363507014984222
2024-11-20,84.39759826660156,72.80999755859375,23518.5,15.65999984741211,159.2043,84.41,-1.0666878798915036e-05,-0.006820352157294374
2024-11-21,84.38310241699219,74.2300033569336,23349.900390625,15.989999771118164,159.2043,84.48,-0.0001717566602260634,0.01950289583785647
2024-11-22,84.48829650878906,75.16999816894531,23907.25,16.100000381469727,159.2043,84.44,0.001246625079948327,0.012663273198194158
2024-11-25,84.43599700927734,73.01000213623047,24221.900390625,15.300000190734863,159.2043,84.24,-0.0006190147236105892,-0.028734815555805038
2024-11-26,84.37750244140625,72.80999755859375,24194.5,15.3100004196167,159.2043,84.27,-0.0006927681314009559,-0.0027394133924764086
2024-11-27,84.33910369873047,72.83000183105469,24274.900390625,14.630000114440918,159.2043,84.41,-0.0004550827123905865,0.0002747462317223004
2024-11-28,84.42030334472656,72.83000183105469,23914.150390625,15.210000038146973,159.2043,84.41,0.0009627757758270405,0.0
2024-11-29,84.47160339355469,72.94000244140625,24131.099609375,14.430000305175781,159.2043,84.48,0.0006076743010343666,0.0015103749496907515
2024-12-02,84.55699920654297,71.83000183105469,24276.05078125,14.699999809265137,158.3229,84.74,0.0010109410684489006,-0.015217995245383253
2024-12-03,84.73709869384766,73.62000274658203,24457.150390625,14.369999885559082,158.3229,84.68,0.002129918149824217,0.024919961992169393
2024-12-04,84.68309783935547,72.30999755859375,24467.44921875,14.449999809265137,158.3229,84.69,-0.0006372752351043731,-0.01779414750224384
2024-12-05,84.70700073242188,72.08999633789062,24708.400390625,14.529999732971191,158.3229,84.68,0.0002822628561811591,-0.003042473076075747
2024-12-06,84.68379974365234,71.12000274658203,24677.80078125,14.140000343322754,158.3229,84.67,-0.0002738969455762241,-0.013455314753550107
2024-12-09,84.66600036621094,72.13999938964844,24619.0,14.109999656677246,158.3229,84.72,-0.0002101863342846011,0.014341909500494632
2024-12-10,84.84729766845703,72.19000244140625,24610.05078125,13.779999732971191,158.3229,84.84,0.0021413235709957235,0.0006931390654403291
2024-12-11,84.8740005493164,73.5199966430664,24641.80078125,13.270000457763672,158.3229,84.8,0.00031471692785922656,0.01842352343372844
2024-12-12,84.85710144042969,73.41000366210938,24548.69921875,13.1899995803833,158.3229,84.84,-0.0001991081930549088,-0.0014960961096208703
2024-12-13,84.83920288085938,74.48999786376953,24768.30078125,13.050000190734863,158.3229,84.78,-0.0002109258891299648,0.014711812393187529
2024-12-16,84.802001953125,73.91000366210938,24668.25,14.020000457763672,158.3229,84.89,-0.00043848747361074913,-0.007786202420368871
2024-12-17,84.91729736328125,73.19000244140625,24336.0,14.489999771118164,158.3229,84.91,0.0013595835888400298,-0.009741593627768164
2024-12-18,84.91539764404297,73.38999938964844,24198.849609375,14.369999885559082,158.3229,84.95,-2.237140485239486e-05,0.002732571957519747
2024-12-19,85.16549682617188,72.87999725341797,23951.69921875,14.510000228881836,158.3229,85.09,0.002945274815497001,-0.006949204802724207
2024-12-20,85.27940368652344,72.94000244140625,23587.5,15.069999694824219,158.3229,85.02,0.0013374766143154915,0.0008233423470040968
2024-12-23,84.94499969482422,72.62999725341797,23753.44921875,13.520000457763672,158.3229,85.1,-0.003921274976645517,-0.0042501395340275305
2024-12-24,85.0988998413086,73.58000183105469,23727.650390625,13.180000305175781,158.3229,85.14,0.0018117622819151524,0.013080058014073748
2024-12-25,85.18150329589844,73.58000183105469,23727.650390625,13.180000305175781,158.3229,85.14,0.0009706759399226161,0.0
2024-12-26,85.41339874267578,73.26000213623047,23750.19921875,14.039999961853027,158.3229,85.25,0.0027223685636517114,-0.0043490036268137855
2024-12-27,85.26090240478516,74.16999816894531,23813.400390625,13.239999771118164,158.3229,85.53,-0.0017853912867938915,0.012421457905811506
2024-12-30,85.38600158691406,74.38999938964844,23644.900390625,13.970000267028809,158.3229,85.47,0.0014672514435161155,0.0029661753557281845
2024-12-31,85.7865982055664,74.63999938964844,23644.80078125,14.449999809265137,158.3229,85.55,0.0046915959432130006,0.003360666783857935
2025-01-01,85.7865982055664,74.63999938964844,23742.900390625,14.449999809265137,157.772,85.55,0.0,0.0
2025-01-02,85.78569793701172,75.93000030517578,24188.650390625,13.739999771118164,157.772,85.75,-1.0494279683803676e-05,0.017282970606592007
2025-01-03,85.80400085449219,76.51000213623047,24004.75,13.539999961853027,157.772,85.75,0.00021335628106577964,0.0076386385977025295
2025-01-06,85.75900268554688,76.30000305175781,23616.05078125,15.649999618530273,157.772,85.7,-0.0005244297293505173,-0.002744727207022457
2025-01-07,85.68070220947266,77.05000305175781,23707.900390625,14.65999984741211,157.772,85.74,-0.0009130292286784192,0.009829619528209488
2025-01-08,85.80650329589844,76.16000366210938,23688.94921875,14.470000267028809,157.772,85.89,0.0014682546148865327,-0.011550932568433314
2025-01-09,85.90750122070312,76.91999816894531,23526.5,14.65999984741211,157.772,85.87,0.0011770427756088164,0.009978918990179109
2025-01-10,85.91999816894531,79.76000213623047,23431.5,14.920000076293945,157.772,85.96,0.00014546981421426075,0.036921529314749124
2025-01-13,86.18800354003906,81.01000213623047,23085.94921875,16.0,157.772,86.69,0.0031192432123516856,0.01567201562839715
2025-01-14,86.65059661865234,79.91999816894531,23176.05078125,15.470000267028809,157.772,86.63,0.0053672559940245446,-0.013455177614390745
2025-01-15,86.535400390625,82.02999877929688,23213.19921875,15.260000228881836,157.772,86.37,-0.001329433754903242,0.026401409643318052
2025-01-16,86.43099975585938,81.29000091552734,23311.80078125,15.470000267028809,157.772,86.57,-0.0012064500111440557,-0.00902106393735913
2025-01-17,86.6061019897461,80.79000091552734,23203.19921875,15.75,157.772,86.55,0.002025919338910054,-0.006150817989528323
2025-01-20,86.56900024414062,80.79000091552734,23344.75,16.420000076293945,157.772,86.55,-0.00042839643804615246,0.0
2025-01-21,86.21109771728516,79.29000091552734,23024.650390625,17.059999465942383,157.772,86.58,-0.004134303571094899,-0.018566654078496336
2025-01-22,86.45189666748047,79.0,23155.349609375,16.770000457763672,157.772,86.34,0.002793131703124452,-0.0036574714614557857
2025-01-23,86.47270202636719,78.29000091552734,23205.349609375,16.700000762939453,157.772,86.42,0.00024065821212393423,-0.008987330183198194
2025-01-24,86.44020080566406,78.5,23092.19921875,16.75,157.772,86.2,-0.0003758552692526562,0.0026823231832535654
2025-01-27,86.2030029296875,77.08000183105469,22829.150390625,18.1299991607666,157.772,86.34,-0.0027440690068482043,-0.01808914864898492
2025-01-28,86.46839904785156,77.48999786376953,22957.25,18.200000762939453,157.772,86.52,0.0030787340248521478,0.005319097340104939
2025-01-29,86.58460235595703,76.58000183105469,23163.099609375,18.639999389648438,157.772,86.61,0.0013438818040467648,-0.011743399894198592
2025-01-30,86.6406021118164,76.87000274658203,23249.5,17.389999389648438,157.772,86.55,0.0006467634467979266,0.0037869013919211714
2025-01-31,86.64700317382812,76.76000213623047,23508.400390625,16.25,157.772,86.54,7.388062704660747e-05,-0.0014309952702122875
2025-02-03,86.55400085449219,75.95999908447266,23361.05078125,14.350000381469727,157.3313,87.19,-0.0010733472125903365,-0.010422134308151754
2025-02-04,86.94339752197266,76.19999694824219,23739.25,14.020000457763672,157.3313,87.06,0.004498886979645178,0.0031595295769111242
2025-02-05,87.13009643554688,74.61000061035156,23696.30078125,14.079999923706055,157.3313,87.08,0.0021473616041636223,-0.020866094508778077
2025-02-06,87.33409881591797,74.29000091552734,23603.349609375,14.180000305175781,157.3313,87.57,0.002341353776900812,-0.004288965181697413
2025-02-07,87.58830261230469,74.66000366210938,23559.94921875,13.6899995803833,157.3313,87.43,0.0029107049804513174,0.004980518804983625
2025-02-10,87.51309967041016,75.87000274658203,23381.599609375,14.449999809265137,157.3313,87.45,-0.0008585957217073226,0.01620679112137169
2025-02-11,87.49009704589844,77.0,23071.80078125,14.869999885559082,157.3313,86.76,-0.00026284778619833915,0.014893860715839757
2025-02-12,86.81120300292969,75.18000030517578,23045.25,14.899999618530273,157.3313,86.9,-0.0077596672754013385,-0.023636359673041785
2025-02-13,86.8740005493164,75.0199966430664,23031.400390625,14.960000038146973,157.3313,86.89,0.0007233806722457548,-0.0021282742944915833
2025-02-14,86.75409698486328,74.73999786376953,22929.25,15.020000457763672,157.3313,86.82,-0.0013802007930445725,-0.0037323219384968187
2025-02-17,86.43460083007812,74.73999786376953,22959.5,15.720000267028809,157.3313,86.82,-0.0036827788645059645,0.0
2025-02-18,86.85479736328125,75.83999633789062,22945.30078125,15.670000076293945,157.3313,86.96,0.004861438928019046,0.014717667989850414
2025-02-19,86.88719940185547,76.04000091552734,22932.900390625,15.420000076293945,157.3313,86.96,0.0003730598603401969,0.002637191288164642
2025-02-20,86.872802734375,76.4800033569336,22913.150390625,14.680000305175781,157.3313,86.65,-0.00016569376823716286,0.005786460232885204
2025-02-21,86.45120239257812,74.43000030517578,22795.900390625,14.529999732971191,157.3313,86.7,-0.004853076319938365,-0.02680443203160454
2025-02-24,86.52940368652344,74.77999877929688,22553.349609375,14.4399995803833,157.3313,86.72,0.000904571501391116,0.004702384424103645
2025-02-25,86.69010162353516,73.0199966430664,22547.55078125,13.720000267028809,157.3313,87.2,0.001857148323752389,-0.023535733684950655
2025-02-26,87.0811996459961,72.52999877929688,22547.55078125,13.720000267028809,157.3313,87.2,0.004511449578861182,-0.006710461329719308
2025-02-27,87.16220092773438,74.04000091552734,22545.05078125,13.3100004196167,157.3313,87.17,0.0009301810501873842,0.020819001263536308
2025-02-28,87.3270034790039,73.18000030517578,22124.69921875,13.90999984741211,157.3313,87.5,0.001890757111631114,-0.01161535115771728
2025-03-03,87.46399688720703,71.62000274658203,22119.30078125,13.760000228881836,157.5517,87.35,0.0015687405126187937,-0.021317266358133913
2025-03-04,87.32959747314453,71.04000091552734,22082.650390625,13.829999923706055,157.5517,87.26,-0.0015366255698995301,-0.008098321820887766
2025-03-05,87.21700286865234,69.30000305175781,22337.30078125,13.670000076293945,157.5517,86.95,-0.0012893063491654644,-0.024493212856775415
2025-03-06,86.88929748535156,69.45999908447266,22544.69921875,13.729999542236328,157.5517,87.11,-0.003757356622243746,0.002308744959150344
2025-03-07,87.12879943847656,70.36000061035156,22552.5,13.470000267028809,157.5517,86.88,0.0027564033782800923,0.012957119748653989
2025-03-10,87.07379913330078,69.27999877929688,22460.30078125,13.989999771118164,157.5517,87.27,-0.0006312528754011115,-0.015349656362791397
2025-03-11,87.3551025390625,69.55999755859375,22497.900390625,14.069999694824219,157.5517,87.16,0.0032306320450203874,0.004041552890161837
2025-03-12,87.20010375976562,70.94999694824219,22470.5,13.6899995803833,157.5517,87.16,-0.0017743528974459855,0.019982740633042395
2025-03-13,87.3405990600586,69.87999725341797,22397.19921875,13.279999732971191,157.5517,87.0,0.001611182719231996,-0.015081039335417823
2025-03-14,86.9220962524414,70.58000183105469,22397.19921875,13.279999732971191,157.5517,87.0,-0.004791618240784112,0.010017238196191824
2025-03-17,86.93900299072266,71.06999969482422,22508.75,13.420000076293945,157.5517,86.79,0.00019450449322055974,0.006942446175368877
2025-03-18,86.91639709472656,70.55999755859375,22834.30078125,13.210000038146973,157.5517,86.5,-0.0002600201890802234,-0.0071760537275985525
2025-03-19,86.57610321044922,70.77999877929688,22907.599609375,13.300000190734863,157.5517,86.43,-0.0039151862669418724,0.0031179312402955794
2025-03-20,86.33709716796875,72.0,23190.650390625,12.600000381469727,157.5517,86.31,-0.0027606468022647324,0.017236525031701033
2025-03-21,86.33609771728516,72.16000366210938,23350.400390625,12.579999923706055,157.5517,86.01,-1.157614416491537e-05,0.0022222730848524552
2025-03-24,85.98699951171875,73.0,23658.349609375,13.699999809265137,157.5517,85.56,-0.004043479086923263,0.011640746885545061
2025-03-25,85.53209686279297,73.0199966430664,23668.650390625,13.640000343322754,157.5517,85.77,-0.0052903654216215346,0.00027392661734793045
2025-03-26,85.59040069580078,73.79000091552734,23486.849609375,13.470000267028809,157.5517,85.71,0.0006816602789634363,0.010545115144620532
2025-03-27,86.09539794921875,74.02999877929688,23591.94921875,13.300000190734863,157.5517,85.79,0.005900162276524457,0.003252444244366881
2025-03-28,85.69490051269531,73.62999725341797,23519.349609375,12.720000267028809,157.5517,85.51,-0.004651786809321212,-0.005403235613597901
2025-03-31,85.53880310058594,74.73999786376953,23519.349609375,12.720000267028809,157.5517,85.43,-0.0018215484372521296,0.015075385736212699
2025-04-01,85.46810150146484,74.48999786376953,23165.69921875,13.779999732971191,157.5517,85.46,-0.0008265441712804744,-0.0033449291831086914
2025-04-02,85.61009979248047,74.94999694824219,23332.349609375,13.720000267028809,157.5517,85.52,0.0016614185704497686,0.006175313433542051
2025-04-03,85.65119934082031,70.13999938964844,23250.099609375,13.600000381469727,157.5517,85.44,0.00048007826692719746,-0.06417608745088232
2025-04-04,85.28289794921875,65.58000183105469,22904.44921875,13.760000228881836,157.5517,85.24,-0.004300014412361386,-0.06501279723801556
2025-04-07,85.529296875,64.20999908447266,22161.599609375,22.790000915527344,157.5517,85.85,0.0028891950403464595,-0.020890556699150298
2025-04-08,86.0270004272461,62.81999969482422,22535.849609375,20.440000534057617,157.5517,86.24,0.005819100243200648,-0.021647709227028633
2025-04-09,86.435302734375,65.4800033569336,22399.150390625,21.43000030517578,157.5517,86.64,0.0047462111325642375,0.04234326130263466
2025-04-10,86.20929718017578,63.33000183105469,22399.150390625,21.43000030517578,157.5517,86.69,-0.002614736653306582,-0.03283447488783986
2025-04-11,86.2603988647461,64.76000213623047,22828.55078125,20.110000610351562,157.5517,86.06,0.0005927630341715506,0.02258013996258179
2025-04-14,86.19300079345703,64.87999725341797,22828.55078125,20.110000610351562,157.5517,86.02,-0.0007813327109087442,0.0018529202166341907
2025-04-15,86.0447998046875,64.66999816894531,23328.55078125,16.1299991607666,157.5517,85.76,-0.001719408622570917,-0.0032367307854901384
2025-04-16,85.72669982910156,65.8499984741211,23437.19921875,15.869999885559082,157.5517,85.67,-0.00369691110105419,0.018246487375693565
2025-04-17,85.62049865722656,67.95999908447266,23851.650390625,15.470000267028809,157.5517,85.37,-0.0012388342498511618,0.032042530892096854
2025-04-18,85.62049865722656,67.95999908447266,23851.650390625,15.470000267028809,157.5517,85.43,0.0,0.0
2025-04-21,85.62049865722656,66.26000213623047,24125.55078125,15.520000457763672,157.5517,85.18,0.0,-0.025014669969743997
2025-04-22,85.15889739990234,67.44000244140625,24167.25,15.229999542236328,157.5517,85.19,-0.005391247009342903,0.01780863669080035
2025-04-23,85.2323989868164,66.12000274658203,24328.94921875,15.960000038146973,157.5517,85.42,0.0008631110683468002,-0.01957294850294633
2025-04-24,85.4999008178711,66.55000305175781,24246.69921875,16.25,157.5517,85.3,0.0031384993762297864,0.006503331629066134
2025-04-25,85.2573013305664,66.87000274658203,24039.349609375,17.15999984741211,157.5517,85.43,-0.0028374241956311552,0.0048084099196110675
2025-04-28,85.38490295410156,65.86000061035156,24328.5,16.940000534057617,157.5517,85.02,0.001496665054414592,-0.015103964329986397
2025-04-29,85.1603012084961,64.25,24335.94921875,17.3700008392334,157.5517,85.27,-0.0026304620352640695,-0.02444580314957534
2025-04-30,85.1707992553711,63.119998931884766,24334.19921875,18.219999313354492,157.5517,84.49,0.00012327395190037116,-0.017587565262493943
2025-05-01,84.53119659423828,62.130001068115234,24334.19921875,18.219999313354492,157.5517,84.58,-0.007509647281987664,-0.01568437706784309
2025-05-02,84.69670104980469,61.290000915527344,24346.69921875,18.260000228881836,157.5517,84.5,0.0019579097686366342,-0.013520040852195825
2025-05-05,84.52629852294922,60.22999954223633,24461.150390625,18.34000015258789,157.5517,84.27,-0.00201191456979255,-0.017294850015616037
2025-05-06,84.2208023071289,62.150001525878906,24379.599609375,19.0,157.5517,84.45,-0.0036142149976834403,0.031877834936661076
2025-05-07,84.79319763183594,61.119998931884766,24414.400390625,19.059999465942383,157.5517,84.82,0.006796365138147964,-0.01657284905399803
2025-05-08,84.81719970703125,62.84000015258789,24273.80078125,21.010000228881836,157.5517,85.67,0.0002830660461647927,0.028141381720572012
2025-05-09,86.08219909667969,63.90999984741211,24008.0,21.6299991607666,157.5517,85.38,0.014914420589431154,0.017027366203469896
2025-05-12,85.4083023071289,64.95999908447266,24924.69921875,18.389999389648438,157.5517,85.38,-0.00782852664804623,0.016429341880260795
2025-05-13,84.9656982421875,66.62999725341797,24578.349609375,18.200000762939453,157.5517,85.35,-0.005182213590311124,0.025708100253722055
2025-05-14,85.060302734375,66.08999633789062,24666.900390625,17.229999542236328,157.5517,85.29,0.0011134433559039092,-0.008104471526143464
2025-05-15,85.48760223388672,64.52999877929688,25062.099609375,16.889999389648438,157.5517,85.52,0.005023489051597663,-0.023604140490765535
2025-05-16,85.44490051269531,65.41000366210938,25019.80078125,16.549999237060547,157.5517,85.49,-0.0004995077657526936,0.013637143955670394
2025-05-19,85.50029754638672,65.54000091552734,24945.44921875,17.360000610351562,157.5517,85.37,0.000648336335568489,0.001987421589050742
2025-05-20,85.37210083007812,65.37999725341797,24683.900390625,17.389999389648438,157.5517,85.63,-0.0014993715810057706,-0.0024413130893238266
2025-05-21,85.53610229492188,64.91000366210938,24813.44921875,17.549999237060547,157.5517,85.65,0.0019210194343250997,-0.0071886450145731695
2025-05-22,85.60030364990234,64.44000244140625,24609.69921875,17.260000228881836,157.5517,85.97,0.0007505761106474385,-0.007240813344422614
2025-05-23,85.97489929199219,64.77999877929688,24853.150390625,17.280000686645508,157.5517,85.17,0.004376101790735554,0.005276168916966917
2025-05-26,85.19930267333984,64.77999877929688,25001.150390625,18.020000457763672,157.5517,85.17,-0.009021198338578174,0.0
2025-05-27,85.158203125,64.08999633789062,24826.19921875,18.540000915527344,157.5517,85.3,-0.0004823930132084042,-0.01065147351664919
2025-05-28,85.3604965209961,64.9000015258789,24752.44921875,18.020000457763672,157.5517,85.39,0.0023755009919497194,0.012638558812171352
2025-05-29,85.38590240478516,64.1500015258789,24833.599609375,16.420000076293945,157.5517,85.49,0.0002976304593402812,-0.011556240098098303
2025-05-30,85.36129760742188,63.900001525878906,24750.69921875,16.079999923706055,157.5517,85.5,-0.0002881599499485743,-0.0038971160413635575
2025-06-02,85.52429962158203,64.62999725341797,24716.599609375,17.15999984741211,157.5517,85.33,0.0019095540804663358,0.011424033022024549
2025-06-03,85.36370086669922,65.62999725341797,24542.5,16.559999465942383,157.5517,85.59,-0.0018778143240389955,0.01547269135845597
2025-06-04,85.70880126953125,64.86000061035156,24620.19921875,15.75,157.5517,85.85,0.004042706669558749,-0.01173238877480387
2025-06-05,85.9041976928711,65.33999633789062,24750.900390625,15.079999923706055,157.5517,85.8,0.002279770810530657,0.0074004890999408435
2025-06-06,85.87750244140625,66.47000122070312,25003.05078125,14.630000114440918,157.5517,85.66,-0.0003107560769065598,0.01729422935637981
2025-06-09,85.7853012084961,67.04000091552734,25103.19921875,14.6899995803833,157.5517,85.64,-0.0010736366369418215,0.0085752923778597
2025-06-10,85.75599670410156,66.87000274658203,25104.25,14.020000457763672,157.5517,85.57,-0.00034160286181550426,-0.0025357721751751994
2025-06-11,85.65280151367188,69.7699966430664,25141.400390625,13.670000076293945,157.5517,85.51,-0.0012033583002453163,0.04336763537268751
2025-06-12,85.46980285644531,69.36000061035156,24888.19921875,14.020000457763672,157.5517,85.55,-0.0021365168913635157,-0.00587639461719236
2025-06-13,85.68840026855469,74.2300033569336,24718.599609375,15.079999923706055,157.5517,86.08,0.0025575981785816992,0.07021341845050699
2025-06-16,86.24919891357422,73.2300033569336,24946.5,14.84000015258789,157.5517,86.05,0.006544627315505203,-0.013471641583949756
2025-06-17,86.10420227050781,76.44999694824219,24853.400390625,14.399999618530273,157.5517,86.29,-0.001681136113643178,0.04397096058583916
2025-06-18,86.36270141601562,76.69999694824219,24812.05078125,14.279999732971191,157.5517,86.49,0.0030021664296442374,0.0032701113143176475
2025-06-19,86.61360168457031,76.69999694824219,24793.25,14.260000228881836,157.5517,86.49,0.0029051924550864694,0.0
2025-06-20,86.58380126953125,77.01000213623047,25112.400390625,13.670000076293945,157.5517,86.58,-0.00034406160763977844,0.004041788791692813
2025-06-23,86.5802993774414,71.4800033569336,24971.900390625,14.050000190734863,157.5517,86.73,-4.044511835354925e-05,-0.07180883814954742
2025-06-24,86.23300170898438,67.13999938964844,25044.349609375,13.640000343322754,157.5517,85.92,-0.004011278211721203,-0.060716336925915604
2025-06-25,85.90480041503906,67.68000030517578,25244.75,12.960000038146973,157.5517,86.04,-0.003805982482819159,0.008042909151569022
2025-06-26,86.006103515625,67.7300033569336,25549.0,12.59000015258789,157.5517,85.66,0.0011792484249599777,0.0007388157732319822
2025-06-27,85.66639709472656,67.7699966430664,25637.80078125,12.390000343322754,157.5517,85.45,-0.003949794340313506,0.0005904810888912593
2025-06-30,85.4552993774414,67.61000061035156,25517.05078125,12.789999961853027,157.5517,85.74,-0.0024641834423331233,-0.0023608682402260772
2025-07-01,85.71399688720703,67.11000061035156,25541.80078125,12.529999732971191,157.5517,85.58,0.0030272845762671086,-0.007395355649848168
2025-07-02,85.6427993774414,69.11000061035156,25453.400390625,12.449999809265137,157.5517,85.7,-0.0008306404128991529,0.029801817639851125
2025-07-03,85.69409942626953,68.80000305175781,25405.30078125,12.390000343322754,157.5517,85.3,0.0005990001401290357,-0.004485567296425685
2025-07-04,85.31909942626953,68.29000091552734,25461.0,12.319999694824219,157.5517,85.3,-0.004376030584493651,-0.00741282141872579
2025-07-07,85.49629974365234,69.58000183105469,25461.30078125,12.5600004196167,157.5517,85.86,0.0020769126558344286,0.018890040975735767
2025-07-08,85.89199829101562,70.1500015258789,25522.5,12.199999809265137,157.5517,85.75,0.004628253486405054,0.008192004596496272
2025-07-09,85.7073974609375,70.19000244140625,25476.099609375,11.9399995803833,157.5517,85.69,-0.002149220343583891,0.0005702197385211161
2025-07-10,85.70850372314453,68.63999938964844,25355.25,11.670000076293945,157.5517,85.65,1.2907429694619665e-05,-0.022082960504976934
2025-07-11,85.73480224609375,70.36000061035156,25149.849609375,11.819999694824219,157.5517,85.8,0.0003068367992302701,0.02505829306523144
2025-07-14,85.82129669189453,69.20999908447266,25082.30078125,11.979999542236328,157.5517,85.99,0.0010088603873197322,-0.01634453547332282
2025-07-15,85.96839904785156,68.70999908447266,25195.80078125,11.479999542236328,157.5517,85.82,0.0017140542222886523,-0.007224389634649997
2025-07-16,85.99310302734375,68.5199966430664,25212.05078125,11.239999771118164,157.5517,85.96,0.0002873611671940779,-0.002765280802473291
2025-07-17,85.88520050048828,69.5199966430664,25111.44921875,11.239999771118164,157.5517,86.08,-0.001254781174964248,0.014594279757618622
2025-07-18,86.04650115966797,69.27999877929688,24968.400390625,11.390000343322754,157.5517,86.1,0.0018780960891948695,-0.00345221339698476
2025-07-21,86.14859771728516,69.20999908447266,25090.69921875,11.199999809265137,157.5517,86.3,0.0011865277058475954,-0.0010103882225404037
2025-07-22,86.19529724121094,68.58999633789062,25060.900390625,10.75,157.5517,86.37,0.0005420810687950528,-0.008958282831723507
2025-07-23,86.3427963256836,68.51000213623047,25219.900390625,10.520000457763672,157.5517,86.41,0.0017112196279094327,-0.0011662663060381107
2025-07-24,86.39869689941406,69.18000030517578,25062.099609375,10.720000267028809,157.5517,86.39,0.0006474260286823963,0.009779567188058724
2025-07-25,86.4302978515625,68.44000244140625,24837.0,11.279999732971191,157.5517,86.48,0.00036575727739540653,-0.01069670223337893
2025-07-28,86.506103515625,70.04000091552734,24680.900390625,12.0600004196167,157.5517,86.67,0.0008770728083420387,0.023378118308673423
2025-07-29,86.77760314941406,72.51000213623047,24821.099609375,11.529999732971191,157.5517,86.83,0.003138502634557172,0.03526557950337694
2025-07-30,87.06320190429688,73.23999786376953,24855.05078125,11.210000038146973,157.5517,87.44,0.003291157447516291,0.010067517666977333
2025-07-31,87.714599609375,72.52999877929688,24768.349609375,11.539999961853027,157.5517,87.6,0.007481894656185206,-0.009694143981179404
2025-08-01,87.4894027709961,69.66999816894531,24565.349609375,11.979999542236328,157.5517,87.54,-0.0025673814779043624,-0.03943196826811379
2025-08-04,87.24530029296875,68.76000213623047,24722.75,11.970000267028809,157.5517,87.63,-0.0027900805159943864,-0.013061519400476507
2025-08-05,87.89330291748047,67.63999938964844,24649.55078125,11.710000038146973,157.5517,87.8,0.007427364251549662,-0.016288579287170868
2025-08-06,87.72309875488281,66.88999938964844,24574.19921875,11.960000038146973,157.5517,87.71,-0.0019364861365769315,-0.011088113642336639
2025-08-07,87.76249694824219,66.43000030517578,24596.150390625,11.6899995803833,157.5517,87.71,0.0004491199458134254,-0.00687694855239962
2025-08-08,87.43319702148438,66.58999633789062,24363.30078125,12.029999732971191,157.5517,87.67,-0.0037521713511867727,0.0024084906214034696
2025-08-11,87.48829650878906,66.62999725341797,24585.05078125,12.220000267028809,157.5517,87.63,0.0006301895525009371,0.0006007045761704521
2025-08-12,87.66449737548828,66.12000274658203,24487.400390625,12.229999542236328,157.5517,87.71,0.0020139935709173606,-0.0076541276881079146
2025-08-13,87.59559631347656,65.62999725341797,24619.349609375,12.140000343322754,157.5517,87.48,-0.0007859631216112772,-0.007410851070924873
2025-08-14,87.44999694824219,66.83999633789062,24631.30078125,12.359999656677246,157.5517,87.56,-0.0016621767687192701,0.018436677359599418
2025-08-15,87.69180297851562,65.8499984741211,24631.30078125,12.359999656677246,157.5517,87.56,0.0027650776296372914,-0.014811458976821013
2025-08-18,87.51280212402344,66.5999984741211,24876.94921875,12.34000015258789,157.5517,87.3,-0.002041249562813152,0.011389521904009658
2025-08-19,87.29509735107422,65.79000091552734,24980.650390625,11.789999961853027,157.5517,87.02,-0.0024876905740109923,-0.012162125783058308
2025-08-20,87.0791015625,66.83999633789062,25050.55078125,11.789999961853027,157.5517,87.02,-0.0024743175175754306,0.015959802519404764
2025-08-21,87.01820373535156,67.66999816894531,25083.75,11.369999885559082,157.5517,87.31,-0.0006993391761710432,0.012417742018698608
2025-08-22,87.29340362548828,67.7300033569336,24870.099609375,11.729999542236328,157.5517,87.53,0.003162555400174405,0.0008867325197567943
2025-08-25,87.3301010131836,68.80000305175781,24967.75,11.760000228881836,157.5517,87.55,0.00042039130302162775,0.015798016267404735
2025-08-26,87.60859680175781,67.22000122070312,24712.05078125,12.1899995803833,157.5517,87.68,0.0031890011043520516,-0.022965141874573214
2025-08-27,87.60070037841797,68.05000305175781,24712.05078125,12.1899995803833,157.5517,87.74,-9.013297356774697e-05,0.012347542635852582
2025-08-28,87.65910339355469,68.62000274658203,24500.900390625,12.180000305175781,157.5517,87.63,0.0006666957556780151,0.00837618911479976
2025-08-29,87.5916976928711,68.12000274658203,24426.849609375,11.75,157.5517,88.18,-0.0007689526594969465,-0.007286505100364549
2025-09-01,88.17430114746094,68.12000274658203,24625.05078125,11.289999961853027,157.5517,88.18,0.006651354750911054,0.0
2025-09-02,88.00140380859375,69.13999938964844,24579.599609375,11.399999618530273,157.5517,88.15,-0.0019608586245332127,0.014973526158843065
2025-09-03,87.99829864501953,67.5999984741211,24715.05078125,10.930000305175781,157.5517,88.06,-3.5285386821515274e-05,-0.022273661109663112
2025-09-04,88.072998046875,66.98999786376953,24734.30078125,10.850000381469727,157.5517,88.17,0.0008488732510250063,-0.009023677871606517
2025-09-05,88.19290161132812,65.5,24741.0,10.779999732971191,157.5517,88.25,0.0013614111829065578,-0.022242094510878774
2025-09-08,88.1863021850586,66.0199966430664,24773.150390625,10.84000015258789,157.5517,88.25,-7.482944941095138e-05,0.007938880046815422
2025-09-09,87.98049926757812,66.38999938964844,24868.599609375,10.6899995803833,157.5517,88.12,-0.0023337288488249897,0.005604404201691171
2025-09-10,88.21829986572266,67.48999786376953,24973.099609375,10.539999961853027,157.5517,88.09,0.0027028784801652606,0.01656873752423338
2025-09-11,88.05339813232422,66.37000274658203,25005.5,10.359999656677246,157.5517,88.44,-0.0018692463315370667,-0.016594979295276313
2025-09-12,88.2676010131836,66.98999786376953,25114.0,10.119999885559082,157.5517,88.28,0.002432647523011866,0.009341496030289553
2025-09-15,88.27729797363281,67.44000244140625,25069.19921875,10.399999618530273,157.5517,88.22,0.00010985866091184349,0.006717489057871617
2025-09-16,88.12349700927734,68.47000122070312,25239.099609375,10.270000457763672,157.5517,88.05,-0.0017422482097425585,0.015272816459218852
2025-09-17,87.88459777832031,67.94999694824219,25330.25,10.25,157.5517,87.77,-0.0027109594950808225,-0.0075946292272549565
2025-09-18,87.91069793701172,67.44000244140625,25423.599609375,9.890000343322754,157.5517,88.17,0.0002969821715204102,-0.007505438259613251
2025-09-19,88.20690155029297,66.68000030517578,25327.05078125,9.970000267028809,157.5517,88.06,0.0033693693740604047,-0.011269307661884831
2025-09-22,88.09919738769531,66.56999969482422,25202.349609375,10.5600004196167,157.5517,88.29,-0.0012210400853526204,-0.001649679211879418
2025-09-23,88.30439758300781,67.62999725341797,25169.5,10.630000114440918,157.5517,88.76,0.002329194832609849,0.015923051877017924
2025-09-24,88.80799865722656,69.30999755859375,25056.900390625,10.520000457763672,157.5517,88.73,0.005703012398055929,0.024841052393963725
2025-09-25,88.77860260009766,69.41999816894531,24890.849609375,10.779999732971191,157.5517,88.7,-0.0003310068639466035,0.0015870814345155804
2025-09-26,88.77310180664062,70.12999725341797,24654.69921875,11.430000305175781,157.5517,88.65,-6.196080244480484e-05,0.010227587196772303
2025-09-29,88.67680358886719,67.97000122070312,24634.900390625,11.369999885559082,157.5517,88.76,-0.0010847679737854277,-0.030799887598877196
2025-09-30,88.70449829101562,67.0199966430664,24611.099609375,11.069999694824219,157.5517,88.78,0.00031231055955549536,-0.013976821547376339
2025-10-01,88.8406982421875,65.3499984741211,24836.30078125,10.289999961853027,157.5517,88.69,0.0015354345472429198,-0.024917908871875283
2025-10-02,88.68299865722656,64.11000061035156,24836.30078125,10.289999961853027,157.5517,88.74,-0.0017750826826128385,-0.01897471909292514
2025-10-03,88.72019958496094,64.52999877929688,24894.25,10.0600004196167,157.5517,88.78,0.0004194820686900247,0.006551211432643367
2025-10-06,88.73509979248047,65.47000122070312,25077.650390625,10.1899995803833,157.5517,88.79,0.00016794605500480841,0.014566906232575727
2025-10-07,88.72109985351562,65.44999694824219,25108.30078125,10.050000190734863,157.5517,88.72,-0.00015777227948787775,-0.0003055486801275542
2025-10-08,88.74259948730469,66.25,25046.150390625,10.3100004196167,157.5517,88.77,0.00024232830549397733,0.012223118243847253
2025-10-09,88.7771987915039,65.22000122070312,25181.80078125,10.119999885559082,157.5517,88.84,0.0003898838257963,-0.015547151385613245
2025-10-10,88.86540222167969,62.72999954223633,25285.349609375,10.100000381469727,157.5517,88.72,0.0009935369822033913,-0.038178497881971585
2025-10-13,88.7573013305664,63.31999969482422,25227.349609375,11.010000228881836,157.5517,88.72,-0.0012164564432355363,0.009405390672618141
2025-10-14,88.66510009765625,62.38999938964844,25145.5,11.15999984741211,157.5517,88.76,-0.0010388016707127967,-0.01468730748038527
2025-10-15,88.78250122070312,61.90999984741211,25323.55078125,10.529999732971191,157.5517,87.98,0.0013240962105447451,-0.007693533369643957
2025-10-16,87.80950164794922,61.060001373291016,25585.30078125,10.869999885559082,157.5517,87.81,-0.010959362029406505,-0.013729582881861768
2025-10-17,87.9906997680664,61.290000915527344,25709.849609375,11.630000114440918,157.5517,87.99,0.0020635365958874274,0.003766779185447877
2025-10-20,88.0022964477539,61.0099983215332,25843.150390625,11.359999656677246,157.5517,87.92,0.00013179437961130525,-0.004568487352122119
2025-10-21,87.87999725341797,61.31999969482422,25868.599609375,11.300000190734863,157.5517,87.97,-0.0013897273056794335,0.005081156889355398
2025-10-22,88.00160217285156,62.59000015258789,25868.599609375,11.300000190734863,157.5517,87.92,0.001383761074581269,0.02071103170391675
2025-10-23,87.74030303955078,65.98999786376953,25891.400390625,11.729999542236328,157.5517,87.85,-0.0029692542732067118,0.05432173994077005
2025-10-24,87.77899932861328,65.94000244140625,25795.150390625,11.59000015258789,157.5517,87.83,0.0004410320881278462,-0.0007576212150588457
2025-10-27,87.8290023803711,65.62000274658203,25966.05078125,11.859999656677246,157.5517,88.24,0.0005696470925877772,-0.004852891764882239
2025-10-28,88.22209930419922,64.4000015258789,25936.19921875,11.949999809265137,157.5517,88.21,0.004475707490399383,-0.018591910540062706
2025-10-29,88.22550201416016,64.91999816894531,26053.900390625,11.970000267028809,157.5517,88.2,3.856981400085502e-05,0.008074481843877823
2025-10-30,88.34559631347656,65.0,25877.849609375,12.069999694824219,157.5517,88.64,0.0013612197899097733,0.0012323141298693496
2025-10-31,88.6344985961914,65.06999969482422,25722.099609375,12.149999618530273,157.5517,88.75,0.0032701378990043217,0.0010769183819110406
2025-11-03,88.77539825439453,64.88999938964844,25763.349609375,12.670000076293945,157.5517,88.78,0.0015896706184919118,-0.002766256431842251
2025-11-04,88.72339630126953,64.44000244140625,25597.650390625,12.649999618530273,157.5517,88.67,-0.0005857698658358057,-0.0069347657955745046
2025-11-05,88.73200225830078,63.52000045776367,25597.650390625,12.649999618530273,157.5517,88.66,9.699760593062656e-05,-0.014276876920964021
2025-11-06,88.55690002441406,63.380001068115234,25509.69921875,12.40999984741211,157.5517,88.65,-0.00197338310226558,-0.002204020602007528
2025-11-07,88.6729965209961,63.630001068115234,25492.30078125,12.5600004196167,157.5517,88.68,0.001310981939860456,0.003944461908912178
2025-11-10,88.65799713134766,64.05999755859375,25574.349609375,12.300000190734863,157.5517,88.7,-0.00016915397287697864,0.006757763370429659
2025-11-11,88.70709991455078,65.16000366210938,25694.94921875,12.489999771118164,157.5517,88.7,0.000553844941143744,0.017171497743337927
2025-11-12,88.46649932861328,62.709999084472656,25875.80078125,12.109999656677246,157.5517,88.58,-0.002712303594292531,-0.037599822589657106
2025-11-13,88.59400177001953,63.0099983215332,25879.150390625,12.15999984741211,157.5517,88.66,0.001441251121881093,0.004783913912300264
2025-11-14,88.81610107421875,64.38999938964844,25910.05078125,11.9399995803833,157.5517,88.74,0.002506933875453088,0.02190130304516491
2025-11-17,88.68199920654297,64.19999694824219,26013.44921875,11.789999961853027,157.5517,88.58,-0.0015098823980543852,-0.0029508066968050306
2025-11-18,88.63590240478516,64.88999938964844,25910.05078125,12.100000381469727,157.5517,88.6,-0.0005197988562531952,0.010747702090430522
2025-11-19,88.55680084228516,63.5099983215332,26052.650390625,11.970000267028809,157.5517,88.58,-0.0008924325285114554,-0.02126677579126901
2025-11-20,88.48719787597656,63.380001068115234,26192.150390625,12.140000343322754,157.5517,88.69,-0.0007859697464969173,-0.00204687855225294
2025-11-21,88.69219970703125,62.560001373291016,26068.150390625,13.630000114440918,157.5517,89.54,0.002316740002797024,-0.01293783024621531
2025-11-24,89.63400268554688,63.369998931884766,25959.5,13.239999771118164,157.5517,89.23,0.010618780249295856,0.0129475310232261
2025-11-25,89.14779663085938,62.47999954223633,25884.80078125,12.239999771118164,157.5517,89.16,-0.005424348351297015,-0.014044491157481076
2025-11-26,89.15059661865234,63.130001068115234,26205.30078125,11.970000267028809,157.5517,89.27,3.14083791050912e-05,0.010403353563399165
2025-11-27,89.16300201416016,63.130001068115234,26215.55078125,11.789999961853027,157.5517,89.27,0.0001391510093968762,0.0
2025-11-28,89.36479949951172,63.20000076293945,26202.94921875,11.619999885559082,157.5517,89.43,0.0022632423852162464,0.0011088182106744338
2025-12-01,89.3499984741211,63.16999816894531,26175.75,11.630000114440918,157.5517,89.59,-0.0001656247814969536,-0.0004747245827840807
2025-12-02,89.61270141601562,62.45000076293945,26032.19921875,11.229999542236328,157.5517,89.92,0.002940156087082757,-0.011397774685385609
2025-12-03,89.91719818115234,62.66999816894531,25986.0,11.210000038146973,157.5517,90.15,0.003397919718133746,0.003522776674430572
2025-12-04,90.17050170898438,63.2599983215332,26033.75,10.819999694824219,157.5517,89.97,0.0028170754088856498,0.009414395561291977
2025-12-05,89.8364028930664,63.75,26186.44921875,10.319999694824219,157.5517,89.97,-0.003705189719318991,0.007745837677330503
2025-12-08,89.93800354003906,62.4900016784668,25960.55078125,11.130000114440918,157.5517,90.12,0.0011309518602786728,-0.01976467955346206
2025-12-09,90.12999725341797,61.939998626708984,25839.650390625,10.949999809265137,157.5517,89.9,0.0021347339925488207,-0.008801456824849674
2025-12-10,89.91690063476562,62.209999084472656,25758.0,10.90999984741211,157.5517,89.98,-0.002364325143083934,0.0043590646391657994
2025-12-11,89.79299926757812,61.279998779296875,25898.55078125,10.399999618530273,157.5517,90.35,-0.0013779541589269417,-0.014949370179429988
2025-12-12,90.25299835205078,61.119998931884766,26046.94921875,10.109999656677246,157.5517,90.41,0.0051228836125840616,-0.002610963619440576
2025-12-15,90.5770034790039,60.560001373291016,26027.30078125,10.25,157.5517,90.7,0.00358996524070343,-0.009162263880564514
2025-12-16,90.77690124511719,58.91999816894531,25860.099609375,10.0600004196167,157.5517,91.03,0.0022069372846897917,-0.027080633539565913
2025-12-17,90.94889831542969,59.68000030517578,25818.55078125,9.84000015258789,157.5517,90.4,0.0018947228640033842,0.012898882550051338
2025-12-18,90.4136962890625,59.81999969482422,25815.55078125,9.710000038146973,157.5517,90.25,-0.0058846455128130915,0.002345834264955604
2025-12-19,90.25579833984375,60.470001220703125,25966.400390625,9.520000457763672,157.5517,89.54,-0.001746394138272267,0.010865956689985579
2025-12-22,89.56999969482422,62.06999969482422,26172.400390625,9.680000305175781,157.5517,89.64,-0.007598388775392206,0.026459375588259393
2025-12-23,89.60389709472656,62.380001068115234,26177.150390625,9.380000114440918,157.5517,89.67,0.0003784459084272829,0.0049943833545220695
2025-12-24,89.50789642333984,62.2400016784668,26142.099609375,9.1899995803833,157.5517,89.81,-0.001071389465183925,-0.0022442992505813386
2025-12-25,89.50789642333984,62.2400016784668,26142.099609375,9.1899995803833,157.5517,89.81,0.0,0.0
2025-12-26,90.10590362548828,60.63999938964844,26042.30078125,9.149999618530273,157.5517,89.78,0.006681055259304403,-0.025706976954853022
2025-12-29,89.82929992675781,61.939998626708984,25942.099609375,9.720000267028809,157.5517,89.97,-0.003069762219800043,0.021437982357276564
2025-12-30,89.9000015258789,61.91999816894531,25938.849609375,9.680000305175781,157.5517,89.78,0.0007870661262945333,-0.00032290051997263536
2025-12-31,89.9000015258789,61.91999816894531,25938.849609375,9.680000305175781,157.5517,89.84,0.0,0.0
