Date,RELIANCE_sentiment,HDFCBANK_sentiment,INFY_sentiment,MM_sentiment,BHARTIARTL_sentiment,HUL_sentiment
2020-01-01,,,,,,
2020-01-02,0.0,0.0,0.0,0.0,0.0,0.0
2020-01-03,0.0,0.0,0.0,0.0,0.0,0.0
2020-01-06,0.0,0.0,0.0,0.0,0.0,0.0
2020-01-07,0.0,0.0,0.0,0.0,0.0,0.0
2020-01-08,0.0,0.0,0.0,0.0,0.0,0.0
2020-01-09,0.0,0.0,0.0,0.0,0.0,0.0
2020-01-10,0.0,0.0,0.0,0.0,0.0,0.0
2020-01-13,0.0,0.0,0.0,0.0,0.0,0.0
2020-01-14,0.0,0.0,0.0,0.0,0.0,0.0
2020-01-15,0.0,0.0,0.0,0.0,0.0,0.0
2020-01-16,0.0,0.0,0.0,0.0,0.0,0.0
2020-01-17,0.0,0.0,0.0,0.0,0.0,0.0
2020-01-20,0.0,0.0,0.0,0.0,0.0,0.0
2020-01-21,0.0,0.0,0.0,0.0,0.0,0.0
2020-01-22,0.0,0.0,0.0,0.0,0.0,0.0
2020-01-23,0.0,0.0,0.0,0.0,0.0,0.0
2020-01-24,0.0,0.0,0.0,0.0,0.0,0.0
2020-01-27,0.0,0.0,0.0,0.0,0.0,0.0
2020-01-28,0.0,0.0,0.0,0.0,0.0,0.0
2020-01-29,0.0,0.0,0.0,0.0,0.0,0.0
2020-01-30,0.0,0.0,0.0,0.0,0.0,0.0
2020-01-31,0.0,0.0,0.0,0.0,0.0,0.0
2020-02-03,0.0,0.0,0.0,0.0,0.0,0.0
2020-02-04,0.0,0.0,0.0,0.0,0.0,0.0
2020-02-05,0.0,0.0,0.0,0.0,0.0,0.0
2020-02-06,0.0,0.0,0.0,0.0,0.0,0.0
2020-02-07,0.0,0.0,0.0,0.0,0.0,0.0
2020-02-10,0.0,0.0,0.0,0.0,0.0,0.0
2020-02-11,0.0,0.0,0.0,0.0,0.0,0.0
2020-02-12,0.0,0.0,0.0,0.0,0.0,0.0
2020-02-13,0.0,0.0,0.0,0.0,0.0,0.0
2020-02-14,0.0,0.0,0.0,0.0,0.0,0.0
2020-02-17,0.0,0.0,0.0,0.0,0.0,0.0
2020-02-18,0.0,0.0,0.0,0.0,0.0,0.0
2020-02-19,0.0,0.0,0.0,0.0,0.0,0.0
2020-02-20,0.0,0.0,0.0,0.0,0.0,0.0
2020-02-21,0.0,0.0,0.0,0.0,0.0,0.0
2020-02-24,0.0,0.0,0.0,0.0,0.0,0.0
2020-02-25,0.0,0.0,0.0,0.0,0.0,0.0
2020-02-26,0.0,0.0,0.0,0.0,0.0,0.0
2020-02-27,0.0,0.0,0.0,0.0,0.0,0.0
2020-02-28,0.0,0.0,0.0,0.0,0.0,0.0
2020-03-02,0.0,0.0,0.0,0.0,0.0,0.0
2020-03-03,0.0,0.0,0.0,0.0,0.0,0.0
2020-03-04,0.0,0.0,0.0,0.0,0.0,0.0
2020-03-05,0.0,0.0,0.0,0.0,0.0,0.0
2020-03-06,0.0,0.0,0.0,0.0,0.0,0.0
2020-03-09,0.0,0.0,0.0,0.0,0.0,0.0
2020-03-10,0.0,0.0,0.0,0.0,0.0,0.0
2020-03-11,0.0,0.0,0.0,0.0,0.0,0.0
2020-03-12,0.0,0.0,0.0,0.0,0.0,0.0
2020-03-13,0.0,0.0,0.0,0.0,0.0,0.0
2020-03-16,0.0,0.0,0.0,0.0,0.0,0.0
2020-03-17,0.0,0.0,0.0,0.0,0.0,0.0
2020-03-18,0.0,0.0,0.0,0.0,0.0,0.0
2020-03-19,0.0,0.0,0.0,0.0,0.0,0.0
2020-03-20,0.0,0.0,0.0,0.0,0.0,0.0
2020-03-23,0.0,0.0,0.0,0.0,0.0,0.0
2020-03-24,0.0,0.0,0.0,0.0,0.0,0.0
2020-03-25,0.0,0.0,0.0,0.0,0.0,0.0
2020-03-26,0.0,0.0,0.0,0.0,0.0,0.0
2020-03-27,0.0,0.0,0.0,0.0,0.0,0.0
2020-03-30,0.0,0.0,0.0,0.0,0.0,0.0
2020-03-31,0.0,0.0,0.0,0.0,0.0,0.0
2020-04-01,0.0,0.0,0.0,0.0,0.0,0.0
2020-04-02,0.0,0.0,0.0,0.0,0.0,0.0
2020-04-03,0.0,0.0,0.0,0.0,0.0,0.0
2020-04-06,0.0,0.0,0.0,0.0,0.0,0.0
2020-04-07,0.0,0.0,0.0,0.0,0.0,0.0
2020-04-08,0.0,0.0,0.0,0.0,0.0,0.0
2020-04-09,0.0,0.0,0.0,0.0,0.0,0.0
2020-04-10,0.0,0.0,0.0,0.0,0.0,0.0
2020-04-13,0.0,0.0,0.0,0.0,0.0,0.0
2020-04-14,0.0,0.0,0.0,0.0,0.0,0.0
2020-04-15,0.0,0.0,0.0,0.0,0.0,0.0
2020-04-16,0.0,0.0,0.0,0.0,0.0,0.0
2020-04-17,0.0,0.0,0.0,0.0,0.0,0.0
2020-04-20,0.0,0.0,0.0,0.0,0.0,0.0
2020-04-21,0.0,0.0,0.0,0.0,0.0,0.0
2020-04-22,0.0,0.0,0.0,0.0,0.0,0.0
2020-04-23,0.0,0.0,0.0,0.0,0.0,0.0
2020-04-24,0.0,0.0,0.0,0.0,0.0,0.0
2020-04-27,0.0,0.0,0.0,0.0,0.0,0.0
2020-04-28,0.0,0.0,0.0,0.0,0.0,0.0
2020-04-29,0.0,0.0,0.0,0.0,0.0,0.0
2020-04-30,0.0,0.0,0.0,0.0,0.0,0.0
2020-05-01,0.0,0.0,0.0,0.0,0.0,0.0
2020-05-04,0.0,0.0,0.0,0.0,0.0,0.0
2020-05-05,0.0,0.0,0.0,0.0,0.0,0.0
2020-05-06,0.0,0.0,0.0,0.0,0.0,0.0
2020-05-07,0.0,0.0,0.0,0.0,0.0,0.0
2020-05-08,0.0,0.0,0.0,0.0,0.0,0.0
2020-05-11,0.0,0.0,0.0,0.0,0.0,0.0
2020-05-12,0.0,0.0,0.0,0.0,0.0,0.0
2020-05-13,0.0,0.0,0.0,0.0,0.0,0.0
2020-05-14,0.0,0.0,0.0,0.0,0.0,0.0
2020-05-15,0.0,0.0,0.0,0.0,0.0,0.0
2020-05-18,0.0,0.0,0.0,0.0,0.0,0.0
2020-05-19,0.0,0.0,0.0,0.0,0.0,0.0
2020-05-20,0.0,0.0,0.0,0.0,0.0,0.0
2020-05-21,0.0,0.0,0.0,0.0,0.0,0.0
2020-05-22,0.0,0.0,0.0,0.0,0.0,0.0
2020-05-25,0.0,0.0,0.0,0.0,0.0,0.0
2020-05-26,0.0,0.0,0.0,0.0,0.0,0.0
2020-05-27,0.0,0.0,0.0,0.0,0.0,0.0
2020-05-28,0.0,0.0,0.0,0.0,0.0,0.0
2020-05-29,0.0,0.0,0.0,0.0,0.0,0.0
2020-06-01,0.0,0.0,0.0,0.0,0.0,0.0
2020-06-02,0.0,0.0,0.0,0.0,0.0,0.0
2020-06-03,0.0,0.0,0.0,0.0,0.0,0.0
2020-06-04,0.0,0.0,0.0,0.0,0.0,0.0
2020-06-05,0.0,0.0,0.0,0.0,0.0,0.0
2020-06-08,0.0,0.0,0.0,0.0,0.0,0.0
2020-06-09,0.0,0.0,0.0,0.0,0.0,0.0
2020-06-10,0.0,0.0,0.0,0.0,0.0,0.0
2020-06-11,0.0,0.0,0.0,0.0,0.0,0.0
2020-06-12,0.0,0.0,0.0,0.0,0.0,0.0
2020-06-15,0.0,0.0,0.0,0.0,0.0,0.0
2020-06-16,0.0,0.0,0.0,0.0,0.0,0.0
2020-06-17,0.0,0.0,0.0,0.0,0.0,0.0
2020-06-18,0.0,0.0,0.0,0.0,0.0,0.0
2020-06-19,0.0,0.0,0.0,0.0,0.0,0.0
2020-06-22,0.0,0.0,0.0,0.0,0.0,0.0
2020-06-23,0.0,0.0,0.0,0.0,0.0,0.0
2020-06-24,0.0,0.0,0.0,0.0,0.0,0.0
2020-06-25,0.0,0.0,0.0,0.0,0.0,0.0
2020-06-26,0.0,0.0,0.0,0.0,0.0,0.0
2020-06-29,0.0,0.0,0.0,0.0,0.0,0.0
2020-06-30,0.0,0.0,0.0,0.0,0.0,0.0
2020-07-01,0.0,0.0,0.0,0.0,0.0,0.0
2020-07-02,0.0,0.0,0.0,0.0,0.0,0.0
2020-07-03,0.0,0.0,0.0,0.0,0.0,0.0
2020-07-06,0.0,0.0,0.0,0.0,0.0,0.0
2020-07-07,0.0,0.0,0.0,0.0,0.0,0.0
2020-07-08,0.0,0.0,0.0,0.0,0.0,0.0
2020-07-09,0.0,0.0,0.0,0.0,0.0,0.0
2020-07-10,0.0,0.0,0.0,0.0,0.0,0.0
2020-07-13,0.0,0.0,0.0,0.0,0.0,0.0
2020-07-14,0.0,0.0,0.0,0.0,0.0,0.0
2020-07-15,0.0,0.0,0.0,0.0,0.0,0.0
2020-07-16,0.0,0.0,0.0,0.0,0.0,0.0
2020-07-17,0.0,0.0,0.0,0.0,0.0,0.0
2020-07-20,0.0,0.0,0.0,0.0,0.0,0.0
2020-07-21,0.0,0.0,0.0,0.0,0.0,0.0
2020-07-22,0.0,0.0,0.0,0.0,0.0,0.0
2020-07-23,0.0,0.0,0.0,0.0,0.0,0.0
2020-07-24,0.0,0.0,0.0,0.0,0.0,0.0
2020-07-27,0.0,0.0,0.0,0.0,0.0,0.0
2020-07-28,0.0,0.0,0.0,0.0,0.0,0.0
2020-07-29,0.0,0.0,0.0,0.0,0.0,0.0
2020-07-30,0.0,0.0,0.0,0.0,0.0,0.0
2020-07-31,0.0,0.0,0.0,0.0,0.0,0.0
2020-08-03,0.0,0.0,0.0,0.0,0.0,0.0
2020-08-04,0.0,0.0,0.0,0.0,0.0,0.0
2020-08-05,0.0,0.0,0.0,0.0,0.0,0.0
2020-08-06,0.0,0.0,0.0,0.0,0.0,0.0
2020-08-07,0.0,0.0,0.0,0.0,0.0,0.0
2020-08-10,0.0,0.0,0.0,0.0,0.0,0.0
2020-08-11,0.0,0.0,0.0,0.0,0.0,0.0
2020-08-12,0.0,0.0,0.0,0.0,0.0,0.0
2020-08-13,0.0,0.0,0.0,0.0,0.0,0.0
2020-08-14,0.0,0.0,0.0,0.0,0.0,0.0
2020-08-17,0.0,0.0,0.0,0.0,0.0,0.0
2020-08-18,0.0,0.0,0.0,0.0,0.0,0.0
2020-08-19,0.0,0.0,0.0,0.0,0.0,0.0
2020-08-20,0.0,0.0,0.0,0.0,0.0,0.0
2020-08-21,0.0,0.0,0.0,0.0,0.0,0.0
2020-08-24,0.0,0.0,0.0,0.0,0.0,0.0
2020-08-25,0.0,0.0,0.0,0.0,0.0,0.0
2020-08-26,0.0,0.0,0.0,0.0,0.0,0.0
2020-08-27,0.0,0.0,0.0,0.0,0.0,0.0
2020-08-28,0.0,0.0,0.0,0.0,0.0,0.0
2020-08-31,0.0,0.0,0.0,0.0,0.0,0.0
2020-09-01,0.0,0.0,0.0,0.0,0.0,0.0
2020-09-02,0.0,0.0,0.0,0.0,0.0,0.0
2020-09-03,0.0,0.0,0.0,0.0,0.0,0.0
2020-09-04,0.0,0.0,0.0,0.0,0.0,0.0
2020-09-07,0.0,0.0,0.0,0.0,0.0,0.0
2020-09-08,0.0,0.0,0.0,0.0,0.0,0.0
2020-09-09,0.0,0.0,0.0,0.0,0.0,0.0
2020-09-10,0.0,0.0,0.0,0.0,0.0,0.0
2020-09-11,0.0,0.0,0.0,0.0,0.0,0.0
2020-09-14,0.0,0.0,0.0,0.0,0.0,0.0
2020-09-15,0.0,0.0,0.0,0.0,0.0,0.0
2020-09-16,0.0,0.0,0.0,0.0,0.0,0.0
2020-09-17,0.0,0.0,0.0,0.0,0.0,0.0
2020-09-18,0.0,0.0,0.0,0.0,0.0,0.0
2020-09-21,0.0,0.0,0.0,0.0,0.0,0.0
2020-09-22,0.0,0.0,0.0,0.0,0.0,0.0
2020-09-23,0.0,0.0,0.0,0.0,0.0,0.0
2020-09-24,0.0,0.0,0.0,0.0,0.0,0.0
2020-09-25,0.0,0.0,0.0,0.0,0.0,0.0
2020-09-28,0.0,0.0,0.0,0.0,0.0,0.0
2020-09-29,0.0,0.0,0.0,0.0,0.0,0.0
2020-09-30,0.0,0.0,0.0,0.0,0.0,0.0
2020-10-01,0.0,0.0,0.0,0.0,0.0,0.0
2020-10-02,0.0,0.0,0.0,0.0,0.0,0.0
2020-10-05,0.255145663022995,0.0,0.0,0.147941788037618,0.0,0.6902370452880859
2020-10-06,0.5273891091346741,0.0,0.4067519009113312,0.3799418608347575,0.0,0.6902370452880859
2020-10-07,0.05896095796064897,0.0,0.4067519009113312,0.45294927888446385,0.0,0.0
2020-10-08,0.5843904316425323,0.0,0.16750488678614298,0.0,0.0,0.22347071766853333
2020-10-09,0.0,0.0,0.1735693097114563,0.0,0.0,0.0
2020-10-12,0.0,0.0,0.1735693097114563,0.0,0.0,0.0
2020-10-13,0.0,0.0,0.1735693097114563,0.0,0.0,0.0
2020-10-14,0.0,0.0,0.4327818751335144,0.8972182273864746,0.0,0.8189389705657959
2020-10-15,-0.8051162660121918,0.0,0.6285622935546072,0.8972182273864746,0.0,-0.6832834482192993
2020-10-16,-0.48411208391189575,0.0,0.2834830582141876,0.8972182273864746,0.0,-0.4023301601409912
2020-10-19,-0.48411208391189575,0.0,0.2834830582141876,0.7430849969387054,0.0,0.0
2020-10-20,-0.48411208391189575,0.0,0.2834830582141876,0.23670814718518937,0.0,0.0
2020-10-21,-0.48411208391189575,0.0,0.2834830582141876,0.23670814718518937,0.0,0.0
2020-10-22,-0.48411208391189575,0.0,0.45793983340263367,0.0,0.0,-0.28140898261751446
2020-10-23,0.5601403951644898,0.0,0.45793983340263367,0.0,0.0,0.0
2020-10-26,0.5601403951644898,0.0,0.45793983340263367,0.0,0.0,0.0
2020-10-27,-0.7847111906324115,0.0,0.45793983340263367,0.0,0.0,0.0
2020-10-28,-0.48124343156814575,0.0,0.45793983340263367,0.0,0.0,0.0
2020-10-29,-0.48124343156814575,0.0,-0.030076781908671062,0.0,0.0,0.0
2020-10-30,-0.48124343156814575,0.0,0.0,0.0,0.0,-0.9500237703323364
2020-11-02,-0.48124343156814575,0.0,0.0,0.0,0.0,-0.9691027104854584
2020-11-03,-0.7743144512176514,0.0,0.8545185724894205,0.9436583518981934,0.0,0.0
2020-11-04,-0.9503949880599976,0.0,0.9265190362930298,0.9436583518981934,0.0,0.5737038850784302
2020-11-05,0.853145182132721,0.0,0.9265190362930298,0.0,0.0,0.0
2020-11-06,0.052393978292291817,0.0,0.4255369305610657,0.0,0.0,0.5205778837203979
2020-11-09,0.5710702389478683,0.0,0.4255369305610657,0.0,0.0,0.5205778837203979
2020-11-10,0.0,0.0,0.6173986196517944,0.0,0.0,0.4650512933731079
2020-11-11,0.9346156120300293,0.0,0.0,-0.4092992345492045,0.0,0.0
2020-11-12,0.9346156120300293,0.0,0.0,0.9265392124652863,0.0,0.8870510260264078
2020-11-13,0.9346156120300293,0.0,0.0,0.9265392124652863,0.0,0.6101821810007095
2020-11-16,0.9346156120300293,0.0,0.0,0.9265392124652863,0.0,0.7811235785484314
2020-11-17,0.9346156120300293,0.0,0.0,0.9265392124652863,0.0,0.7811235785484314
2020-11-18,0.9346156120300293,0.0,0.602790892124176,0.0,0.0,0.8030275106430054
2020-11-19,0.9346156120300293,0.0,0.0,0.7598047767366681,0.0,0.2532031163573265
2020-11-20,0.42858409881591797,0.0,0.0,0.7012113332748413,0.0,0.9405047297477722
2020-11-23,-0.3119857907295227,0.0,0.4621086120605469,0.44591304659843445,0.0,0.0
2020-11-24,0.6971669614315033,0.0,0.4587245583534241,0.44591304659843445,0.0,-0.9446035027503967
2020-11-25,-0.4663964807987213,0.0,0.0,0.2906559586524963,0.0,0.7359351754188538
2020-11-26,-0.4663964807987213,0.0,0.0,0.8030214011669159,0.0,0.0
2020-11-27,0.0,0.0,0.0,0.18285921216011047,0.0,0.0
2020-11-30,0.0,0.0,0.0,0.0,0.0,0.9169663190841675
2020-12-01,0.0,0.0,0.0,0.9335953593254089,0.0,0.9169663190841675
2020-12-02,0.0,0.0,0.0,0.5542503967881203,0.0,0.0
2020-12-03,0.0,0.0,0.2374259303597843,0.31565022468566895,0.0,0.6012591123580933
2020-12-04,0.34862755645405163,0.0,0.3969931125640869,0.0,0.0,-0.17296338081359863
2020-12-07,0.34862755645405163,0.0,0.3969931125640869,0.0,0.0,-0.029472827911376953
2020-12-08,0.0,0.0,0.3969931125640869,0.6931353807449341,0.0,0.7308573637689862
2020-12-09,0.6168262192181179,0.0,0.3969931125640869,0.41316354274749756,0.0,0.23013168573379517
2020-12-10,0.5785946726799012,0.0,0.0,0.2988876551389694,0.0,0.23013168573379517
2020-12-11,0.0,0.0,0.4197554389635722,-0.4238817095756531,0.0,0.42561898827552797
2020-12-14,0.0,0.0,0.391903281211853,0.0,0.0,0.0
2020-12-15,0.0,0.0,0.0,0.0,0.0,0.0
2020-12-16,0.8008991479873657,0.0,0.14561991393566132,0.44481539267760056,0.0,-0.5652155429124832
2020-12-17,-0.08654576539993286,0.0,0.1534471341541835,0.39946043491363525,0.0,0.8784142136573792
2020-12-18,-0.08654576539993286,0.0,0.0,0.0,0.0,0.09342002868652344
2020-12-21,0.13235369324684143,0.0,-0.2298661172389984,0.0,0.0,-0.924490213394165
2020-12-22,0.0749843886920384,0.0,-0.2298661172389984,-0.27353244102918184,0.0,0.6100125114123026
2020-12-23,0.0,0.0,0.5796386344092233,-0.70476895570755,0.0,0.0
2020-12-24,0.4268074333667755,0.0,0.8158886730670929,0.260611823626927,0.0,0.872790589928627
2020-12-25,0.4262032061815262,0.0,0.8046759366989136,0.6104553937911987,0.0,0.7739420533180237
2020-12-28,0.4262032061815262,0.0,0.8046759366989136,0.0,0.0,0.0
2020-12-29,0.3555852704577976,0.0,0.8046759366989136,0.0,0.0,0.4961243085563183
2020-12-30,0.3555852704577976,0.0,0.8046759366989136,0.0,0.0,0.946870744228363
2020-12-31,0.2570028305053711,0.0,0.8046759366989136,0.7264155745506287,0.0,0.0
2021-01-01,-0.08631530404090881,0.0,0.8046759366989136,-0.9657997488975525,0.0,0.08575797080993652
2021-01-04,-0.08631530404090881,0.0,0.8046759366989136,-0.9657997488975525,0.0,0.08575797080993652
2021-01-05,-0.08631530404090881,0.0,0.8046759366989136,-0.9657997488975525,0.0,0.08575797080993652
2021-01-06,-0.08631530404090881,0.0,0.8046759366989136,-0.9657997488975525,0.0,0.08575797080993652
2021-01-07,-0.08631530404090881,0.0,0.8046759366989136,-0.9657997488975525,0.0,0.08575797080993652
2021-01-08,-0.08631530404090881,0.0,0.8046759366989136,-0.9657997488975525,0.0,0.08575797080993652
2021-01-11,-0.08631530404090881,0.0,0.8046759366989136,-0.9657997488975525,0.0,0.08575797080993652
2021-01-12,-0.08631530404090881,0.0,0.8046759366989136,-0.9657997488975525,0.0,0.08575797080993652
2021-01-13,-0.08631530404090881,0.0,0.8046759366989136,-0.9657997488975525,0.0,0.08575797080993652
2021-01-14,-0.08631530404090881,0.0,0.8046759366989136,-0.9657997488975525,0.0,0.08575797080993652
2021-01-15,-0.08631530404090881,0.0,0.8046759366989136,-0.9657997488975525,0.0,0.08575797080993652
2021-01-18,-0.08631530404090881,0.0,0.8046759366989136,-0.9657997488975525,0.0,0.08575797080993652
2021-01-19,-0.08631530404090881,0.0,0.8046759366989136,-0.9657997488975525,0.0,0.08575797080993652
2021-01-20,-0.08631530404090881,0.0,0.8046759366989136,-0.9657997488975525,0.0,0.08575797080993652
2021-01-21,-0.08631530404090881,0.0,0.8046759366989136,-0.9657997488975525,0.0,0.08575797080993652
2021-01-22,-0.08631530404090881,0.0,0.8046759366989136,-0.9657997488975525,0.0,0.08575797080993652
2021-01-25,-0.08631530404090881,0.0,0.8046759366989136,-0.9657997488975525,0.0,0.08575797080993652
2021-01-26,-0.08631530404090881,0.0,0.8046759366989136,-0.9657997488975525,0.0,0.08575797080993652
2021-01-27,-0.08631530404090881,0.0,0.8046759366989136,-0.9657997488975525,0.0,0.08575797080993652
2021-01-28,-0.08631530404090881,0.0,0.8046759366989136,-0.9657997488975525,0.0,0.08575797080993652
2021-01-29,-0.08631530404090881,0.0,0.8046759366989136,-0.9657997488975525,0.0,0.08575797080993652
2021-02-01,-0.08631530404090881,0.0,0.8046759366989136,-0.9657997488975525,0.0,0.08575797080993652
2021-02-02,-0.08631530404090881,0.0,0.8046759366989136,-0.9657997488975525,0.0,0.08575797080993652
2021-02-03,-0.08631530404090881,0.0,0.8046759366989136,-0.9657997488975525,0.0,0.08575797080993652
2021-02-04,-0.08631530404090881,0.0,0.8046759366989136,-0.9657997488975525,0.0,0.08575797080993652
2021-02-05,-0.08631530404090881,0.0,0.8046759366989136,-0.9657997488975525,0.0,0.08575797080993652
2021-02-08,-0.08631530404090881,0.0,0.8046759366989136,-0.9657997488975525,0.0,0.08575797080993652
2021-02-09,-0.08631530404090881,0.0,0.8046759366989136,-0.9657997488975525,0.0,0.08575797080993652
2021-02-10,-0.08631530404090881,0.0,0.8046759366989136,-0.9657997488975525,0.0,0.08575797080993652
2021-02-11,-0.08631530404090881,0.0,0.8046759366989136,-0.9657997488975525,0.0,0.08575797080993652
2021-02-12,-0.08631530404090881,0.0,0.8046759366989136,-0.9657997488975525,0.0,0.08575797080993652
2021-02-15,-0.08631530404090881,0.0,0.8046759366989136,-0.9657997488975525,0.0,0.08575797080993652
2021-02-16,-0.08631530404090881,0.0,0.8046759366989136,-0.9657997488975525,0.0,0.08575797080993652
2021-02-17,-0.08631530404090881,0.0,0.8046759366989136,-0.9657997488975525,0.0,0.08575797080993652
2021-02-18,-0.08631530404090881,0.0,0.8046759366989136,-0.9657997488975525,0.0,0.08575797080993652
2021-02-19,-0.08631530404090881,0.0,0.8046759366989136,-0.9657997488975525,0.0,0.08575797080993652
2021-02-22,-0.08631530404090881,0.0,0.8046759366989136,-0.9657997488975525,0.0,0.08575797080993652
2021-02-23,-0.08631530404090881,0.0,0.8046759366989136,-0.9657997488975525,0.0,0.08575797080993652
2021-02-24,-0.08631530404090881,0.0,0.8046759366989136,-0.9657997488975525,0.0,0.08575797080993652
2021-02-25,-0.08631530404090881,0.0,0.8046759366989136,-0.9657997488975525,0.0,0.08575797080993652
2021-02-26,-0.08631530404090881,0.0,0.8046759366989136,-0.9657997488975525,0.0,0.08575797080993652
2021-03-01,-0.08631530404090881,0.0,0.8046759366989136,-0.9657997488975525,0.0,0.08575797080993652
2021-03-02,-0.08631530404090881,0.0,0.8046759366989136,-0.9657997488975525,0.0,0.08575797080993652
2021-03-03,-0.08631530404090881,0.0,0.8046759366989136,-0.9657997488975525,0.0,0.08575797080993652
2021-03-04,-0.08631530404090881,0.0,0.8046759366989136,-0.9657997488975525,0.0,0.08575797080993652
2021-03-05,-0.08631530404090881,0.0,0.8046759366989136,-0.9657997488975525,0.0,0.08575797080993652
2021-03-08,-0.08631530404090881,0.0,0.8046759366989136,-0.9657997488975525,0.0,0.08575797080993652
2021-03-09,-0.08631530404090881,0.0,0.8046759366989136,-0.9657997488975525,0.0,0.08575797080993652
2021-03-10,-0.08631530404090881,0.0,0.8046759366989136,-0.9657997488975525,0.0,0.08575797080993652
2021-03-11,-0.08631530404090881,0.0,0.8046759366989136,-0.9657997488975525,0.0,0.08575797080993652
2021-03-12,-0.08631530404090881,0.0,0.8046759366989136,-0.9657997488975525,0.0,0.08575797080993652
2021-03-15,-0.08631530404090881,0.0,0.8046759366989136,-0.9657997488975525,0.0,0.08575797080993652
2021-03-16,-0.08631530404090881,0.0,0.8046759366989136,-0.9657997488975525,0.0,0.08575797080993652
2021-03-17,-0.08631530404090881,0.0,0.8046759366989136,-0.9657997488975525,0.0,0.08575797080993652
2021-03-18,-0.08631530404090881,0.0,0.8046759366989136,-0.9657997488975525,0.0,0.08575797080993652
2021-03-19,-0.08631530404090881,0.0,0.8046759366989136,-0.9657997488975525,0.0,0.08575797080993652
2021-03-22,-0.08631530404090881,0.0,0.8046759366989136,-0.9657997488975525,0.0,0.08575797080993652
2021-03-23,-0.08631530404090881,0.0,0.8046759366989136,-0.9657997488975525,0.0,0.08575797080993652
2021-03-24,-0.08631530404090881,0.0,0.8046759366989136,-0.9657997488975525,0.0,0.08575797080993652
2021-03-25,-0.08631530404090881,0.0,0.8046759366989136,-0.9657997488975525,0.0,0.08575797080993652
2021-03-26,-0.08631530404090881,0.0,0.8046759366989136,-0.9657997488975525,0.0,0.08575797080993652
2021-03-29,-0.08631530404090881,0.0,0.8046759366989136,-0.9657997488975525,0.0,0.08575797080993652
2021-03-30,-0.08631530404090881,0.0,0.8046759366989136,-0.9657997488975525,0.0,0.08575797080993652
2021-03-31,-0.08631530404090881,0.0,0.8046759366989136,-0.9657997488975525,0.0,0.08575797080993652
2021-04-01,-0.08631530404090881,0.0,0.8046759366989136,-0.9657997488975525,0.0,0.08575797080993652
2021-04-02,-0.08631530404090881,0.0,0.8046759366989136,-0.9657997488975525,0.0,0.08575797080993652
2021-04-05,-0.08631530404090881,0.0,0.8046759366989136,-0.9657997488975525,0.0,0.08575797080993652
2021-04-06,-0.08631530404090881,0.0,0.8046759366989136,-0.9657997488975525,0.0,0.08575797080993652
2021-04-07,-0.08631530404090881,0.0,0.8046759366989136,-0.9657997488975525,0.0,0.08575797080993652
2021-04-08,-0.08631530404090881,0.0,0.8046759366989136,-0.9657997488975525,0.0,0.08575797080993652
2021-04-09,-0.08631530404090881,0.0,0.8046759366989136,-0.9657997488975525,0.0,0.08575797080993652
2021-04-12,-0.08631530404090881,0.0,0.8046759366989136,-0.9657997488975525,0.0,0.08575797080993652
2021-04-13,-0.08631530404090881,0.0,0.8046759366989136,-0.9657997488975525,0.0,0.08575797080993652
2021-04-14,-0.08631530404090881,0.0,0.8046759366989136,-0.9657997488975525,0.0,0.08575797080993652
2021-04-15,-0.08631530404090881,0.0,0.8046759366989136,-0.9657997488975525,0.0,0.08575797080993652
2021-04-16,-0.08631530404090881,0.0,0.8046759366989136,-0.9657997488975525,0.0,0.08575797080993652
2021-04-19,-0.08631530404090881,0.0,0.8046759366989136,-0.9657997488975525,0.0,0.08575797080993652
2021-04-20,-0.08631530404090881,0.0,0.8046759366989136,-0.9657997488975525,0.0,0.08575797080993652
2021-04-21,-0.08631530404090881,0.0,0.8046759366989136,-0.9657997488975525,0.0,0.08575797080993652
2021-04-22,-0.08631530404090881,0.0,0.8046759366989136,-0.9657997488975525,0.0,0.08575797080993652
2021-04-23,-0.08631530404090881,0.0,0.8046759366989136,-0.9657997488975525,0.0,0.08575797080993652
2021-04-26,-0.08631530404090881,0.0,0.8046759366989136,-0.9657997488975525,0.0,0.08575797080993652
2021-04-27,-0.08631530404090881,0.0,0.8046759366989136,-0.9657997488975525,0.0,0.08575797080993652
2021-04-28,-0.08631530404090881,0.0,0.8046759366989136,-0.9657997488975525,0.0,0.08575797080993652
2021-04-29,-0.08631530404090881,0.0,0.8046759366989136,-0.9657997488975525,0.0,0.08575797080993652
2021-04-30,-0.08631530404090881,0.0,0.8046759366989136,-0.9657997488975525,0.0,0.08575797080993652
2021-05-03,-0.08631530404090881,0.0,0.8046759366989136,-0.9657997488975525,0.0,0.08575797080993652
2021-05-04,-0.08631530404090881,0.0,0.8046759366989136,-0.9657997488975525,0.0,0.08575797080993652
2021-05-05,-0.08631530404090881,0.0,0.8046759366989136,-0.9657997488975525,0.0,0.08575797080993652
2021-05-06,-0.08631530404090881,0.0,0.8046759366989136,-0.9657997488975525,0.0,0.08575797080993652
2021-05-07,-0.08631530404090881,0.0,0.8046759366989136,-0.9657997488975525,0.0,0.08575797080993652
2021-05-10,-0.08631530404090881,0.0,0.8046759366989136,-0.9657997488975525,0.0,0.08575797080993652
2021-05-11,-0.08631530404090881,0.0,0.8046759366989136,-0.9657997488975525,0.0,0.08575797080993652
2021-05-12,-0.08631530404090881,0.0,0.8046759366989136,-0.9657997488975525,0.0,0.08575797080993652
2021-05-13,-0.08631530404090881,0.0,0.8046759366989136,-0.9657997488975525,0.0,0.08575797080993652
2021-05-14,-0.08631530404090881,0.0,0.8046759366989136,-0.9657997488975525,0.0,0.08575797080993652
2021-05-17,-0.08631530404090881,0.0,0.8046759366989136,-0.9657997488975525,0.0,0.08575797080993652
2021-05-18,-0.08631530404090881,0.0,0.8046759366989136,-0.9657997488975525,0.0,0.08575797080993652
2021-05-19,-0.08631530404090881,0.0,0.8046759366989136,-0.9657997488975525,0.0,0.08575797080993652
2021-05-20,-0.08631530404090881,0.0,0.8046759366989136,-0.9657997488975525,0.0,0.08575797080993652
2021-05-21,-0.08631530404090881,0.0,0.8046759366989136,-0.9657997488975525,0.0,0.08575797080993652
2021-05-24,-0.08631530404090881,0.0,0.8046759366989136,-0.9657997488975525,0.0,0.08575797080993652
2021-05-25,-0.08631530404090881,0.0,0.8046759366989136,-0.9657997488975525,0.0,0.08575797080993652
2021-05-26,-0.08631530404090881,0.0,0.8046759366989136,-0.9657997488975525,0.0,0.08575797080993652
2021-05-27,-0.08631530404090881,0.0,0.8046759366989136,-0.9657997488975525,0.0,0.08575797080993652
2021-05-28,-0.08631530404090881,0.0,0.8046759366989136,-0.9657997488975525,0.0,0.08575797080993652
2021-05-31,-0.08631530404090881,0.0,0.8046759366989136,-0.9657997488975525,0.0,0.08575797080993652
2021-06-01,-0.08631530404090881,0.0,0.8046759366989136,-0.9657997488975525,0.0,0.08575797080993652
2021-06-02,-0.08631530404090881,0.0,0.8046759366989136,-0.9657997488975525,0.0,0.08575797080993652
2021-06-03,-0.08631530404090881,0.0,0.8046759366989136,-0.9657997488975525,0.0,0.08575797080993652
2021-06-04,-0.08631530404090881,0.0,0.8046759366989136,-0.9657997488975525,0.0,0.08575797080993652
2021-06-07,-0.08631530404090881,0.0,0.8046759366989136,-0.9657997488975525,0.0,0.08575797080993652
2021-06-08,-0.08631530404090881,0.0,0.8046759366989136,-0.9657997488975525,0.0,0.08575797080993652
2021-06-09,-0.08631530404090881,0.0,0.8046759366989136,-0.9657997488975525,0.0,0.08575797080993652
2021-06-10,-0.08631530404090881,0.0,0.8046759366989136,-0.9657997488975525,0.0,0.08575797080993652
2021-06-11,-0.08631530404090881,0.0,0.8046759366989136,-0.9657997488975525,0.0,0.08575797080993652
2021-06-14,-0.08631530404090881,0.0,0.8046759366989136,-0.9657997488975525,0.0,0.08575797080993652
2021-06-15,-0.08631530404090881,0.0,0.8046759366989136,-0.9657997488975525,0.0,0.08575797080993652
2021-06-16,-0.08631530404090881,0.0,0.8046759366989136,-0.9657997488975525,0.0,0.08575797080993652
2021-06-17,-0.08631530404090881,0.0,0.8046759366989136,-0.9657997488975525,0.0,0.08575797080993652
2021-06-18,-0.08631530404090881,0.0,0.8046759366989136,-0.9657997488975525,0.0,0.08575797080993652
2021-06-21,-0.08631530404090881,0.0,0.8046759366989136,-0.9657997488975525,0.0,0.08575797080993652
2021-06-22,-0.08631530404090881,0.0,0.8046759366989136,-0.9657997488975525,0.0,0.08575797080993652
2021-06-23,-0.08631530404090881,0.0,0.8046759366989136,-0.9657997488975525,0.0,0.08575797080993652
2021-06-24,-0.08631530404090881,0.0,0.8046759366989136,-0.9657997488975525,0.0,0.08575797080993652
2021-06-25,-0.08631530404090881,0.0,0.8046759366989136,-0.9657997488975525,0.0,0.08575797080993652
2021-06-28,-0.08631530404090881,0.0,0.8046759366989136,-0.9657997488975525,0.0,0.08575797080993652
2021-06-29,-0.08631530404090881,0.0,0.8046759366989136,-0.9657997488975525,0.0,0.08575797080993652
2021-06-30,-0.08631530404090881,0.0,0.8046759366989136,-0.9657997488975525,0.0,0.08575797080993652
2021-07-01,-0.08631530404090881,0.0,0.8046759366989136,-0.9657997488975525,0.0,0.08575797080993652
2021-07-02,-0.08631530404090881,0.0,0.8046759366989136,-0.9657997488975525,0.0,0.08575797080993652
2021-07-05,-0.08631530404090881,0.0,0.8046759366989136,-0.9657997488975525,0.0,0.08575797080993652
2021-07-06,-0.08631530404090881,0.0,0.8046759366989136,-0.9657997488975525,0.0,0.08575797080993652
2021-07-07,-0.08631530404090881,0.0,0.8046759366989136,-0.9657997488975525,0.0,0.08575797080993652
2021-07-08,-0.08631530404090881,0.0,0.8046759366989136,-0.9657997488975525,0.0,0.08575797080993652
2021-07-09,-0.08631530404090881,0.0,0.8046759366989136,-0.9657997488975525,0.0,0.08575797080993652
2021-07-12,-0.08631530404090881,0.0,0.8046759366989136,-0.9657997488975525,0.0,0.08575797080993652
2021-07-13,-0.08631530404090881,0.0,0.8046759366989136,-0.9657997488975525,0.0,0.08575797080993652
2021-07-14,-0.08631530404090881,0.0,0.8046759366989136,-0.9657997488975525,0.0,0.08575797080993652
2021-07-15,-0.08631530404090881,0.0,0.8046759366989136,-0.9657997488975525,0.0,0.08575797080993652
2021-07-16,-0.08631530404090881,0.0,0.8046759366989136,-0.9657997488975525,0.0,0.08575797080993652
2021-07-19,-0.08631530404090881,0.0,0.8046759366989136,-0.9657997488975525,0.0,0.08575797080993652
2021-07-20,-0.08631530404090881,0.0,0.8046759366989136,-0.9657997488975525,0.0,0.08575797080993652
2021-07-21,-0.08631530404090881,0.0,0.8046759366989136,-0.9657997488975525,0.0,0.08575797080993652
2021-07-22,-0.08631530404090881,0.0,0.8046759366989136,-0.9657997488975525,0.0,0.08575797080993652
2021-07-23,-0.08631530404090881,0.0,0.8046759366989136,-0.9657997488975525,0.0,0.08575797080993652
2021-07-26,-0.08631530404090881,0.0,0.8046759366989136,-0.9657997488975525,0.0,0.08575797080993652
2021-07-27,-0.08631530404090881,0.0,0.8046759366989136,-0.9657997488975525,0.0,0.08575797080993652
2021-07-28,-0.08631530404090881,0.0,0.8046759366989136,-0.9657997488975525,0.0,0.08575797080993652
2021-07-29,-0.08631530404090881,0.0,0.8046759366989136,-0.9657997488975525,0.0,0.08575797080993652
2021-07-30,-0.08631530404090881,0.0,0.8046759366989136,-0.9657997488975525,0.0,0.08575797080993652
2021-08-02,-0.08631530404090881,0.0,0.8046759366989136,-0.9657997488975525,0.0,0.08575797080993652
2021-08-03,-0.08631530404090881,0.0,0.8046759366989136,-0.9657997488975525,0.0,0.08575797080993652
2021-08-04,-0.08631530404090881,0.0,0.8046759366989136,-0.9657997488975525,0.0,0.08575797080993652
2021-08-05,-0.08631530404090881,0.0,0.8046759366989136,-0.9657997488975525,0.0,0.08575797080993652
2021-08-06,-0.08631530404090881,0.0,0.8046759366989136,-0.9657997488975525,0.0,0.08575797080993652
2021-08-09,-0.08631530404090881,0.0,0.8046759366989136,-0.9657997488975525,0.0,0.08575797080993652
2021-08-10,-0.08631530404090881,0.0,0.8046759366989136,-0.9657997488975525,0.0,0.08575797080993652
2021-08-11,-0.08631530404090881,0.0,0.8046759366989136,-0.9657997488975525,0.0,0.08575797080993652
2021-08-12,-0.08631530404090881,0.0,0.8046759366989136,-0.9657997488975525,0.0,0.08575797080993652
2021-08-13,-0.08631530404090881,0.0,0.8046759366989136,-0.9657997488975525,0.0,0.08575797080993652
2021-08-16,-0.08631530404090881,0.0,0.8046759366989136,-0.9657997488975525,0.0,0.08575797080993652
2021-08-17,-0.08631530404090881,0.0,0.8046759366989136,-0.9657997488975525,0.0,0.08575797080993652
2021-08-18,-0.08631530404090881,0.0,0.8046759366989136,-0.9657997488975525,0.0,0.08575797080993652
2021-08-19,-0.08631530404090881,0.0,0.8046759366989136,-0.9657997488975525,0.0,0.08575797080993652
2021-08-20,-0.08631530404090881,0.0,0.8046759366989136,-0.9657997488975525,0.0,0.08575797080993652
2021-08-23,-0.08631530404090881,0.0,0.8046759366989136,-0.9657997488975525,0.0,0.08575797080993652
2021-08-24,-0.08631530404090881,0.0,0.8046759366989136,-0.9657997488975525,0.0,0.08575797080993652
2021-08-25,-0.08631530404090881,0.0,0.8046759366989136,-0.9657997488975525,0.0,0.08575797080993652
2021-08-26,-0.08631530404090881,0.0,0.8046759366989136,-0.9657997488975525,0.0,0.08575797080993652
2021-08-27,-0.08631530404090881,0.0,0.8046759366989136,-0.9657997488975525,0.0,0.08575797080993652
2021-08-30,-0.08631530404090881,0.0,0.8046759366989136,-0.9657997488975525,0.0,0.08575797080993652
2021-08-31,-0.08631530404090881,0.0,0.8046759366989136,-0.9657997488975525,0.0,0.08575797080993652
2021-09-01,-0.08631530404090881,0.0,0.8046759366989136,-0.9657997488975525,0.0,0.08575797080993652
2021-09-02,-0.08631530404090881,0.0,0.8046759366989136,-0.9657997488975525,0.0,0.08575797080993652
2021-09-03,-0.08631530404090881,0.0,0.8046759366989136,-0.9657997488975525,0.0,0.08575797080993652
2021-09-06,-0.08631530404090881,0.0,0.8046759366989136,-0.9657997488975525,0.0,0.08575797080993652
2021-09-07,-0.08631530404090881,0.0,0.8046759366989136,-0.9657997488975525,0.0,0.08575797080993652
2021-09-08,-0.08631530404090881,0.0,0.8046759366989136,-0.9657997488975525,0.0,0.08575797080993652
2021-09-09,-0.08631530404090881,0.0,0.8046759366989136,-0.9657997488975525,0.0,0.08575797080993652
2021-09-10,-0.08631530404090881,0.0,0.8046759366989136,-0.9657997488975525,0.0,0.08575797080993652
2021-09-13,-0.08631530404090881,0.0,0.8046759366989136,-0.9657997488975525,0.0,0.08575797080993652
2021-09-14,-0.08631530404090881,0.0,0.8046759366989136,-0.9657997488975525,0.0,0.08575797080993652
2021-09-15,-0.08631530404090881,0.0,0.8046759366989136,-0.9657997488975525,0.0,0.08575797080993652
2021-09-16,-0.08631530404090881,0.0,0.8046759366989136,-0.9657997488975525,0.0,0.08575797080993652
2021-09-17,-0.08631530404090881,0.0,0.8046759366989136,-0.9657997488975525,0.0,0.08575797080993652
2021-09-20,-0.08631530404090881,0.0,0.8046759366989136,-0.9657997488975525,0.0,0.08575797080993652
2021-09-21,-0.08631530404090881,0.0,0.8046759366989136,-0.9657997488975525,0.0,0.08575797080993652
2021-09-22,-0.08631530404090881,0.0,0.8046759366989136,-0.9657997488975525,0.0,0.08575797080993652
2021-09-23,-0.08631530404090881,0.0,0.8046759366989136,-0.9657997488975525,0.0,0.08575797080993652
2021-09-24,-0.08631530404090881,0.0,0.8046759366989136,-0.9657997488975525,0.0,0.08575797080993652
2021-09-27,-0.08631530404090881,0.0,0.8046759366989136,-0.9657997488975525,0.0,0.08575797080993652
2021-09-28,-0.08631530404090881,0.0,0.8046759366989136,-0.9657997488975525,0.0,0.08575797080993652
2021-09-29,-0.08631530404090881,0.0,0.8046759366989136,-0.9657997488975525,0.0,0.08575797080993652
2021-09-30,-0.08631530404090881,0.0,0.8046759366989136,-0.9657997488975525,0.0,0.08575797080993652
2021-10-01,-0.08631530404090881,0.0,0.8046759366989136,-0.9657997488975525,0.0,0.08575797080993652
2021-10-04,-0.08631530404090881,0.0,0.8046759366989136,-0.9657997488975525,0.0,0.08575797080993652
2021-10-05,-0.08631530404090881,0.0,0.8840892910957336,0.0,0.0,0.0
2021-10-06,0.8292080163955688,0.19609438048468697,-0.9443953633308411,-0.009220947821935018,0.0,0.0
2021-10-07,0.8292080163955688,0.7066408693790436,-0.9443953633308411,0.4663647413253784,0.0,0.0
2021-10-08,0.8292080163955688,0.42401620745658875,0.0,0.9094489812850952,0.0,0.0
2021-10-11,-0.8354435563087463,-0.13034663200378419,0.0,0.0,0.0,0.0
2021-10-12,0.4268420860171318,0.0,0.0,0.220058004061381,0.0,0.0
2021-10-13,0.0,0.0,0.9352647662162781,0.18331928551197052,0.0,0.7929506599903107
2021-10-14,0.6491743922233582,0.0,0.7167175377116484,0.6493146270513535,0.0,0.7929506599903107
2021-10-15,0.6491743922233582,0.6629684925079345,0.5529154737790426,0.4341110289096832,0.0,0.0
2021-10-18,0.6491743922233582,0.6859964827696482,0.5529154737790426,0.4341110289096832,0.0,0.0
2021-10-19,0.6067273020744324,0.6688515203339713,0.5529154737790426,0.4341110289096832,0.0,0.0
2021-10-20,0.0,-0.7596652592931475,0.8583202362060547,0.0,0.0,0.35118348541713895
2021-10-21,0.10687927638783175,-0.7596652592931475,0.0,-0.037685235341389976,0.0,-0.8334098339080811
2021-10-22,-0.19914180891854422,0.7000848352909088,0.21523728966712952,0.0,0.0,0.4397485852241516
2021-10-25,0.2053620566924413,0.6554577946662903,0.21523728966712952,-0.03432195294987072,0.0,0.23740777373313904
2021-10-26,-0.9707969427108765,-0.01611954825265067,-0.0712299644947052,0.0,0.0,0.3506048023700714
2021-10-27,-0.9707969427108765,0.0,0.13270855695009232,0.0,0.0,0.7135070860385895
2021-10-28,-0.4617016911506653,-0.8825656175613403,0.3322785198688507,0.0,0.0,0.0
2021-10-29,-0.4617016911506653,-0.9047367572784424,0.2156439870595932,0.0,0.0,-0.320822278658549
2021-11-01,-0.4617016911506653,-0.9571448564529419,0.6380905508995056,0.0,0.0,-0.320822278658549
2021-11-02,0.0,0.0,0.0,-0.4396521494938777,0.0,0.3050035834312439
2021-11-03,-0.9588611125946045,0.8887707889080048,0.0,0.0,0.0,0.9305439591407776
2021-11-04,-0.9588611125946045,-0.5892586509386698,0.4559163823723793,0.0,0.0,0.9305439591407776
2021-11-05,-0.9588611125946045,-0.5892586509386698,0.4559163823723793,0.5985774795214335,0.0,0.9305439591407776
2021-11-08,0.0,-0.5892586509386698,0.4559163823723793,0.5985774795214335,0.0,0.9305439591407776
2021-11-09,-0.1722570856412252,0.2104505499204,0.8680400252342224,0.45902252197265625,0.0,0.9305439591407776
2021-11-10,-0.1722570856412252,0.7823314070701599,0.0,0.35151765247186023,0.0,0.2657683293024699
2021-11-11,-0.1722570856412252,0.7823314070701599,0.0,0.3851827581723531,0.0,-0.9688056111335754
2021-11-12,0.910321444272995,0.662179172039032,0.0,-0.02425283193588257,0.0,-0.9688056111335754
2021-11-15,0.910321444272995,0.0,0.806617259979248,0.0,0.0,0.021883457899093628
2021-11-16,0.910321444272995,0.7081411004066467,0.0,-0.060979679226875305,0.0,0.021883457899093628
2021-11-17,-0.956749439239502,0.0,0.16721896330515543,0.26669567823410034,0.0,0.021883457899093628
2021-11-18,-0.9597480495770773,0.0,0.15890436702304417,0.0,0.0,0.021883457899093628
2021-11-19,0.8982840776443481,0.0,0.21885596513748168,-0.2589336633682251,0.0,0.021883457899093628
2021-11-22,0.8982840776443481,-0.8823704123497009,0.0,-0.2589336633682251,0.0,0.021883457899093628
2021-11-23,-0.4518332878748576,0.0,0.0,-0.4771631360054016,0.0,0.021883457899093628
2021-11-24,-0.9526128470897675,0.7397117614746094,0.0,-0.9680431485176086,0.0,0.5989216089248657
2021-11-25,0.0,0.6682137846946716,0.0,0.324895977973938,0.0,0.5989216089248657
2021-11-26,0.5500148385763168,0.6682137846946716,0.0,0.2845165729522705,0.0,0.8968035340309143
2021-11-29,-0.9507241249084473,0.0,0.0,0.3146117925643921,0.0,0.4450363218784332
2021-11-30,0.12597208470106125,0.0,0.0,0.3146117925643921,0.0,0.4450363218784332
2021-12-01,0.12597208470106125,0.0,0.37533669812338694,0.12720870971679688,0.0,0.4450363218784332
2021-12-02,0.0,0.0,0.7475498219331106,-0.45978649304463315,0.0,0.0
2021-12-03,0.9364108443260193,0.15739203989505768,0.11835564176241557,0.18382951617240906,0.0,0.22884050011634827
2021-12-06,-0.822490930557251,0.2528519034385681,0.5385744373003641,0.18382951617240906,0.0,0.4460400938987732
2021-12-07,-0.5655628442764282,0.0,0.0,-0.4430771768093109,0.0,0.0
2021-12-08,0.24679147203763327,0.0,0.29160038630167645,-0.4430771768093109,0.0,0.2261863350868225
2021-12-09,0.4375760555267334,0.0,0.4969470128417015,0.7871799618005753,0.0,0.5510445237159729
2021-12-10,0.8281855583190918,0.44854477047920227,0.0,0.5134073694547018,0.0,0.9510671496391296
2021-12-13,0.8281855583190918,0.44854477047920227,0.5728800743818283,-0.9660885035991669,0.0,0.11079012212299165
2021-12-14,0.0,-0.12198351323604584,0.5728800743818283,-0.4529724419116974,0.0,0.0
2021-12-15,-0.47324806451797485,-0.4097766876220703,0.5780775547027588,-0.7431670427322388,0.0,0.0
2021-12-16,0.26672327518463135,0.17603341738382974,0.0,-0.1051397720972697,0.0,0.0
2021-12-17,-0.5477968454360962,0.17603341738382974,0.5489413539568583,0.7610186040401459,0.0,0.30767981211344403
2021-12-20,-0.9515482783317566,-0.32263781627019245,-0.4757741391658783,0.7610186040401459,0.0,-0.8095581531524658
2021-12-21,-0.8721867799758911,-0.32263781627019245,0.7808333039283752,0.816100150346756,0.0,0.0
2021-12-22,0.0,-0.32263781627019245,0.7808333039283752,0.816100150346756,0.0,0.0
2021-12-23,0.3010573784510295,-0.32263781627019245,0.0,0.4366142153739929,0.0,0.0
2021-12-24,0.3010573784510295,-0.8180785179138184,0.9291104078292847,0.4366142153739929,0.0,0.0
2021-12-27,0.3010573784510295,0.2838217417399089,0.9126583337783813,-0.95697420835495,0.0,0.0
2021-12-28,-0.32009969154993695,0.34697726037767196,0.0,-0.95697420835495,0.0,0.0
2021-12-29,0.0,0.0,0.0,0.4690360128879547,0.0,0.0
2021-12-30,0.0,0.0,0.0,-0.1637810319662094,0.0,0.0
2021-12-31,-0.4791133999824524,-0.6178684234619141,0.0,-0.1637810319662094,0.0,-0.8496192693710327
2022-01-03,0.3100026349226634,0.0,0.0,0.0,0.0,0.9172748923301697
2022-01-04,0.3100026349226634,0.0,0.0,0.0,0.0,0.9172748923301697
2022-01-05,0.3100026349226634,0.0,0.0,0.0,0.0,0.9172748923301697
2022-01-06,0.3100026349226634,0.0,0.0,0.0,0.0,0.9172748923301697
2022-01-07,0.3100026349226634,0.0,0.0,0.0,0.0,0.9172748923301697
2022-01-10,0.3100026349226634,0.0,0.0,0.0,0.0,0.9172748923301697
2022-01-11,0.3100026349226634,0.0,0.0,0.0,0.0,0.9172748923301697
2022-01-12,0.3100026349226634,0.0,0.0,0.0,0.0,0.9172748923301697
2022-01-13,0.3100026349226634,0.0,0.0,0.0,0.0,0.9172748923301697
2022-01-14,0.3100026349226634,0.0,0.0,0.0,0.0,0.9172748923301697
2022-01-17,0.3100026349226634,0.0,0.0,0.0,0.0,0.9172748923301697
2022-01-18,0.3100026349226634,0.0,0.0,0.0,0.0,0.9172748923301697
2022-01-19,0.3100026349226634,0.0,0.0,0.0,0.0,0.9172748923301697
2022-01-20,0.3100026349226634,0.0,0.0,0.0,0.0,0.9172748923301697
2022-01-21,0.3100026349226634,0.0,0.0,0.0,0.0,0.9172748923301697
2022-01-24,0.3100026349226634,0.0,0.0,0.0,0.0,0.9172748923301697
2022-01-25,0.3100026349226634,0.0,0.0,0.0,0.0,0.9172748923301697
2022-01-26,0.3100026349226634,0.0,0.0,0.0,0.0,0.9172748923301697
2022-01-27,0.3100026349226634,0.0,0.0,0.0,0.0,0.9172748923301697
2022-01-28,0.3100026349226634,0.0,0.0,0.0,0.0,0.9172748923301697
2022-01-31,0.3100026349226634,0.0,0.0,0.0,0.0,0.9172748923301697
2022-02-01,0.3100026349226634,0.0,0.0,0.0,0.0,0.9172748923301697
2022-02-02,0.3100026349226634,0.0,0.0,0.0,0.0,0.9172748923301697
2022-02-03,0.3100026349226634,0.0,0.0,0.0,0.0,0.9172748923301697
2022-02-04,0.3100026349226634,0.0,0.0,0.0,0.0,0.9172748923301697
2022-02-07,0.3100026349226634,0.0,0.0,0.0,0.0,0.9172748923301697
2022-02-08,0.3100026349226634,0.0,0.0,0.0,0.0,0.9172748923301697
2022-02-09,0.3100026349226634,0.0,0.0,0.0,0.0,0.9172748923301697
2022-02-10,0.3100026349226634,0.0,0.0,0.0,0.0,0.9172748923301697
2022-02-11,0.3100026349226634,0.0,0.0,0.0,0.0,0.9172748923301697
2022-02-14,0.3100026349226634,0.0,0.0,0.0,0.0,0.9172748923301697
2022-02-15,0.3100026349226634,0.0,0.0,0.0,0.0,0.9172748923301697
2022-02-16,0.3100026349226634,0.0,0.0,0.0,0.0,0.9172748923301697
2022-02-17,0.3100026349226634,0.0,0.0,0.0,0.0,0.9172748923301697
2022-02-18,0.3100026349226634,0.0,0.0,0.0,0.0,0.9172748923301697
2022-02-21,0.3100026349226634,0.0,0.0,0.0,0.0,0.9172748923301697
2022-02-22,0.3100026349226634,0.0,0.0,0.0,0.0,0.9172748923301697
2022-02-23,0.3100026349226634,0.0,0.0,0.0,0.0,0.9172748923301697
2022-02-24,0.3100026349226634,0.0,0.0,0.0,0.0,0.9172748923301697
2022-02-25,0.3100026349226634,0.0,0.0,0.0,0.0,0.9172748923301697
2022-02-28,0.3100026349226634,0.0,0.0,0.0,0.0,0.9172748923301697
2022-03-01,0.3100026349226634,0.0,0.0,0.0,0.0,0.9172748923301697
2022-03-02,0.3100026349226634,0.0,0.0,0.0,0.0,0.9172748923301697
2022-03-03,0.3100026349226634,0.0,0.0,0.0,0.0,0.9172748923301697
2022-03-04,0.3100026349226634,0.0,0.0,0.0,0.0,0.9172748923301697
2022-03-07,0.3100026349226634,0.0,0.0,0.0,0.0,0.9172748923301697
2022-03-08,0.3100026349226634,0.0,0.0,0.0,0.0,0.9172748923301697
2022-03-09,0.3100026349226634,0.0,0.0,0.0,0.0,0.9172748923301697
2022-03-10,0.3100026349226634,0.0,0.0,0.0,0.0,0.9172748923301697
2022-03-11,0.3100026349226634,0.0,0.0,0.0,0.0,0.9172748923301697
2022-03-14,0.3100026349226634,0.0,0.0,0.0,0.0,0.9172748923301697
2022-03-15,0.3100026349226634,0.0,0.0,0.0,0.0,0.9172748923301697
2022-03-16,0.3100026349226634,0.0,0.0,0.0,0.0,0.9172748923301697
2022-03-17,0.3100026349226634,0.0,0.0,0.0,0.0,0.9172748923301697
2022-03-18,0.3100026349226634,0.0,0.0,0.0,0.0,0.9172748923301697
2022-03-21,0.3100026349226634,0.0,0.0,0.0,0.0,0.9172748923301697
2022-03-22,0.3100026349226634,0.0,0.0,0.0,0.0,0.9172748923301697
2022-03-23,0.3100026349226634,0.0,0.0,0.0,0.0,0.9172748923301697
2022-03-24,0.3100026349226634,0.0,0.0,0.0,0.0,0.9172748923301697
2022-03-25,0.3100026349226634,0.0,0.0,0.0,0.0,0.9172748923301697
2022-03-28,0.3100026349226634,0.0,0.0,0.0,0.0,0.9172748923301697
2022-03-29,0.3100026349226634,0.0,0.0,0.0,0.0,0.9172748923301697
2022-03-30,0.3100026349226634,0.0,0.0,0.0,0.0,0.9172748923301697
2022-03-31,0.3100026349226634,0.0,0.0,0.0,0.0,0.9172748923301697
2022-04-01,0.3100026349226634,0.0,0.0,0.0,0.0,0.9172748923301697
2022-04-04,0.3100026349226634,0.0,0.0,0.0,0.0,0.9172748923301697
2022-04-05,0.3100026349226634,0.0,0.0,0.0,0.0,0.9172748923301697
2022-04-06,0.3100026349226634,0.0,0.0,0.0,0.0,0.9172748923301697
2022-04-07,0.3100026349226634,0.0,0.0,0.0,0.0,0.9172748923301697
2022-04-08,0.3100026349226634,0.0,0.0,0.0,0.0,0.9172748923301697
2022-04-11,0.3100026349226634,0.0,0.0,0.0,0.0,0.9172748923301697
2022-04-12,0.3100026349226634,0.0,0.0,0.0,0.0,0.9172748923301697
2022-04-13,0.3100026349226634,0.0,0.0,0.0,0.0,0.9172748923301697
2022-04-14,0.3100026349226634,0.0,0.0,0.0,0.0,0.9172748923301697
2022-04-15,0.3100026349226634,0.0,0.0,0.0,0.0,0.9172748923301697
2022-04-18,0.3100026349226634,0.0,0.0,0.0,0.0,0.9172748923301697
2022-04-19,0.3100026349226634,0.0,0.0,0.0,0.0,0.9172748923301697
2022-04-20,0.3100026349226634,0.0,0.0,0.0,0.0,0.9172748923301697
2022-04-21,0.3100026349226634,0.0,0.0,0.0,0.0,0.9172748923301697
2022-04-22,0.3100026349226634,0.0,0.0,0.0,0.0,0.9172748923301697
2022-04-25,0.3100026349226634,0.0,0.0,0.0,0.0,0.9172748923301697
2022-04-26,0.3100026349226634,0.0,0.0,0.0,0.0,0.9172748923301697
2022-04-27,0.3100026349226634,0.0,0.0,0.0,0.0,0.9172748923301697
2022-04-28,0.3100026349226634,0.0,0.0,0.0,0.0,0.9172748923301697
2022-04-29,0.3100026349226634,0.0,0.0,0.0,0.0,0.9172748923301697
2022-05-02,0.3100026349226634,0.0,0.0,0.0,0.0,0.9172748923301697
2022-05-03,0.3100026349226634,0.0,0.0,0.0,0.0,0.9172748923301697
2022-05-04,0.3100026349226634,0.0,0.0,0.0,0.0,0.9172748923301697
2022-05-05,0.3100026349226634,0.0,0.0,0.0,0.0,0.9172748923301697
2022-05-06,0.3100026349226634,0.0,0.0,0.0,0.0,0.9172748923301697
2022-05-09,0.3100026349226634,0.0,0.0,0.0,0.0,0.9172748923301697
2022-05-10,0.3100026349226634,0.0,0.0,0.0,0.0,0.9172748923301697
2022-05-11,0.3100026349226634,0.0,0.0,0.0,0.0,0.9172748923301697
2022-05-12,0.3100026349226634,0.0,0.0,0.0,0.0,0.9172748923301697
2022-05-13,0.3100026349226634,0.0,0.0,0.0,0.0,0.9172748923301697
2022-05-16,0.3100026349226634,0.0,0.0,0.0,0.0,0.9172748923301697
2022-05-17,0.3100026349226634,0.0,0.0,0.0,0.0,0.9172748923301697
2022-05-18,0.3100026349226634,0.0,0.0,0.0,0.0,0.9172748923301697
2022-05-19,0.3100026349226634,0.0,0.0,0.0,0.0,0.9172748923301697
2022-05-20,0.3100026349226634,0.0,0.0,0.0,0.0,0.9172748923301697
2022-05-23,0.3100026349226634,0.0,0.0,0.0,0.0,0.9172748923301697
2022-05-24,0.3100026349226634,0.0,0.0,0.0,0.0,0.9172748923301697
2022-05-25,0.3100026349226634,0.0,0.0,0.0,0.0,0.9172748923301697
2022-05-26,0.3100026349226634,0.0,0.0,0.0,0.0,0.9172748923301697
2022-05-27,0.3100026349226634,0.0,0.0,0.0,0.0,0.9172748923301697
2022-05-30,0.3100026349226634,0.0,0.0,0.0,0.0,0.9172748923301697
2022-05-31,0.3100026349226634,0.0,0.0,0.0,0.0,0.9172748923301697
2022-06-01,0.3100026349226634,0.0,0.0,0.0,0.0,0.9172748923301697
2022-06-02,0.3100026349226634,0.0,0.0,0.0,0.0,0.9172748923301697
2022-06-03,0.3100026349226634,0.0,0.0,0.0,0.0,0.9172748923301697
2022-06-06,0.3100026349226634,0.0,0.0,0.0,0.0,0.9172748923301697
2022-06-07,0.3100026349226634,0.0,0.0,0.0,0.0,0.9172748923301697
2022-06-08,0.3100026349226634,0.0,0.0,0.0,0.0,0.9172748923301697
2022-06-09,0.3100026349226634,0.0,0.0,0.0,0.0,0.9172748923301697
2022-06-10,0.3100026349226634,0.0,0.0,0.0,0.0,0.9172748923301697
2022-06-13,0.3100026349226634,0.0,0.0,0.0,0.0,0.9172748923301697
2022-06-14,0.3100026349226634,0.0,0.0,0.0,0.0,0.9172748923301697
2022-06-15,0.3100026349226634,0.0,0.0,0.0,0.0,0.9172748923301697
2022-06-16,0.3100026349226634,0.0,0.0,0.0,0.0,0.9172748923301697
2022-06-17,0.3100026349226634,0.0,0.0,0.0,0.0,0.9172748923301697
2022-06-20,0.3100026349226634,0.0,0.0,0.0,0.0,0.9172748923301697
2022-06-21,0.3100026349226634,0.0,0.0,0.0,0.0,0.9172748923301697
2022-06-22,0.3100026349226634,0.0,0.0,0.0,0.0,0.9172748923301697
2022-06-23,0.3100026349226634,0.0,0.0,0.0,0.0,0.9172748923301697
2022-06-24,0.3100026349226634,0.0,0.0,0.0,0.0,0.9172748923301697
2022-06-27,0.3100026349226634,0.0,0.0,0.0,0.0,0.9172748923301697
2022-06-28,0.3100026349226634,0.0,0.0,0.0,0.0,0.9172748923301697
2022-06-29,0.3100026349226634,0.0,0.0,0.0,0.0,0.9172748923301697
2022-06-30,0.3100026349226634,0.0,0.0,0.0,0.0,0.9172748923301697
2022-07-01,0.3100026349226634,0.0,0.0,0.0,0.0,0.9172748923301697
2022-07-04,0.3100026349226634,0.0,0.0,0.0,0.0,0.9172748923301697
2022-07-05,0.3100026349226634,0.0,0.0,0.0,0.0,0.9172748923301697
2022-07-06,0.3100026349226634,0.0,0.0,0.0,0.0,0.9172748923301697
2022-07-07,0.3100026349226634,0.0,0.0,0.0,0.0,0.9172748923301697
2022-07-08,0.3100026349226634,0.0,0.0,0.0,0.0,0.9172748923301697
2022-07-11,0.3100026349226634,0.0,0.0,0.0,0.0,0.9172748923301697
2022-07-12,0.3100026349226634,0.0,0.0,0.0,0.0,0.9172748923301697
2022-07-13,0.3100026349226634,0.0,0.0,0.0,0.0,0.9172748923301697
2022-07-14,0.3100026349226634,0.0,0.0,0.0,0.0,0.9172748923301697
2022-07-15,0.3100026349226634,0.0,0.0,0.0,0.0,0.9172748923301697
2022-07-18,0.3100026349226634,0.0,0.0,0.0,0.0,0.9172748923301697
2022-07-19,0.3100026349226634,0.0,0.0,0.0,0.0,0.9172748923301697
2022-07-20,0.3100026349226634,0.0,0.0,0.0,0.0,0.9172748923301697
2022-07-21,0.3100026349226634,0.0,0.0,0.0,0.0,0.9172748923301697
2022-07-22,0.3100026349226634,0.0,0.0,0.0,0.0,0.9172748923301697
2022-07-25,0.3100026349226634,0.0,0.0,0.0,0.0,0.9172748923301697
2022-07-26,0.3100026349226634,0.0,0.0,0.0,0.0,0.9172748923301697
2022-07-27,0.3100026349226634,0.0,0.0,0.0,0.0,0.9172748923301697
2022-07-28,0.3100026349226634,0.0,0.0,0.0,0.0,0.9172748923301697
2022-07-29,0.3100026349226634,0.0,0.0,0.0,0.0,0.9172748923301697
2022-08-01,0.3100026349226634,0.0,0.0,0.0,0.0,0.9172748923301697
2022-08-02,0.3100026349226634,0.0,0.0,0.0,0.0,0.9172748923301697
2022-08-03,0.3100026349226634,0.0,0.0,0.0,0.0,0.9172748923301697
2022-08-04,0.3100026349226634,0.0,0.0,0.0,0.0,0.9172748923301697
2022-08-05,0.3100026349226634,0.0,0.0,0.0,0.0,0.9172748923301697
2022-08-08,0.3100026349226634,0.0,0.0,0.0,0.0,0.9172748923301697
2022-08-09,0.3100026349226634,0.0,0.0,0.0,0.0,0.9172748923301697
2022-08-10,0.3100026349226634,0.0,0.0,0.0,0.0,0.9172748923301697
2022-08-11,0.3100026349226634,0.0,0.0,0.0,0.0,0.9172748923301697
2022-08-12,0.3100026349226634,0.0,0.0,0.0,0.0,0.9172748923301697
2022-08-15,0.3100026349226634,0.0,0.0,0.0,0.0,0.9172748923301697
2022-08-16,0.3100026349226634,0.0,0.0,0.0,0.0,0.9172748923301697
2022-08-17,0.3100026349226634,0.0,0.0,0.0,0.0,0.9172748923301697
2022-08-18,0.3100026349226634,0.0,0.0,0.0,0.0,0.9172748923301697
2022-08-19,0.3100026349226634,0.0,0.0,0.0,0.0,0.9172748923301697
2022-08-22,0.3100026349226634,0.0,0.0,0.0,0.0,0.9172748923301697
2022-08-23,0.3100026349226634,0.0,0.0,0.0,0.0,0.9172748923301697
2022-08-24,0.3100026349226634,0.0,0.0,0.0,0.0,0.9172748923301697
2022-08-25,0.3100026349226634,0.0,0.0,0.0,0.0,0.9172748923301697
2022-08-26,0.3100026349226634,0.0,0.0,0.0,0.0,0.9172748923301697
2022-08-29,0.3100026349226634,0.0,0.0,0.0,0.0,0.9172748923301697
2022-08-30,0.3100026349226634,0.0,0.0,0.0,0.0,0.9172748923301697
2022-08-31,0.3100026349226634,0.0,0.0,0.0,0.0,0.9172748923301697
2022-09-01,0.3100026349226634,0.0,0.0,0.0,0.0,0.9172748923301697
2022-09-02,0.3100026349226634,0.0,0.0,0.0,0.0,0.9172748923301697
2022-09-05,0.3100026349226634,0.0,0.0,0.0,0.0,0.9172748923301697
2022-09-06,0.3100026349226634,0.0,0.0,0.0,0.0,0.9172748923301697
2022-09-07,0.3100026349226634,0.0,0.0,0.0,0.0,0.9172748923301697
2022-09-08,0.3100026349226634,0.0,0.0,0.0,0.0,0.9172748923301697
2022-09-09,0.3100026349226634,0.0,0.0,0.0,0.0,0.9172748923301697
2022-09-12,0.3100026349226634,0.0,0.0,0.0,0.0,0.9172748923301697
2022-09-13,0.3100026349226634,0.0,0.0,0.0,0.0,0.9172748923301697
2022-09-14,0.3100026349226634,0.0,0.0,0.0,0.0,0.9172748923301697
2022-09-15,0.3100026349226634,0.0,0.0,0.0,0.0,0.9172748923301697
2022-09-16,0.3100026349226634,0.0,0.0,0.0,0.0,0.9172748923301697
2022-09-19,0.3100026349226634,0.0,0.0,0.0,0.0,0.9172748923301697
2022-09-20,0.3100026349226634,0.0,0.0,0.0,0.0,0.9172748923301697
2022-09-21,0.3100026349226634,0.0,0.0,0.0,0.0,0.9172748923301697
2022-09-22,0.3100026349226634,0.0,0.0,0.0,0.0,0.9172748923301697
2022-09-23,0.3100026349226634,0.0,0.0,0.0,0.0,0.9172748923301697
2022-09-26,0.3100026349226634,0.0,0.0,0.0,0.0,0.9172748923301697
2022-09-27,0.3100026349226634,0.0,0.0,0.0,0.0,0.9172748923301697
2022-09-28,0.3100026349226634,0.0,0.0,0.0,0.0,0.9172748923301697
2022-09-29,0.3100026349226634,0.0,0.0,0.0,0.0,0.9172748923301697
2022-09-30,0.3100026349226634,0.0,0.0,0.0,0.0,0.9172748923301697
2022-10-03,0.3100026349226634,0.0,0.0,0.0,0.0,0.9172748923301697
2022-10-04,0.8447549343109131,0.0,0.0,0.7769834995269775,0.0,0.9172748923301697
2022-10-05,0.8447549343109131,0.3864174008369446,-0.6579276919364929,0.6744376718997955,0.0,0.0
2022-10-06,-0.7729145884513855,0.3111644685268402,-0.6579276919364929,0.6744376718997955,0.0,0.0
2022-10-07,-0.7981217702229818,-0.1231507658958435,0.0,0.4927644530932109,0.0,0.27054967482884723
2022-10-10,0.0,0.0,-0.8998226523399353,0.0,0.0,0.27054967482884723
2022-10-11,0.0,0.0,-0.12130137532949448,0.0,0.0,-0.9570645093917847
2022-10-12,-0.907546877861023,0.42807185649871826,-0.4046196401119232,-0.39372137784957884,0.0,-0.9676710963249207
2022-10-13,-0.907546877861023,0.0,-0.36795395612716675,0.6539398431777954,0.0,-0.9550873041152954
2022-10-14,-0.907546877861023,0.0,0.4339837059378624,-0.9672830402851105,0.0,-0.9550873041152954
2022-10-17,-0.907546877861023,0.4235699474811554,0.17777063165392196,-0.12875811258951822,0.0,-0.9550873041152954
2022-10-18,0.8444757461547852,-0.231737419962883,0.0,0.0,0.0,-0.9550873041152954
2022-10-19,0.8720110456148783,0.0,0.0,0.9237147172292074,0.0,0.0
2022-10-20,0.9328570365905762,0.0,0.0,0.6408297419548035,0.0,0.0
2022-10-21,0.9505391716957092,0.5551743507385254,0.2526347517967224,-0.008422967265633977,0.0,-0.48081647157669066
2022-10-24,0.0,0.8711081147193909,-0.0883493959903717,-0.02873719280416315,0.0,0.5720741748809814
2022-10-25,0.0,0.0,-0.0883493959903717,0.0,0.0,0.051351726055145264
2022-10-26,0.774739146232605,-0.3227424621582031,-0.0883493959903717,0.9257656186819077,0.0,-0.5078106969594955
2022-10-27,0.5695394277572632,0.3658151179552078,-0.0883493959903717,0.9257656186819077,0.0,-0.09978872537612915
2022-10-28,0.906390905380249,-0.24391433596611023,-0.0883493959903717,0.3715972065925598,0.0,-0.09978872537612915
2022-10-31,0.8182047009468079,0.0,-0.0883493959903717,-0.01868763566017151,0.0,0.0
2022-11-01,0.8182047009468079,-0.01868349313735962,0.0,0.34536404269082205,0.0,0.735535454750061
2022-11-02,0.8182047009468079,-0.19311177730560303,0.0,0.5553849339485168,0.0,0.0
2022-11-03,0.8182047009468079,0.927831768989563,0.3069112002849579,-0.645503302415212,0.0,-0.7781876772642136
2022-11-04,0.8182047009468079,0.927831768989563,0.3069112002849579,0.02089601755142212,0.0,-0.1861746907234192
2022-11-07,0.2347324937582016,0.927831768989563,-0.8166441023349762,0.02089601755142212,0.0,0.8987367153167725
2022-11-08,0.10274699628353119,-0.0019742846488952637,-0.8166441023349762,0.02089601755142212,0.0,0.21187739074230194
2022-11-09,0.14841674055371964,0.21074163913726807,-0.8166441023349762,0.02089601755142212,0.0,0.21187739074230194
2022-11-10,0.024242868548945376,-0.3872560739517212,0.9362491369247437,-0.3196997443834941,0.0,0.0
2022-11-11,0.01615559756755829,-0.29115891456604004,0.9362491369247437,-0.4834149479866028,0.0,-0.2844700515270233
2022-11-14,0.0,0.939025342464447,0.8055622577667236,0.0,0.0,-0.2844700515270233
2022-11-15,-0.6615820441927228,0.0,0.34152789248360527,-0.24096597731113434,0.0,-0.9507243633270264
2022-11-16,-0.6615820441927228,0.0,-0.31577350543095517,-0.06466841697692871,0.0,0.0
2022-11-17,-0.6615820441927228,0.0,0.5375916063785553,0.2380419373512268,0.0,-0.5124404430389404
2022-11-18,-0.6615820441927228,0.4128308743238449,-0.46039238572120667,-0.9663353800773621,0.0,-0.6131370663642883
2022-11-21,0.34853294491767883,0.49403709173202515,-0.46039238572120667,-0.9518058151006699,0.0,-0.9296287695566813
2022-11-22,-0.9693443179130554,0.735478013753891,0.9283638199170431,-0.9668186604976654,0.0,-0.40570576786994933
2022-11-23,-0.8709608018398285,0.6661816239356995,0.22281970083713531,0.911555677652359,0.0,-0.948721706867218
2022-11-24,-0.95365309715271,0.0,0.7249971032142639,0.7303329706192017,0.0,0.41037964820861816
2022-11-25,-0.95365309715271,0.0,0.7152550220489502,0.7097265919049581,0.0,0.41037964820861816
2022-11-28,0.2526935636997223,-0.04476382902690342,0.7152550220489502,-0.7080954909324646,0.0,-0.8006211618582407
2022-11-29,0.8531254132588705,0.3629580480711801,0.5574209292729696,-0.7080954909324646,0.0,0.8163665533065796
2022-11-30,0.0,0.3006066083908081,0.39049071073532104,0.464535653591156,0.0,0.924968441327413
2022-12-01,0.9272319674491882,0.3006066083908081,-0.18957114219665527,0.41558605432510376,0.0,0.7647152543067932
2022-12-02,0.30975063641866046,0.865333080291748,0.18676098585128784,0.2948577205340068,0.0,0.7647152543067932
2022-12-05,0.30975063641866046,0.0,0.18676098585128784,-0.5889171262582144,0.0,-0.9432784676551819
2022-12-06,0.9202855825424194,0.36885389089584353,0.2124694585800171,-0.7197549045085907,0.0,-0.9651120702425638
2022-12-07,0.9202855825424194,0.0,0.0,-0.9623637199401855,0.0,-0.767362368106842
2022-12-08,0.9202855825424194,0.35085779428482056,0.0,-0.9643622040748596,0.0,0.881207287311554
2022-12-09,0.0,0.0,0.295416921377182,0.3512166937192281,0.0,0.8997452259063721
2022-12-12,0.7590094804763794,0.0,0.0,0.0,0.0,0.20250356197357178
2022-12-13,0.7590094804763794,0.7203261256217957,0.0,0.0,0.0,0.22979068756103516
2022-12-14,0.0,0.35022222995758057,0.0,0.09468057751655579,0.0,-0.5925476849079132
2022-12-15,0.0,0.15095801245082507,0.0,0.1235407292842865,0.0,-0.5925476849079132
2022-12-16,0.0,0.22642673552036285,0.0,0.0,0.0,0.80527663230896
2022-12-19,0.0,-0.5041532715161642,0.3237763047218323,-0.9601076046625773,0.0,-0.3096442461013794
2022-12-20,0.8976853787899017,0.3753563091158867,-0.7824084758758545,0.9179605756487165,0.0,0.9090381860733032
2022-12-21,-0.40005503594875336,0.0,-0.7824084758758545,-0.9668621569871902,0.0,-0.519608311355114
2022-12-22,0.0,0.0,0.9202457070350647,0.5886181741952896,0.0,0.5782758394877116
2022-12-23,0.0,0.0,0.0,-0.6449270447095236,0.0,0.46051082015037537
2022-12-26,-0.954645037651062,0.6806711405515671,0.0,-0.6449270447095236,0.0,0.46051082015037537
2022-12-27,0.0,0.16693867444992067,0.0,0.46295738220214844,0.0,0.35013948380947113
2022-12-28,0.0,0.16693867444992067,0.39610108733177185,0.12126373251279195,0.0,0.649245685338974
2022-12-29,-0.01201725857598441,0.3861069083213806,0.0,0.9355644583702087,0.0,0.030120640993118286
2022-12-30,0.0,0.0,0.0,-0.4859950989484787,0.0,-0.10148040737424578
2023-01-02,0.9303885102272034,0.0,0.0,0.0,0.0,0.0
2023-01-03,0.9303885102272034,0.0,0.0,0.0,0.0,0.0
2023-01-04,0.9303885102272034,0.0,0.0,0.0,0.0,0.0
2023-01-05,0.9303885102272034,0.0,0.0,0.0,0.0,0.0
2023-01-06,0.9303885102272034,0.0,0.0,0.0,0.0,0.0
2023-01-09,0.9303885102272034,0.0,0.0,0.0,0.0,0.0
2023-01-10,0.9303885102272034,0.0,0.0,0.0,0.0,0.0
2023-01-11,0.9303885102272034,0.0,0.0,0.0,0.0,0.0
2023-01-12,0.9303885102272034,0.0,0.0,0.0,0.0,0.0
2023-01-13,0.9303885102272034,0.0,0.0,0.0,0.0,0.0
2023-01-16,0.9303885102272034,0.0,0.0,0.0,0.0,0.0
2023-01-17,0.9303885102272034,0.0,0.0,0.0,0.0,0.0
2023-01-18,0.9303885102272034,0.0,0.0,0.0,0.0,0.0
2023-01-19,0.9303885102272034,0.0,0.0,0.0,0.0,0.0
2023-01-20,0.9303885102272034,0.0,0.0,0.0,0.0,0.0
2023-01-23,0.9303885102272034,0.0,0.0,0.0,0.0,0.0
2023-01-24,0.9303885102272034,0.0,0.0,0.0,0.0,0.0
2023-01-25,0.9303885102272034,0.0,0.0,0.0,0.0,0.0
2023-01-26,0.9303885102272034,0.0,0.0,0.0,0.0,0.0
2023-01-27,0.9303885102272034,0.0,0.0,0.0,0.0,0.0
2023-01-30,0.9303885102272034,0.0,0.0,0.0,0.0,0.0
2023-01-31,0.9303885102272034,0.0,0.0,0.0,0.0,0.0
2023-02-01,0.9303885102272034,0.0,0.0,0.0,0.0,0.0
2023-02-02,0.9303885102272034,0.0,0.0,0.0,0.0,0.0
2023-02-03,0.9303885102272034,0.0,0.0,0.0,0.0,0.0
2023-02-06,0.9303885102272034,0.0,0.0,0.0,0.0,0.0
2023-02-07,0.9303885102272034,0.0,0.0,0.0,0.0,0.0
2023-02-08,0.9303885102272034,0.0,0.0,0.0,0.0,0.0
2023-02-09,0.9303885102272034,0.0,0.0,0.0,0.0,0.0
2023-02-10,0.9303885102272034,0.0,0.0,0.0,0.0,0.0
2023-02-13,0.9303885102272034,0.0,0.0,0.0,0.0,0.0
2023-02-14,0.9303885102272034,0.0,0.0,0.0,0.0,0.0
2023-02-15,0.9303885102272034,0.0,0.0,0.0,0.0,0.0
2023-02-16,0.9303885102272034,0.0,0.0,0.0,0.0,0.0
2023-02-17,0.9303885102272034,0.0,0.0,0.0,0.0,0.0
2023-02-20,0.9303885102272034,0.0,0.0,0.0,0.0,0.0
2023-02-21,0.9303885102272034,0.0,0.0,0.0,0.0,0.0
2023-02-22,0.9303885102272034,0.0,0.0,0.0,0.0,0.0
2023-02-23,0.9303885102272034,0.0,0.0,0.0,0.0,0.0
2023-02-24,0.9303885102272034,0.0,0.0,0.0,0.0,0.0
2023-02-27,0.9303885102272034,0.0,0.0,0.0,0.0,0.0
2023-02-28,0.9303885102272034,0.0,0.0,0.0,0.0,0.0
2023-03-01,0.9303885102272034,0.0,0.0,0.0,0.0,0.0
2023-03-02,0.9303885102272034,0.0,0.0,0.0,0.0,0.0
2023-03-03,0.9303885102272034,0.0,0.0,0.0,0.0,0.0
2023-03-06,0.9303885102272034,0.0,0.0,0.0,0.0,0.0
2023-03-07,0.9303885102272034,0.0,0.0,0.0,0.0,0.0
2023-03-08,0.9303885102272034,0.0,0.0,0.0,0.0,0.0
2023-03-09,0.9303885102272034,0.0,0.0,0.0,0.0,0.0
2023-03-10,0.9303885102272034,0.0,0.0,0.0,0.0,0.0
2023-03-13,0.9303885102272034,0.0,0.0,0.0,0.0,0.0
2023-03-14,0.9303885102272034,0.0,0.0,0.0,0.0,0.0
2023-03-15,0.9303885102272034,0.0,0.0,0.0,0.0,0.0
2023-03-16,0.9303885102272034,0.0,0.0,0.0,0.0,0.0
2023-03-17,0.9303885102272034,0.0,0.0,0.0,0.0,0.0
2023-03-20,0.9303885102272034,0.0,0.0,0.0,0.0,0.0
2023-03-21,0.9303885102272034,0.0,0.0,0.0,0.0,0.0
2023-03-22,0.9303885102272034,0.0,0.0,0.0,0.0,0.0
2023-03-23,0.9303885102272034,0.0,0.0,0.0,0.0,0.0
2023-03-24,0.9303885102272034,0.0,0.0,0.0,0.0,0.0
2023-03-27,0.9303885102272034,0.0,0.0,0.0,0.0,0.0
2023-03-28,0.9303885102272034,0.0,0.0,0.0,0.0,0.0
2023-03-29,0.9303885102272034,0.0,0.0,0.0,0.0,0.0
2023-03-30,0.9303885102272034,0.0,0.0,0.0,0.0,0.0
2023-03-31,0.9303885102272034,0.0,0.0,0.0,0.0,0.0
2023-04-03,0.9303885102272034,0.0,0.0,0.0,0.0,0.0
2023-04-04,0.9303885102272034,0.0,0.0,0.0,0.0,0.0
2023-04-05,0.9303885102272034,0.0,0.0,0.0,0.0,0.0
2023-04-06,0.9303885102272034,0.0,0.0,0.0,0.0,0.0
2023-04-07,0.9303885102272034,0.0,0.0,0.0,0.0,0.0
2023-04-10,0.9303885102272034,0.0,0.0,0.0,0.0,0.0
2023-04-11,0.9303885102272034,0.0,0.0,0.0,0.0,0.0
2023-04-12,0.9303885102272034,0.0,0.0,0.0,0.0,0.0
2023-04-13,0.9303885102272034,0.0,0.0,0.0,0.0,0.0
2023-04-14,0.9303885102272034,0.0,0.0,0.0,0.0,0.0
2023-04-17,0.9303885102272034,0.0,0.0,0.0,0.0,0.0
2023-04-18,0.9303885102272034,0.0,0.0,0.0,0.0,0.0
2023-04-19,0.9303885102272034,0.0,0.0,0.0,0.0,0.0
2023-04-20,0.9303885102272034,0.0,0.0,0.0,0.0,0.0
2023-04-21,0.9303885102272034,0.0,0.0,0.0,0.0,0.0
2023-04-24,0.9303885102272034,0.0,0.0,0.0,0.0,0.0
2023-04-25,0.9303885102272034,0.0,0.0,0.0,0.0,0.0
2023-04-26,0.9303885102272034,0.0,0.0,0.0,0.0,0.0
2023-04-27,0.9303885102272034,0.0,0.0,0.0,0.0,0.0
2023-04-28,0.9303885102272034,0.0,0.0,0.0,0.0,0.0
2023-05-01,0.9303885102272034,0.0,0.0,0.0,0.0,0.0
2023-05-02,0.9303885102272034,0.0,0.0,0.0,0.0,0.0
2023-05-03,0.9303885102272034,0.0,0.0,0.0,0.0,0.0
2023-05-04,0.9303885102272034,0.0,0.0,0.0,0.0,0.0
2023-05-05,0.9303885102272034,0.0,0.0,0.0,0.0,0.0
2023-05-08,0.9303885102272034,0.0,0.0,0.0,0.0,0.0
2023-05-09,0.9303885102272034,0.0,0.0,0.0,0.0,0.0
2023-05-10,0.9303885102272034,0.0,0.0,0.0,0.0,0.0
2023-05-11,0.9303885102272034,0.0,0.0,0.0,0.0,0.0
2023-05-12,0.9303885102272034,0.0,0.0,0.0,0.0,0.0
2023-05-15,0.9303885102272034,0.0,0.0,0.0,0.0,0.0
2023-05-16,0.9303885102272034,0.0,0.0,0.0,0.0,0.0
2023-05-17,0.9303885102272034,0.0,0.0,0.0,0.0,0.0
2023-05-18,0.9303885102272034,0.0,0.0,0.0,0.0,0.0
2023-05-19,0.9303885102272034,0.0,0.0,0.0,0.0,0.0
2023-05-22,0.9303885102272034,0.0,0.0,0.0,0.0,0.0
2023-05-23,0.9303885102272034,0.0,0.0,0.0,0.0,0.0
2023-05-24,0.9303885102272034,0.0,0.0,0.0,0.0,0.0
2023-05-25,0.9303885102272034,0.0,0.0,0.0,0.0,0.0
2023-05-26,0.9303885102272034,0.0,0.0,0.0,0.0,0.0
2023-05-29,0.9303885102272034,0.0,0.0,0.0,0.0,0.0
2023-05-30,0.9303885102272034,0.0,0.0,0.0,0.0,0.0
2023-05-31,0.9303885102272034,0.0,0.0,0.0,0.0,0.0
2023-06-01,0.9303885102272034,0.0,0.0,0.0,0.0,0.0
2023-06-02,0.9303885102272034,0.0,0.0,0.0,0.0,0.0
2023-06-05,0.9303885102272034,0.0,0.0,0.0,0.0,0.0
2023-06-06,0.9303885102272034,0.0,0.0,0.0,0.0,0.0
2023-06-07,0.9303885102272034,0.0,0.0,0.0,0.0,0.0
2023-06-08,0.9303885102272034,0.0,0.0,0.0,0.0,0.0
2023-06-09,0.9303885102272034,0.0,0.0,0.0,0.0,0.0
2023-06-12,0.9303885102272034,0.0,0.0,0.0,0.0,0.0
2023-06-13,0.9303885102272034,0.0,0.0,0.0,0.0,0.0
2023-06-14,0.9303885102272034,0.0,0.0,0.0,0.0,0.0
2023-06-15,0.9303885102272034,0.0,0.0,0.0,0.0,0.0
2023-06-16,0.9303885102272034,0.0,0.0,0.0,0.0,0.0
2023-06-19,0.9303885102272034,0.0,0.0,0.0,0.0,0.0
2023-06-20,0.9303885102272034,0.0,0.0,0.0,0.0,0.0
2023-06-21,0.9303885102272034,0.0,0.0,0.0,0.0,0.0
2023-06-22,0.9303885102272034,0.0,0.0,0.0,0.0,0.0
2023-06-23,0.9303885102272034,0.0,0.0,0.0,0.0,0.0
2023-06-26,0.9303885102272034,0.0,0.0,0.0,0.0,0.0
2023-06-27,0.9303885102272034,0.0,0.0,0.0,0.0,0.0
2023-06-28,0.9303885102272034,0.0,0.0,0.0,0.0,0.0
2023-06-29,0.9303885102272034,0.0,0.0,0.0,0.0,0.0
2023-06-30,0.9303885102272034,0.0,0.0,0.0,0.0,0.0
2023-07-03,0.9303885102272034,0.0,0.0,0.0,0.0,0.0
2023-07-04,0.9303885102272034,0.0,0.0,0.0,0.0,0.0
2023-07-05,0.9303885102272034,0.0,0.0,0.0,0.0,0.0
2023-07-06,0.9303885102272034,0.0,0.0,0.0,0.0,0.0
2023-07-07,0.9303885102272034,0.0,0.0,0.0,0.0,0.0
2023-07-10,0.9303885102272034,0.0,0.0,0.0,0.0,0.0
2023-07-11,0.9303885102272034,0.0,0.0,0.0,0.0,0.0
2023-07-12,0.9303885102272034,0.0,0.0,0.0,0.0,0.0
2023-07-13,0.9303885102272034,0.0,0.0,0.0,0.0,0.0
2023-07-14,0.9303885102272034,0.0,0.0,0.0,0.0,0.0
2023-07-17,0.9303885102272034,0.0,0.0,0.0,0.0,0.0
2023-07-18,0.9303885102272034,0.0,0.0,0.0,0.0,0.0
2023-07-19,0.9303885102272034,0.0,0.0,0.0,0.0,0.0
2023-07-20,0.9303885102272034,0.0,0.0,0.0,0.0,0.0
2023-07-21,0.9303885102272034,0.0,0.0,0.0,0.0,0.0
2023-07-24,0.9303885102272034,0.0,0.0,0.0,0.0,0.0
2023-07-25,0.9303885102272034,0.0,0.0,0.0,0.0,0.0
2023-07-26,0.9303885102272034,0.0,0.0,0.0,0.0,0.0
2023-07-27,0.9303885102272034,0.0,0.0,0.0,0.0,0.0
2023-07-28,0.9303885102272034,0.0,0.0,0.0,0.0,0.0
2023-07-31,0.9303885102272034,0.0,0.0,0.0,0.0,0.0
2023-08-01,0.9303885102272034,0.0,0.0,0.0,0.0,0.0
2023-08-02,0.9303885102272034,0.0,0.0,0.0,0.0,0.0
2023-08-03,0.9303885102272034,0.0,0.0,0.0,0.0,0.0
2023-08-04,0.9303885102272034,0.0,0.0,0.0,0.0,0.0
2023-08-07,0.9303885102272034,0.0,0.0,0.0,0.0,0.0
2023-08-08,0.9303885102272034,0.0,0.0,0.0,0.0,0.0
2023-08-09,0.9303885102272034,0.0,0.0,0.0,0.0,0.0
2023-08-10,0.9303885102272034,0.0,0.0,0.0,0.0,0.0
2023-08-11,0.9303885102272034,0.0,0.0,0.0,0.0,0.0
2023-08-14,0.9303885102272034,0.0,0.0,0.0,0.0,0.0
2023-08-15,0.9303885102272034,0.0,0.0,0.0,0.0,0.0
2023-08-16,0.9303885102272034,0.0,0.0,0.0,0.0,0.0
2023-08-17,0.9303885102272034,0.0,0.0,0.0,0.0,0.0
2023-08-18,0.9303885102272034,0.0,0.0,0.0,0.0,0.0
2023-08-21,0.9303885102272034,0.0,0.0,0.0,0.0,0.0
2023-08-22,0.9303885102272034,0.0,0.0,0.0,0.0,0.0
2023-08-23,0.9303885102272034,0.0,0.0,0.0,0.0,0.0
2023-08-24,0.9303885102272034,0.0,0.0,0.0,0.0,0.0
2023-08-25,0.9303885102272034,0.0,0.0,0.0,0.0,0.0
2023-08-28,0.9303885102272034,0.0,0.0,0.0,0.0,0.0
2023-08-29,0.9303885102272034,0.0,0.0,0.0,0.0,0.0
2023-08-30,0.9303885102272034,0.0,0.0,0.0,0.0,0.0
2023-08-31,0.9303885102272034,0.0,0.0,0.0,0.0,0.0
2023-09-01,0.9303885102272034,0.0,0.0,0.0,0.0,0.0
2023-09-04,0.9303885102272034,0.0,0.0,0.0,0.0,0.0
2023-09-05,0.9303885102272034,0.0,0.0,0.0,0.0,0.0
2023-09-06,0.9303885102272034,0.0,0.0,0.0,0.0,0.0
2023-09-07,0.9303885102272034,0.0,0.0,0.0,0.0,0.0
2023-09-08,0.9303885102272034,0.0,0.0,0.0,0.0,0.0
2023-09-11,0.9303885102272034,0.0,0.0,0.0,0.0,0.0
2023-09-12,0.9303885102272034,0.0,0.0,0.0,0.0,0.0
2023-09-13,0.9303885102272034,0.0,0.0,0.0,0.0,0.0
2023-09-14,0.9303885102272034,0.0,0.0,0.0,0.0,0.0
2023-09-15,0.9303885102272034,0.0,0.0,0.0,0.0,0.0
2023-09-18,0.9303885102272034,0.0,0.0,0.0,0.0,0.0
2023-09-19,0.9303885102272034,0.0,0.0,0.0,0.0,0.0
2023-09-20,0.9303885102272034,0.0,0.0,0.0,0.0,0.0
2023-09-21,0.9303885102272034,0.0,0.0,0.0,0.0,0.0
2023-09-22,0.9303885102272034,0.0,0.0,0.0,0.0,0.0
2023-09-25,0.9303885102272034,0.0,0.0,0.0,0.0,0.0
2023-09-26,0.9303885102272034,0.0,0.0,0.0,0.0,0.0
2023-09-27,0.9303885102272034,0.0,0.0,0.0,0.0,0.0
2023-09-28,0.9303885102272034,0.0,0.0,0.0,0.0,0.0
2023-09-29,0.9303885102272034,0.0,0.0,0.0,0.0,0.0
2023-10-02,0.9303885102272034,0.0,0.0,0.0,0.0,0.0
2023-10-03,0.9303885102272034,0.8885307013988495,0.0,0.4016793370246887,0.6413391083478928,0.0
2023-10-04,-0.9625159859657287,-0.36951877389635357,0.0,0.9133272171020508,-0.16808660825093588,-0.3827497959136963
2023-10-05,0.0,0.2993735720713933,0.1537758708000183,0.9133272171020508,0.6662791967391968,0.0
2023-10-06,-0.48492196202278137,0.0145026296377182,-0.2882780969142914,-0.18414980173110962,0.0,-0.9549784660339355
2023-10-09,-0.48492196202278137,0.25222593545913696,-0.9667852520942688,0.925518274307251,0.024283969402313234,-0.06404063701629639
2023-10-10,-0.26772316296895343,0.0,-0.9667852520942688,-0.2651600480079651,-0.3671152889728546,-0.06404063701629639
2023-10-11,0.0,0.0,-0.9667852520942688,-0.2651600480079651,0.7825091779232025,0.46988484263420105
2023-10-12,0.0,0.0,-0.9667852520942688,0.9021787047386169,-0.007442012429237366,0.46988484263420105
2023-10-13,0.2808118164539337,0.0,0.06954215254102435,0.9021787047386169,-0.18929800391197205,0.0
2023-10-16,0.2808118164539337,-0.2876657545566559,-0.15583314214433944,0.9152635335922241,-0.18929800391197205,0.0
2023-10-17,0.77350252866745,0.4153005838394165,0.3610623876253764,-0.3848276138305664,-0.3848276138305664,-0.9649084409077963
2023-10-18,0.0,0.2087952038821052,0.020548057556152344,-0.5644567608833313,-0.5709640979766846,0.17097729444503784
2023-10-19,0.35041444003582,-0.4294496476650238,0.7308296263217926,-0.9701739549636841,-0.5013047456741333,0.9513129591941833
2023-10-20,0.35041444003582,-0.06785082817077637,-0.4870429039001465,-0.952239990234375,0.41986437141895294,-0.11841179430484772
2023-10-23,0.35041444003582,-0.06785082817077637,0.9194713234901428,0.0,-0.2791282534599304,-0.511648029088974
2023-10-24,0.2835829456647237,0.0,0.0,-0.8116750802312579,0.0,-0.511648029088974
2023-10-25,0.0,0.0,0.4508592486381531,-0.8116750802312579,0.0,-0.511648029088974
2023-10-26,0.23391258716583252,-0.24392548203468323,0.0,0.0,0.0,0.4170701950788498
2023-10-27,0.9504358768463135,-0.4699450731277466,0.44831153750419617,-0.9530903100967407,0.0,0.46190643310546875
2023-10-30,0.29271547396977743,-0.013442307710647583,0.0030430078506469725,-0.9530903100967407,0.2433630653790065,0.3098972638448079
2023-10-31,0.42858926951885223,-0.013442307710647583,0.0030430078506469725,-0.9607530236244202,0.0,0.7688244581222534
2023-11-01,0.07306584219137828,-0.013442307710647583,0.0,-0.9626940488815308,-0.5236660813291868,0.9234750270843506
2023-11-02,0.0,0.08913640465055193,-0.32895404951913015,0.5185105800628662,-0.19051328897476197,0.9234750270843506
2023-11-03,0.31335587799549103,0.0,-0.32895404951913015,0.9513447880744934,0.0,-0.0059027522802352905
2023-11-06,0.31335587799549103,0.8240141272544861,0.17019999027252197,-0.020964324474334717,0.8240141272544861,-0.0059027522802352905
2023-11-07,0.0,0.28249794244766235,0.21793943643569946,0.9161488811175028,0.9456480145454407,0.7891337871551514
2023-11-08,0.49060745239257814,-0.32184386253356934,0.0,0.8941369652748108,-0.4927440881729126,0.7891337871551514
2023-11-09,0.0,-0.32184386253356934,0.8258835971355438,0.8941369652748108,-0.7874684929847717,0.7284829616546631
2023-11-10,0.7886189520359039,0.8903297185897827,0.0,-0.46616857392447336,0.8903297185897827,-0.9577970325946807
2023-11-13,0.0,-0.9132693409919739,-0.26646268367767334,0.04951390624046326,0.1983849803606669,-0.9577970325946807
2023-11-14,0.0,-0.9132693409919739,-0.26646268367767334,-0.42125773429870605,0.9199025630950928,-0.9577970325946807
2023-11-15,0.0,0.0,-0.26646268367767334,0.0,0.9199025630950928,0.7107791304588318
2023-11-16,0.0,0.0,0.3226344347000122,0.9250598847866058,0.0,0.7107791304588318
2023-11-17,0.0,0.0,0.3226344347000122,0.9250598847866058,0.8771156072616577,0.7107791304588318
2023-11-20,0.8121197819709778,0.0,0.2694639762242635,-0.3275034427642822,0.6445199251174927,-0.9693078398704529
2023-11-21,0.8121197819709778,0.0,0.0,-0.7955359021822611,-0.8006905317306519,0.2978924938610622
2023-11-22,0.3162759890158971,0.30996551513671877,0.2386030673980713,-0.9675161838531494,0.7278575897216797,0.83480836947759
2023-11-23,0.6188373764355978,0.0,0.9124476313591003,0.6366573721170425,-0.01840299367904663,0.7813253800074259
2023-11-24,0.0,0.0,0.47282204031944275,0.42726391553878784,-0.4712323248386383,0.42726391553878784
2023-11-27,0.0,0.0,0.0,-0.011639492852347237,-0.10927596688270569,0.0
2023-11-28,0.0,0.0,0.0,-0.011639492852347237,-0.10927596688270569,0.0
2023-11-29,0.4724302291870117,0.0,0.0,0.7572259306907654,0.311783105134964,0.24433165788650513
2023-11-30,0.3699238101641337,0.49310914107731413,0.0,0.3885879119237264,0.42250739932060244,0.5033820867538452
2023-12-01,0.0,0.49310914107731413,0.19621587544679642,0.6985894441604614,0.42250739932060244,-0.9540976881980896
2023-12-04,0.0,-0.2748769521713257,0.19621587544679642,0.5011174253055027,0.31149057547251385,0.0
2023-12-05,-0.2050674557685852,0.0,0.0,0.5512440999348959,0.8000398278236389,0.0
2023-12-06,0.6375458687543869,0.0,0.34937547892332077,0.8356303572654724,0.8000398278236389,0.0
2023-12-07,-0.028627336025238037,0.0,0.34937547892332077,0.41296478835019196,0.0,0.502321183681488
2023-12-08,0.5552316308021545,0.10578751564025879,0.34937547892332077,0.3527682900428772,-0.45882614453633624,-0.4349622279405594
2023-12-11,0.5552316308021545,0.4448901265859604,0.5656012892723083,0.8404676914215088,0.775633692741394,0.8242148359616598
2023-12-12,0.5552316308021545,0.0,0.0,0.9254170060157776,-0.20229758818944296,0.0
2023-12-13,0.0,0.30506141980489093,-0.4770844578742981,0.6753180474042892,-0.8563746213912964,-0.8165830373764038
2023-12-14,0.504757359623909,0.30506141980489093,0.0,0.0,0.7107383608818054,-0.8165830373764038
2023-12-15,0.314952810605367,0.30506141980489093,0.2749120891094208,0.61242147286733,0.255983829498291,0.8571493625640869
2023-12-18,0.0,0.9269311428070068,0.2749120891094208,0.4624466300010681,0.8436123728752136,0.8608559767405192
2023-12-19,0.0,0.9269311428070068,-0.05819454789161682,-0.6409807801246643,0.0,-0.954049676656723
2023-12-20,0.19010424613952637,0.0,-0.6186941415071487,0.18232879042625427,-0.18400035301844278,-0.021310484409332274
2023-12-21,0.33263756334781647,-0.08309787511825562,-0.6186941415071487,0.8870335022608439,0.0,0.8870335022608439
2023-12-22,0.33263756334781647,0.0,0.34614287316799164,0.7605672081311544,-0.7026499509811401,0.0
2023-12-25,0.8196034828821818,0.4102734923362732,0.34614287316799164,0.7605672081311544,0.0,-0.6684104800224304
2023-12-26,0.8196034828821818,0.4102734923362732,0.4411962330341339,0.7605672081311544,0.0,-0.6684104800224304
2023-12-27,0.0,-0.29332749048868817,-0.9529985189437866,0.8971484899520874,-0.013698160648345947,-0.6684104800224304
2023-12-28,0.0,-0.16711588700612387,-0.9231962561607361,0.8977450430393219,0.4562010169029236,0.7472920119762421
2023-12-29,0.47334762414296466,-0.2543887734413147,0.0,0.29302142063776654,0.004116833209991455,0.0
2024-01-01,-0.19618438184261322,0.6661606907844544,-0.3768605987230937,-0.7201278465134757,-0.7847375273704529,0.1491873562335968
2024-01-02,-0.19618438184261322,0.6661606907844544,-0.3768605987230937,-0.7201278465134757,-0.7847375273704529,0.1491873562335968
2024-01-03,-0.19618438184261322,0.6661606907844544,-0.3768605987230937,-0.7201278465134757,-0.7847375273704529,0.1491873562335968
2024-01-04,-0.19618438184261322,0.6661606907844544,-0.3768605987230937,-0.7201278465134757,-0.7847375273704529,0.1491873562335968
2024-01-05,-0.19618438184261322,0.6661606907844544,-0.3768605987230937,-0.7201278465134757,-0.7847375273704529,0.1491873562335968
2024-01-08,-0.19618438184261322,0.6661606907844544,-0.3768605987230937,-0.7201278465134757,-0.7847375273704529,0.1491873562335968
2024-01-09,-0.19618438184261322,0.6661606907844544,-0.3768605987230937,-0.7201278465134757,-0.7847375273704529,0.1491873562335968
2024-01-10,-0.19618438184261322,0.6661606907844544,-0.3768605987230937,-0.7201278465134757,-0.7847375273704529,0.1491873562335968
2024-01-11,-0.19618438184261322,0.6661606907844544,-0.3768605987230937,-0.7201278465134757,-0.7847375273704529,0.1491873562335968
2024-01-12,-0.19618438184261322,0.6661606907844544,-0.3768605987230937,-0.7201278465134757,-0.7847375273704529,0.1491873562335968
2024-01-15,-0.19618438184261322,0.6661606907844544,-0.3768605987230937,-0.7201278465134757,-0.7847375273704529,0.1491873562335968
2024-01-16,-0.19618438184261322,0.6661606907844544,-0.3768605987230937,-0.7201278465134757,-0.7847375273704529,0.1491873562335968
2024-01-17,-0.19618438184261322,0.6661606907844544,-0.3768605987230937,-0.7201278465134757,-0.7847375273704529,0.1491873562335968
2024-01-18,-0.19618438184261322,0.6661606907844544,-0.3768605987230937,-0.7201278465134757,-0.7847375273704529,0.1491873562335968
2024-01-19,-0.19618438184261322,0.6661606907844544,-0.3768605987230937,-0.7201278465134757,-0.7847375273704529,0.1491873562335968
2024-01-22,-0.19618438184261322,0.6661606907844544,-0.3768605987230937,-0.7201278465134757,-0.7847375273704529,0.1491873562335968
2024-01-23,-0.19618438184261322,0.6661606907844544,-0.3768605987230937,-0.7201278465134757,-0.7847375273704529,0.1491873562335968
2024-01-24,-0.19618438184261322,0.6661606907844544,-0.3768605987230937,-0.7201278465134757,-0.7847375273704529,0.1491873562335968
2024-01-25,-0.19618438184261322,0.6661606907844544,-0.3768605987230937,-0.7201278465134757,-0.7847375273704529,0.1491873562335968
2024-01-26,-0.19618438184261322,0.6661606907844544,-0.3768605987230937,-0.7201278465134757,-0.7847375273704529,0.1491873562335968
2024-01-29,-0.19618438184261322,0.6661606907844544,-0.3768605987230937,-0.7201278465134757,-0.7847375273704529,0.1491873562335968
2024-01-30,-0.19618438184261322,0.6661606907844544,-0.3768605987230937,-0.7201278465134757,-0.7847375273704529,0.1491873562335968
2024-01-31,-0.19618438184261322,0.6661606907844544,-0.3768605987230937,-0.7201278465134757,-0.7847375273704529,0.1491873562335968
2024-02-01,-0.19618438184261322,0.6661606907844544,-0.3768605987230937,-0.7201278465134757,-0.7847375273704529,0.1491873562335968
2024-02-02,-0.19618438184261322,0.6661606907844544,-0.3768605987230937,-0.7201278465134757,-0.7847375273704529,0.1491873562335968
2024-02-05,-0.19618438184261322,0.6661606907844544,-0.3768605987230937,-0.7201278465134757,-0.7847375273704529,0.1491873562335968
2024-02-06,-0.19618438184261322,0.6661606907844544,-0.3768605987230937,-0.7201278465134757,-0.7847375273704529,0.1491873562335968
2024-02-07,-0.19618438184261322,0.6661606907844544,-0.3768605987230937,-0.7201278465134757,-0.7847375273704529,0.1491873562335968
2024-02-08,-0.19618438184261322,0.6661606907844544,-0.3768605987230937,-0.7201278465134757,-0.7847375273704529,0.1491873562335968
2024-02-09,-0.19618438184261322,0.6661606907844544,-0.3768605987230937,-0.7201278465134757,-0.7847375273704529,0.1491873562335968
2024-02-12,-0.19618438184261322,0.6661606907844544,-0.3768605987230937,-0.7201278465134757,-0.7847375273704529,0.1491873562335968
2024-02-13,-0.19618438184261322,0.6661606907844544,-0.3768605987230937,-0.7201278465134757,-0.7847375273704529,0.1491873562335968
2024-02-14,-0.19618438184261322,0.6661606907844544,-0.3768605987230937,-0.7201278465134757,-0.7847375273704529,0.1491873562335968
2024-02-15,-0.19618438184261322,0.6661606907844544,-0.3768605987230937,-0.7201278465134757,-0.7847375273704529,0.1491873562335968
2024-02-16,-0.19618438184261322,0.6661606907844544,-0.3768605987230937,-0.7201278465134757,-0.7847375273704529,0.1491873562335968
2024-02-19,-0.19618438184261322,0.6661606907844544,-0.3768605987230937,-0.7201278465134757,-0.7847375273704529,0.1491873562335968
2024-02-20,-0.19618438184261322,0.6661606907844544,-0.3768605987230937,-0.7201278465134757,-0.7847375273704529,0.1491873562335968
2024-02-21,-0.19618438184261322,0.6661606907844544,-0.3768605987230937,-0.7201278465134757,-0.7847375273704529,0.1491873562335968
2024-02-22,-0.19618438184261322,0.6661606907844544,-0.3768605987230937,-0.7201278465134757,-0.7847375273704529,0.1491873562335968
2024-02-23,-0.19618438184261322,0.6661606907844544,-0.3768605987230937,-0.7201278465134757,-0.7847375273704529,0.1491873562335968
2024-02-26,-0.19618438184261322,0.6661606907844544,-0.3768605987230937,-0.7201278465134757,-0.7847375273704529,0.1491873562335968
2024-02-27,-0.19618438184261322,0.6661606907844544,-0.3768605987230937,-0.7201278465134757,-0.7847375273704529,0.1491873562335968
2024-02-28,-0.19618438184261322,0.6661606907844544,-0.3768605987230937,-0.7201278465134757,-0.7847375273704529,0.1491873562335968
2024-02-29,-0.19618438184261322,0.6661606907844544,-0.3768605987230937,-0.7201278465134757,-0.7847375273704529,0.1491873562335968
2024-03-01,-0.19618438184261322,0.6661606907844544,-0.3768605987230937,-0.7201278465134757,-0.7847375273704529,0.1491873562335968
2024-03-04,-0.19618438184261322,0.6661606907844544,-0.3768605987230937,-0.7201278465134757,-0.7847375273704529,0.1491873562335968
2024-03-05,-0.19618438184261322,0.6661606907844544,-0.3768605987230937,-0.7201278465134757,-0.7847375273704529,0.1491873562335968
2024-03-06,-0.19618438184261322,0.6661606907844544,-0.3768605987230937,-0.7201278465134757,-0.7847375273704529,0.1491873562335968
2024-03-07,-0.19618438184261322,0.6661606907844544,-0.3768605987230937,-0.7201278465134757,-0.7847375273704529,0.1491873562335968
2024-03-08,-0.19618438184261322,0.6661606907844544,-0.3768605987230937,-0.7201278465134757,-0.7847375273704529,0.1491873562335968
2024-03-11,-0.19618438184261322,0.6661606907844544,-0.3768605987230937,-0.7201278465134757,-0.7847375273704529,0.1491873562335968
2024-03-12,-0.19618438184261322,0.6661606907844544,-0.3768605987230937,-0.7201278465134757,-0.7847375273704529,0.1491873562335968
2024-03-13,-0.19618438184261322,0.6661606907844544,-0.3768605987230937,-0.7201278465134757,-0.7847375273704529,0.1491873562335968
2024-03-14,-0.19618438184261322,0.6661606907844544,-0.3768605987230937,-0.7201278465134757,-0.7847375273704529,0.1491873562335968
2024-03-15,-0.19618438184261322,0.6661606907844544,-0.3768605987230937,-0.7201278465134757,-0.7847375273704529,0.1491873562335968
2024-03-18,-0.19618438184261322,0.6661606907844544,-0.3768605987230937,-0.7201278465134757,-0.7847375273704529,0.1491873562335968
2024-03-19,-0.19618438184261322,0.6661606907844544,-0.3768605987230937,-0.7201278465134757,-0.7847375273704529,0.1491873562335968
2024-03-20,-0.19618438184261322,0.6661606907844544,-0.3768605987230937,-0.7201278465134757,-0.7847375273704529,0.1491873562335968
2024-03-21,-0.19618438184261322,0.6661606907844544,-0.3768605987230937,-0.7201278465134757,-0.7847375273704529,0.1491873562335968
2024-03-22,-0.19618438184261322,0.6661606907844544,-0.3768605987230937,-0.7201278465134757,-0.7847375273704529,0.1491873562335968
2024-03-25,-0.19618438184261322,0.6661606907844544,-0.3768605987230937,-0.7201278465134757,-0.7847375273704529,0.1491873562335968
2024-03-26,-0.19618438184261322,0.6661606907844544,-0.3768605987230937,-0.7201278465134757,-0.7847375273704529,0.1491873562335968
2024-03-27,-0.19618438184261322,0.6661606907844544,-0.3768605987230937,-0.7201278465134757,-0.7847375273704529,0.1491873562335968
2024-03-28,-0.19618438184261322,0.6661606907844544,-0.3768605987230937,-0.7201278465134757,-0.7847375273704529,0.1491873562335968
2024-03-29,-0.19618438184261322,0.6661606907844544,-0.3768605987230937,-0.7201278465134757,-0.7847375273704529,0.1491873562335968
2024-04-01,-0.19618438184261322,0.6661606907844544,-0.3768605987230937,-0.7201278465134757,-0.7847375273704529,0.1491873562335968
2024-04-02,-0.19618438184261322,0.6661606907844544,-0.3768605987230937,-0.7201278465134757,-0.7847375273704529,0.1491873562335968
2024-04-03,-0.19618438184261322,0.6661606907844544,-0.3768605987230937,-0.7201278465134757,-0.7847375273704529,0.1491873562335968
2024-04-04,-0.19618438184261322,0.6661606907844544,-0.3768605987230937,-0.7201278465134757,-0.7847375273704529,0.1491873562335968
2024-04-05,-0.19618438184261322,0.6661606907844544,-0.3768605987230937,-0.7201278465134757,-0.7847375273704529,0.1491873562335968
2024-04-08,-0.19618438184261322,0.6661606907844544,-0.3768605987230937,-0.7201278465134757,-0.7847375273704529,0.1491873562335968
2024-04-09,-0.19618438184261322,0.6661606907844544,-0.3768605987230937,-0.7201278465134757,-0.7847375273704529,0.1491873562335968
2024-04-10,-0.19618438184261322,0.6661606907844544,-0.3768605987230937,-0.7201278465134757,-0.7847375273704529,0.1491873562335968
2024-04-11,-0.19618438184261322,0.6661606907844544,-0.3768605987230937,-0.7201278465134757,-0.7847375273704529,0.1491873562335968
2024-04-12,-0.19618438184261322,0.6661606907844544,-0.3768605987230937,-0.7201278465134757,-0.7847375273704529,0.1491873562335968
2024-04-15,-0.19618438184261322,0.6661606907844544,-0.3768605987230937,-0.7201278465134757,-0.7847375273704529,0.1491873562335968
2024-04-16,-0.19618438184261322,0.6661606907844544,-0.3768605987230937,-0.7201278465134757,-0.7847375273704529,0.1491873562335968
2024-04-17,-0.19618438184261322,0.6661606907844544,-0.3768605987230937,-0.7201278465134757,-0.7847375273704529,0.1491873562335968
2024-04-18,-0.19618438184261322,0.6661606907844544,-0.3768605987230937,-0.7201278465134757,-0.7847375273704529,0.1491873562335968
2024-04-19,-0.19618438184261322,0.6661606907844544,-0.3768605987230937,-0.7201278465134757,-0.7847375273704529,0.1491873562335968
2024-04-22,-0.19618438184261322,0.6661606907844544,-0.3768605987230937,-0.7201278465134757,-0.7847375273704529,0.1491873562335968
2024-04-23,-0.19618438184261322,0.6661606907844544,-0.3768605987230937,-0.7201278465134757,-0.7847375273704529,0.1491873562335968
2024-04-24,-0.19618438184261322,0.6661606907844544,-0.3768605987230937,-0.7201278465134757,-0.7847375273704529,0.1491873562335968
2024-04-25,-0.19618438184261322,0.6661606907844544,-0.3768605987230937,-0.7201278465134757,-0.7847375273704529,0.1491873562335968
2024-04-26,-0.19618438184261322,0.6661606907844544,-0.3768605987230937,-0.7201278465134757,-0.7847375273704529,0.1491873562335968
2024-04-29,-0.19618438184261322,0.6661606907844544,-0.3768605987230937,-0.7201278465134757,-0.7847375273704529,0.1491873562335968
2024-04-30,-0.19618438184261322,0.6661606907844544,-0.3768605987230937,-0.7201278465134757,-0.7847375273704529,0.1491873562335968
2024-05-01,-0.19618438184261322,0.6661606907844544,-0.3768605987230937,-0.7201278465134757,-0.7847375273704529,0.1491873562335968
2024-05-02,-0.19618438184261322,0.6661606907844544,-0.3768605987230937,-0.7201278465134757,-0.7847375273704529,0.1491873562335968
2024-05-03,-0.19618438184261322,0.6661606907844544,-0.3768605987230937,-0.7201278465134757,-0.7847375273704529,0.1491873562335968
2024-05-06,-0.19618438184261322,0.6661606907844544,-0.3768605987230937,-0.7201278465134757,-0.7847375273704529,0.1491873562335968
2024-05-07,-0.19618438184261322,0.6661606907844544,-0.3768605987230937,-0.7201278465134757,-0.7847375273704529,0.1491873562335968
2024-05-08,-0.19618438184261322,0.6661606907844544,-0.3768605987230937,-0.7201278465134757,-0.7847375273704529,0.1491873562335968
2024-05-09,-0.19618438184261322,0.6661606907844544,-0.3768605987230937,-0.7201278465134757,-0.7847375273704529,0.1491873562335968
2024-05-10,-0.19618438184261322,0.6661606907844544,-0.3768605987230937,-0.7201278465134757,-0.7847375273704529,0.1491873562335968
2024-05-13,-0.19618438184261322,0.6661606907844544,-0.3768605987230937,-0.7201278465134757,-0.7847375273704529,0.1491873562335968
2024-05-14,-0.19618438184261322,0.6661606907844544,-0.3768605987230937,-0.7201278465134757,-0.7847375273704529,0.1491873562335968
2024-05-15,-0.19618438184261322,0.6661606907844544,-0.3768605987230937,-0.7201278465134757,-0.7847375273704529,0.1491873562335968
2024-05-16,-0.19618438184261322,0.6661606907844544,-0.3768605987230937,-0.7201278465134757,-0.7847375273704529,0.1491873562335968
2024-05-17,-0.19618438184261322,0.6661606907844544,-0.3768605987230937,-0.7201278465134757,-0.7847375273704529,0.1491873562335968
2024-05-20,-0.19618438184261322,0.6661606907844544,-0.3768605987230937,-0.7201278465134757,-0.7847375273704529,0.1491873562335968
2024-05-21,-0.19618438184261322,0.6661606907844544,-0.3768605987230937,-0.7201278465134757,-0.7847375273704529,0.1491873562335968
2024-05-22,-0.19618438184261322,0.6661606907844544,-0.3768605987230937,-0.7201278465134757,-0.7847375273704529,0.1491873562335968
2024-05-23,-0.19618438184261322,0.6661606907844544,-0.3768605987230937,-0.7201278465134757,-0.7847375273704529,0.1491873562335968
2024-05-24,-0.19618438184261322,0.6661606907844544,-0.3768605987230937,-0.7201278465134757,-0.7847375273704529,0.1491873562335968
2024-05-27,-0.19618438184261322,0.6661606907844544,-0.3768605987230937,-0.7201278465134757,-0.7847375273704529,0.1491873562335968
2024-05-28,-0.19618438184261322,0.6661606907844544,-0.3768605987230937,-0.7201278465134757,-0.7847375273704529,0.1491873562335968
2024-05-29,-0.19618438184261322,0.6661606907844544,-0.3768605987230937,-0.7201278465134757,-0.7847375273704529,0.1491873562335968
2024-05-30,-0.19618438184261322,0.6661606907844544,-0.3768605987230937,-0.7201278465134757,-0.7847375273704529,0.1491873562335968
2024-05-31,-0.19618438184261322,0.6661606907844544,-0.3768605987230937,-0.7201278465134757,-0.7847375273704529,0.1491873562335968
2024-06-03,-0.19618438184261322,0.6661606907844544,-0.3768605987230937,-0.7201278465134757,-0.7847375273704529,0.1491873562335968
2024-06-04,-0.19618438184261322,0.6661606907844544,-0.3768605987230937,-0.7201278465134757,-0.7847375273704529,0.1491873562335968
2024-06-05,-0.19618438184261322,0.6661606907844544,-0.3768605987230937,-0.7201278465134757,-0.7847375273704529,0.1491873562335968
2024-06-06,-0.19618438184261322,0.6661606907844544,-0.3768605987230937,-0.7201278465134757,-0.7847375273704529,0.1491873562335968
2024-06-07,-0.19618438184261322,0.6661606907844544,-0.3768605987230937,-0.7201278465134757,-0.7847375273704529,0.1491873562335968
2024-06-10,-0.19618438184261322,0.6661606907844544,-0.3768605987230937,-0.7201278465134757,-0.7847375273704529,0.1491873562335968
2024-06-11,-0.19618438184261322,0.6661606907844544,-0.3768605987230937,-0.7201278465134757,-0.7847375273704529,0.1491873562335968
2024-06-12,-0.19618438184261322,0.6661606907844544,-0.3768605987230937,-0.7201278465134757,-0.7847375273704529,0.1491873562335968
2024-06-13,-0.19618438184261322,0.6661606907844544,-0.3768605987230937,-0.7201278465134757,-0.7847375273704529,0.1491873562335968
2024-06-14,-0.19618438184261322,0.6661606907844544,-0.3768605987230937,-0.7201278465134757,-0.7847375273704529,0.1491873562335968
2024-06-17,-0.19618438184261322,0.6661606907844544,-0.3768605987230937,-0.7201278465134757,-0.7847375273704529,0.1491873562335968
2024-06-18,-0.19618438184261322,0.6661606907844544,-0.3768605987230937,-0.7201278465134757,-0.7847375273704529,0.1491873562335968
2024-06-19,-0.19618438184261322,0.6661606907844544,-0.3768605987230937,-0.7201278465134757,-0.7847375273704529,0.1491873562335968
2024-06-20,-0.19618438184261322,0.6661606907844544,-0.3768605987230937,-0.7201278465134757,-0.7847375273704529,0.1491873562335968
2024-06-21,-0.19618438184261322,0.6661606907844544,-0.3768605987230937,-0.7201278465134757,-0.7847375273704529,0.1491873562335968
2024-06-24,-0.19618438184261322,0.6661606907844544,-0.3768605987230937,-0.7201278465134757,-0.7847375273704529,0.1491873562335968
2024-06-25,-0.19618438184261322,0.6661606907844544,-0.3768605987230937,-0.7201278465134757,-0.7847375273704529,0.1491873562335968
2024-06-26,-0.19618438184261322,0.6661606907844544,-0.3768605987230937,-0.7201278465134757,-0.7847375273704529,0.1491873562335968
2024-06-27,-0.19618438184261322,0.6661606907844544,-0.3768605987230937,-0.7201278465134757,-0.7847375273704529,0.1491873562335968
2024-06-28,-0.19618438184261322,0.6661606907844544,-0.3768605987230937,-0.7201278465134757,-0.7847375273704529,0.1491873562335968
2024-07-01,-0.19618438184261322,0.6661606907844544,-0.3768605987230937,-0.7201278465134757,-0.7847375273704529,0.1491873562335968
2024-07-02,-0.19618438184261322,0.6661606907844544,-0.3768605987230937,-0.7201278465134757,-0.7847375273704529,0.1491873562335968
2024-07-03,-0.19618438184261322,0.6661606907844544,-0.3768605987230937,-0.7201278465134757,-0.7847375273704529,0.1491873562335968
2024-07-04,-0.19618438184261322,0.6661606907844544,-0.3768605987230937,-0.7201278465134757,-0.7847375273704529,0.1491873562335968
2024-07-05,-0.19618438184261322,0.6661606907844544,-0.3768605987230937,-0.7201278465134757,-0.7847375273704529,0.1491873562335968
2024-07-08,-0.19618438184261322,0.6661606907844544,-0.3768605987230937,-0.7201278465134757,-0.7847375273704529,0.1491873562335968
2024-07-09,-0.19618438184261322,0.6661606907844544,-0.3768605987230937,-0.7201278465134757,-0.7847375273704529,0.1491873562335968
2024-07-10,-0.19618438184261322,0.6661606907844544,-0.3768605987230937,-0.7201278465134757,-0.7847375273704529,0.1491873562335968
2024-07-11,-0.19618438184261322,0.6661606907844544,-0.3768605987230937,-0.7201278465134757,-0.7847375273704529,0.1491873562335968
2024-07-12,-0.19618438184261322,0.6661606907844544,-0.3768605987230937,-0.7201278465134757,-0.7847375273704529,0.1491873562335968
2024-07-15,-0.19618438184261322,0.6661606907844544,-0.3768605987230937,-0.7201278465134757,-0.7847375273704529,0.1491873562335968
2024-07-16,-0.19618438184261322,0.6661606907844544,-0.3768605987230937,-0.7201278465134757,-0.7847375273704529,0.1491873562335968
2024-07-17,-0.19618438184261322,0.6661606907844544,-0.3768605987230937,-0.7201278465134757,-0.7847375273704529,0.1491873562335968
2024-07-18,-0.19618438184261322,0.6661606907844544,-0.3768605987230937,-0.7201278465134757,-0.7847375273704529,0.1491873562335968
2024-07-19,-0.19618438184261322,0.6661606907844544,-0.3768605987230937,-0.7201278465134757,-0.7847375273704529,0.1491873562335968
2024-07-22,-0.19618438184261322,0.6661606907844544,-0.3768605987230937,-0.7201278465134757,-0.7847375273704529,0.1491873562335968
2024-07-23,-0.19618438184261322,0.6661606907844544,-0.3768605987230937,-0.7201278465134757,-0.7847375273704529,0.1491873562335968
2024-07-24,-0.19618438184261322,0.6661606907844544,-0.3768605987230937,-0.7201278465134757,-0.7847375273704529,0.1491873562335968
2024-07-25,-0.19618438184261322,0.6661606907844544,-0.3768605987230937,-0.7201278465134757,-0.7847375273704529,0.1491873562335968
2024-07-26,-0.19618438184261322,0.6661606907844544,-0.3768605987230937,-0.7201278465134757,-0.7847375273704529,0.1491873562335968
2024-07-29,-0.19618438184261322,0.6661606907844544,-0.3768605987230937,-0.7201278465134757,-0.7847375273704529,0.1491873562335968
2024-07-30,-0.19618438184261322,0.6661606907844544,-0.3768605987230937,-0.7201278465134757,-0.7847375273704529,0.1491873562335968
2024-07-31,-0.19618438184261322,0.6661606907844544,-0.3768605987230937,-0.7201278465134757,-0.7847375273704529,0.1491873562335968
2024-08-01,-0.19618438184261322,0.6661606907844544,-0.3768605987230937,-0.7201278465134757,-0.7847375273704529,0.1491873562335968
2024-08-02,-0.19618438184261322,0.6661606907844544,-0.3768605987230937,-0.7201278465134757,-0.7847375273704529,0.1491873562335968
2024-08-05,-0.19618438184261322,0.6661606907844544,-0.3768605987230937,-0.7201278465134757,-0.7847375273704529,0.1491873562335968
2024-08-06,-0.19618438184261322,0.6661606907844544,-0.3768605987230937,-0.7201278465134757,-0.7847375273704529,0.1491873562335968
2024-08-07,-0.19618438184261322,0.6661606907844544,-0.3768605987230937,-0.7201278465134757,-0.7847375273704529,0.1491873562335968
2024-08-08,-0.19618438184261322,0.6661606907844544,-0.3768605987230937,-0.7201278465134757,-0.7847375273704529,0.1491873562335968
2024-08-09,-0.19618438184261322,0.6661606907844544,-0.3768605987230937,-0.7201278465134757,-0.7847375273704529,0.1491873562335968
2024-08-12,-0.19618438184261322,0.6661606907844544,-0.3768605987230937,-0.7201278465134757,-0.7847375273704529,0.1491873562335968
2024-08-13,-0.19618438184261322,0.6661606907844544,-0.3768605987230937,-0.7201278465134757,-0.7847375273704529,0.1491873562335968
2024-08-14,-0.19618438184261322,0.6661606907844544,-0.3768605987230937,-0.7201278465134757,-0.7847375273704529,0.1491873562335968
2024-08-15,-0.19618438184261322,0.6661606907844544,-0.3768605987230937,-0.7201278465134757,-0.7847375273704529,0.1491873562335968
2024-08-16,-0.19618438184261322,0.6661606907844544,-0.3768605987230937,-0.7201278465134757,-0.7847375273704529,0.1491873562335968
2024-08-19,-0.19618438184261322,0.6661606907844544,-0.3768605987230937,-0.7201278465134757,-0.7847375273704529,0.1491873562335968
2024-08-20,-0.19618438184261322,0.6661606907844544,-0.3768605987230937,-0.7201278465134757,-0.7847375273704529,0.1491873562335968
2024-08-21,-0.19618438184261322,0.6661606907844544,-0.3768605987230937,-0.7201278465134757,-0.7847375273704529,0.1491873562335968
2024-08-22,-0.19618438184261322,0.6661606907844544,-0.3768605987230937,-0.7201278465134757,-0.7847375273704529,0.1491873562335968
2024-08-23,-0.19618438184261322,0.6661606907844544,-0.3768605987230937,-0.7201278465134757,-0.7847375273704529,0.1491873562335968
2024-08-26,-0.19618438184261322,0.6661606907844544,-0.3768605987230937,-0.7201278465134757,-0.7847375273704529,0.1491873562335968
2024-08-27,-0.19618438184261322,0.6661606907844544,-0.3768605987230937,-0.7201278465134757,-0.7847375273704529,0.1491873562335968
2024-08-28,-0.19618438184261322,0.6661606907844544,-0.3768605987230937,-0.7201278465134757,-0.7847375273704529,0.1491873562335968
2024-08-29,-0.19618438184261322,0.6661606907844544,-0.3768605987230937,-0.7201278465134757,-0.7847375273704529,0.1491873562335968
2024-08-30,-0.19618438184261322,0.6661606907844544,-0.3768605987230937,-0.7201278465134757,-0.7847375273704529,0.1491873562335968
2024-09-02,-0.19618438184261322,0.6661606907844544,-0.3768605987230937,-0.7201278465134757,-0.7847375273704529,0.1491873562335968
2024-09-03,-0.19618438184261322,0.6661606907844544,-0.3768605987230937,-0.7201278465134757,-0.7847375273704529,0.1491873562335968
2024-09-04,-0.19618438184261322,0.6661606907844544,-0.3768605987230937,-0.7201278465134757,-0.7847375273704529,0.1491873562335968
2024-09-05,-0.19618438184261322,0.6661606907844544,-0.3768605987230937,-0.7201278465134757,-0.7847375273704529,0.1491873562335968
2024-09-06,-0.19618438184261322,0.6661606907844544,-0.3768605987230937,-0.7201278465134757,-0.7847375273704529,0.1491873562335968
2024-09-09,-0.19618438184261322,0.6661606907844544,-0.3768605987230937,-0.7201278465134757,-0.7847375273704529,0.1491873562335968
2024-09-10,-0.19618438184261322,0.6661606907844544,-0.3768605987230937,-0.7201278465134757,-0.7847375273704529,0.1491873562335968
2024-09-11,-0.19618438184261322,0.6661606907844544,-0.3768605987230937,-0.7201278465134757,-0.7847375273704529,0.1491873562335968
2024-09-12,-0.19618438184261322,0.6661606907844544,-0.3768605987230937,-0.7201278465134757,-0.7847375273704529,0.1491873562335968
2024-09-13,-0.19618438184261322,0.6661606907844544,-0.3768605987230937,-0.7201278465134757,-0.7847375273704529,0.1491873562335968
2024-09-16,-0.19618438184261322,0.6661606907844544,-0.3768605987230937,-0.7201278465134757,-0.7847375273704529,0.1491873562335968
2024-09-17,-0.19618438184261322,0.6661606907844544,-0.3768605987230937,-0.7201278465134757,-0.7847375273704529,0.1491873562335968
2024-09-18,-0.19618438184261322,0.6661606907844544,-0.3768605987230937,-0.7201278465134757,-0.7847375273704529,0.1491873562335968
2024-09-19,-0.19618438184261322,0.6661606907844544,-0.3768605987230937,-0.7201278465134757,-0.7847375273704529,0.1491873562335968
2024-09-20,-0.19618438184261322,0.6661606907844544,-0.3768605987230937,-0.7201278465134757,-0.7847375273704529,0.1491873562335968
2024-09-23,-0.19618438184261322,0.6661606907844544,-0.3768605987230937,-0.7201278465134757,-0.7847375273704529,0.1491873562335968
2024-09-24,-0.19618438184261322,0.6661606907844544,-0.3768605987230937,-0.7201278465134757,-0.7847375273704529,0.1491873562335968
2024-09-25,-0.19618438184261322,0.6661606907844544,-0.3768605987230937,-0.7201278465134757,-0.7847375273704529,0.1491873562335968
2024-09-26,-0.19618438184261322,0.6661606907844544,-0.3768605987230937,-0.7201278465134757,-0.7847375273704529,0.1491873562335968
2024-09-27,-0.19618438184261322,0.6661606907844544,-0.3768605987230937,-0.7201278465134757,-0.7847375273704529,0.1491873562335968
2024-09-30,-0.19618438184261322,0.6661606907844544,-0.3768605987230937,-0.7201278465134757,-0.7847375273704529,0.1491873562335968
2024-10-01,-0.19618438184261322,0.6661606907844544,-0.3768605987230937,-0.7201278465134757,-0.7847375273704529,0.1491873562335968
2024-10-02,-0.19618438184261322,0.6661606907844544,-0.3768605987230937,-0.7201278465134757,-0.7847375273704529,0.1491873562335968
2024-10-03,0.0,0.6661606907844544,0.4735587239265442,0.0,-0.7847375273704529,0.1491873562335968
2024-10-04,-0.46594297885894775,-0.47953858971595764,0.5505549311637878,0.43663454055786133,0.0,0.1491873562335968
2024-10-07,-0.6446018020311991,0.3367147371172905,-0.4365033507347107,-0.12545563280582428,0.932929277420044,0.1491873562335968
2024-10-08,-0.4816581904888153,-0.04214085638523102,-0.381521999835968,0.0,0.0,-0.4816581904888153
2024-10-09,0.44162567853927615,-0.015259826183319091,0.00723468405859811,0.8821448087692261,0.34431657466021454,-0.005448177456855774
2024-10-10,0.44162567853927615,-0.015259826183319091,0.6868704259395599,0.9372501373291016,0.0,0.0
2024-10-11,0.284626804292202,0.9539486765861511,0.1810065984725952,0.47265610098838806,-0.1929032802581787,0.28404200077056885
2024-10-14,0.3437552750110626,0.9539486765861511,-0.7992849349975586,-0.3042280872662862,0.10273029208183289,-0.9126842617988586
2024-10-15,-0.24536535739898682,0.9275305867195129,0.6454079151153564,0.44862130284309387,0.8332535028457642,0.3198464512825012
2024-10-16,-0.30003907283147174,0.3186931610107422,0.31529998779296875,0.9486342072486877,0.2646624445915222,0.0
2024-10-17,0.0,0.0,0.7988448143005371,-0.3223926822344462,0.41529129942258197,0.0
2024-10-18,-0.47453877329826355,0.0,0.4959915313455794,-0.3165091872215271,0.3929177522659302,0.0
2024-10-21,0.9475700259208679,0.9527608752250671,-0.07918714393268932,-0.3165091872215271,0.3929177522659302,0.9260278940200806
2024-10-22,0.0,0.44801444311936695,0.3027202785015106,-0.47476035356521606,0.7230876882870992,-0.15635481476783752
2024-10-23,0.0,-0.9711151123046875,0.23766231536865234,-0.3232913017272949,0.4136960506439209,-0.30537208914756775
2024-10-24,-0.03191817998886108,-0.40205857157707214,0.30322517667497906,-0.009484549363454184,-0.3173186779022217,-0.1143341064453125
2024-10-25,0.0,-0.7234824299812317,0.0,-0.009484549363454184,0.0,-0.5744018435478211
2024-10-28,-0.3236730098724365,-0.7234824299812317,-0.4861546456813812,-0.4053853899240494,0.0,-0.9033160408337911
2024-10-29,0.47691166400909424,0.4308435618877411,-0.0040200551350911455,-0.4853546619415283,0.5651212781667709,-0.22561748325824738
2024-10-30,0.0,0.4308435618877411,0.9195707440376282,-0.014966875314712524,-0.11776860803365707,-0.22561748325824738
2024-10-31,0.0,0.4308435618877411,-0.3241428732872009,-0.045055538415908813,0.0,0.0
2024-11-01,0.0,0.10343052281273736,-0.3241428732872009,-0.9385766983032227,0.7242660224437714,-0.46147170662879944
2024-11-04,0.0,0.0,0.0,0.8078383803367615,0.7242660224437714,0.6595883965492249
2024-11-05,-0.5151397519641452,0.0,-0.6383137106895447,-0.4745531330506007,0.47449830174446106,0.0
2024-11-06,-0.18607483804225922,-0.01774883270263672,0.009011069933573404,0.004298031330108643,0.8707581758499146,-0.047844886779785156
2024-11-07,-0.18607483804225922,-0.486598402261734,0.9340969324111938,0.004298031330108643,0.44038181006908417,0.7434266010920206
2024-11-08,0.0,0.6138179500897726,-0.30031710863113403,0.9405091404914856,-0.7979621887207031,0.7434266010920206
2024-11-11,-0.7209091782569885,0.0,-0.30031710863113403,-0.00696257750193278,0.26837483048439026,-0.9522989988327026
2024-11-12,0.0,0.0,0.0,0.0,0.26837483048439026,-0.9522989988327026
2024-11-13,-0.3234256903330485,0.0,0.0,0.0,0.26837483048439026,0.0
2024-11-14,0.5497903227806091,0.0,0.0,-0.7176949828863144,-0.9209697842597961,-0.4719204604625702
2024-11-15,0.11487356424331666,0.24565370877583823,0.16292881965637207,-0.4604452848434448,0.8127872347831726,0.0
2024-11-18,-0.20534315705299377,0.39315542578697205,-0.3101487954457601,-0.4604452848434448,0.0,0.6740952730178833
2024-11-19,-0.9532768130302429,-0.9217844009399414,-0.9532768130302429,0.0,-0.9134688973426819,-0.9532768130302429
2024-11-20,0.8928847014904022,0.5952564676602682,-0.9532768130302429,0.3808150053024292,0.5500325163205465,-0.9532768130302429
2024-11-21,0.0,0.0,0.0,0.0,0.4958942787987845,0.0
2024-11-22,0.0,0.0,0.0,0.0,-0.11126053333282471,0.0
2024-11-25,0.5608262618382772,0.0,0.0,0.31499342918395995,-0.1285887509584427,0.0
2024-11-26,0.5144818544387817,-0.08592126766840617,-0.9548810124397278,0.3957240879535675,-0.1285887509584427,-0.11872034072875977
2024-11-27,0.0,-0.08592126766840617,0.15469199419021606,-0.09911823272705078,0.3413987010717392,0.0
2024-11-28,0.0,0.0,0.3002547323703766,0.40558284521102905,0.3754367530345917,-0.8790638446807861
2024-11-29,-0.20299253861109415,0.2804441915618049,-0.14099274079004923,-0.07449794477886623,0.0,0.4088417589664459
2024-12-02,0.625983076436179,0.4400462508201599,0.9518184065818787,0.3109779357910156,0.8613199591636658,0.8754472583532333
2024-12-03,-0.010467064380645753,-0.48054540157318115,0.0,0.5492180109024047,0.8613199591636658,0.17114074528217316
2024-12-04,0.9110714594523112,0.7850094238917033,0.47266143560409546,-0.20499960581461588,0.0,0.31466015179951984
2024-12-05,0.9373472929000854,0.6893415451049805,0.5802067518234253,-0.20499960581461588,0.46489542722702026,0.0
2024-12-06,0.0,-0.2159808874130249,0.5802067518234253,-0.20499960581461588,0.5335899233818054,0.0
2024-12-09,0.356082946062088,-0.2159808874130249,0.5802067518234253,0.8372255563735962,0.5335899233818054,0.0
2024-12-10,-0.7011416107416153,0.274494727452596,-0.3142094413439433,0.8372255563735962,0.2875922719637553,-0.7533809542655945
2024-12-11,0.6754743754863739,0.20099714398384094,-0.3142094413439433,0.1473370393117269,0.0,-0.7533809542655945
2024-12-12,0.8962222337722778,0.0,0.36477539539337156,0.1473370393117269,0.0,-0.0972752720117569
2024-12-13,0.45811960101127625,-0.5501368641853333,0.6836096247037252,0.1473370393117269,0.0,0.30541306734085083
2024-12-16,-0.31264352798461914,0.0,0.0,-0.9444980025291443,0.46533932685852053,-0.9605066478252411
2024-12-17,0.0,-0.31936486562093097,0.0,-0.9668123424053192,0.5528659224510193,-0.32473381360371906
2024-12-18,-0.7547108292579651,-0.9382626811663309,0.44718437393506366,0.9423427581787109,-0.8377091288566589,-0.7862131694952647
2024-12-19,-0.7547108292579651,-0.4781424105167389,0.37400124470392865,-0.004250720143318176,0.5797538757324219,-0.9041826725006104
2024-12-20,-0.7547108292579651,0.0,0.4303923100233078,0.0,0.2829043098858425,-0.9388589262962341
2024-12-23,-0.7547108292579651,0.0,0.1447335362434387,-0.5749439597129822,0.27527493238449097,-0.9388589262962341
2024-12-24,-0.027531007925669353,0.7919512093067169,0.1447335362434387,0.8835548162460327,-0.9634202321370443,-0.9535483717918396
2024-12-25,-0.027531007925669353,-0.8289709091186523,0.3727617859840393,0.0,0.0,0.4731546640396118
2024-12-26,-0.4824616611003876,-0.8289709091186523,0.3727617859840393,0.0,0.9428216814994812,0.4731546640396118
2024-12-27,0.0,-0.8289709091186523,0.3727617859840393,-0.0601860781510671,-0.964995801448822,0.4731546640396118
2024-12-30,0.0,0.8495426177978516,0.27031681934992474,0.7302067577838898,0.0,0.0
2024-12-31,0.44836190342903137,-0.014746531844139099,-0.923538863658905,-0.5429928799470266,0.8957323729991913,0.11471787095069885
2025-01-01,0.0,0.0,-0.5468720685351979,-0.960502028465271,0.7714231014251709,-0.9658419787883759
2025-01-02,0.0,0.0,-0.5468720685351979,-0.960502028465271,0.7714231014251709,-0.9658419787883759
2025-01-03,0.0,0.0,-0.5468720685351979,-0.960502028465271,0.7714231014251709,-0.9658419787883759
2025-01-06,0.0,0.0,-0.5468720685351979,-0.960502028465271,0.7714231014251709,-0.9658419787883759
2025-01-07,0.0,0.0,-0.5468720685351979,-0.960502028465271,0.7714231014251709,-0.9658419787883759
2025-01-08,0.0,0.0,-0.5468720685351979,-0.960502028465271,0.7714231014251709,-0.9658419787883759
2025-01-09,0.0,0.0,-0.5468720685351979,-0.960502028465271,0.7714231014251709,-0.9658419787883759
2025-01-10,0.0,0.0,-0.5468720685351979,-0.960502028465271,0.7714231014251709,-0.9658419787883759
2025-01-13,0.0,0.0,-0.5468720685351979,-0.960502028465271,0.7714231014251709,-0.9658419787883759
2025-01-14,0.0,0.0,-0.5468720685351979,-0.960502028465271,0.7714231014251709,-0.9658419787883759
2025-01-15,0.0,0.0,-0.5468720685351979,-0.960502028465271,0.7714231014251709,-0.9658419787883759
2025-01-16,0.0,0.0,-0.5468720685351979,-0.960502028465271,0.7714231014251709,-0.9658419787883759
2025-01-17,0.0,0.0,-0.5468720685351979,-0.960502028465271,0.7714231014251709,-0.9658419787883759
2025-01-20,0.0,0.0,-0.5468720685351979,-0.960502028465271,0.7714231014251709,-0.9658419787883759
2025-01-21,0.0,0.0,-0.5468720685351979,-0.960502028465271,0.7714231014251709,-0.9658419787883759
2025-01-22,0.0,0.0,-0.5468720685351979,-0.960502028465271,0.7714231014251709,-0.9658419787883759
2025-01-23,0.0,0.0,-0.5468720685351979,-0.960502028465271,0.7714231014251709,-0.9658419787883759
2025-01-24,0.0,0.0,-0.5468720685351979,-0.960502028465271,0.7714231014251709,-0.9658419787883759
2025-01-27,0.0,0.0,-0.5468720685351979,-0.960502028465271,0.7714231014251709,-0.9658419787883759
2025-01-28,0.0,0.0,-0.5468720685351979,-0.960502028465271,0.7714231014251709,-0.9658419787883759
2025-01-29,0.0,0.0,-0.5468720685351979,-0.960502028465271,0.7714231014251709,-0.9658419787883759
2025-01-30,0.0,0.0,-0.5468720685351979,-0.960502028465271,0.7714231014251709,-0.9658419787883759
2025-01-31,0.0,0.0,-0.5468720685351979,-0.960502028465271,0.7714231014251709,-0.9658419787883759
2025-02-03,0.0,0.0,-0.5468720685351979,-0.960502028465271,0.7714231014251709,-0.9658419787883759
2025-02-04,0.0,0.0,-0.5468720685351979,-0.960502028465271,0.7714231014251709,-0.9658419787883759
2025-02-05,0.0,0.0,-0.5468720685351979,-0.960502028465271,0.7714231014251709,-0.9658419787883759
2025-02-06,0.0,0.0,-0.5468720685351979,-0.960502028465271,0.7714231014251709,-0.9658419787883759
2025-02-07,0.0,0.0,-0.5468720685351979,-0.960502028465271,0.7714231014251709,-0.9658419787883759
2025-02-10,0.0,0.0,-0.5468720685351979,-0.960502028465271,0.7714231014251709,-0.9658419787883759
2025-02-11,0.0,0.0,-0.5468720685351979,-0.960502028465271,0.7714231014251709,-0.9658419787883759
2025-02-12,0.0,0.0,-0.5468720685351979,-0.960502028465271,0.7714231014251709,-0.9658419787883759
2025-02-13,0.0,0.0,-0.5468720685351979,-0.960502028465271,0.7714231014251709,-0.9658419787883759
2025-02-14,0.0,0.0,-0.5468720685351979,-0.960502028465271,0.7714231014251709,-0.9658419787883759
2025-02-17,0.0,0.0,-0.5468720685351979,-0.960502028465271,0.7714231014251709,-0.9658419787883759
2025-02-18,0.0,0.0,-0.5468720685351979,-0.960502028465271,0.7714231014251709,-0.9658419787883759
2025-02-19,0.0,0.0,-0.5468720685351979,-0.960502028465271,0.7714231014251709,-0.9658419787883759
2025-02-20,0.0,0.0,-0.5468720685351979,-0.960502028465271,0.7714231014251709,-0.9658419787883759
2025-02-21,0.0,0.0,-0.5468720685351979,-0.960502028465271,0.7714231014251709,-0.9658419787883759
2025-02-24,0.0,0.0,-0.5468720685351979,-0.960502028465271,0.7714231014251709,-0.9658419787883759
2025-02-25,0.0,0.0,-0.5468720685351979,-0.960502028465271,0.7714231014251709,-0.9658419787883759
2025-02-26,0.0,0.0,-0.5468720685351979,-0.960502028465271,0.7714231014251709,-0.9658419787883759
2025-02-27,0.0,0.0,-0.5468720685351979,-0.960502028465271,0.7714231014251709,-0.9658419787883759
2025-02-28,0.0,0.0,-0.5468720685351979,-0.960502028465271,0.7714231014251709,-0.9658419787883759
2025-03-03,0.0,0.0,-0.5468720685351979,-0.960502028465271,0.7714231014251709,-0.9658419787883759
2025-03-04,0.0,0.0,-0.5468720685351979,-0.960502028465271,0.7714231014251709,-0.9658419787883759
2025-03-05,0.0,0.0,-0.5468720685351979,-0.960502028465271,0.7714231014251709,-0.9658419787883759
2025-03-06,0.0,0.0,-0.5468720685351979,-0.960502028465271,0.7714231014251709,-0.9658419787883759
2025-03-07,0.0,0.0,-0.5468720685351979,-0.960502028465271,0.7714231014251709,-0.9658419787883759
2025-03-10,0.0,0.0,-0.5468720685351979,-0.960502028465271,0.7714231014251709,-0.9658419787883759
2025-03-11,0.0,0.0,-0.5468720685351979,-0.960502028465271,0.7714231014251709,-0.9658419787883759
2025-03-12,0.0,0.0,-0.5468720685351979,-0.960502028465271,0.7714231014251709,-0.9658419787883759
2025-03-13,0.0,0.0,-0.5468720685351979,-0.960502028465271,0.7714231014251709,-0.9658419787883759
2025-03-14,0.0,0.0,-0.5468720685351979,-0.960502028465271,0.7714231014251709,-0.9658419787883759
2025-03-17,0.0,0.0,-0.5468720685351979,-0.960502028465271,0.7714231014251709,-0.9658419787883759
2025-03-18,0.0,0.0,-0.5468720685351979,-0.960502028465271,0.7714231014251709,-0.9658419787883759
2025-03-19,0.0,0.0,-0.5468720685351979,-0.960502028465271,0.7714231014251709,-0.9658419787883759
2025-03-20,0.0,0.0,-0.5468720685351979,-0.960502028465271,0.7714231014251709,-0.9658419787883759
2025-03-21,0.0,0.0,-0.5468720685351979,-0.960502028465271,0.7714231014251709,-0.9658419787883759
2025-03-24,0.0,0.0,-0.5468720685351979,-0.960502028465271,0.7714231014251709,-0.9658419787883759
2025-03-25,0.0,0.0,-0.5468720685351979,-0.960502028465271,0.7714231014251709,-0.9658419787883759
2025-03-26,0.0,0.0,-0.5468720685351979,-0.960502028465271,0.7714231014251709,-0.9658419787883759
2025-03-27,0.0,0.0,-0.5468720685351979,-0.960502028465271,0.7714231014251709,-0.9658419787883759
2025-03-28,0.0,0.0,-0.5468720685351979,-0.960502028465271,0.7714231014251709,-0.9658419787883759
2025-03-31,0.0,0.0,-0.5468720685351979,-0.960502028465271,0.7714231014251709,-0.9658419787883759
2025-04-01,0.0,0.0,-0.5468720685351979,-0.960502028465271,0.7714231014251709,-0.9658419787883759
2025-04-02,0.0,0.0,-0.5468720685351979,-0.960502028465271,0.7714231014251709,-0.9658419787883759
2025-04-03,0.0,0.0,-0.5468720685351979,-0.960502028465271,0.7714231014251709,-0.9658419787883759
2025-04-04,0.0,0.0,-0.5468720685351979,-0.960502028465271,0.7714231014251709,-0.9658419787883759
2025-04-07,0.0,0.0,-0.5468720685351979,-0.960502028465271,0.7714231014251709,-0.9658419787883759
2025-04-08,0.0,0.0,-0.5468720685351979,-0.960502028465271,0.7714231014251709,-0.9658419787883759
2025-04-09,0.0,0.0,-0.5468720685351979,-0.960502028465271,0.7714231014251709,-0.9658419787883759
2025-04-10,0.0,0.0,-0.5468720685351979,-0.960502028465271,0.7714231014251709,-0.9658419787883759
2025-04-11,0.0,0.0,-0.5468720685351979,-0.960502028465271,0.7714231014251709,-0.9658419787883759
2025-04-14,0.0,0.0,-0.5468720685351979,-0.960502028465271,0.7714231014251709,-0.9658419787883759
2025-04-15,0.0,0.0,-0.5468720685351979,-0.960502028465271,0.7714231014251709,-0.9658419787883759
2025-04-16,0.0,0.0,-0.5468720685351979,-0.960502028465271,0.7714231014251709,-0.9658419787883759
2025-04-17,0.0,0.0,-0.5468720685351979,-0.960502028465271,0.7714231014251709,-0.9658419787883759
2025-04-18,0.0,0.0,-0.5468720685351979,-0.960502028465271,0.7714231014251709,-0.9658419787883759
2025-04-21,0.0,0.0,-0.5468720685351979,-0.960502028465271,0.7714231014251709,-0.9658419787883759
2025-04-22,0.0,0.0,-0.5468720685351979,-0.960502028465271,0.7714231014251709,-0.9658419787883759
2025-04-23,0.0,0.0,-0.5468720685351979,-0.960502028465271,0.7714231014251709,-0.9658419787883759
2025-04-24,0.0,0.0,-0.5468720685351979,-0.960502028465271,0.7714231014251709,-0.9658419787883759
2025-04-25,0.0,0.0,-0.5468720685351979,-0.960502028465271,0.7714231014251709,-0.9658419787883759
2025-04-28,0.0,0.0,-0.5468720685351979,-0.960502028465271,0.7714231014251709,-0.9658419787883759
2025-04-29,0.0,0.0,-0.5468720685351979,-0.960502028465271,0.7714231014251709,-0.9658419787883759
2025-04-30,0.0,0.0,-0.5468720685351979,-0.960502028465271,0.7714231014251709,-0.9658419787883759
2025-05-01,0.0,0.0,-0.5468720685351979,-0.960502028465271,0.7714231014251709,-0.9658419787883759
2025-05-02,0.0,0.0,-0.5468720685351979,-0.960502028465271,0.7714231014251709,-0.9658419787883759
2025-05-05,0.0,0.0,-0.5468720685351979,-0.960502028465271,0.7714231014251709,-0.9658419787883759
2025-05-06,0.0,0.0,-0.5468720685351979,-0.960502028465271,0.7714231014251709,-0.9658419787883759
2025-05-07,0.0,0.0,-0.5468720685351979,-0.960502028465271,0.7714231014251709,-0.9658419787883759
2025-05-08,0.0,0.0,-0.5468720685351979,-0.960502028465271,0.7714231014251709,-0.9658419787883759
2025-05-09,0.0,0.0,-0.5468720685351979,-0.960502028465271,0.7714231014251709,-0.9658419787883759
2025-05-12,0.0,0.0,-0.5468720685351979,-0.960502028465271,0.7714231014251709,-0.9658419787883759
2025-05-13,0.0,0.0,-0.5468720685351979,-0.960502028465271,0.7714231014251709,-0.9658419787883759
2025-05-14,0.0,0.0,-0.5468720685351979,-0.960502028465271,0.7714231014251709,-0.9658419787883759
2025-05-15,0.0,0.0,-0.5468720685351979,-0.960502028465271,0.7714231014251709,-0.9658419787883759
2025-05-16,0.0,0.0,-0.5468720685351979,-0.960502028465271,0.7714231014251709,-0.9658419787883759
2025-05-19,0.0,0.0,-0.5468720685351979,-0.960502028465271,0.7714231014251709,-0.9658419787883759
2025-05-20,0.0,0.0,-0.5468720685351979,-0.960502028465271,0.7714231014251709,-0.9658419787883759
2025-05-21,0.0,0.0,-0.5468720685351979,-0.960502028465271,0.7714231014251709,-0.9658419787883759
2025-05-22,0.0,0.0,-0.5468720685351979,-0.960502028465271,0.7714231014251709,-0.9658419787883759
2025-05-23,0.0,0.0,-0.5468720685351979,-0.960502028465271,0.7714231014251709,-0.9658419787883759
2025-05-26,0.0,0.0,-0.5468720685351979,-0.960502028465271,0.7714231014251709,-0.9658419787883759
2025-05-27,0.0,0.0,-0.5468720685351979,-0.960502028465271,0.7714231014251709,-0.9658419787883759
2025-05-28,0.0,0.0,-0.5468720685351979,-0.960502028465271,0.7714231014251709,-0.9658419787883759
2025-05-29,0.0,0.0,-0.5468720685351979,-0.960502028465271,0.7714231014251709,-0.9658419787883759
2025-05-30,0.0,0.0,-0.5468720685351979,-0.960502028465271,0.7714231014251709,-0.9658419787883759
2025-06-02,0.0,0.0,-0.5468720685351979,-0.960502028465271,0.7714231014251709,-0.9658419787883759
2025-06-03,0.0,0.0,-0.5468720685351979,-0.960502028465271,0.7714231014251709,-0.9658419787883759
2025-06-04,0.0,0.0,-0.5468720685351979,-0.960502028465271,0.7714231014251709,-0.9658419787883759
2025-06-05,0.0,0.0,-0.5468720685351979,-0.960502028465271,0.7714231014251709,-0.9658419787883759
2025-06-06,0.0,0.0,-0.5468720685351979,-0.960502028465271,0.7714231014251709,-0.9658419787883759
2025-06-09,0.0,0.0,-0.5468720685351979,-0.960502028465271,0.7714231014251709,-0.9658419787883759
2025-06-10,0.0,0.0,-0.5468720685351979,-0.960502028465271,0.7714231014251709,-0.9658419787883759
2025-06-11,0.0,0.0,-0.5468720685351979,-0.960502028465271,0.7714231014251709,-0.9658419787883759
2025-06-12,0.0,0.0,-0.5468720685351979,-0.960502028465271,0.7714231014251709,-0.9658419787883759
2025-06-13,0.0,0.0,-0.5468720685351979,-0.960502028465271,0.7714231014251709,-0.9658419787883759
2025-06-16,0.0,0.0,-0.5468720685351979,-0.960502028465271,0.7714231014251709,-0.9658419787883759
2025-06-17,0.0,0.0,-0.5468720685351979,-0.960502028465271,0.7714231014251709,-0.9658419787883759
2025-06-18,0.0,0.0,-0.5468720685351979,-0.960502028465271,0.7714231014251709,-0.9658419787883759
2025-06-19,0.0,0.0,-0.5468720685351979,-0.960502028465271,0.7714231014251709,-0.9658419787883759
2025-06-20,0.0,0.0,-0.5468720685351979,-0.960502028465271,0.7714231014251709,-0.9658419787883759
2025-06-23,0.0,0.0,-0.5468720685351979,-0.960502028465271,0.7714231014251709,-0.9658419787883759
2025-06-24,0.0,0.0,-0.5468720685351979,-0.960502028465271,0.7714231014251709,-0.9658419787883759
2025-06-25,0.0,0.0,-0.5468720685351979,-0.960502028465271,0.7714231014251709,-0.9658419787883759
2025-06-26,0.0,0.0,-0.5468720685351979,-0.960502028465271,0.7714231014251709,-0.9658419787883759
2025-06-27,0.0,0.0,-0.5468720685351979,-0.960502028465271,0.7714231014251709,-0.9658419787883759
2025-06-30,0.0,0.0,-0.5468720685351979,-0.960502028465271,0.7714231014251709,-0.9658419787883759
2025-07-01,0.0,0.0,-0.5468720685351979,-0.960502028465271,0.7714231014251709,-0.9658419787883759
2025-07-02,0.0,0.0,-0.5468720685351979,-0.960502028465271,0.7714231014251709,-0.9658419787883759
2025-07-03,0.0,0.0,-0.5468720685351979,-0.960502028465271,0.7714231014251709,-0.9658419787883759
2025-07-04,0.0,0.0,-0.5468720685351979,-0.960502028465271,0.7714231014251709,-0.9658419787883759
2025-07-07,0.0,0.0,-0.5468720685351979,-0.960502028465271,0.7714231014251709,-0.9658419787883759
2025-07-08,0.0,0.0,-0.5468720685351979,-0.960502028465271,0.7714231014251709,-0.9658419787883759
2025-07-09,0.0,0.0,-0.5468720685351979,-0.960502028465271,0.7714231014251709,-0.9658419787883759
2025-07-10,0.0,0.0,-0.5468720685351979,-0.960502028465271,0.7714231014251709,-0.9658419787883759
2025-07-11,0.0,0.0,-0.5468720685351979,-0.960502028465271,0.7714231014251709,-0.9658419787883759
2025-07-14,0.0,0.0,-0.5468720685351979,-0.960502028465271,0.7714231014251709,-0.9658419787883759
2025-07-15,0.0,0.0,-0.5468720685351979,-0.960502028465271,0.7714231014251709,-0.9658419787883759
2025-07-16,0.0,0.0,-0.5468720685351979,-0.960502028465271,0.7714231014251709,-0.9658419787883759
2025-07-17,0.0,0.0,-0.5468720685351979,-0.960502028465271,0.7714231014251709,-0.9658419787883759
2025-07-18,0.0,0.0,-0.5468720685351979,-0.960502028465271,0.7714231014251709,-0.9658419787883759
2025-07-21,0.0,0.0,-0.5468720685351979,-0.960502028465271,0.7714231014251709,-0.9658419787883759
2025-07-22,0.0,0.0,-0.5468720685351979,-0.960502028465271,0.7714231014251709,-0.9658419787883759
2025-07-23,0.0,0.0,-0.5468720685351979,-0.960502028465271,0.7714231014251709,-0.9658419787883759
2025-07-24,0.0,0.0,-0.5468720685351979,-0.960502028465271,0.7714231014251709,-0.9658419787883759
2025-07-25,0.0,0.0,-0.5468720685351979,-0.960502028465271,0.7714231014251709,-0.9658419787883759
2025-07-28,0.0,0.0,-0.5468720685351979,-0.960502028465271,0.7714231014251709,-0.9658419787883759
2025-07-29,0.0,0.0,-0.5468720685351979,-0.960502028465271,0.7714231014251709,-0.9658419787883759
2025-07-30,0.0,0.0,-0.5468720685351979,-0.960502028465271,0.7714231014251709,-0.9658419787883759
2025-07-31,0.0,0.0,-0.5468720685351979,-0.960502028465271,0.7714231014251709,-0.9658419787883759
2025-08-01,0.0,0.0,-0.5468720685351979,-0.960502028465271,0.7714231014251709,-0.9658419787883759
2025-08-04,0.0,0.0,-0.5468720685351979,-0.960502028465271,0.7714231014251709,-0.9658419787883759
2025-08-05,0.0,0.0,-0.5468720685351979,-0.960502028465271,0.7714231014251709,-0.9658419787883759
2025-08-06,0.0,0.0,-0.5468720685351979,-0.960502028465271,0.7714231014251709,-0.9658419787883759
2025-08-07,0.0,0.0,-0.5468720685351979,-0.960502028465271,0.7714231014251709,-0.9658419787883759
2025-08-08,0.0,0.0,-0.5468720685351979,-0.960502028465271,0.7714231014251709,-0.9658419787883759
2025-08-11,0.0,0.0,-0.5468720685351979,-0.960502028465271,0.7714231014251709,-0.9658419787883759
2025-08-12,0.0,0.0,-0.5468720685351979,-0.960502028465271,0.7714231014251709,-0.9658419787883759
2025-08-13,0.0,0.0,-0.5468720685351979,-0.960502028465271,0.7714231014251709,-0.9658419787883759
2025-08-14,0.0,0.0,-0.5468720685351979,-0.960502028465271,0.7714231014251709,-0.9658419787883759
2025-08-15,0.0,0.0,-0.5468720685351979,-0.960502028465271,0.7714231014251709,-0.9658419787883759
2025-08-18,0.0,0.0,-0.5468720685351979,-0.960502028465271,0.7714231014251709,-0.9658419787883759
2025-08-19,0.0,0.0,-0.5468720685351979,-0.960502028465271,0.7714231014251709,-0.9658419787883759
2025-08-20,0.0,0.0,-0.5468720685351979,-0.960502028465271,0.7714231014251709,-0.9658419787883759
2025-08-21,0.0,0.0,-0.5468720685351979,-0.960502028465271,0.7714231014251709,-0.9658419787883759
2025-08-22,0.0,0.0,-0.5468720685351979,-0.960502028465271,0.7714231014251709,-0.9658419787883759
2025-08-25,0.0,0.0,-0.5468720685351979,-0.960502028465271,0.7714231014251709,-0.9658419787883759
2025-08-26,0.0,0.0,-0.5468720685351979,-0.960502028465271,0.7714231014251709,-0.9658419787883759
2025-08-27,0.0,0.0,-0.5468720685351979,-0.960502028465271,0.7714231014251709,-0.9658419787883759
2025-08-28,0.0,0.0,-0.5468720685351979,-0.960502028465271,0.7714231014251709,-0.9658419787883759
2025-08-29,0.0,0.0,-0.5468720685351979,-0.960502028465271,0.7714231014251709,-0.9658419787883759
2025-09-01,0.0,0.0,-0.5468720685351979,-0.960502028465271,0.7714231014251709,-0.9658419787883759
2025-09-02,0.0,0.0,-0.5468720685351979,-0.960502028465271,0.7714231014251709,-0.9658419787883759
2025-09-03,0.0,0.0,-0.5468720685351979,-0.960502028465271,0.7714231014251709,-0.9658419787883759
2025-09-04,0.0,0.0,-0.5468720685351979,-0.960502028465271,0.7714231014251709,-0.9658419787883759
2025-09-05,0.0,0.0,-0.5468720685351979,-0.960502028465271,0.7714231014251709,-0.9658419787883759
2025-09-08,0.0,0.0,-0.5468720685351979,-0.960502028465271,0.7714231014251709,-0.9658419787883759
2025-09-09,0.0,0.0,-0.5468720685351979,-0.960502028465271,0.7714231014251709,-0.9658419787883759
2025-09-10,0.0,0.0,-0.5468720685351979,-0.960502028465271,0.7714231014251709,-0.9658419787883759
2025-09-11,0.0,0.0,-0.5468720685351979,-0.960502028465271,0.7714231014251709,-0.9658419787883759
2025-09-12,0.0,0.0,-0.5468720685351979,-0.960502028465271,0.7714231014251709,-0.9658419787883759
2025-09-15,0.0,0.0,-0.5468720685351979,-0.960502028465271,0.7714231014251709,-0.9658419787883759
2025-09-16,0.0,0.0,-0.5468720685351979,-0.960502028465271,0.7714231014251709,-0.9658419787883759
2025-09-17,0.0,0.0,-0.5468720685351979,-0.960502028465271,0.7714231014251709,-0.9658419787883759
2025-09-18,0.0,0.0,-0.5468720685351979,-0.960502028465271,0.7714231014251709,-0.9658419787883759
2025-09-19,0.0,0.0,-0.5468720685351979,-0.960502028465271,0.7714231014251709,-0.9658419787883759
2025-09-22,0.0,0.0,-0.5468720685351979,-0.960502028465271,0.7714231014251709,-0.9658419787883759
2025-09-23,0.0,0.0,-0.5468720685351979,-0.960502028465271,0.7714231014251709,-0.9658419787883759
2025-09-24,0.0,0.0,-0.5468720685351979,-0.960502028465271,0.7714231014251709,-0.9658419787883759
2025-09-25,0.0,0.0,-0.5468720685351979,-0.960502028465271,0.7714231014251709,-0.9658419787883759
2025-09-26,0.0,0.0,-0.5468720685351979,-0.960502028465271,0.7714231014251709,-0.9658419787883759
2025-09-29,0.0,0.0,-0.5468720685351979,-0.960502028465271,0.7714231014251709,-0.9658419787883759
2025-09-30,0.0,0.0,-0.5468720685351979,-0.960502028465271,0.7714231014251709,-0.9658419787883759
2025-10-01,0.0,0.0,-0.5468720685351979,-0.960502028465271,0.7714231014251709,-0.9658419787883759
2025-10-02,0.0,0.0,-0.5468720685351979,-0.960502028465271,0.7714231014251709,-0.9658419787883759
2025-10-03,0.0,0.0,-0.5468720685351979,0.35630521178245544,0.7714231014251709,-0.9658419787883759
2025-10-06,0.0,0.33937354385852814,-0.24812573194503784,0.4365189770857493,0.7714231014251709,-0.9658419787883759
2025-10-07,-0.8309313654899597,0.0,-0.4023636281490326,0.31465625762939453,0.7714231014251709,-0.9658419787883759
2025-10-08,-0.8309313654899597,0.8976768851280212,0.0,0.49200807015101117,0.7714231014251709,-0.029509246349334717
2025-10-09,0.4360412061214447,0.0,-0.47492262721061707,0.26456794142723083,0.7714231014251709,0.8976513147354126
2025-10-10,0.024655123551686604,0.3543042540550232,-0.4269305467605591,-0.35804980993270874,0.7714231014251709,-0.24837002158164978
2025-10-13,0.0,-0.5496563116709391,0.0,0.17382224400838217,0.7714231014251709,0.0
2025-10-14,0.0,0.0,0.0,0.8394446074962616,0.7714231014251709,-0.805880640234266
2025-10-15,0.0,-0.47984427213668823,0.5954413533210754,0.0,0.7714231014251709,-0.9658123850822449
2025-10-16,0.0,0.0,-0.5853290557861328,0.5637495517730713,0.7714231014251709,-0.9658123850822449
2025-10-17,0.0,0.0,0.5605263188481331,0.0,0.7714231014251709,0.9524145126342773
2025-10-20,0.4643398920694987,0.4747500717639923,0.32707071900367735,0.5628900017057147,0.7714231014251709,0.643852487206459
2025-10-21,0.7194276956411508,0.3893539971775479,-0.48190605640411377,0.2568678657213847,0.7714231014251709,0.0
2025-10-22,0.5408180356025696,-0.4822111964225769,0.0,0.2568678657213847,0.7714231014251709,0.0
2025-10-23,0.5408180356025696,0.6302677989006042,-0.2569020390510559,0.0,0.7714231014251709,0.0
2025-10-24,-0.2714509591460228,0.3131072123845418,0.33560648560523987,0.0,0.7714231014251709,0.26441020124098835
2025-10-27,0.28560101985931396,0.3131072123845418,-0.33184614777565,-0.7230594158172607,0.7714231014251709,-0.07203223705291747
2025-10-28,0.2837892696261406,0.2924462854862213,0.43866942822933197,0.5631188750267029,0.7714231014251709,0.43866942822933197
2025-10-29,0.2837892696261406,-0.9302553733189901,0.0,0.5631188750267029,0.7714231014251709,0.43866942822933197
2025-10-30,-0.42714762687683105,-0.681120753288269,0.3096276521682739,0.5428507129351298,0.7714231014251709,0.43866942822933197
2025-10-31,0.7227952778339386,0.0,0.0,0.7900527119636536,0.7714231014251709,0.838708738485972
2025-11-03,0.0,0.2753461718559265,0.0,-0.8439940810203552,0.7714231014251709,0.0
2025-11-04,0.32129618525505066,-0.10876729091008504,0.0,0.11937389771143596,0.7714231014251709,0.0
2025-11-05,0.32129618525505066,-0.10876729091008504,0.0,0.3128359218438466,0.7714231014251709,0.0
2025-11-06,-0.4606660008430481,-0.10876729091008504,0.9331985116004944,0.3782564401626587,0.7714231014251709,0.0
2025-11-07,0.17746812850236893,0.0,0.3719695806503296,0.10111517415327184,0.7714231014251709,0.0
2025-11-10,0.0,0.0,0.0,-0.19946040709813437,0.7714231014251709,-0.9273086190223694
2025-11-11,0.0,0.0,0.0,0.7528637647628784,0.7714231014251709,-0.5152865648269653
2025-11-12,0.0,0.0,0.0,-0.02211102843284607,0.7714231014251709,-0.5838191986083985
2025-11-13,0.0,0.234095498919487,0.3215176463127136,0.2544599175453186,0.7714231014251709,-0.5838191986083985
2025-11-14,-0.8774815797805786,0.0,0.18062832951545715,-0.2312530055642128,0.7714231014251709,-0.5838191986083985
2025-11-17,0.27569131056467694,0.0,0.5503265659014384,-0.2312530055642128,0.7714231014251709,0.35376623272895813
2025-11-18,0.0,0.0,0.7164493203163147,0.43619443972905475,0.7714231014251709,0.5267272194226583
2025-11-19,0.0,0.0,0.3064044862985611,0.3456231504678726,0.7714231014251709,-0.014200425148010254
2025-11-20,-0.026370123028755188,0.0,0.0,0.3456231504678726,0.7714231014251709,0.3286575794219971
2025-11-21,0.09474942088127136,0.3048701286315918,0.07248608767986298,-0.06948938965797424,0.7714231014251709,0.9174656867980957
2025-11-24,-0.42248696088790894,0.14869095385074615,0.07248608767986298,0.8707656264305115,0.7714231014251709,0.0
2025-11-25,0.30850547552108765,0.2888689835866292,0.34536102414131165,0.4385316073894501,0.7714231014251709,0.2924058238665263
2025-11-26,0.40203702449798584,0.2888689835866292,0.34536102414131165,-0.3764454573392868,0.7714231014251709,-0.2698962390422821
2025-11-27,0.0,0.0,0.0,0.0,0.7714231014251709,0.43969377875328064
2025-11-28,0.8779798746109009,0.0,0.6959614157676697,0.3734327934005044,0.7714231014251709,0.14524238308270773
2025-12-01,0.1512956738471985,-0.22395791113376617,0.9394854307174683,-0.07983120282491048,0.7714231014251709,-0.019308398167292278
2025-12-02,0.5492748022079468,0.0,-0.9377226829528809,0.9361151854197184,0.7714231014251709,0.8467859625816345
2025-12-03,-0.27448611458142597,-0.1840548018614451,-0.9377226829528809,0.9510611891746521,0.7714231014251709,-0.19057761430740355
2025-12-04,-0.6382373968760172,0.0,-0.9377226829528809,0.9510611891746521,0.7714231014251709,-0.7105320990085602
2025-12-05,0.6304635008176168,0.0,0.30822452902793884,0.11300534754991531,0.7714231014251709,-0.7105320990085602
2025-12-08,-0.372090220451355,0.8189213871955872,0.0,0.0,0.7714231014251709,-0.24875522984398735
2025-12-09,-0.372090220451355,-0.6638362407684326,0.47818171977996826,-0.7663688759009043,0.7714231014251709,-0.9681522250175476
2025-12-10,-0.9698370099067688,-0.6638362407684326,0.0,-0.09979399293661118,0.7714231014251709,-0.9639860391616821
2025-12-11,-0.9698370099067688,0.893351137638092,0.0,0.7607899010181427,0.7714231014251709,-0.7653239071369171
2025-12-12,-0.9698370099067688,0.0,0.0,0.7607899010181427,0.7714231014251709,-0.7653239071369171
2025-12-15,-0.9698370099067688,-0.7528833150863647,0.0,0.4676925837993622,0.7714231014251709,0.5997421145439148
2025-12-16,0.0,0.0,-0.9468284249305725,-0.5571039691567421,0.7714231014251709,-0.6298102471563551
2025-12-17,0.0,0.5140397429466248,0.3420320749282837,-0.9376065135002136,0.7714231014251709,-0.6298102471563551
2025-12-18,0.0,0.20849888026714325,-0.3855799436569214,0.0,0.7714231014251709,-0.6298102471563551
2025-12-19,-0.3015805085500081,0.0,0.33793193101882935,-0.16783724228541055,0.7714231014251709,0.0
2025-12-22,0.3576647639274597,0.017496919631958006,0.41969141364097595,0.7835332155227661,0.7714231014251709,0.0
2025-12-23,0.4364440441131592,0.017496919631958006,0.7195089161396027,0.7835332155227661,0.7714231014251709,0.0
2025-12-24,0.4641055762767792,0.0,-0.48067761957645416,0.7835332155227661,0.7714231014251709,0.0
2025-12-25,-0.2858768304189046,0.44459888339042664,0.0,0.0,0.7714231014251709,-0.8576304912567139
2025-12-26,0.0,0.0,-0.19438901543617249,0.0,0.7714231014251709,-0.8576304912567139
2025-12-29,0.0,-0.4476553499698639,0.0017268508672714233,-0.4471324384212494,0.7714231014251709,-0.6902954280376434
2025-12-30,-0.49525393380059135,0.0,0.0,0.0,0.7714231014251709,-0.96249391635259
2025-12-31,0.12365855489458356,0.44029536843299866,0.0,-0.33570922166109085,0.7714231014251709,-0.96249391635259
