Date,HCLTECH,HDFCBANK,HINDALCO,HINDUNILVR,ICICIBANK,INFY,ITC,JINDALSTEL,KOTAKBANK,NESTLEIND,TATASTEEL,TCS
2021-03-02,0.025151729877083362,0.00596565038692809,0.003341970540372552,0.01611905144105097,0.0035342785392395992,0.02959743033795159,0.014499577689034426,-0.020555911279421357,-0.0004063536304508286,0.017412995251368635,0.006982494925142024,0.028093110897208007
2021-03-03,0.012057805134252364,0.011892678176293359,0.04084010122760917,0.007139835854353294,0.03538080764687379,0.029934910519902713,0.00023849241720808045,0.03325453248218291,0.029734600690783042,0.007426476172301744,0.056627920161047784,0.017546297160211832
2021-03-04,-0.007511013440744563,-0.021930211407881206,-0.02754970339746321,0.0015502411385355241,-0.017956054553931455,-0.009824933605968922,-0.001190790969958444,-0.03719079681195181,-0.0009475047213903798,-0.0022427162171878567,-0.024705554866901736,-0.0030728377016586705
2021-03-05,-0.017223441430713415,-0.014207120558037967,-0.033195092839516493,0.001911886803636742,-0.01820385450213602,-0.010260446997262584,-0.005483983834808526,-0.042192638940041216,0.013068361745869561,0.00726803531350928,-0.03252198924872629,-0.013656887003459461
2021-03-08,0.021667584542729212,-0.006862639640198953,-0.0037000332648255974,-0.012062211637649423,-0.0022970538813624763,0.01446834081565651,-0.002637233398366745,0.005273741244594898,-0.0034588684133216585,0.004144197677052208,0.005386779584550139,-0.0003660759410459846
2021-03-09,0.011695625470500737,0.028298756594459906,-0.009952344076388564,0.011013826831431928,0.02804044334830169,0.00733643901742731,-0.0009616569951937937,-0.03456254933506009,0.032935630720407394,0.0034622419800001136,-0.04137005556080797,0.014632698757130358
2021-03-10,0.015773602519210117,-0.0043199980732190335,0.021305329321373412,0.013350039650534384,0.0007998518007770183,0.016796230986074523,-0.006255993373171731,0.023973132601442293,-0.0075796981717018985,0.0012213579833308952,0.025114956581711034,0.00655561109315328
2021-03-12,-0.009357739073322602,-0.0024426182289435383,-0.029822124207564138,-0.010368816533383396,-0.02038047480266314,0.00489716292325304,-0.00629547120861762,-0.008428410822086452,-0.014664445102577806,-0.0123439486589344,-0.0062800338909843045,-0.004233209327765386
2021-03-15,0.013377511557023825,-0.015013303037115011,0.010902275800514172,0.002766585742031813,-0.015256604924529404,-0.0009094441901120742,0.0012184503328485086,0.02660171024077962,-0.008526350662056537,0.006613887542447738,0.022848590099875832,0.002681286548910977
2021-03-16,0.015014976606880781,-0.010793682964712614,0.00029964336471355324,0.01501702287905693,-0.014167282388447,0.0075715008232526415,0.011681697757079945,-0.007819786265818807,-0.008052546636241775,-0.005412080536912778,-0.016770764748124112,0.014317750216887637
2021-03-17,-0.01965740302049379,-0.011110210530469566,-0.022461785133030543,-0.0079098065085218,-0.009160339998150135,0.002167554768981228,0.01323066886150559,-0.04574244681968387,-0.01831128303609697,-0.017094781035464024,-0.027138880465412463,0.0009326370643398807
2021-03-18,-0.04020459545897881,-0.002909035938095328,0.0165440952075544,-0.0049859804887134596,-0.018490376337559455,-0.03597682811418701,0.03347564896656885,0.0019433385547964477,-0.020312170161786436,-0.015465733845010599,0.0006388211519690046,-0.024558833159452065
2021-03-19,0.013400292256003699,0.004359645468171136,0.009945737181772163,0.04372092934067662,0.013913163735816303,0.005496956269822828,0.02435104082464057,0.011960360633636036,0.002048753193799824,0.015406245283172249,0.0399375153355932,0.004511994898624971
2021-03-22,0.019053348380475787,-0.018931628451730687,0.013876483640217652,0.017797841243274437,-0.022500689253232453,0.01959906819722823,0.01368020998633046,0.025235816506621545,-0.006269947326193681,0.008340162734652878,0.014324840916040138,0.026047143479541512
2021-03-23,0.002145455735425017,0.021100535715491864,-0.023693876103611622,-0.006756690437867197,0.022582622437031796,0.000547258502965775,-0.016814173201160187,-0.016513553570619233,-0.005486488147384838,0.005624255900491093,-0.003160883335655673,0.004138015979693543
2021-03-24,-0.005301310465800846,-0.014231803160414058,-0.04205616029936299,-0.008000529764194741,-0.03223066418964193,-0.012977996570434525,-0.028127681275869287,-0.027720542217586464,-0.016660664955756355,-0.013982427093863659,-0.05174377719523193,-0.00684137715524058
2021-03-25,-0.019064285653067725,-0.010447694075105263,-0.011801666088295137,-0.035172115219578526,0.007136571979041495,-0.014736932460062468,-0.020143631018317287,0.007657249059760396,-0.010967977364131687,-0.016901804252179242,0.028955583041268662,-0.018022637901774496
2021-03-26,0.0015672933317678606,0.01909997580698497,0.041878941442575535,0.03614098514817754,0.012247307638248328,0.0017992868349321345,-0.0033080321740115437,0.04834268671426267,0.004622922561788201,0.024839045444789765,0.060429947853523736,0.0006363041512094103
2021-03-30,0.03886095231982911,0.041842689917579445,-0.0025981126058869375,0.03488083221307092,0.022297169428011854,0.03674602158255014,0.01730659017349101,0.03778540479016379,0.005759329267279734,0.035798972459697875,0.043228859688659194,0.029917071348524393
2021-03-31,-0.013205635472099075,-0.03864961628512509,0.0016855792411221149,0.01365299522543606,-0.01580872852220483,-0.012452094335983266,0.018410841842689152,0.021251189845863605,-0.015859567882516967,1.165886813758732e-05,0.01481241459606264,0.006110355519587385
2021-04-01,0.0203023809954348,-0.00461964983675478,0.07159246992652268,-0.013325195387138389,0.021130421330265436,0.012536023405280039,0.0070937409082934,0.07945285705574423,0.0294067696239686,-0.004780080206060244,0.06306593865555188,-0.0040435286717976915
2021-04-05,0.03081959356385,-0.02498742424096634,0.0011420097059540169,-0.01079553615712292,-0.03894660848701048,0.01783144798441083,-0.03408326495645375,0.03221903758765343,-0.025131063696676392,-0.011859689887679159,0.005445765584297657,0.023349072187401232
2021-04-06,-0.0049344432838814845,-0.006449868623501165,-0.0005703084129419222,0.014790121915503773,-0.009365508583604187,0.0008156289976810616,0.0004705812733492021,0.015671841895530836,0.005172924225992803,0.011916059979709903,-0.0056467776651508705,0.007965664417597162
2021-04-07,0.008556696270931363,0.004825382883058227,0.004993587587829529,-0.0012664042508322426,0.020763360583280877,0.013571273162310993,0.005407815660530391,-0.00012853910334620355,0.01340260463178522,0.01921068969942885,0.013907469442443032,0.0020521978269705254
2021-04-08,0.0002895096238195727,-0.009950037420283775,0.03691085294216401,0.001933251764788979,-0.0016446947968651315,0.006747426751545493,-0.002572474837001737,0.06905857081962363,-0.00488286168220764,0.016085888705192897,0.04977977093746255,0.014046134727912385
2021-04-09,0.007614374835524851,-0.007712274183170886,-0.011363807573008478,0.027428509107253474,-0.018206908505541186,0.0008335260250322829,-0.0007033273107083238,-0.007939337377647182,0.008972524259790227,-0.005511728324643195,-0.020579289107351073,0.0014769631588025245
2021-04-12,-0.034436576526185814,-0.03847374102271517,-0.06882695945625794,-0.005654296601707021,-0.048834331431205635,-0.010617523397715267,-0.036602586681408034,-0.05662664266011852,-0.03154096211814372,-0.005155578127396643,-0.05330729113555388,-0.02278568671126968
2021-04-13,-0.025757943672166328,0.024358979193574326,0.037180325136555226,-0.003087142298723533,0.04094325340282734,-0.0200594947594388,0.01656099963155122,0.052570677797016296,0.019139233097593467,-0.01901827628317665,0.03223529600320707,-0.04389277877817077
2021-04-15,0.008643659877415777,0.02124477586912854,0.013908769254431297,0.0025465668130089103,0.02604335929571855,-0.026052972786706707,-0.009582922670971272,0.011845152988491758,-0.0014640469820338398,-0.017077465662554303,0.021843013254400967,0.037016306171293145
2021-04-16,0.021020263585580512,-0.001014011417271088,0.04652793336937844,-0.0007111153117012048,-0.01434274994572049,-0.0051441110271989166,0.006047382904381449,-0.0007241573173878413,-0.005160106124486141,0.02230734525468936,-0.008850999993783915,-0.007393745483359138
2021-04-19,-0.01792167223628094,-0.01137428317036937,-0.023243157131126457,-0.009048852358056858,-0.012699522946996389,0.006500159843354503,-0.011300810898451252,-0.0004831463194013841,-0.03591063645981918,-0.009398999151403409,-0.0024712034713121334,-0.010437839940372617
2021-04-20,-0.03348067005027677,-0.014868261621327039,-0.005672304642492687,-0.016087685759355597,-0.0011613273156112491,-0.008219706167486684,-0.009970890934895449,0.042895307012029704,-0.0017932975268440954,0.0003336992163545105,0.006700075565212238,-0.005455748026516272
2021-04-22,0.0006241145723995256,0.022351580027081708,-0.00973973546490936,-0.020041785140396118,0.03595090229693443,-0.0001850108574591447,0.011545093800013229,0.02328806596344246,0.022589300001922386,-0.017852579071735986,0.030648749526895447,-0.00818885946292447
2021-04-23,-0.006497655946265279,-0.0058700516201418695,-0.01784473366639472,-0.017728128245947605,-0.01597038734127265,-0.01280434042098122,-0.0026711758490634008,-0.010303395671671156,-0.0010656623280247413,-0.009811908243482437,0.00455823164734892,-0.002981604666630222
2021-04-26,-0.02809581628732516,-0.0066117360981433615,-0.0032904254924509546,0.02292268686589094,0.03710847300777709,0.007309947144194862,-0.0002434931512352856,0.013499528880349665,0.01467533618443384,0.01473009236303291,0.016367766717291232,-0.002798048225604477
2021-04-27,5.369545721167768e-05,0.0241315490010654,0.05138515303599678,0.008133385680783256,0.012941975537450912,0.003684337201175225,0.0004871994559401127,0.015690334910203996,-0.0053135370893091505,-0.005429652113333683,0.039330356074638306,0.010061667446481293
2021-04-28,-0.005436533890342932,0.02648233923970711,-0.009965842006371628,0.01121941859777631,0.03774512588647183,0.005561644213128103,0.000486773206777924,-0.014003212106257434,0.03493710038559783,-0.008653597253724277,-0.006494552387367958,-0.0025220381281585436
2021-04-29,0.0019273350713400195,-0.002911802898712623,0.026337364651902728,0.000436084208710108,0.0001610780243261889,0.00025820878977489414,-0.005839381034300151,0.024008191823859937,-0.003560863942380643,-0.002493484332319551,0.06171510774721867,-0.002832798986927232
2021-04-30,-0.01165412775732999,-0.040882712147567224,-0.020824669770622584,-0.02236656214617372,-0.03371157217093135,-0.0014746305577106877,-0.008321030389845996,-0.028068259620057545,-0.031135733564096713,-0.011713281394139408,0.0025695520413988593,-0.025552017597451182
2021-05-03,0.009733754272141848,0.0015223014145850922,0.01523044961800002,0.02304824788966231,-0.006244691045794171,-0.001698165733235224,-0.008144340149217055,0.008606941113653344,-0.013351932761682117,0.012109656884262687,0.029738740792674356,0.00044499499563599443
2021-05-04,-0.007436432465182441,-0.018452513829043782,-0.020002788256056947,-0.00014531065002476584,-0.008713942180589962,-0.01675240140863632,-0.006718073694998439,-0.02144611799423768,0.004172770031431794,0.0024142848741015577,-0.0008451586740880757,0.004197955177185353
2021-05-05,0.00937884435185099,0.010263936968813114,0.012549961600707649,-0.005399659606093565,0.01901794101902521,0.0091017285763757,0.009018080115762439,0.008376259874785408,0.02198949508898851,0.000160104205098488,0.005921864740534133,0.01506698247828342
2021-05-06,0.007257793538149038,-0.001211874402803348,0.05134835296346152,-0.0019418097866770179,0.008958135451572424,0.014983452616246007,0.006703159084543886,0.044378743236184626,0.009882743126210736,0.010172632678019822,0.028734241002977612,0.005087791131425323
2021-05-07,0.0004363521727261954,0.009886336204612434,0.03925386239997053,0.008870391642425979,-0.0018087150973860044,-0.006646710038420323,0.012823629146021531,0.045761710530575206,-0.004417723056970413,0.0026170409539640893,0.07398501620242048,0.006893802557724538
2021-05-10,-0.0026733327056701617,0.003604946737920889,0.06145597934301561,0.008999616395714005,0.010130193821450861,-0.00961151639097202,0.0009739726049409203,0.02146274204802978,0.016288871140426764,0.0015481984801484217,0.028756244904910133,0.00402220443361756
2021-05-11,-0.007276086215211808,-0.011480087708175102,-0.03041685866509325,-0.012659628483722152,-0.005544153232134197,-0.006644012381839537,-0.007540848584614235,-0.028559836949569983,-0.02978966793449045,0.0049322264445605946,0.014428352629497931,-0.007280503104228342
2021-05-12,-0.0013227411615168716,-0.002885447177740863,-0.03391470745273717,-0.030452475685234348,-0.024760325201098388,-0.0027429910544852776,-0.003676472687116239,-0.041159078906372604,-0.02084945569622687,-0.009021733272559729,-0.04437156237518358,-0.011208476615558238
2021-05-14,0.004690542035734158,-0.00903897186955549,-0.04012043703622825,0.02056707885787179,0.004287588096147044,-0.007987755612150371,0.04428056367759714,-0.0860710082072802,-0.007097655340103093,0.030281927880200454,-0.03990164421849374,-0.011692084953111359
2021-05-17,0.012961953335324017,0.03850455731816593,0.02651521284501457,-0.0002524324547715784,0.04403143985956759,0.009875248213719656,0.0016489508023533883,0.04361373373496913,0.021972731783832744,-0.01081064114871344,0.01656220145060372,0.005980686840195482
2021-05-18,0.010247867974535474,0.02530809297915515,0.023285493810519364,-0.0008416167353583193,0.015394641571411682,0.007973543560708896,-0.01199430687665859,0.00895513266264425,0.006278186455917822,0.0083725599629485,0.025329131627854995,0.006205778265879758
2021-05-19,-0.00021460143434082202,-0.012527988923821898,0.0029842492321143776,-0.006107280285565508,-0.012239456835608564,-0.0022390384955880416,-0.010949785015761715,-0.039940671696246266,-0.013987763097207728,0.015642714233094823,-0.013347444992992008,-0.0022015240102785105
2021-05-20,-0.007515576909852717,-0.017418622752972124,-0.0448797322315988,-0.006610804840738171,-0.010952230280052766,0.0017204103014700767,-0.0036100165579775467,-0.04930668221214318,-0.012914918416156773,-0.009398634433876007,-0.0508482123826981,-0.0071382769012726666
2021-05-21,0.0067610484307674135,0.04501661483684294,0.011941722267487354,0.0077213102704627445,0.0385548380462577,0.011349308389710488,0.009903266581398285,0.005236189552948023,0.02894857818938079,0.012250230208136426,0.007284840178217289,0.006699225096068906
2021-05-24,0.00231036493549186,0.00844848279523469,-0.0012825722444713694,-0.010879313491638953,0.007627115314345456,-0.0047618311500169375,0.011719621926593593,-0.013146458378658243,-0.0003698888990788518,-0.007818405155435637,-0.01895615244731641,0.00032483008177197625
2021-05-25,0.00836175536300976,-0.020530470127511746,0.004880520894313678,0.0032099422196765204,0.0045569540292185184,0.010051558507431446,-0.002836679089355254,0.024632378566218804,-0.003699385589785553,0.008974399088809148,0.01208785117555533,0.015490075486077393
2021-05-26,0.005528511469405251,-0.0012846430775802498,-0.02607366463598726,0.00424459620103157,0.0033831432266198114,0.026182228579773703,-0.00142251241868252,-0.043664750617667836,-0.005627016471573154,0.0014388208618907328,-0.020855864412825054,0.014290130302153203
2021-05-27,-0.0035950019505086583,0.003791352084000277,0.012729628055129893,-0.011724946291348348,-0.00038327712483543497,0.003578664372192897,0.0026115623779070507,0.012825382883596248,0.021026730131097793,0.01170947620498497,0.013399287785604175,0.006806965780106422
2021-05-28,0.00015935958466539724,0.014028876753685582,0.00492424158607041,-0.002020231298966668,-0.014104936485892616,0.0019966486838742803,0.008287797148084364,0.003165743843988489,0.01322251390624074,-0.013371574770405625,0.006246270990037939,-0.011446404744280825
2021-05-31,0.0028113494827788355,0.008247709538669268,0.016763383092626816,0.007903805021180377,0.0306353427095587,0.0026619923976347604,0.017379146009442792,0.02802314453662169,0.003859671335711745,0.010631443700638066,0.02007251141945643,0.004946403050746451
2021-06-01,0.005818915281911918,-0.0027377430713020345,0.0011415265077663328,0.007799053240340248,-0.019087138193767506,-0.00469968873802129,-0.006232671962152714,-0.02627690137014893,-0.005919311429321228,0.003557381379498459,-0.021987341642594638,-0.001946671931977395
2021-06-02,-0.00731045192979074,-0.005093490639171083,0.010387567510576234,0.00021197750584311947,-0.0026919708562024303,-0.006163652154271837,-0.029036047796325626,0.005800669135655356,-0.007735025309899779,-0.005912604152648826,0.02102828979494653,-0.007469142192527922
2021-06-03,-0.004556124215954083,0.011003920159946112,0.0010029811909111341,0.0018867964876592147,0.002930500192037888,0.00797877633355415,0.0002392407597899826,-0.003510462084991728,0.01744162015524986,0.00826458364475724,-0.0018237960123739239,0.003770711558537476
2021-06-04,-0.0030869295383030293,-0.01289011079263902,-0.01039586972550488,-0.008970906004663215,-0.011610887371092837,-0.002878263454297203,-0.0014351012240328975,0.00301957870440428,-0.001653705461543864,-0.02093333999954261,-0.0011586609610637622,0.0007957927943844645
2021-06-07,0.013934040132924652,-0.0007328529790452398,-0.00012655275264639165,-0.0011742489550612412,0.008557627182216976,0.002886571768326185,0.012934194342172134,0.015429014575785382,0.0020428075063172457,0.0060683254002436016,0.007138431561562575,0.012548583221780873
2021-06-08,0.018534140783075248,-0.01120089570732441,-0.018354393037100514,0.008421542424912998,-0.008947843464483851,0.016766802711901452,0.01040425783282073,-0.007411977699072314,-0.011763629198142223,-0.0028489402479882076,-0.015593159653750521,0.005325057454498738
2021-06-09,0.004239108634962241,-0.0018543756757078977,-0.011863352396076166,-0.0012719376037064745,-0.009806941796480229,0.0016633717045442253,-0.005382595752849717,-0.010205385727712901,-0.0059380752732008935,0.004264135005600744,-0.009090146276969135,3.1176745981964515e-05
2021-06-10,-0.0028313143487829207,0.0005065280125313709,0.005872407336246388,0.009677549486982295,0.006760089588225826,0.006359013846877648,0.013419243529537717,0.019615273558774016,0.00933876404383338,-5.975584362050146e-05,0.012216193608388659,0.005171465029935707
2021-06-11,0.015280499775898404,0.003578534224584873,0.020109046461708857,-0.005170845946468328,-0.007339251916405165,0.01586748906648605,-0.00668900722250898,0.03859910955488499,-0.002889531366477738,-0.001122116498528447,0.03939169686918098,0.01771957578178296
2021-06-14,0.0008644124397798603,-0.004642252045871875,0.004196825299284557,0.006427038029577226,-0.0008652355007039425,0.01029777172531543,-0.002885827558668619,0.009498900216311279,-0.014657237089801822,0.0023437068074483314,0.0055682019624854195,0.0007787680724844481
2021-06-15,0.0012700793370958863,0.007300181254470406,-0.010005038883343031,0.011566464842918345,0.015980479375632628,0.00827758043854665,-0.0012061584517635282,-0.006116242683132489,0.0016120275052571298,0.006104330672564995,0.008155899996089344,-0.004150872507361347
2021-06-16,-0.006139466888942735,-0.0037914104200699184,-0.027120475838303237,0.006668019106202072,-0.008058337032352703,0.0045456690444294345,0.0038637485157650975,-0.0358579141250438,-0.005816230277068901,0.01585547704032053,-0.0273780321726651,0.0035550777428670077
2021-06-17,0.007147317989767865,-0.0124613239471979,-0.028928327052418767,0.004069850366773542,-0.011092071687652139,0.009928478448979927,-0.010584367527404437,-0.029090571204398508,0.0030954899647657186,0.0052240643628174155,-0.011994720535209225,0.013254561950380106
2021-06-18,-0.011303694725492863,0.00934444048381411,0.005687282043543851,0.026967994312658394,-0.004107261545498342,0.005350075588223868,-0.005348889134734636,-0.018078290088378357,-0.0031709638687286157,-0.02150734366055973,-0.010373761710240514,-0.006163859449843323
2021-06-21,0.00692165505559772,0.006014288605728835,-0.01009823354358863,0.012666534961341291,0.0013484061178996587,-0.001995590318485063,-0.0004889865960308049,-0.01648000516412229,0.0065892699154037615,-0.0012166541951497134,0.012679632625865356,-0.0073390748993831245
2021-06-22,-0.0019352364091910212,-0.0032912560784741363,-0.00013608890132210671,-0.00958494184816594,-0.0006338071958510438,0.007698495276232897,0.0031794142042131934,0.01767249894298195,-0.008436495973062175,-0.012045811876311818,0.005559851708031527,0.0085849151476316
2021-06-23,-0.00734611994513068,0.0011455551651822216,0.0014964073490437713,-0.003915259934901938,-0.009748615093257751,-0.005754555652082827,-0.005606978226981085,-0.009004393832073854,-0.011610019094961399,-0.0012474969418317938,-0.010968287961395706,-0.012056070392642892
2021-06-24,0.017267923535739138,0.013968474414872922,0.002580716657653692,0.003890270795192663,0.014967096490561715,0.03728835122680629,-0.0034322357289023886,0.003115134143113929,0.000690912510942443,0.011768725927631118,0.011862600344906493,0.034402433605146276
2021-06-25,0.0060119900286703665,0.005875477758507275,0.018561246948102017,-0.016665636414366358,0.023578511917149658,0.00962022460857681,0.008855919983834948,0.02380964967377941,-0.0016687360922127414,-0.006416053229737817,0.04680409477814407,0.00213414901391773
2021-06-28,-0.010395272204794082,-0.004455234530551411,0.01702583790147183,0.004716861812202877,0.0020030504708432595,-0.0015244472342824666,-0.007071269118923196,0.032229542372886666,-0.0011238882329096533,-3.1467722808486975e-05,0.016090905885351336,-0.013029325280659587
2021-06-29,-0.0017252544564171357,0.0001332059318421841,-0.0210568291782941,0.013149601532907784,-0.015685041136684896,-0.005566753474540609,-0.0014736192139783721,-0.02301941241177463,-0.01569484682502853,0.005318139153035251,-0.00967064247285554,0.001228568080007264
2021-06-30,-0.00010173992426043554,-0.002762779274448124,-0.005878472144768665,-0.008525656914639357,-0.014372666990099203,0.01135583201425705,-0.002951402356890509,-0.0037599444433066287,0.0,0.0019177549243025727,-0.005074232402032308,0.001466797725193647
2021-07-01,0.0020335135869815613,-0.0074438209586766835,0.019755426809761056,0.0027112818163124164,-7.931986962739224e-05,-0.012904871870305645,0.0014801625275040475,-0.0066676540404300155,0.006008740901331855,0.00074865066277785,-0.0026144777690998433,-0.0012702824532261348
2021-07-02,-0.0008625266133680531,-0.004271098631694836,-0.008829622630878609,0.0037529401115510286,0.014900414156588937,0.004742409832056094,-0.002955578044861573,-0.016843855781682127,-0.0005536684755312882,-0.0025049391808887878,-0.023677580287672972,-0.004803404564756142
2021-07-05,-0.00497643886544441,0.01016623113697901,0.035899347551385796,0.004723891118008083,0.011870399324558356,0.007111888983235337,0.00617558276895247,0.01545793169831211,0.009299564877990552,0.0022356816246376088,0.018353807761358754,-0.0013381242408589955
2021-07-06,-0.00785899384570643,0.026246180433695088,-0.010781576417021488,-0.0106238708023908,0.0037817708592073895,-0.01060844399091021,-0.0056468092119006386,-0.007991821299797697,0.014008467889766951,-0.009707251646069781,0.008990040730104232,-0.01767548954288689
2021-07-07,0.003394820089781314,0.00312767617991061,0.02153877690490491,0.003700631156214218,0.005689712694351368,0.001536332889747749,0.0061728136282608315,0.023529374516176427,0.0036744057830995214,0.014129718827945226,0.044035130909162445,0.0038776626738454834
2021-07-08,0.0014867294074250026,-0.012374090237260993,-0.02680032945226274,-0.013740754917858977,-0.01850129289723812,-0.002460674926727302,-0.008588921269301886,-0.03410794707046727,-0.01674425052634798,-0.005534276381856773,-0.023714814765286696,-0.005022958212761552
2021-07-09,5.107387708624955e-05,-0.012134482034253602,0.018141438207248006,0.0015932753120508902,-0.005219131664609855,0.001377523669156222,-0.003217882971827346,0.021213368760205187,-0.0070714707061626525,0.0009705263480119797,0.04168937732706102,-0.015451979933621574
2021-07-12,0.0026616392510339093,-0.009986711495931555,-0.0043583555916812955,-0.002977733499141655,0.012058641019678573,-0.009629488732563418,-0.001241613929461649,-0.004813206022340588,0.006918458505016378,0.00030632663900043156,-0.010005179964964195,-0.004690954219326082
2021-07-13,-0.011741277224567859,0.009986485111574073,0.010042391709624177,-0.003048095638489512,0.02893610098570054,-0.0018735424851615834,0.0037295661622522847,0.0054727941415129155,0.008776208971444266,0.002862516307971852,0.0014670405824472876,-0.0017380680172202068
2021-07-14,0.02221198479423614,-0.0017978099887180354,-0.001529554059171101,-0.008966938814274683,-0.0009022437369650138,0.02068015093548836,0.011146937627281472,0.0026581555960458747,0.0005723313319569989,-0.008602812842458007,0.012980709639592858,0.00847041743948429
2021-07-15,0.05083613428866118,0.01437482939434176,0.025022252193245942,-0.0010353814260692928,0.004666134792715937,0.0024733223949207073,0.010533988466009614,0.002398703874708419,0.0010869477567383434,0.004683749532807369,0.00903830138823336,-0.0014341541740240382
2021-07-16,-0.03342137034321735,0.001085094660775665,0.01008845545136583,0.0020934502649865294,-0.010712340734521653,-0.01603632359028695,0.007999948046939931,0.02254418926304802,-0.00031432187943825074,0.001835646060331264,0.017914753477421552,-0.002544563657786547
2021-07-19,-0.004776098265347417,-0.033730778548343276,-0.021085090638673587,-0.003619794548665123,-0.006663621761192062,-0.008839859795584881,-0.0007214795748505809,-0.030791973191621858,-0.01526157832364361,0.0055653675741544895,-0.00942552582266043,-0.0031925735763220775
2021-07-20,-0.022995460645294785,-0.01893280934113506,-0.03514295781396792,0.010898178614090481,-0.021344560695924608,0.0054162310566945315,-0.004572730266031444,-0.03380353016144311,-0.011696019297787075,0.005838593540937964,-0.026097630376066938,0.00665706906592245
2021-07-22,0.0014326365753423165,0.003845906584092118,0.027415106632376007,-0.02330679449360118,0.021888048013494643,0.02590242749298355,0.0009671503665218406,0.037485136156308885,0.002672320821766272,0.007767794075068446,0.032148250615662066,0.0032906946906472445
2021-07-23,0.015736907526888277,-0.004107181056371423,-0.004447195301627405,-0.00843060665100892,0.03155723132195187,0.00015718263837527502,0.02608682655495187,0.00836710323097134,0.009225563037218887,0.008288305286517916,0.006598510049444339,-0.0010881275263854295
2021-07-26,0.006337976606688445,-0.0056835611658571095,0.021186898321001735,-0.003986571337394884,0.0001477271837042604,0.008456684055533792,-0.005885097947889606,0.015338252832148846,0.010243986685814388,-0.002347893163288095,0.01291561753699022,-0.004762042095490804
2021-07-27,-0.002313273569609975,0.003624758994942967,0.043244643417942985,-0.0026822299822834017,0.001034403786926763,-0.0008416388864536106,-0.011839874718186483,0.039623524362273566,-0.024502944038229058,0.0068918407084404,0.02519358308084141,-0.004566026136819112
2021-07-28,-0.008971670428877365,-0.015592863583032357,-0.0025159084516945818,0.008111315355248339,0.011218479116956503,0.001903243852423131,0.0021566584082011175,-0.00023805125009712658,-0.026561469274161476,-0.011168206378854961,0.02581447691140104,0.004665639292045443
2021-07-29,0.024921113603384004,0.0006701796320440767,0.10040842971463859,-0.011285679412768257,0.006514900129214629,0.007100131341194249,-0.014586315667629246,0.04264941493953622,-0.006776179441797425,-0.005981378757430544,0.06857131861794685,-0.0006254801269277577
2021-07-30,0.017219047569418278,0.005781743764726732,-0.02903296817232448,-0.0006211373655105046,-0.007272635750437018,-0.00401994847359799,-0.0053385060935637885,-0.013368413436761206,0.008010205753112398,-0.011839340561461187,-0.01665964806183695,-0.008871102119929697
2021-08-02,0.01019584628427106,-0.002663793237612122,0.0022481746511002765,-0.00021440411583606434,-0.001611806280485295,0.013070565362452324,0.011466365857621064,-0.01679210249263341,0.006224294610500225,0.0006778082854372869,-0.016907203684866645,0.016401071406650036
2021-08-03,0.003911340965987664,0.008469947031035652,0.006729395097824886,0.023169762220265788,0.013208082402699217,0.01449555273018377,0.012541991222544624,-0.006478193256572395,0.012341677771388504,0.03214588697765053,-0.002021316528701189,0.020345350843718357
2021-08-04,0.00048107560000976157,0.021328675894606297,-0.013591618713171716,-0.004084871597260897,0.03512462053614751,-0.00359481801839856,-0.0061933639960723985,-0.013752159816674103,0.03814549360264907,-0.01240153039624381,0.00639581277174095,-0.0033332686911751175
2021-08-05,0.020385567406766114,0.01334179068885799,0.0009035212972876572,-0.008161339132004453,-0.01707136687683075,0.002607209252997622,0.03187931465614113,0.02259881372708694,0.012457490784981928,0.008384259626025736,0.021465855334457773,0.003054154362532646
2021-08-06,-0.01055471021691301,0.005253212608367086,-0.002144041967642951,0.005853093130989029,-0.006833187371757421,-0.002025985378060313,-0.004645916076753909,-0.008581208683146824,0.0030760960381241986,-0.01033017285808946,-0.01227023237993341,0.007871914385656709
2021-08-09,0.0005716981825332201,0.007536886849379476,-0.016849474291596,0.0054819352766419804,0.007453543648533234,0.007938499160443868,-0.0021002004840886546,-0.008418284333030157,0.002081975051820839,0.010080277227398238,-0.011652679451366721,0.003897591956558033
2021-08-10,0.012517139063403349,0.0024935876979366167,-0.017828447621033194,-0.0011321264024323208,-0.0027743326158922166,0.008386926071630718,-0.018475254781124995,-0.0423293091780893,0.01816489212965955,0.003900398907800806,-0.027333208605163417,0.003370541725922216
2021-08-11,0.003055462886824456,-0.008423863917628283,0.02271930734135208,0.0036315141862661715,-0.010486509701179592,0.00017879704270029606,-0.005718381959507246,0.05219133783988683,-0.017518689565447554,-0.005773299505249185,0.03829351152025695,0.0030895619771873495
2021-08-12,0.027695634340500597,0.004314624495479036,0.008301717794316765,0.0007739324468007958,0.011246499417733924,0.007183150548901285,0.001198354527409462,0.006882644025916651,0.003987507226985931,-0.0018687662290709506,0.006415633441692936,0.002257732831842052
2021-08-13,0.020930346395157784,0.01651786836063529,0.010977606805439688,0.005099552834716858,0.004919069950376942,0.013376066290700539,0.012206617287161547,0.0,0.00016773862039531906,0.00748325342859113,0.018322986074033043,0.033310855406871065
2021-08-16,0.0037519347929184654,0.002882933785347319,-0.0006786105052060121,0.009107958710323993,-0.003050464207285497,-0.004555674145469535,-0.002601130258233164,0.014260335117364686,-0.003160032209321928,0.0014067546716569623,0.03951015698594196,0.002757382727031521
2021-08-17,0.017175929970222104,-0.01042059309199539,-0.011658173180109088,0.02365664424458913,-0.002063745060591926,0.02185525504545205,-0.008060694307064242,-0.03567269569157572,0.0033663894480728818,0.023902431697260695,-0.010333117527573377,0.02306394155590108
2021-08-18,-0.007612015321907695,-0.00108951344159669,-0.0221026303451477,0.0009057207807685597,-0.01839711321693205,-0.0047082487140613916,-0.0011949335035872366,-0.016749011772952294,-0.021612093208232208,0.00952615593517403,-0.002161297396412576,0.002111206836333146
2021-08-20,-0.01489948738608693,0.0011566866888754745,-0.05457313182304824,0.05363917120592743,-0.011041581173731108,-0.00028846571614637995,-0.00023916427389536477,-0.07634806041978348,-0.02637595868215792,0.03491351358325323,-0.0832081997072589,-0.00029524522741741777
2021-08-23,0.040945045005825964,0.0065026788742865715,0.007927669960584582,0.005630972846152993,0.0029380964296465972,0.0033470095245695664,-0.012446380612313068,-0.03515984105164904,0.007807194489339642,0.022982731751928,-0.012321916083503637,0.021885124209674034
2021-08-24,-0.008769624234201023,0.022464914694261928,0.03441063350319862,-0.0004363682792181134,0.017211129865823294,-0.010294961865017882,-0.002665972663949967,0.025164939354767046,-0.00696029482170013,-0.012047382913537241,0.03385691859561879,-0.006652857690134462
2021-08-25,0.001257751596336787,-0.0009301214467450913,0.023405078231716114,0.004557489465679465,-0.004896004305613433,0.008542352105621376,0.0031592337812826887,0.007109232379089558,-0.004516417759749758,0.006572339885439371,-0.010287190575702376,0.012675485528406583
2021-08-26,0.011348377448118008,-0.0016694163436692389,-0.015323878608584973,0.008090767749494798,0.011214891321538856,-0.00452299732419037,-0.00872094776863841,-0.011054783716076266,0.0001766829729952235,0.007174854920450224,-0.01089755780623447,0.003512055842584738
2021-08-27,-0.003854533674573224,-0.004084244748981503,0.03253952180257258,0.0043317610381516936,0.0013595489744224754,-0.010939341044630901,0.006353889448722505,0.0006734141463653476,0.009455019391094499,-0.004754968199565224,0.006617785608508564,0.013153914232600927
2021-08-30,0.00038678181912232823,0.012787036860550716,0.02317874976593326,0.00364083570619389,0.019864242277754407,-0.006290956728628672,0.010199192002780855,0.02678331323392147,0.013014050806197996,-0.010777976136664535,0.04078329712304152,-0.005066923824312175
2021-08-31,0.016245513501634168,0.008385068188053735,0.04519581514492943,0.013543171088889583,0.007566634790755478,0.00494685110156734,0.015865279267225585,-0.011797082489598876,0.01028306484598529,-0.01390420524121705,0.006698514843531678,0.02300553000569372
2021-09-01,-0.014928409338336168,-0.0014542823673984184,-0.021780782939437304,0.003230537891138363,0.0011822132817769226,-0.016818549137856964,-0.008518621885646116,-0.016315175210687594,-0.004020115072016939,0.018445994062854743,-0.02692634596464638,-0.018883199753191082
2021-09-02,0.006954853532366245,0.00626938027490076,-0.0025104050630672115,0.02493695091550774,0.007292573839101868,0.006764952291117066,0.0011932222168593576,0.01874334887175988,0.017032618136689104,0.02086809200538453,0.009849696791600415,0.03278635344896186
2021-09-03,0.0017053287231916237,-0.008149671105097012,0.009519617161743321,-0.012263401344566494,-0.00117218167922295,0.006837992380446245,0.004052534182970247,0.03931157913796235,0.008697371192356806,0.0012870201486601118,0.013016595130826536,0.0013814562144145448
2021-09-06,0.02162162363496023,-0.006567298340690364,0.017233898819255522,0.005023938851895338,-0.004348911990152193,0.01749324922509765,-0.0061729561779411135,-0.005858371296156406,-0.009654770646098987,-0.002143987207929521,-0.004606394527759905,0.0025896357864854114
2021-09-07,-0.014956420881251153,0.0022674714799852946,-0.014810940060747235,-0.001042800312697878,-0.005893416457451672,-0.013725044364868877,0.011705852773159275,0.02446840372081116,-0.005466184772700666,0.007182362189524838,-0.005775772063427609,-0.009371746617341081
2021-09-08,0.005582834801683312,0.004556247885136644,-0.012978457978411795,0.008352249727142658,0.005649249412979174,-0.007851718047127143,-0.002361532053162696,-0.010128799480173534,0.028614368570707427,-0.025964232627691985,0.0008048283146184776,-0.010940831587321398
2021-09-09,0.008201543875594242,-0.004947967543208476,0.015888560524111695,0.003480920995797554,-0.0009708573480303739,-0.0009744155754825012,0.006627263152499063,0.011495653161187391,0.0013770656934490866,0.031129694406072606,0.011994271490443742,0.004570411630050009
2021-09-13,0.008218244566216004,-0.008319387924726862,0.031927599384489413,-0.008645482603815924,-0.017841071601732872,0.00017728029003261092,0.007053903772804571,0.007868133906933084,0.012212349538172074,-0.00024186061810482773,0.011368375045011758,0.014229575833767605
2021-09-14,0.02503299898226996,-0.004500105220513029,-0.0008362170138419556,-0.008541809013595913,7.071338778774638e-05,-0.003398540267196548,0.009105675787553169,-0.00594785969935796,0.015053834679484623,-0.010844858449369332,-0.007619060932229971,0.010545293147087076
2021-09-15,0.027934043017931787,-0.0011300497778764518,0.018516514438737808,0.004669593041655595,0.00975322150082869,0.015004603357831492,-0.00046276428021951865,0.001994431363683269,0.0021149406663740766,-0.005499081317697496,0.0019278945934673164,0.01766634719753668
2021-09-16,-0.007972063298599563,0.00850134640255118,-0.007189713379804563,-0.0025944114976522714,0.017988427925923922,-0.005375597673831445,0.06828710607850375,-0.01691961601834846,0.018752832632118466,-0.004540495510023224,-0.012610679357629606,-0.012959881584569288
2021-09-17,0.00015831151017065004,0.01423121293325158,-0.0212084218715185,-0.01661680292787837,-0.009694612314146922,-0.006432584670352348,0.0017335359661703187,-0.021513500946560793,0.05304703157512258,0.007382192524323816,-0.03539238044431847,-0.019329698976514265
2021-09-20,0.01017201153793934,-0.014094709341836764,-0.060564453338686874,0.02868939520543079,-0.014094466318241183,-0.002039977226878431,0.011248157673671155,-0.0918262476213959,-0.0032370380426907097,0.007281059354801833,-0.09582215439367903,-0.0011364076808882961
2021-09-21,0.01829714374926361,-0.005064632806306313,0.0148514732538787,0.004321087412956226,0.0026056623927552813,0.018129675986813032,0.033155099807734345,0.029906079730505963,0.004746561208954114,-0.006546948580189671,0.03120257597908349,0.010317849334805063
2021-09-22,0.012312185245086482,-0.011759365409842237,0.02660762542051942,-0.009938035586193439,-0.011940647852273556,-0.000902009471777987,0.008281459802287117,0.0120297478916509,-0.012630829395345988,-0.013093240242242898,0.010524728412661277,-0.0002071693590949275
2021-09-23,0.00973046124534993,0.02366823110595262,0.0437363981275074,-0.0007900210104317962,0.01940705843453694,0.01493994052181602,-0.004106758999533722,0.014209673792336286,0.019364820079354805,-0.004326266822545,0.009878932361549131,0.0018384913745921327
2021-09-24,0.022509734362075706,0.02009568470700618,-0.009311842685955307,-0.012813177048351054,0.008298539982450448,0.012223203420711481,-0.016700929651528917,-0.03233200407025838,0.002025672184784,0.0012728124313072797,-0.03533782621888215,0.0005296952563125235
2021-09-27,-0.04638488704728472,0.014704383560063317,0.005535202400824613,-0.013525611344754496,0.009751690644664412,-0.024208211697935522,0.0010483542002048818,-0.0037588471214314856,0.0025888360100043695,-0.011178546706181569,-0.001257767779053176,-0.008872898484208136
2021-09-28,-0.02022853695068827,-0.006184148768902942,-0.00675120899795878,0.005296248568420481,-0.017602698352937263,-0.019783345643873962,-0.003979826860895264,0.010061584627353293,0.01713907313100016,-0.004961102238781989,0.008225085689205214,-0.015064129424040451
2021-09-29,0.00961405734068932,-0.013126582384084928,0.033462346477795446,-0.014152753200473822,-0.010667230999861221,0.003052621598682137,0.001472144156977162,0.058384009898158284,-0.018252625723575333,-0.0019442696574288876,0.011397751957394009,0.0033737629329160246
2021-09-30,-0.001287988341849955,0.0006901423487029046,-0.012546777692778677,0.00614443621246985,-0.012191708683851,-0.010075477311611736,-0.008189753494481034,0.01764708785668989,-0.0122878484619372,-0.003137351659940002,-0.0051328379587799455,-0.004311712830776471
2021-10-01,-0.004532694732328202,-0.007680543829135189,-0.007377822355589481,0.0008329337599135567,-0.012128237731774405,-0.00599924217168013,-0.0033877104247727052,0.03198455617488638,-0.005958657399459777,0.0053687344815487315,0.006943836356600341,-0.01201152616845036
2021-10-04,0.003846831193558442,0.0019271534535159063,0.04407970462324995,-0.00660109661193875,0.011338244370206585,0.008167523497170093,0.005311135348864626,0.04157326596746502,-0.0013042140548903403,-0.0029154976639431673,0.020264339483239135,0.011554369930870445
2021-10-05,0.020724767436806957,0.006116931056627584,-0.02056553194538957,0.008357298143167213,-0.004427335462590443,0.008369311391729806,-0.008030381096858497,0.006572715430869236,-0.0043195191898374174,-0.004996715036515997,-0.005513016945579818,0.01590101539351596
2021-10-06,-0.0227560181957851,0.01219101214870566,-0.039168264916732864,-0.008343596226888073,-0.010902194898938289,-0.011371769886374672,-0.014699585589007858,-0.027306216442813058,-0.013418440062596293,-0.01229150782273536,-0.028059401834584552,-0.005843668329359342
2021-10-07,0.024187704371104513,-0.002724744542286661,0.0033621542811028693,-0.00619885011531518,0.018419092531305248,0.01042684665250504,0.0073513521980024255,-0.005004251173246765,-0.0016873636524735725,-0.005820378416430794,0.007266213424862222,0.02151744160172342
2021-10-08,0.012133538595934246,-0.0048741965977752155,-0.008062875074993592,-0.010994817128260559,0.0017088826052937822,0.019426464263923027,-0.005366016138135032,0.02024045664621732,-0.008246037292206743,-0.003108193645878332,0.009269406018124426,0.010981572088823555
2021-10-11,-0.01455961850651144,0.019436548513143803,0.029241018104124272,0.0019127938141252354,0.014074610463641779,-0.019085076611279228,0.02740610939287924,-0.007093941455912023,0.020166815583258613,0.005172080867913431,0.009261020391752695,-0.06353465034620076
2021-10-12,-0.0403331638871105,-0.0025706981255817496,0.022871798300939217,0.011738846829991267,-0.006589166604550778,-0.0034301423679453658,0.013652615248845201,0.014289175059990056,0.009972614693946058,0.017346399659368572,0.012107851006617931,-0.008885835085329696
2021-10-13,0.011996536923386314,0.006013833920508471,0.01885082252037029,-0.010986090890341749,0.0019052290617049827,0.014271631788985495,0.032739173247199105,0.03295131279608077,0.007142618630084696,-0.004895495024178853,0.018960109621418697,0.000643137696618945
2021-10-14,-0.011221744930331345,0.029279036875867526,0.015844942222490443,0.0010579926143670093,0.024438332251774275,0.0038323152780213032,0.029494578508072244,0.03213123981784949,0.004205270299552533,0.00024578619246540256,0.015321681512589835,-0.01007317053297152
2021-10-18,-0.023778381788652436,-0.010134035527034624,0.05173420133661666,0.00167951913804254,0.024955371796151704,0.0445285942561624,0.02338715316957307,0.012542092028852148,-0.003072625549917829,0.005849775687166714,0.026180715594837034,0.009884992768463219
2021-10-19,0.008760202124707295,0.011015881593581689,-0.016672724320955457,-0.040391929221539224,0.0026828078558731594,0.01673973807583673,-0.06322601589143417,-0.02731708539259814,0.011806566539478647,-0.003600965295729175,-0.03128867144689573,-0.0035644149268468928
2021-10-20,0.0006495339028997904,-0.008793614724141197,-0.03896962934493964,-0.02675894276111279,-0.0021405710698132463,-0.010866344214609636,0.002642863711884269,0.0032973660131874194,-0.009777221502046851,-0.004688115041609264,-0.017265381253837475,-0.006961654249855953
2021-10-21,-0.00997647840438809,0.0014635787309682513,-0.03743059479852062,-0.013273329827693692,0.012938214363598766,-0.02702020549918449,-0.007704736651619304,-0.016772437881113267,0.06365819903339154,-0.002308402862195691,-0.021290822628446504,-0.02115622764137859
2021-10-22,-0.013793456156121708,0.002654797141117271,-0.04718980846021448,0.003414133781021622,0.00502972846695382,-0.019302570964207066,-0.033101860025283925,-0.020055269923337726,0.012897976585853677,-0.011773894593721801,-0.014033687601901268,-0.009525826462218556
2021-10-25,-0.023953096676160635,-0.014130666732835362,0.005951813931766692,0.000712939038019833,0.10852112161341765,-0.007123064363874665,-0.01352499085852954,0.0004703850014964317,-0.0077830800828306845,-0.016333838115158095,-0.0022757420118653116,-0.0016865291483433298
2021-10-26,0.0012013966142538912,-0.0025648305271133154,0.027046847172310207,-0.001638655967249214,-0.01461324948773901,0.006587761039368312,0.01413888760688442,0.04796617207167109,0.026201081335905707,0.03396874380767545,0.03893149044559863,-0.002962932727377132
2021-10-27,0.008870219064939011,-0.006020206333647082,-0.012755805031700485,-0.016517302929954458,0.006751816885027129,0.014820633602678601,0.007393373117993374,-0.03432797474094118,-0.010267123792952138,-0.011083626202826435,-0.013024187029397893,0.0020530526443574004
2021-10-28,-0.021365225962623025,-0.029949023155365184,-0.023028046484642295,-0.002900045231567505,-0.04347308102008007,-0.01448849745416858,-0.055986592205643615,-0.03775553942756238,-0.04101441293787533,-0.000694495476811885,-0.020020408217958363,-0.019514320036930766
2021-10-29,-0.007161687093227953,-0.006745646094185376,-0.019197929955112047,0.0014647092336756984,0.00419432533566777,-0.021216009908630817,-0.00844080765984212,0.007605882280850018,-0.03209443075859808,0.00046071961930871375,0.012580797323880066,-0.006984799167014222
2021-11-01,0.03973807386937178,0.014183246648433956,0.03990855828350748,0.005829141174003016,0.002306692963421453,0.01936737987400039,0.016353130452899434,0.032590505986267004,0.02232723473100595,-0.003186733085270288,0.03719738050067489,0.0231474622128085
2021-11-02,-0.015598826661962772,0.0009032879200667754,-0.020391030153582346,0.004902183247667002,-0.003669707393178734,-0.0012646597468585208,-0.00551022560157588,-0.027848741679483036,7.220475942215643e-05,-0.00874633858876206,-0.037548445566156996,0.0022437244162647474
2021-11-03,0.004869244145358387,-0.015746152471249886,0.021135830824314805,-0.0031212084816728547,-0.018727761019465383,0.0027091148857882885,-0.013962773074164825,0.008713338070601928,-0.018828373197463444,-0.0019601004706185643,0.009439154059220245,0.0023104308364585435
2021-11-04,0.00573794064907962,0.00790417457197723,-0.011917321619687282,0.004769042355479813,-0.004898508087377795,0.00364171702464966,0.018431215908165655,0.001538398098667626,0.009545835282572579,0.008117628246596453,-0.00011308976804302873,0.0046961185536642525
2021-11-08,-0.00021129934238584003,0.003952451433634208,-0.005924671520895153,0.003735343450595785,-0.0024933709495091883,0.016855051191377646,0.014345389692659971,0.0033079894373091445,0.030067967172590526,0.008470396459753449,0.013085573788240046,-0.001681426543805542
2021-11-09,-0.008496261149756656,-0.017497293612926512,-0.011068462455813832,-0.00030851337487347585,0.008203638313390327,0.002877773851631682,-0.004569056690141737,-0.0266133339203366,-0.010217785227380372,-0.005695801459907224,-0.005434625836191254,0.0008421292503777433
2021-11-10,-0.003112211315571045,-0.010812500510108292,-0.031962985730162985,-0.012751223982162774,-0.00718324301414941,-0.0013487216993190998,0.009180140053730801,-0.03399463932242852,-0.010084910534492786,0.0006415021421710687,-0.027995057291196224,-0.006104284344126798
2021-11-11,-0.00722745375699152,-0.004468712494292371,0.009338519933585587,-0.009978358503161089,-0.012101424191793386,-0.003936447029723178,-0.003681964136969751,0.006261788478228558,-0.010572876815727383,-0.005218242679503882,0.0008086599915169135,0.0011191999268822528
2021-11-12,0.010036847183339859,0.003035556606840073,0.03216210762100724,0.012099081362369812,0.006675665211397064,0.02705822323553919,0.012608708526019363,-0.008089615299550768,0.010028704032931879,0.015299108354363655,-0.009502981900492369,0.010850920102253525
2021-11-15,-0.0012796063607770636,0.002736672602734247,-0.026998108131041754,0.008232799788069123,-0.00424919148285241,0.003904106151722875,0.022327279766945596,-0.025595998780684304,0.010893111418028179,0.017456027155628107,-0.03247236915284524,0.0077280547778435515
2021-11-16,-0.006362983578566128,-0.005939973340822191,-0.022592733017029354,-0.007464726404645128,-0.011961770568897134,0.0028815209524488683,-0.011129792994502341,-0.008369824920880342,-0.006889711312837221,-0.000744585825445454,-0.01336860673876561,0.0008725977129342422
2021-11-17,-0.009411888909904076,-0.011111033741612153,-0.0004488732393671535,-0.006440300085807538,-0.0035993067221042896,-0.002706025977758375,0.017201078746075904,-0.008180774532819068,-0.01428332250132669,0.0007682951050818065,-0.007120783132360087,-0.009701033836870487
2021-11-18,-0.02798380162660352,0.005617937969139453,-0.011450385447070888,0.003450057862502298,0.0021017112883938704,-0.004503490170648439,-0.008350773937475298,-0.03102902127489915,-0.013954482035931748,-0.0036736201901835797,-0.02741697789786046,-0.013117664155630426
2021-11-22,-0.009016313890928496,-0.015623059298420672,0.004201682770097914,-0.004521810069128551,-0.014287544093145366,-0.011239734800948642,-0.027789531443502713,-0.004458878980919456,-0.03408335098496085,-0.021135696161095674,-0.018161046147089355,-0.004977589917101954
2021-11-23,0.0022522694228996887,0.00013210389768314457,0.018206542294714634,0.0023656060685159908,-0.00019964211682221844,-0.012788517616769246,0.003031635516133724,0.03379475772804019,0.01403762251376639,0.009802402206155358,0.023174932320852548,0.0016916910559554577
2021-11-24,0.006156693565982918,0.001649556532449692,0.004220410614750092,-0.008123801811448228,0.011106117666750404,-0.02354771391162669,-0.016839373173776928,0.005776554251461841,0.014372896069857477,-0.004934485494167307,-0.011366931816297776,-0.006047497425354376
2021-11-25,0.004778881579653005,0.005203919651588729,-0.011170174486566764,-0.010822309058583168,-0.012036378634244338,0.015566138751400782,0.015810392932146033,-0.003915935409809834,0.011782842586504083,0.004775562858558402,-0.004115430957358668,0.0007550709295853775
2021-11-26,-0.013113342255969163,-0.023624539597263294,-0.06721846498132211,-0.005938574987347955,-0.03841278280255833,-0.017853020635469563,-0.03156090184305216,-0.07115702065726792,-0.03478952486085729,0.0023046756899349763,-0.05227281489535851,0.0002758090979300132
2021-11-29,0.02080991254297837,0.007617978805501302,0.007553974849706435,-0.002440957558100032,-0.005261731339881837,0.002778285978493944,-0.011160668228587522,-0.004938108809206421,0.028152718016560607,-0.01154131137174208,0.002202666517037377,0.0160000229977173
2021-11-30,0.004853689678694595,-0.0051289814376584975,-0.017612765816859,-0.005087181595682444,-0.005637629202055683,0.009608923213985321,-0.0015801458796671497,-0.025804596177943284,-0.028570048438128937,0.008007779208194288,-0.039067000394401696,0.007752518008228959
2021-12-01,0.01585242821224009,0.0074318208472288205,0.029436698870244804,0.011779617354314986,0.018688417822886105,0.0013137128083744454,0.0033913492103572196,0.010624414162702545,-0.004358030112311284,0.012804937264725647,0.010595518557310113,0.013785069834724606
2021-12-02,0.02420665103826991,0.01402319252119133,0.016945203924277008,0.01639784366612962,-0.007283234665125704,0.019447191521565044,0.015998267038604963,0.01972919379075755,0.005580049216957761,0.005433668474818409,0.0275737281237054,0.018195686658860843
2021-12-03,-0.011226356715521635,-0.007996092156280499,-0.01724130663060197,-0.016636715902871857,-0.008444068130545546,-0.007264339671951614,-0.01685515765431056,0.015252231806860195,-0.025480522805818695,-0.0093240840862856,0.005034258501584121,-0.0006723705713094219
2021-12-06,-0.029750962057462638,-0.006441704267791226,-0.0077710985892451845,-0.01585137541521109,-0.00942347834634416,-0.023191515950684916,-0.01691849359530584,-0.007372452465349455,-0.015149878645437265,-0.015777866019521358,-0.00822905130980267,-0.02858170674596683
2021-12-07,0.011526115096567535,0.014562994538471763,0.050195838168728635,0.006546848949877004,0.03537459775594631,0.009644311181475018,0.012620586844215298,0.0312501219782888,0.027556804449876626,0.017234982249725084,0.03607502355303893,0.013601456376042709
2021-12-08,0.019092762963798693,0.018417865177829063,0.033785228150839064,0.008183875237060656,0.025522356535989443,0.02436245400589976,0.019487670724342987,0.036553815790846045,-0.008620840276368447,0.006971167933115918,0.021065449534366065,0.011828686380478404
2021-12-09,-0.002603081072003688,-0.017344642282134615,-0.003934933985144107,-0.0003631902994053471,0.0021236656935286202,0.005760288428562799,0.04645494037335829,0.025039292651931166,-0.0021349752195503058,-0.009977545361966711,0.0032822279273958532,-0.006934437630282564
2021-12-10,-0.005434236936914916,-0.002816152113227721,-0.0012069854628278254,-0.002970285389910843,0.00397355993767512,-0.002381708797216664,0.0029735205685335053,0.011510336662306386,-0.010227802360306293,-0.0007517284922972101,0.0026766335832328902,0.009731573781446068
2021-12-13,-0.0026673912985297754,-0.007487486090388407,0.006921571623150324,-0.012195595790918667,-0.005277111000043799,-0.008298954677062431,-0.006353293048588227,0.0010116200916547857,-0.012468740341116669,-0.014958302534282208,-0.012457685719115208,-0.0074654693095890234
2021-12-14,0.0028037677126377947,-0.005757310661083204,0.0075285445492341285,0.00605388494185366,0.00616714891242065,0.004298853522148871,-0.02557542062873841,0.008210109886673367,-0.017457681982661954,0.013528554415642713,0.0016305716715843133,0.003920024455450255
2021-12-15,-0.011571415413950237,-0.001630544468272599,-0.0072557808482238695,0.0011428781930726828,-0.008435961198874686,-0.010244448721490773,-0.019903727446177855,-0.008018015020944236,0.01467076307540216,-0.0018555425242319235,-0.011266345826360324,-0.014749730135529271
2021-12-16,0.009443914672276899,6.664232525088742e-05,-0.017126591520514656,-0.004933462201489602,-0.014755808273443916,0.021566075711910937,-0.005132828352612195,-0.0022732842586400404,-0.0035611275640967666,0.0028145473367200413,-0.000736478465685142,0.003150865250632684
2021-12-17,0.010045569996688819,-0.018032006201514794,-0.000777001535320454,-0.03431468631096757,-0.017337964533168493,0.027799746951956195,-0.022207208087861918,-0.022658257453095798,-0.035980028489106974,-0.009217297377993705,-0.018296994539277467,0.0007678742678125516
2021-12-20,-0.009817404368070326,-0.032178316148125385,-0.0378762224128214,0.017419680849439345,-0.02519558562336599,-0.012054852750161493,-0.025464672254121634,-0.056728431869748075,-0.028598485770168658,-0.010398600762739796,-0.05224800109279104,-0.007658184014653346
2021-12-21,0.03888242464366232,0.01132830639137139,0.028515389279575087,0.0016525479301243706,0.014648907471656258,0.007059880022253884,0.0004709144177439395,0.03817110040566263,-0.003414636204266852,0.017967686020991636,0.029964121162374235,0.014450804430305775
2021-12-22,0.014771979233435983,0.0023581922839870373,0.04018412185206155,0.0021118960268968756,0.017283232848947394,0.0072311416252004435,-0.0023531087028623165,0.0050259072489950984,0.014885877730139496,-0.0015557055566045586,0.021491279984820366,0.006221797765065151
2021-12-23,0.0038025922129498735,-0.000761306317821342,-0.004424341503287854,0.010098094028889504,-0.0020469260304009085,0.01803045312442131,0.025000218015327258,0.01473865126621976,0.007489751449569759,0.0009353566821492798,-0.0010630713701457184,0.00879970768213778
2021-12-24,0.030754668524478612,-0.0036008771201015977,-0.005202745523574026,-0.0016082512260581217,-0.005743217518233146,0.0031760948717429738,0.003221373823129925,-0.003242106331198147,-0.015318811635241403,0.0008146566961051427,-0.010818907201279093,0.0022388635083057107
2021-12-27,0.0015810467405303896,0.008270219788883093,-0.013292649969433468,0.0019372528964702873,0.012240413892592006,0.0014221199080077795,-0.002064332403294844,-0.008587003904969914,0.014327308911548542,0.004065319497788877,0.005692777753039557,0.0068647418296976515
2021-12-28,0.013178337672911988,0.0068927977962576215,0.011815406775527837,0.003345903141146689,-0.0002717767419465611,0.011708595902643504,0.01149164940952252,0.0057742798782125515,0.0008176254061464938,0.00272759012102064,0.005036582838496839,0.0028273351411240988
2021-12-29,0.006231286758856536,-0.004757643062221484,-0.008512470113404502,-0.0009743074623012049,-0.000135882555057254,-0.001297718879865073,-0.01499657935300902,-0.018397780403693775,-0.0060285557170928206,0.0023068883001333695,-0.00993396068148722,-0.0031971899481327837
2021-12-30,0.019467453255771927,0.005261955644086491,-0.010126659465486632,0.008127752848722247,0.0,0.0038715321160696092,-0.003460366927010905,-0.01608403547334336,-0.005072973805405723,0.00035567341875863967,-0.01366188284365466,0.010569333177784745
2021-12-31,0.0015564795573930201,0.012247608357499384,0.05760045470606179,0.014856518482221803,0.006048664539403781,-0.0026943909384097298,0.009490841523086768,0.01931925684899638,0.023272935662546512,0.015415016382788194,0.009491345808637863,0.001231963678007153
2022-01-03,0.005344455304468587,0.02720697457266552,0.005256980106500109,0.0004873832017402435,0.03316893161096912,0.005668133955189614,0.004815440972456342,0.02279641779015784,0.0157842454277326,-0.0014082419403446123,0.027891625843974976,0.02123950830092114
2022-01-04,0.005504877994767954,0.005856584608673332,-0.00407905906515893,0.016918525063267298,0.010657830383114852,0.00036887917530936676,0.005248705410026533,0.006090555840522427,0.015429345236636305,0.01072767058093893,0.005558161868660427,0.0175494464051571
2022-01-05,-0.0170236408053126,0.023747973954798995,-0.001575259072432944,0.006059199051125397,0.019667418154125205,-0.028697239030267108,0.0013621342106906464,0.04688291759372443,0.03754175108368463,0.0023479623607147726,0.025069738140441444,-0.006126494913575864
2022-01-06,-0.019721577470136253,-0.016039925104757158,0.007888920344089723,-0.010100123967551555,-0.0038069129655811107,-0.014555530860675514,-0.008388102127420805,-0.00861207312311707,-0.015737613382006854,-0.014456337228002769,-0.012185908979991611,-0.013856593140005091
2022-01-07,0.004397270505940076,0.007014232481420191,0.030056360387118897,0.010349749201057357,0.010445278465151198,-0.0019253281185351856,-0.0013718742826966945,0.009183419116785663,0.006527889747381721,0.012993937384069731,-0.0024929414227322644,0.012094685060132226
2022-01-10,-0.0018983934110110567,0.005546380278860008,-0.0012158507327814094,-0.0037663017209169647,0.022061140176175664,0.020090429191269132,0.022435960281575573,-0.005656808367491162,0.02294871200964077,-0.009790001758740563,0.007497739248403246,0.006838015006419784
2022-01-11,0.04312568412062934,0.0043293064632441425,-0.013288695745917511,-0.0014126554995778084,-0.00012339845874553834,0.0026204174196740038,-0.006045754505296097,-0.050333682168433036,-0.005724141612654887,0.0027374537579796243,-0.033189361134179585,0.009291619700509512
2022-01-12,0.006325969042868973,-0.0059071611011752845,0.02385120700525656,0.0039523119946194285,0.01615989694724207,0.011775166106164248,0.0036045365754897585,0.016798880149889506,0.01022323998456498,-0.002775651423451597,0.014996631207101485,-0.01430092768606206
2022-01-13,-0.013238002114374092,-0.018404907469722342,0.0191785995255489,0.00043520961981524664,0.0011532502974787029,0.010306532799073898,0.005387216451259835,0.05840173161490969,-0.015460596967634355,0.00037046485014724517,0.06446127659021417,0.009844934895018032
2022-01-14,0.002210615203324995,0.011223797638910016,-0.002265980770908671,-0.020917976375435687,-0.005699029938065703,0.01716056194972615,-0.006028291009024245,0.01318967224455414,0.006151572631702962,-0.01594014821265266,-0.00618267271508266,0.018022457724061747
2022-01-17,-0.058667382150693004,-0.015305892793640141,-0.0007899141067644333,0.010936186846585372,-0.000853661605930478,0.005260827979037375,0.008984858761237335,0.0,-0.0003869426262144149,-0.003450963340193458,0.013307536811435261,0.012852441941772819
2022-01-18,-0.03098327435084791,0.0050936111505164305,-0.019666074424836033,-0.00839066541761202,0.00463805656275551,-0.00966739755062962,-0.017141697549070578,-0.03881520332297683,0.0024257896345236674,0.0024000176434015863,-0.0283797150940599,-0.0071035666988672475
2022-01-19,-0.016847508559172164,-0.007062308554151242,0.017741942121876964,-0.02515282151113063,-0.017616283563111845,-0.027957891165771964,-0.001811894546746018,0.016401595159054816,-0.01879348785553414,-0.022838425252287076,0.012344571988142317,-0.017308325529085233
2022-01-20,-0.011646637434863716,-0.0062234192466943394,-0.0027733751999201584,-0.020823539858878748,0.0020406324279713672,-0.023218436077415916,-0.007261161940015248,0.022494003939662832,-0.006848140405041003,-0.010714425594573806,-0.0023974874360335185,-0.02250524282423194
2022-01-21,-0.006295896324998385,0.00834982864351197,0.006555480117487189,0.028119128890517597,-0.0070966834100300025,-0.020836819147746377,-0.0077714302272363645,-0.031205296386116355,0.000607628787929082,0.012818859933108717,-0.030662097847261927,0.0018161224976886992
2022-01-24,-0.03685916352961505,-0.022969166083636527,-0.055851661699334976,-0.01754517197688732,-0.007520086608872711,-0.02738415419926532,-0.02418795986418587,-0.06960383685058646,-0.03318813497325557,-0.013518336750812932,-0.06027183546222148,-0.016212333853465766
2022-01-25,-0.0010669473769591153,0.000941802378942258,0.015363792558701794,0.01866839186216529,0.004007689127015546,-0.008435038669597716,0.011803538246866419,-0.0010611863200973293,0.012971812042811504,0.0039000526927237544,0.009006595589040156,-0.0003843794766712483
2022-01-27,-0.04089186155647184,-0.008803529863030346,0.006999400801328104,-0.013707161953004032,-0.008731943258263097,-0.025288161165431422,0.0014000416561690265,-0.0027883986310331954,0.018655785590793617,-0.021569205580333595,-0.018708921316112237,-0.03200351467846896
2022-01-28,0.0025053238631265184,-0.007932360175349706,0.002453326635672104,-0.0051408477468388725,-0.016988547347443816,0.004527546584963016,0.013979348368248212,0.018908153474095357,0.004790288586251634,-5.707516445041527e-05,-0.0033997248042838546,0.011180328681018148
2022-01-31,0.017538784869336688,0.015342437113705198,-0.0026513087975136296,-0.004291646088906198,0.00979317842080607,0.02965245101660252,0.01194849682116983,0.008886435197262621,-0.021624525124579574,0.007460122007557857,0.0008298739932564025,0.012520137565371625
2022-02-01,0.030380534576990748,0.007605743045112856,0.04488305945884652,0.01402980001785803,0.027256575555623108,0.020648535748366337,0.0342870067106964,0.06515547961054446,0.013487610965729147,0.008106736701093409,0.07535346403498111,0.017236529555853197
2022-02-02,0.033677649814902955,0.02284575336228145,0.005772911852731433,0.009650054986213963,0.004257592210428651,0.008493005306689616,0.019319498282974523,0.013985142282394225,0.03203532449949642,-0.009160968480596443,0.00012846418908507573,0.014615918357845592
2022-02-03,-0.012126916644715435,-0.010351392728573439,-0.0025293195572502203,-0.012779660215862076,-0.00589850662252045,-0.027166845363874592,0.009907394518334778,0.0014392080295142495,-0.01727072580913458,-0.010488672571733137,-0.0007707603761601955,-0.00819453880291432
2022-02-04,0.006094577257457656,0.0057082432916837345,0.024382992815800364,0.003676988993198904,-0.004821070400212957,0.0014666835923455857,-0.0006397764749257462,0.016526921072587797,-0.013017029853948037,0.0013684515298708622,0.008314672379988508,-0.0025363104395126346
2022-02-07,-0.005542200858816515,-0.03664686672063977,-0.00485572724587624,-0.021243567803651664,-0.023166284197607134,-0.014990558853251179,-0.01749895550074887,-0.006715337005096966,-0.02958808910816646,-0.014123268096201125,0.005695857719474118,-0.00941040746022137
2022-02-08,0.003974526142796364,-0.004291208528995449,0.008036798438720183,0.002990063909018792,0.007756860283860689,0.0013412496345777125,0.0045613629936112066,0.0017791839878433802,-0.005824523691343675,0.0007967727313855644,0.030938212822581468,-0.009407248669500934
2022-02-09,0.016309096282160596,0.024455383923939422,0.02942285300186409,0.005873564436480683,0.012996858129276978,0.01164609964260932,-0.00475683408422134,-0.013734322651709374,0.00946192763733289,0.0026483600007933816,0.0022548689176642434,0.0045681022888512945
2022-02-10,0.008002034160138116,0.0183626071231342,0.009127752867211791,0.0024147691166729324,0.0033632631435391858,0.018592038236352693,0.009124543651914285,0.05858335601555065,0.01754765635230382,0.0002646081061732364,0.02127062374980304,0.002605884801859748
2022-02-11,-0.02238837449644615,-0.0040979844368472795,-0.008314082935614198,-0.011015433815605657,-0.01824967732677607,-0.027266067131983318,0.0008609261141170332,-0.010206319986382217,-0.02086019686806695,-0.017897033943004903,0.004886321452443498,-0.019998207308061677
2022-02-14,-0.01482337603498729,-0.02972660988193554,-0.03952470542921316,-0.013042433096302264,-0.04691445155463969,-0.022743831433853612,-0.03325044474166028,-0.06587996673918095,-0.04452333553504262,-0.008136299151537574,-0.053888131581385945,0.010500702820510188
2022-02-15,0.019277217739728014,0.02992481745100317,0.024172597200097456,0.02761882998279286,0.029653702584559793,0.03331962644291164,0.016176888355796892,0.019747454452238244,0.03792537542556951,0.029249700382543597,0.017609663166357814,0.022511087873652302
2022-02-16,-0.0006421477260198927,-0.0013506955541013888,-0.008523007036325247,-0.0015720768584635003,-0.015462873107599417,-0.0028477440646053065,-0.0011212121913072304,-0.00420985046640332,0.009348688415598438,0.0020178727880997283,-0.013206414107206021,-0.0012310834981339447
2022-02-17,-0.00406739899668207,-0.006102520791560817,0.006140245951595791,0.009206255221583026,-0.017930733810243238,-0.004903936690113797,-0.00044900482864207447,0.003502803865487625,-0.006967098904133717,-0.005366491834854159,-0.0007132233915161379,-0.007579133866182586
2022-02-18,0.0016765177425757116,0.003883160712921274,-0.005539484038247111,0.0021669854856929405,-0.0019324683444578161,-0.010349183538655882,-0.003368428368769716,-0.005416500026523385,0.005090089099312856,-0.006438279223809018,-0.00012591853201993075,0.0025631702165167525
2022-02-21,-0.00021414742356884453,0.0064469001720672825,-0.0332325837899381,-0.007675779183514364,0.007410865864378113,0.013913816691863978,-0.01757535982638503,0.004840879033457313,0.00030109175316317405,0.0053748353081704,-0.007516026424965849,-0.019636749181096036
2022-02-22,-0.013050086619570411,-0.007489700492071427,0.008203246741019132,-0.010828802543962124,-0.0041752002844294145,0.0021090424359639925,-0.014449671010294707,-0.020956149138463553,0.008018146905983459,0.0002706716958911226,-0.03651046914705247,-0.035758292270397174
2022-02-23,0.0030007300118615188,-0.006487069606248341,0.004843061211353694,-0.004207145511493371,-0.008917895513339325,0.004900889260350594,0.005119975277733113,-0.008488267412251838,0.024080301710166507,-0.0101787733100408,0.00026346888570238924,-0.006301671523063934
2022-02-24,-0.04722457386702983,-0.05430068363616469,-0.0020243364780831996,-0.039373522712061626,-0.04995969588412963,-0.037123014188735426,-0.0344988496914197,-0.0823820650118362,-0.048380194864459436,-0.010147004849364039,-0.05706758057638439,-0.04549917424988803
2022-02-25,0.028355623899143145,0.025855958739966267,0.03139193335617696,-0.0003224219395070449,0.03201866619963223,0.009802347841059822,0.026139204928503856,0.08098971782712794,0.03445976738643752,-0.001670842273568507,0.06643379389185555,0.03501229920201787
2022-02-28,-0.002434180887908366,-0.020500017581490226,0.07463946405416677,0.0006451121994994757,0.01732750047209497,0.012392296416887216,0.008880520090870148,0.06278924324799728,-0.007513529136557007,-0.004287325384900842,0.06583142302904776,0.009500819692792595
2022-03-02,-0.010115845259335732,-0.036459165576203545,0.045925670165808175,-0.010588915083047046,-0.037498362785127415,-0.007460767147482894,-0.0025480848055198235,0.04542786042506419,-0.01994286414301949,0.01164744158747033,0.056194991046183196,-0.002264741965832484
2022-03-03,0.021648529826697516,-0.002364856694409223,0.010331648740061317,-0.027034620829154865,-0.02315163841246959,0.010600043026888883,0.01904321358443406,0.0021388620752056386,-0.007613623470139386,-0.022869724724437157,0.010819401776431148,-0.0004936312962396938
2022-03-04,-0.0010966460216843554,-0.0032822940416179502,-0.03711022521000329,-0.034194220713089196,-0.014678487236642668,0.0014238483335624608,0.027803131356879396,-0.021006503782840857,-0.022374028541103264,-0.0025607101577886926,-0.020102845767597022,-0.005656811619638158
2022-03-07,0.013834459673388366,-0.030516043735127063,0.06157924232922274,-0.03741018514308658,-0.04985102479268255,0.009603603963305396,-0.0024390425228334456,0.01858864193791998,-0.022971828183983023,-0.002863385114287631,0.011588768147666295,-0.011193532417820173
2022-03-08,0.0182810597101859,0.0022645380261061554,-0.04808390725325662,0.0025977722253582858,0.017208413001912115,0.02204196417203863,0.008668612953134813,-0.00416814403340815,0.006542416429444309,-0.004540982610984012,-0.017338805291760573,0.03301383611898001
2022-03-09,0.006296224029418651,0.032648104019787016,-0.0032205013352479828,0.02508983360721828,0.003684176463508493,0.019767313193938874,0.010356877909573514,0.017533937681290634,0.009285660767190063,-0.006817921151883288,-0.011146032651902393,0.009069469249439077
2022-03-10,0.007990342980547682,0.015716751082810232,0.009778060896429519,0.05207951033045033,0.013708881204496759,0.006920909525978569,0.011995728387619087,0.04013348168607678,0.008768812879301313,0.029366075296269667,0.04249800182640828,-0.0032068605849921994
2022-03-11,0.0010903962039627846,0.0029438604431399895,-0.007915223440315922,-0.0035918515072254076,0.0019214981250001983,-0.002136035572491757,0.018750067496272615,0.024476270723108096,0.004930616420896872,-0.01822477121388555,-0.0053488573883104795,-0.006020579374247603
2022-03-14,0.007876356499480153,0.032753467463527475,0.002885776722381994,-0.016758815029136676,0.026921316944085394,0.037705882014900105,0.011212048439005029,-0.0060511260513818055,0.01460582379176012,0.0022941384795001074,-0.003610652583834084,0.012183409343820006
2022-03-15,-0.02161554180277747,-0.012859236997967094,-0.05255571608848231,-0.010246330196801545,0.0017237338473954367,-0.02718556340241496,-0.004811744652865491,-0.05006823890099443,-0.030747673457492075,0.0054355104728416315,-0.04876632552837579,-0.01347790760352885
2022-03-16,0.019246392874660012,0.01695925145969479,0.023135336410444518,0.01665679887959004,0.015272162993542171,0.027238496124269318,0.0199705936867125,0.030121836649046108,0.01542896999218768,0.020719788822837426,0.025531954657947553,0.017251366781545263
2022-03-17,-0.002167429827934386,0.022028127439033485,0.007158806755867442,0.014429588003735727,0.01709031636130587,-0.01841851738992062,0.00948068407819469,0.025908394602961016,0.03379723814513014,0.02585364078779029,0.030191591870285528,0.004609031588554524
2022-03-21,-0.024103813371148974,0.0043579739548109675,0.022798296119662664,-0.024190750364526892,-0.01298424863503167,-0.0008357077586131911,-0.0016333524353748796,0.021900836876137086,-0.02357136101262991,-0.022300677055780316,-0.0003835905955130725,-0.012538341168830236
2022-03-22,0.007148448633180093,0.005146294081248115,0.005932838669268303,-0.028129725819608264,0.01048185309098737,0.018536925141889427,0.021472437245725118,0.011279797587206097,0.017303431402542868,-0.02501609972819341,-0.0007290885023228943,0.020473262852685137
2022-03-23,0.0036552879389095683,-0.009972191778904294,0.02527591555022979,-0.007499406516823126,0.00013921245002612714,-0.007947507015515165,0.009008995718231994,0.035895312743259744,-0.02107477033746641,-0.004879794841190277,0.02227349708770987,0.0030937367643679714
2022-03-24,0.009655150542620783,-0.024742256951727715,0.022187576196081027,-0.006393569317964087,-0.019629551959486347,0.007637309881544541,0.011309521894863561,0.021241210202769478,-0.031417003375904806,0.003684343670207424,0.014688021359468673,0.010087875728076012
2022-03-25,-0.010695322633858861,-0.00814473987106612,0.0012058032462365365,-0.006561969122426348,-0.007029309459474109,-0.005379752446197039,-0.00588587887854064,0.015335991309778585,0.004725413621109675,-0.014183073532394674,-0.008588967844418649,-0.01130704952582362
2022-03-28,-0.013058047702351638,0.0013278889319152665,0.012044317293845364,0.011315958731800357,0.01587405283576304,-0.0014120851795983436,0.014604432237908194,-0.01859720024016398,0.001712942555733843,-0.017548386866411914,0.0,6.74401133646807e-05
2022-03-29,0.0032218261077920918,0.013260652886291968,0.0017453598514012292,0.0060502709928791365,0.0069683642692957015,0.006456942012697198,-0.00953125763722562,0.02933811578717105,0.0027822893637752255,0.0036683903535621454,-0.003211492437623531,-0.0006337461056886706
2022-03-30,-0.0021410066632098212,0.017323318765682272,-0.04989696022464696,0.01451909813340957,0.021809236866714654,0.009517613742751951,-0.021209839502728256,-0.02840853999196602,0.01913286330955133,0.022225694129064166,-0.019930316666552983,0.007070839121206651
2022-03-31,-0.0012445258040261198,-0.00446868807909051,-0.05051678314794761,0.016245817870315094,-0.0008210192639510616,0.0015231052263164901,0.005818616452946124,0.025007217424466432,-0.005246391379511328,0.004772173792910728,-0.000649770986376863,0.0022509847644167635
2022-04-01,0.005069860048144248,0.024246023091392344,0.001755807731112613,0.014399653719842309,0.008147408971791004,-0.0017305160063995073,0.010572531160802034,-0.003753410993230011,0.012999856093698359,0.010163730382405811,0.007573411019681675,0.005026837865965472
2022-04-04,0.014876326921654526,0.10013271103290933,0.02979850648003768,0.02420423941333194,0.014057597272045586,-0.010821990985174446,0.008488029475439918,0.03127081094690132,0.03343390425238191,0.014976738971215653,0.01882925445569028,0.003086074565491259
2022-04-05,0.007076391661455128,-0.029303429545777582,-0.0011064152520021686,0.005332450940325195,-0.00642919291489219,-0.011604058690752761,0.01565859453647933,-0.0029229414748348503,-0.018436388217233812,0.011394388233170183,0.002235660979250431,0.01178920857752086
2022-04-06,-0.020870831868494033,-0.035691023975964575,-0.009542471264380126,0.0010516391553048177,-0.0002694821514939161,-0.01732855783857712,0.000578131053263542,0.028029984248889583,-0.01265117673517313,0.0107389014411583,0.019220637623797554,-0.015583806462560634
2022-04-07,0.002392169299523683,-0.021987942112275838,-0.011182798069271582,0.010620792435565463,0.00937163189081791,-0.009760232671086833,-0.011363554108752671,-0.02004823109896625,-0.0072777336105753765,-0.0015563515738569178,-0.015502378353445478,-0.018959834612594206
2022-04-08,-0.006775750357953747,-0.0013843723373591077,0.01217926140005332,0.008430309421943338,0.007681466804342341,0.0019879708093561987,0.043444467773165796,0.02345871663909005,0.010218248059309598,0.014536869557149057,0.015746486342463673,0.0004073490177869399
2022-04-11,-0.02733098486214791,-0.012214072616494542,-0.009282359209616398,-0.00916167664670664,0.0070263954462899125,-0.0264796663873772,-0.0011203472842687967,0.014925455028903523,-0.0005884812497876091,-0.0014333627122302683,-0.009374353192774798,0.0029165555585457525
2022-04-12,-0.002072964135575117,-0.00177138080561845,-0.05899187575215692,-0.014239150931342315,0.005595016836656752,-0.013642522691673542,-0.010093470662200787,-0.022671632627861538,0.01031706618992545,-0.0004639014234416594,-0.027726694368315874,-0.0014337816468515951
2022-04-13,-0.005348699776711041,-0.019116109453935826,0.008112757743524934,0.009332896445073624,-0.0020946126000487286,0.0035010183404289297,0.017938086721890567,-0.010479061459149452,-0.012348330665179819,-0.001922244506201931,-0.0005680641951935073,-0.007897456778332756
2022-04-18,-0.020753771714822955,-0.04744191725951219,-0.002560642363961141,0.011848680730997874,-0.005838065418129812,-0.07271763380358798,0.0020404529798780935,0.0011766332970453153,-0.01640830107797453,0.009743138593712342,0.0148541379623639,-0.03656508464868047
2022-04-19,-0.028590659249617234,-0.038159735712594345,-0.00834316434663196,-0.029665080576843583,0.011216697251469565,-0.036634849862665186,-0.031655004532306186,0.0012658175545388062,-0.024508616749412515,-0.033020081884625574,-0.009334591996921882,-0.015915402783236887
2022-04-20,0.01789286132700707,0.009015105421300795,0.007766328843150427,0.024561530094601602,-0.014028399859032037,0.016453269564776773,-0.007646734031104385,0.005778705428115094,0.008082068300558243,0.019867909059400946,-0.009309570111047938,0.02445348288304472
2022-04-21,0.008995722587244126,0.014804739502646047,-0.008715699207074934,0.015242845500565316,0.009000062875771153,0.019587948052214976,0.003274955744800412,-0.029087029102553896,0.022976755169044738,-0.0006724922361422969,-0.009206767476685584,0.020200765491145578
2022-04-22,0.0025928230251455187,-0.013642826951053788,-0.04831090664732085,-0.032302544345022555,-0.019282386184870215,-0.020601591158019295,0.002688102056755959,-0.005363009352258641,-0.018797744190680477,-0.0008351270618572881,-0.01889185818967387,-0.004436853995201662
2022-04-25,-0.0110703436766324,0.00748751819981508,-0.03627351711413662,-0.01231815986671514,0.0060856303934953004,-0.015358412708432523,-0.022405050322884312,-0.021660257658657422,0.0006367075791691157,-0.0007173693839095385,-0.04477314102782881,-0.017812971481189765
2022-04-26,0.004083196158354729,0.00461276290441881,-0.004137146255773327,0.022658295692130404,0.0020606355865424586,0.01274735987738329,0.014495574700050584,-0.001995435182335692,0.00801105038446992,0.013262793208342671,0.010857490588112473,-0.0005353166092257888
2022-04-27,0.0011879628158395494,0.0003643786908422708,-0.0023306271455437733,-0.001512650292567641,-0.02262021213774079,-0.017836731063944122,-0.0055997461044339225,0.027991948671901357,-0.0006886314557111861,-0.010466526587815328,0.010619376868667763,0.004201460609563501
2022-04-28,0.013827276791907872,-0.0008742464170715669,-0.007515682204690233,0.045102890870573065,0.014184813309890076,0.01919110628497367,0.013980649705933823,0.010095459777353932,0.013867422725108103,0.011232986547058843,0.011349874073385058,0.006486606762600378
2022-04-29,-0.012128439911955224,0.00966208708791605,-0.01217772842576792,-0.003122314205068921,-0.005152891053413211,-0.009509428618882154,-0.005936409801369891,-0.00962782257922945,0.014215697967160157,-0.005285499997242593,0.008089899351149787,-0.010490338163140267
2022-05-02,-0.011443196483083673,0.013794472535336944,0.0036258316626121,-0.0019467743362909795,-0.003094271977982399,-0.016937441695161648,0.013870083485109319,-0.013332041810128481,-0.009158085415883255,0.0060147031775756865,0.01900008408867082,-0.0012123120205590476
2022-05-04,-0.02057348272284265,-0.03398155705334105,-0.046965328037459786,-0.026429083248937335,-0.02260455404440942,-0.003536723463962943,-0.012920332967613302,-0.023458731777562303,0.0007044859319891295,-0.019131825454684726,-0.02613505711836006,-0.017685839414790183
2022-05-05,0.0259342491376946,-0.002249245724796012,-0.00010829985754345905,-0.0022792968633369437,0.006282339884909005,0.03230107072490873,0.00885465087084758,0.005573262960542502,0.012390033910029574,-0.026758377140654765,0.01815514620074743,0.009670324464210678
2022-05-06,-0.02038159032317699,-0.026128177719942358,-0.0386698901610284,-0.00803094901889001,-0.013103711034577303,-0.02668513650918436,0.01755400896892767,-0.0371716518837768,-0.012405384967443034,-0.034555193554790864,-0.00042827145052737325,-0.02299776878388593
2022-05-09,0.024662000180177834,0.0017075625943965278,0.0007888207971264993,-0.015145260875847888,-0.012374094526440005,0.017824143868652165,-0.013875920356989813,-0.013497368049088077,-0.004393650596469678,-0.028895960669102383,-0.024499519718550022,0.0036417644271407035
2022-05-10,-0.003298827265759696,0.016062597559546976,-0.04751186930463247,0.03011857363609627,0.0013373547869914848,-0.011048406691788859,-0.012169647979720422,-0.06579480165382667,0.01677511458255343,0.0009845756738229294,-0.06975448441117194,-0.0018432654893278944
2022-05-11,-0.01086193825513948,0.005629918679271428,-0.0010638323146656692,-0.007750999632412325,0.004077208571275914,-0.016902974413898986,-0.015784494818149364,0.02229167466169324,0.007122425546412847,-0.0004962633766778524,0.0006868314322936442,-0.007778911038747505
2022-05-12,-0.0014139834598118073,-0.022541562906688295,-0.039521812835607295,-0.011416787796923566,-0.02576321914563573,-0.011756699442077578,-0.010756687971160472,-0.028547313814929143,-0.027100223764945697,-0.017708028095344996,-0.04117699068387115,-0.0009820304927916634
2022-05-13,-0.006843375618661218,-0.00897889634220661,-0.043981813394069924,0.025855716732579026,-0.02651631683608835,-0.0029162582886652633,0.02253862062082912,-0.01637395177328338,0.010591124714720346,0.011279349934272043,-0.01852022042784962,0.0018335552294934665
2022-05-16,-0.0072233285328014984,0.01064772576357309,0.007602984243959776,0.010551037074890024,0.008341394188399853,-0.01017032156666231,-0.017401649548431264,0.019292213060926988,0.018712695373935828,-0.011223554463493546,0.005925304311305668,-0.01115691906635452
2022-05-17,0.03671437284577528,0.006819525084478695,0.09579235143433196,0.012515344671750972,0.03953142495169404,0.019709796016728953,0.0417160126891325,0.04650661498856801,0.015141916447561021,0.006446134845008,0.07720891445468925,0.022151281273916634
2022-05-18,-0.008495922866542993,-7.60701687454457e-05,0.017973963535108606,0.020668213342282638,-0.0037323131647808427,-0.006091600302614353,0.007933442323338369,-0.003100430616072569,0.003531929504880793,0.0012375142539431394,-0.007108611438738199,-0.0008111588713953788
2022-05-19,-0.05988623487453193,-0.02043537265488382,-0.04379743232964828,-0.011717637105717493,-0.02410394019732831,-0.05436644857737394,0.03317102003275729,-0.04468173900304784,-0.03432956411403143,-0.015256584191256639,-0.049226898106988215,-0.05417857305607576
2022-05-20,0.019268748216345166,0.026339100831644924,0.029016864139838505,0.0271136007362911,0.027886295631467606,0.01961950478644181,0.015780670725121793,0.03917521143827618,0.025653239695333063,0.04770313363535883,0.043176117820212134,0.00951892810243904
2022-05-23,-0.01025415151770126,-0.012831530170271832,-0.03717087596953805,0.02315180855765453,0.002114086913092672,0.009105536192170138,-0.019642743999474188,-0.17387218693705442,0.013749486857910886,0.007846123201966204,-0.12613192809006268,0.008730718356444234
2022-05-24,-0.02607276334625863,0.01146476145673625,-0.02989232784286333,-0.02947729435288038,-0.00407855316401573,-0.018659788258168497,-0.013296759442981032,-0.003918553605365194,0.015261908633870558,0.011344890486259862,-0.016227578095341366,-0.010160321073921175
2022-05-25,-0.017443970669355546,0.007468060797008569,-0.009855252159244876,-0.004741074926450928,0.00734311633601048,-0.021200567474829457,0.0068302385193104165,-0.032233497167068914,0.01325287394939667,0.005623411200081252,-0.007204211669122551,-0.03011337494052313
2022-05-26,0.00641401624877358,0.028521892730603016,0.027718232721004155,-0.00804796390011997,0.021237740172137087,0.009571309864191191,0.0018433997244122757,0.03396277513529555,0.0005766934438795612,0.02133515116548268,0.052947633583097176,0.018720662940012733
2022-05-27,0.02365646862296744,0.018548280660838357,0.0031875396122791333,0.022103257217507943,0.015511356805169463,0.026264988562067382,0.009373810674001115,0.00558026080746199,0.019673546784582552,-0.0006485929462188844,-0.008079787166983876,0.010644836275022884
2022-05-30,0.035860171922992734,0.006824577628226525,0.018575146326645697,0.007873513030969281,0.011759989991063646,0.04478738970528373,-0.0005572910125299924,-0.02396268825347836,-0.02209420170620402,0.0037327839938037233,0.003785336969587272,0.034939930740911285
2022-05-31,0.0008174064699539851,-0.00899009173003329,0.013917105795414386,0.0018305744974898008,0.005811565985564204,-0.004765634775979355,0.00594692770254035,-0.023517284248259718,-0.029608221201280482,-0.0008697143135907304,0.007828463012423903,-0.0032293637446711987
2022-06-01,-0.0219554835289979,0.004247870790497821,-0.028162307275587883,-0.01903740822384692,-0.0002655267986494403,-0.016659946059746633,0.0044337782859684705,-0.004366827216271907,0.009881712177770563,-0.02543315877712382,0.007483621955767905,-0.0027195948083604815
2022-06-02,0.021416566556756056,-0.006990029495552719,-0.0018263261073091508,-0.010244910766416426,-0.003853209367852495,0.01991815382341655,0.006069517635822752,0.003189833509734674,-0.00399431448205867,0.008830426242146805,0.016924394655258634,0.020207295147367965
2022-06-03,0.003174235228629918,-0.0034654013922048588,-0.007684818768968649,0.0031293186070111556,-0.007269026402809242,0.009084803485446491,-0.0029251165558835668,-0.03683098233135984,0.0005383495308115549,-0.012809269601705586,-0.013175622117592267,0.005010085630788641
2022-06-06,-0.005465040140050448,-0.0013403446022756116,0.005900418119682893,-0.004995656646473834,0.0032916530384492493,0.005487437863109124,0.00770075106888557,0.018156786343879627,0.005729884388815165,-0.010139236018841813,0.010119073241292131,-0.0026741900674164265
2022-06-07,-0.01388204101235102,-0.011498447815830537,-0.012098280539582729,-0.030212653382258314,-0.01539988210261789,-0.015261062612691889,-0.0032750824496967645,-0.01310455357308249,-0.005964737068271608,-0.014708517954000189,-0.008904669884223004,-0.01989240511867174
2022-06-08,0.007136536718767017,0.003522717201800196,-0.0017317768345770368,-0.0065789076248687905,-0.007820673411789936,-0.004446835824560957,-0.021905844592008172,0.022176537245407246,-0.006807753213135426,-0.0013822753209050687,0.017080204792416342,0.012326114152582113
2022-06-09,-0.0015046757537092725,0.007532584224634986,-0.009293675812696578,0.00029570481600593723,0.004455140968916416,0.009999972191899964,0.01101174285163431,-0.0101781101030739,0.010674559781874926,0.0026548955561567222,-0.038555405448413294,0.0067420666830753095
2022-06-10,-0.012929766199176629,-0.019307555736180926,-0.03502196065818419,0.0010009271419924026,-0.017400187833032432,-0.02521442479285363,-0.0025844938733803335,-0.005412084975926046,-0.03935244086833323,0.00040257377520491744,-0.020242080314077038,-0.01960855049293131
2022-06-13,-0.023193822503712602,-0.018133411095118346,-0.05003236965758173,-0.0013636603422946258,-0.044444479400874704,-0.03541434253219833,-0.02035912796617423,-0.046524128868777104,-0.03038840420855482,0.004742158479510428,-0.031014987536001404,-0.04175707099165882
2022-06-14,0.005142221876342168,-0.011005635010577386,-0.02224045736597202,-0.011789235070728044,-0.003633629607382116,0.0112671293530342,0.003022797819790979,-0.006277517725984394,0.0013526786210136255,0.0010086673945834956,0.004234079252050327,-0.0028107550926816938
2022-06-15,-0.00702181179970407,-0.00346791949677705,-0.0022327029940553134,-0.002532428832981881,0.0025528442523599093,-0.012738362678074044,-0.00772259680006937,0.0008611949985071199,-0.0017532457185847061,-0.004098593941715745,0.015235659544770686,-0.0013239913523600544
2022-06-16,-0.025204460076296065,-0.020000737347218744,-0.05986014226822378,6.992233781577539e-05,-0.012731993832449828,-0.01757828798169847,-0.010250757664103216,-0.06283156870275841,-0.03503875405691581,0.004267272823082591,-0.06028872341565328,-0.02005439689508859
2022-06-17,-0.0064252497883670046,0.006594847198335918,-0.007140623945888991,-0.016886515512722355,0.012306663362781523,-0.0070855331470052185,0.009973237116827072,0.00780657297997589,-0.0013127084692360347,-0.0137253346133277,0.005545130047045266,-0.016899984156346304
2022-06-20,0.00135593968695491,0.02512106248788437,-0.03655994893901837,0.040488758064954666,-0.001310282091284587,0.01935402398717634,0.003038296483040215,-0.04829905056612016,0.0033461146873807746,0.019510462997954336,-0.04996132176517887,0.007608013299245764
2022-06-21,0.027654696379047827,0.010891379210764995,0.05520994407677837,0.00414433780409218,0.014796911334752805,0.025280300184475468,0.0219614874868006,0.04340880668287861,0.0013695151901633729,0.000277014926088226,0.027164940086885858,0.03198479977537794
2022-06-22,-0.025643603708795815,-0.004713652223462761,-0.0672069886381309,-0.0009749861124245252,-0.013647500700082693,-0.008724796401464618,-0.017043446115187155,-0.05949815675929704,-0.007017454378531629,-0.011586945013020267,-0.05278019767964559,0.003424903715740557
2022-06-23,0.01035071523867237,0.003683621624642086,0.0036341178955123787,0.02258425080194515,0.018278599075732815,0.010575593403199468,0.0007537971685018796,0.007806045903985481,0.008624406004091645,0.011990920501379065,0.0038180793668269875,0.026636904320860966
2022-06-24,-0.004684710233481493,0.013968525475811733,0.014798379166280684,0.02277355932054892,0.0204533124923727,-0.007814297799868197,0.001318354635432506,0.025012241067658314,0.008491096997679026,0.015041766930396605,0.013728859473488786,-0.0047446881359206605
2022-06-27,0.026533410033819038,0.001809677643322516,0.023735706036720927,0.007270411167928703,0.005466402815556437,0.02324620337096972,0.01542222518667602,0.015428083497069922,-0.0040333346829181105,0.0073468078256746505,0.01758804606914688,0.006558932682697138
2022-06-28,0.009674208303718457,-0.007631360952224497,0.04121834511561007,-0.0012927492355178094,-0.009827817590147947,0.003763643275309425,0.007038453374968112,0.03271329481683849,-0.013449038315807349,0.002629861485862861,0.0127326554600522,0.0010408981068450451
2022-06-29,-0.014372096062587603,-0.0014488698240461284,0.0017463528521295402,-0.03633010521315172,-0.010629343298263372,-0.011417680304951494,0.008092712232504518,0.02296958442418684,-0.015789943171034992,0.005467232153140822,0.003071977265796111,-0.008332920022605883
2022-06-30,-0.014480359932169784,0.00301360098748793,-0.01598133097728749,-0.0012757876707033544,0.00633226979231627,-0.0009226912717672509,-0.002006952904362702,-0.03360741754949892,0.011355028206443185,-0.0016601287015338695,-0.016503989838703936,-0.0071112846627228166
2022-07-01,0.0021577980629836624,0.004265498059405015,0.007382311774743799,0.023199915995226084,-0.00466626830571204,0.011970812567259292,0.03967091929144129,0.011237680166601649,0.004003401351449831,0.018606196413193832,0.00668930774107146,0.01469174264134776
2022-07-04,0.00948374987268874,0.0014035500004496715,-0.0019052837309647686,0.04068185373651412,0.023014600415377062,0.005813146019435722,0.026551720692109537,-0.001952254580897761,0.0018886656095820076,0.011211017462885886,-0.02096588460806026,-0.024146958852440115
2022-07-05,-0.002488339536029227,-0.0022498870845814034,0.013949961686926304,0.011072896330633908,-0.0009026244702105002,-0.00809809588856647,-0.017129184952070275,-0.005115862659100023,-0.004697960618008756,-0.000530726022327066,0.006553186787719101,-0.005795954592084707
2022-07-06,0.00453085731998204,0.013788316744439033,-0.012454722112637318,0.0403493855670789,0.00903466174570311,0.010637249472267296,0.008365362223951678,0.00952811249012564,0.024924095290454584,0.0224436630556768,-0.0023251386625801063,0.013820247849379408
2022-07-07,0.0032942315264234967,0.017903301377358405,0.060712765898653265,-0.010186173831186807,0.022109009516720457,0.0047261463699068695,0.009159980003105694,0.04988767833302599,0.019947328135151654,-0.009989955608487033,0.04876756567769314,0.008310953675573218
2022-07-08,-0.006364690734876,0.0009313211537584909,-0.011336944573036911,0.009664534451548246,0.018463580705566196,0.01050908816341356,0.003767682958755847,-0.01997721859790824,0.0035949782886532944,0.011766135924541343,-0.01566661402943148,-0.006812871890217065
2022-07-11,-0.040669101376353156,0.006477772639859047,-0.0037757045135948797,-0.0025030911636659825,0.018261244681494926,-0.027270544043515477,0.006654305421277984,0.021986199285738417,-0.0020060606661747027,0.003813858859635477,0.030308167369717642,-0.04644086818464921
2022-07-12,-0.01669199506851382,-0.010205120881973895,-0.026109018086745817,-0.01648211811545175,-0.012475642932545994,-0.0234529882990806,-0.007796593471883884,-0.006838843526059901,-0.012806845046665183,-0.019700378906290283,-0.011668027891533539,-0.009345288978489297
2022-07-13,-0.010832275129096569,-0.024393033660554564,0.005765505104091684,0.019677077424434364,-0.008816969266798536,0.004066215124797656,0.004612377273770285,0.019509500476873276,0.013438418733262347,0.006868928415488584,0.003048496411222068,-0.014896197309120285
2022-07-14,-0.016071680340074446,-0.00500777940585051,0.0005731014428258518,2.0064923021312353e-05,-0.0010621148382221612,-0.010799824759950893,-0.010882642766416706,0.01632185566168176,0.01607300739957207,0.006227482922207317,0.003481159210837914,-0.010558474693789899
2022-07-15,-0.021982490076892458,0.00814181735525854,0.004153527682792868,0.028304800649632922,-0.0015949498161985654,0.0010497169568699505,0.009283120936126599,-0.043333740911784324,0.009971555697837253,0.022229233641011703,-0.026652037564172892,-0.0013839993086811608
2022-07-18,0.019419276693017462,-0.010645804759827904,0.04721156926587655,-0.005839919637917745,0.027689095377534167,0.04163327124607252,0.0059615315222205645,0.01736618027156589,0.03241587389893685,-0.0077831783922786,0.023195366621895808,0.0230083015971545
2022-07-19,-0.0006741039088622447,0.0003711636616183789,0.0023155459391241973,0.005658939450456257,0.011204604163810528,-0.00385928724248763,-0.002370505272553336,0.003271661403075443,-0.005797543520368875,-0.013299039047035,0.01675327034107088,0.003509085254786992
2022-07-20,0.031134150906968472,0.012610647927237206,0.0038047786169017606,0.01423322511670655,0.00313838136351019,0.020988415542033012,0.012219858808912853,0.010633865495091266,-0.003923817857331535,0.013026711605350627,0.009788438661380905,0.0294540646518906
2022-07-21,0.007684804380782673,-0.0031498964902587634,0.01786930027531053,0.0011325172841241127,0.003703301659350622,0.011614752511645898,0.004527246827465525,0.014730610739387195,-0.014881649144533937,0.011970049085061829,0.00630088090441272,0.003949805993077815
2022-07-22,-0.004543206194301375,0.023332568004072574,0.01409750317766445,0.01271368402350781,0.017875330588426275,-0.0173526246583231,0.0033384668808140727,-0.004009381380332133,0.014745646486560293,0.007908768433593227,0.0018731731741954416,-0.0019828538188247924
2022-07-25,0.01130128501197425,0.0029444218177803183,0.015213160526788894,-0.0064379697723123686,0.0010623643584151132,-0.0017925522122034243,0.0018298168597459252,0.02762336587242742,-0.017267875409842648,-0.012185999453315888,0.02633390114370715,-0.0013401519817501928
2022-07-26,-0.018428172051249248,-0.002040684721113406,-0.013305769814815238,-0.029158437606585208,-0.00574354818143763,-0.0348828135556879,0.004483583378601885,-0.02282836342376149,-0.018907763178982462,-0.013224036447705867,-0.01165813433038343,-0.016057504104630138
2022-07-27,0.016365789603522973,0.007641276563445043,0.017674743407269933,0.013682173047895096,0.005274413303500536,0.013713208005537325,0.005620744142095013,0.01354711124987551,-0.00425759580459939,0.0017504783858539597,0.010426620746525783,0.023412066896461914
2022-07-28,0.01901010907727896,0.008864996959315752,0.009648942058672505,0.014775780577103825,0.017613954079904293,0.031508105195442004,-0.0023015297213909713,0.028914266585767567,0.04241496593887928,0.030768108256978843,0.04596610456601469,0.022469140207499683
2022-07-29,0.002431045287528688,0.01224539310472017,0.05772157511168596,0.0066027125621310745,0.004910370350573512,0.02128632357102367,-0.001318176769863566,0.031415646397901176,-0.009926102212276744,0.012907860784529213,0.07224719370943089,0.012697288171279464
2022-08-01,0.003953981156132658,0.008332237350955563,0.021563650894141695,-0.01683472709523348,0.00586379007590021,0.0008712190015693899,0.014684057932484285,0.004755300083961966,0.025077875321318777,-0.0053669077739649795,0.006040853016050507,-0.0009388871750930505
2022-08-02,-0.001155187432733129,-0.010994806877324126,-0.013207545772298102,0.016293792389867612,-0.006861844279119289,-0.004803235469405864,0.00796736276257115,-0.01765163980141693,0.015546420192883659,0.010573761612592936,-0.011547293049742668,-0.002121887173363257
2022-08-03,0.006466554244617173,0.002342375245303785,-0.009918745028242637,-0.003377319418995439,0.008621198419216158,0.014576273668563955,-0.005807225593707943,-0.01653649553708747,-0.017775671787543912,-0.004774263564312542,0.00046733989746039484,0.014490523362937324
2022-08-04,0.0009401204225891746,-0.0011858374098522306,0.017984309898049444,0.0006093527088313344,-0.005516470722051747,0.02158229186347138,0.0043809473785574315,0.013636963159871396,-0.008400501104584457,0.02499763693649637,0.006071812415646249,0.004626337913400835
2022-08-05,-0.0003651942698797983,-0.0033870419644524974,-0.025847729860804747,0.006640004410991329,0.021883590827879162,0.010469394447244484,0.004361722180656447,0.026123287486686353,-0.0008989298779628063,0.0036019152789643627,-0.0032496588560764206,0.003010577751663357
2022-08-08,0.008666024350419743,0.02452604345461662,0.025803329074149728,0.0018714345564292412,0.004500746733907102,0.0017010742036400739,0.007399110662675401,-0.0016547942965453588,0.0057800736025321875,-0.013480257983225163,-0.0013973719233435489,0.0027932470576910173
2022-08-10,-0.014492035598659636,0.002906905620873479,0.04437587795336828,-0.002848790425101333,0.014098778586626226,-0.010466881353602853,-0.006226959308714974,0.011347778767097472,-0.008755706877280112,0.005930316646383549,0.018656725578711786,-0.005986119372621057
2022-08-11,0.01081864458127546,0.013230581546427533,-0.005961939181212905,-0.011011105924217501,0.012901363533764032,0.010920859017897744,-0.015906155738442007,0.0032777998649231588,0.014365804319692366,-0.00454752241890255,-0.0009156986355803864,0.020347511656798822
2022-08-12,-0.0061825534515596026,-0.0003702044816258354,0.006343708408649507,-0.007173757515550716,0.017098978016202526,-0.01595742339226569,0.007510129778612873,0.01621011701598185,-0.006636083308684038,-0.006928355482846982,0.03253890499124923,-0.006121269616456093
2022-08-16,0.0018821054953686023,0.011446595564954531,-0.016848106034369148,0.019094792592202037,0.005546615042655745,0.001474107194029628,0.006482060559926728,0.013849438137203407,0.0027970424686263318,0.007148357057623844,0.0031070101277170803,-0.002601947903905444
2022-08-17,0.023377126825016026,0.005159207872098559,0.023432048626204294,0.015182483500683963,0.004549282950147893,0.006138831915183163,0.006440314054202423,0.0004878203844742579,-0.003601715938115313,0.002659502205570652,-0.004424744301484984,0.0024758719026127807
2022-08-18,-0.007240459028197255,0.0011921980129081522,-0.002050433198499957,-0.0009685134938024476,0.0020945998003618627,-0.014505837501581187,0.009918228072753665,0.01804221007097362,0.03522311846452619,-0.009001639242224302,0.00044434592834963205,-0.005836370808830038
2022-08-19,-0.0035440036247023077,-0.012337155331084815,-0.024426433197716202,-0.017710297253882956,-0.01660828381844537,0.008938903073508753,-0.011563333573766044,-0.03257097147887866,-0.014439452282725918,-0.005969476855303024,-0.022212324647907344,0.0013309636336105157
2022-08-22,-0.010927166416757061,-0.015203746894325021,-0.020708893626050884,-0.00297971828153909,-0.020852530215890175,-0.013430594650964522,0.0076922057118877785,-0.051491543511697824,-0.023947780838105892,0.0005812827857767378,-0.04543384051125199,-0.009215041211220742
2022-08-23,-0.013080354467876476,-0.003094440256485975,0.022461051944026922,-0.01292489965012611,0.013669830269796845,-0.021102295608738886,0.004771029699957241,0.01996612536837561,0.012936320094638853,0.008916619032782513,0.024274098783586107,-0.020852354885773305
2022-08-24,0.0023760139523676393,0.004809544146045619,0.0022201086411075543,-0.0017355694794163323,0.010880828903005346,-0.0031769325576396223,-0.00569784512764393,0.017528147420298845,0.006385554470704546,0.002313340628921745,-0.009758342184043034,-0.008904958008201236
2022-08-25,-0.0056364472071988025,-0.005431593205905139,0.009094131635022817,-0.005428356152976432,-0.0010878446945387088,-0.01258536386427822,-0.005571783736877389,0.013328344620064048,0.0006158018996267334,-0.007340594044955906,-0.0028155730925507605,-0.011412283337153273
2022-08-26,0.0019601613252098193,0.0001706777969487927,0.016868881587685403,-0.0010293362858996291,-0.0017195465037560531,0.002239530893259678,0.0017609205980497755,0.04144428815809831,0.01781949942217076,7.422785466282278e-05,0.01035296900681204,0.0012431040164346818
2022-08-29,-0.029767948499827446,-0.017541315419869363,-0.022383822422986088,0.001652532873942958,-0.017224509794697362,-0.03930186342610198,0.002077387990370827,-0.008578613534633961,-0.027365208029543897,0.00605533344144682,-0.023288357300009888,-0.027822548319027307
2022-08-30,0.023378730846735918,0.0324438730381813,0.020455598783490014,0.032630682771896735,0.03674709286243538,0.021344194349496526,0.022165521187483828,0.04158165349987786,0.03537821002221553,0.014226472111138477,0.03290415237499378,0.025091128729317624
2022-09-01,-0.01373887627097814,-0.009386887464045812,-0.03883824943194536,-0.020245591632155335,-0.014594850456126518,-0.019257285675183367,-0.009048350379347925,-0.01742247404518693,-0.006577994797118625,-0.009680896910844394,-0.01754384499356232,-0.024741619086466993
2022-09-02,-0.0017276367254085434,0.009068275082126043,-0.01670812735129279,-0.0009208178369021214,-0.002230089751544706,-0.00764912396137063,0.017474743654005476,-0.017848669271176454,0.008408351064723929,-0.008673368916814472,-0.008458704517815052,-0.00041529592790090497
2022-09-05,0.012493854769853208,0.006428900061037357,0.03470711084296063,-0.0011523574306757656,0.011519862621981902,0.005712257396444542,0.017638984007877667,0.017814312206471117,0.009927878030932646,-0.015443279561251466,0.013270164496030468,0.0009583252429443689
2022-09-06,0.0019229767244381968,-0.003812608623201652,0.003843506328570667,-0.010574497928026672,0.0013597932008639901,-0.004242732903035007,-0.005169511954496442,0.025960423509094666,-0.011455633007779187,-0.011308688356778784,0.015902651280493618,-0.002026618732284824
2022-09-07,-0.006504428798157824,-0.004733494475020472,0.00440879193439625,-0.003303378249979505,-0.008430877576842688,0.00175233536832331,-0.00320969368391566,-0.009274183682748682,-0.003889027686352131,0.007215884953579721,-0.009208032419035561,0.007211374200978948
2022-09-08,-0.000697692112072823,0.010321725556736494,-0.028416255838183524,0.004893575615109169,0.02579314756821005,0.012520250454856274,0.011652944538601773,-0.0072806979351870416,0.011424125147793562,-0.0028963813447342446,-0.016263929118904952,0.006365761696656147
2022-09-09,0.01874218182769183,0.0006676119844566397,0.012959187192107313,0.004481616485351836,0.0027258552074092,0.02422260093540518,0.0018188998114703203,0.003376001836004283,-0.0019171301746851999,-0.0037911789361529946,-0.0014170964394810692,0.015143590980228883
2022-09-12,0.00743290459160173,-0.0033696906105996627,0.012089115975084885,-0.0032063325770571582,0.006601967890271121,0.016240455443425894,0.0012100717935301653,0.024364872169011953,-0.001219944447000243,-0.004359237961169882,0.019394572252473097,0.007862917603820962
2022-09-13,-0.00015698164169064555,0.013089575959772226,0.01275664373792429,0.002402823853901115,0.0030864278391420363,0.005695696174414344,0.010577260666773114,0.013931294599446087,-0.0003117625322531792,0.0050320892040427445,0.0,-0.004193642152440891
2022-09-14,-0.02449246986885012,0.01027694121584255,0.012252446334300782,-0.005876556769018215,0.008901085328392178,-0.045017489711844605,0.002840981510548568,0.0213359531604711,0.016273206655193828,0.0023658122537666415,0.012992983585825568,-0.03373745668225503
2022-09-15,-0.012982689597483943,-0.005200629987121452,-0.039819067667343444,-0.004277751280270525,-0.0005446652407041785,-0.02887348817925972,-0.0037273348183182176,-0.023624596059498293,-0.010513157734011402,-0.005220170539531277,-0.01969766897755787,-0.005143440508262209
2022-09-16,-0.025002694370279244,-0.018379734287413796,-0.028039506200359332,-0.012595690544428884,-0.009263332621258669,-0.038909850288432746,-0.00838084574972009,-0.023636243129638634,-0.001990380460845209,-0.03181644159112418,-0.012149530627020289,-0.030811680684876275
2022-09-19,0.0010032484027331368,0.006598558942435773,-0.0008485622648404245,0.020212421212539855,-0.010889829861286504,0.009621968010610882,0.012979114428128602,-0.009522638658350124,-0.0004144587835923641,0.01961756857390018,-0.024597992178491013,0.0066807036565144085
2022-09-20,0.01804425784056707,0.012045830056469642,0.02256458982458165,0.0016672321429469505,0.019517389551495068,-0.001258643434976836,0.0011918972848405929,0.021179936854020198,0.005312221941853101,-0.007918724642406061,0.026188268575298324,0.0037967937507077387
2022-09-21,-0.014277880243358632,-0.0015454148175476634,-0.023964846094967962,0.015501965486637515,-0.001636197251622562,-0.008138147135901663,0.014732129523959525,-0.015042655453476605,-0.010954940237280275,0.0017859159446544925,-0.012759972695681188,-0.01286064698784617
2022-09-22,-0.0036628933186579893,-0.02130604920366519,0.0018232908095505707,0.02635681257300737,-0.012947224372017674,-0.006752533274662076,0.012025324801711479,0.004859446203367757,-0.01342203973614331,-0.0006219434961166614,-0.008137872885116804,0.002065915005437846
2022-09-23,-0.002005364686694544,-0.02681690953587812,-0.038218893279128086,-0.003973590019244466,-0.0234116345128913,-0.001827579932031309,0.0039123399028231365,-0.01945887743420005,-0.015876300531105003,-0.007640196296863966,0.006756768021230153,-0.008429093042513602
2022-09-26,0.012111582789909203,-0.013484137534203078,-0.05790328094435526,-0.008016257135225024,-0.02402952309957096,0.010838924818705742,-0.039838255889873,-0.06693281200551626,-0.018092084585631052,-0.002303201446576697,-0.04266547585233882,0.004141567261719548
2022-09-27,0.013289931294982571,-0.008971961852335286,0.0005355484225031404,0.00702869443469778,-0.009871635111463495,0.009635926082842694,0.006764719082046788,0.0032721053368180986,-0.016238453869831804,0.011886787530186904,-0.022032946870607417,0.0076976395474992465
2022-09-28,0.0022311720886682984,-0.01718721121978961,-0.03439502468109823,0.00852842713740598,-0.0035775083275155772,0.0008252623952056393,-0.029565454078881004,0.012920193736588592,-0.0037236287269781787,0.009013145380721399,-0.025089689054082154,0.006031307700162802
2022-09-29,0.0024436655938613328,-0.005181546752091926,0.02896738445485525,-0.000573722748529848,-0.006592056870764917,0.0028321546999383607,0.024926932100121757,0.03578959709458318,-0.015229214778086253,0.007335187682947275,0.017331981232779903,-0.012633042337988898
2022-09-30,0.010075247654071084,0.028212951552117893,0.05212815089997935,-0.001518112978260211,0.021447970152720597,0.010581735205239529,-0.0025520527063519483,0.02486840323873052,0.030532967203038774,0.008727835294846775,0.02529693576472547,0.002419061078817508
2022-10-03,-0.0022523555670164175,-0.005734061831947579,-0.024580608070986387,-0.027424784270748237,-0.015835227376619243,-0.013937605632274308,-0.02347992750954042,-0.020998675624162355,-0.019404153914004962,-0.007949843766049014,-0.009567001811558229,-0.006523865788652161
2022-10-04,0.01693098843762253,0.02816299767657804,0.034387618931231545,0.017330701966405737,0.022749990673544218,0.025578592713999537,0.026048234893139233,0.047426134831544564,0.0214979321107005,0.013650163706186103,0.02846979731522037,0.035578761990325614
2022-10-06,0.019608910369349752,-0.011011592142094906,0.04720210922263668,-0.020221500177191154,0.02051522415039586,0.018014540144011937,0.01141641180517139,0.030716766036931187,-0.001838449909883355,0.0025087656023365934,0.0237270826083138,0.003493899918616261
2022-10-07,-0.007101840987102537,-0.004314684651713585,-0.003756132740571183,-0.005470645916689776,-0.0032751920694663594,-0.0027145006635528324,-0.0075743929235293495,-0.014790387242338499,0.003573606206906721,0.0010802800158464798,-0.002414234164511031,-0.011944184479220521
2022-10-10,0.005795208806438579,-0.011042725377035434,-0.008756981445037004,0.0022695166092436825,-0.0009063552661764396,0.007890011048518941,-0.018707152700025875,0.00044821643536940847,-0.009395148287032473,-0.010452345661609574,-0.0009681581078623269,0.017504552986675748
2022-10-11,-0.025590543053995995,-0.0101412943065875,-0.028098257530475568,-0.021089277129278328,-0.012645439938168024,-0.02656148418283999,-0.0047277941835207615,-0.04020162355411183,-0.011253987040863445,-0.034996467610617144,-0.027616297140241275,-0.015712327166103268
2022-10-12,0.014276673234755455,0.006532718200884302,0.010478635045404028,0.015956846796108426,-0.0025843968325423017,0.003441471221386827,0.011645691180242723,0.009333826508813203,0.01247280258218808,0.014929499090367448,0.001993074643423798,0.010164298588464238
2022-10-13,0.03161747240946444,-0.011491087171133674,0.0033732210108279315,-0.00962829990456171,-0.016986271808440145,-0.00615938858932763,-0.00439254845608672,0.005317345954509278,-0.004806224831854444,0.0020426932453545543,-0.004475375252534275,0.0008223787445644781
2022-10-14,0.020822998368830836,0.03257743065299312,-0.010957498946796762,0.0036628016689019827,0.019505692726354384,0.03827724081896133,0.010497440429449778,0.002299667596457944,0.01804052655068422,0.008759020411965635,0.0,-0.0013374602097254717
2022-10-17,-0.00792990997611609,0.005246781926444566,-0.022283868284393882,0.0057262853545270165,0.017179030721288013,0.01064960860073505,0.0004516314128817367,0.008948013074377092,0.01316800821201003,-0.0004147561096494723,-0.0054945203922847075,0.006664374270176854
2022-10-18,0.014679313792481441,-0.001866481792748509,0.013263007411694838,0.004516473596116066,0.013217378327900153,0.0092284564966707,0.02422877611283658,-0.0042069867097719316,0.0008340859958642088,0.0247197170055371,0.011049753882607316,0.01058881237467646
2022-10-19,-0.003552892729560053,0.010250363649605632,-0.008006197795574765,-0.007397515048841896,-0.005351890365502432,-0.012136734408445649,0.017778450938377377,0.004224760219868839,0.005189063929870175,0.01811703356802452,-0.005961238223506582,-0.007266178950959934
2022-10-20,0.021845026458289896,-0.006752731799208989,0.012554555775519116,0.0069299796894986,-0.003867195847619631,0.010400919517990381,0.009672275820930443,0.007845357800417174,-0.0031027370734298954,0.016312682486390617,0.008495759970551076,0.011355526639812208
2022-10-21,0.009632338498196225,-0.007040464833704241,-0.003669059423092702,0.020377587708631184,0.020818080658000504,-0.0002666183753312623,-0.011724331438487723,-0.011845618374416111,0.020981453351254453,0.011656939358460017,-0.006937654602908738,-0.006302973726115324
2022-10-24,0.004283474615053073,0.015605582298912957,0.00457138295774584,-0.030445770327626742,0.021110034831871127,0.011562881057030072,0.006076478327685209,0.0009133136680445908,-0.0036002003060902066,0.028583347938208936,0.009980045162891082,0.00774519081992997
2022-10-25,-0.004943595654092858,-0.006947054462625335,0.00720511859076689,-0.02631076743068661,-0.0013495078003522565,0.005567045403169546,-0.004026621945042996,0.02942852354617065,-0.0259520639911075,-0.02839027109925185,0.0,0.00012674621680575093
2022-10-27,0.005406714921359468,0.0024122009053599847,0.03514057040518126,0.005428350366673218,-0.000702643662975011,0.009372237628786584,-0.001443603943378835,0.040332436607397826,0.009964215654948427,-0.007353700117495809,0.029644202923167384,-0.0014865034961552004
2022-10-28,-0.001986495126229726,0.0029565591892264376,-0.0180648463980968,0.0020841990435858104,-0.01790355619073114,-0.007021292707055871,0.0,-0.0331239061117754,0.01032171633474599,0.007410701435733857,-0.024951935212502496,0.0018528771834271929
2022-10-31,0.010825376801432363,0.026050576403058523,0.0017285356076568448,0.01047832658682224,0.0009363506822421819,0.01612425137718443,0.008386338881025468,0.013108663435865253,0.009393653145187919,0.009966454890721677,-0.0004920169481139602,0.009452298161819028
2022-11-01,0.018153054656747436,0.011057733501944167,0.0215702938234672,0.007143667948223964,-0.00011005990177070935,0.022989596218317532,0.002294033398609452,0.011199280456858585,0.0038118837616873957,0.011125477421431329,-0.0034467049291921903,0.020841655217963995
2022-11-02,-0.014008723211755947,0.0006277643867562688,0.01665057625114752,-0.013127858439247353,-0.004292326768915444,-0.012523821474789809,0.014735377492228752,0.010860150003781044,0.00039282430251641465,-0.009839868468115687,0.0004942054994401257,-0.0055220268059715805
2022-11-03,-4.804784957779251e-05,-0.004391677593363341,-0.025990937308827178,0.01113839899137381,0.00436613808746511,-0.014517515259067859,-0.002678461498206164,-0.0025528290242123886,-0.005130995530773674,0.0017708026730332005,0.007407308727650275,-0.010781507943773083
2022-11-04,0.0001912753205992601,-0.006898617550295749,0.04922626734635327,-0.010210675396513658,-0.0036868309010409384,-0.010942300935187443,-0.0002829038997214095,0.01812945789750442,-0.00010519836174094355,9.05816983542973e-05,0.026960857832062146,0.0033209863477616786
2022-11-07,0.0017220738077132758,0.007781347202236333,0.0161421612873196,0.004939754967029808,0.01347621667735699,-0.004326300710031705,-0.0002828822373757145,0.03498473883645281,-0.009131872366944682,0.002690187335661731,0.01861570842807292,0.005066210426164286
2022-11-09,0.006016303079027008,-0.0002982877961029695,-0.04662857926509223,-0.009475623055085203,-0.0076294137873583745,0.002487542860735159,0.020367891666450477,-0.025908257282563962,0.005736757761944045,-0.007829341105989207,-0.005623229877733005,-0.005458035725080523
2022-11-10,-0.0009493003950511447,0.010872840436952025,-0.004795056456382452,0.001913295009856375,0.00021968463645327674,-0.006120854441157952,-0.013030267011183483,-0.013298737981598308,0.00990271969512091,-0.007116292120342482,-0.013195197814017012,-0.0032337163534789104
2022-11-11,0.03629626231178995,0.05666508656111069,0.035533638055883054,-0.004197229239667477,-0.004557008588139788,0.04537441006593923,0.000983160484606893,0.05064760527291523,-0.006824678342978618,0.007296108998490647,0.027220727607965678,0.03440782187206293
2022-11-14,0.007656108482648971,0.0024205945395889827,0.05978828471087505,-0.018077855814299104,-0.012795709585370685,0.009680806684722487,-0.02567696095535832,0.03247148072985828,0.012479587407322246,-0.012660918644233576,0.010692625557136903,0.005895872741702446
2022-11-15,0.004458571502201858,0.002445694645924368,0.0029634383125487496,-0.00012226560581396484,0.018716067208461418,0.005487917455219593,-0.00561627869273118,0.01737519116887376,-0.005408741771027792,-0.00048088217996400395,-0.0013798660764953175,-0.0008693197524098917
2022-11-16,0.0011775591198130986,0.008585626188318374,-0.020792297025225226,0.008280860279926916,0.0020840513882149914,0.005520757408236765,-0.003331042421253372,-0.018414225974798692,0.02797527075127504,0.002111522382766795,-0.018424697249933564,0.006826187140665851
2022-11-17,-0.011445790361747643,-0.009033014342544665,-0.0155341453566481,-0.007203915402244299,0.006786362565255555,-0.009608197436158705,-0.0011623503434734506,0.0006803576747733686,-0.007808103567207625,-0.005318985505962437,-0.006569696279199677,-0.0018923698179516002
2022-11-18,0.009702073322636728,-0.0026264033020060307,-0.0042002292999624435,0.009634094207978006,0.0005979224286598583,0.003779795371693817,-0.007710264749752005,0.005828073242604592,0.004614039420018923,-0.003296361703306383,-0.003306610158929524,-0.0016570477100841252
2022-11-21,-0.006934651132457059,-0.010254729486237846,-0.01835389577102131,0.007126505230171443,0.0011408988309253854,-0.015815294904031996,-0.011288726691953799,-0.0024143475936254655,-0.007884489029372777,-0.008200789385473528,-0.01184828876761046,-0.01793061020884623
2022-11-22,0.007211276081784401,-0.0014711776321917336,0.0002323029125899101,0.00571695916756787,0.0024962152535430437,0.010744814890101928,0.009045133507399328,0.013262369318446154,-0.0022374800904030323,-0.007499358114398946,0.009112662685686779,0.009578185438327003
2022-11-23,0.0,0.0026019342765255526,0.006269565746472194,-0.003319114319090377,0.004059783556305652,-0.0011987084011446658,-0.0013226517645645863,0.004108069249739721,0.007011316406868584,-0.0024676395537504003,0.0023764465896423115,-0.002005933277410943
2022-11-24,0.02374459691299391,0.016258575514340512,0.011538014098019689,0.016670795384450043,0.01229168873886577,0.029466615146519715,0.0027957276979004853,-0.006660218539115359,-0.004351591955823353,0.008706865838105315,0.0004741312981020318,0.021717914540536842
2022-11-25,-0.0012391335788199953,-0.004614966851243962,0.005246900280142741,-0.004589792889124866,-0.009106894875885119,0.003589423581137563,-0.0013206055849023235,-0.0022989453304181895,-0.008458221613968697,-0.01044321818840288,0.006635082248015234,0.0028105390193113866
2022-11-28,-0.008331837319587532,-0.010756338262419951,-0.021559132422816263,-0.0048274807664195896,0.007632012702070146,-0.007489330745071854,-0.0007345812194745616,-0.02611351071630419,-0.00012969062990753066,0.014649785851584607,-0.012240975492569861,0.0016520735902427752
2022-11-29,0.0090719967024393,-0.0014998222424090768,0.011133147013391742,0.043164813585825135,0.00997436965518772,0.0034803448123192915,0.006616725668518786,0.015378575684138918,-0.001348512968363802,0.015429870853965522,0.011439439550256614,0.0006185257704143243
2022-11-30,-0.00721874478757023,0.006634026045494679,0.03383418366126878,0.01903801345533651,0.006495956015015514,0.0036216333561533975,-0.006719290213632156,0.040291173246935985,0.011165690771944625,0.003113677241337154,0.014608877648905505,-0.001927952206284611
2022-12-01,0.013918437459726984,0.006869876831012922,0.028178355851515624,-0.00800924248325141,-0.013327749746802287,0.013547706669608361,-0.0013235185684545847,0.053663163339703335,-0.006548430740418443,-0.006656361877049988,0.02879698613360171,0.02502339630424877
2022-12-02,-0.0007481005103763261,-0.007656620834038619,-0.004963335890360021,-0.017932019725715675,-0.0102106960580306,-0.011586454552617753,-0.007068085177603045,-8.864566628330461e-05,-0.0018093396298077824,-0.01487814473083715,0.01128663125733631,-0.010501596158564608
2022-12-05,-0.004139137355888001,0.0036400024405072173,0.04359143809942623,0.0018163869966616453,0.0032237593449702118,0.0011295561949331567,-0.0011865242339733628,0.008680857329686154,0.003962141893542714,5.063649822534266e-05,0.0343750213416516,-0.0038526166128598494
2022-12-06,-0.008754387196255986,-0.0011158721867461363,-0.023275135416959025,0.013244986818025994,-0.011728692691824416,-0.01637437134820252,0.0016333287939354069,-0.003249251364625061,-0.0016508649591200353,0.008044658107144942,-0.025032431489565354,-0.01183625573793512
2022-12-07,-0.01342605014477427,-0.00043459690546532315,-0.012127659532205293,0.01989049282697697,-0.0005419792227061571,-0.0045880917242041575,0.008301123284466305,-0.011718017532504454,-0.01229811717334306,-1.2620884608627314e-05,-0.015493571657213656,-0.0014031510589636031
2022-12-08,-0.004114378587916634,0.005619607267067561,0.01583025210467026,-0.0007019887298795879,0.010573138943396954,0.009124964123739643,-0.0049984067664359255,-0.0016938041055759578,-0.0075596924555455525,-0.005298555232954305,0.0058453602231343105,-0.008888990973195177
2022-12-09,-0.06705388169645043,0.007131919001200915,-0.01865790011942381,0.006209737554186523,-0.0021461969754710264,-0.03138602023173476,0.008865103870498103,-0.025183145256405526,-0.004718065796346704,0.02203449386828038,-0.012516784625668964,-0.017250686740837406
2022-12-12,0.0008758604313578999,0.007786328930109443,-0.0019444214166319806,-0.0018367091296686011,0.00043013570428351855,-0.014082823875857464,0.005272470130922136,0.015848401210348362,-0.011811031920169857,0.012133300169183237,0.01131736280367135,-0.0019133392936401261
2022-12-13,0.015849692870764986,0.0027680833125940385,-0.008334254556213394,-0.0025576513388583244,0.0028485667007938087,0.01612590337860964,0.0069929146499700945,-0.004599106079246518,0.0014739263438801053,-0.004834673603287376,-0.0044763148282033205,0.01389043327088424
2022-12-14,0.011007962637237467,0.008463329484208248,0.024448799315140324,-0.009463963779193785,-0.012004962401528818,0.004611601805019072,-0.0005786527506924655,0.015673008034161162,0.0025153472882259997,-0.01593078255248903,0.016636777413087778,0.009978613938445235
2022-12-15,-0.013112830842356593,-0.01831860912511718,-0.017685918682862733,-0.007971164184094937,-0.014049306997165,-0.024629531841780516,-0.018963411929189378,-0.032735671755404594,-0.0053383713971671964,-0.0162309135081381,-0.01857588180020031,-0.017903153537267902
2022-12-16,-0.012184108794657145,0.004810630541242311,-0.009219062323412963,0.0030225879563119395,-0.0074823550171985165,-0.011879356931341345,-0.01106671672578552,0.0012911747615471647,-0.01215667493343997,4.2993361620169424e-05,0.0009014037064742908,-0.019621149124199877
2022-12-19,0.0034963277991637565,0.003110450226181838,0.007443807277645931,0.017519663465182633,0.004933455522693642,-0.009755647992926497,0.0161144571685623,0.017866866834336248,0.009562467090064919,0.017374585055126346,0.006753698703569899,-0.01178921289533763
2022-12-20,-0.003435809948472257,-0.006900807315327717,-0.006736930492807103,-0.01602238314693205,0.0035854459406150507,-3.302462665832895e-05,-0.0010280207484417714,-0.011852976677179439,-0.005946837108177894,0.002684030899651857,-0.007602942629379328,0.01308536528805182
2022-12-21,0.010342832141068348,-0.009673032130343207,0.0002188338755384489,-0.0031219819121601766,-0.0191821741378716,0.00149269177963407,-0.014699371460493382,0.0028385017151133507,-0.017595070748445574,0.008872356212257904,-0.013970200749869988,0.007583442854097511
2022-12-22,-0.0012014844624388399,-0.0034309961839744663,-0.003609356307633038,-0.007819965301141263,-0.0017932140507058714,0.008280538613710586,-0.008056028386376424,-0.014152673928984671,0.006309791382221874,-0.0003740971828393169,-0.01599633187315941,-0.0027075617358298665
2022-12-23,-0.008180121829960973,-0.008932826167012409,-0.05697031358328941,-0.009167149089179483,-0.013192610098999524,-0.01639236313790815,-0.01729582356234638,-0.028804388424587324,-0.002245168437085776,-0.008561250805390386,-0.050162600414781044,-0.009617466859010437
2022-12-26,0.001067201666126838,0.019904252458337268,0.031195479325521136,-0.0013925083444709108,0.01627034718533049,0.0035401359883775463,0.024181055263198248,0.007724625728334988,-0.004610406728248528,-0.011684973505680207,0.026894777419882887,0.007604275907192148
2022-12-27,0.004507170053472009,0.0010127131347001939,0.06332538725119252,-0.009245746360460494,0.00834080498935763,0.00828672504529715,-0.004333473543538302,0.09009190560701108,0.0040527170547735025,-0.006106273465346201,0.05857153509916646,0.0020291737969162504
2022-12-28,-0.0008684477321643236,-0.0007970479130861019,-0.01072181805436101,-0.003721173488088647,-0.0018876024774877598,-0.0031024766215953514,0.003752056975384166,0.0039065497789971815,-0.00043935959241681033,0.0034182110427800616,-0.010346379699444741,-0.0007364098400214347
2022-12-29,0.008691959178900088,0.007056103494499144,0.008477161726998528,-0.006018687042850246,0.01012296550783165,0.004900175569720222,0.002840981510548568,0.019283968571091714,-0.0007416979029122306,-0.0017939346300148706,0.015909079353913835,0.003576733005454358
2022-12-30,-0.004930789840402294,-0.008011987840586543,0.0073421191078277825,-0.0027257330209944364,-0.01894171810834233,-0.006161373087458455,-0.011331518288309028,-0.014846890367394727,0.004673640435674642,-0.010197966679824977,0.008053672900385722,-0.003686331726166281
2023-01-02,0.00014423073408065257,0.0003377366873897891,0.028942597031345496,-0.0010347761951519097,0.013021356431548448,0.010476144417376876,0.003921065769629584,0.024199109727216506,-0.0012040189808474322,-0.002267113781686758,0.05858856201780149,0.0014584131741044448
2023-01-03,0.0018278110786058566,0.006539053868376943,-0.014680243080188005,-0.006390720801641936,-0.0012189740505043067,-0.0009513557058984379,-0.00525770025348915,0.0064744698425629466,0.00427382611303484,0.00847327259197761,-0.006708626098617665,0.015299944900086349
2023-01-04,-0.004561190701618756,-0.017872847623497168,-0.03834129196242553,-0.002340625731540702,-0.0024962287329091115,-0.018226111306299586,-0.012382852613213258,-0.02163738028850115,-0.006601788385191543,-0.010513401450240045,-0.022794376853782494,0.000996677986018435
2023-01-05,0.007235118218401171,-0.006428392136174743,0.00910077978748114,0.01876893690900827,-0.022188782916077843,-0.01311221945270391,0.019724680527821725,0.01366230052714723,-0.000247144368710428,0.013119976379449394,0.006911407520799884,-0.0010710418732650107
2023-01-06,-0.010822687106557538,-0.0033131765832802307,-0.006549324546194835,-0.002806162535793355,-0.010294178224065531,-0.018099155173059378,0.004798437058927574,-0.004127733753612195,-0.01840352188747929,0.005524333753434085,-0.007721990284637048,-0.03006560482442966
2023-01-09,0.033549524989231694,0.0019443286648177516,0.017507896068660544,0.01847509785833945,0.003735234673835075,0.024818758812122255,0.008953741471476873,0.01776341782798152,0.014047544176756244,0.010080367459418538,0.016428937676056687,0.03375309801927129
2023-01-10,-0.0033725824115129477,-0.01827857418275758,0.014444926285004822,0.00754559515892872,-0.013740191230277699,-0.009902507273488959,-0.013755320197075815,-0.004321629278353667,-0.009023775092897424,-0.003074353909437111,0.011059051340468029,-0.010105500469734241
2023-01-11,-0.008506739063230184,0.014410424649934583,0.028059994170350544,-0.019138774186523766,0.005746760027221631,0.001020431172922498,-0.0047990487345535016,0.009014933755015386,0.003508751890359152,-0.01326660646567257,0.0,0.012871201243822572
2023-01-12,0.01597462062338928,0.005342940047444511,-0.010795503201608048,-0.0012338926283643747,-0.0065219056596512726,0.006355090201353164,-0.005877166823146096,-0.0028953366222957966,-0.012403928884843318,0.0058177815198963145,-0.0063105303250907685,0.0016974947271386487
2023-01-13,0.005738881935513751,0.0007815973518165986,0.005868456305654135,0.013107769393607027,0.014872435551725571,0.0155681826149916,-0.0033347738003368654,0.012196010162389692,0.00044958123232730074,-0.004473252557483209,0.01989844016647746,0.012056199894587172
2023-01-16,0.014752145144295792,-0.009589853874214294,-0.011156573941646042,-0.010251494161712782,-0.009387986382113578,0.014531270677347274,0.004410804967803772,-0.03360655688141789,0.002527596800509402,-0.002464073860558136,-0.0041511362091483095,0.010456181837461775
2023-01-17,0.015863660200723162,0.014886652981947579,0.01004037383322065,0.027126451622514924,-0.00011558673787115392,0.00917718719238736,0.006208137580511419,-0.006191695407045561,0.007199724346158343,0.010648212222524434,-0.005002073112190808,0.013301976923642211
2023-01-18,0.00369018441906932,0.017651887629510865,0.030846493949177267,0.006991279973489695,0.005027989827769641,0.003832557467180031,0.007223490080448203,0.025945123160504346,0.0008065588655148392,-0.006136706309071482,0.025973991070882718,0.003433591664018687
2023-01-19,0.005655571484348476,0.004153219461716207,-0.00805251807940166,-0.01356927060357227,-0.0038527617741579423,-0.00420601344081184,-0.007470371360377093,0.006322274824317908,-0.017675547204284103,-0.007175870392876149,0.008983350707131521,-0.004985113180315026
2023-01-20,-0.003239424656104828,0.010248677107841608,-0.017939456043401858,-0.03811668119886813,0.0048490210537779355,-0.008675028252223105,0.007376076713363489,-0.006199822725724613,-0.002489636618019153,-0.024442203170035204,-0.0048563889376874725,-0.002964656836052404
2023-01-23,0.012096156724456186,0.007315171353029948,0.008674393216124177,0.018695314416550923,0.0015510977624206834,0.01471597998956864,0.009414149592499976,0.004658216600935683,0.01182713750870601,0.008700486002836794,-0.007726745544919922,0.015402380561653883
2023-01-24,0.014849958996381973,0.01338821915866073,-0.01932424126426957,0.00157911557804713,-0.0010897696688428882,0.0025192834813849707,0.003553037205722198,-0.00861074608651724,-0.013174543437002861,-0.0039447798630267705,-0.013114680273967116,0.006266879221481503
2023-01-25,-0.013270595154946108,-0.02763198717859039,0.009181933503379147,0.008402191068610065,-0.017743448322626088,-0.005734849532886721,0.0008850083407261344,-0.005595469162951949,-0.005936557766879069,-0.0028613746433673315,0.004983377357083096,-0.0019062245667732514
2023-01-27,-0.006368357184084239,-0.019925363080384506,-0.020650140785279936,-0.0038896895684632504,-0.044545676122803024,-0.015456849015222929,0.019896882732999943,-0.012093708506320966,-0.020973852224349665,-0.0009956334847703863,-0.002892532772522105,-0.005452191062372713
2023-01-30,0.017165727234714545,-0.0010211898463207136,-0.013883122111743362,-0.016844379578189406,0.007709137054089155,0.01293490239398154,-0.003468214582094342,-0.02261329590598682,0.007676088112181789,-0.0026254247865938884,-0.015748086245817472,0.006625565136954004
2023-01-31,-0.011059830712949248,-0.006597839823957008,-0.008362434623391368,0.0033488545876756426,0.010200391774155548,-0.003282020480451342,0.02189680589475551,0.015134338225472943,0.0027517042434408445,-0.0077297849861587276,0.00800002825788293,-0.021828368002883458
2023-02-01,0.00882230610649093,0.014998517535951716,-0.001174222331829844,-0.0009702107655755743,0.019293247803100044,0.011312282575011379,0.025684773666668326,0.0423271700166068,0.007914408240859538,0.0037912156757233806,0.01963239275751616,0.014782508695186491
2023-02-02,0.015457961201653658,-0.014869086786596597,-0.00523673356174903,0.023540840630507986,0.01173415899231478,0.02104958124030709,0.04759267844144288,-0.05458284614200559,0.009772517047097473,-0.007084988707875439,-0.017206091827010384,0.015271266116240634
2023-02-03,-0.0030012492352319287,0.03458380673378558,-0.012354983306543388,0.005275469721703452,0.006877169734329058,0.009881598980206796,0.005414588322562475,0.013216359640120467,0.010529342798971886,0.0026220400866938665,0.0033347382636721434,0.006328856102488567
2023-02-06,-0.0003927184328295086,-0.0042499581328233615,-0.0267594390409146,-0.004209485648298816,-0.011692410935324804,-0.018475568187113933,0.007224509642915988,-0.04428052339613475,-0.018704732159852133,0.0009051508612454295,-0.02409637730858527,-0.006418115718799466
2023-02-07,-0.015230674546030332,0.0014832400554989356,-0.039789877580470145,-0.013800516298147936,-0.0011128203809437354,-0.004745875031254121,-0.026473670005203842,0.024063984569092423,0.016256388187316118,-0.0022869210990312805,-0.05108552387869625,0.0036414562387665494
2023-02-08,0.01484575631140328,-0.00012100478137588855,0.016179667831851097,-0.007073520705805136,0.007446431010200039,0.017985295879073826,0.006162125199860036,0.040245424830964494,-0.0055762330158823925,0.0008903690889616733,0.0,0.013693160521651926
2023-02-09,0.0011793387738965322,-0.002085706141060961,0.018442126528045,0.0015099313515039015,0.0019788229541715108,0.016661480997101297,-0.003461667756897935,0.00649029590497241,0.003058629438213778,0.0002844040478713339,-0.001794497989611732,0.005894826005499398
2023-02-10,-0.02678069099089242,0.003968326855611215,-0.02564391188625037,-0.003556785160024889,-0.008073827232580322,-0.005225746038916457,-0.007748629369578208,-0.026379743806470124,0.000649427762008381,0.001239377923733631,-0.02202254411103266,-0.0009319050320547584
2023-02-13,-0.0023751973629589918,0.0007543057007950438,-0.012582143515034061,0.0013579199336621883,-0.0037477197562377773,-0.025550983392096605,0.007674604368410831,0.006193165161928471,0.0009876745813071075,0.00015512874756740125,-0.0004595325951027851,-0.015589937714240776
2023-02-14,0.01118578662880898,0.009256189016533689,0.016600355563911595,-0.0005424713708435114,0.017222070714560944,0.016459754623242562,0.032736502680734914,0.008120893754460345,-0.0019450977143677939,0.0029484491621991626,0.004597741136752376,0.005082752138459101
2023-02-15,0.0066197474899789555,-0.0020313714754912615,-0.0019548446838574263,-0.012075439247327457,0.0063561810580961,0.0023852451634709393,0.005210318405451497,-0.003476742896176499,0.008557662571856639,0.00933033997305932,0.009611037075369477,0.0058712456481972986
2023-02-16,-0.004192889726281068,-0.003622112268241162,0.0017283342037992533,-0.008377642292386911,-0.0015502244568145196,0.002974128267719811,0.000915720560972888,0.023911040229796177,0.001372071126192198,0.019100858767959528,0.015412375519543886,0.010622841182107656
2023-02-17,-0.016487125730679897,-0.0050172880623193805,-0.011962422958345154,-0.004590338894231771,-0.007820994830772698,-0.011237362993847033,0.002221990340909974,-0.01919732002007979,-0.01605184982650465,-0.030951870573373452,0.002232162362953538,-0.015991797096468807
2023-02-20,0.005542569229362471,-0.009390764312108058,0.011059408728323783,-0.001609905368326836,-0.012229885330822587,0.0054614320554386975,0.0016952878989653364,0.00804943736134045,-0.012476954422849795,-0.010422569695798023,0.0008908910185083663,-0.00395588047968265
2023-02-21,-0.009410965303956798,0.0037493368966918794,-0.006332752388514495,0.0018714259215855122,0.0024645611072202644,-0.008132062134792117,-0.004686932015297796,-0.009330093672978879,-0.00408672271039745,0.0013626824395771564,0.007120637895541515,-0.010409204184326337
2023-02-22,-0.01140057146563056,-0.019617483833913485,-0.004171381166372723,-0.008783198407897319,-0.017501816088733912,-0.011206077920760338,0.004185749399397309,-0.027235641154086276,-0.017136794201626282,-0.009260625238590392,-0.017675659562671142,-0.01432913691173543
2023-02-23,0.0016016239547105293,-0.006783483326507134,0.01570856638845508,-0.0013633303237056138,0.0005958381654356248,-0.0071072273827845756,0.009769552726903719,0.012908902558295132,0.00388108459758163,-0.001400326481372005,0.00809714741820744,0.003601349511024754
2023-02-24,0.00045672317977429877,-0.008919353326510615,-0.048573772960467054,-0.002589638463479149,-5.958557635787898e-05,-3.210141988696513e-05,-0.006450021327817357,-0.03504693057472286,-0.0057698471579994415,0.0017642391905559052,-0.020526626275147453,-0.003910751717228322
2023-02-27,-0.009955596584837467,0.002485947292808266,-0.008308246644678774,-0.006460949229154078,0.019888094598930817,-0.02666632103600619,-0.007530472278272082,-0.012582528234462154,0.016879844751526596,-0.0031127552460316066,-0.03325730510246949,-0.020173646119622468
2023-02-28,-0.005858203028414999,0.004206154193110212,-0.030597299889736695,-0.0030387020657969277,-0.0018099992324136505,-0.014410734551414062,-0.014390331027890335,-0.007320416941863361,0.001911939744456248,0.0025372141582475916,-0.020263907056965347,-0.005702426417457884
2023-03-01,0.021807785533492385,-0.0009689643548155269,0.03469432475596124,0.0022759095015945086,0.0016962883011129026,0.005714236118753879,0.005309155561968648,0.042334327280290074,0.009050221515788603,0.005830218738378967,0.0149109543243382,0.02198999599500051
2023-03-02,0.004404505212658005,-0.008510454549206847,-0.005447360004701252,-0.0044196362922873655,-0.002685989409431433,-0.015975466159429907,-0.008317841495275258,0.007074782534737256,-0.013295947235146821,-0.015820907044446275,-0.008056802060460777,-0.01897689665468172
2023-03-03,0.011799897196270948,0.019849112988810536,0.0148491765456642,0.006373820942401354,0.01703755095888737,0.004856867564082767,0.025029960455402733,0.02176932886477867,0.017018086828940238,-0.001723398002722254,0.022455779493266048,0.006232198798637789
2023-03-06,0.006881143670708356,0.00705494286384889,-0.005756693861318052,0.005605030434958191,-0.0009211085737197422,0.019029272620283644,0.008312689121146688,-0.01247769771078533,0.0,0.003520301089676048,-0.012616870524480683,0.008886499294824324
2023-03-08,-0.005369494198045555,0.001997311973379823,-0.01628476044118643,0.00010069235858156667,0.005012852701474779,-0.009784794387669549,0.01094929940839906,-0.011603908727317536,-0.006168002748210943,0.00018360599027511526,0.008045441028331712,0.005501253341002599
2023-03-09,-0.003569685595825378,9.187540574728814e-05,0.002697759641430375,-0.009537097402160022,-0.018518449455666275,-0.008239993258916889,-0.012487025936583351,0.00521789950916407,-0.013504072744115025,0.0009423422773451318,0.015962379823815098,-0.015794432082744114
2023-03-10,-0.00031303348575473233,-0.025786380446229162,-0.007826871400917867,0.0016456045078854231,-0.0155382403429839,-0.00597820345509803,0.0012902274856994023,-0.0028549957639355528,-0.010135813155961682,-0.0026947866455216962,-0.0009241617287586434,-0.0017530897650218646
2023-03-13,-0.015856008077394623,-0.012652299001089773,-0.00838158585778459,-0.004198013139231849,-0.016910975403553685,-0.024769731816811524,-0.011211463558228663,-0.0015616709623285097,-0.014947236121385377,-0.00910423793993309,-0.012025824381666217,-0.014725404217211135
2023-03-14,-0.013244144206121522,-0.002677753346180811,0.0011186767493016614,-0.005152675445010968,0.0023538646159393384,-0.010521921550991076,-0.010295713274098284,-0.007386163193031092,-0.015323637853900673,-0.0028824904629357606,-0.00374533536904198,-0.020414624282132143
2023-03-15,-0.0040591322170577815,-0.014350887145308522,0.008567247218527196,-0.014882470819021165,-0.005359083286870292,-0.00024642378535988385,-0.0007901511268880723,0.01575773883842091,0.01073884298334149,-0.01485387556434381,0.021146568048128644,-0.004992315005663661
2023-03-16,-0.006715033865260955,0.006485379123978063,-0.05219751886975332,0.022131315552609054,-0.0024216502209224444,-0.010953513524865621,0.005403262627068139,-0.045591797229729725,-0.0014406730454032957,0.025414878862572765,-0.03313384183592638,-0.004345421643573988
2023-03-17,0.03361625955579006,0.013370737373500363,0.030523528415051127,-0.004859118700669018,0.014989688866823059,0.011822559420404666,-0.015467234385535544,0.03314065604722938,0.017763206016479183,0.02208597623528763,0.018562546128624735,-0.0017894127343941468
2023-03-20,-0.01587788514979116,-0.006931006360668346,-0.027602830390122346,0.0260683996696498,0.00023926506507909728,-0.012001174456654495,0.008653902510685318,-0.023599209021734513,0.003868510596752195,0.004226350234024512,-0.023364458324234394,-0.011323092348385466
2023-03-21,-0.006371211527398168,0.01133351326646781,0.007258604567638383,-0.01935327939441156,0.019068580488836417,-0.009225971391570775,-0.0048838021853185865,0.0012531590371740453,0.00423623460141509,-0.0005518509143681571,0.0023923652091841774,-0.011834929197253596
2023-03-22,-0.0022604101934905474,-0.0023108024008958727,0.010809365270656235,0.005583718435121732,0.00915065234022272,-0.0010424484790990673,0.0021222538775538258,-0.003576145866035607,-0.0009959006305307883,-0.005690085110425791,0.00047729968507947973,0.00795217057207176
2023-03-23,-0.014378960596633128,-0.008027774213527294,0.015404283911127026,0.0035334124762729235,-0.00552191205048258,-0.010581373892392332,0.007677088804906695,-8.979897935845749e-05,-0.014925395909685002,0.01194223377705339,0.0009542224362424356,-0.0019645360917051047
2023-03-24,-0.013274925399955895,-0.0015993645712953919,-0.026078329486185936,-0.0017303848458518623,-0.003565453247596717,0.004437917092647625,-0.005122885475656536,-0.04145731456858914,0.007412023566630177,-0.004796627859019353,-0.026692208559649377,-0.001327901087935901
2023-03-27,-0.00023790399743806034,0.004357038878155528,0.003990809656270633,0.007336236205241153,-0.004340667718496172,0.006011680547129528,0.003961001497570393,0.009923328575491608,0.0077120587774257565,-0.0032765933716177864,0.0019589938026551845,0.0005767844268205202
2023-03-28,-0.009890567417235485,0.008134311182498966,0.00756507898379466,-0.006482552567520838,0.007128516853140976,-0.008171853085268355,-0.0011834818510754186,-0.003429778326043853,-0.0036946629703880074,0.0029114214366421365,0.0019550028560872956,-0.0020498902998358215
2023-03-29,0.02535776286449387,0.004809579117877494,0.01565280699877092,0.019353260217415347,-0.004387273715798945,0.004319300301370399,0.007899910977599678,0.016463763435424994,0.013037924289082348,0.005645107592304743,0.010731655885395819,0.007381643187068354
2023-03-31,0.01662754328689231,0.013698111404765845,0.015787533115872554,0.011656158906001135,0.030846099944333183,0.03209116592483463,0.0019594516567966735,-0.00036610349658094954,0.006856335248967671,0.03419668885478955,0.00868731853456306,0.0213448135792067
2023-04-03,0.011886693761132161,0.0006213348611887604,-0.006907626994898219,-0.009471385410622979,0.007466477070824151,-0.01197510407247493,-0.01199486129615146,-0.0036615879246496563,0.007415568153122054,4.825713555134392e-05,-0.0038277685938965522,-0.0018401822842853965
2023-04-05,0.011883521848848444,0.02682312419280164,0.0018631491046510185,0.018394343362839072,0.000905214918304198,0.009001715870424087,0.01979427263657585,-0.0015620605010386868,0.0035515187659194147,0.005917141562108652,0.007204594443905865,0.012437389551842815
2023-04-06,-0.0174134081086168,0.007619009486580008,0.004835132715372836,-0.006775797842830444,-0.01085233070994085,-0.0011591088970513974,0.002458392645501739,0.0017483573722572032,0.002968185531253109,-0.005741161462847866,-0.004768680220115673,-0.005895418814898634
2023-04-10,0.0103035313288935,-0.0047408041203995666,0.015299112935422299,-0.0129031700157205,-0.007485747857469804,0.004008653839673304,0.0030981842659527636,0.009553497360243135,0.001252087974728866,-0.00903422138404486,0.005749788100158915,0.013257944327497384
2023-04-11,-0.014595281314148778,0.002924360379345403,0.014825641638468001,0.006160639303976145,0.015487440770308725,-0.015025202988855235,0.019173695257729717,0.024385973587427667,0.0495651011910323,0.007393628931500418,0.024773777366475347,-0.015198905534330454
2023-04-12,0.006899817089380145,0.012986265215008563,0.00023946090664694886,-0.007378948164516674,0.009354842598955804,0.015752389404722678,-0.006186842611109911,-0.006395496843314863,-0.0013268270977764285,-0.011908680178831732,0.000464873489256723,0.008665915541355318
2023-04-13,-0.02069446185354784,0.0044809731420918375,0.010535173176784873,0.0028668121134975966,0.009942050494688992,-0.027375429981978283,0.00520889954983228,0.00196679767659802,0.013801166523020436,0.0012885610183042129,-0.0009293914011231363,-0.016287926682341913
2023-04-17,-0.027662548472898174,-0.015244092325871539,0.015756464472727716,0.006170634018610066,0.0025584123747761645,-0.09422682771101232,0.011501584011657684,8.907481977704634e-05,0.013720292212709762,0.04002243597582522,-0.0032557811441804585,-0.01547589108061509
2023-04-18,0.020773479269414086,-0.004230092236392924,0.006647969328545056,-0.004232163410895828,-0.004937426006964563,0.0008345900666011374,-0.004123468821938037,0.010794972415590465,-0.003614528376934989,0.020590893303764846,0.004199710455317085,-0.00278715510625549
2023-04-19,-0.023640538411434764,0.0036755033753514965,0.0034758202585349895,-0.0037188438339366137,-0.0055192167984483564,-0.021558857757429384,0.0006274840500410939,0.023565735545094668,-0.0018005677129855346,-0.0020595226933767252,0.004646804132615756,-0.013143584811684206
2023-04-20,-0.001155166084371162,0.003722204360122383,-0.007389413367717479,-0.015405400861680296,0.002803044716245706,-0.0071415524305247224,0.0038871449984956286,0.008105534152198501,-0.000477466271636362,-0.0070614270907867205,-0.0009250165936929289,0.004919651506140044
2023-04-21,0.011035894452742667,0.0016149047399673933,-0.017447905543300446,0.0021463575564080184,-0.009783128769015437,0.0032287309510912188,0.019860038844701666,-0.01967330176600035,0.005122134585347382,0.006172867300500151,-0.01712964126417693,0.018052814871948986
2023-04-24,0.004862282324074707,0.008091501435163906,0.012903956444072273,0.0007206666522787675,0.021566074679067793,-0.0008556357113065349,0.0011021673125519715,0.006195003360972784,0.0019010400354020351,0.009389221524583213,0.0032971875931220307,0.004413267922098063
2023-04-25,-0.0005693340545157577,-0.014216832163024273,0.004674978531703067,-0.003720436178964004,0.009615978211027665,-0.001141716062519893,0.006973371722551747,-0.0016475372660285093,-0.004190325754223512,-0.0011647776203336235,0.00516441065103912,0.00037786268190864725
2023-04-26,0.011485901182531677,0.0045970629714542355,-0.011633315430095492,0.008171195626561989,0.0016421081952235905,0.0021635794738670278,0.0017010025785899607,-0.009120139991441678,-0.005663350522324917,0.017471426508478105,-0.0018684095424029712,0.006974236640423737
2023-04-27,0.0053495948613153654,0.0055029926653067385,0.01412434945219676,-0.016668026175720163,0.0037159277866671836,0.01523347352341764,0.00909635299484246,0.015866078934321903,0.015969240611296565,0.005756971850853665,0.007487243260318799,-0.003189503665086302
2023-04-28,0.010301387707441823,0.003926250688288002,0.012302742884939377,-0.004718512283291232,-0.0007621194876676896,0.005215732638699677,0.02295675989873902,0.005867609326090095,0.015430177588342975,0.029039159592325836,0.0027867262441614304,0.009818381427647349
2023-05-02,0.0032422521792598857,-0.00020737946172133537,0.023045115258044424,-0.0022789069266488937,0.004849318207548192,0.01971654197185191,-0.0025848994438857353,0.016985542428417322,-0.008720005951543208,-0.0007143580541330019,0.021769466778308377,4.6590975435245596e-05
2023-05-03,-0.008055980594476653,0.003496786605575064,-0.008629335793782666,0.01399031877305612,0.0008132841935131196,-0.006497340642507288,0.006361105279560686,-0.007001332895810508,0.005101002266837629,0.005971106868945419,-0.005439846168541318,-0.012269429737362003
2023-05-04,0.00741295324068747,0.02046499264639068,0.007234875266314944,0.008346751040334777,-0.0012460449847655486,0.003467026593926059,-0.0059697088042703905,0.010958096040212917,0.008622708184942152,-0.008317397102610036,0.012306412456299043,0.012830568161621203
2023-05-05,-0.01054551082485733,-0.05912151583826508,-0.025252535836303824,-0.0023936516678078057,0.005695934915544321,-0.011346298132409727,0.009773818651032995,-0.02008228459593686,-0.009704230141527548,0.015031964862514346,-0.021611983975092675,0.0031049416708641697
2023-05-08,0.019137052911450958,0.011564611783873469,0.02487050567997784,0.006218189604808355,0.01181290230465959,0.005162396400582914,0.006297474233947442,0.01680683609012279,0.015632194270152944,-0.0016622217119593996,0.008283536156796112,0.006159765908517301
2023-05-09,0.003021060704899936,3.0314848629364732e-05,-0.010560556255956643,-0.000198662686442308,-0.003731634419464336,0.004029619957282904,-0.01773088125614697,-0.008854795904528534,-0.0023228342703691673,-0.0005412787026320975,0.0,0.010044339250596224
2023-05-10,-0.000648753177487027,0.004621601552011523,-0.00885663201486897,0.002742561459511572,0.0017658065287851077,-0.005862737714473987,0.003657299840720052,-0.00493503485593938,0.002251568908628654,0.003579749856715164,-0.0027384692770564545,0.0010811052063086635
2023-05-11,0.009088503060170394,0.0006657579517228562,-0.03574287756356942,0.027629130351205067,0.0033651551488069753,-0.005660138401552439,-0.011637434072122699,-0.004788358486749633,-0.00038289688688419865,-0.0013696714532227539,-0.006407332956220313,-0.0014146367860485842
2023-05-12,0.006800837142213245,0.008831402684462919,-0.038255998754185505,0.011957906735491353,0.0050042983889748704,-0.00867766694704597,0.00011885825034085862,-0.013403079771670212,0.0013534726689434784,-0.010247480441603063,-0.016582333599504673,-0.0023917491085839737
2023-05-15,0.0038794184749186833,0.004796766783873085,0.01470054445065605,0.014809200865961047,0.0019599454941927608,0.010560514171560786,0.01748136474465478,0.0015674117127701948,0.006324556916055046,-0.0003464952723861714,0.008899329360629427,-0.005879108013955414
2023-05-16,-0.008229189069561937,-0.005734045734754223,0.004260951734799345,0.005127094627000117,0.0006343573831408822,0.004728521476038194,-0.008999647359743568,-0.025475933908045922,-0.013152599163670176,-0.0002847898022874107,-0.0027854327859986316,0.0009523988168005371
2023-05-17,-0.014806927697032735,-0.005372454062468779,-0.011516585299788606,-0.005287755397718197,-0.0073967611972871605,-0.013762548661297114,0.008609507235885827,-0.05049971851479362,-0.01946535442832098,-0.0021990097475702575,-0.013035402855992473,-0.015177439766231648
2023-05-18,0.004978753979811845,0.003997697930977484,-0.002943336816242481,-0.012848780011303296,0.007611683997525764,-0.000721918460681592,-0.01847514316212473,-0.0155046802178479,0.009559269241058876,-0.0024343133182793686,-0.007547204360944915,-0.0027579884951439704
2023-05-19,0.01430692276628931,0.0011549898841183293,0.0006149638707768634,0.005290126445488097,0.00824083781950291,0.018378903598216922,0.0003573381126813491,-0.0027677448412686267,0.007393422210363543,0.00048672929505277907,-0.00522807304479278,0.007187814166133011
2023-05-22,0.02236730599619774,-0.0035520464740421698,0.002335625425908594,-0.0012681130407643515,-0.0041391411562290426,0.018835288463212807,0.011670954372305031,0.005264072683342613,-0.0007468202790478218,-0.009006425663447004,0.003344369106938583,0.02353494216899743
2023-05-23,-0.011162266138250998,-0.0023461079292181886,0.006377242490086976,-0.003714913214722837,0.0032093487320294933,0.005607979288673182,0.010358988287557214,-0.008188093311041755,-0.009638215666721295,-0.004238063421303839,0.005714429840048663,-0.0005003180000928698
2023-05-24,0.00415391564293266,-0.013071128922522157,-0.008286595959275722,-0.005079380283415258,-0.013373242912673278,-0.0010770504706669737,0.01013626256549971,-0.02054339062521582,-0.005802711011800743,-0.0010793472256385162,-0.0037879737829471516,0.001910968543979541
2023-05-25,0.0036423701355794424,-0.003837114422894916,-0.006512606488056627,-0.006768809735091197,-0.0008504399879940561,0.004389408270827122,0.017647115966960225,0.0008820846262591608,0.010259841856014251,0.004410441382643571,-0.0033269626812590936,-0.0029817704085003394
2023-05-26,0.02078856678282759,0.0038518945831553797,0.023005553008774715,0.021214898397625248,0.011544417177032251,0.01004314101531234,0.00555364280527626,0.019095170767424063,0.007824041543808002,0.004975474857223272,0.014783042032520122,0.010748389353653742
2023-05-29,-0.011411542495591176,0.01219210160444284,0.01535483621430278,-0.0007730482452514842,-0.0026821788168334137,-0.0023149796886142715,0.012398602217548405,0.022004396035416374,0.004190196471575813,0.006843941232649975,0.019266898876705074,-0.0025685294732158415
2023-05-30,0.008568729551909016,0.0007643441431899323,-0.016194433399749686,0.0023583122111052734,0.0018983867670476773,0.007189504162384397,0.02428289242267412,-0.01692371715583707,0.011007546677459734,-0.007133150838286029,-0.012909120085811576,-0.0012497150743973062
2023-05-31,0.008143582477046163,-0.015823968559553148,-0.017429096575945047,0.0041407125695895886,-0.0008421799760534032,-0.004192343488641503,-0.00978000320181649,-0.010615926205784443,0.0200789584950527,0.004572440420536283,-0.011676810555227068,-0.008051460052097226
2023-06-01,-0.0027944841531082343,-0.004252495894802255,0.0011086171909573395,0.011377449730443079,-0.013749232792981458,0.0009102906357283391,-0.013018983755267888,-0.014306365199880156,-0.041849685367905565,0.00928344348223753,0.0014176883695993237,0.010487884338875597
2023-06-02,-0.004247268152361761,0.0015585528460750897,0.035437383632200836,0.00696837194378408,0.002190020436938944,-0.0023040193997202474,0.008414720684122079,0.03040099507538474,0.004507615150332267,0.007869997529998951,0.01934880985575682,-0.00553540294732191
2023-06-05,0.001099258743250786,-0.0013070253529975373,-0.0024954757483246492,-0.007693116936706712,0.009166958680216108,0.004233874555340078,-0.006202059516198011,0.001142318464158576,-0.007143694537743661,-0.009629709673617315,0.012962984116685394,-0.005052163933925935
2023-06-06,-0.008521401542073814,-0.003116562696563463,-0.009888017315986541,-0.001724887397203556,-0.004911539438779755,-0.019547589850773872,0.004879193616645017,-0.005513854181033562,0.017741161244994252,-0.0058965482196928765,-0.0036563237598570275,-0.017209290687519307
2023-06-07,0.00039868413362387223,0.005189365337373131,0.01696545389175519,0.009308268212006254,-0.002016736047777634,0.007779391774149769,0.002597131157663801,0.016155158346502718,-0.010030340328260556,0.030515299966737075,0.02293567701807686,0.013179482769793083
2023-06-08,-0.002037158529885952,0.0006220176461428917,-0.01029336188137231,-0.013364413452958801,-0.002446368034230817,-0.004771157165330497,-0.002365174785387558,-0.0025399557242690163,-0.02727659506294766,-0.009784391508681933,-0.0031389082332203833,-0.011740903618579268
2023-06-09,-0.015087478486632167,0.001181208003463885,-0.007651039788740155,-0.0163065040636321,0.00015998339747125279,-0.013135489276729584,-0.010047417986357443,-0.011694763133909825,-0.007686123494467845,-0.003406393668053953,-0.020242868545518378,-0.008388806623706446
2023-06-12,0.026942904870482787,-0.006084702762612637,0.004216369681336651,0.002750082240237761,-0.0022386758507384474,0.02053800491064628,-0.0034211269171067205,0.00353079652883026,0.003979649937321694,0.009781188945839014,0.005509628973857206,0.01171586845590289
2023-06-13,-0.007326674080710749,0.0016866237551269592,0.011036516266277108,0.012275662255209818,0.008120084495389923,0.009985032058476229,0.019338584358657318,0.013883622766438286,-0.01250354455487146,0.009118549943334608,0.015068458064961376,-0.000985531233957171
2023-06-14,0.004021828943936434,-0.0010913428295437066,0.008661540247520305,0.00853916346562511,-0.003974375631395133,-0.00341038325468912,-0.002020615201681175,0.014068513893291668,0.004687584272359269,0.010499089993955657,0.023841625396457067,0.0022660771870623986
2023-06-15,0.006822959894103642,-0.012299045836445921,-0.004705298365979882,-0.003353388351140296,-0.014045550272453466,-0.010458458046790353,0.008098903280813863,-0.00656663687689818,-0.016705570184219365,0.010446945324110946,-0.0004394144975273795,-0.003331291406383552
2023-06-16,0.004022479837867188,0.013084298398007954,0.009218811571872765,0.009647884764343972,0.008202156785449999,0.003769209265212403,0.011158378674432479,0.013313605234188675,0.013035278529823113,0.00010241877922734233,0.004395715155633306,-0.012871908079802985
2023-06-19,-0.009275532981164347,0.0008735453853541131,-0.0018738017687119912,-0.0038609165782522714,-0.011828347756503765,0.0018192649913200132,0.0011034021068450084,0.055677945327882394,-0.01768611928009245,-0.007562458389793747,-0.0013129792159976006,0.011181378760335203
2023-06-20,0.027339457445013204,0.002088221596812989,0.006570545201826761,-0.0026645251807355663,0.0025997524845384756,0.00726425108902351,-0.0016534696844306973,0.034203632330882305,0.010660188081094812,0.007049791280007822,0.0013147053968587397,0.005388801529686127
2023-06-21,0.0015403150273674004,0.017480526179714184,-0.018650214705922874,0.00018681620631544327,-0.0009183764698837971,-0.0031071506483391076,-0.012807678691639901,-0.01792469004195263,0.0008404863765010262,-0.0027857473776951025,-0.003063498191567149,0.009449371984872723
2023-06-22,-0.006023430560617715,0.00489125821775005,-0.0021381106205000666,-0.00831272430007668,0.0011355317475074678,-0.013699175680195519,0.001342156448091547,0.0010280565243556694,-0.00512045534915162,-0.01566954084659955,0.0072529273935348915,-0.006046188806398511
2023-06-23,0.0015044534808335008,-6.081260751411577e-05,-0.02749664505206484,-0.0048034265657355135,-0.002430503077112567,-0.012914233665285324,-0.006478265619482726,-0.026108425089465204,-0.004111979073320948,0.00017531871593101656,-0.01350135065122382,-0.006839514293427884
2023-06-26,0.0020167889360362956,-0.004837299975780307,0.015177470561236195,0.003974764824638877,0.0042772550390357544,0.004229417421810933,0.0021359410070322937,-0.002021530280915562,-0.003062482955746848,0.004168776459760215,0.0022809614280032697,-0.008301411863480879
2023-06-27,0.00214129256310458,0.014093084116305832,0.007354688637456697,-0.0002826637225905593,0.009326533960794192,0.006927225057275388,-0.0013462218388150538,0.025101140483481776,0.011931314652792846,0.00028493745756064115,0.008193078258720954,0.0024140271824037995
2023-06-28,0.00021366021697377668,0.010581347678209951,0.005864840056656551,0.0037338565924238676,0.0014422183583406856,0.011101112945096858,0.009548540709173325,-0.010052309828752604,-0.0022498498219435392,0.004720110931876409,0.007223457207143236,0.005660921600574964
2023-06-30,0.015125223349165884,0.015064212516137765,0.001784815530057715,0.006350372549485339,-0.00304020946734318,0.03258969317049565,0.005007170541187822,0.008592171797337844,0.0032599754316835483,0.0066037829661558245,0.004034072706270875,0.026994703332795522
2023-07-03,-0.005345442356545438,0.01081469631135712,0.011165237021117047,0.008550664963616006,0.008506315356587413,-0.0013477742351787336,0.02579715540839289,0.024094247882502362,-0.0014080215535798857,-0.01143283597161815,0.009821438285923634,-0.009069513654023198
2023-07-04,0.007616596992643165,0.004884185183532397,0.0003523194706331889,-0.00038865230007711915,0.0022810747242918428,0.008585204874252073,0.006691874760452077,0.02361157141593795,0.009626096258140482,-0.0003756309139245628,-0.0061892319518703776,0.011169380733714096
2023-07-05,0.0035281093781747153,-0.03176709452242499,-0.010098630786539498,0.020685042610598448,0.01407856421857323,0.0015984036076996944,0.018762656635019415,0.025529550189410166,0.0016919570953224383,0.012192764960404556,0.004893207890156903,0.003354694541623404
2023-07-06,-0.011843254332861486,0.0010159144440400336,0.011625102282693422,0.0004537108197451012,0.0014614143584352757,-0.002523671913877923,-0.0025256850219447236,-0.018010100505103988,0.006676209776273145,0.008714119742548876,-0.0026560003565214707,0.0008886310232709693
2023-07-07,-0.019522979629974846,-0.008716392235104897,-0.008677183943454736,-0.021399277008815387,-0.013550184617003413,-0.010194207206474681,-0.011605866918331209,-0.005216838439963456,-0.012677826123538849,-0.008365993162514074,-0.009320969289175918,0.001910811205810159
2023-07-10,-0.028593859075532024,-0.00237896414718175,0.012183494365179959,-0.015399700250297133,0.002113314695471047,-0.0007892765027922577,-0.0054440913095819,0.026466599906105337,0.007229566929543463,-0.014229833544979087,0.03315421510202632,-0.01721088386377334
2023-07-11,-0.008537150202678645,-0.004859823358026594,-0.0074792228253292015,0.010520975110632103,-0.003637692692886496,0.014633405495446894,0.015670321599029924,0.00023957848320232955,-0.00016068994358886535,0.01204803052606973,-0.0013010023810954285,0.00013739231796550122
2023-07-12,-0.00390162639507885,-0.009372715944458432,0.00047106096883209325,-0.004041722755374733,-0.0005820086068171193,-0.011345138460726378,-0.0017964791524954782,-0.007661535197777569,0.0061608258100998015,0.009090984068509611,-0.003907953245109064,-0.003819803082495854
2023-07-13,-0.0015757455790605945,0.004990971063242755,0.024361459161953203,-0.0070876269545520065,0.011965178888911687,0.023850588271103312,-0.0006352011971212379,0.019060546189201055,-0.004472487316611096,-0.010377172922186984,0.0013077386072657404,0.0247399902322043
2023-07-14,0.03801379816738315,0.0020717719071672303,0.026999155083144544,0.008362506886192111,0.004551667105587631,0.04457554578388767,0.0019067414746591904,0.012706181440638176,-0.000374518130238477,0.013903866625423422,0.02002617331768186,0.05211720037916501
2023-07-17,0.002433023433377146,0.02091823151829897,0.00033552920802981667,0.001793148244930265,0.009009967461364177,-0.002104019659376122,-0.0011631068536722688,-0.005766711207786157,0.015008039392285122,-0.0029084426510912476,0.005121625431620647,-0.006529820952676846
2023-07-18,0.011657564681731625,-0.0008339239423119649,-0.005815257734541945,0.0004101565015626196,0.00696809083156924,0.03671965834227775,0.0003175670175217249,-0.005957146706458749,-0.0032680922420770253,-0.00405694471161544,-0.009766479484095814,0.0014750648312349401
2023-07-19,0.0015850167191988618,0.0045306017846094004,-0.011923487936141841,-0.004174747541023649,-0.0020503136032113956,-0.0001695110363347796,0.013439280413851673,0.009383316026481126,0.008329528186324708,-0.001575578381962206,0.0008575965533839103,-0.0076641486233099965
2023-07-20,-0.0028040211351179067,0.0021660743855471676,0.005350609653487437,0.011846898583196985,0.02275411989459819,-0.017254946238349556,0.027774858517888745,-0.004218474345498269,0.02638201211340041,0.0029203947067901748,0.002142324900940462,0.0006502499623730618
2023-07-21,-0.034910888187397515,-0.007698062989687671,-0.015966539947536273,-0.036715118592964946,0.001406159447034927,-0.08133828617684957,-0.0034542481950256,-0.014513106762825911,0.006796492691908851,-0.0011039190053085957,-0.002992775116019808,-0.02743063948010771
2023-07-24,-0.002286112963043596,0.001581401976352037,-0.003567174006197993,-0.009120451466523405,-0.005015116490324378,0.003754836682357654,-0.03894386313400666,0.0019900763379698816,-0.037026676011787774,-0.007068318955336994,-0.009433903623087603,0.007852678418855508
2023-07-25,-0.0012128637309491985,0.010843643115593382,0.03822603647207501,-0.004689608205416196,0.0027218332908161003,-0.001496316249799956,-0.0192001084397605,0.056169120497729486,-0.01146398003500404,-0.0020683170108226623,0.032467497988675875,0.0012960920359281758
2023-07-26,0.0031035913671939586,-0.003477560509708044,-0.00111233981340908,0.0058992442085259444,0.0017593683377208347,0.010677278996316097,0.021522792824992143,-0.01068155724794917,0.010557231753532514,0.0011854958342119026,0.005869972181616223,-0.003192002141455097
2023-07-27,0.002107666216916382,-0.010380299439160745,0.005345204480651233,-0.005206615065351139,-0.006222108958934269,0.003187941109601411,-0.015246150040767015,0.0033454964804837672,-0.011370307006687841,-0.020815904815881026,-0.001250434833534153,0.002538167336449959
2023-07-28,-0.01235046355223779,-0.01772099639454805,0.00022157293065427908,0.0057397298202215286,0.0060086072208893615,-0.00934853381624745,0.0073109285036978555,0.00833590021815267,0.0016544470063568628,0.0069697867471956165,0.006677778568920711,-0.012217071791448042
2023-07-31,0.011915860426749747,0.004685068444669982,0.024584666910568043,-0.009208509489151084,0.002107937394497883,0.01133903573813555,-0.005870335580843267,0.005185578473824837,-0.01081598064197975,0.003220381328294053,0.021144272282086263,0.019684809011248694
2023-08-01,0.01952174862165368,0.006692167872915711,0.0032425883526618904,-0.0037877557904126835,-0.0037563454702564947,0.007007463945961412,-0.001932535966848059,0.004037434772369064,-0.0035279284926907906,0.0017914916736530007,0.00040595935659348825,0.008943540272471129
2023-08-02,-0.00667534939990666,-0.013084716280027053,-0.020685236122175876,0.006996848234034125,-0.007641639976059378,-0.006116257081936305,-0.010111938203523074,-0.04088172129053025,-0.014216362256668114,0.012773501393992692,-0.03449674485092724,-0.003302514081384933
2023-08-03,-0.004774944452620389,-0.007223389808637126,-0.002640260546423856,-0.00687044895252642,-0.022240273742045624,0.005490660843258999,-0.008802371250416607,0.00403719492416732,-0.00024682851377089143,-0.0177650700423313,-0.006305137140716788,-0.011828972859704856
2023-08-04,0.01674802029233713,0.014459798873086793,0.00816239413934916,-0.0020772789070347963,0.005699485357893552,0.010298323896716699,-0.002412010052394553,0.009434090524257588,0.009194596403321764,-0.000947583377274408,0.00676817172305233,0.012823597955738064
2023-08-07,0.005636695881538145,-0.0005749783102241279,0.017177273598271592,0.009112364253387906,0.005306601911601261,0.010628609259256017,-0.00010992956900002238,0.0072774211291695146,-0.003780234179039943,0.00021364630222353576,-0.001260551108607677,0.011761157308197934
2023-08-08,-0.008211885598866764,-0.0008175085356503242,-0.02172747032519573,-0.0013039674109723842,0.004356023173743173,-0.0020101017986451364,-0.0056055787971621696,0.0008365883167313903,-0.0019382451854692562,-0.010242873693192434,-0.005889728425673035,-0.003860505809542225
2023-08-09,0.0024531978748072447,0.00036355839064716733,0.031115992902773337,-0.005320001818803988,0.0008231414053019304,0.0030211311967718313,0.013927218759112181,0.03183889792325445,0.0019145686585988475,-0.00048814705910615874,0.017350796751488096,-0.00233379209485296
2023-08-10,-0.008609332397335967,-0.008876095730565803,0.0,-0.00607315169917122,-0.008841364755181047,-0.003800854226776118,-0.01504420231000092,-0.003829464512397407,-0.016734762756984378,-0.010290930926257325,-0.0016638892109928083,-0.005891774136007277
2023-08-11,0.03275188733936241,-0.010422616863168921,-0.013755554834367523,-0.013757944694887891,-0.011668947504020921,-0.01241820134818572,-0.006640734116121205,0.03230582972113427,-0.00521988179919175,-0.006700729144560547,0.0025000267146508826,0.001946523851846349
2023-08-14,-0.0003841761796413712,-0.0048801975568179,-0.018826865860061215,0.012510955459219097,0.00703150472456282,0.015818175847735372,0.0010028039484344387,-0.051489583844192444,0.0014792446052347419,0.0026140859667382887,-0.01787198961673575,0.0003043703203731152
2023-08-16,0.005252083720136191,-0.002917690728519662,-0.012422388789556593,0.007698247524257518,-0.003178488375475963,0.01790386156656698,0.002337300644666529,-0.021593085044169014,-0.004403305142644753,0.0022101151669668972,-0.018620416570662046,0.0024784843892355912
2023-08-17,-0.0003825426318480041,-0.005541001710545279,0.005390858042011448,-0.003663104997182476,-0.005070575305122449,-0.0048993633401591685,-0.020544036420374834,-0.004244080601953026,-0.011476778885315952,-0.012777919374270197,0.0008624728158954653,-0.006549355179462979
2023-08-18,-0.0025495210262327372,-0.004100687425927285,-0.01809653793978927,0.004521723629096863,-0.0010508210843469534,-0.016117166221407464,0.0014739762473292561,-0.003342715575522459,-0.008438717335059076,0.0075018507588429095,-0.002154186732054475,-0.019980923340023438
2023-08-21,0.00472863562760395,-0.0007857673542085442,0.022525603223928936,0.0031314398544322053,0.0047862001864362735,0.011952774087803597,0.013925074758007305,0.019577208096612342,0.0054547053832798564,0.009361076969353954,0.009499076572282439,0.01026084903988811
2023-08-22,0.0002122081600206549,-0.004278134694454927,0.002113941349289883,0.0011902419329961056,-0.003350065367287547,-0.001174113104920771,0.014403629810243235,0.003442456342716893,0.0015621079744043698,-0.00038126676595795495,0.00556031040336924,-0.0057323882602282605
2023-08-23,0.0025432419591020494,0.0024642189450490015,0.024203400558899135,0.0032152772937343865,0.01559869534961722,0.002991969053202981,-0.00836538902579087,0.007471285365518332,0.00961382579784087,0.007137074268471322,0.01190979433674122,0.004760198871981203
2023-08-24,-0.009513753644886602,-0.004601020051259508,-0.010298092626796485,0.0027971445488879088,0.0021720321031117873,0.011115404125535022,0.0009990962570041173,-0.017631494911437673,0.0005056039996067518,0.0027835077590094848,-0.005884843766969627,-0.0030897527942540526
2023-08-25,-0.014770520901810635,-0.011270840354364986,-0.014238826537070537,-0.006857137419690296,0.0014964860364357069,-0.002458434576468993,-0.016744391689595295,-0.022646653758991442,-0.0011791751081046131,-0.002535268611720709,-0.011416444235527123,-0.001903895666424349
2023-08-28,-0.006499345774471088,0.010406643353750855,-0.008222228054580394,-0.003062204815412417,0.00015451364927043798,-0.0031336096115981427,-0.004398333971265211,0.033811332288616214,0.006464920810780983,-0.006942764466310591,0.005988042310984154,-0.0017005372416722953
2023-08-29,0.009682293417146326,0.00795437094559337,0.021846270846956006,-0.011562438932190333,-0.0028849384162963343,0.001412761818543995,-0.0029451242433123914,0.031181001503208794,-0.004049579329104769,0.0012957080369824236,0.016581639650296465,0.0001777557276585462
2023-08-30,0.011187263758871246,-0.007294239776771683,0.0015349315395856156,0.002296068223712089,-0.009144858692481161,0.012344504389660393,0.0061349249378053194,-0.003992400863941814,-0.004598658585922344,0.00614143793410582,0.021329914311258857,0.0043836284854035235
2023-08-31,0.0014096752547432256,-0.004592427701495927,0.006787184521959366,-0.01062411644218364,-0.00015649610208900988,0.00020901657609440072,-0.00700085010378515,0.016181822763910114,-0.009099103220965188,-0.009554807465569248,0.006552054900408111,-0.010070793335204886
2023-09-01,0.011645359823685197,0.002068230209121502,0.029139866032012574,-9.978620015071993e-05,0.010378176150052765,0.005851790089835385,0.0030702529446051674,0.02425118638034296,0.007022011490864566,-0.0032224044259855367,0.03376731526335397,0.006672889592086673
2023-09-04,0.03938234341724911,0.006255118888831124,0.028314777217177678,-0.0013576159075688876,-0.001393703633401966,0.014717465290048137,-0.008048939157211277,0.008700683278590304,-0.0050251182516636295,-0.008092202790916159,0.03699324308440333,0.011630074770432985
2023-09-05,0.0024748108887779896,-0.006089998732091151,-0.0011300984191964236,0.002258847981392531,0.0010854547081100563,0.009419292158248327,0.0127999451924794,0.007565032388699322,0.005022032357516526,0.009947871129914354,-0.00037952077371461446,0.0031738570497306107
2023-09-06,0.00024293818449239168,0.01308015563904874,-0.016354719631833103,0.006561449834055377,-0.011255643756777123,-0.0009805089108554377,0.009817143660563632,-0.014174370951815396,-0.0004233770811470361,0.002261243117115841,-0.015945198600162747,0.0001602523695087843
2023-09-07,0.014686036812232794,0.009620907930740774,-0.006378667905396984,-0.006360308882360166,0.0085117377833277,-0.0076146026139261025,-0.0034639319688773984,0.0014947436636321143,0.010563166747150632,-0.0048989847078037,0.004243677410457725,0.007390887231365495
2023-09-08,0.006419507059424845,0.007790922507133757,0.0022099807049682507,0.002532674728383588,0.005074244211541679,0.002319107384614716,-0.0072887375681124356,-0.007391740558373772,0.002347738305824354,-0.0005958772456148287,-0.004994178761736134,-0.003863703421532083
2023-09-11,0.015450949777882972,0.005174292864667196,0.01827161391659171,0.008930668819512988,0.007933628583306263,0.0046609961975636605,0.010279060828351838,0.021838883449104562,0.008197496556872297,0.011140774725620473,0.0127412333100545,0.011258393646019993
2023-09-12,0.0006633925415515662,0.0031254073243371927,-0.01464372793171076,-0.014746173083757586,0.012522409232698983,0.01669551281851711,0.00883269311542012,-0.038820044748524185,0.0018253795514686644,0.008618373188222339,-0.016393385876120048,0.028773369169161622
2023-09-13,-0.005575463796327562,0.004276374686638329,0.011407641848388161,0.003081388800720841,-0.0007067862376537448,-0.0018320993785297945,0.005208904312677953,0.008675313386403039,0.007398488419122051,-0.00618101003376792,0.004263601141397455,-0.0036165961792262724
2023-09-14,0.006547701527877203,-0.0006083202092609374,0.02928393751060554,-0.002294117617037017,-0.002121545038834327,0.00573971972475773,-0.007828047029337482,0.02782603781019488,-0.0016717163200079543,0.013431085230054984,0.016595849927820483,-0.002186128628222539
2023-09-15,0.01636045637133643,0.011473517994383897,-0.0016085111906376515,-0.012435954623953416,0.004809156522471492,0.0030859191603873626,-0.0035558369162593806,0.0005625514167426626,-0.004199680175489551,0.006432959650004122,0.0018983243220884738,0.010744336368888607
2023-09-18,0.0003063980621320628,-0.01967803624903397,-0.024267471311009148,0.007673033027731924,-0.0022671481913570934,-0.013098875785755748,0.008252375620730668,-0.013142192339716474,-0.00857263180614265,0.008712743836133408,-0.011368002923397347,0.002181506258235766
2023-09-20,-0.00888885616189472,-0.04011542889563857,-0.012796698140087437,-0.008759685706539844,-0.00308016601133132,-0.001038939315238574,0.001990966994079413,-0.018729442810139996,-0.004948973595666262,-0.00609787926569072,-0.01648135272340434,-2.7695044904629817e-05
2023-09-21,-0.011906679502013628,-0.006618881500535356,0.0026134200379439587,0.0026349281848534467,-0.028212545789864985,0.007716733884737925,-0.012032174844735177,0.00014499352910779528,-0.018860594085467808,-0.006470243969027956,-0.003897136891263253,-0.005754242233110385
2023-09-22,-0.0033646073963298218,-0.015257309872588776,-0.0014596488332480062,0.0036791015734505272,-0.009381842031218834,-0.00372890368237766,-0.009832454066965646,-0.008489874737526382,0.0004272528244417817,-4.4497643353458294e-05,-0.008215956516436473,0.0051181190386566655
2023-09-25,-0.008047495311390929,0.0008824966094715947,-0.019839242662355372,-0.002658462680106388,0.0063663685698120975,-0.014704495909434012,-0.0011284602886958428,0.017564409217571963,0.01591278953389419,0.004715398698782014,0.005128207383899852,-0.007353686587043162
2023-09-26,-0.0015828377458210197,0.00434363495740242,0.004580759308992377,0.0012518593428452185,-0.00799908044467923,-0.00915771132856169,-0.0003389127251249846,-0.0021577303818169913,-0.011376424849217859,0.01620243126382559,0.011773878172256946,0.002390209047777425
2023-09-27,-0.0002775203834118889,-0.007023812485191905,0.007317145140952164,0.00919761954892806,-0.005902896206536501,0.004347336632521959,0.015143051431679933,-0.001369420446531211,0.00059521905422244,-0.005761796515635242,-0.005818433558260172,0.0010039538792514513
2023-09-28,-0.015224678760093036,-0.002063017263570277,-0.01705438386834668,-0.01654841693653175,-0.0005301080870590003,-0.01877989459323215,-0.01870202837252588,-0.015734412042018087,-0.018100408807224633,-0.014626456144198219,-0.01053448697522641,-0.014640741130725554
2023-09-29,-0.005717093397820006,0.0017063698906538693,0.05526393308737876,0.002133789728691937,0.009866332563339908,-0.002778715015608446,0.008281281827903442,0.02859862092718468,0.0014423995768890752,-0.0013998629684118802,0.016561439098073727,-0.002304186676053699
2023-10-03,0.0031582770204541255,-0.011957026255533743,-0.025778875452663774,0.0013383152378350083,-0.012186192826510456,-0.0010102796549604776,-0.010463583998704062,-0.0025663621314350182,-0.004983635907871209,-0.008515014213649086,-0.006982107912089641,-0.004180234447074382
2023-10-04,0.0006864488045597028,0.014256907580205036,-0.01364735663350558,0.01577633984272997,-0.01090079614446382,0.0072174971070022576,-0.008300114406174064,-0.029661988401945005,-0.002895072099196483,0.030066831698220664,-0.021093725985593226,0.006801733983291536
2023-10-05,-0.0033077896017118524,0.004053403552863211,-0.006020247048263316,0.004665331412068374,0.011612240687605802,0.013224022747174047,-0.00011468117443047543,-0.0013994798604366476,0.007084542856759635,-0.0029364017943110943,-0.0003990571369347773,0.014585439477658335
2023-10-06,0.0018211575336917196,-0.0011068235829040374,0.0043565865964969586,-0.007997579106798103,0.004623609333594514,0.010420503211030496,0.013989294931502805,0.008261369452380096,0.005564342984690551,-0.00028146775511095345,0.005189623043144742,0.008929083334523247
2023-10-09,0.009614488772870189,-0.011603377942006055,-0.005924653284171355,0.004761257417456033,-0.006982680241077732,-0.002197806297103644,-0.0038448676754323508,-0.010095825606112663,-0.014106349264673357,-0.0013269012950174464,-0.016282800427343758,0.004680566045636825
2023-10-10,0.009763350991570885,0.005671872244706666,0.02309495100632275,0.001951125582760005,0.013424236924440613,0.013351896871421909,0.008968056631887489,0.02461025564099395,0.021404060697155947,0.003767001614978449,0.01170776102189408,-0.0025973421812675035
2023-10-11,-0.012838975687053167,0.009673047952621472,0.00676160587319341,0.015976493391486324,0.001997439400993839,-0.0005015720462566708,0.008663422627484874,-0.0009377406347497175,0.008712579368849616,0.01018831611811577,-0.0027933363941697875,-0.005235805717879627
2023-10-12,-0.017541575683779342,0.006657569107549888,0.0010333342789430322,0.00023479647769253376,0.0012066058317241612,-0.019338933780094103,0.005465671978762021,-0.0012273659602660691,-0.004262200851024245,-0.005469519928021804,0.007603069274377816,-0.01865689979121421
2023-10-13,0.026271536086417413,-0.009097621555094415,-0.007844735923506096,0.004868932070893006,-0.0030914760709324085,-0.023439099824715814,-0.005214028429613493,-0.014746313665232158,-0.0010488473083978267,0.020767119015009827,-0.006751324821210547,0.007988572936115323
2023-10-16,0.011744667067588921,-0.0040045390056095975,0.005826032056782449,-0.004339397676188295,0.00010518598878284102,0.0020962833024606997,0.0013381876053335517,0.015187069790738805,-0.006952296299176597,-0.018926503100290093,0.015593704609891512,-0.013106118512014264
2023-10-17,0.005115387968476437,0.007583619166151134,0.001965257028974321,-0.0008403790796713828,0.0026276778282714464,0.005787404617762171,0.010023341309584932,0.0014453637104490102,0.012458947389029529,0.009379598668754152,0.0031495980032518744,-0.004823810111923121
2023-10-18,-0.006029140812426004,-0.013917704580834522,0.001445183377429382,-0.003090687938810066,-0.010640481342690022,-0.0013171330640370238,-0.003969563651018526,-0.013567092951167092,-0.010245283911448633,-0.0026729593797441,-0.0023548131444173226,-0.005645989510640437
2023-10-19,-0.0016541034497513651,-0.0031583710944926846,-0.010514280804402087,-5.8736248940483016e-05,-0.008476873029773957,-0.0047899075158917,-0.002767629827288287,-0.012363732358309232,-0.008526348630033764,0.03737286563724429,-0.008654611500304332,-0.006497584612060403
2023-10-20,0.0025888385600147945,0.005181706155911625,-0.01708517250502284,-0.020780197752970575,-0.0032059628429443876,-0.004464205147316158,-0.02686501835004862,-0.018666633013299516,0.017918322773134543,0.006105592638299795,-0.023015908183396827,0.01125702611146373
2023-10-23,-0.017439910541075854,-0.010999545154811607,-0.031902446255961614,-0.004669184174013741,-0.00300185139109721,-0.01303195576417493,-0.005475723788455733,-0.033589939467942975,-0.016303130881783923,-0.003375206525689123,-0.025182746220527408,-0.02415186237369238
2023-10-25,-0.006185916592698959,-0.006340978413743703,0.009853285240787768,-0.0024964189698171158,-0.014893347064617757,-0.01481317249803249,-0.007341136766576106,0.01765204094244166,-0.007295718733368206,0.002684177342639593,0.01125002065822378,-0.005879531749894196
2023-10-26,0.002278074378515349,-0.022118380297264317,-0.009865611660414775,-0.0003634402454248953,-0.008132210259325201,-0.007737129885946548,0.0038133361019760947,-0.00982419811444557,-0.019212405622113904,-0.02955555990569314,-0.01194889335152427,-0.015736915378074756
2023-10-27,0.029956128309936547,0.003929232676989969,-0.001094929404406364,0.0022817550617302285,0.004512182674750509,0.015373936344779127,-0.0013813999312168868,-0.0017828053765571727,0.004631655274912161,0.021717246319765682,0.0,0.004255504356260875
2023-10-30,-0.0031134511635506623,0.010856613367967505,0.001096129588924244,-0.0012691425391798683,0.01331140219417426,-0.00239072385617789,-0.00760797021955828,-0.0003882254707697763,0.008692121197859448,0.0047698775889502,-0.0062551796575600616,0.008236577453962113
2023-10-31,0.008894970526923895,-0.005790755564653138,0.006241070523013592,0.002057339633714461,-0.010325516874468144,-0.006281509234423055,-0.004762518526511439,-0.015303490473213444,0.012751037639607166,0.002610656335075623,-0.003357170808021781,-0.0029007277618307015
2023-11-01,-0.013362047351191952,-0.0013546634431299553,0.006964165585952253,-0.004730313424335941,-0.0014202416010153929,-0.010413605026046047,-0.0007002930113859662,-0.0769169406150122,-0.008623638068680717,-0.009217872895077805,-0.018105266405516685,-0.011309836927932637
2023-11-02,0.0114780078618133,0.0015260105184327077,0.024854091895110786,0.013262809469866355,0.006454879369741873,0.011815500785756328,0.007124581049668732,0.00760624232899576,0.007712811362178051,0.010015625539646189,0.012864494758141776,0.00884221064710955
2023-11-03,-0.005614858924126054,0.004740052500989966,0.0021088127561526004,0.00902757655612274,0.01505517287699254,0.013794207681888881,0.0048705432357945,0.01255292327339097,-0.002560852591945717,-0.00467599420054865,-0.006773902818462574,-0.002738231098653454
2023-11-06,0.002724411594435816,0.007245157364675903,0.014204596469303166,-0.00472261279848718,0.01247587882715906,0.010258792640776004,0.004847175682957117,0.04238571347314779,0.004009785482432582,0.012104700647820321,0.01790280044868009,0.008758970937674526
2023-11-07,0.003347351345385663,-0.004851164712528333,0.005394655074826726,-0.0003802648347780435,0.0028028714652763576,0.0007125464536492654,-0.006087142000691492,0.013098593644070622,0.006349872295108527,0.00329149811355256,0.0020938802796768297,-0.0028991915936472656
2023-11-08,-0.004945281249056355,0.002891361003905857,0.007223189959355114,0.009173067699866477,-0.01302603735261798,-0.009470895494413822,0.009822096040654316,-0.002458855657463177,-0.002855065973733417,-0.003608984969004636,-0.005014612556893949,0.0032933182808603245
2023-11-09,-0.00011836721242819426,-0.0039556359362032945,-0.007376261157071684,-0.016928951714394236,0.0017098159118753564,-0.011646219788283063,-0.005835857285898638,-0.006520318724788976,-0.0007445792059047607,-0.0022569300996829744,0.0050398856306628215,-0.010084120516097084
2023-11-10,-0.00950689891359413,0.003937663911053324,-0.006502238231685276,0.0039769774233207045,0.0013336315048619873,-0.004328068579119937,0.004949313733777938,0.019529332798482013,0.000286677648819067,-0.003696355940864482,0.0033430750379292995,-0.004182307116476824
2023-11-13,0.004420671993530245,-0.0018103069105039893,0.012881843354821676,-0.003378276232330779,-0.004421474073203591,0.003433593636040122,-0.0012598754062426165,-0.00031407086551060726,0.0015755304404099224,-0.0021274778782359727,0.007913331711882243,-0.0005699073953564504
2023-11-15,0.012410859945394037,0.010478305107846309,0.03671787340664934,0.0033291547224707507,0.007116451599518792,0.026901077640280935,0.013646855455324847,0.018218945558866162,0.01218384886173296,0.0036619640583548385,0.02520662748207214,0.02183666599679257
2023-11-16,0.02694534322776243,0.002625569424953955,-0.0021764673459853112,0.0019303703947355366,-0.005419199765120286,0.024388519787871488,-0.007466888617854162,-0.001696731044260491,0.0018932535492237612,-0.003770560728538208,0.005239760621077005,0.027480036188703316
2023-11-17,-0.0014490137731935082,-0.002154668892700551,-0.01298833707976077,0.0150932739001306,-0.015117532944815437,-0.005086863342324444,0.0013677793323374487,-0.00015453626432060386,-0.004653454175057137,0.012047824038214694,0.004009644658670819,0.001315048017951348
2023-11-20,0.012412650261746316,6.640861462203773e-05,-0.0009040177732602128,-0.008838168755941012,-0.0004338488218215142,-0.0006608455377503653,-0.005577660613136914,0.004172461093838953,0.00337174987535227,-0.0028924265599303833,-0.00678913557640759,0.00489649336498621
2023-11-21,0.0009053786995523172,0.008470660339409575,0.019203730852829226,-0.00047870681872463905,0.005046329609155187,0.001670670282556408,-0.0012591542438988856,0.007463887995278418,-0.0018920443787840968,0.002917368970531742,0.015279445301468852,-0.002670821327274364
2023-11-22,0.002336687954098471,-0.0035573602235772217,-0.01302162743899693,0.006645998607597736,-0.0036173033583226655,0.013064654261681463,0.007908296134272907,-0.004659062048401497,-0.012194432807388411,-0.0009272915664646497,-0.0011881630345913496,0.0056835714799943204
2023-11-23,-0.0005265374475897922,0.0057849932935964965,0.0033983098499625886,-0.0007930239673717976,0.0002709330578196667,-0.005865081251885007,0.0014780979308754993,0.00015358680203125807,-0.003637620080798265,0.001743440500065363,0.004758179459171563,-0.006203712291573682
2023-11-24,-0.01493583721580749,0.00709905245670206,0.011654510998308831,-0.0018651962543271283,0.0069339404174586505,-0.008176568941903106,-0.005790641363401572,0.013196186554200295,0.0027022573648449733,-0.010427073477057514,-0.00591952657365602,-0.014580011777706625
2023-11-28,0.005728931041168561,-0.002251744715390358,0.015360351148015594,-0.0018486871715732711,-0.004196247159872213,0.0036871214591533974,-0.005824763470521521,0.012267149144276068,-0.0010033482648835745,0.0032997165224712965,0.007145705939782587,0.00377478012233734
2023-11-29,0.013139277140951089,0.019952187338997396,0.003588145340573945,0.005775669044421061,0.015234951373272354,0.011714176045703573,0.004480346448953787,0.00022436044665608001,0.00642833474143889,-0.00623914458168906,0.00709506989304054,0.012564467086063846
2023-11-30,0.005210245233249422,-0.0002244933054986742,-0.003478641190887921,0.008118606023144403,-0.004948851327872927,-0.0030487569260151393,-0.0032022019116155764,0.003365568479028802,0.0011406284655268717,0.007007384531952043,0.001174149581656625,-0.007442241402720984
2023-12-01,-0.0031324421010392456,-0.002181155367918186,0.0030059598757659067,0.007110317938304078,0.012567492204494934,-0.0019586469066262824,0.03212481007995649,0.031902244155911585,-0.002819660471620189,0.004227274943690018,0.016419065086106688,0.006895749795721384
2023-12-04,0.0009353075175799752,0.034717807803885226,0.0039635746153801055,0.01507630140991334,0.04700538485007666,0.008297241549737322,0.00944861265581931,-0.015458022160774743,0.03887449950075661,0.0026377261045573697,0.007692226161031268,0.00022798056029027514
2023-12-05,-0.015247362549737797,0.008885284329332332,0.0026962176856684117,-0.015005911301297359,0.022447599881886937,-0.007102171859242223,-0.005065564043474802,-0.005282404320381184,0.005443900077796382,0.0084457522442829,0.004580201774747605,0.005451926657145112
2023-12-06,0.009107931984100759,0.0025251107289594454,0.004513560634492375,0.0017164287659272581,-0.010064708738446448,0.01399641762764059,0.02545661990257364,0.013202462253786074,-0.0038557125921271362,0.01461257542238048,0.0018997667565752163,0.02052904906426911
2023-12-07,-0.0011657517179525234,0.0016279081234233939,-0.013288718183241288,-0.019239394270924914,-0.004236229348389631,-0.005697600800509961,-0.011117187750988244,-0.004149322429316538,0.002992125812357971,0.0002702768421378732,-0.014031133945627161,0.002996461445025078
2023-12-08,0.027183641792494884,0.01395325797797664,0.0083325060479702,0.001608418036592285,0.0118618405658939,0.017224889693184142,-0.01953710208932735,0.003289458063710393,0.006349805362878325,-0.007433355895335003,-0.006153829941846656,0.0032643818628435017
2023-12-11,0.008210595971807289,-0.0013307152939863176,0.003939818716527377,-0.007394172672143151,0.006182940132282377,-0.0017771947799044563,0.007347115348901756,0.04808747200237051,0.003045980859990305,0.010240224280686272,0.006578945340604214,0.004466719413026343
2023-12-12,0.0,-0.00993342722988999,0.009666840351305384,-0.0003595330898774618,-0.0013764816329239205,-0.00836400189194153,0.0014367513844089075,0.03976356087754418,-0.010683003660962198,-0.003845181127665076,0.00038448180481820415,0.008015725908530724
2023-12-13,-0.004435315109139637,-0.0022635293503870946,0.010237833135793517,0.0036559926565544743,-0.0017721404255922613,-0.018325934367739105,0.0056277708703218465,-0.0017382646444822347,0.0010140649645373756,0.003898081034857226,0.009992195166268036,-0.021391140130507358
2023-12-14,0.033158014717262985,0.011803314943127363,0.019236165378824666,0.0017716394110647293,0.0194792032056601,0.0361972693779371,0.009766271244581404,-0.01500242616770664,0.015140797331080869,-0.0100262025462311,0.004566259034672671,0.02050910313260501
2023-12-15,0.054220186238437273,0.0038784581075148594,0.026054247166208633,0.0026029472816371246,0.003627970990155882,0.05125054953956121,-0.004129513072365754,-0.01489073220809023,-0.0017531595561631752,-0.017218406636318018,0.03371210916737599,0.052832534922035546
2023-12-18,0.00871730931439929,-0.0005131312155554069,0.01641992504096823,0.00499425199931669,-0.01537500980705453,-0.008901447537704055,-0.014295079698649737,0.014425651121673155,-0.001972256191335786,-0.0004986429078992494,0.0010994614530075442,-0.000466237468382813
2023-12-19,-0.010636283128367396,-0.001691218035255737,-0.002736622841253644,0.009938966967312224,-0.005873962872167349,-0.0038674626148181845,0.009852765250413453,-0.0074164890242550685,-0.0002166101570291179,0.0466223145844924,-0.008784982210804593,-0.011142207352843436
2023-12-20,-0.03248665908914061,0.002480578325129379,-0.029476845759435655,-0.0012497713711896452,-0.008666106618391178,-0.014053784742049658,-0.011181737206676035,-0.043665983611550385,-0.010858114453909828,-0.015376791929240241,-0.041728121862167455,-0.009472822084503063
2023-12-21,-0.012431002884470077,0.01792383607116954,0.014684452617951926,-0.001681258295061716,-0.002235167335275623,-0.00026034401191055156,0.0009978011078952687,0.012185507032465681,0.01434439046241498,0.0007210417565106653,0.00963384004865575,0.0019707699408000323
2023-12-22,0.02858538130854371,-0.00939699871526889,0.025528019881534192,0.008773302468138011,-0.010055770895185945,0.017513010671988294,0.008306567446011215,0.0288223810137187,0.004210046164155434,0.01005756716957329,0.01946576634477659,0.009637072892934473
2023-12-26,-0.003110661252089697,0.0069425919840711,0.016478225268136804,0.0035525837120373716,0.0008045973354076086,-0.012124846245146204,0.0027460456023313817,0.004542912796187348,0.014162806806768291,0.007631431578404069,0.01235484554877564,-0.0074399133882725454
2023-12-27,0.009532819754501265,0.012392719262525276,0.044408101527266375,0.009111060624582112,0.007185245064940338,0.01499386501624933,0.0014240848145212759,0.005481650634531654,0.00821477178929042,0.0061967428467542,0.014792978884341057,0.004123318446354052
2023-12-28,0.00027166750412099816,0.0011447609405916825,0.014365862880424185,0.009776565009463667,0.003641794533142617,-0.002839535702817808,0.015313964669983138,0.00361181896151086,0.009987660830649725,0.02058494024772073,0.006924107196761842,-0.0029650090142959717
2023-12-29,-0.004312638939267144,0.002345665057268631,0.0008952667726880303,0.011447253421981829,-0.009245518453632973,-0.012638810145531587,-0.004309594567888375,0.015957121426178666,-0.006896174056121973,0.012586603750939007,0.01049588284386438,-0.00171046587946877
2024-01-01,0.012038763829443022,-0.006523290453711583,-0.007237390408054045,-0.003453545089491139,0.00280959165309258,0.0054767972471558846,0.012876064629211648,-0.00548051925710169,0.0005502992422445896,0.029800251312018577,0.0017908975620286594,0.004665920145242808
2024-01-02,-0.00957042117676099,0.0005888300280418868,0.010812550480433503,-0.015425084128777189,-0.017160286488529186,-0.010926024221791342,0.004913972392042609,-0.0010752746629079102,-0.02309921550589833,-0.005452645222534636,-0.0017876959816535143,-0.00732071823791558
2024-01-03,-0.02163930585959617,-0.015419921329357211,-0.03881687698321146,-0.0027738082536172826,0.0018324896659962508,-0.0289363587023157,0.014670050791303568,-0.015070049723346912,0.0004557474775221948,-0.021597371406009813,-0.030444003385760587,-0.02417272569854778
2024-01-04,-0.012380328259564477,0.010729888178448999,-0.004299739313055162,-0.005371083710658753,0.0031502903200690824,0.015234897109601242,-0.0017811182608860054,0.017691302259881247,-0.0012326951403944797,0.018066250108695225,-0.008127143855483299,-0.006758335247000868
2024-01-05,0.009049574069506905,-0.005115779235145945,-0.005927278865574759,0.010607371766768292,0.006635229597709014,0.01312231843253886,-0.0051427110115638275,-0.012349889824941562,-0.008585518897792133,-0.016683655610354897,-0.004469321071839727,0.019390281295841527
2024-01-08,0.01053880882672753,-0.011146054850944442,-0.015928413574967548,-0.015953932683716254,-0.011774153946308985,-0.006362090603276749,-0.01782887264643418,-0.02528017495931456,-0.011636713630365558,-0.017664150721692473,-0.012345720948221395,-0.015944786977727277
2024-01-09,0.008633289010657741,-0.00778506460588857,-0.0029430198683011444,0.0005817195254824714,-0.002291274206203342,0.004268437116160317,-0.0020408786908814314,0.015268715723901538,0.00030115588250567704,-0.010193489726861737,0.012500042990826854,0.0031536676611125802
2024-01-10,0.021706173845103427,0.003302065352293937,0.007118645450766348,-0.0009110112441412799,0.013574890697667152,-0.006146530895520863,-0.0026907760679175663,0.003982927952014936,-0.003202543548966097,-0.005592823915911538,0.003367128572679956,0.006273866231879532
2024-01-11,-0.004892175186581915,-0.004196962325640263,-0.005344234155319039,-0.015984974563423515,-0.0019132616009639447,-0.016909010814123437,-0.0014028800464722657,0.001983563585159498,0.0011258185365972118,-0.00810687051752379,0.005965561978721556,0.006059660438741066
2024-01-12,0.037715493351261564,-0.004730207726976854,0.008839556955750671,0.0030755955980856786,0.012460258785127465,0.07934011747245995,0.00875392891061022,0.004710297383122564,0.0057054008051407035,-0.0029718603892935347,0.002965151586895143,0.039418624153420456
2024-01-15,0.030763169310687566,0.019254209064365035,-0.012713692942531551,0.011477827584285949,0.006327816893898719,0.02439919325111961,0.0019283949425223934,-0.0011551482043237193,0.00995494190447932,-0.000804148252560144,-0.0029563854558691816,0.005408492810247134
2024-01-16,-0.020620933747977244,0.0037960303541484386,0.008526942514937463,-0.0015931210336690427,-0.0007921464773746889,-0.012438650020271447,0.010051313541087348,0.019998646002305165,-0.001890268294199915,-0.0021590015279933095,0.01742025081278631,-0.010886853676791874
2024-01-17,0.01314735347137752,-0.08435815003093883,-0.033301708873157754,-0.002413465182166119,-0.027055157921658246,0.005301677648716918,-0.012068676182959592,-0.036878928505511444,-0.0369859404220273,0.00041309699297231717,-0.04080141045380148,0.006034411181390142
2024-01-18,-0.0052985286916742425,-0.03339832075673621,-0.009549276784661775,-0.0058137823627261165,0.004685449326059965,0.0014632089508230806,-0.0023573996133926522,-0.003323572780056905,-0.0013485516668529929,-0.016161407364827074,-0.004937396543931327,0.004633644235943368
2024-01-19,0.00797136418201827,-0.010429648877066988,0.003964629681880272,0.006828856238849879,0.013027885990588572,0.010105939100093941,0.012889306216490093,0.013269308896618925,-0.007286660386210175,0.004856267716949025,0.024809294549581695,0.017403698389184097
2024-01-23,-0.028253230026480503,-0.029442754671453852,-0.02818158307462293,-0.07400399214007203,0.029873942066992454,-0.010275992047398042,-0.025874856079316166,-0.04744589066186222,0.011449344154355945,-0.020384787383107894,-0.0309124975587044,-0.021506330476998015
2024-01-24,0.034620672921732876,0.02000212977424387,0.04386770418238539,0.027825009213738428,-0.029007377356333963,0.02024789270983951,0.009362069733362066,0.016770961165039955,0.002297610981637721,0.02072761513126853,0.03881620709323408,-0.0042635957315866335
2024-01-25,-0.016588371296233917,-0.01442406338039448,0.0036273956835162213,-0.005467420843898285,0.01075863233599561,-0.0037603998958656293,-0.01714842181632703,0.014158280612377228,-0.01129387731230913,-0.012649303342172624,-0.010358892749175785,-0.008199208532668312
2024-01-29,0.015674898000062498,0.01376396198778651,0.001234087682147944,0.006630046798484557,0.006386420582392027,-0.007488985038886731,-0.012838735180027316,0.020173147854482876,0.030818883603518588,0.006607095871387969,0.009345785488069414,-0.002440695632758394
2024-01-30,-0.009685183018906307,-0.007115075607969978,0.0023771549227316058,0.005829621154633591,0.0004920001904280547,-0.003108846166549495,-0.02612276625190768,0.0211426618096624,0.00038406894113007795,-0.002601432102622092,-0.0022220690918118846,-0.00011828217840292865
2024-01-31,0.010709828153598666,0.012635884843198664,0.01774260475867706,0.009314201352326856,0.011063004900928153,0.0057223633896246184,0.00798997131195378,0.014674378854492298,0.0009047062082319091,0.005597616100505132,0.009279871033538667,0.004051797968223969
2024-02-01,0.0008882728258687855,0.002598144701739802,-0.013981151333558262,-0.0032036129384612755,-0.0029178423352682614,-0.0023179672084103764,0.003057389405669575,-0.019414915488224382,-0.001369657449903472,-0.015243251348593723,-0.008459072127840694,0.010010776974346491
2024-02-02,0.004025491954671612,-0.013775620339521177,0.02144428866722148,-0.008489648594469212,-0.0011218631145458735,0.021906243060575203,-0.006321903258680539,0.04518821592850175,0.00010974301508359652,0.00551088078012496,0.028931645984858534,0.02909838551468491
2024-02-05,-0.01793199856133154,-0.0008989370498647675,-0.006169744049937864,-0.013495937704110283,-0.0004882274719583135,-0.003631795978700225,-0.004658091770172401,-0.01662382167046761,-0.008008934852855587,-0.007536132829904174,0.020548137927644428,0.0017648751063215062
2024-02-06,0.04397723172315571,-0.0005191375667681353,0.008622274409713082,0.0028311179215358973,0.002833393469781731,0.025041395865431637,-0.015180905987291382,0.023719112434613,-0.011806408591583883,-0.002456584928962058,0.021900301580690673,0.04094839334610878
2024-02-07,-0.005173230507533266,-0.009798567961059712,0.012566110227356653,-0.00037098728677653625,-0.004140683012943014,-0.020642298298828465,0.0009272040893575362,-0.0007039998945647108,0.0031337641824054074,0.017483139435013895,-0.0017283740432687544,-0.012717667923167753
2024-02-08,0.011421692371301528,-0.01881177690061908,0.015280736564140085,-0.0034632745453510028,-0.03213816202134523,-0.000974256793330297,-0.025297631571754575,-0.0047396854827143065,-0.03508870413416865,-0.03062483213741707,-0.00519387885001521,0.012416218544419433
2024-02-09,-0.001958601183607911,0.0003919474945885959,-0.016630720386893283,0.0029373897677578142,0.021631506887626273,-0.013444859547832588,0.0022918020114635063,-0.019949735806147006,0.007371150094811707,0.01116375842718531,-0.016359150593185157,-9.672418607165056e-05
2024-02-12,0.022292317710742804,-0.009689327515424284,-0.014966883178813228,-0.015881750482621637,-0.014445511481588347,0.006439716472903756,-0.020818385435909192,-0.023573482685122493,-0.018881343088331115,0.003652839054714141,-0.027600861463703663,-0.0031447847962077224
2024-02-13,-0.0008099021018733721,0.003201468395288787,-0.12421673545561496,0.003500078678574603,0.023792812414444864,0.0026487085635737984,-0.0002457595171483362,-0.009347761847907088,0.016144486679089853,-0.0006913112418547307,0.0032751151188472605,0.006988871820774012
2024-02-14,0.003542403256159732,-0.007458125388743797,-0.0045089034341514456,-0.0025271812560812013,0.0028437344557410427,-0.010893115055915614,0.011800865239218084,0.029325990707061322,0.006792836533065172,0.012065748062958903,0.024301757091975018,-0.011904932193011475
2024-02-15,-0.0053543798766171324,0.021675537457571448,0.010634182926163138,-0.015536231156468405,-0.005915734823433327,0.006091679215812773,-0.018588255759051764,0.009298971913852094,-0.00554625515414453,-0.010665325300810213,0.0,0.0007559555628164905
2024-02-16,0.002947067439852402,0.004137046230407337,0.004871329875044017,0.010379191744185112,0.0064919390023412404,0.015092244303949842,0.0017331345807614085,0.0056194564780644995,-0.0022997941484197426,0.013898132286474185,0.007790432668193903,0.006117307676568373
2024-02-19,0.004677865209159249,-0.0019719869568169957,-0.006592997992723726,0.005009998182148756,0.020034179751737602,-0.0011165615937556161,0.011492841808660392,-0.01364531825112092,-0.002218637791296496,0.010290907011371475,-0.002459571878670963,-0.005934760577470222
2024-02-20,-0.0072825277127760435,0.026250743821371048,-0.0013663976498998753,0.007100561873786493,0.004790366915550015,-0.00853064090756328,-0.007697066673064135,0.0013175707154688965,0.017962310054880026,0.010404868842979642,-0.006340271722724777,-0.017824874107243316
2024-02-21,-0.016084727105836194,-0.010417299946026248,0.00039094213246637644,0.0012478227020480404,0.003051175781015658,-0.017623457875307946,-0.00677166566589138,0.015131641759463799,-0.009304987588924618,0.0016540677960781291,0.020205448124687386,-0.00971314926616107
2024-02-22,0.03061771637647359,-0.013619180904146044,0.01826899464922449,-0.007893239048493483,0.01021926030695175,0.01558384946652236,0.0275194806116823,0.015813317194226073,-0.012227230205011597,0.007685830193959298,0.013898616348441806,0.023950918702497326
2024-02-23,-0.012244905262139172,0.0007397105755377886,-0.005372834299571472,0.002512365866496502,-0.0013173006299996848,-0.0026764288032691264,-0.007359076405353493,0.003636625246179026,-0.000434831029485494,0.006183650612853642,-0.003084309967801957,-0.008563431130536814
2024-02-26,-0.009575320919856467,0.0011966279016901726,-0.025658361272107744,0.0042395884113106685,-0.006690117793396233,-0.009959061145078607,-0.005347657392946847,-0.0193885835477301,-0.010266884531590414,0.001900131286716178,-0.019250661290409088,-0.012598535375852649
2024-02-27,0.005455182467078767,-0.0015115657751105793,0.009108037028645821,0.00043683221322221577,0.005691599347655174,0.002078154997607884,0.00476532999160395,0.0062232144659086774,0.00026377346994577167,0.005727862506615722,0.010865825601634294,0.02583075169611182
2024-02-28,-0.0041596440971940485,-0.007569711862609241,-0.010301237504956262,0.0067558520517185805,-0.013205122518853751,0.004598404380724341,-0.006931764230633908,-0.026865017769744814,-0.013563861148555567,-0.01069789519410591,-0.023925110955059115,0.003545006859329236
2024-02-29,0.007234098821014223,-0.004257116943339634,-0.001090391152464787,-0.0038199117053825393,0.00573512135663834,0.0015856002239298395,-0.004898319398946249,0.027805393889055008,0.0034747441789655387,0.009840991448780478,0.0007105060278707054,-0.005790288338839322
2024-03-01,-0.011870128508232991,0.01948838096266181,0.030266915553853746,-0.0010778545377549964,0.03297850839573635,-0.01147023816992987,0.00787587288050684,0.06003217965023966,0.022640559472463462,0.0020222779738297003,0.06460776767500165,-0.0001830850285015062
2024-03-04,-0.003740734540464974,0.0013629193207684853,0.011269589737474828,0.005104489838768211,0.005014216421096451,-0.010575836552432438,-0.0009767598097428776,0.02017385998922605,-0.00028945138252423064,-0.0047473064214911265,0.021007039775063685,-0.003333965770564107
2024-03-05,-0.011355566950181362,0.005688476724916347,-0.005429177218917447,-0.009145362478635732,-0.003936295080380736,-0.01875159230422785,-0.007210907074011952,-0.01786890321559509,-0.006658158287028315,-0.019485598970970797,-0.008164589433166003,-0.016810758426064942
2024-03-06,0.015345636728358647,0.0012145388851763084,0.009289494326284453,0.00039582776369795347,0.008317519164583231,0.0068784108164070545,0.0041856158244766295,0.006913756591613973,0.025674657473499618,-0.002205911650868253,-0.0016464226786095937,0.013010549021900575
2024-03-07,-0.003983624110951323,0.0024262180729208715,0.018502685568991817,0.00780995597470846,-0.008340172460218565,-0.000680048106750597,0.013975700793186663,0.01066064349069773,-0.006648761319931973,0.011014402435496784,0.03726914959545424,0.010899890110762867
2024-03-11,0.0006106640055825174,-0.012654586589520456,-0.005589709386036423,-0.012275097216955966,-0.008502347254541798,-0.009805565109587633,-0.010034979074627803,-0.013408757013264938,-0.01052597136785316,0.019738798071085917,-0.024165429808662875,0.0033465435292068246
2024-03-12,-0.0018612964659625586,0.02223700375500326,-0.008900122291668255,-0.004895749704915908,-0.0017149363943778084,0.007715844744090594,-0.012090947023844056,-0.024886765767335173,-0.0053767538486350075,-0.008175474568486885,-0.00619086096961019,0.016956287531409764
2024-03-13,-0.0025067561622383883,0.0005823041906569681,-0.04149733440508907,-0.027563363781527017,0.006593281247659677,-0.0009609241334560537,0.044504944778460676,-0.053211858717424954,0.005347770898358473,-0.0027797806571359107,-0.05803285579062578,-0.010316591832347233
2024-03-14,0.02926757526824386,-0.0033895164149082557,0.03599614206828661,0.009513084953626683,-0.00032289763137816063,0.026002252627381317,-0.006628046169645407,0.022768831427951497,0.007429705612117976,0.011537298481901326,-0.008353615891575239,0.014123849250569753
2024-03-15,-0.019026372410564707,-0.001923734267552768,0.013898058380439116,-0.00295561571882319,-0.002999189117457113,-0.0116736204598209,-0.0013106520823112922,-0.01772005085901429,-0.002353125804196776,-0.0034830270848600353,-0.005264977672236437,0.002768995809940167
2024-03-18,-0.002367502712299019,-0.004543379837069539,-0.0026287656865264797,-0.011921560702572775,0.0007867929945448715,-0.019186095413117776,-0.003936953752750716,0.05242593767471293,-0.00023014907079077496,-0.008948904862229656,0.056457269019104306,-0.01582034802606136
2024-03-19,-0.026925999541948076,0.0022820148127591366,0.00470676329171682,-0.014348057084781818,0.0025433907814822465,-0.02570742940430082,-0.018924378677359632,-0.01701729641271832,0.006761041294693015,-0.03267000167039846,-0.006345942504088153,-0.04219150947530381
2024-03-20,-0.00753515560972895,-0.012626382148935411,-0.01086869743529606,-0.011028190847867658,0.000507525025710942,-0.004162782291684208,0.015016356833940314,-0.01498275013842476,0.009001760547068471,0.02171433054584382,-0.020840360935505786,-0.0016093185612284788
2024-03-21,0.005481652837856288,0.010272201599317743,0.022449632737367775,0.00017843228375880038,-0.002489661019644429,-0.00016068007612912716,0.013351119080035279,0.05010541342633501,0.0038234545813495835,0.0013331383352299664,0.030552627874876448,0.0005163470114155633
2024-03-22,-0.02378115585277929,-0.0020059494073969564,0.014915725036454441,0.006332819577790083,0.007857269261457578,-0.02949132538415966,0.01744807207151222,0.013815453399661948,0.002398280411112008,0.007734025468008943,0.011325886319611733,-0.015618185325594669
2024-03-26,0.002824456729979774,-0.012094046787324064,0.0198995915884701,-0.00733423514260223,-0.006053463843082474,-0.01073658300924396,-0.0022165942158726137,0.005162694216340302,-0.01277867833273949,0.004935175179113793,0.0039524011899703115,-0.008540200675877907
2024-03-27,-0.010273680992980538,0.010733824983576001,-0.0017900277126662312,-0.00013402573157983433,4.6253363100268174e-05,-0.0058956185734917455,0.0008184415683181179,-0.004897321464845339,0.012487917759489653,-0.007598443490098972,0.0019685773908353354,-0.009438965999204796
2024-03-28,-0.0017137213180975497,0.004997589210736564,0.0046623957331322075,0.011006098874804193,0.008812002971068766,0.009569740884760591,0.0008177722694993061,0.019265435170646494,0.005575582540067847,0.02178124530992953,0.020628826028053604,0.009216518022806763
2024-04-01,0.008519062245316844,0.015608793530833331,0.014904023808294031,0.009516804799781786,0.00580807083531365,-0.0017356005222813886,-0.003852016540726644,0.02261075221944675,0.002912417374942633,-0.014014211543955546,0.04683970604769061,0.01043517680579309
2024-04-02,-0.018243593947556258,0.006562330498500746,0.004572717164915252,0.0003501144177473492,-0.016778072935565325,-0.008425530608842324,-0.001992057654785495,0.03287851422763266,-0.01859617203043351,0.01458081716481252,0.009194043257413576,-0.00841245879777508
2024-04-03,0.004940168347367768,0.0014526574735351794,0.009453685083858687,-0.009402130340930515,-0.0036997591673780805,-0.0014835580981706897,-0.0015264447670034764,0.0061322495815876454,-0.014936772926068986,-0.026436291456141014,-0.006073521948093408,0.016349910609049
2024-04-04,0.0024741282125442243,0.030560629026979758,0.001994577032561784,-0.00011055772447532419,0.0015318856821671112,0.0040859120362508605,-0.0057618620629495965,0.0010527115012246568,0.010397628295853112,-0.0017030787797339686,-0.0015276100874048737,0.014186894433270814
2024-04-05,0.003637147851005995,0.014368926746435529,-0.013327720805194399,0.0008832139118077897,0.00421751245772195,-0.0051118979326268965,0.011354232673630671,0.013726623408032879,0.020581435160785144,-0.004687108053842204,-0.00030600894727661476,-0.0060075042104618115
2024-04-08,-0.003365112165453099,-0.0019037877793383062,0.011841164257130776,0.0008822104514487616,0.003461258900081532,-0.0016226656703868247,0.003625283455752193,-0.004586329563100788,0.0018205428440527527,-0.015604946833828404,0.011325406780538616,-0.0016837652437279305
2024-04-09,0.0002922694351081834,0.0012608281083985595,0.020457612704262385,-0.002115595540312487,0.018304768367508606,0.01229096426888443,-0.006408780031821437,-0.009873312977641158,-0.004361414085666593,0.0019014647312451949,0.004842698828545711,-0.006544974038719675
2024-04-10,-0.0008762114758410489,-0.00787833092537038,0.024549819473953072,-0.001435336975503243,0.0021227881832615036,0.007994191467507905,0.02486223296655421,-0.0053182940310969595,0.02546898860616631,0.009908869064956694,-0.005722912174375594,0.009653969775538895
2024-04-12,-0.011467647888608434,-0.011325613300661286,-0.007296155030067086,-0.012649795180311396,-0.0045070031895715346,-0.014633762693056385,-0.015676842461605056,-0.00022274626415330623,-0.00706493030507771,0.0034025339952761247,-0.009391153017713538,0.004203741691398699
2024-04-15,-0.010811476828989863,-0.015965051870917235,0.023469489570596247,-0.017134822319916365,-0.023587459865593297,-0.011180343135148818,-0.009765273740827585,-0.004233736446184966,-0.00821807852436951,0.006880227670916561,-0.016207969721403037,-0.015044823941286367
2024-04-16,-0.018437936891729234,0.009734509116311907,-0.0062838374158999954,0.01219211209625981,-0.01047888827781085,-0.03657673484044166,0.0,0.009006982185436607,-0.0030865210771516827,-0.002956493216397904,-0.004973564999935176,-0.017355117894755856
2024-04-18,-0.007073887482048402,-0.009640662004145262,0.006487695772161128,-0.0027017447829609242,-0.010871127346196108,0.0033936655731501286,-0.01655311457285935,0.004490983069636023,-0.003263375064528229,-0.03281483931447626,0.0,-0.0027886301060465746
2024-04-19,-0.013191524983825476,0.024486668905198572,0.003182071501807604,0.007585333279204853,0.011180102903450617,-0.005636766101750679,0.01408618414648477,0.023624181270087252,0.003302048084646847,-0.010091163551900206,0.012808476481615205,-0.009269837974330342
2024-04-22,0.012711695816914226,-0.012473167277226915,0.0061814091810432625,0.004436196596226072,0.018177578111667314,0.01523464304965172,0.0012949150066554616,-0.010353120139312333,0.009650540601917834,0.008614556471505885,-0.001542118768793177,0.010036076259891447
2024-04-23,0.01415497146310063,-0.0030419464343751645,-0.010912607965451016,0.00948022499897161,0.0033128658396091026,0.006735298349636043,0.009169951134366805,-0.008499985841816216,0.0017126237752804752,0.017305903406177547,-0.004325152752317152,0.002613408355766289
2024-04-24,-0.004977532449574107,0.002719652446152354,0.039718865066127096,-0.0011048662043282587,0.00596190430886967,-0.008076699838746482,-0.000698965213772107,0.029290542970832778,0.01640891191014071,-0.00043977064591205206,0.027303882126639145,-0.011265217742430722
2024-04-25,0.01683281281940885,-0.0006284177734631191,0.016821199610888238,-0.01300729705870185,0.01550033134676121,0.005381669337896744,0.020167884882571263,0.006139875291656383,-0.1087204422889928,0.024998532622468206,0.012986918016562043,0.005520616896762531
2024-04-26,-0.020144316213564606,-0.0006288129306849521,0.0038651789631396483,-0.003675890853617081,-0.005252486994106964,-0.0057005195122663554,0.005599386738285528,-0.011037471024541001,-0.020670323906615384,-0.031178617987360546,-0.011329702443451217,-0.008008392853558699
2024-04-29,-0.058655743459997356,0.013048083247909181,0.0011551842966550652,0.001552299074459862,0.047161279123808075,0.0031463123636288337,-0.004090930045258956,0.010999660777916809,0.019832097935328363,0.010895256039821444,0.009650155444516306,0.012783360111093156
2024-04-30,-0.014992273237753984,-0.006145858426906181,-0.008691554407136759,0.001954138724795218,-0.008404095574235826,-0.009897145381283945,-0.005819180329552309,-0.013215043461653142,-0.010027886367713013,-0.0009563570994127746,-0.014336975202448254,-0.012802952249733712
2024-05-02,-0.004317257828503673,0.007992863332201061,-0.004577954578952492,-0.0018605944564556998,-0.009518452949414336,-0.004294282039652986,0.00768950025525772,0.01312312444155972,-0.029742367917354295,0.001954290780145307,0.01424247227878972,0.011163139562820223
2024-05-03,-0.009296710314714796,-0.0082558073391229,0.008808082872384881,-0.004154923816889422,0.0022819433136840317,0.001308076487733123,-0.00580865400221009,-0.01098899811843057,-0.018373393525533688,-0.022369915260078255,-0.00507917404430791,-0.0051511490236852975
2024-05-06,0.007974790840074908,0.002007167405733812,-0.012826387152265362,0.01765846657358061,0.00372132092878541,0.006778189757088882,-0.0038950350273524448,0.004830960781511795,0.05017127765865981,0.0005293105998251946,0.006606661136241199,0.020203613670888076
2024-05-07,-0.0073466031048191605,-0.01083639716253415,-0.029117142679032648,0.05460519901987859,-0.012562222306405912,0.010554710865482653,0.012880893529457982,-0.01276715521416516,0.012066815602735481,0.020855241093164834,-0.01998814431769802,0.014766206270900417
2024-05-08,-0.01299831940586782,-0.015602721371197004,0.021444714614845095,-0.016117460655319604,-0.007862775645739672,-0.009472864347200405,0.0014762590084005378,0.021156839159408802,0.0027069732609874553,0.012098191026619576,0.010958924303024586,-0.0005024786986325136
2024-05-09,0.004871972274693714,-0.023707538594818223,-0.022257259463471457,-0.006578460570356048,-0.006500535008681085,0.008582648461059827,-0.03605446399589862,-0.02363287962908356,-0.0031850818300683814,-0.01006305366494209,-0.024992539017986037,-0.0042118803001987
2024-05-10,-0.002916659842952307,0.006932757219380248,0.010009636668737443,0.015866688451027233,0.001210019508659288,-0.010176769926190321,0.019407171197677098,0.01004015770396638,-0.009220365182827317,0.007857722595658423,0.0021619089026903016,-0.016741554989358254
2024-05-13,-0.002506899653888728,0.012066238863965184,0.012627884774196296,-0.0008042617595196422,0.009802630102880183,-0.001017675839125376,-0.0034613576782156485,0.009564305342815604,0.00813904846594804,-0.006691082219013489,0.00986139751549131,0.013842257789738133
2024-05-14,0.006207620747284759,0.003916797365439262,0.020757694603752874,-0.004680867683635959,-0.00660459147028114,0.0008779837579835359,-0.004978617002591168,0.04151364907362276,0.0031075460282368184,-0.011485285801885237,0.006713415095933595,-0.011804153851439403
2024-05-15,0.008970007666823987,-0.01536665958983563,0.010902370459704436,-0.011193408680326478,0.003391128037532498,-0.0033339394379535703,-0.004421602184009554,0.01543251497218634,0.0027334033877295383,-0.008985494616886691,0.003940637995916152,-0.005331661680982203
2024-05-16,0.0114412142245357,0.015119854339414207,-0.0005354889356408155,0.008543849378468638,0.005959081386450293,0.023522019860535037,0.008531932570742473,0.011775973384920979,0.012872608955408538,0.0013589280104728818,0.001811469084882944,0.01260251633035847
2024-05-17,-0.011089312133870655,0.0026365712830374033,0.0032142764527607337,-0.009730397340275698,-0.0004863902330559666,-0.0062269546962928635,0.011241193039750685,0.010196501546630543,0.01465260631581633,-0.009257239605691692,0.008740242504570839,-0.017136754619845873
2024-05-21,0.006525574082733687,-0.003620009146567127,0.058204247794423125,-0.004158917179708177,-0.008447597556680675,-0.007027685223188529,-0.003438110187985788,0.05263401195787831,0.0010020239694301658,0.006256495427310771,0.04182853692259991,-0.0036255122980863863
2024-05-22,0.0008571232878034074,0.0002741896457745252,-0.013047800151735234,0.024321694274627825,-0.008787201301289405,0.014398854796200844,0.011729683805659974,0.008185756004846612,0.0007655342624985906,0.0033930446280590054,-0.006022410012858526,0.003088947800516717
2024-05-23,0.007817865234114318,0.022889280300673054,-0.011321384638925958,0.006590852387506008,0.021060281233288514,0.01209792381791841,0.003296132211688896,-0.0033868110329131618,0.005589677251231162,0.002025128341373472,0.012694761984817227,0.016035956109848204
2024-05-24,-0.006168859891364509,0.01648134588098138,-0.005245212065175475,-0.005645268929038494,-0.002247717423435436,-0.004958041045436512,-0.011668763123776404,-0.004515764149093826,-0.003276606059998688,-0.0025867643020484055,-0.0037036600021057575,-0.011288124720203241
2024-05-27,0.00602142334122413,0.006920657038791633,0.006832503506214671,0.006521508390968878,-0.0018992940124230584,0.004266006973224545,-0.010774829907304051,-0.0092591244561826,0.004432218364389451,-0.0031811640037496813,0.003717428091840169,-0.0006364785174400867
2024-05-28,0.0037686523083928503,0.0018327648072227198,0.005089580094362445,0.00480192089617959,-0.00252271508803692,-0.0029225416745277677,-0.005793794481504522,-0.0063250092536699665,-0.004295839260424206,-0.0033333144272322812,-0.003418839879899993,-0.0018585185301633889
2024-05-29,-0.003901736431381142,-0.014504986887503457,0.035226829856687125,-0.009411653459234781,-0.022139271987836717,-0.010974354550848942,0.004545471522046096,-0.013347806489002578,-0.009274169695025258,0.009993044013761665,-0.0037163656612366758,-0.009440403410846288
2024-05-30,-0.01570472007416346,0.004342556429610012,-0.014391042425195621,-0.009269492147022107,0.010616981744083098,-0.016196362306033607,-0.016475186953570087,-0.00707723530028237,0.001332921493723882,-0.028834522060602774,-0.057962659868244004,-0.01775926440697939
2024-05-31,-0.005818960804048423,0.011024206096186262,-0.008343550249213294,-0.009504850991040148,0.00659971478216459,0.0053236262460132355,0.006134187718996875,-0.0029577130473965596,-0.005739197945594077,-0.020750189516360096,0.018580480805639787,-0.017438050505659164
2024-06-03,-0.007287922149798676,0.026541689645531497,0.00957429908507934,0.011528271320927708,0.03474414030465045,-0.0007107863798259118,0.009145223277395642,0.02849777900911188,0.022405283463403203,6.379658896671359e-05,0.042165118123551615,0.008690045515195921
2024-06-04,-0.008292379118343463,-0.056640261661991764,-0.067389935863576,0.05959506084674304,-0.07633630569433347,-0.008713349070302412,-0.0174203069082437,-0.09201380296294737,-0.04662256060370307,0.030869760748431174,-0.08780485396847681,0.0032811387810933734
2024-06-05,0.030800249577425554,0.04628657586696616,0.0711809434182824,0.042643116423484395,0.034719444690835655,0.02615438007950721,0.03636810564579762,0.04801335430118092,0.048933145901242536,0.033817458300818615,0.06448557951036782,0.008465604711046293
2024-06-06,0.04003882861363617,0.005090807040371015,-0.025530359776420264,-0.02042078767094213,0.0015785182743845994,0.029473440198760414,0.01185214930134415,0.023155238058405914,0.009661879609700774,-0.015319772670690512,0.016844034727988566,0.02240797498187752
2024-06-07,0.024329225230779628,0.008751645360729254,0.0042066195891568015,0.0110606137132363,0.01017643049487682,0.04167083976277941,0.008612837979701693,-0.0025253592498388766,0.010952828553559835,0.012563618281740574,0.039813915455355176,0.016590947489675045
2024-06-10,-0.008906764775247766,-0.007658653736140497,-0.005805793178013552,-0.004829853557468566,0.0018721844231071039,-0.022072207788547904,-0.0051235742727330225,-0.014411626310297687,-0.00459029213994222,0.018282202358788302,0.007769708687344723,-0.009052504045581
2024-06-11,0.007083841747575814,0.0022416731063887863,-0.005100581857967024,-0.003508165720311096,-0.004983051992657694,-0.0026671257092762968,-0.008926506222466712,-0.0032109511532292245,-0.014693630248823308,-0.0024527343157633164,0.005768593265492061,-0.001710443032675757
2024-06-12,0.006963797890946477,0.00597515109447988,0.0014117485338085434,-0.010816399507308505,0.0012073141869568538,-0.0070531990266679,-0.001616697572263348,0.018634014625604323,-0.0024709066084437348,-0.001829322737950445,0.004963247599107268,-0.005308861819235511
2024-06-13,0.0037533864244305715,0.0041928080220983155,0.010090452456809507,-0.01633240265801439,-0.010897386453603941,0.005891386909592455,-0.004626350281337954,0.013184907439448779,0.006178038975339639,0.005695099351248345,0.0018109308474767438,0.012135804616769885
2024-06-14,-0.009071216371968838,0.010216641865205434,0.0042603343243743375,0.00663722461899785,-0.0015351060983409548,-0.0033803741580440416,0.001975423042671176,0.010756243605251514,-0.005300216877387243,-0.003625066856941639,0.003231829846195966,-0.011887062608857302
2024-06-18,0.004297429484597881,0.0068256527275920575,-0.007094767254113177,0.0026212563081682294,0.01555645203371192,0.0062463331691868795,-0.005566536095802266,-0.0172929330008319,0.0012811955212481685,0.0030876373973653948,-0.011083840991555793,-0.004423166053997951
2024-06-19,0.0060186871946283915,0.031129539458385258,-0.024088355430329278,-0.011764663032746259,0.019236699928011358,0.008777072588491919,-0.01189507445078386,0.012279363428508772,0.01587757886912522,-0.009528155360102653,-0.006073196022265082,-0.0035124149180353337
2024-06-20,-0.0016600298896704002,0.006936652144256872,0.021286190958766715,0.010256344105043835,0.01079125225576627,0.002679792846344231,-0.0008261496267907287,0.00902624706207944,0.011192602844887212,0.005423388120859629,0.012554025064161145,-0.003800943417134439
2024-06-21,0.0030483739121036635,-0.002156462521004543,0.011825560911153943,-0.01647721572478289,0.0015992615789606202,0.011416097538020642,-0.008740814276813613,0.019736842105263053,0.005321963878701652,-0.016281087855699705,0.007051753054588605,0.006205098052382452
2024-06-24,-0.004834715391604405,0.003992176374129297,0.0010956891960924864,0.0003685579759624691,0.009882113882514698,-0.0036210101690332674,0.008817889813991009,-0.0058945507235493855,-0.0017457924636025135,0.012668174794585374,-0.011003656257316363,0.0015875047297222444
2024-06-25,0.004927652533787574,0.023289886713483643,0.0003647397543051767,-0.004094667096509741,0.023801399530944956,0.00969125748375399,0.0,-0.006396473544372228,0.005274922063347898,-0.005770601836351252,-0.012811878071092742,0.005672358956197554
2024-06-26,-0.0029352813903320563,-0.0057556866277864716,-0.015754764874639116,0.005509444148258158,0.016737056025565966,-0.0008106868208983542,0.001535523875941358,-0.01592981027778073,0.009119401368493874,0.007473812240499589,-0.017759600603858283,0.004533016727581218
2024-06-27,0.00775792477126358,-0.0031443069887190367,0.015636507607737382,0.006767095702982173,0.00155985406456427,0.02119173596798385,0.0038920622663638493,0.0002387925524816037,0.018018441731676882,-0.00019731063733396947,0.009272229226004347,0.020306827082901213
2024-06-28,0.00323036230934326,-0.00728112937923775,0.012112301583649066,0.004427131222237257,-0.016640635003743243,-0.004194877179341416,-0.0016448073425118226,-0.0028166113127879866,-0.015323201632246986,0.007064564187335254,-0.0008613330839678524,-0.007625486303358686
2024-07-01,0.006337484977108732,0.012709217994657962,-0.005334830704538107,0.01295982531454154,0.010211671918352039,0.015350220306491691,0.009767091346331913,0.014458126275092242,0.0031068163472602883,0.006446834171482285,0.00034484819410995904,0.01896695365156864
2024-07-02,0.008135633551457522,0.014895633271195141,0.007103004455344175,-0.007963928213892357,-0.01753521288985016,0.019015632426233386,-0.008274153107603599,-0.013591505653130276,-0.021293060282704168,-0.009209186737374031,0.0026999759685184532,0.009853747474893204
2024-07-03,0.00013497609026202895,0.021986632970162567,-0.004462014534634351,0.010140371429667505,0.009239063944922687,0.0039171998596065905,0.006580461219152234,0.004975804130619821,0.023225568486207937,0.0027707611990031022,0.01048472460488381,-0.012981074287328864
2024-07-04,0.02792037170755024,-0.023464158212053166,0.0002891275437792995,-0.005736229247163882,0.026131878731958436,0.01428653219437459,0.0017512009759270697,0.004903204996470345,0.012785008328997094,-0.0024887184022988063,-0.0004535565366234895,0.014047100593443718
2024-07-05,-0.0019377496644780168,-0.045769107202913495,0.010551445671217907,0.020452995740857238,0.00032441650813130885,-0.0019386099656750755,0.010721330143351082,-0.004689874296039842,0.010279005631983473,0.011394223714547458,-0.008962492729218008,-0.002275510583836682
2024-07-08,0.00921425768994344,-0.007736180590102726,-0.0027890629111236853,0.015763605956465643,0.0013377840967960797,0.008619474416683648,0.022944723940814482,-0.02336985690817106,0.00026992237626788373,0.011362935754953618,-0.013908829350325447,-0.00463638896628582
2024-07-09,-0.0015000766120505382,0.0007032014693770794,0.01405615722390774,0.001159528169456303,0.010687773655075006,-0.0027082041940981183,0.02028848128830174,-0.003996273306840492,-0.0028868949181143355,0.011408295616387232,-0.0027861262874731008,-0.0019282924770445131
2024-07-10,-0.013813676556901577,-0.006355059753558767,-0.019377685884997886,0.00783751300360569,-0.004045720226762306,-0.005370672351937333,-0.00254075702193457,-0.013700656101441111,-0.00974105430650185,-0.006323487597855282,-0.022235128379913704,-0.019156892336153586
2024-07-11,0.0012915540254090363,-0.0025827505799129735,0.004327127098343597,-0.0006128438188726104,-0.0038207386548493316,0.0026997589905783936,0.0159485417348042,0.006647835985791106,0.008006063594023338,-0.008886080879247693,0.005595909520277997,0.003721987574157426
2024-07-12,0.03194632764201444,0.0004931573558710767,-0.0061036853005894676,0.005136292882949922,-0.004481370434576304,0.035729426568177125,0.0008722142930750465,-0.0006406589883833913,-0.006316073120125054,0.006092779418441996,-0.0013616122228222727,0.06632755763773224
2024-07-15,0.006025097534362089,-0.0003697047645558893,0.011632132437883635,-0.0007436143128104478,-0.002392765810650177,-0.0027456761578416033,0.009476107345131712,-0.005325967862014447,0.005837896127902642,-0.0014945851726378967,-0.011441104074596309,-0.00352527963827165
2024-07-16,-3.183495702607786e-05,-0.0014487810332405315,-0.013283839255652796,0.026008430252566717,0.008089771486854191,0.011130298027669294,0.004639545477824747,0.0015369368299638086,-0.020747981523983494,0.005185273242515276,0.001859036458425889,0.0022186496253215893
2024-07-18,0.015928047407554047,-0.0030559057050524308,-0.0012303488802168916,0.018579450833215105,0.008387889873922472,0.018539392619150385,0.010095526027315671,-0.01990000728700192,0.011881672740684968,0.0075749005577254724,-0.0042497929825282554,0.0328111369026618
2024-07-19,0.0,-0.004644645399305647,-0.039060904295196486,-0.004162949146342854,-0.001319800712077157,0.01985155421667928,0.009144139805876028,-0.04404268297099423,-0.001726258297467309,-0.011115125386402802,-0.05163500767638096,-0.0007314784698648769
2024-07-22,-0.010943537516362567,0.02193120570482132,0.014027173545049232,0.003043668718009096,-0.006006371833645496,0.009983579652721897,-0.016858114094239984,0.006604333990567701,-0.03516142260880939,-0.004061104201331656,0.016162832403535,-0.0034980124929017142
2024-07-23,0.021244651961770833,-0.014702725470337574,-0.027963716720230236,0.011351558139043094,-0.01160220326202821,0.014385492507307474,0.05497801823457671,0.00020998503277636082,0.006457879455176618,-0.002222297647517024,-0.0018712819435463546,0.0034983832727626396
2024-07-24,-0.009165638880884952,-0.008866751124292471,-0.0029074377493988335,-0.017821386773458125,-0.0030568999060224256,-0.0016059994959453094,0.003758655268105482,0.020623417845070602,-0.012832885681559825,-0.015552870072054525,0.001812241902873435,0.0009066675968281146
2024-07-25,0.0024625726754208266,0.007823832682266385,-0.0077501842197787996,-0.003625191591347776,-0.020523284248952778,-0.004961945869605855,-0.008298743660253738,-0.03563169741917405,0.016578837530489166,-0.023904030136120857,-0.018214701345677264,0.00377356118010308
2024-07-26,0.030076833718019724,0.0009588594279477114,0.03255742913935866,0.0014221631858388761,0.007763486878219927,0.029618939570773772,0.025002565420266354,0.036841510587802606,0.02180095480078914,-0.0015118263057777304,0.032784775817568335,0.015118569146818084
2024-07-29,-0.0018345129923001968,-0.008095590711742706,-0.0011234261821747582,0.0002028246251735144,0.0045560610308681415,-0.004151346840150727,-0.012246199744849973,-0.00560492210091712,-0.01099864177179588,-0.0026644745144274173,0.00196856766217679,-0.0015382387730195068
2024-07-30,-0.001286432660688397,0.00654186488280617,-0.009522354146413448,-0.007449556909713162,-0.002680007603671153,0.0032333176968675215,-0.012397826038106907,0.009928692506653958,-0.004348050458129693,-0.0051209547520291165,0.007367936647939777,-0.0035947926299394473
2024-07-31,0.007575505649675129,0.00012375478448944932,0.013777409710290955,0.0052947457041641055,0.004506243363403328,-0.004741235442062175,0.011124742364192253,0.012032733624401493,0.012205282201660062,-0.0005289131269273772,0.007679597299135921,0.004581440446649321
2024-08-01,-0.0012479818154572664,0.0142657980502916,0.0058244783046217385,0.003659059477240989,-0.003950997338836637,-0.008376763223371553,-0.003330990496814512,-0.005008904740209097,-0.008435175884152657,0.011256561766268547,-0.013730072642563873,0.0026793402218781015
2024-08-02,-0.019048514727977528,0.012417631762756454,-0.03778778505365432,-0.008469688877229875,-0.011197372778565584,-0.016949257207503066,-0.009317440196655924,-0.027000901033467972,0.006024654401304952,0.004468643298483066,-0.029682357236859302,-0.025937767185801208
2024-08-05,-0.029143136219337507,-0.026157959352411386,-0.05207926815653863,0.008671892385053503,-0.02001594971577836,-0.03805175601100608,-0.0063381898678342985,-0.04065846332252987,-0.01652385303467996,0.006332324392856137,-0.05309054167933591,-0.02988525884037918
2024-08-06,0.013024879634894182,-0.009005185954926831,-0.0065114703161286425,0.01257425166693471,-0.00490359563154219,-0.0004566059960428026,0.0006173301226382044,0.008171231296657089,-0.001747914607989176,-0.0009557619731811462,0.0033373122051867377,0.003886863013662145
2024-08-07,0.007486873560462515,0.013927114719938682,0.021956515549838462,-0.0021818689380397327,0.004799206352581908,0.0231567898268199,0.013057669509442427,0.02274818427193548,0.0033888366748451304,0.005700600261488997,0.023549715234487456,0.00701263598607782
2024-08-08,-0.02304649370913625,0.011826246207040203,-0.015472284850017615,-0.0039540836788057865,-0.006695369168602805,-0.02706991795717495,0.004262708459061182,-0.02879329437536482,-0.002138977194848568,-0.01335816124269873,-0.02326789314500788,-0.006642440496210655
2024-08-09,0.020605223073990597,0.0045656849024433566,0.020227732425577738,0.005122291511746813,0.0060106247826010595,0.01583340187998683,0.002324433581691876,-0.0032094629283562215,-0.0017487159092818283,0.006267360541859723,0.010180993829581153,0.013469068602674383
2024-08-12,-0.00295602754498947,0.005999184144544145,0.01035474632268163,0.000545987372794432,0.009641993763822354,0.015050088956424457,-0.00262157983158795,0.002073710710065013,0.0016387807485043204,-0.012616305701573016,0.0016467312076957619,-0.007827390574277393
2024-08-13,0.004668057610555554,-0.034274954883920405,-0.012632027715745786,-0.0026557861885757594,-0.0037944147967912123,2.772263503647565e-05,-0.009300419270767635,-0.009966214569988363,-0.01156525187952362,0.004690356712862442,-0.020912682818080897,0.0003098673642307759
2024-08-14,0.021034206700181635,0.0028692128216616375,8.044010333940754e-05,-0.007058441391612047,-0.005734568828671183,0.014353703577719035,0.004489813177892765,0.022883538041129414,-0.0023687306282355047,-0.004064834885176949,-0.018202666548641,0.023421714223925028
2024-08-16,0.02588931518277282,0.015113842257567622,0.020436078906878263,0.009625085731996386,0.02203757535312345,0.0195803932532177,0.02123115206238757,0.005108920163531927,0.01682018940127228,0.020548874199696643,0.02291858929690993,0.028124216580588612
2024-08-19,0.006144122239594152,-0.00033695049117077325,0.0389497118265425,-0.0020740143031934277,-0.00955988097162297,0.0031470267254183337,-0.0023871928670967657,0.020599241111654676,0.002278779323103164,-0.008830184920643247,0.02969505726722632,0.016745658559998322
2024-08-20,0.004915161796992917,0.0037693544536892,0.021325097433634754,0.0030993270483421487,0.0030189723777469535,0.003968220697282199,-0.005284724477463643,-0.004298731649267196,0.013641332493940617,0.006132286859971359,-0.00019503076222338045,0.007416519363097285
2024-08-21,-0.005632100865245571,-0.007266237529757191,0.01887344292108617,0.014594300126435478,-0.0039001584468701944,0.00026703297643382307,0.013231739074676785,0.008371413470591671,0.004042849842807117,0.013202390291009003,-0.013057843023881022,0.006234350562450475
2024-08-22,-0.0006557921991978688,0.003383018307382857,-7.290765129486232e-05,0.0005733381192616349,0.013831584923246876,0.004031576280145055,-0.0016817522332294166,0.010621640758675222,0.004716091605543982,-0.00029397925813012815,0.014613023397796354,-0.010875545731791614
2024-08-23,-0.008770174417085164,-0.00383136357651781,-0.0006563960725649576,0.008163900557887294,0.010410545403395588,-0.009652953390672181,0.0024773859418598665,-0.0061092911822743234,-0.0019214778043775693,-0.00854570115611386,0.00038920084161397916,-0.008462871740510303
2024-08-26,0.03490929194558867,0.009168955358966002,0.039045366846388596,0.0019710681888820414,0.008142928443072073,0.007545330038560172,-0.00019774344812684141,0.026827127489782443,-0.003025278125935893,-0.0038152968303680757,0.009727653252258772,0.008635959287884631
2024-08-27,-0.00456544517012869,-0.001341501236599818,-0.011729962630987134,-0.019229839883889155,0.010755787545847051,0.01276539265005483,-0.010084990898560298,-0.017045440090681985,-0.005048243443735445,0.000753989656813614,-0.006422658527133973,-0.0011772316660886295
2024-08-28,0.004586384055061288,-0.0003969022287185764,0.002203328861012377,-0.000921470126676649,-0.0020385512173078935,0.020525280798340706,-0.006592047510618593,0.00010321062042972784,-0.006682013498717665,-0.01148146413681772,-0.006464074785515805,0.001979043559370286
2024-08-29,0.018843201397202858,0.0008857139553528626,-0.006453487494989085,0.007560549089791424,-0.0015933240406182936,-0.0029652928645423904,0.01568465800552965,-0.008669617954345621,-0.007843461657034867,0.004834490243685208,-0.004749510099782306,0.001275975001007179
2024-08-30,0.0007990958491161937,-0.001006947834348626,0.0012134177585378936,-0.002602962981426704,0.005974231765118132,0.005353401559622162,-0.0063353668784331685,0.010307166040300686,0.0019974259868060784,-0.0015172090010370232,-0.00137282602704214,0.009297866754236939
2024-09-02,0.030457754386700175,-0.0060786898781292065,-0.024880551978156418,0.0039776550840895375,0.0006101574350290129,0.010701324079090968,0.01623825245041699,-0.005204078057137518,-0.0003089075079794057,0.003658817726914343,0.0007856380539112973,-0.007180871484733009
2024-09-03,-0.008966928159406917,0.006392363566181558,-0.007310955132241448,0.0018823267546443923,0.014431520412857779,-0.011835151891933515,-0.0012743598766565833,-0.0177138013478636,0.0019941460199885963,0.008307194415825725,-0.004775086696033659,-0.0019243233328595233
2024-09-04,-0.002904256680123951,0.0027179409719437775,-0.01782302512352474,0.016802079515019885,-0.009096712526354689,-0.009684494835588753,-0.005987434909471845,-0.002794645054538525,0.0,0.0015806055920013495,-0.006375367980406499,-0.007335213137416807
2024-09-05,0.002968772622355287,0.0022230171497106266,0.004724066617877609,-0.0009854459260120185,-0.000323561870959721,0.005565851300120217,0.009578354984250304,0.005181917827639326,-0.0032795662596990516,-0.011776379731630038,0.0035720102876044546,-0.0007369613337653291
2024-09-06,-0.01923997489436724,-0.005165735032823582,-0.004254098383974947,0.00017608593489892854,-0.022492837931017973,-0.016191271322893108,-0.01858378279981221,0.0036296759028138226,-0.007761788964505412,-0.0006786773980818062,-0.0032955190676668966,-0.00428964895068884
2024-09-09,-0.005324240550828252,0.0058340796837741404,-0.012816634833140328,0.029183386864547467,0.02222406174609648,-0.0037857146867362745,0.020031956227387848,-0.008543410255759332,0.014738031443465971,0.005413088133978006,-0.01157260886616207,-0.0016153604579662861
2024-09-10,0.018520240035972746,0.0023383255533169223,0.0014426111598091484,-0.007940341717416532,0.0018624149659356437,0.009315785282262956,0.0036150659843732225,0.017128337639854108,0.000810007086281983,0.0074501126131676365,-0.00033450228055964537,0.013102344741132255
2024-09-11,-0.00019676822097192126,-0.003908283455877903,-0.01789236742169109,0.0019147144993543197,-0.0007678196952959349,-0.001124436186584643,0.0014602266013594711,0.005093577310704589,-0.0013116576289650128,-0.0034115277527474452,-0.008365668749279576,-0.006322186099221638
2024-09-12,0.016219275727326288,0.013808600832107443,0.04400189052120429,0.017991411857118056,0.012779599443935252,0.021097861538924345,0.010012616236170446,0.03904233467686469,0.021349708965402447,0.00039563855129531866,0.02409397823372661,0.008561502092078621
2024-09-13,0.0028767726019924833,-0.0003900315826106393,-0.004362620594667854,-0.00793190127737431,-0.001437655754636169,-0.0032555820941551072,-0.010875807607163224,0.026327465909956382,-0.0038851973787603633,0.0014044030011497455,0.011532847736855922,0.0010845614318266694
2024-09-16,-0.0005241970031124588,0.003001236497852,0.017675435892869684,-0.022451817319581346,0.009997208896075582,0.0031633657646814584,-0.005351711490415245,0.011638132029394344,0.006015387407984907,0.007189737452625966,0.004690900663914421,-0.0020674538902250017
2024-09-17,0.0010486602461339256,-0.001286626408101399,-0.0031379851082778965,0.002232290124019931,0.004157293947342655,0.0011793358254901243,-0.006554532723314743,0.009251236814706854,0.008381947393626632,-0.0010786383392589194,-0.009013675890616746,-0.0016839220014002176
2024-09-18,-0.03156447214647451,0.015580102911475713,0.003294233421665682,0.0008178679863202198,0.015968792282115674,-0.0309339566064617,-0.0007878042366463722,-0.0265020443117987,-0.0037635664596450402,0.019749798547476827,-0.014526859885394594,-0.03539980514729779
2024-09-19,-0.011386281594256364,0.008083504360068439,-0.0015322912114154041,0.01248322064293661,0.00283309542791943,0.0010834060049056404,0.0017739240748355645,-0.02151528917978196,0.017530098757154944,0.0142657896516456,-0.007038611479761148,-0.011504676375986289
2024-09-20,0.013561858418039252,0.019139539375109926,0.014907996469908369,0.022615284285562032,0.03595193840401367,0.006097671456535947,0.012100360386941844,0.006581613878245962,0.017388201161362415,0.024808154060997678,0.016584256682267373,-0.0026184736747874027
2024-09-23,-0.004119195135473985,0.010682354773550173,-0.005544426956646142,0.017111027421943925,-0.012365005469354484,-0.004880054667497746,0.004957179506134057,0.011838645203376519,0.015857197550292357,0.009483065986414463,0.012958850585574444,-0.0038275068021229597
2024-09-24,0.013007714640887347,0.004688057156291059,0.03953371219284452,-0.025754889636673717,-0.002496443589187436,0.0011337670134592415,-0.003288419976524848,0.019777832825479402,-0.010337515894638383,-0.010549876167875727,0.042470196424544415,0.0006559743076024471
2024-09-25,0.003829748287726309,0.006249799257544986,0.0008358434760400435,-0.0005422886233797941,0.003981524844065776,-0.0017381924164677764,0.004463774691573441,-0.019922294502309645,-0.008748076290476137,0.00035245275283912747,0.00703927858896547,0.0008077942821251849
2024-09-26,0.0008134365944698629,0.0024449908355437255,0.02254858417220129,0.012597799899433326,0.003928009627261364,0.002611761417184111,0.01004740028012785,0.007298249414648295,0.002291920022092553,0.02155816782887876,0.02443391406060602,0.0041521893575928726
2024-09-27,0.013762450350193411,-0.01726979046798749,0.01701490156524299,-0.0066474909204981,-0.016891838109063362,0.0034205875824944165,-9.566583807496531e-05,-0.00019448664269305915,-0.015691557620780783,-0.0035565152830226987,0.005675991226539168,0.0037742359349790533
2024-09-30,-0.006801660825400235,-0.011753660555299694,0.012112633543852391,-0.002680131461698987,-0.025715541632707173,-0.01633665039568155,-0.008704759145574892,0.011283490333025892,-0.009880024371069385,-0.02030451349342688,0.01200840743213405,-0.009330153104373795
2024-10-01,0.011357968001109997,-0.0033775675513509906,0.007074826436415549,-0.011679124938449803,0.0010997658999323257,0.015328358024857103,-0.003763379523210042,-0.004136141490697964,0.013727442731596096,0.006356963435010465,-0.009018133725735678,0.004545003679472748
2024-10-03,-0.020891792286894084,-0.02560535132398034,-0.018974441239943962,-0.010397499107832053,-0.01416358597201317,-0.005749914560950087,-0.006683533941591935,0.015164102044302519,-0.03011602701596372,-0.011894827882293235,-0.00029933578678986716,-0.012861682193533786
2024-10-04,-0.0010963921482460837,-0.014476750506686953,0.0010708254062461453,-0.01541471180484133,-0.01321288413352395,0.013071708937948179,-0.017942416544072137,-0.02849541291877078,-0.0075708097747723135,-0.02867461794256565,-0.0013773382090488395,0.004606782915513197
2024-10-07,0.00019690049836151857,-0.02404009922405448,-0.0221955304608058,-0.005388332754977632,-0.00471866839804902,0.008419546580667125,0.013206236861650567,-0.02007638810321566,-0.010364801526523526,-0.009352667111790836,-0.014332874554994657,0.004844587181042304
2024-10-08,0.007034535679219633,0.02055257976550795,-0.012990492745698412,-0.005152791333523754,0.0021881798807681374,0.0073669966122225095,-0.0044100696919341376,-0.017689347812640643,0.007345292131091252,0.0030693377724970716,-0.02944749128445845,-0.004587144890486727
2024-10-09,0.011316397145737955,-0.010841499864706061,0.007966182269200983,-0.01768485216681137,0.006105448707108385,0.0021554344791234747,-0.03199136880171349,0.016888803163275234,-0.0014416588148682408,-0.0254673273008158,-0.0028836951705153435,-7.050680815068322e-05
2024-10-10,-0.0005802523252863567,0.017910073053438058,0.0035736984783492076,-0.00514636447336092,-0.0005224422772471815,-0.01728326559455906,0.000711880749864946,-0.00875436705710797,0.04181476759846259,-0.0014109189548827672,0.004149373112655175,-0.006007567253868751
2024-10-11,0.017139953892380433,-0.0068574587497161055,0.02355669835718155,0.010345973095100769,-0.01648571455704917,0.00838971875428074,-0.007824505441091922,0.01524094292022804,0.00335801906188804,-0.0002585896388789255,0.005885304794753798,-0.018498334605194344
2024-10-14,0.008833171754045743,0.022471163272313355,-0.005820521511356258,0.002119820516139015,0.007154523258763534,0.012299133390425432,0.01792303261425321,-0.012626086673138248,0.015087130720020436,-0.003881724341277648,-0.014564877456819003,-0.003024795079191067
2024-10-15,0.007651210461033564,-0.002369529134962467,-0.02160163161832296,-0.002742767429970483,0.01928148481114933,0.00020421031443129678,0.003219701013714049,-0.024618656399061245,-0.008164165613623986,-0.0071142512764853505,-0.01699097207592548,-0.004798579288416205
2024-10-16,-0.0025933670885971427,0.009322552378198568,0.008460000473627494,-7.189586873679321e-05,-0.009836666616697576,-0.020007162445430104,-0.010731172542528977,-0.008723049935485117,-0.009946172356310123,-0.008855802550303382,-0.0025058862139436533,-0.005307445976473368
2024-10-17,0.0013670689219964505,-0.01567837431578245,0.0023189172996094243,-0.015316910834753839,-0.009572421357132987,0.024998700791011297,-0.008718568596457033,-0.03150222967907634,-0.006555243698324609,-0.03393237704360608,-0.018294386105270788,0.00343102986434185
2024-10-18,-0.005407506337679169,0.005199781183269581,0.025449159665904553,-0.00786883535413574,0.027005039079667892,-0.04496724431034149,-0.004499914758781087,0.03709678310288611,0.0037552337002353386,-0.011960347286619877,0.019619521366383008,0.005867301762851218
2024-10-21,-0.007589927204330826,0.027856182662219453,-0.018447356033457374,-0.00866732365380507,-0.004309951089876529,-0.014284967477264932,-0.006266692875033564,-0.016122293709606828,-0.04374553804411363,0.0018722492301697091,-0.0023168219906762877,-0.010477678737423002
2024-10-22,-0.004831836535488021,-0.008185280922534233,-0.02616276073229995,-0.004399427280670221,0.00671137333132843,-0.000620698905458128,-0.0038251009480461118,-0.040781951708517505,-0.014559522863216823,-0.0018687504635529484,-0.029929676234301872,-0.015772600770216916
2024-10-23,0.012618267373136982,0.012393969464591148,-0.004373492167851767,-0.008352795048766959,-0.012544431186191973,0.011773624034065122,-0.003009552714103414,0.005712708182318282,0.002637312632232769,-0.009828833482546151,-0.01070545665976208,0.01263841604190219
2024-10-24,-0.0004605259745984469,0.007978955998030335,-0.03681489290630746,-0.057985148011001075,0.0009188568512625839,-0.005364583071820417,-0.0180076449199289,0.009667355354923579,-0.0031677882135948687,-0.029435097109639985,0.0013442143891810865,-0.0045126828230541705
2024-10-25,0.004038100139985623,-0.0035721316455352703,-0.017301249665748197,0.009161233573952376,0.0021552545240803855,-0.0006975969198224075,0.02247191090970113,-0.027317975660306137,0.003773670286405739,0.000907641741591414,-0.02094234911251902,0.0023839698804888343
2024-10-28,0.010473329678788668,-0.005277097282829213,0.02084716034820211,0.018888055411861115,0.02979013015710419,0.0017721746596908172,0.003835738208698425,0.02219011376944935,-0.010741442363039644,0.005020641536904069,0.024132775548594276,0.008206834259185669
2024-10-29,0.0,0.010177642346343108,0.0010101308564895994,-0.010928705069883637,0.030165846934119056,-0.002738058999651738,0.007848818276588343,-0.00429817226694329,0.005914823813294445,-0.002046636005158642,0.004552055114696252,-0.0038133775878882448
2024-10-30,-0.017603835957189173,-0.009846707832153578,-0.007497067469086405,0.0028654687028852877,-0.014791391832232326,-0.020225155043418486,0.007377808224045879,0.004316726300210849,-0.01454371942141719,0.003925302622364235,-0.007263728515571333,0.002306682113136782
2024-10-31,-0.03956390911478591,0.0006340791811547675,-0.0034137042066656464,-0.010450312723732758,-0.015165990786200956,-0.02488760128786449,-0.005594501026471188,0.0016321861492099021,-0.002017827904079894,-0.005864823320235857,-0.002752292616355012,-0.028448113487661297
2024-11-01,-0.004897933579933178,0.0009219328713974129,0.007069464089561883,0.0036586183629152558,-0.0003482133456905734,0.0020486188469643896,0.003068763741966185,0.009777291628298768,0.00768302006941135,0.008550742256651755,0.008010277742041438,0.003968913204719149
2024-11-04,0.003157996410905639,-0.013354146852815663,-0.024026685420880156,-0.005004939117263518,-0.011302116404333318,0.0015902633627447038,-0.011625653228705235,-0.02183965340366878,-0.008627687258049854,-0.01581739454717046,-0.018697832396959324,-0.005032366885867612
2024-11-05,0.00601282533363201,0.025523590157632503,0.034480221297817915,-0.0013663970535637837,0.015267789482281469,-0.005358260921865976,-0.009079550124130087,0.02953142698784683,0.016075380975398845,0.007234563780884828,0.03633890140137486,0.0018162781242143655
2024-11-06,0.036565050346397454,-0.0014789994604544887,0.015267785158411762,0.0033502829463694095,0.004357271813371977,0.039619131084214665,0.0018741500503669517,0.01687939647242742,0.003101614654894558,0.005812241221003767,0.008733285067995755,0.04237842470489195
2024-11-07,-0.0035085751052926772,-0.004956566604921053,-0.08486313141691537,-0.01007724505785057,-0.01815954420260013,-0.011323039882081165,-0.006651480815321409,-0.004464980702871824,-0.008907207373987647,-0.00560292581369537,-0.017380504394754026,0.0027177490987801978
2024-11-08,0.0030295535614759395,0.004523153775752853,0.0036260694500021007,0.013007509945897278,-0.015523571073589704,0.01491904551957779,0.00031393171810023546,-0.020631067099613598,-0.0006297167542609339,0.014494873077225856,-0.022391456318231917,-0.0009396919652061575
2024-11-11,0.016217727408013527,0.006754286243775276,0.007533232779322052,-0.006639521722813235,0.008301333967066782,0.016475900432786794,-0.002301023311882644,-0.02284359092738053,-0.0010310551212410202,-0.0072309836562652885,-0.01734782770173504,0.01246703348131084
2024-11-12,0.002972200747024756,-0.0272321317875448,-0.005645793644971087,-0.01186246949738401,0.0010240841487629826,0.004677247427422593,-0.00859627711053923,-0.021888923649482916,-0.01295873379818846,-0.010026069020316442,-0.005792629776389058,-0.00030968509345041806
2024-11-13,-0.004325047645307167,-0.0214468511258068,-0.03844094490120542,0.0014015774438460582,-0.01330082955313916,-0.00021406713637694974,-0.0013746161810120894,-0.031961615669235055,-0.019489944202247478,-0.009285501689437536,-0.03468122949340657,-0.011209354492327406
2024-11-14,-0.003110277803938355,0.006780317535256319,0.0011968826887178707,-0.03073092222826901,0.002592313134157642,-0.0020605430491517085,-0.013235902610013839,0.021836547433671027,0.011878985460352709,-0.02346495294923623,-0.008550741776372273,-0.0010722610086950635
2024-11-18,-0.01288369930166866,0.0072957538290263635,0.03777796485638074,0.014105111717546803,-0.002784473419200628,-0.028478798480818024,0.0012876444181864066,0.010656478142255565,0.008694899276860735,0.013927020711309357,0.023409274829422122,-0.030487915723788728
2024-11-19,-0.007874597913294479,0.021787651895904814,-0.016972566345523354,-0.005179633384334026,-0.003470388251280321,0.007342262905645658,0.001714675278571054,-0.02407662699218127,0.002902313089441,0.00042929038187788926,-0.012392959715223473,0.004988235908463867
2024-11-21,0.008678672087106598,-0.0006027482707913201,0.012578123934258834,-0.011429930759171203,0.0011608902495854334,0.0050965369997084675,-0.021825099387149827,0.006702098745767104,0.005411787257618039,-0.001332469892544208,0.005449558331838578,0.008243467368265867
2024-11-22,0.03378985957397762,0.0025270583179546335,0.0062495060649296885,0.026208678721913792,0.02199031995076961,0.037185432117766926,0.03828068292990827,0.008895733320622767,0.014017580809116081,0.01632610796243994,0.018257049691771998,0.04216954747106372
2024-11-25,-0.003529254762174472,0.022914698246347953,0.011884718644003867,0.010714642341232317,0.017917885150552593,-0.0065974854036705555,0.00452958060353037,-0.0019341499790741512,0.016633992582310686,0.004293885019386989,0.00623338593985312,0.016609242507109157
2024-11-26,0.004149712415875362,-2.7922993511175775e-05,0.009471801743469621,0.0031358480482466256,0.0030746671238117695,0.018230506728195817,0.00041954127205667824,0.01772586346720373,-0.003992716814998798,0.003677706711353146,0.005568316870421919,0.008713752012452503
2024-11-27,-0.004474692903219557,0.014981346850194921,-0.007506324343398485,0.003105785976875275,-0.0032568849888804374,0.00018191246633403324,-0.00010491150766955837,-0.0036402621224366216,-0.0002242294574812398,0.0038405431033887716,0.0004152517358269048,-0.004629432097072783
2024-11-28,-0.026519678054254925,-0.010566711904950399,-0.016412018368008985,-0.00993199964166136,-0.011032513926474086,-0.035255995390908734,-0.004298173646411829,0.008375080978480609,-0.013459012233612122,-0.0165790095794609,-0.007887588467707762,-0.020230604381825223
2024-11-29,0.0038839481479298055,0.0016173373374064326,0.00915031728033755,0.013788409346242592,0.010689206013412278,0.0006463363599944483,0.003895648854364664,0.010535099350932553,0.0034390094457916742,-0.0007156154592462549,0.00801999073728532,0.0061132643019541355
2024-12-02,0.012689034738592841,0.0048160723939409955,0.009753102972563044,-0.006810498307934343,0.0034997122208630937,0.011814808806523525,0.0009438561794319345,0.01334878527160499,-0.006401325646434808,0.007697015386149086,0.012937762600304437,0.0013579646490731179
2024-12-03,0.010285825738501453,0.011968727349159325,0.007470535645107246,0.001492596742223462,0.00287435517940704,0.006543226244792644,-0.009744264183721207,0.007892819889469438,-0.002309029112963046,0.004374110369338435,0.0008877548909171917,0.006103004967138448
2024-12-04,0.003649377837881884,0.01850737844170225,-0.006741045257593448,-0.007390772050263283,0.005846840953402932,-0.0015062551836474425,-0.011533194627476151,0.01047748174742491,0.004343105130730551,-0.0017242118722955446,-0.004708471775488499,0.012003736831372791
2024-12-05,0.013885584895021008,0.0030375035376459802,0.011763834246819815,0.012213537134425412,0.015538955768787277,0.024136505099362937,0.0008563639089407271,-0.001122385301165263,0.010042601763733172,0.0034103211024041347,0.008364774931969077,0.025181568369338603
2024-12-06,-0.0006756960694402903,-0.005306231280730711,-0.0010434243234169749,-0.004329450921443656,-0.005798739504499606,-0.0064345542409252054,0.007807437590118704,0.015677646385728217,0.0010140939611753552,0.001015162504839795,0.008295279724548799,-0.004155320982037303
2024-12-09,-0.006657245487263208,0.007624548819251897,0.0011191944368909024,-0.03343666112904431,-0.004854203101657517,0.0006502507872017116,-0.013159327814413535,0.01907074606036474,0.005233661700227321,-0.017175175258174025,0.010722279709053373,0.0014958482284568309
2024-12-10,0.01384884742738568,-0.0010160284659987973,-0.0029811208812901002,-0.001416122523339114,0.006163448747871891,0.012944100201867537,0.0010754409052133873,0.03634192886591414,0.004730568250595368,-0.006460698511828955,0.002935713408362295,-0.004402498354262874
2024-12-11,-0.0028145370929835156,-0.0026765342702549377,0.002392027628544069,0.0016684013435577238,-0.0022172618937548183,0.01313796061585304,-0.0004297717628588549,-0.007681885287645462,0.0,0.012011889224049277,0.0018627034254545816,-0.0011504075462649421
2024-12-12,0.0027448150848892183,-0.002066410548986708,-0.0026846094222023886,-0.023486767123806818,0.0013182461821501512,0.006509166674253386,-0.009994547120712127,0.005630075256019662,-0.014487154245999001,-0.007585594189750133,0.001195151791639093,0.006211245078382666
2024-12-13,0.016837114662790365,0.006723119648891718,-0.00986997320760341,0.019254096990888536,0.011773636785378017,0.0063914845819594834,0.020408114321893267,-0.0014996042040276159,0.02089108113031246,0.013241517034638939,-0.012136912927658727,0.004253766331548059
2024-12-16,-0.007314091161324088,-0.0034994000546900716,-0.012988918430825391,-0.010020592138950457,0.0008921563686510314,-0.009826420951567383,0.00021280561339609427,-0.022678356086005658,-0.0006645583542302935,-0.0065453535904389515,-0.007787922775758682,-0.013120632128766019
2024-12-17,-0.001944293918884954,-0.017129482565494958,-0.021499584720889864,-0.0012255041044194614,-0.009174604523607521,-0.0017424414911683117,-0.0011700394425480098,-0.025202310241010495,-0.01130542815478297,-0.015991011330576788,-0.01427694649639577,-0.019636805896937615
2024-12-18,0.004998416239068604,-0.0123006319336868,-0.01008684505527968,-0.0017138338343983817,-0.014695336898527867,0.0012901478233444674,0.0020233057273981725,-0.02107200361268502,-0.0022700718457916436,-0.006763673765799005,-0.008374429644651293,0.00447050050850839
2024-12-19,-0.013313859777769443,-0.009499073720226958,-0.005766169893086981,0.0002757128299109013,-0.020735862277997175,-0.016648642263975,-0.008395394367967768,-0.00971599264693812,-0.010056150142456532,-0.012636847405824492,-0.0083069063129656,-0.01746850860983762
2024-12-20,-0.011839285913416653,-0.012266490365472671,-0.010645842017787288,-0.010996603113200054,0.0011656002071582794,-0.012357312731203551,-0.004072416565001569,-0.015557313716308085,-0.010527273988278907,0.0014349760749288176,-0.018009255207266706,-0.023783259309017812
2024-12-23,-0.004368607273470992,0.016652554470470093,0.01846941365012933,0.0021423587765383445,0.006519723533780608,0.0011185035774330387,0.020660672688980197,0.03606632123375242,0.0010323857020320126,-0.00550029336044533,0.0073217184044791495,-0.0028776959780042466
2024-12-24,-0.0031792142445538074,-0.0016102191210085604,-0.010565358259825186,-0.0014323086651218953,0.00034699156510753504,-0.007924952618270753,0.008856116012275317,0.00201955998580039,0.0021198840838281274,0.0070179075454179785,-0.00938541751373101,0.005098426521690458
2024-12-26,0.002003177714151816,-0.004087635638419518,0.002071864619364483,-0.0011988690750013298,7.699820049889006e-05,-0.0008642859696327276,-0.0031351484619988046,-0.001432082289167469,0.002144047538673144,-0.007753726363745828,-0.00014248714028530785,-0.0024883697700738283
2024-12-27,-0.004603409277242565,0.004188217402619765,-0.01805163163265744,0.0036437733738174938,0.007862314302367057,0.004901922993163943,0.0034594953472655288,-0.018909027501760267,0.004050751264541574,0.007302808309993525,-0.010330510477022825,-0.0010193758534774444
2024-12-30,0.019529481079493483,-0.011316565940579282,-0.02640113764011376,0.0009610296069124669,-0.009865813162376558,-0.005608404922481491,-0.0033430077123897117,-0.0056845406716320435,-0.010909778385279845,-0.002632242432517806,-0.014613748902192802,-0.0014526198573504567
2024-12-31,-0.005987584169180549,-0.0028404389771858884,0.0022459465972446413,-0.007104727515949039,-0.010041365130055269,-0.013641210274873639,0.013941230608476296,0.013503254839837275,0.026052694258056786,0.004699408740714173,0.008547550648592361,-0.015389120984369398
2025-01-01,-0.0028424200202434857,0.005584146155594105,-0.015768957498569658,-0.0020413484462007414,0.00156053181895488,0.0013297652758048617,0.0006202604526379663,0.007950902062693999,0.0013157335404796466,-0.00036866593345008525,-0.009489240324639603,0.00431041820504352
2025-01-02,0.031512284174827876,0.0061702983181806115,0.010203265870447842,0.020627744493558975,0.005414204673572787,0.040026585357223254,0.010538306460398328,0.003837634055936512,0.027259083485379643,0.014267430206670761,0.010530798131040298,0.015392310712413426
2025-01-03,-0.012955008707664306,-0.024836283941186754,-0.01310516764110159,0.015295384767752829,-0.019796998391386045,-0.00975561532049507,-0.015233580680640513,0.017149788164459556,0.0008164754586303946,0.014771525219481996,0.0013026885126896648,-0.018164434709754818
2025-01-06,0.003287702595780262,-0.022124311924074824,-0.02884213663992652,-0.012488327133121202,-0.0007509769117627352,-0.0004641597072423398,-0.045478142282547984,-0.019314096237070033,-0.03208875115280119,-0.021364382348290967,-0.044666134517198475,-0.0011951239145054915
2025-01-07,-0.019021545391756933,0.001695341020026886,0.01811529907598075,0.006144402403263971,0.011984860184416135,-0.0036122687163170353,-0.003501585099301985,0.0022356354125847577,-0.004270502467749515,0.012654601981534785,0.009078649179410814,-0.01628824682390906
2025-01-08,0.0085338031641502,-0.01114732237242666,0.0036784467424655354,0.00426625615092413,-0.012116498550778121,0.0011911837561069394,0.01915671772284666,0.0011683637801251923,-0.0019186317714076084,0.003276647312405956,-0.005548122989636584,0.019884324824047006
2025-01-09,0.0013197956466757255,-0.015640693917462478,0.004431914648333146,0.01432731135701526,-0.0010681986534116783,-0.008198986696004718,0.0012234640969139843,-0.011670457179147609,0.012184395885288524,0.016284471871864437,-0.020431283606660022,-0.01692864947150874
2025-01-10,0.031165914638305425,-0.006625543270068146,-0.025116684202860062,0.0027306908476321112,-0.009941440575865546,0.02589567172437679,-0.011553064386039646,-0.014867685418686327,-0.01899239372410555,-0.003612539274021942,-0.019241043232513966,0.056154429681115836
2025-01-13,-0.002856913655559845,-0.01563300789054567,-0.018626562220721454,0.003664979625482845,-0.01608188990699455,-0.0024148729027209104,-0.01314901033223459,-0.04467690819860126,-0.010135456334744997,-0.0046932212704627885,-0.035313539441252706,0.00596636123301586
2025-01-14,-0.08839349096007665,0.009657521848774886,0.04815973237467852,-0.03388421938106578,0.008578995146031776,-0.011288274775039686,-0.005580214249217397,0.0378692934853504,0.0070179613482233005,-0.0081793518875376,0.032538847480551025,-0.013527972157710844
2025-01-15,0.006699422369673469,-0.0021559767343256597,0.0010999055752238807,0.002132763728294851,-0.0016529238731658458,0.004948280229359003,0.0017179125568482778,0.0003846545227050857,0.02227807098377599,-0.008742597494410975,-0.003151343657427308,0.00390974499427954
2025-01-16,-0.01832162162332207,0.005477639716709337,0.018679721736845734,-0.011799487302270095,0.008762404166947624,-0.010873780624752305,-0.010289282477074724,0.008349296214480884,0.008912559958261346,-0.013797556962683366,0.010116191601775792,-0.010189267384919987
2025-01-17,0.008257050271158084,-0.00926122024099274,0.023896552241320146,0.00383797095225602,-0.018933698473431293,-0.058596278764030174,0.016980429015472698,0.007408710391863638,-0.026003143184092026,0.022080834257603987,0.019325566618380696,-0.0014527373881193517
2025-01-20,0.004080730331860849,0.008858957987167182,0.0018639140461094161,-0.0037383726438835474,0.00612024591804583,-0.001184241816280518,-0.0056792758163661805,0.009895583655302298,0.09206187551511968,-0.0014433043210517749,0.010592612941207946,-0.011274543336594833
2025-01-21,0.0034516784709803794,-0.005359553978894871,-0.005176824955622328,-0.002004065171240965,-0.029847087515220028,-0.006948705669884037,-0.0003426454140597057,-0.015956290251258,-0.014162928241810535,-0.007926790188913624,-0.014886913702651938,-0.010287449377415658
2025-01-22,0.014036817343741292,0.014399739783524046,-0.0024392143524224474,0.0010467519826722338,0.0035947765854835723,0.03096020848551917,-0.0012570181487520093,-0.024050527604830507,0.012781876384681867,0.005167503973830145,-0.006013861026874623,0.029919330395785426
2025-01-23,-0.011325710918509868,-0.0006902436675249035,-0.008476592653499426,-0.00906982864929462,0.0010830240564758675,0.004847909433837616,0.007322657702852453,-0.0042372927589047205,-0.011812248128912128,-0.0040084575927097355,0.011247271496706013,-0.0026824328056476165
2025-01-24,-0.007830720564316995,-0.009069579141327888,-0.002219444056404174,0.019985505472289278,0.00619928337131781,0.005360683242882525,0.003180373955157245,-0.011422177759344954,-0.004565057061600819,0.004069940661693305,-0.004832307978009154,0.001664578936167116
2025-01-27,-0.04512360889080824,-0.012122761937365167,-0.03295441087842532,0.010451359985081732,0.01550613138380208,-0.028499852936022196,-0.0033967041233273765,-0.04548020880685888,-0.002544713911631802,-0.015014268003874953,-0.02597506148095763,-0.021000215390879706
2025-01-28,-0.010923237326822433,0.024910995828746785,-0.022235512582227557,-0.0016716430442005326,0.015432250267522374,0.004253628386954311,-0.01056576645090479,-0.0018395133802716623,0.003375110752545707,-0.008483577974932932,0.017804783116377676,-0.006112905428503623
2025-01-29,0.015207448681520352,0.004130751303307534,0.01786176713136145,-0.002051235826129094,0.003809442255192863,0.028145895061457038,-0.004822710217470494,0.009392510799955067,0.017269291029415657,0.01131560942987786,0.016949197810649297,0.01472644875021678
2025-01-30,-0.003432201704913984,0.008465988045161854,0.006420164408754925,0.010402942445256746,0.0031557720948764967,-0.011322250968301195,0.006576729214097243,-0.010541851467994579,-0.009815990548825648,0.01680653436909596,0.002446411845728358,6.099130836889621e-05
2025-01-31,0.007209096242854596,0.004286143527001629,0.010972138797812114,0.024929981299443016,-0.0022299148946676173,0.010672387149428975,0.02590552245276556,-0.057734679107920406,-0.00010516320823783509,0.04322728300465317,0.026693140409879357,0.0030122324469865625
2025-02-01,-0.018227032045991964,-0.004591654064610928,-0.013208707026725497,0.01508824878116144,0.002195033460636431,-0.015134633072867887,0.033631210627786734,-0.019202851130156184,0.0009467291123821386,0.006052132091013407,-0.012256710047092167,-0.009544330361409226
2025-02-03,-0.0011806916123011657,-0.007658376597711403,-0.021144217711751234,-0.025578125972034793,-0.0020310168506796344,0.00645477951097484,-0.01772768341629616,0.0403813168722853,-0.009773561015181453,-0.004339934302983961,-0.008648465839100061,-0.0011048404749753882
2025-02-04,0.023965755760005925,0.025566239890489006,0.01724591089589489,-0.0015970986058962966,0.012130889713115378,0.01905222696767961,0.0017606869027071426,-0.007552345107455394,0.02334842408047444,-0.007617337509825406,0.012137645666080887,0.009438002673496593
2025-02-05,-0.011370497221331877,0.00982041321395477,0.02851264794896924,-0.019277633846932374,-0.0003942948015649428,-0.0009216392814788144,-0.015379481740060985,0.02151950526309121,-0.008685476300300476,-0.02196165354677293,0.007345267725657578,-0.003883453947520099
2025-02-06,0.00621771541760463,0.003481369617795549,-0.008574726019880852,-0.007674527649981666,0.0037075420067769205,0.009804663978037809,-0.015731400400809892,-0.011601648936821696,0.0021969061762925346,-0.0042242212584795436,-0.013839397693426014,-0.002041009353489165
2025-02-07,0.0012474270351219285,-0.006365263493061657,0.020068913968434465,-0.0037298687220767013,-0.012181631928573244,-0.006264167333139614,-0.023237353911594982,0.04349169450880663,0.006941685915462736,-4.4973606806886224e-05,0.043534128767837466,-0.013067175920000063
2025-02-10,0.004751830699520676,-0.009810946181598723,-0.018768537065730007,-0.0010152695402834144,0.004534882412209784,-0.01226590887423673,-0.008471611114290512,-0.004677071084253637,0.016016584722810423,-0.0018200728893219553,-0.03087274068476109,0.0018737427597914635
2025-02-11,-0.0061424808971117795,-0.008363660408577389,-0.00025170792596274083,-0.019564222359409134,-0.007801328543657449,-0.0024730180813462566,-0.02083330503971892,-0.007256683498334859,-0.021197319511863433,-0.011503570040932498,-0.029319550735620092,-0.01818201839468203
2025-02-12,-0.0034239097519653816,0.0031738693122389527,0.005118799422370701,0.0074504547017637535,-0.0007583502979394696,-0.006664379918906005,-0.004613896150889585,-0.006171393712948059,0.013212724287750444,-0.0007971235292228984,0.01667823072801622,-0.0033808752856321345
2025-02-13,-0.008268658945592589,-0.005331687981506628,0.00601091701285994,-0.00471582662029657,-0.002316674405292707,-0.010680837537941357,-0.0004878511742721914,0.013444270688503401,0.014840946691678347,-0.00738455578169972,0.03001213120493662,-0.010126199763519361
2025-02-14,0.004785369458431443,-0.0016787546083585347,0.006141132782862879,-0.0013569304346354727,0.00896790493122479,0.007134111379769603,0.001342361720168439,-0.008566312173904578,-0.010340595628653526,0.008403926375256887,-0.013064261230215313,0.006316918874243349
2025-02-17,-0.0007889147036644895,0.013275527827093958,0.0076706382309761345,0.004766273999621484,-0.007102610795437392,-0.007595271793347624,-0.00402184129451344,0.005220260806079402,-0.0036366299508767685,0.009404109313790432,-0.001338629326247287,-0.007713067223527492
2025-02-18,0.009123315499217632,0.0033190924250390275,0.0009823553479233471,-0.01433837676799965,-0.006474032245394001,0.005237981244643475,-0.008198786261233826,0.011102450586213619,0.00927883351358516,0.0026618559906550487,0.0018615703281734675,-0.008016510165832047
2025-02-19,-0.007649941354818668,0.0024084914347874964,0.02428651798655923,-0.019860711965474342,0.014963245270157799,-0.022219803205937083,0.002837762172165137,0.015526297832580083,0.011027067520694711,-0.007851903216425482,0.009067954647692389,-0.023004142312001097
2025-02-20,-0.01445422315274536,-0.02321676029499764,0.019958482696280422,-0.0010442440837401534,-0.009273618095572256,0.007924658002033347,-0.010703745354408656,0.022322987137778583,-0.007279638199880534,0.0008162887502398686,0.01679435793673356,-0.001242031057184123
2025-02-21,0.007792250964447911,0.0032007714646093977,0.02309010525120292,-0.0028468833766631674,-0.013600577727836072,-0.005561200683328216,-0.0028604274311857525,0.0011941219903173206,-0.008880775457690615,0.003715876365766313,0.019704482533362322,0.001746272080016542
2025-02-24,-0.033309728327982624,-0.00909894534719069,-0.01782562602959281,-8.929189420381345e-05,-0.011841478808514938,-0.02804411435274512,0.002494490963089957,-0.02055998650095936,0.006681857660616242,0.002460512447622243,-0.022094328757692683,-0.029160140402899826
2025-02-25,-0.004835591354143132,0.0031303730207494773,-0.03497429103267469,0.007963662386152315,0.004760558064622611,0.002040664095347644,0.007340106082881492,-0.006320671893748964,0.0005849950668963544,0.01351103674793741,-0.004213511983337415,-0.012528500571042156
2025-02-27,-0.004217346359271179,0.01090733369971053,0.020179186819733186,-0.00635160834481574,-0.0013887422045287812,-0.0019233175681632186,-0.00802768301691592,0.006069085707099076,-0.010014037419503463,0.012353458489722247,0.011818682536093306,-0.004683848409128943
2025-02-28,-0.03323720210908088,0.018639454545123835,0.0037976387975979797,-0.02436566630636905,-0.015010820989428963,-0.043416699975758144,-0.01643426334169329,-0.006786497894366583,-0.022900571153362748,-0.038868448969898384,-0.010743349538670843,-0.035791878380564746
