date,headline,url
2021-10-25,Competition Commission Okays HDFC Bank Stake Buy In HDFC ERGO,https://www.ndtv.com/business/competition-commission-okays-hdfc-banks-stake-buy-in-hdfc-ergo-2587630
2021-11-02,hdfc bank : BSE signs MoU with HDFC Bank to promote listing of SMEs,https://economictimes.indiatimes.com/small-biz/sme-sector/bse-signs-mou-with-hdfc-bank-to-promote-listing-smes/articleshow/87486258.cms
2021-10-08,"Amazon Great Indian Festival 2021 Sale : HDFC Bank Resets Discounts on Debit , Credit Cards",https://www.digit.in/news/general/amazon-great-indian-festival-2021-sale-hdfc-bank-resets-discounts-on-debit-credit-cards-61388.html
2021-10-15,"HDFC Bank Q2 FY22 Preview : HDFC Bank Retail Credit Growth Accelerates , Asset Quality May Improve : What To Expect",https://www.ndtv.com/business/hdfc-bank-q2-fy22-preview-hdfc-banks-retail-credit-growth-accelerates-asset-quality-may-improve-what-to-expect-2576724
2021-10-19,HDFC fraud employees arrested for trying to withdraw money from NRI account,https://www.indiatvnews.com/business/news-hdfc-atm-fraud-employees-arrested-for-trying-to-withdraw-money-from-nri-account-741199
2021-10-16,"HDFC Bank Q2 FY22 Results : HDFC Bank Net Profit Rises 17 . 5 % To Rs 8 , 834 Crore In July - September Quarter",https://www.ndtv.com/business/hdfc-bank-q2-fy22-results-hdfc-bank-net-profit-rises-17-5-to-rs-8-834-crore-in-july-september-quarter-2577477
2021-10-18,HDFC Bank Shares Touch 52 - Week High On Jump In Net Profit net profit in the July - September quarter,https://www.ndtv.com/business/hdfc-bank-shares-touch-52-week-high-on-jump-in-net-profit-net-profit-in-the-july-september-quarter-2578998
2021-10-11,HDFC Bank Share Price : Live NSE / BSE Stock Price Today,https://www.business-standard.com/company/hdfc-bank-4987.html
2021-12-02,HDFC Bank hikes interest rate on fixed deposits . Check latest FD rates here,https://www.indiatoday.in/business/story/hdfc-bank-hikes-interest-rate-on-fixed-deposits-check-latest-fd-rates-here-1883321-2021-12-02
2021-11-24,HDFC Bank to tap into Equitas SFB customer base with co - branded credit card,https://www.msn.com/en-in/money/news/hdfc-bank-to-tap-into-equitas-sfbs-customer-base-with-co-branded-credit-card/ar-AAR3eeA
2021-11-23,HDFC Bank to tap into Equitas SFB customer base with co - branded credit card,https://www.msn.com/en-in/money/news/hdfc-bank-to-tap-into-equitas-sfb-s-customer-base-with-co-branded-credit-card/ar-AAR3eeA
2021-10-18,HDFC Bank share price target : HDFC Bank shares hit record high as brokerages raise target prices after Q2 results,https://economictimes.indiatimes.com/markets/stocks/news/hdfc-bank-shares-hit-record-high-as-brokerages-raise-target-prices-after-q2-results/articleshow/87103837.cms
2021-11-26,"MacBook Air M1 , iPhone 12 , AirPods Pro available with massive discounts during Black Friday sale in India",https://www.indiatoday.in/technology/news/story/macbook-air-m1-iphone-12-airpods-pro-available-with-massive-discounts-during-black-friday-sale-in-india-1881216-2021-11-26
2021-11-26,"MacBook Air M1 , iPhone 12 , AirPods Pro available with massive discounts during Black Friday sale in India",https://www.businesstoday.in/technology/story/macbook-air-m1-iphone-12-airpods-pro-available-with-massive-discounts-during-black-friday-sale-in-india-313593-2021-11-26
2021-12-03,HDFC Bank vs ICICI Bank vs SBI FD rates : Check who is offering highest interest rate,https://economictimes.indiatimes.com/wealth/invest/hdfc-bank-vs-icici-bank-vs-sbi-fd-rates-check-who-is-offering-highest-interest-rate/articleshow/88069229.cms
2021-11-08,HDFC Bank launches fifth Parivartan SmartUp grants,https://www.freepressjournal.in/business/hdfc-bank-launches-fifth-parivartan-smartup-grants
2021-10-05,"Amazon Great Indian Festival 2021 Sale : HDFC Bank Resets Discounts on Debit , Credit Cards",https://gadgets.ndtv.com/apps/news/amazon-great-indian-festival-2021-sale-discounts-offers-hdfc-bank-credit-debit-cards-2564278
2021-11-12,"HDFC Bank Net banking platform , mobile banking app to be down tomorrow night : Get the timing here",https://economictimes.indiatimes.com/wealth/personal-finance-news/hdfc-bank-net-banking-platform-mobile-banking-app-to-be-down-tomorrow-get-the-timing-here/articleshow/87667632.cms
2021-10-04,"Top 5 Deals on Refrigerators Under Rs 40 , 000 on Amazon from Samsung , Panasonic , Whirlpool , LG , more",https://www.bgr.in/photo-gallery/top-5-deals-refrigerators-amazon-great-indian-festival-sale-how-to-avail-check-discounts-price-1012426/
2021-11-23,Equitas Small Finance Bank ties up with HDFC Bank to offer co - branded credit cards,http://www.uniindia.com/equitas-small-finance-bank-ties-up-with-hdfc-bank-to-offer-co-branded-credit-cards/business-economy/news/2571629.html
2021-10-16,"HDFC Bank Q2 consolidated profit rises 18 % to Rs 9 , 096 crore",https://www.indiatvnews.com/business/news-hdfc-bank-q2-consolidated-profit-rises-18-pc-to-rs-9096-crore-740659
2021-10-25,CCI approves HDFC Bank acquisition of 4 . 99 pc stake in HDFC ERGO General Insurance Co,https://economictimes.indiatimes.com/industry/banking/finance/banking/cci-approves-hdfc-banks-acquisition-of-4-99-pc-stake-in-hdfc-ergo-general-insurance-co/articleshow/87261131.cms
2021-10-19,HDFC Bank detects unauthorised and suspicious attempts to transact,https://www.thehindubusinessline.com/money-and-banking/hdfc-bank-detects-unauthorised-and-suspicious-attempts-to-transact/article37067673.ece
2021-10-07,"Amazon Great Indian Festival sale 2021 : Apple iPhone 11 and iPhone XR to get Rs 1 , 000 additional discount",https://www.digit.in/news/general/amazon-great-indian-festival-sale-2021-apple-iphone-11-iphone-xr-1000-additional-discount-61377.html
2021-10-05,"HDFC Bank announces 10 , 000 offers under  Festive Treats 3 . 0  campaign ; check out full details",https://www.businesstoday.in/industry/banks/story/hdfc-bank-announces-10000-offers-under-festive-treats-30-campaign-check-out-full-details-308518-2021-10-05
2021-11-16,HDFC Bank integrates with e - NAM to reach over 1 . 71 crore farmers - Jammu Kashmir Latest News | Tourism,https://www.dailyexcelsior.com/hdfc-bank-integrates-with-e-nam-to-reach-over-1-71-crore-farmers/
2021-12-25,"Apple Days Sale : iPhone 13 , iPhone 12 and others gets massive discount : Check details here",https://zeenews.india.com/technology/apple-days-sale-iphone-13-iphone-12-and-others-gets-massive-discount-check-details-here-2422554.html
2021-12-26,"iPhone 13 , Mac Mini M1 , AirPods and other Apple products get big discounts , all details here",https://www.indiatoday.in/technology/news/story/iphone-13-mac-mini-m1-airpods-and-other-apple-products-get-big-discounts-all-details-here-1892460-2021-12-26
2021-12-17,"HDFC Bank loan book to MSMEs crosses Rs 13 , 000 cr in Uttar Pradesh",https://economictimes.indiatimes.com/industry/banking/finance/banking/hdfc-banks-loan-book-to-msmes-crosses-rs-13000-cr-in-uttar-pradesh/articleshow/88338597.cms
2021-12-26,"iPhone 13 , Mac Mini M1 , AirPods and other Apple products get big discounts , all details here",https://www.businesstoday.in/technology/story/iphone-13-mac-mini-m1-airpods-and-other-apple-products-get-big-discounts-all-details-here-316880-2021-12-26
2021-12-27,HDFC Bank Ties Up With Indian Post Payments Bank To Extend Rural Reach,https://www.ndtv.com/business/hdfc-bank-ties-up-with-ippb-to-deliver-banking-services-in-semi-urban-rural-areas-2673808
2021-10-02,Amazon Great Indian Festival sale 2021 : Best deals and offers on laptops,https://www.digit.in/news/general/amazon-great-indian-festival-sale-2021-best-deals-and-offers-on-laptops-61311.html
2021-12-28,"HDFC Bank , India Post in sales pact - Times of India",https://timesofindia.indiatimes.com/business/india-business/hdfc-bank-india-post-in-sales-pact/articleshow/88531057.cms
2021-12-14,India banking revolution has started without the banks,https://timesofindia.indiatimes.com/india/indias-banking-revolution-has-started-without-the-banks/articleshow/88254110.cms
2021-11-08,ALERT ! HDFC Bank warns customers of online fraud ; Here how you can keep your money safe,https://www.dnaindia.com/personal-finance/report-alert-hdfc-bank-warns-customers-of-online-cyber-fraud-here-s-how-you-can-keep-your-money-safe-2918738
2021-10-05,Amazon Great Indian Festival : Top 10 smartphone deals you should check out,https://www.digit.in/news/mobile-phones/amazon-great-indian-festival-top-10-smartphone-deals-you-should-check-out-61349.html
2021-10-04,"Amazon Great Indian Festival sale 2021 : Best deals on OnePlus 9 , OnePlus 9 Pro , OnePlus 9R , and more",https://www.digit.in/news/mobile-phones/amazon-great-indian-festival-sale-2021-best-deals-on-oneplus-9-oneplus-9-pro-oneplus-9r-and-more-61337.html
2021-10-05,"hdfc bank : HDFC Bank launches festive offers , partners with over 10 , 000 merchants",https://economictimes.indiatimes.com/industry/banking/finance/banking/hdfc-bank-launches-festive-offers-partners-with-over-10000-merchants/articleshow/86777003.cms
2021-12-27,"HDFC Bank ties up with IPPB to deliver banking services in semi - urban , rural areas",https://economictimes.indiatimes.com/industry/banking/finance/banking/hdfc-bank-ties-up-with-ippb-to-deliver-banking-services-in-semi-urban-rural-areas/articleshow/88522549.cms
2021-10-02,Amazon Great Indian Festival sale 2021 : Best deals and offers on mobiles,https://www.digit.in/news/general/amazon-great-indian-festival-sale-2021-best-deals-and-offers-on-mobiles-61308.html
2021-12-27,"India Post Payments Bank partners HDFC Bank for banking products , services in semi - urban and rural areas",https://www.thehindubusinessline.com/money-and-banking/india-post-payments-bank-partners-hdfc-bank-for-banking-products-services-in-semi-urban-and-rural-areas/article38048771.ece
2021-11-11,HDFC Bank signs MoU with Manipal Business Solutions,https://www.freepressjournal.in/business/hdfc-bank-signs-mou-with-manipal-business-solutions
2021-10-16,"HDFC Bank Q2 net profit jumps 18 % to Rs 9 , 096 crore",https://www.businesstoday.in/latest/corporate/story/hdfc-bank-q2-net-profit-jumps-18-to-rs-9096-crore-309553-2021-10-16
2021-12-03,"After ICICI , now Axis Bank and HDFC bank ATM transaction charges to be hiked from 01 January 2022",https://zeenews.india.com/personal-finance/after-icici-now-axis-bank-and-hdfc-bank-atm-transaction-charges-to-be-hiked-from-01-january-2022-2415901.html
2021-10-29,HDFC Bank Ltd slips for fifth straight session,https://www.business-standard.com/article/news-cm/hdfc-bank-ltd-slips-for-fifth-straight-session-121102900774_1.html
2021-12-27,"HDFC Bank , IPPB team up to deliver banking services in semi - urban , rural areas",https://www.siliconindia.com/news/general/hdfc-bank-ippb-team-up-to-deliver-banking-services-in-semiurban-rural-areas-nid-217715-cid-1.html
2021-11-30,"Santosh Haldankar @ Santosh ... vs The State Of Bihar on 29 November , 2021",https://indiankanoon.org/doc/77080824/
2021-10-16,"HDFC Bank Q2 results : Q2 Takeaways : HDFC Bank profit , asset quality in - line with estimates , subsidiaries log solid growth",https://economictimes.indiatimes.com/markets/stocks/earnings/q2-takeaways-hdfc-banks-profit-asset-quality-in-line-with-estimates-subsidiaries-log-solid-growth/articleshow/87064557.cms
2021-11-06,Alert ! HDFC Bank warns customers of cyber fraud ; Here how to avoid loss of money | Personal Finance News,https://zeenews.india.com/personal-finance/alert-hdfc-bank-warns-customers-of-cyber-fraud-here-s-how-to-avoid-loss-of-money-2408319.html
2021-10-08,"Amazon Prime Fridays sale : Best deals on smartphones , tablets , appliances and more",https://www.businessinsider.in/tech/amazon-prime-fridays-sale-best-deals-on-smartphones-tablets-appliances-and-more/articleshow/86862170.cms
2021-10-19,Delhi Police cyber cell busts attempt to siphon money out of NRI account,https://www.telegraphindia.com/business/delhi-police-cyber-cell-busts-attempt-to-siphon-money-out-of-nri-account/cid/1835166
2021-10-05,hdfc bank : HDFC Bank posts strong loan growth in September quarter,https://economictimes.indiatimes.com/industry/banking/finance/banking/hdfc-bank-posts-strong-loan-growth-in-september-quarter/articleshow/86780136.cms
2021-11-26,Bank latest fixed deposit ( FD ) rates : HDFC Bank vs SBI vs Axis Bank vs ICICI Bank,https://zeenews.india.com/personal-finance/bank-latest-fixed-deposit-fd-rates-hdfc-bank-vs-sbi-vs-axis-bank-vs-icici-bank-2413681.html
2021-11-14,Market Capitalisation : M - cap of 6 of top - 10 valued companies jump more than Rs 1 . 18 lakh cr,https://economictimes.indiatimes.com/markets/ipos/fpos/m-cap-of-6-of-top-10-valued-companies-jump-more-than-rs-1-18-lakh-cr/articleshow/87695066.cms
2021-10-06,"HDFC Bank Ltd soars 1 . 65 %, rises for third straight session",https://www.business-standard.com/article/news-cm/hdfc-bank-ltd-soars-1-65-rises-for-third-straight-session-121100600614_1.html
2021-11-14,Market cap of six of top - 10 most valued firms jumps over Rs 1 . 18 lakh crore,https://www.businesstoday.in/markets/company-stock/story/market-cap-of-six-of-top-10-most-valued-firms-jumps-over-rs-118-lakh-crore-312157-2021-11-14
2021-10-31,Market cap of 9 most valued stocks tumbles by over Rs 2 . 48 lakh crore,https://economictimes.indiatimes.com/markets/stocks/news/market-cap-of-9-most-valued-stocks-tumbles-by-over-rs-2-48-lakh-crore/articleshow/87419620.cms
2021-10-21,"HDFC Bank , Mastercard , USAID and DFC Launch $100 Million Credit Facility for Micro , Small and Medium Enterprises ( MSMEs ) in India",https://www.dailyexcelsior.com/hdfc-bank-mastercard-usaid-and-dfc-launch-100-million-credit-facility-for-micro-small-and-medium-enterprises-msmes-in-india/
2021-11-08,"Top 5 budget - friendly air purifiers under Rs 20 , 000 : Philips air purifier , Mi true HEPA purifier , more",https://www.bgr.in/photo-gallery/top-5-affordable-air-purifier-under-rs-20000-philips-air-purifier-mi-hepa-air-purifier-samsung-air-purifier-1019943/
2021-10-19,3 HDFC bank staffers among 12 held for bid to withdraw from ...,https://menafn.com/1102993776/3-HDFC-bank-staffers-among-12-held-for-bid-to-withdraw-from-NRI-account&source=22
2021-10-27,"CBI arrests six persons in connection with Rs 6 , 000 crore remittance scam in Bank of Baroda : Officials",https://economictimes.indiatimes.com/news/india/cbi-arrests-six-persons-in-connection-with-rs-6000-crore-remittance-scam-in-bank-of-baroda-officials/articleshow/87313750.cms
2021-10-17,Mcap of eight of top - 10 most valued firms jump over ₹ 1 . 52 lakh crore,https://www.thehindubusinessline.com/markets/stock-markets/mcap-of-eight-of-top-10-most-valued-firms-jump-over-152-lakh-crore/article37035750.ece
2021-10-19,"Three HDFC Bank employees , 9 others arrested for trying to make unauthorized withdrawal from NRI account",https://www.dnaindia.com/india/report-three-hdfc-bank-employees-9-others-arrested-for-trying-to-make-unauthorized-withdrawal-from-nri-account-2916156
2021-10-19,India News | No Amount Was Withdrawn from High - value Account : DCP Cyber Cell,https://www.latestly.com/agency-news/india-news-no-amount-was-withdrawn-from-high-value-account-dcp-cyber-cell-2966520.html
2021-12-05,"TCS share price : Seven of top - 10 cos add Rs 1 . 31 lakh cr in m - cap ; HUL , TCS lead chart",https://economictimes.indiatimes.com/markets/stocks/news/seven-of-top-10-cos-add-rs-1-31-lakh-cr-in-m-cap-hul-tcs-lead-chart/articleshow/88102951.cms
2021-12-05,Seven of top - 10 most valued cos add over Rs 1 . 29 lakh cr in m - cap ; TCS lead gainer,https://www.businesstoday.in/markets/company-stock/story/seven-of-top-10-most-valued-cos-add-over-rs-129-lakh-cr-in-m-cap-tcs-lead-gainer-314469-2021-12-05
2021-12-27,HDFC Bank and Axis Bank remind customers that ATM withdrawals will cost ₹21 plus taxes from Jan 1,https://www.businessinsider.in/finance/news/hdfc-bank-and-axis-bank-remind-customers-that-atm-withdrawals-will-cost-21-plus-taxes-from-jan-1/articleshow/88517043.cms
2021-12-12,Reliance | TCS | SBI |ICICI Bank : 7 out of top 10 most - valued cos add over Rs 2 . 28 lakh cr to m - cap,https://economictimes.indiatimes.com/markets/stocks/news/7-out-of-top-10-most-valued-cos-add-over-rs-2-28-lakh-cr-to-m-cap/articleshow/88234912.cms
2021-12-15,HDFC Bank Ltd down for fifth straight session,https://www.business-standard.com/article/news-cm/hdfc-bank-ltd-down-for-fifth-straight-session-121121500654_1.html
2021-10-16,HDFC Bank Profit Tops Estimates on Post - Covid Wave Loan Growth,https://www.bnnbloomberg.ca/hdfc-bank-profit-tops-estimates-on-post-covid-wave-loan-growth-1.1667134
2021-11-16,HDFC Bank urges customers to  keep their mouth shut  to prevent frauds,https://www.indiantelevision.com/mam/marketing/mam/hdfc-bank-urges-customers-to-keep-their-mouth-shut-to-prevent-frauds-211116
2021-12-24,"iPhone 13 available at Rs 69 , 900 , iPhone 13 mini at Rs 60 , 400 : How to get the deal",https://www.bgr.in/best-deals/iphone-13-discount-available-at-rs-69900-iphone-13-mini-at-rs-60400-how-to-get-the-deal-1030791/
2021-10-17,Market cap of 8 of top - 10 most valued stocks jump over Rs 1 . 52 lakh crore,https://economictimes.indiatimes.com/markets/stocks/news/market-cap-of-8-of-top-10-most-valued-stocks-jump-over-rs-1-52-lakh-crore/articleshow/87080771.cms
2021-10-26,CCI nod for HDFC Bank stake buy in HDFC ERGO - The Hindu BusinessLine,https://www.thehindubusinessline.com/money-and-banking/cci-nod-for-hdfc-banks-stake-buy-in-hdfc-ergo/article37172706.ece
2021-10-17,"Eight of top - 10 most valued firms add over Rs 1 . 52 lakh crore to m - cap ; HDFC , SBI top gainers",https://www.businesstoday.in/markets/company-stock/story/eight-of-top-10-most-valued-firms-add-over-rs-152-lakh-crore-to-m-cap-hdfc-sbi-lead-gainers-309592-2021-10-17
2021-10-31,"Nine of top 10 most valued firms lose over Rs 2 . 48 lakh crore in m - cap ; RIL , HDFC Bank most hit",https://www.businesstoday.in/markets/company-stock/story/nine-of-top-10-most-valued-firms-lose-over-rs-248-lakh-crore-in-m-cap-ril-hdfc-bank-most-hit-310951-2021-10-31
2021-12-30,"Axis Bank FD alert ! Interest rates on Domestic , NRE Deposits revised from today , 30 December 2021 -- Check this chart",https://zeenews.india.com/personal-finance/axis-bank-fd-alert-interest-rates-on-domestic-nre-deposits-revised-from-today-30-december-2021-check-this-chart-2423815.html
2021-12-09,Is HDFC Bank Limited ( HDB ) A Good Stock To Buy ?,https://www.insidermonkey.com/blog/is-hdfc-bank-limited-hdb-a-good-stock-to-buy-1010240/
2021-10-18,Broker call : LKP Securities - The Hindu BusinessLine,https://www.thehindubusinessline.com/markets/stock-markets/brokers-call-lkp-securities/article37060522.ece
2021-12-27,"HDFC Bank ties up with IPPB to serve semi - urban , rural areas",https://www.business-standard.com/article/companies/hdfc-bank-ties-up-with-ippb-to-serve-semi-urban-rural-areas-121122700586_1.html
2021-10-17,Mcap of eight of top - 10 most valued firms jump over Rs 1 . 52 lakh crore,https://www.deccanherald.com/business/business-news/mcap-of-eight-of-top-10-most-valued-firms-jump-over-rs-152-lakh-crore-1041420.html
2021-10-11,"Karnataka : Jobs in HDFC For Graduates , Fill Out This Form",https://english.sakshi.com/news/job-notification/karnataka-jobs-hdfc-graduates-fill-out-form-144676
2021-12-30,HDFC Bank share price : HDFC Bank shares set for 2nd worst performance in 9 years . Is it only a passing phase ?,https://economictimes.indiatimes.com/markets/stocks/news/hdfc-bank-shares-set-for-2nd-worst-performance-in-9-years-is-it-only-a-passing-phase/articleshow/88581310.cms
2021-12-24,add beneficiary in hdfc bank : How to add beneficiary in your HDFC Bank account through net banking,https://economictimes.indiatimes.com/wealth/save/how-to-add-beneficiary-in-your-hdfc-bank-account-through-net-banking/articleshow/88472276.cms
2021-12-27,"India Post Payments Bank partners with HDFC Bank for banking services in semi - urban , rural areas",https://www.freepressjournal.in/business/india-post-payments-bank-partners-with-hdfc-bank-for-banking-services-in-semi-urban-rural-areas
2021-12-27,"IPPB signs MoU with HDFC Bank to provide banking products in semi - urban , rural India",https://www.thehindu.com/business/ippb-signs-mou-with-hdfc-bank-to-provide-banking-products-in-semi-urban-rural-india/article38050865.ece
2021-12-02,7 Stocks That Mutual Funds Cant Get Enough Of,https://www.ndtv.com/business/7-stocks-that-mutual-funds-cant-get-enough-of-2633882
2021-10-06,"hdf financial services : HDFC Bank eyes strategic investor in NBFC arm , sees $9 - billion valuation",https://economictimes.indiatimes.com/industry/banking/finance/banking/hdfc-bank-eyes-strategic-investor-in-nbfc-arm-sees-9-billion-valuation/articleshow/86798673.cms
2021-10-19,"3 HDFC Bank employees , 9 others held for trying to withdraw huge sums from NRI account",https://www.indiatoday.in/cities/delhi/story/hdfc-bank-employees-arrested-for-fraud-of-nri-account-1866435-2021-10-19
2021-10-21,"HDFC Bank , Mastercard , USAID and DFC Launch $100 million credit facility for MSMEs in India",https://www.thehindubusinessline.com/money-and-banking/hdfc-bank-mastercard-usaid-and-dfc-launch-100-million-credit-facility-for-msmes-in-india/article37104993.ece
2021-10-04,Best Smart TV Deals on Amazon Great Indian Festival Sale 2021,https://gadgets.ndtv.com/tv/best-buy/best-smart-tv-deals-amazon-great-indian-festival-sale-2021-2563127
2021-10-05,HDFC Bank unveils festive offers,https://www.thehindu.com/business/hdfc-bank-unveils-festive-offers/article36844207.ece
2021-10-21,"HDFC Bank , Mastercard , USAID commit $100 - mn credit facility for small biz",https://www.business-standard.com/article/companies/hdfc-bank-mastercard-usaid-commit-100-mn-credit-facility-for-small-biz-121102100917_1.html
2021-10-25,CCI Gives Nod To HDFC Bank 4 . 99 Per Cent Stake Purchase In HDFC ERGO General Insurance,https://www.outlookindia.com/website/story/business-news-cci-ratifies-hdfc-banks-499-per-cent-stake-acquisition-in-hdfc-ergo-general-insurance/398739
2021-11-15,"Sensex jumps over 300 points in early trade ; Nifty tests 18 , 200",https://www.indiatvnews.com/business/markets-bse-sensex-61000-nifty-18150-titan-hdfc-bank-icici-bank-kotak-bank-share-price-745111
2021-10-21,"Mastercard , HDFC Bank , USAID & DFC Introduces $100 Mn Credit Facility for Indian MSMEs",https://www.siliconindia.com/news/business/mastercard-hdfc-bank-usaid--dfc-introduces-100-mn-credit-facility-for-indian-msmes-nid-217199-cid-3.html
2021-10-25,CCI approves HDFC Bank acquisition of 4 . 99 % stake in HDFC ERGO,https://www.business-standard.com/article/finance/cci-approves-hdfc-bank-s-acquisition-of-4-99-stake-in-hdfc-ergo-121102501241_1.html
2021-10-24,Top banks in fray for Citi India credit card business - The Hindu BusinessLine,https://www.thehindubusinessline.com/money-and-banking/top-banks-in-fray-for-citis-india-credit-card-business/article37153494.ece
2021-10-19,12 including three HDFC Bank employees arrested for trying to make unauthorized withdrawal from very high - value NRI account,https://zeenews.india.com/india/12-including-three-hdfc-bank-employees-arrested-for-attempting-to-make-unauthorized-withdrawal-from-very-high-value-nri-account-2403742.html
2021-10-22,MSMEs to get $100 mn fund for digitisation,https://www.deccanchronicle.com/business/in-other-news/221021/msmes-to-get-100-mn-fund-for-digitisation.html
2021-10-05,"Stocks To Watch In Trade Today ( October 5 , 2021 ): Bharti Airtel , HDFC Bank , Srei Infrastructure Finance",https://www.ndtv.com/business/stocks-to-watch-in-trade-today-october-5-2021-bharti-airtel-hdfc-bank-srei-infrastructure-finance-2564066
2021-10-08,HC denies bail to man who tried to defraud former Attorney General,https://www.thehindu.com/news/cities/Madurai/hc-denies-bail-to-man-who-tried-to-defraud-former-attorney-general/article36900058.ece
2021-10-16,"HDFC Bank Q2 consolidated profit rises 18 % to ₹9 , 096 cr",https://www.thehindu.com/business/Industry/hdfc-bank-q2-consolidated-profit-rises-18-to-9096-cr/article37019656.ece
2021-12-02,Good news ! These two banks have increased interest rates on Fixed Deposits,https://www.dnaindia.com/personal-finance/report-good-news-these-two-banks-have-increased-interest-rates-on-fixed-deposits-2922216
2021-10-06,Amazon Great Indian Festival Sale 2021 :  Advantage - Just for Prime  Benefits Announced With Interest - Free EMIs,https://www.digit.in/news/general/amazon-great-indian-festival-sale-2021-advantage-just-for-prime-benefits-announced-with-interest-fre-61368.html
2021-12-17,"HDFC Bank MSME loan book in Tamil Nadu breaches Rs 20 , 000 crore",https://www.business-standard.com/article/companies/hdfc-bank-s-msme-loan-book-in-tamil-nadu-breaches-rs-20-000-crore-121121701016_1.html
2021-10-21,"hdfc bank : HDFC Bank , Mastercard , others launch $100 mn credit facility for MSMEs",https://economictimes.indiatimes.com/small-biz/sme-sector/hdfc-bank-mastercard-others-launch-100-mn-credit-facility-for-msmes/articleshow/87182352.cms
2021-12-30,infosys : Market Movers : Infosys on verge of knocking HDFC Bank off its perch,https://economictimes.indiatimes.com/markets/stocks/news/market-movers-infosys-on-verge-of-knocking-hdfc-bank-off-its-perch/articleshow/88595972.cms
2021-11-16,"Apple iPhone 13 can be purchased at just Rs 55 , 900 : Check discounts , offers",https://www.bgr.in/best-deals/iphone-13-price-cut-buy-at-just-rs-55900-check-deal-offer-discount-sale-1021615/
2021-10-22,MSMEs to get $100 mn fund for digitisation,https://www.asianage.com:443/business/in-other-news/221021/msmes-to-get-100-mn-fund-for-digitisation.html
2021-12-12,Seven of top 10 most - valued cos add over Rs 2 . 28 lakh cr to m - cap ; RIL top gainer,https://www.businesstoday.in/markets/company-stock/story/seven-of-top-10-most-valued-cos-add-over-rs-228-lakh-cr-to-m-cap-ril-top-gainer-315273-2021-12-12
2021-10-31,"Reliance Industries , HDFC Bank Among Those Firms Whose Market Value Fell By Over Rs 2 . 48 Lakh Crore . Check Details",https://www.outlookindia.com/website/story/business-news-reliance-industries-hdfc-bank-among-those-firms-whose-market-value-fell-by-over-rs-248-lakh-crore-check-details/399339
2021-10-16,"HDFC Bank Q2 consolidated profit rises 18 % to Rs 9 , 096 cr",https://www.freepressjournal.in/business/hdfc-bank-q2-consolidated-profit-rises-18-to-rs-9096-cr
2021-12-29,"FD alert ! HDFC Bank revises interest rates on these Fixed Deposits , check complete rate table here",https://zeenews.india.com/personal-finance/fd-alert-hdfc-bank-revises-interest-rates-on-these-fixed-deposits-check-complete-rate-table-here-2423530.html
2021-10-09,Amazon Great Indian Festival Sale : iPhone 11 128GB gets massive discount,https://zeenews.india.com/technology/amazon-great-indian-festival-sale-iphone-11-128gb-gets-massive-discount-2401090.html
2021-10-31,Mcap of 9 of top - 10 most valued firms tumbles by over ₹2 . 48 lakh cr,https://www.livemint.com/market/stock-market-news/mcap-of-9-of-top-10-most-valued-firms-tumbles-by-over-rs-2-48-lakh-cr-ril-hdfc-biggest-losers-11635661961518.html
2021-12-02,HDFC Bank hikes fixed deposit rates . Check latest FD rates here,https://www.livemint.com/money/personal-finance/hdfc-bank-hikes-fixed-deposit-rates-check-latest-fd-rates-here-11638424164415.html
2021-12-26,Mcap of five of top - 10 valued companies soars more than Rs 1 lakh cr,https://economictimes.indiatimes.com/markets/stocks/news/mcap-of-five-of-top-10-valued-companies-soars-more-than-rs-1-lakh-cr/articleshow/88501611.cms
2021-10-12,HDFC Bank Limited ( HDB ): Hedge Funds Are Snapping Up,https://finance.yahoo.com/news/hdfc-bank-limited-hdb-hedge-231639002.html
2021-11-28,BSE Market cap : M - cap of nine of top - 10 most valued firms erode by over Rs 2 . 62 lakh cr,https://economictimes.indiatimes.com/markets/stocks/news/mcap-of-nine-of-top-10-most-valued-firms-erode-by-over-rs-2-62-lakh-cr/articleshow/87961896.cms
2021-12-26,Mcap of five of top - 10 valued companies soars more than Rs 1 lakh crore,https://www.thehindubusinessline.com/markets/stock-markets/mcap-of-five-of-top-10-valued-companies-soars-more-than-rs-1-lakh-crore/article38040716.ece
2021-12-26,"Five of top - 10 companies add over Rs 1 lakh cr in m - cap ; Reliance , TCS lead chart",https://www.businesstoday.in/markets/company-stock/story/five-of-top-10-companies-add-over-rs-1-lakh-cr-in-m-cap-reliance-tcs-lead-chart-316856-2021-12-26
2021-11-28,Nine of top - 10 most valued firms lose over Rs 2 . 62 lakh cr in m - cap,https://www.businesstoday.in/markets/top-story/story/nine-of-top-10-most-valued-firms-lose-over-rs-262-lakh-cr-in-m-cap-313698-2021-11-28
2021-10-19,3 Bank Staff Among 12 Arrested For Trying To Withdraw Money From NRI Account : Delhi Police,https://www.ndtv.com/india-news/three-bank-staff-among-12-arrested-for-trying-to-withdraw-money-from-nri-account-2580580
2021-12-26,Mcap of five of top - 10 valued companies soars more than Rs 1 lakh crore,https://www.deccanherald.com/business/mcap-of-five-of-top-10-valued-companies-soars-more-than-rs-1-lakh-crore-1064802.html
2021-10-15,"Market stays In Bulls Grip , Sensex hits 61K",https://www.asianage.com:443/business/market/151021/market-stays-in-bulls-grip-sensex-hits-61k.html
2021-12-15,Raamdeo Agrawal bets on digital companies becoming biggest wealth creators in 10 years,https://www.businesstoday.in/latest/economy/story/raamdeo-agrawal-bets-on-digital-companies-becoming-biggest-wealth-creators-in-10-years-315669-2021-12-15
2021-10-19,"HDFC Bank detects suspicious transactions , 3 bank staff arrested by Delhi Police",https://www.livemint.com/news/india/hdfc-bank-detects-suspicious-transactions-3-bank-staff-arrested-by-delhi-police-11634628825538.html
2021-12-13,View : India banking revolution has started without the banks,https://economictimes.indiatimes.com/industry/banking/finance/banking/view-indias-banking-revolution-has-started-without-the-banks/articleshow/88248907.cms
2021-10-10,Reliance | TCS | HUL : Market cap of 8 of top 10 most valued cos jump Rs 2 . 32 lakh crore ; RIL top gainer,https://economictimes.indiatimes.com/markets/stocks/news/market-cap-of-8-of-top-10-most-valued-cos-jump-rs-2-32-lakh-crore-ril-top-gainer/articleshow/86911719.cms
2021-10-14,HDFC Bank hits record high ahead of Q2 earnings,https://www.business-standard.com/article/news-cm/hdfc-bank-hits-record-high-ahead-of-q2-earnings-121101400896_1.html
2021-10-09,"Apple iPhone 11 128GB variant selling for as low as ₹30 , 349 . Check details",https://www.livemint.com/technology/gadgets/apple-iphone-11-128gb-variant-selling-for-as-low-as-rs-30-349-check-details-11633677475512.html
2021-10-19,"Delhi Police arrests 12 people , including 3 HDFC Bank employees , for trying to withdraw money from NRI account",https://www.businesstoday.in/latest/economy/story/delhi-police-arrests-12-people-including-3-hdfc-bank-employees-for-trying-to-withdraw-money-from-nri-account-309827-2021-10-19
2021-11-15,"Sensex jumps 315 points to 61 , 002 in opening session ; Nifty at 18 , 193",https://www.indiatoday.in/business/story/sensex-nifty-market-shares-foreign-fund-inflow-1876799-2021-11-15
2021-10-16,"HDFC Results : Bank Q2 consolidated profit rises 18 % to Rs 9 , 096 crore | Companies News",https://zeenews.india.com/companies/hdfc-results-bank-s-q2-consolidated-profit-rises-18-to-rs-9096-crore-2403128.html
2021-10-05,"HDFC Bank share price : Buy HDFC Bank , target price Rs 1800 : ICICI Direct",https://economictimes.indiatimes.com/markets/stocks/recos/buy-hdfc-bank-target-price-rs-1800-icici-direct/articleshow/86774501.cms
2021-10-05,Best Headphones and Earphones on Amazon Great Indian Festival Sale 2021,https://gadgets.ndtv.com/audio/best-buy/best-bluetooth-headphones-earphones-true-wireless-earphones-deals-amazon-great-indian-festival-sale-2021-2564241
2021-11-07,"TCS | Reliance Industries | ICICI Bank : M - cap of eight most - valued cos jumps over Rs 1 . 18 lakh cr ; RIL , ICICI lag",https://economictimes.indiatimes.com/markets/stocks/news/m-cap-of-eight-most-valued-cos-jumps-over-rs-1-18-lakh-cr-ril-icici-lag/articleshow/87566333.cms
2021-11-07,M - cap of eight of top - 10 most - valued companies jumps over Rs 1 . 18 lakh crore,https://timesofindia.indiatimes.com/business/markets/sensex/m-cap-of-eight-of-top-10-most-valued-companies-jumps-over-rs-1-18-lakh-crore/articleshow/87565897.cms
2021-11-07,M - cap of eight of top - 10 most - valued companies jumps over Rs 1 . 18 lakh crore,https://www.thehindubusinessline.com/markets/stock-markets/m-cap-of-eight-of-top-10-most-valued-companies-jumps-over-rs-118-lakh-crore/article37365197.ece
2021-10-26,"Stocks to watch today : Tech Mahindra , Axis Bank , Ceat , Bajaj Finance and more",https://www.indiatoday.in/business/story/stock-market-updates-buzzing-shares-tech-mahindra-ceat-hdfc-bank-srf-bharti-airtel-1869424-2021-10-26
2021-11-07,"Eight of top - 10 most valued firms add over Rs 1 . 18 lakh cr in m - cap ; TCS , SBI top gainers",https://www.businesstoday.in/markets/company-stock/story/eight-of-top-10-most-valued-firms-add-over-rs-118-lakh-cr-in-m-cap-tcs-sbi-top-gainers-311518-2021-11-07
2021-11-03,"Sensex slumps 257 points ; Nifty ends below 17 , 850 ahead of Fed policy outcome",https://www.thehindu.com/business/markets/sensex-slumps-257-points-nifty-ends-below-17850-ahead-of-fed-policy-outcome/article37320630.ece
2021-10-25,ICICI Bank shares jump as loan growth buoys profit to record,https://www.bnnbloomberg.ca/icici-bank-shares-jump-as-loan-growth-buoys-profit-to-record-1.1670670
2021-11-03,"Sensex slumps 257 points ; Nifty ends below 17 , 850 ahead of Fed policy outcome",https://zeenews.india.com/markets/sensex-slumps-257-points-nifty-ends-below-17850-ahead-of-fed-policy-outcome-2407737.html
2021-11-07,"M - cap of eight of top - 10 most - valued companies jumps over Rs 1 . 18 lakh cr ; Tata Consultancy , SBI , RIL leads",https://www.freepressjournal.in/business/m-cap-of-eight-of-top-10-most-valued-companies-jumps-over-rs-118-lakh-cr-tata-consultancy-sbi-ril-leads
2021-10-19,"Delhi : 12 people arrested , including 3 HDFC bank employees over unauthorized transactions in NRI account",https://www.freepressjournal.in/india/delhi-12-people-arrested-3-hdfc-bank-employees-over-unauthorized-transactions-in-nri-account
2021-11-07,M - cap of 8 of top - 10 most - valued companies jumps over Rs 1 . 18 lakh crore,https://www.deccanherald.com/national/m-cap-of-8-of-top-10-most-valued-companies-jumps-over-rs-118-lakh-crore-1048084.html
2021-12-05,Royal Bank of Canada ( NYSE : RY ) and HDFC Bank ( NYSE : HDB ) Head to Head Survey,https://etfdailynews.com/news/royal-bank-of-canada-nysery-and-hdfc-bank-nysehdb-head-to-head-survey/
2021-10-19,HDFC Bank rolls out two films to highlight that users can do so much more with their Credit Cards,https://www.adgully.com/hdfc-bank-rolls-out-two-films-to-highlight-users-uses-of-their-credit-cards-110148.html
2021-11-28,Mcap of nine of top - 10 most valued firms erode by over Rs 2 . 62 lakh crore,https://www.deccanherald.com/business/business-news/mcap-of-nine-of-top-10-most-valued-firms-erode-by-over-rs-262-lakh-crore-1055428.html
2021-10-18,"Reliance | HDFC Bank | Wipro : Will HDFC Bank , Wipro be the next outperformers ? Sandip Sabharwal answers",https://economictimes.indiatimes.com/markets/expert-view/will-hdfc-bank-wipro-be-the-next-outperformers-sandip-sabharwal-answers/articleshow/87100467.cms
2021-12-29,HDB Stock Price | HDFC Bank Ltd . ADR Stock Quote ( U . S .: NYSE ),https://www.marketwatch.com/investing/stock/hdb
2021-12-02,Credit card spend crosses Rs 1 trillion first time in a month : RBI,https://www.business-standard.com/article/finance/credit-card-spend-crosses-rs-1-trillion-first-time-in-a-month-rbi-121120300051_1.html
2021-12-13,India banking revolution started without the banks,https://www.deccanherald.com/opinion/indias-banking-revolution-started-without-the-banks-1060254.html
2021-10-10,M - cap of eight of top - 10 valued firms zooms over Rs 2 . 32 lakh cr ; Reliance lead gainer,https://www.businesstoday.in/markets/company-stock/story/m-cap-of-eight-of-top-10-valued-firms-zooms-over-rs-232-lakh-cr-reliance-lead-gainer-308969-2021-10-10
2021-10-10,"Numbers in focus : India inflation , IT sector and HDFC Bank Q2 results",https://www.livemint.com/news/india/numbers-in-focus-india-inflation-it-sector-and-hdfc-bank-q2-results-11633876804196.html
2021-10-14,"Sensex jumps over 350 points to hit 61 , 00 - mark for first time",https://timesofindia.indiatimes.com/business/india-business/sensex-jumps-over-350-points-to-hit-6100-mark-for-first-time/articleshow/87012147.cms
2021-10-14,"Sensex jumps over 350 points to hit 61K for first time ; Nifty tops 18 , 200",https://www.thehindu.com/business/markets/sensex-jumps-over-350-points-to-hit-61k-for-first-time-nifty-tops-18200/article36997558.ece
2021-10-10,M - cap of 8 of top - 10 most valued cos jump Rs 2 . 32 lakh cr ; Reliance Industries lead gainer,https://www.deccanherald.com/business/economy-business/m-cap-of-8-of-top-10-most-valued-cos-jump-rs-232-lakh-cr-reliance-industries-lead-gainer-1039277.html
2021-11-03,"Sensex slumps 257 pts ; Nifty ends below 17 , 850 ahead of Fed policy outcome - Jammu Kashmir Latest News | Tourism",https://www.dailyexcelsior.com/sensex-slumps-257-pts-nifty-ends-below-17850-ahead-of-fed-policy-outcome/
2021-12-24,"Apple Days sale brings iPhone 13 at Rs 61 , 900 , cashback of up to Rs 10 , 000 on Macs , and other iPhones",https://www.indiatoday.in/technology/news/story/apple-days-sale-brings-iphone-13-at-rs-61-900-cashback-of-up-to-rs-10-000-on-macs-and-other-iphones-1891661-2021-12-24
2021-10-31,Market cap of nine most valued firms falls by over Rs 2 . 48 lakh trillion,https://www.business-standard.com/article/companies/market-cap-of-nine-most-valued-firms-falls-by-over-rs-2-48-lakh-trillion-121103100236_1.html
2021-12-19,bse market cap : Mcap of eight of top - 10 most valued companies erodes by over Rs 2 . 61 lakh cr,https://economictimes.indiatimes.com/markets/stocks/news/mcap-of-eight-of-top-10-most-valued-companies-erodes-by-over-rs-2-61-lakh-cr/articleshow/88368901.cms
2021-12-24,"Apple Days sale brings iPhone 13 at Rs 61 , 900 , cashback of up to Rs 10 , 000 on Macs , and other iPhones",https://www.businesstoday.in/technology/story/apple-days-sale-brings-iphone-13-at-rs-61900-cashback-of-up-to-rs-10000-on-macs-and-other-iphones-316717-2021-12-24
2021-12-19,Eight of top - 10 most valued firms lose over Rs 2 . 61 lakh cr in m - cap ; RIL most hit,https://www.businesstoday.in/markets/company-stock/story/eight-of-top-10-most-valued-firms-lose-over-rs-261-lakh-cr-in-m-cap-ril-most-hit-316116-2021-12-19
2021-12-17,"tokenisation : Either type out your 16 digit card number or tokenise it to pay online from Jan 1 , 2022",https://economictimes.indiatimes.com/wealth/save/either-type-out-your-16-digit-card-number-or-tokenise-it-to-pay-online-from-jan-1-2022/articleshow/88338791.cms
2021-10-18,"Stock Market Updates ( October 18 , 2021 ): Sensex Rallies Over 500 Points ; Tata Steel , Infosys , HDFC Bank Top Gainers",https://www.ndtv.com/business/stock-market-updates-october-18-2021-sensex-rallies-over-500-points-tata-steel-infosys-hdfc-bank-top-gainers-2578894
2021-10-03,Market cap of eight of top 10 valued companies tumble over Rs 1 . 80 lakh crore,https://economictimes.indiatimes.com/markets/stocks/news/market-cap-of-eight-of-top-10-valued-companies-tumble-over-rs-1-80-lakh-crore/articleshow/86722513.cms
2021-10-21,"HDFC Bank , Mastercard , USAID offer $100 mn credit facility to MSMEs and women entrepreneurs",https://www.businesstoday.in/latest/economy/story/hdfc-bank-mastercard-usaid-offer-100-mn-credit-facility-to-msmes-and-women-entrepreneurs-310060-2021-10-21
2021-10-03,"Eight of 10 most valued firms take over Rs 1 . 80 lakh cr hit in m - cap ; TCS , Infosys top losers",https://www.businesstoday.in/markets/company-stock/story/eight-of-10-most-valued-firms-take-over-rs-180-lakh-cr-hit-in-m-cap-tcs-infosys-top-losers-308340-2021-10-03
2021-10-17,M - cap of eight of top - 10 most valued firms jumps over Rs 1 . 52 trn,https://www.business-standard.com/article/markets/m-cap-of-eight-of-top-10-most-valued-firms-jump-over-rs-1-52-trn-121101700447_1.html
2021-10-03,Market cap of eight of top 10 valued companies tumble over Rs 1 . 80 lakh cr,https://www.freepressjournal.in/business/market-cap-of-eight-of-top-10-valued-companies-tumble-over-rs-180-lakh-cr
2021-12-12,"M - cap of seven most valued firms rises by Rs 2 . 28 trn , RIL gains most",https://www.business-standard.com/article/markets/m-cap-of-seven-most-valued-firms-rise-by-rs-2-28-trn-ril-gains-big-121121200183_1.html
2021-12-13,India Banking Revolution Has Started Without the Banks,https://www.bloombergquint.com/gadfly/fintech-is-leading-india-s-banking-revolution-but-it-s-hampered-by-old-rules
2021-12-13,India Banking Revolution Has Started Without the Banks,https://www.bloombergquint.com/opinion/fintech-is-leading-india-s-banking-revolution-but-it-s-hampered-by-old-rules
2021-10-03,M - cap of 8 of top 10 valued companies tumble over Rs 1 . 80 lakh crore,https://www.deccanherald.com/business/business-news/m-cap-of-8-of-top-10-valued-companies-tumble-over-rs-180-lakh-crore-1036825.html
2021-11-15,"Q2 earnings analysis : Latest News & Videos , Photos about Q2 earnings analysis | The Economic Times",https://economictimes.indiatimes.com/topic/Q2-earnings-analysis
2021-11-20,stock picks : Kunal Bothra 2 stock picks for next week,https://economictimes.indiatimes.com/markets/expert-view/kunal-bothras-2-stock-picks-for-next-week/articleshow/87817300.cms
2021-12-05,M - cap of seven most valued firms rises over Rs 1 . 29 trn ; TCS tops list,https://www.business-standard.com/article/companies/m-cap-of-seven-most-valued-firms-rises-over-rs-1-29-trn-tcs-tops-list-121120500188_1.html
2021-12-06,ATM Cash Withdrawals Will Be More Expensive Beginning Next Month : Find Out How Much Youll Have to Pay,https://english.sakshi.com/news/national/atm-cash-withdrawals-get-costlier-next-month-know-how-much-you-need-pay-147726
2021-12-06,ATM cash withdrawals to be costlier from January : Here how much you have to pay | Personal Finance News,https://zeenews.india.com/personal-finance/atm-cash-withdrawals-to-be-costlier-from-january-here-s-how-much-you-have-to-pay-2416607.html
2021-12-27,HDFC Bank Wins Coveted CII Award for  Most Innovative Best Practice  for Financial Inclusion - Jammu Kashmir Latest News | Tourism,https://www.dailyexcelsior.com/hdfc-bank-wins-coveted-cii-award-for-most-innovative-best-practice-for-financial-inclusion/
2021-12-02,HDFC Bank raises FD interest rates ; check details here,https://www.businesstoday.in/industry/banks/story/hdfc-bank-raises-fd-interest-rates-check-details-here-314212-2021-12-02
2021-10-14,citi : Five banks may bid for Citi India consumer businesses,https://economictimes.indiatimes.com/industry/banking/finance/banking/five-banks-may-bid-for-citis-india-consumer-businesses/articleshow/87009520.cms
2021-10-14,"Sensex jumps over 350 points to hit 61K for first time ; Nifty tops 18 , 200",https://zeenews.india.com/markets/sensex-jumps-over-350-points-to-hit-61k-for-first-time-nifty-tops-18200-2402448.html
2021-10-14,"Sensex jumps over 350 points to hit 61K for first time ; Nifty tops 18 , 200",https://www.thehindubusinessline.com/markets/stock-markets/sensex-jumps-over-350-points-to-hit-61k-for-first-time-nifty-tops-18200/article36997623.ece
2021-10-06,"Moody affirms ratings of 9 Indian banks , changes outlook to stable",https://economictimes.indiatimes.com/industry/banking/finance/banking/moodys-affirms-ratings-of-9-indian-banks-changes-outlook-to-stable/articleshow/86808528.cms
2021-11-15,"Sensex jumps over 300 points in early trade ; Nifty near 18 , 200",https://www.thehindu.com/business/markets/sensex-jumps-over-300-points-in-early-trade-nifty-near-18200/article37497829.ece
2021-10-17,HDFC Bank posts growth as asset quality improves,https://menafn.com/1102983794/HDFC-Bank-posts-growth-as-asset-quality-improves&source=28
2021-11-03,45 Million+ views garnered on digital platforms by HDFC Bank Festive Treats,https://www.adgully.com/45-million-views-garnered-on-digital-platforms-by-hdfc-bank-festive-treats-110720.html
2021-10-16,"HDFC Bank Q2 results : HDFC Bank Q2 Results : Lender reports 17 . 6 % jump in net profit at Rs 8 , 834 cr ; asset quality improves sequentially",https://economictimes.indiatimes.com/markets/stocks/earnings/hdfc-bank-q2-results-net-profit-rises-17-6-to-rs-8834-cr/articleshow/87060082.cms
2021-11-21,Reliance Industries | TCS | HDFC Bank : Nine out of top 10 firms lose Rs 1 . 47 lakh cr in m - cap ; RIL biggest laggard,https://economictimes.indiatimes.com/markets/stocks/news/nine-out-of-top-10-firms-lose-rs-1-47-lakh-cr-in-m-cap-ril-biggest-laggard/articleshow/87828100.cms
2021-10-14,"Sensex jumps over 350 points to hit 61 , 000 for first time ; Nifty tops 18 , 200",https://www.deccanherald.com/business/sensex-jumps-over-350-points-to-hit-61000-for-first-time-nifty-tops-18200-1040506.html
2021-12-02,"3 major Banks in India have revised interest rates – Check new rates , maturity and other details",https://zeenews.india.com/personal-finance/3-major-banks-in-india-have-revised-interest-rates-check-new-rates-maturity-and-other-details-2415529.html
2021-10-03,Mcap of eight of top 10 valued companies tumble over Rs 1 . 80 lakh cr,https://www.dailyexcelsior.com/mcap-of-eight-of-top-10-valued-companies-tumble-over-rs-1-80-lakh-cr/
2021-10-16,HDFC Bank Q2FY22 YoY net profit up 17 . 6 %,https://www.prokerala.com/news/articles/a1207421.html
2021-10-25,"ICICI Bank | HDFC Bank : Will ICICI continue to outperform HDFC Bank , Kotak ? Sandip Sabharwal answers",https://economictimes.indiatimes.com/markets/expert-view/will-icici-continue-to-outperform-hdfc-bank-kotak-sandip-sabharwal-answers/articleshow/87250136.cms
2021-11-21,"RIL , HDFC and SBI Bank : Check The List of Most Valued Firms That Lost Rs 1 . 47 Lakh Crore In Market Value",https://www.outlookindia.com/website/story/business-news-ril-hdfc-and-sbi-bank-chek-the-list-of-most-valued-firms-that-lost-rs-147-lakh-crore-in-market-value/401904
2021-10-28,sensex closing october 28 2021 falls below 60000 nifty below 17900 bse markets news,https://www.indiatvnews.com/business/markets-sensex-closing-october-28-2021-falls-below-60000-nifty-below-17900-bse-markets-news-742610
2021-11-02,"Festive season : Credit card spends jump 57 % in September , shows data",https://www.business-standard.com/article/finance/festive-season-credit-card-spends-jump-57-in-september-shows-data-121110201965_1.html
2021-12-18,"stocks to buy : Macquarie bets on UltraTech , Tata Motors among large - cap themes",https://economictimes.indiatimes.com/markets/stocks/news/macquarie-bets-on-ultratech-tata-motors-among-large-cap-themes/articleshow/88351312.cms
2021-11-16,HDFC Bank campaign to raise awareness on fraud prevention,https://www.adgully.com/hdfc-bank-s-campaign-to-raise-awareness-on-fraud-prevention-111021.html
2021-11-21,Nine of top - 10 firms lose Rs 1 . 47 lakh crore in m - cap,https://www.deccanherald.com/business/business-news/nine-of-top-10-firms-lose-rs-147-lakh-crore-in-m-cap-1053017.html
2021-10-19,HDFC Bank suspends staff held for attempting withdrawal from NRI account,https://www.business-standard.com/article/current-affairs/hdfc-bank-suspends-employees-held-for-attempts-of-unauthorised-withdrawal-121101900527_1.html
2021-11-29,"HDFC Bank | IndusInd | DCB : RBI allowing promoters to have 26 % stake to benefit HDFC Bank , IndusInd & DCB : Siji Philip",https://economictimes.indiatimes.com/markets/expert-view/rbi-allowing-promoters-to-have-26-stake-to-benefit-hdfc-bank-indusind-dcb-siji-philip/articleshow/87974738.cms
2021-11-15,"Sensex jumps over 300 points in early trade ; Nifty near 18 , 200",https://zeenews.india.com/markets/sensex-jumps-over-300-points-in-early-trade-nifty-near-18200-2410527.html
2021-11-22,cryptocurrencies : Banks informing customers about crypto pitfalls,https://economictimes.indiatimes.com/markets/cryptocurrency/banks-informing-customers-about-crypto-pitfalls/articleshow/87838953.cms
2021-11-15,"Sensex jumps over 300 points in early trade ; Nifty near 18 , 200",https://www.thehindubusinessline.com/markets/sensex-jumps-over-300-points-in-early-trade-nifty-near-18200/article37498030.ece
2021-11-15,"Sensex Jumps Over 300 Points . Titan Top Gainer , Followed By ITC , Induslnd Bank , More",https://www.outlookindia.com/website/story/business-news-sensex-jumps-over-300-points-titan-top-gainer-followed-by-itc-induslnd-bank-more/400997
2021-10-24,"TCS |HUL | RIL : M - cap of five out of top 10 most valued firms down by over Rs 1 . 42 lakh cr ; HUL , RIL most hit",https://economictimes.indiatimes.com/markets/stocks/news/m-cap-of-five-out-of-top-10-most-valued-firms-down-by-over-rs-1-42-lakh-cr-hul-ril-most-hit/articleshow/87235791.cms
2021-10-24,"Mcap of five of top - 10 most valued firms down by over Rs 1 . 42 lakh cr ; HUL , RIL most hit",https://timesofindia.indiatimes.com/business/markets/sensex/mcap-of-five-of-top-10-most-valued-firms-down-by-over-rs-1-42-lakh-cr-hul-ril-most-hit/articleshow/87235744.cms
2021-10-24,Mcap of five of top - 10 most valued firms down by over Rs 1 . 42 lakh crore,https://www.thehindubusinessline.com/markets/stock-markets/mcap-of-five-of-top-10-most-valued-firms-down-by-over-rs-142-lakh-crore/article37148279.ece
2021-10-24,"Five of top - 10 valued firms lost over Rs 1 . 42 lakh cr in m - cap ; RIL , HUL and TCS worst hit",https://www.businesstoday.in/markets/company-stock/story/five-of-top-10-valued-firms-lost-over-rs-142-lakh-cr-in-m-cap-ril-hul-and-tcs-worst-hit-310269-2021-10-24
2021-10-25,"Five of top - 10 valued firms lose over Rs 1 . 42 lakh cr in m - cap ; RIL , HUL and TCS worst hit",https://www.businesstoday.in/markets/company-stock/story/five-of-top-10-valued-firms-lose-over-rs-142-lakh-cr-in-m-cap-ril-hul-and-tcs-worst-hit-310269-2021-10-24
2021-10-14,"Sensex jumps over 350 points to hit 61 , 000 for first time ; Nifty tops 18 , 200",https://www.indiatvnews.com/business/markets-sensex-jumps-over-350-points-to-hit-61-000-for-first-time-nifty-tops-18-200-740278
2021-10-08,"Amazon Diwali sale : Smart washing machines , refrigerators , geysers , dishwashers from LG , Samsung and others at up to Rs 40 , 000 discount",https://www.gadgetsnow.com/slideshows/amazon-diwali-sale-smart-washing-machines-refrigerators-geysers-dishwashers-from-lg-samsung-and-others-at-up-to-rs-40000-discount/photolist/86863360.cms
2021-12-01,Personal loan interest rates 2021 : Comparison of top bank personal loan rates,https://economictimes.indiatimes.com/wealth/borrow/top-personal-loans-interest-rates/articleshow/77675093.cms
2021-10-24,"Mcap of five of top - 10 most valued firms down by over Rs 1 . 42 lakh cr ; HUL , RIL most hit",https://www.deccanherald.com/business/business-news/mcap-of-five-of-top-10-most-valued-firms-down-by-over-rs-142-lakh-cr-hul-ril-most-hit-1043678.html
2021-10-24,ICICI Bank Q2 Review : The New  Best In Clas ?,https://www.bloombergquint.com/business/icici-bank-q2-review-the-new-best-in-class
2021-12-01,"FD Alert ! HDFC Bank increases interest rate on fixed deposits , check latest rates",https://zeenews.india.com/personal-finance/fd-alert-hdfc-bank-increases-interest-rate-on-fixed-deposits-check-latest-rates-2415229.html
2021-12-31,New ATM cash withdrawal rules from tomorrow : 5 things to know,https://www.livemint.com/industry/banking/new-atm-cash-withdrawal-rules-from-today-5-things-to-know-11640757933261.html
2021-12-28,"Stocks in news : Supriya Lifescience , HDFC Bank , Axis Bank , Paras Defence and more",https://www.businesstoday.in/markets/company-stock/story/stocks-in-news-supriya-lifescience-hdfc-bank-axis-bank-paras-defence-sensex-317007-2021-12-28
2021-12-15,"Share Market LIVE Updates : Sensex , Nifty Edge Lower ; ITC , Mahindra & Mahindra Among Top Gainers",https://www.ndtv.com/business/share-market-live-updates-sensex-nifty-edge-lower-itc-mahindra-mahindra-among-top-gainers-2651892
2021-10-18,"Sensex , Nifty likely to open higher amid mixed global cues",https://www.businesstoday.in/markets/stocks/story/sensex-nifty-likely-to-open-higher-amid-mixed-global-cues-309609-2021-10-18
2021-10-16,HDFC Bank Q2FY22 YoY net profit up 17 . 6 %,https://menafn.com/1102979704/HDFC-Banks-Q2FY22-YoY-net-profit-up-176&source=138
2021-10-03,"Amazon Great Indian Festival Sale 2021 : Live Deals on iPhone 11 , Galaxy M52 5G , Apple Watch SE , OnePlus 9R , Asus TUF Gaming F15 & More",https://www.latestly.com/technology/amazon-great-indian-festival-sale-2021-live-deals-on-iphone-11-galaxy-m52-5g-apple-watch-se-oneplus-9r-asus-tuf-gaming-f15-more-2912533.html
2021-12-14,HDFC Bank cautions users about changed online banking guidelines,https://www.bgr.in/news/hdfc-bank-cautions-users-about-changed-online-banking-guidelines-heres-what-you-need-to-know-1028109/
2021-10-23,"ICICI Bank Profit Rises 30 %, Beats Estimates as Provisions Ease",https://www.bnnbloomberg.ca/icici-bank-profit-rises-30-beats-estimates-as-provisions-ease-1.1670670
2021-12-13,Fintech leading India banking revolution but it hampered by old rules,https://www.business-standard.com/article/finance/fintech-leading-india-s-banking-revolution-but-it-s-hampered-by-old-rules-121121300172_1.html
2021-11-21,M - cap of nine of top 10 most valued firms down by Rs 1 . 47 lakh cr ; RIL most hit,https://www.businesstoday.in/markets/company-stock/story/m-cap-of-nine-of-top-10-most-valued-firms-down-by-rs-147-lakh-cr-ril-most-hit-312879-2021-11-21
2021-11-01,CCI approves HDFC Bank acquisition of shares in HDFC ERGO General Insurance Co,https://www.domain-b.com/finance/banks/HDFC_Bank/20211027_approves.html
2021-10-15,hdfc bank : HDFC Bank Q2 preview : Expect double digit NII growth ; watch for sale to ARCs,https://economictimes.indiatimes.com/markets/stocks/earnings/hdfc-bank-q2-preview-expect-double-digit-nii-growth-watch-for-sale-to-arcs/articleshow/87037884.cms
2021-11-01,Reliance Digital announces Diwali offers - The Hindu BusinessLine,https://www.thehindubusinessline.com/companies/reliance-digital-announces-diwali-offers/article37283663.ece
2021-10-04,"Amazon Diwali sale : Premium refrigerators from Samsung , LG , Amazon Basics and others available at minimum 30 % discount or higher",https://www.gadgetsnow.com/slideshows/amazon-diwali-sale-premium-refrigerators-from-samsung-lg-amazon-basics-and-others-available-at-minimum-30-discount-or-higher/photolist/86749736.cms
2021-10-18,"HDFC Bank recast loans rise to 1 . 7 %, NPAs ease",https://timesofindia.indiatimes.com/business/india-business/hdfc-banks-recast-loans-rise-to-1-7-npas-ease/articleshow/87093930.cms
2021-11-28,"RIL , Bajaj Finance , Other Market Value Down By Rs 2 . 61 Lakh Crore This Week",https://www.outlookindia.com/website/story/business-news-ril-bajaj-finance-others-market-value-down-by-rs-261-lakh-crore-this-week/402927
2021-11-19,"Delhi Police nabs 2 gangs of cyber fraudsters from Jharkhand , Bihar",https://www.prokerala.com/news/articles/a1218260.html
2021-10-07,"Consumerism on the rise again , show latest corporate business updates",https://economictimes.indiatimes.com/news/company/corporate-trends/consumerism-on-the-rise-again-show-latest-corporate-business-updates/articleshow/86837368.cms
2021-10-08,Ka - Ching : Wallets unlocked for FMCG companies,https://economictimes.indiatimes.com/markets/stocks/news/consumerism-on-the-rise-again-show-latest-corporate-business-updates/articleshow/86856156.cms
2021-11-23,Equitas SFB ties up with HDFC Bank for co - branded credit cards,https://www.thehindubusinessline.com/money-and-banking/equitas-sfb-ties-up-with-hdfc-bank-for-co-branded-credit-cards/article37641193.ece
2021-10-05,Amazon Great Indian Festival sale 2021 : Best deals and offers on gaming phones,https://www.digit.in/news/general/amazon-great-indian-festival-sale-2021-best-deals-offers-gaming-phones-61345.html
2021-12-09,"Share Market LIVE Updates : Sensex , Nifty Flat ; IT Shares Witness Profit Booking",https://www.ndtv.com/business/share-market-live-updates-sensex-nifty-flat-it-shares-witness-profit-booking-2643405
2021-10-24,"Reliance Industries , Hindustan Unilever Among Companies With Eroded Valuation",https://www.ndtv.com/business/reliance-industries-hindustan-unilever-among-companies-with-eroded-valuation-2586202
2021-12-11,FD rate hikes : Experts dont see a trend yet - The Hindu BusinessLine,https://www.thehindubusinessline.com/money-and-banking/fd-rate-hikes-experts-dont-see-a-trend-yet/article37935057.ece
2021-12-23,Two arrested for bank fraud in Chennai,https://www.thehindu.com/news/cities/chennai/two-arrested-for-bank-fraud-in-chennai/article38022162.ece
2021-11-09,"Share Market LIVE Updates : Sensex , Nifty Open On Flat Note ; HDFC , Infosys Among Top Losers",https://www.ndtv.com/business/share-market-live-updates-sensex-nifty-open-on-flat-note-hdfc-infosys-among-top-losers-2603886
2021-10-24,"Latest News | Mcap of Five of Top - 10 Most Valued Firms Down by over Rs 1 . 42 Lakh Cr ; HUL , RIL Most Hit",https://www.latestly.com/agency-news/latest-news-mcap-of-five-of-top-10-most-valued-firms-down-by-over-rs-1-42-lakh-cr-hul-ril-most-hit-2982452.html
2021-12-02,SBI saving account : This bank savings account interest rate is higher than SBI 3 - year FD rate,https://economictimes.indiatimes.com/wealth/invest/this-banks-savings-account-interest-rate-is-higher-than-sbis-3-year-fd-rate/articleshow/88045153.cms
2021-10-09,"Ashutosh Ashok Parasrampuriya vs M / S . Gharrkul Industries Pvt . ... on 8 October , 2021",https://indiankanoon.org/doc/54387374/
2022-10-24,Are you ready for your biggest Diwali ever ?,https://timesofindia.indiatimes.com/spotlight/are-you-ready-for-your-biggest-diwali-ever/articleshow/94814452.cms
2022-10-27,"SBI , HDFC Bank , PNB hike FD interest rates twice in October : Which bank is offering highest FD rates ?",https://economictimes.indiatimes.com/wealth/invest/sbi-hdfc-bank-pnb-hike-fd-interest-rates-twice-in-october-which-bank-is-offering-highest-fd-rates/articleshow/95116518.cms
2022-11-08,HDFC bank : Loans now more expensive ; rates on your EMI to go up,https://www.dnaindia.com/personal-finance/report-hdfc-bank-loans-now-more-expensive-rates-on-your-emi-to-go-up-3000349
2022-11-09,HDFC Bank hikes FD interest rates : Senior citizens can earn up to 7 %,https://economictimes.indiatimes.com/wealth/invest/hdfc-bank-hikes-fd-interest-rates-senior-citizens-can-earn-up-to-7/articleshow/95393175.cms
2022-10-26,HDFC Bank FD interest rates : HDFC Bank hikes FD interest rates for second time this month : Earn up to 6 . 25 % on this FD tenure,https://economictimes.indiatimes.com/wealth/invest/hdfc-bank-hikes-fd-interest-rates-for-second-time-this-month-earn-up-to-6-25-on-this-fd-tenure/articleshow/95093185.cms
2022-10-27,HDFC Bank Hikes FD interest rates for the second within a month -- Check latest HDFC bank FD rates,https://zeenews.india.com/personal-finance/hdfc-bank-hikes-fd-interest-rates-for-the-second-within-a-month-check-latest-hdfc-bank-fd-rates-2527307.html
2022-11-08,"NIFT Signs Mou With HDFC Bank For Advanced Banking Services ,...",https://menafn.com/1105150182/NIFT-Signs-Mou-With-HDFC-Bank-For-Advanced-Banking-Services-Facilities
2022-10-26,"HDFC bank hikes fixed deposit rates for second time in 15 days , check increased FD rates here",https://www.dnaindia.com/personal-finance/report-hdfc-bank-hikes-fixed-deposit-rates-for-second-time-in-15-days-check-increased-fd-rates-here-2996022
2022-11-25,Talks on with RBI for merger - related forbearance : HDFC Deepak Parekh,https://www.thehindubusinessline.com/money-and-banking/talks-on-with-rbi-for-merger-related-forbearance-hdfcs-deepak-parekh/article66183832.ece
2022-12-14,HDFC gets nod from exchanges for transfer of NCDs to HDFC Bank,https://www.thehindubusinessline.com/money-and-banking/hdfc-gets-nod-from-exchanges-for-transfer-of-ncds-to-hdfc-bank/article66261468.ece
2022-11-12,HDFC Bank : Amalgamation / Merger | MarketScreener,https://www.marketscreener.com/quote/stock/HDFC-BANK-LIMITED-105516154/news/HDFC-Bank-Amalgamation-Merger-42288921/
2022-12-13,"HDFC - HDFC Bank merger : BSE , NSE give in - principle approval",https://www.businesstoday.in/latest/corporate/story/hdfc-hdfc-bank-merger-bse-nse-give-in-principle-approval-356269-2022-12-13
2022-12-14,HDFC Bank FD interest rate : HDFC Bank hikes FD interest rate by up to 75 bps : Senior citizens can earn up to 7 . 75 %,https://economictimes.indiatimes.com/wealth/invest/hdfc-bank-hikes-fd-interest-rate-by-up-to-75-bps-senior-citizens-can-earn-up-to-7-75/articleshow/96216211.cms
2022-12-14,"After SBI , Now HDFC Bank Hikes Interest Rate On Fixed Deposits . Check Revised Rates Here",https://www.india.com/business/after-sbi-now-hdfc-bank-hikes-interest-rate-on-fixed-deposits-check-revised-rates-here-5802001/
2022-11-12,Tech Query : Is this a good time to buy HDFC Bank ? - The Hindu BusinessLine,https://www.thehindubusinessline.com/portfolio/technical-analysis/tech-query-is-this-a-good-time-to-buy-hdfc-bank/article66125208.ece
2022-11-11,Amalgamation - bound HDFC twins soar more than 5 % each on MSCI tweak,https://www.business-standard.com/article/markets/amalgamation-bound-hdfc-twins-soar-more-than-5-each-on-msci-tweak-122111101439_1.html
2022-12-13,LEAF in pact with HDFC Bank to provide financial aid to marginalised farmers,https://www.thehindu.com/business/leaf-in-pact-with-hdfc-bank-to-provide-financial-aid-to-marginalised-farmers/article66258408.ece
2022-11-10,Good news ! HDFC Bank hikes FD interest rates again -- Check latest HDFC bank FD rates,https://zeenews.india.com/personal-finance/good-news-hdfc-bank-hikes-fd-interest-rates-again-check-latest-hdfc-bank-fd-rates-2533373.html
2022-11-25,HDFC Bank - HDFC merger : HDFC Bank could see drop in cost of funds post merger with parent HDFC Ltd : Bernstein,https://economictimes.indiatimes.com/industry/banking/finance/banking/hdfc-bank-could-see-drop-in-cost-of-funds-post-merger-with-parent-hdfc-ltd-bernstein/articleshow/95765103.cms
2022-11-14,HDFC Banks Divest 3 . 21 % Stake In Fintech SaaS Startup Lentra,https://inc42.com/buzz/hdfc-banks-divest-3-21-stake-in-fintech-saas-startup-lentra/
2022-10-15,hdfc : HDFC - HDFC Bank merger : NCLT approves shareholder meet,https://economictimes.indiatimes.com/industry/banking/finance/hdfc-hdfc-bank-merger-nclt-approves-shareholders-meet/articleshow/94874149.cms
2022-10-15,HDFC - HDFC Bank merger : NCLT approves shareholder meet,https://zeenews.india.com/companies/hdfc-hdfc-bank-merger-nclt-approves-shareholders-meet-2522146.html
2022-11-26,HDFC shareholders clear merger with bank,https://timesofindia.indiatimes.com/business/india-business/hdfcs-shareholders-clear-merger-with-bank/articleshow/95776827.cms
2022-10-15,HDFC - HDFC Bank merger : NCLT gives nod to hold shareholder meet,https://www.business-standard.com/article/companies/hdfc-hdfc-bank-merger-nclt-gives-nod-to-hold-shareholders-meet-122101500256_1.html
2022-12-08,HDFC Bank files petition for NCLT approval to the proposed merger,https://www.business-standard.com/article/finance/hdfc-bank-files-petition-with-nclt-for-approval-of-merger-with-hdfc-ltd-122120801192_1.html
2022-12-16,HDFC Bank stock ends flat amid BoFA buy call,https://www.businesstoday.in/markets/stocks/story/hdfc-bank-stock-ends-flat-amid-bofas-buy-call-356711-2022-12-16
2022-11-20,HDFC Bank vs ICICI Bank compete in opening of new branches - The Hindu BusinessLine,https://www.thehindubusinessline.com/money-and-banking/hdfc-bank-vs-icici-bank-compete-in-opening-of-new-branches/article66160311.ece
2022-11-28,Merger with home loan major HDFC to take 8 - 10 months more : HDFC Bank,https://www.business-standard.com/article/finance/merger-with-home-loan-major-hdfc-to-take-8-10-months-more-hdfc-bank-122112500991_1.html
2022-11-25,"hdfc : Merger with HDFC likely to take 8 - 10 months more , says HDFC Bank",https://economictimes.indiatimes.com/industry/banking/finance/banking/merger-with-hdfc-likely-to-take-8-10-months-more-says-hdfc-bank/articleshow/95769774.cms
2022-11-12,"HDFC Bank : HDFC , HDFC Bank surge on talk of early entry into MSCI",https://economictimes.indiatimes.com/markets/stocks/news/hdfc-hdfc-bank-surge-on-talk-of-early-entry-into-msci/articleshow/95462834.cms
2022-10-15,Latest News | HDFC - HDFC Bank Merger : NCLT Approves Shareholder Meet,https://www.latestly.com/agency-news/latest-news-hdfc-hdfc-bank-merger-nclt-approves-shareholders-meet-4333189.html
2022-11-25,Latest News | Merger with HDFC to Take 8 - 10 Months More : HDFC Bank,https://www.latestly.com/agency-news/latest-news-merger-with-hdfc-to-take-8-10-months-more-hdfc-bank-4506363.html
2022-12-22,HDFC Bank - Rural banking in focus for HDFC Bank,https://www.telegraphindia.com/business/rural-banking-in-focus-for-hdfc-bank/cid/1905336
2022-10-15,"HDFC Bank Q2 Preview : Profit may jump up to 25 % YoY , NII growth seen at 13 - 17 %",https://www.businesstoday.in/markets/company-stock/story/hdfc-bank-q2-preview-profit-may-jump-up-to-25-yoy-nii-growth-seen-at-13-17-349951-2022-10-15
2022-11-28,"HDFC Bank elevates Bharucha as Deputy MD , appoints Zaveri as ED",https://www.business-standard.com/article/companies/hdfc-bank-promotes-bhavesh-zaveri-on-board-as-executive-director-122112401370_1.html
2022-12-14,HDFC Bank Acquires 7 . 75 % Stake In Mintoak For $3 . 7 Mn,https://inc42.com/buzz/hdfc-bank-acquires-minority-stake-in-fintech-startup-mintoak-at-3-7-mn/
2022-12-14,"HDFC Bank Ltd spurts 0 . 79 %, rises for fifth straight session",https://www.business-standard.com/article/news-cm/hdfc-bank-ltd-spurts-0-79-rises-for-fifth-straight-session-122121400495_1.html
2022-11-12,HDFC twins close over 5 % higher - The Hindu BusinessLine,https://www.thehindubusinessline.com/markets/stock-markets/hdfc-twins-close-over-5-higher/article66127464.ece
2022-11-29,hdfc bank : SBI cards tops HDFC Bank in incremental card issuances,https://economictimes.indiatimes.com/industry/banking/finance/banking/sbi-cards-tops-hdfc-bank-in-incremental-card-issuances/articleshow/95865225.cms
2022-10-31,"HDFC Bank Ltd soars 2 . 27 %, up for third straight session",https://www.business-standard.com/article/news-cm/hdfc-bank-ltd-soars-2-27-up-for-third-straight-session-122103100497_1.html
2022-11-02,"HDFC Bank Ltd spurts 0 . 74 %, gains for fifth straight session",https://www.business-standard.com/article/news-cm/hdfc-bank-ltd-spurts-0-74-gains-for-fifth-straight-session-122110200636_1.html
2022-11-29,HDFC Bank has emerged as the top lender on the BT 500 2022 list . Here why,https://www.businesstoday.in/magazine/bt500-indias-most-valuable-companies/story/hdfc-bank-has-emerged-as-the-top-lender-on-the-bt-500-2022-list-heres-why-354585-2022-11-29
2022-12-14,HDFC Bank vs ICICI Bank : Are tables turning once again for mutual funds ?,https://economictimes.indiatimes.com/markets/stocks/news/hdfc-bank-vs-icici-bank-are-tables-turning-once-again-for-mutual-funds/articleshow/96214893.cms
2022-10-14,Recurring deposits : HDFC Bank increases RD interest rates by up to 50 bps,https://economictimes.indiatimes.com/wealth/invest/recurring-deposits-hdfc-bank-increases-rd-interest-rates-by-up-to-50-bps/articleshow/94853182.cms
2022-10-18,HDFC Bank account holders ALERT ! Bank revises cash deposit charges from November 1,https://zeenews.india.com/personal-finance/hdfc-bank-account-holders-alert-bank-revises-cash-deposit-charges-from-november-1-2523831.html
2022-10-06,Flipkart Big Dussehra sale begins : 10 best deals on 5G phones,https://www.businesstoday.in/technology/story/flipkart-big-dussehra-sale-begins-10-best-deals-on-5g-phones-349140-2022-10-06
2022-10-16,HDFC twins may merge a few months ahead of schedule : HDFC Bank CFO,https://www.business-standard.com/article/companies/hdfc-twins-may-merge-a-few-months-ahead-of-schedule-hdfc-bank-cfo-122101600557_1.html
2022-10-12,HDFC Bank hikes FD interest rates by up to 75 bps : Check latest rates,https://economictimes.indiatimes.com/wealth/invest/hdfc-bank-hikes-fd-interest-rates-by-up-to-75-bps-check-latest-rates/articleshow/94802985.cms
2022-10-12,HDFC Bank FD interest rates : HDFC Bank hikes FD interest rates by up to 75 bps : Check latest rates,https://economictimes.indiatimes.com/hdfc-bank-hikes-fd-interest-rates-by-up-to-75-bps-check-latest-rates/articleshow/94802985.cms
2022-10-06,Festive Bonanza for senior citizens ! THIS bank extends the date of senior citizen FDs,https://zeenews.india.com/personal-finance/festive-bonanza-for-senior-citizens-this-bank-extends-the-date-of-senior-citizens-fds-2518422.html
2022-12-20,HDFC Bank - Credit card war ignited - Telegraph India,https://www.telegraphindia.com/business/credit-card-war-ignited/cid/1904756
2022-10-15,Non - performing assets ( NPAs ) - HDFC Bank profit surges 20 %,https://www.telegraphindia.com/business/hdfc-bank-profit-surges-20/cid/1892321
2022-12-08,Fintech Mintoak develops HDFC payment solution for MSMEs,https://www.thehindu.com/business/fintech-mintoak-develops-hdfcs-payment-solution-for-msmes/article66239158.ece
2022-12-02,"HDFC Bank revises fees structure of these credit cards with effect from Jan 1 , 2023",https://economictimes.indiatimes.com/wealth/save/hdfc-bank-revises-fees-structure-of-these-credit-cards-with-effect-from-jan-1-2023/articleshow/95931675.cms
2022-11-26,"HDFC merger : Merging with HDFC may take more 8 to 10 months ,  says HDFC Bank",https://www.dnaindia.com/business/report-hdfc-merger-merging-with-hdfc-may-take-more-8-to-10-months-says-hdfc-bank-3005784
2022-11-25,HDFC - HDFC Bank merger - HDFC duo merger to stretch till September next year,https://www.telegraphindia.com/business/hdfc-duo-merger-to-stretch-till-september-next-year/cid/1900282
2022-10-16,hdfc merger : HDFC Bank engaged with regulators for compliance of reserve norms post merger,https://economictimes.indiatimes.com/industry/banking/finance/banking/hdfc-bank-engaged-with-regulators-for-compliance-of-reserve-norms-post-merger/articleshow/94900515.cms
2022-11-24,HDFC Bank vs ICICI Bank vs Kotak Bank : Bernstein picks the first one . Here why,https://www.businesstoday.in/markets/stocks/story/hdfc-bank-vs-icici-bank-vs-kotak-bank-bernstein-picks-the-first-one-heres-why-354024-2022-11-24
2022-12-24,"PNB , HDFC , ICICI , South Indian Bank : These banks have hiked interest rates on Fixed Deposits",https://www.dnaindia.com/personal-finance/report-pnb-hdfc-icici-south-indian-bank-these-banks-have-hiked-interest-rates-on-fixed-deposits-3012881
2022-10-08,Flipkart Big Dussehra Sale ends today : Check some end - hours deals on smartphones,https://zeenews.india.com/technology/flipkart-big-dussehra-sale-ends-today-check-some-end-hours-deals-on-smartphones-2519405.html
2022-10-04,Flipkart Big Dussehra sale begins for Plus users : iPhone 13 and other iPhone models on discount,https://www.indiatoday.in/technology/news/story/flipkart-big-dussehra-sale-begins-for-plus-users-iphone-13-and-other-iphone-models-on-discount-2008064-2022-10-04
2022-10-23,Eight of top - 10 firms add Rs 2 lakh cr in market valuation ; Reliance lead gainer,https://timesofindia.indiatimes.com/business/markets/sensex/eight-of-top-10-firms-add-rs-2-lakh-cr-in-market-valuation-reliance-lead-gainer/articleshow/95044553.cms
2022-10-04,Flipkart Big Dussehra sale begins for Plus users : iPhone 13 and other iPhone models on discount,https://www.businesstoday.in/technology/story/flipkart-big-dussehra-sale-begins-for-plus-users-iphone-13-and-other-iphone-models-on-discount-348926-2022-10-04
2022-10-23,Eight of top - 10 firms add Rs 2 trn in market valuation ; Reliance leads,https://www.business-standard.com/article/markets/eight-of-top-10-firms-add-rs-2-trn-in-market-valuation-reliance-leads-122102300176_1.html
2022-12-14,Agritech firm LEAF to help farmers stay afloat in collaboration with HDFC,https://www.freepressjournal.in/business/agritech-firm-leaf-to-help-farmers-stay-afloat-in-collaboration-with-hdfc
2022-12-17,Which bank is offering highest FD interest rate after latest hikes : SBI vs HDFC Bank Vs ICICI Bank,https://economictimes.indiatimes.com/wealth/invest/which-bank-is-offering-highest-fd-interest-rate-after-latest-hikes-sbi-vs-hdfc-bank-vs-icici-bank/articleshow/96295032.cms
2022-10-23,Eight of top - 10 firms add ₹2 - lakh cr in market valuation ; Reliance lead gainer,https://www.thehindubusinessline.com/companies/eight-of-top-10-firms-add-2-lakh-cr-in-market-valuation-reliance-lead-gainer/article66047819.ece
2022-10-23,Eight of top - 10 firms add Rs 2 lakh - crore in market valuation ; Reliance lead gainer,https://www.tribuneindia.com/news/business/eight-of-top-10-firms-add-rs-2-lakh-crore-in-market-valuation-reliance-lead-gainer-444028
2022-11-15,"HDFC Bank , HDFC shares dance on MSCI treat to the Street !",https://economictimes.indiatimes.com/markets/stocks/news/hdfc-bank-hdfc-shares-dance-on-mscis-treat-to-the-street/articleshow/95451732.cms
2022-11-17,welspun : Welspun set to acquire 70 % debt of Sintex BAPL,https://economictimes.indiatimes.com/news/company/corporate-trends/welspun-set-to-acquire-70-debt-of-sintex-bapl/articleshow/95588397.cms
2022-12-04,What makes HDFC Bank and HDFC merger a win - win bet ? CFO S Vaidyanathan explains,https://www.businesstoday.in/latest/corporate/story/hdfc-bank-and-hdfc-merger-a-win-win-bet-cfo-s-vaidyanathan-explains-355175-2022-12-04
2022-11-14,"stock recommendations : Hot Stocks : Brokerage view on HDFC Bank , M & M , Zomato , Indian Hotels and Ashok Leyland post Q2 results",https://economictimes.indiatimes.com/markets/stocks/news/hot-stocks-brokerage-view-on-hdfc-bank-mm-zomato-indian-hotels-and-ashok-leyland-post-q2-results/articleshow/95499590.cms
2022-11-22,"HDFC , Canara Bank get approval from RBI for trade in rupees with Russia",https://www.dnaindia.com/personal-finance/report-hdfc-canara-bank-get-approval-from-rbi-for-trade-in-rupees-with-russia-3004341
2022-12-28,"NPS , credit card reward points , insurance : 5 key money rule changes from January 1 , 2023",https://economictimes.indiatimes.com/wealth/plan/nps-credit-card-reward-points-insurance-5-key-money-rule-changes-from-january-1-2023/articleshow/96562293.cms
2022-10-25,Nifty October futures trade at discount,https://www.business-standard.com/article/news-cm/nifty-october-futures-trade-at-discount-122102500644_1.html
2022-11-29,"SBI , HDFC Bank : Here how to apply for chequebook online",https://www.dnaindia.com/personal-finance/report-sbi-hdfc-bank-here-s-how-to-apply-for-chequebook-online-3006486
2022-10-04,hdfc : HDFC Bank posts 23 . 5 pc loan growth in second quarter,https://economictimes.indiatimes.com/industry/banking/finance/banking/hdfc-bank-posts-23-5-pc-loan-growth-in-second-quarter/articleshow/94649490.cms
2022-10-04,HDFC Bank posts 23 . 5 % loan growth in second quarter at Rs 14 . 8 trn,https://www.business-standard.com/article/finance/hdfc-bank-posts-23-5-loan-growth-in-second-quarter-at-rs-14-8-trn-122100401014_1.html
2022-11-06,Mcap of seven of top - 10 most valued firms rises Rs 1 . 33 lakh crore ; Reliance biggest winner,https://timesofindia.indiatimes.com/business/markets/sensex/mcap-of-seven-of-top-10-most-valued-firms-rises-rs-1-33-lakh-crore-reliance-biggest-winner/articleshow/95332335.cms
2022-11-06,Mcap of 7 of top - 10 most valued firms rises Rs 1 . 33 trn ; Reliance leads,https://www.business-standard.com/article/markets/mcap-of-7-of-top-10-most-valued-firms-rises-rs-1-33-trn-reliance-leads-122110600256_1.html
2022-11-13,Nine of top 10 firms add ₹2 . 12 lakh cr in m - cap ; HDFC Bank tops chart,https://www.thehindubusinessline.com/markets/nine-of-top-10-firms-add-212-lakh-cr-in-m-cap-hdfc-bank-tops-chart/article66131545.ece
2022-11-17,"Sensex nears 62K , Nifty tops 18 , 400 on buying in banks",https://www.tribuneindia.com/news/business/sensex-nears-62k-nifty-tops-18-400-on-buying-in-banks-451821
2022-11-06,Mcap : Seven of top - 10 most valued firms rises ₹1 . 33 lakh crore ; Reliance leads,https://www.thehindubusinessline.com/markets/mcap-seven-of-top-10-most-valued-firms-rises-133-lakh-crore-reliance-leads/article66103337.ece
2022-11-06,Mcap of seven of top - 10 most valued firms rises Rs 1 . 33 lakh crore ; Reliance biggest winner,https://www.tribuneindia.com/news/business/mcap-of-seven-of-top-10-most-valued-firms-rises-rs-1-33-lakh-crore-reliance-biggest-winner-448222
2022-10-06,Cost of spending on digital transformations plateauing : HDFC Bk Parag Rao,https://www.business-standard.com/article/finance/cost-of-spending-on-digital-transformations-plateauing-hdfc-bk-s-parag-rao-122100600967_1.html
2022-12-28,"Nifty , Bank Nifty recapping : 3 bank stocks to see $76 million inflow",https://economictimes.indiatimes.com/markets/stocks/news/nifty-bank-nifty-recapping-3-bank-stocks-to-see-76-million-inflow/articleshow/96562546.cms
2022-10-15,"HDFC Bank net profit rises 20 % YoY to Rs 10 , 605 cr in Q2 , NII jumps 19 %",https://www.business-standard.com/article/companies/hdfc-bank-s-net-profit-rises-20-yoy-to-rs-10-605-cr-in-q2-nii-jumps-19-122101500685_1.html
2022-11-14,SBI Or HDFC Bank ? Time To Switch To Public Sector Undertakings ( PSUs )?,https://www.ndtv.com/business/sbi-or-hdfc-bank-time-to-switch-to-psus-3517920
2022-11-27,Tata Motors Offering Financing Programs to Authorised EV Dealers,https://indianautosblog.com/tata-motors-offering-financing-programs-to-authorised-ev-dealers-p325489
2022-12-15,"HDFC Bank Raises Deposit Rates , Joins Other Major Banks To Boost Deposits",https://www.ndtv.com/business/hdfc-bank-raises-deposit-rates-joins-other-major-banks-to-boost-deposits-3607389
2022-10-04,iphone flipkart Dussehra sale : iPhone 13 under Rs 60K ! Flipkart Big Dussehra Sale announces massive price drop,https://economictimes.indiatimes.com/magazines/panache/iphone-13-under-rs-60k-flipkarts-big-dussehra-sale-announces-massive-price-drop/articleshow/94638408.cms
2022-10-21,Credit card spends touch record high of Rs 1 . 22 trillion in September,https://www.business-standard.com/article/finance/credit-card-spends-touch-record-high-of-rs-1-22-trillion-in-september-122102101100_1.html
2022-12-05,LIC raises stake in HDFC to over 5 % post acquiring shares from open market,https://www.business-standard.com/article/companies/lic-raises-stake-in-hdfc-to-over-5-post-acquiring-shares-from-open-market-122120501194_1.html
2022-12-01,HDFC Bank completes mega bond issuance amid strong demand : Analysts,https://www.business-standard.com/article/finance/hdfc-bank-completes-mega-bond-issuance-amid-strong-demand-analysts-122120100855_1.html
2022-12-19,"HDFC Bank targets issuing one million credit cards a month , says top exec",https://www.businesstoday.in/industry/banks/story/hdfc-bank-targets-issuing-one-million-credit-cards-a-month-says-top-exec-356965-2022-12-19
2022-10-17,"HDFC Bank stock may see up to 31 % upside , rerating ahead . Here why",https://www.businesstoday.in/markets/company-stock/story/hdfc-bank-stock-may-see-up-to-31-upside-rerating-ahead-heres-why-350026-2022-10-17
2022-12-19,hdfc bank : HDFC Bank targets issuing one million credit cards a month,https://economictimes.indiatimes.com/industry/banking/finance/banking/hdfc-bank-targets-issuing-one-million-credit-cards-a-month/articleshow/96343279.cms
2022-12-19,"To woo customers , HDFC Bank aims to issue 1 mn credit cards every month",https://www.business-standard.com/article/finance/to-woo-more-customers-hdfc-aims-to-issue-1-mn-credit-cards-every-month-122121900115_1.html
2022-11-12,HDFC Bank to sell 3 . 2 % stake in Lentra AI by Dec - end for ₹54 crore,https://www.thehindubusinessline.com/money-and-banking/hdfc-bank-to-sell-32-stake-in-lentra-ai-by-dec-end-for-54-crore/article66128925.ece
2022-11-13,Nine of top - 10 firms add Rs 2 . 12 lakh crore in m - cap ; HDFC Bank tops chart,https://timesofindia.indiatimes.com/business/markets/sensex/nine-of-top-10-firms-add-rs-2-12-lakh-crore-in-m-cap-hdfc-bank-tops-chart/articleshow/95485425.cms
2022-11-13,"HDFC Bank gains Rs 63 , 462 crore in market capital ; nine of top - 10 firms add Rs 2 . 12 lakh cr in m - cap",https://zeenews.india.com/markets/hdfc-bank-gains-rs-63462-crore-in-market-capital-nine-of-top-10-firms-add-rs-2-12-lakh-cr-in-m-cap-2534731.html
2022-11-13,Nine of top - 10 firms add Rs 2 . 12 trn in m - cap ; HDFC Bank tops chart,https://www.business-standard.com/article/markets/nine-of-top-10-firms-add-rs-2-12-trn-in-m-cap-hdfc-bank-tops-chart-122111300308_1.html
2022-11-13,Nine of top - 10 firms add Rs 2 . 12 lakh cr in m - cap ; HDFC Bank tops chart,https://www.tribuneindia.com/news/business/nine-of-top-10-firms-add-rs-2-12-lakh-cr-in-m-cap-hdfc-bank-tops-chart-450554
2022-12-07,rbi : Banks follow RBI signal ; hike lending rates,https://economictimes.indiatimes.com/industry/banking/finance/banking/banks-follow-rbis-signal-hike-lending-rates/articleshow/96064810.cms
2022-12-07,Banks follow RBI signal ; hike lending rates,https://www.thehindu.com/business/banks-follow-rbis-signal-hike-lending-rates/article66236275.ece
2022-12-07,Latest News | Banks Follow RBI Signal ; Hike Lending Rates,https://www.latestly.com/agency-news/latest-news-banks-follow-rbis-signal-hike-lending-rates-4557533.html
2022-12-19,HDFC targets issuing one million credit cards a month,https://timesofindia.indiatimes.com/business/india-business/hdfc-targets-issuing-one-million-credit-cards-a-month/articleshow/96334038.cms
2022-12-19,FPJ Rewind 2022 : Best performing Stocks of 2022,https://www.freepressjournal.in/business/fpj-rewind-2022-best-performing-stocks-of-2022
2022-12-14,HDFC Bank picks 7 . 75 % stake in fintech start - up Mintoak for Rs 31 crore,https://www.businesstoday.in/latest/corporate/story/hdfc-bank-picks-775-stake-in-fintech-start-up-mintoak-for-rs-31-crore-356298-2022-12-14
2022-11-17,"HDFC Bank mulls adding over 100 branches in Kerala ; to create 1 , 000 jobs",https://www.thehindubusinessline.com/news/national/hdfc-bank-mulls-adding-over-100-branches-in-kerala-to-create-1000-jobs/article66148648.ece
2022-12-19,India HDFC Targets Issuing One Million Credit Cards A Month,https://www.bnnbloomberg.ca/india-s-hdfc-targets-issuing-one-million-credit-cards-a-month-1.1861083
2022-12-05,DSP Tax saver mutual fund review : Needs to catch up with index,https://economictimes.indiatimes.com/wealth/invest/dsp-tax-saver-mutual-fund-review-needs-to-catch-up-with-index/articleshow/95954009.cms
2022-12-05,Fund review : DSP Tax Saver Fund,https://economictimes.indiatimes.com/mf/analysis/dsp-tax-saver-mutual-fund-review-needs-to-catch-up-with-index/articleshow/95991589.cms
2022-12-30,Crafting Better Customer Journeys Through Digital Banking,https://www.businessworld.in/article/Crafting-Better-Customer-Journeys-Through-Digital-Banking/30-12-2022-459925/
2022-11-14,SBI Vs HDFC Bank Vs ICICI Bank Vs PNB : Which bank offers highest NRE FD interest rates ?,https://economictimes.indiatimes.com/wealth/invest/sbi-vs-hdfc-bank-vs-icici-bank-vs-pnb-which-bank-offers-highest-nre-fd-interest-rates/articleshow/95502143.cms
2022-11-18,"HDFC hikes FD interest rates from today , November 18 : Check latest rate , return calculator & other key details",https://zeenews.india.com/personal-finance/hdfc-hikes-fd-interest-rates-from-today-november-18-2022-check-latest-rate-for-senior-citizens-return-calculator-2537157.html
2022-11-28,HDFC Bank awaiting RBI reply on subsidiary stake forbearance : Parekh,https://www.business-standard.com/article/companies/awaiting-rbi-s-response-on-forbearance-sought-on-subsidiaries-parekh-122112500992_1.html
2022-11-15,"Check SBI , ICICI , Axis , HDFC , and Post Office fixed deposit rates",https://www.dnaindia.com/personal-finance/photo-gallery-check-sbi-icici-axis-hdfc-and-post-office-fixed-deposit-rates-3002262
2022-12-14,HDFC Bank to acquire 7 . 75 % stake in Mintoak for Rs 31 cr,https://www.business-standard.com/article/news-cm/hdfc-bank-to-acquire-7-75-stake-in-mintoak-for-rs-31-cr-122121400329_1.html
2022-11-15,Nifty November futures trade at premium,https://www.business-standard.com/article/news-cm/nifty-november-futures-trade-at-premium-122111501873_1.html
2022-11-14,Nifty November futures trade at premium,https://www.business-standard.com/article/news-cm/nifty-november-futures-trade-at-premium-122111401204_1.html
2022-10-31,rbi : Credit card numbers continue to slip after RBI deactivation order,https://economictimes.indiatimes.com/markets/stocks/news/credit-card-numbers-continue-to-slip-after-rbis-deactivation-order/articleshow/95189609.cms
2022-11-01,Mumbai : Consumer panel asks bank to refund money lost via unauthorised transactions,https://www.freepressjournal.in/mumbai/mumbai-consumer-panel-asks-bank-to-refund-money-lost-via-unauthorised-transactions
2022-11-18,HDFC Bank Signs MoU with Government of Karnataka,https://www.equitybulls.com/category.php?id=323225
2022-12-30,"Latest savings account interest rates : SBI , ICICI Bank , HDFC Bank , PNB , Federal Bank",https://economictimes.indiatimes.com/wealth/save/latest-savings-account-interest-rates-sbi-icici-bank-hdfc-bank-pnb-federal-bank/articleshow/96617342.cms
2022-12-30,NRE FD interest rates : SBI Vs HDFC Bank Vs ICICI Bank Vs Canara Bank vs PNB,https://economictimes.indiatimes.com/wealth/invest/nre-fd-interest-rates-sbi-vs-hdfc-bank-vs-icici-bank-vs-canara-bank-vs-pnb/articleshow/96615465.cms
2022-10-11,Maharashtra Seamless prepays outstanding loan of Rs 315 cr,https://www.business-standard.com/article/news-cm/maharashtra-seamless-prepays-outstanding-loan-of-rs-315-cr-122101100433_1.html
2022-12-11,Five of top - 10 firms lose Rs 1 . 67 lakh crore in m - cap ; RIL biggest drag,https://timesofindia.indiatimes.com/business/markets/sensex/five-of-top-10-firms-lose-rs-1-67-lakh-crore-in-m-cap-ril-biggest-drag/articleshow/96147926.cms
2022-12-15,mintoak : HDFC Bank acquires 7 . 75 % stake in payments startup Mintoak,https://economictimes.indiatimes.com/tech/startups/hdfc-bank-acquires-7-75-stake-in-payments-startup-mintoak/articleshow/96233327.cms
2022-12-11,Five of top - 10 firms lose Rs 1 . 67 trn in m - cap ; RIL biggest drag,https://www.business-standard.com/article/markets/five-of-top-10-firms-lose-rs-1-67-trn-in-m-cap-ril-biggest-drag-122121100334_1.html
2022-12-11,Five of top - 10 firms lose ₹1 . 67 lakh crore in m - cap ; RIL biggest drag,https://www.thehindubusinessline.com/markets/five-of-top-10-firms-lose-167-lakh-crore-in-m-cap-ril-biggest-drag/article66251045.ece
2022-12-14,HDFC Bank acquires minority stake in Mintoak for Rs 31 . 1 cr,https://news.webindia123.com/news/Articles/Business/20221214/4014613.html
2022-10-17,LKP Securities has  buy  ratings for these three Indian stocks ; Read here,https://news.webindia123.com/news/Articles/Business/20221017/3993924.html
2022-10-30,"9 Of Top - 10 Firms Add Rs 90 , 319 Crore In Market Valuation Amid Upward Trend",https://www.ndtv.com/business/9-of-top-10-firms-add-rs-90-319-crore-in-market-valuation-amid-upward-trend-3473594
2022-11-05,Home Loan Interest Rate 2022 : SBI vs HDFC vs ICICI vs PNB housing loan rates compared,https://zeenews.india.com/personal-finance/home-loan-interest-rate-2022-sbi-vs-hdfc-vs-icici-vs-pnb-housing-loan-rates-compared-2531365.html
2022-10-30,"Nine of top - 10 firms add Rs 90 , 319 cr in market valuation ; RIL leads pack",https://www.business-standard.com/article/markets/nine-of-top-10-firms-add-rs-90-319-cr-in-market-valuation-ril-leads-pack-122103000214_1.html
2022-10-30,"Mcap : Nine of top - 10 firms add ₹90 , 319 crore ; RIL leads pack",https://www.thehindubusinessline.com/markets/mcap-nine-of-top-10-firms-add-90319-crore-ril-leads-pack/article66072576.ece
2022-11-21,"hdfc bank : Test drive over , HDFC Bank plans to go big on EV loans",https://economictimes.indiatimes.com/industry/banking/finance/test-drive-over-hdfc-bank-plans-to-go-big-on-ev-loans/articleshow/95670195.cms
2022-10-07,"Apple iPhone 14 Plus now available for purchase in India : Specs , offers",https://www.business-standard.com/article/technology/apple-iphone-14-plus-now-available-for-purchase-in-india-specs-offers-122100700393_1.html
2022-11-08,Rajnish Khare joins Union Bank of India as Chief Digital Officer : Best Media Info,https://bestmediainfo.com/2022/11/rajnish-khare-joins-union-bank-of-india-as-chief-digital-officer
2022-10-11,hdfc bank q2 loan growth : HDFC Bank strong Q2 loan growth tells the story of India revival amid rising rates,https://economictimes.indiatimes.com/industry/banking/finance/banking/hdfc-banks-strong-q2-loan-growth-tells-the-story-of-indias-revival-amid-rising-rates/articleshow/94779310.cms
2022-10-26,HDFC Bank FDs vs Punjab National Bank FDs : Check which bank is offering better rates,https://www.businesstoday.in/personal-finance/investment/story/hdfc-bank-fds-vs-punjab-national-bank-fds-check-which-bank-is-offering-better-rates-350851-2022-10-26
2022-11-27,"Mcap of nine of top 10 firms climbs Rs 79 , 798 crore ; TCS , Infosys biggest winners",https://timesofindia.indiatimes.com/business/markets/sensex/mcap-of-nine-of-top-10-firms-climbs-rs-79798-crore-tcs-infosys-biggest-winners/articleshow/95801063.cms
2022-11-27,"TCS , Infosys top gainers as nine of top - 10 firms add Rs 79 , 798 . 3 cr in market capital",https://zeenews.india.com/markets/tcs-infosys-top-gainers-as-nine-of-top-10-firms-add-rs-79798-3-cr-in-market-capital-2540645.html
2022-11-28,"Mcap of 9 of top 10 firms climbs Rs 79 , 798 cr ; TCS , Infosys biggest winners",https://www.business-standard.com/article/markets/mcap-of-9-of-top-10-firms-climbs-rs-79-798-cr-tcs-infosys-biggest-winners-122112700164_1.html
2022-11-27,"M - cap of nine of top 10 firms climbs Rs 79 , 798 cr ; TCS , Infosys biggest winners",https://www.thehindubusinessline.com/markets/stock-markets/m-cap-of-nine-of-top-10-firms-climbs-rs-79798-cr-tcs-infosys-biggest-winners/article66190721.ece
2022-11-20,"Eight of top - 10 firms add Rs 42 , 173 crore in m - cap ; ICICI Bank , Infy biggest gainers",https://timesofindia.indiatimes.com/business/markets/sensex/eight-of-top-10-firms-add-rs-42173-crore-in-m-cap-icici-bank-infy-biggest-gainers/articleshow/95635341.cms
2022-11-20,"ICICI Bank , Infosys top gainers as eight of top - 10 firms add Rs 42 , 173 cr in market capital",https://zeenews.india.com/markets/icici-bank-infosys-top-gainers-as-eight-of-top-10-firms-add-rs-42173-cr-in-market-capital-2537835.html
2022-12-18,Mcap of 9 of top 10 most - valued cos erode by Rs 1 . 22 trn ; RIL top loser,https://www.business-standard.com/article/markets/mcap-of-9-out-of-top-10-most-valued-firms-erode-by-rs-1-22-trillion-122121800196_1.html
2022-11-20,"Mcap : Eight of top - 10 firms add ₹42 , 173 cr ; ICICI Bank , Infosys biggest gainers",https://www.thehindubusinessline.com/markets/mcap-eight-of-top-10-firms-add-42173-cr-icici-bank-infosys-biggest-gainers/article66160114.ece
2022-10-06,HDFC Bank launches SmartHub Vyapar for merchants,http://www.uniindia.com/hdfc-bank-launches-smarthub-vyapar-for-merchants/business-economy/news/2836628.html
2022-11-20,"Eight of top - 10 firms add Rs 42 , 173 crore in m - cap ; ICICI Bank , Infy biggest gainers",https://www.tribuneindia.com/news/business/eight-of-top-10-firms-add-rs-42-173-crore-in-m-cap-icici-bank-infy-biggest-gainers-452857
2022-12-06,HDFC AMC news : Promoter abrdn Investment to sell entire 10 . 2 % stake in HDFC AMC,https://economictimes.indiatimes.com/markets/stocks/news/promoter-abrdn-investment-to-sell-entire-10-2-stake-in-hdfc-amc/articleshow/96035077.cms
2022-12-09,Nifty December futures trade at premium,https://www.business-standard.com/article/news-cm/nifty-december-futures-trade-at-premium-122120901159_1.html
2022-10-02,Seven of top - 10 firms lose Rs 1 . 16 lakh cr in mcap ; Reliance worst hit,https://timesofindia.indiatimes.com/business/markets/sensex/seven-of-top-10-firms-lose-rs-1-16-lakh-cr-in-mcap-reliance-worst-hit/articleshow/94598024.cms
2022-10-02,top - 10 firms : Seven of top - 10 firms lose Rs 1 . 16 lakh cr in mcap ; Reliance worst hit,https://economictimes.indiatimes.com/markets/stocks/news/seven-of-top-10-firms-lose-rs-1-16-lakh-cr-in-mcap-reliance-worst-hit/articleshow/94595733.cms
2022-10-02,Seven of top - 10 firms lose Rs 1 . 16 trn in mcap ; Reliance worst hit,https://www.business-standard.com/article/markets/seven-of-top-10-firms-lose-rs-1-16-trn-in-mcap-reliance-worst-hit-122100200150_1.html
2022-10-20,State Bank of India : SBI AT1 bond yields rise in secondary trades,https://economictimes.indiatimes.com/markets/bonds/sbis-at1-bond-yields-rise-in-secondary-trades/articleshow/94975151.cms
2022-10-02,Seven of top - 10 firms lose Rs 1 . 16 lakh cr in mcap ; Reliance worst hit,https://www.businesstoday.in/markets/company-stock/story/seven-of-top-10-firms-lose-rs-116-lakh-cr-in-mcap-reliance-worst-hit-348775-2022-10-02
2022-10-02,Seven of top - 10 firms lose Rs 1 . 16 lakh - crore in M - cap ; Reliance worst hit,https://www.tribuneindia.com/news/business/seven-of-top-10-firms-lose-rs-1-16-lakh-crore-in-m-cap-reliance-worst-hit-437432
2022-12-26,"HDFC BANK Users Alert : 6 man make FAKE WEBSITE , CHEAT credit card holders",https://zeenews.india.com/india/hdfc-bank-users-alert-6-man-make-fake-website-cheat-credit-card-holders-2554209.html
2022-12-14,HDFC Bank FD interest rates 2022 : HDFC Bank hikes FD interest rates from today 14 December 2022 -- Check latest HDFC Bank FD rates,https://zeenews.india.com/personal-finance/hdfc-bank-fd-interest-rates-2022-hdfc-bank-hikes-fd-interest-rates-from-today-14-december-2022-check-latest-hdfc-bank-fd-rates-2548626.html
2022-11-01,"eicher : Maruti Suzuki and Eicher Motors may continue to do well , says Rahul Shah . Here why",https://economictimes.indiatimes.com/markets/expert-view/maruti-suzuki-and-eicher-motors-may-continue-to-do-well-says-rahul-shah-heres-why/articleshow/95210028.cms
2022-12-23,SBI vs HDFC Bank vs Canara Bank vs ICICI Bank vs PNB : Which bank offers the best interest rate for senior citizens ?,https://economictimes.indiatimes.com/wealth/invest/sbi-vs-hdfc-bank-vs-canara-bank-vs-icici-bank-vs-pnb-which-bank-offers-the-best-interest-rate-for-senior-citizens/articleshow/96449470.cms
2022-12-26,Six held for cheating HDFC Bank credit card holders of Rs 1 . 61 lakh,https://www.business-standard.com/article/current-affairs/six-held-for-cheating-hdfc-bank-credit-card-holders-of-rs-1-61-lakh-122122600890_1.html
2022-12-26,Six held for cheating HDFC Bank credit card holders,https://www.prokerala.com/news/articles/a1375694.html
2022-12-26,Six held for cheating HDFC Bank credit card holders,https://news.webindia123.com/news/Articles/India/20221227/4019489.html
2022-10-30,"Nine of top - 10 firms add Rs 90 , 319 crore in market valuation ; RIL leads pack",https://timesofindia.indiatimes.com/business/india-business/nine-of-top-10-firms-add-rs-90319-crore-in-market-valuation-ril-leads-pack/articleshow/95177367.cms
2022-11-08,"Sensex reclaims 61 , 000 - level",https://www.tribuneindia.com/news/business/sensex-reclaims-61-000-level-448828
2022-11-14,"Corrections and Clarifications November 15 , 2022",https://www.thehindu.com/opinion/Readers-Editor/corrections-and-clarifications/corrections-and-clarifications-november-15-2022/article66136400.ece
2022-11-01,"Nifty50 spends ₹7 , 795 . 98 cr on CSR in FY22 - The Hindu BusinessLine",https://www.thehindubusinessline.com/economy/nifty50-spends-779598-cr-on-csr-in-fy22/article66080829.ece
2022-10-19,Presidents of Municipal Councils of Baramulla and Sopore call on Lt Governor - Jammu Kashmir Latest News | Tourism,https://www.dailyexcelsior.com/presidents-of-municipal-councils-of-baramulla-and-sopore-call-on-lt-governor/
2022-10-30,"Nine of top - 10 firms add Rs 90 , 319 crore in market valuation ; RIL leads pack",https://www.tribuneindia.com/news/business/nine-of-top-10-firms-add-rs-90-319-crore-in-market-valuation-ril-leads-pack-445854
2022-10-25,"hdfc bank : Dumping HDFC Bank for PSU bank stocks ? History may repeat , warns Saurabh Mukherjea",https://economictimes.indiatimes.com/markets/stocks/news/dumping-hdfc-bank-for-psu-bank-stocks-history-may-repeat-warns-saurabh-mukherjea/articleshow/95071361.cms
2022-11-09,bank stocks outlook : Can Nifty Bank go up further without help from HDFC Bank ? Hemang Jani answers,https://economictimes.indiatimes.com/markets/expert-view/can-nifty-bank-go-up-further-without-help-from-hdfc-bank-hemang-jani-answers/articleshow/95399000.cms
2022-12-07,SBI vs HDFC Bank vs ICICI Bank vs PNB : Bank offering best interest rates for short - term FDs,https://economictimes.indiatimes.com/wealth/invest/sbi-vs-hdfc-bank-vs-icici-bank-vs-pnb-bank-offering-best-interest-rates-for-short-term-fds/articleshow/96051362.cms
2022-10-16,"Six of top - 10 firms lose Rs 78 , 163 crore in m - cap ; RIL biggest drag",https://www.business-standard.com/article/markets/six-of-top-10-firms-lose-rs-78-163-crore-in-m-cap-ril-biggest-drag-122101600169_1.html
2022-12-08,HDFC Bank files petition for NCLT approval to the proposed merger,https://www.livemint.com/companies/news/hdfc-bank-files-petition-for-nclt-approval-to-the-proposed-merger-11670467804947.html
2022-10-16,"Mcap : Six of top - 10 firms lose ₹78 , 163 cr ; RIL biggest drag - The Hindu BusinessLine",https://www.thehindubusinessline.com/markets/mcap-six-of-top-10-firms-lose-78163-cr-ril-biggest-drag/article66017054.ece
2022-11-17,"UPI transaction : Tips to ensure a successful UPI transaction , every time",https://economictimes.indiatimes.com/wealth/web-stories/upi-transaction-tips-to-ensure-a-successful-upi-transaction-every-time/slideshow/95578794.cms
2022-10-16,"Six of top - 10 firms lose Rs 78 , 163 crore in m - cap ; RIL biggest drag",https://www.tribuneindia.com/news/business/six-of-top-10-firms-lose-rs-78-163-crore-in-m-cap-ril-biggest-drag-441823
2022-11-25,MoU signed for construction of farm ponds in nine districts,https://www.thehindu.com/news/national/karnataka/mou-signed-for-construction-of-farm-ponds-in-nine-districts/article66184609.ece
2022-10-17,hdfc bank share price : Is HDFC Bank stock nearing the end of its underperformance spell ? Here the Street view,https://economictimes.indiatimes.com/markets/stocks/news/hdfc-bank-stock-nearing-the-end-of-its-underperformance-spell-heres-the-street-view/articleshow/94909172.cms
2022-11-28,"Lost or exhausted your chequebook ? Here how to apply online to get SBI , HDFC Bank CHEQUE delivered anywhere in India",https://zeenews.india.com/personal-finance/lost-or-exhausted-your-chequebook-heres-how-to-apply-online-to-get-sbi-hdfc-bank-cheque-delivered-anywhere-in-india-2541311.html
2022-10-15,"HDFC Bank Q2 net profit surges 22 per cent to Rs 11 , 125 crore",https://news.webindia123.com/news/Articles/Business/20221015/3993460.html
2022-12-15,Rs 5 . 50 lakh crore ! Here are the 5 biggest mutual fund bets . Key details,https://www.businesstoday.in/markets/stocks/story/rs-550-lakh-crore-here-are-the-5-biggest-mutual-funds-bets-key-details-356452-2022-12-15
2022-12-29,Fixed Deposit Interest Rates Compared : SBI Vs HDFC Bank Vs ICICI Bank Vs Punjab National Bank,https://www.india.com/business/fixed-deposit-interest-rates-compared-sbi-vs-hdfc-bank-vs-icici-bank-vs-punjab-national-bank-5828641/
2022-10-04,HDFC Twins share price : HDFC twins rally up to 3 % on Q2 business update,https://economictimes.indiatimes.com/markets/stocks/news/hdfc-twins-rally-up-to-3-on-q2-business-update/articleshow/94641928.cms
2022-11-07,"Twitter Layoffs India : IT Minister Ashwini Vaishnaw condemns Twitter layoffs in India , CIO News , ET CIO",https://cio.economictimes.indiatimes.com/news/corporate-news/it-minister-ashwini-vaishnaw-condemns-twitter-layoffs-in-india/95357654
2022-11-07,"India 5G : India set to witness multi - billion - dollar 5G infra roll - out , CIO News , ET CIO",https://cio.economictimes.indiatimes.com/news/internet/india-set-to-witness-multi-billion-dollar-5g-infra-roll-out/95357584
2022-11-09,"Twitter : Twitter job cuts : what are digital layoffs and what do they mean for employees and companies ?, CIO News , ET CIO",https://cio.economictimes.indiatimes.com/news/social-media/twitter-job-cuts-what-are-digital-layoffs-and-what-do-they-mean-for-employees-and-companies/95396153
2022-11-09,"Twitter engineer says he was fired for helping coworkers who faced layoffs , CIO News , ET CIO",https://cio.economictimes.indiatimes.com/news/social-media/twitter-engineer-says-he-was-fired-for-helping-coworkers-who-faced-layoffs/95390986
2022-11-09,"Meta : Meta will begin laying off employees on Wednesday morning : Report , CIO News , ET CIO",https://cio.economictimes.indiatimes.com/news/corporate-news/meta-will-begin-laying-off-employees-on-wednesday-morning-report/95390499
2022-11-10,"Quantum : IBM launches its most powerful quantum computer with 433 qubits , CIO News , ET CIO",https://cio.economictimes.indiatimes.com/news/cloud-computing/ibm-launches-its-most-powerful-quantum-computer-with-433-qubits/95418040
2022-11-10,"Meta India may not face brunt of layoffs ; IT firms dig deep to catch moonlighters , CIO News , ET CIO",https://cio.economictimes.indiatimes.com/news/corporate-news/meta-india-may-not-face-brunt-of-layoffs-it-firms-dig-deep-to-catch-moonlighters/95414417
2022-10-02,Seven of top - 10 firms lose Rs 1 . 16 lakh crore in mcap ; Reliance worst hit,https://www.indiatvnews.com/business/news/seven-of-top-10-firms-lose-rs-1-16-lakh-crore-in-mcap-reliance-worst-hit-market-update-2022-10-02-813065
2022-10-02,Latest News | Seven of Top - 10 Firms Lose Rs 1 . 16 Lakh Cr in Mcap ; Reliance Worst Hit,https://www.latestly.com/agency-news/latest-news-seven-of-top-10-firms-lose-rs-1-16-lakh-cr-in-mcap-reliance-worst-hit-4277210.html
2022-10-23,Reliance | Reliance share price : 8 out of top 10 firms add Rs 2 lakh cr in market valuation ; Reliance lead gainer,https://economictimes.indiatimes.com/markets/stocks/news/8-out-of-top-10-firms-add-rs-2-lakh-cr-in-market-valuation-reliance-lead-gainer/articleshow/95043254.cms
2022-10-05,SBI vs HDFC Bank vs ICICI Bank : Which stock has potential to deliver more ?,https://www.businesstoday.in/markets/story/sbi-vs-hdfc-bank-vs-icici-bank-which-stock-has-potential-to-deliver-more-349046-2022-10-05
2022-11-01,"Nifty50 spends ₹7 , 795 . 98 cr on CSR in FY22 - The Hindu BusinessLine",https://www.thehindubusinessline.com/data-stories/data-focus/nifty50-spends-779598-cr-on-csr-in-fy22/article66080829.ece
2022-12-16,"Hdfc Bank stock price : Hot Stocks : Global brokerages on HDFC Bank , BoB , SBI and ICICI Bank",https://economictimes.indiatimes.com/markets/stocks/news/hot-stocks-global-brokerages-on-hdfc-bank-bob-sbi-and-icici-bank/articleshow/96269330.cms
2022-11-21,"HDFC Bank , Canara Bank get approval for rupee trade with Russia : Report",https://www.businesstoday.in/industry/banks/story/hdfc-bank-canara-bank-get-approval-for-rupee-trade-with-russia-report-353623-2022-11-21
2022-11-18,Axis Bank among 20 stocks that made crorepati investors richer last month,https://economictimes.indiatimes.com/markets/stocks/news/axis-bank-among-20-stocks-that-made-crorepati-investors-richer-last-month/articleshow/95593319.cms
2022-10-06,From SBI to PNB : List of banks offering WhatsApp banking services,https://www.northwestgeorgianews.com/tribune/regional/from-sbi-to-pnb-list-of-banks-offering-whatsapp-banking-services/article_d8184e99-61ef-5122-8805-b9b8c6c94de5.html
2022-11-06,"Reliance Industries ranked 20th in the world , highest among Indian companies in World Best Employers rankings",https://www.prokerala.com/news/articles/a1360864.html
2022-10-17,"hdfc bank : HDFC merger may trigger Nifty rebalancing , $1 . 5 billion outflow",https://economictimes.indiatimes.com/markets/stocks/news/hdfc-merger-may-trigger-nifty-rebalancing-1-5-billion-outflow/articleshow/94913698.cms
2022-11-06,"Reliance Industries ranked 20th in the world , highest among Indian companies in World Best Employers rankings",https://news.webindia123.com/news/Articles/Business/20221107/4000823.html
2022-11-28,"Google Pixel 7 series gets cheaper with bank , exchange offers on Flipkart",https://www.business-standard.com/article/technology/google-pixel-7-series-gets-cheaper-with-bank-exchange-offers-on-flipkart-122112300795_1.html
2022-12-23,Top banks vie for No . 1 bond spot as credit demand surges,https://timesofindia.indiatimes.com/business/india-business/top-banks-vie-for-no-1-bond-spot-as-credit-demand-surges/articleshow/96442544.cms
2022-12-10,"Planning to buy Apple MacBook Air M1 ? Here how you can get about Rs 20 , 000 discount",https://www.bgr.in/best-deals/planning-to-buy-apple-macbook-air-m1-heres-how-you-can-get-about-rs-20000-discount-1348096/
2022-12-23,Top Indian banks battle for no 1 bond spot as credit demand surges,https://www.business-standard.com/article/finance/top-indian-banks-battle-for-no-1-bond-spot-as-credit-demand-surges-122122300120_1.html
2022-12-23,Top Indian Banks Vie for No . 1 Bond Spot as Credit Demand Surges,https://www.bnnbloomberg.ca/top-indian-banks-vie-for-no-1-bond-spot-as-credit-demand-surges-1.1862812
2022-10-17,Nifty October futures trade at discount,https://www.business-standard.com/article/news-cm/nifty-october-futures-trade-at-discount-122101700752_1.html
2022-10-19,Nifty October futures trade at discount,https://www.business-standard.com/article/news-cm/nifty-october-futures-trade-at-discount-122101900913_1.html
2022-11-29,Nifty December futures trade at premium,https://www.business-standard.com/article/news-cm/nifty-december-futures-trade-at-premium-122112900857_1.html
2022-12-21,Federated Hermes Inc . Trims Stake in HDFC Bank Limited ( NYSE : HDB ),https://www.etfdailynews.com/2022/12/21/federated-hermes-inc-trims-stake-in-hdfc-bank-limited-nysehdb/
2022-12-15,Axis Bank hikes FD interest rates : Senior citizens can earn up to 7 . 75 %,https://economictimes.indiatimes.com/wealth/invest/axis-bank-hikes-fd-interest-rates-senior-citizens-can-earn-up-to-7-75/articleshow/96249327.cms
2022-12-16,"Fall In Commodity Prices To Shrink India Trade Deficit , Lift Rupee : Report",https://www.ndtv.com/business/fall-in-commodity-prices-to-shrink-indias-trade-deficit-lift-rupee-report-3611956
2022-11-06,"Reliance Industries Ranked 20Th In The World , Highest Among ...",https://menafn.com/1105139174/Reliance-Industries-Ranked-20Th-In-The-World-Highest-Among-Indian-Companies-In-Worlds-Best-Employers-Rankings
2022-11-06,Mcap of seven of top - 10 most valued firms rises Rs 1 . 33 lakh crore ; Reliance biggest winner,https://economictimes.indiatimes.com/markets/stocks/news/mcap-of-seven-of-top-10-most-valued-firms-rises-rs-1-33-lakh-crore-reliance-biggest-winner/articleshow/95332371.cms
2022-12-26,Stock market - Markets trade firm in early trade ; Sensex climbs over 257 points,https://www.telegraphindia.com/business/markets-trade-firm-in-early-trade-sensex-climbs-over-257-points/cid/1905916
2022-10-25,Credit cards - in - force fall for 2nd straight month as issuers shut inactive cards,https://www.thehindubusinessline.com/money-and-banking/credit-cards-in-force-fall-for-2nd-straight-month-as-issuers-shut-inactive-cards/article66053606.ece
2022-12-25,India Inc to hire more women this new year in diversity push,https://economictimes.indiatimes.com/jobs/india-inc-to-hire-more-women-this-new-year-in-diversity-push/articleshow/96501486.cms
2022-10-28,"Banks offering festive FD rates after hike in repo rate , choose most suitable one",https://www.dnaindia.com/personal-finance/photo-gallery-banks-offering-festive-fd-rates-after-hike-in-repo-rate-choose-most-suitable-one-2996592
2022-10-15,SEBI grant approval for proposed change in control of HDFC Property Ventures,https://www.business-standard.com/article/news-cm/sebi-grant-approval-for-proposed-change-in-control-of-hdfc-property-ventures-122101500300_1.html
2022-12-19,"Credit card : HDFC Bank recovers swiftly from RBI ban , to launch digital card",https://www.livemint.com/companies/news/credit-card-hdfc-bank-recovers-swiftly-from-rbi-ban-to-launch-digital-card-11671419345756.html
2022-11-25,HDFC merger : Deepak Parekh says RBI reply on stakes in units awaited,https://www.livemint.com/companies/news/hdfc-merger-deepak-parekh-says-rbi-reply-on-stakes-in-units-awaited-11669396981735.html
2022-11-28,Festivals boost credit card spends to record high of Rs 1 . 29 trillion,https://www.business-standard.com/article/finance/festivals-boost-credit-card-spends-to-record-high-of-rs-1-29-trillion-122112800742_1.html
2022-12-23,Top Indian Banks Vie for No . 1 Bond Spot as Credit Demand Surges,https://news.yahoo.com/top-indian-banks-vie-no-233000890.html
2022-12-19,Hariom Pipe gains after HDFC Bank OKs credit facilities,https://www.business-standard.com/article/news-cm/hariom-pipe-gains-after-hdfc-bank-oks-credit-facilities-122121900561_1.html
2022-11-23,"Black Friday sale : Apple iPhone , iPad and other products available at massive discount on Croma",https://www.dnaindia.com/technology/report-black-friday-sale-apple-iphone-ipad-and-other-products-available-at-massive-discount-on-croma-3004772
2022-12-24,"Vijay Sales announces Christmas offers on iPhone 14 , Apple Watch Series 8 and more products : Check all offers here",https://www.bgr.in/news/vijay-sales-offering-heavy-discounts-on-iphone-14-apple-watch-series-8-and-more-products-check-all-offers-here-1351834/
2022-11-13,HDFC Bank : Nine of top 10 firms add Rs 2 . 12 lakh cr in m - cap ; HDFC Bank tops chart,https://economictimes.indiatimes.com/markets/stocks/news/nine-of-top-10-firms-add-rs-2-12-lakh-cr-in-m-cap-hdfc-bank-tops-chart/articleshow/95485665.cms
2022-11-07,HDFC Bank Loan Interest rates : HDFC Bank hikes loan interest rates : EMIs to increase further,https://economictimes.indiatimes.com/wealth/borrow/hdfc-bank-hikes-loan-interest-rates-emis-to-increase-further/articleshow/95348695.cms
2022-10-05,"Flipkart Big Dussehra Sale 2022 goes live for all : Nothing Phone ( 1 ) at Rs 12 , 099 with bank offers and discounts",https://www.dnaindia.com/mobile/report-flipkart-big-dussehra-sale-2022-goes-live-nothing-phone-1-at-rs-12099-with-bank-offers-and-discount-2990387
2022-12-05,5 Best Foreign Stocks to Buy Now - Insider Monkey,https://www.insidermonkey.com/blog/5-best-foreign-stocks-to-buy-now-1093512/
2022-10-14,Nearly Rs 5 lakh crore of mutual fund money riding on these 10 stocks,https://economictimes.indiatimes.com/mf/mf-news/nearly-rs-5-lakh-crore-of-mutual-fund-money-riding-on-these-10-stocks/articleshow/94856536.cms
2022-12-12,"NIT Patna : Placement 2022 - Highest Package , Average Package & Top Recruiters",https://www.pagalguy.com/colleges/national-institute-of-technologynit-patna/placements
2022-10-11,Maharashtra Seamless prepays term loan of Rs 315 crore to HDFC Bank,https://www.business-standard.com/article/news-cm/maharashtra-seamless-prepays-term-loan-of-rs-315-crore-to-hdfc-bank-122101100605_1.html
2022-11-07,Top 10 Indian companies by market value,https://www.businessinsider.in/india/news/top-10-indian-companies-by-market-value/articleshow/74577297.cms
2022-10-26,New Fixed Deposit interest rates : Axis Bank vs HDFC Bank vs ICICI Bank vs SBI Bank,https://zeenews.india.com/personal-finance/new-fixed-deposit-interest-rates-axis-bank-vs-hdfc-bank-vs-icici-bank-vs-sbi-bank-2526882.html
2022-10-28,"PNB , Axis , SBI other banks increase ATM withdrawal charges , check new rates",https://www.dnaindia.com/personal-finance/report-pnb-axis-sbi-other-banks-increase-atm-withdrawal-charges-check-new-rates-2996711
2022-12-05,hdfc : LIC raises stake in HDFC Ltd to over 5 % - The Economic Times,https://economictimes.indiatimes.com/markets/stocks/news/lic-raises-stake-in-hdfc-ltd-to-over-5/articleshow/96009560.cms
2022-12-25,Mcap of 10 most valued firms erodes by Rs 1 . 68 lakh cr ; Reliance biggest drag,https://timesofindia.indiatimes.com/business/markets/sensex/mcap-of-10-most-valued-firms-erodes-by-rs-1-68-lakh-cr-reliance-biggest-drag/articleshow/96491314.cms
2022-12-22,Jefferies to include REC in its India long - only portfolio,https://www.businesstoday.in/markets/stocks/story/jefferies-to-include-rec-in-its-india-long-only-portfolio-357416-2022-12-22
2022-12-25,Mcap of 10 most valued firms erodes by Rs 1 . 68 trn ; Reliance biggest drag,https://www.business-standard.com/article/markets/mcap-of-10-most-valued-firms-erodes-by-rs-1-68-trn-reliance-biggest-drag-122122500157_1.html
2022-12-26,"Corporate India focusing on gender diversity , to hire more women in 2023",https://www.business-standard.com/article/companies/corporate-india-focusing-on-gender-diversity-to-hire-more-women-in-2023-122122600518_1.html
2022-12-25,M - cap of 10 most valued firms erodes by Rs 1 . 68 lakh - crore ; Reliance biggest drag,https://www.tribuneindia.com/news/business/m-cap-of-10-most-valued-firms-erodes-by-rs-1-68-lakh-crore-reliance-biggest-drag-464401
2022-10-22,gold loan interest rates : 5 banks offering lowest gold loan interest rates,https://economictimes.indiatimes.com/wealth/borrow/5-banks-offering-lowest-gold-loan-interest-rates/articleshow/95030044.cms
2022-10-16,HDFC Bank poised to complete merger by April - June quarter,https://www.livemint.com/companies/news/hdfc-bank-poised-to-complete-merger-by-april-june-quarter-11665944170108.html
2023-12-26,Debit Card Insurance : HDFC Bank Asked To Pay Rs5 Lakh Death Claim with 9 % Interest,https://www.moneylife.in/article/debit-card-insurance-hdfc-bank-asked-to-pay-rs5-lakh-death-claim-with-9-percentage-interest/72959.html
2023-11-17,HDFC Bank Stock : Cleaning Out The Closet ( NYSE : HDB ),https://seekingalpha.com/article/4652522-hdfc-bank-stock-cleaning-out-closet-maintain-hold
2023-10-05,"Recurring deposit interest rates : Post Office , SBI , HDFC Bank 5 - year RD rates compared",https://www.livemint.com/money/personal-finance/recurring-deposit-interest-rates-post-office-sbi-hdfc-bank-5-year-rd-rates-compared-11696488742762.html
2023-12-27,"Mumbai : HDFC Bank Faces Allegations Of Harassment After 27 - Year - Old Claims Threats , Abuses From Recovery Agent Over  Relative  EMI Default",https://www.freepressjournal.in/mumbai/mumbai-hdfc-bank-faces-allegations-of-harassment-after-27-year-old-claims-threats-abuses-from-recovery-agent-over-relatives-emi-default
2023-11-21,"RBI tighter unsecured retail lending norms pose no threat to HDFC Bank , Kotak Mahindra Bank : Analysts",https://www.moneycontrol.com/news/business/markets/rbis-tighter-unsecured-retail-lending-norms-pose-no-threat-to-hdfc-bank-kotak-mahindra-bank-analysts-11777581.html
2023-12-28,"SBI , ICICI Bank and HDFC Bank remained too big to fail banks in 2023",https://www.moneycontrol.com/news/business/sbi-icici-bank-and-hdfc-bank-remained-too-big-to-fail-banks-in-2023-11968391.html
2023-12-29,"RBI : Systemically important SBI , HDFC move to higher buckets",https://economictimes.indiatimes.com/markets/stocks/news/systemically-important-sbi-hdfc-move-to-higher-buckets/articleshow/106362212.cms
2023-11-06,"HDFC Bank 2 . 0 under Sashidhar Jagdishan : Steady beginning , miles to go",https://www.rediff.com/business/report/hdfc-bank-20-under-sashidhar-jagdishan-steady-beginning-miles-to-go/20231106.htm
2023-10-16,"HDFC Bank Q2 Results 2024 : Know Quarterly Earnings Report Date , Time , And Expectations",https://www.timesnownews.com/business-economy/companies/hdfc-bank-q2-results-2024-know-quarterly-earnings-report-date-time-and-expectations-article-104455870
2023-10-18,Stupidity At Its Best : HDFC Bank Faces Backlash Over Vigil Aunty Ad,https://www.ndtv.com/india-news/stupidity-at-its-best-hdfc-bank-faces-backlash-over-vigil-aunty-ad-4491446
2023-10-17,"HDFC Bank shares rise 1 % despite NII , NIM concerns ; brokerages remain bullish",https://www.moneycontrol.com/news/business/markets/hdfc-bank-q2-nii-nim-miss-may-weigh-on-stock-but-brokerages-remain-bullish-11544321.html
2023-11-14,The Merger of HDFC Limited with HDFC Bank : Synergy or Concentration ?,https://www.epw.in/journal/2023/45-46/commentary/merger-hdfc-limited-hdfc-bank.html
2023-10-05,HDFC Bank shares : India most - valued bank stock is 2023 worst performer . What next ?,https://www.businesstoday.in/markets/company-stock/story/hdfc-bank-shares-indias-most-valued-bank-stock-is-2023s-worst-performer-whats-next-400821-2023-10-05
2023-12-20,"Shocked to know HDFC doesnt provide loans to policemen , says J & K officer . Bank responds",https://www.moneycontrol.com/news/trends/hdfc-doesnt-provide-loans-to-police-claims-policeman-bank-responds-11929561.html
2023-10-17,HDFC Bank merger pains are not over yet,https://www.moneycontrol.com/news/opinion/hdfc-banks-merger-pains-are-not-over-yet-11544151.html
2023-10-03,HDFC Bank to go for management overhaul months after mega merger :  Report,https://www.businesstoday.in/latest/corporate/story/hdfc-bank-to-go-for-management-overhaul-months-after-mega-merger-report-400548-2023-10-03
2023-10-04,HDFC Bank shares rise as loan book grows 4 . 9 % sequentially ; check analyst views & other details,https://www.businesstoday.in/markets/company-stock/story/hdfc-bank-shares-rise-as-loan-book-grows-49-sequentially-check-analyst-views-other-details-400620-2023-10-04
2023-10-02,hdfc : HDFC Bank set to get a boost from a wider branch network,https://economictimes.indiatimes.com/markets/stocks/news/hdfc-bank-set-to-get-a-boost-from-a-wider-branch-network/articleshow/104096378.cms
2023-12-08,"HDFC Bank Senior Citizen Care FD Scheme Deadline Extended ; Check Last Date To Apply , Interest Rates And Other Details",https://zeenews.india.com/personal-finance/hdfc-bank-senior-citizen-care-fd-scheme-deadline-extended-check-last-date-to-apply-interest-rates-and-other-details-2696629.html
2023-12-27,"MC Pro Inside Edge | Silent wait for HDFC Bank re - rating , BSE craves for NSE public issue , Polycab promoters pitch tent",https://www.moneycontrol.com/news/business/markets/mc-pro-inside-edge-silent-wait-for-hdfc-bank-re-rating-bse-craves-for-nse-public-issue-polycab-promoters-pitch-tent-11959471.html
2023-10-04,"hdfc bank q2 earnings : HDFC Bank Q2 Update : Advances up 58 % YoY , deposits rise 30 %",https://economictimes.indiatimes.com/markets/stocks/earnings/hdfc-bank-q2-update-advances-up-58-deposits-rise-30/articleshow/104148568.cms
2023-10-25,HDFC Bank Q2 puts levers in place to undo stock underperformance : Analysts,https://www.rediff.com/business/report/hdfc-bank-q2-puts-levers-in-place-to-undo-stock-underperformance-analysts/20231025.htm
2023-12-29,"RBI ups weight of SBI , HDFC Bank in too - big - to - fail list",https://www.moneylife.in/article/rbi-ups-weight-of-sbi-hdfc-bank-in-too-big-to-fail-list/72994.html
2023-10-18,InCred Equities prefers HDFC Bank over ICICI Bank ; here why,https://www.livemint.com/market/stock-market-news/incred-equities-prefers-hdfc-bank-over-icici-bank-heres-why-11697609441046.html
2023-12-26,"$1000 Invested In This Stock 10 Years Ago Would Be Worth $3 , 900 Today - HDFC Bank ( NYSE : HDB )",https://www.benzinga.com/news/23/12/36385290/1000-invested-in-this-stock-10-years-ago-would-be-worth-3-900-today
2023-12-31,Mcap of 8 of top - 10 most valued firms jump Rs 1 . 29 lakh cr ; HDFC Bank biggest gainer,https://www.moneycontrol.com/news/business/markets/mcap-of-8-of-top-10-most-valued-firms-jump-rs-1-29-lakh-cr-hdfc-bank-biggest-gainer-11978611.html
2023-12-07,Tata Motors partners HDFC Bank for commercial vehicle financing,https://www.moneycontrol.com/news/business/tata-motors-partners-hdfc-bank-for-commercial-vehicle-financing-11869141.html
2023-10-05,"CLSA adds HDFC Bank to its focus portfolio ; overweight on banks , energy & industrials",https://www.moneycontrol.com/news/business/stocks/clsa-adds-hdfc-bank-to-its-focus-portfolio-overweight-on-banks-energy-industrials-11480041.html
2023-10-16,"HDFC Bank Q2 Results : Net Profit Jumps 50 % To Rs 15 , 976 Crore , Check Details",https://www.news18.com/business/hdfc-bank-q2-results-net-profit-jumps-50-to-rs-15976-crore-check-details-8620059.html
2023-12-07,HDFC Bank hikes loan interest rates by up to 5 bps : Check latest rates,https://economictimes.indiatimes.com/wealth/borrow/hdfc-bank-hikes-loan-interest-rates-by-up-to-5-bps-check-latest-rates/articleshow/105802683.cms
2023-10-17,"HDFC Bank share price rises 2 % after Q2 results ; should you buy , sell or hold the stock ?",https://www.livemint.com/market/stock-market-news/hdfc-bank-share-price-rises-2-after-q2-results-should-you-buy-sell-or-hold-the-stock-11697514359071.html
2023-10-04,HDFC Bank splits retail loans division after mega merger : Report,https://www.businesstoday.in/latest/corporate/story/hdfc-bank-splits-retail-loans-division-after-mega-merger-report-400687-2023-10-04
2023-12-28,HDFC Loan Recovery Allegedly Harasses Mumbai Man Bank Reacts,https://www.businessworld.in/article/HDFC-Loan-Recovery-Allegedly-Harasses-Mumbai-Man-Bank-Reacts/28-12-2023-503835/
2023-12-20,"HDFC Bank Raises Rs 7 , 425 Crore via Infrastructure Bond Issue",https://www.timesnownews.com/business-economy/companies/hdfc-bank-raises-rs-7425-crore-via-infrastructure-bond-issue-article-106156906
2023-12-08,The great awakening : HDFC Bank shows cup and handle pattern breakout after 2 years of consolidation,https://www.moneycontrol.com/news/business/markets/the-great-awakening-hdfc-bank-shows-cup-and-handle-pattern-breakout-after-2-years-of-consolidation-11875301.html
2023-12-27,"HDFC agents threatened me , family after relative failed to pay EMI , says Mumbai man .  Bank responds",https://www.moneycontrol.com/news/trends/hdfc-agents-threatened-me-my-family-after-relative-failed-to-pay-rs-3500-emi-says-mumbai-man-bank-responds-11960771.html
2023-11-11,"Thieves break open ATM , loot over Rs 5 lakh in West Delhi",https://www.thestatesman.com/cities/delhi/thieves-cut-open-atm-loot-over-rs-5-lakh-in-west-delhi-1503240031.html
2023-11-16,Tax saving fixed deposits : SBI vs HDFC Bank vs ICICI Bank vs Axis Bank . Which bank offers highest interest rate ?,https://www.livemint.com/money/personal-finance/tax-saving-fixed-deposits-fds-highest-interest-rates-sbi-vs-hdfc-bank-vs-icici-bank-vs-axis-bank-vs-bank-of-baroda-11700123580115.html
2023-10-04,"HDFC Bank Q2 update : Advances jump 57 %, home loan grows 10 % post merger",https://www.moneycontrol.com/news/business/hdfc-bank-q2-update-advances-jump-57-home-loan-grows-10-post-merger-11473911.html
2023-10-16,"HDFC Bank Q2 Results : Net Profit Surges Over 50 pc to Rs 15 , 976 cr | Check Net Interest Income , Other Earnings Details",https://www.timesnownews.com/business-economy/companies/hdfc-bank-q2-results-net-profit-surges-over-50-pc-to-rs-15976-cr-check-net-interest-income-other-earnings-details-article-104467903
2023-12-08,"Samir Arora extremely bullish on largecap financials , says share prices to pick up in 2024",https://www.moneycontrol.com/news/business/samir-arora-extremely-bullish-on-largecap-financials-says-share-prices-to-pick-up-in-2024-11873611.html
2023-10-17,"HDFC stock gains on the back of Q2 results ; Should you buy , sell the stock ?",https://www.financialexpress.com/market/hdfc-stock-gains-on-the-back-of-q2-results-should-you-buy-sell-the-stock-3274862/
2023-10-18,"HDFC Bank faces flak over  Vigil Aunty  print ad , netizens call it  anti Hindu : Best Media Info",https://bestmediainfo.com/2023/10/hdfc-bank-faces-flak-over-vigil-aunty-print-ad-netizens-call-it-anti-hindu
2023-12-31,HDFC Bank m - cap : Mcap of 8 of top - 10 most valued firms jump Rs 1 . 29 lakh cr ; HDFC Bank biggest gainer,https://economictimes.indiatimes.com/markets/stocks/news/mcap-of-8-of-top-10-most-valued-firms-jump-rs-1-29-lakh-cr-hdfc-bank-biggest-gainer/articleshow/106415290.cms
2023-12-31,Mcap of 8 of top - 10 most valued firms jump Rs 1 . 29 lakh crore ; HDFC Bank biggest gainer,https://timesofindia.indiatimes.com/business/india-business/mcap-of-8-of-top-10-most-valued-firms-jump-rs-1-29-lakh-crore-hdfc-bank-biggest-gainer/articleshow/106415804.cms
2023-12-31,Mcap of 8 of top - 10 most valued firms jump Rs 1 . 29 lakh cr ; HDFC Bank biggest gainer,https://www.financialexpress.com/market/mcap-of-8-of-top-10-most-valued-firms-jump-rs-1-29-lakh-cr-hdfc-bank-biggest-gainer-3351796/
2023-10-04,"HDFC Bank : Jefferies says recent revamp plans to support growth , see 33 % upside and maintains  Buy  at Rs 2030",https://www.financialexpress.com/market/hdfc-bank-jefferies-says-recent-revamp-plans-to-support-growth-see-33-upside-and-maintains-buy-at-rs-2030-3262561/
2023-10-18,Analysts bullish on HDFC Bank long term growth despite weak show in Q2 - Banking & Finance News,https://www.financialexpress.com/business/banking-finance-analysts-bullish-on-hdfc-banks-long-term-growth-despite-weak-show-in-q2-3275698/
2023-10-22,Near - term positives priced in for HDFC Asset Management Company stock,https://www.rediff.com/business/report/near-term-positives-priced-in-for-hdfc-asset-management-company-stock/20231022.htm
2023-12-07,Tata Motors Partners With HDFC Bank For Commercial Vehicle Financing,https://www.freepressjournal.in/business/tata-motors-partners-with-hdfc-bank-for-commercial-vehicle-financing
2023-10-10,EMIs to go up ! HDFC Bank hikes benchmark marginal cost of funds - based lending rates ( MCLR ). Check lending rates here,https://www.livemint.com/money/emis-to-go-up-hdfc-bank-hikes-benchmark-marginal-cost-of-funds-based-lending-rates-mclr-check-lending-rates-here-11696909202463.html
2023-10-17,HDFC Bank Under Fire For Vigil Aunty Ad With Stop Bindi ; Check Reactions,https://www.freepressjournal.in/business/hdfc-bank-under-fire-for-vigil-aunty-ad-with-stop-bindi-check-reactions
2023-11-05,"Mcap of nine of top - 10 most valued firms surges Rs 97 , 463 crore ; Reliance leads",https://www.moneycontrol.com/news/business/markets/mcap-of-nine-of-top-10-most-valued-firms-surges-rs-97463-crore-reliance-leads-11665501.html
2023-10-02,hdfc bank : HDFC votes in favour of SpaceMantra bid for FRL,https://economictimes.indiatimes.com/industry/banking/finance/banking/hdfc-votes-in-favour-of-spacemantra-bid-for-frl/articleshow/104113370.cms
2023-10-05,HDFC Bank gains for second session after recent correction ; risk - reward turns favourable,https://www.moneycontrol.com/news/business/earnings/hdfc-bank-gains-for-second-session-after-recent-correction-risk-reward-turns-favourable-11480451.html
2023-12-10,"Mcap of seven of top - 10 most valued firms added Rs 3 . 04 lakh crore ; HDFC Bank , LIC biggest gainers",https://www.moneycontrol.com/news/business/markets/mcap-of-seven-of-top-10-most-valued-firms-added-rs-3-04-lakh-crore-hdfc-bank-lic-biggest-gainers-11881341.html
2023-12-07,Tata Motors partners HDFC Bank for commercial vehicle financing,https://www.dailyexcelsior.com/tata-motors-partners-hdfc-bank-for-commercial-vehicle-financing/
2023-11-26,"Mcap of four of top 10 most - valued firms rise Rs 65 , 671 crore ; Reliance biggest winner",https://indianexpress.com/article/business/mcap-most-valued-firms-rise-reliance-biggest-winner-9042883/
2023-12-31,"Vijay Sales rolls out discounts for Apple iPhone 15 series , iPads , MacBooks , ET Telecom",https://telecom.economictimes.indiatimes.com/news/devices/vijay-sales-rolls-out-discounts-for-apple-iphone-15-series-ipads-macbooks/106419029
2023-12-07,Tata Motors partners HDFC Bank for digital financing solution,https://article.wn.com/view/2023/12/07/Tata_Motors_partners_HDFC_Bank_for_digital_financing_solutio/
2023-12-07,"Hot Stocks : Brokerages view on HDFC Bank , Sun Pharma , HUL and Paytm",https://economictimes.indiatimes.com/markets/stocks/news/hot-stocks-brokerages-view-on-hdfc-bank-sun-pharma-hul-and-paytm/articleshow/105800017.cms
2023-10-05,"Suzlon Energy , HAL , HDFC Bank : Trading strategies for these buzzing stocks",https://www.businesstoday.in/markets/company-stock/story/suzlon-energy-hal-hdfc-bank-trading-strategies-for-these-buzzing-stocks-400791-2023-10-05
2023-10-13,Top 3 most - valued stocks erode wealth in last 2 years . Are bluechips new backbenchers ?,https://economictimes.indiatimes.com/markets/stocks/news/top-3-most-valued-stocks-erode-wealth-in-last-2-years-are-bluechips-new-backbenchers/articleshow/104389302.cms
2023-10-17,hdfc bank stock target : HDFC Bank Q2 results beat Street estimates . Should you buy this stock ?,https://economictimes.indiatimes.com/markets/stocks/news/hdfc-bank-q2-results-beat-street-estimates-should-you-buy-this-stock/articleshow/104484678.cms
2023-10-25,"Private banks struggle with NIM contraction , falling CASA in Q2",https://www.financialexpress.com/business/banking-finance-private-banks-struggle-with-nim-contraction-falling-casa-in-q2-3285529/
2023-12-08,HDFC Bank Senior Citizen Care FD : Last date to invest in higher interest rate FD extended,https://economictimes.indiatimes.com/wealth/invest/hdfc-bank-senior-citizen-care-fd-last-date-to-invest-in-higher-interest-rate-fd-extended/articleshow/105830786.cms
2023-10-16,"Apple Festive Offer now in India : iPhone 15 , Mac , iPad and more available with up to Rs 10 , 000 discount ; check details",https://www.businesstoday.in/technology/news/story/apple-festive-offer-now-in-india-iphone-15-mac-ipad-and-more-available-with-up-to-rs-10000-discount-check-details-402123-2023-10-16
2023-12-06,"Bank FD rates : ICICI , HDFC revise interest rates on these fixed deposits",https://www.livemint.com/money/personal-finance/bank-fd-rates-icici-hdfc-revise-interest-rates-on-these-fixed-deposits-details-here-11701851430754.html
2023-10-03,HDFC Bank Revamps Top Management After Mega Merger,https://www.moneycontrol.com/news/business/hdfc-bank-revamps-top-management-after-mega-merger-11470071.html
2023-11-07,"Deadline For HDFC Bank Senior Citizen Care FD Ends Today ; Scheme Offers 7 . 75 % Interest For 5 Yrs 1 Day To 10 Yrs , Learn More",https://retirement.outlookindia.com/invest/fd-small-savings/deadline-for-hdfc-bank-senior-citizen-care-fd-ends-today-scheme-offers-7-75-interest-for-5-yrs-1-day-to-10-yrs-learn-more
2023-11-26,"HDFC Bank : Mcap of four of top 10 most - valued firms rise Rs 65 , 671 crore ; Reliance biggest winner",https://economictimes.indiatimes.com/markets/stocks/news/mcap-of-four-of-top-10-most-valued-firms-rise-rs-65671-crore-reliance-biggest-winner/articleshow/105508851.cms
2023-11-26,"Mcap of four of top 10 most - valued firms rise Rs 65 , 671 crore ; Reliance biggest winner",https://www.moneycontrol.com/news/business/markets/mcap-of-four-of-top-10-most-valued-firms-rise-rs-65671-crore-reliance-biggest-winner-11813301.html
2023-11-26,"Mcap of four of top 10 most - valued firms rise ₹65 , 671 crore ; Reliance biggest winner",https://www.thehindubusinessline.com/markets/mcap-of-four-of-top-10-most-valued-firms-rise-65671-crore-reliance-biggest-winner/article67575796.ece
2023-10-04,Former HDFC Bank chief Aditya Puri joins Deloitte as senior adviser,https://www.moneycontrol.com/news/business/former-hdfc-bank-chief-aditya-puri-joins-deloitte-as-senior-adviser-11475061.html
2023-10-16,Moneycontrol Daily : Your Essential 7,https://www.moneycontrol.com/news/business/moneycontrol-daily-your-essential-7-838-11536611.html
2023-12-11,RBI approves HDFC Bank product on offline retail payments for adoption,https://social.yourstory.com:443/2023/12/reserve-bank-india-hdfc-retail-offline-payments-digital-transactions
2023-11-20,SBI WeCare deadline extended : What is the last day to invest in senior citizen special FD higher interest rate ?,https://economictimes.indiatimes.com/wealth/invest/sbi-wecare-deadline-extended-what-is-the-last-day-to-invest-in-senior-citizen-special-fd-higher-interest-rate/articleshow/105345698.cms
2023-11-26,"Mcap of four of top 10 most - valued firms rise Rs 65 , 671 crore ; Reliance biggest winner",https://www.dailyexcelsior.com/mcap-of-four-of-top-10-most-valued-firms-rise-rs-65671-crore-reliance-biggest-winner/
2023-11-26,Top 10 Companies Gain Rs 65 671 Cr In Market Cap Led By Reliance - BW Businessworld,https://www.businessworld.in/article/Top-10-Companies-Gain-Rs-65-671-Cr-In-Market-Cap-Led-By-Reliance/26-11-2023-500094/
2023-10-27,"RIL , TCS , HDFC Bank : 3 most - valued stocks delivered negative returns in 2 years . What next ?",https://www.businesstoday.in/markets/stocks/story/ril-tcs-hdfc-bank-3-most-valued-stocks-delivered-negative-returns-in-2-years-whats-next-403485-2023-10-27
2023-10-13,HDFC Bank organises Grameen Loan Mela,https://www.thehindu.com/news/cities/Tiruchirapalli/hdfc-bank-organises-grameen-loan-mela/article67416380.ece
2023-10-17,Markets rebound after three days of fall on optimism in global equities,https://www.thehindu.com/business/markets/markets-rebound-after-three-days-of-fall-on-optimism-in-global-equities/article67429432.ece
2023-12-10,"market valuation : Seven of top - 10 most valued firms added Rs 3 . 04 lakh cr in m - cap ; HDFC Bank , LIC biggest gainers",https://economictimes.indiatimes.com/markets/stocks/news/seven-of-top-10-most-valued-firms-added-rs-3-04-lakh-cr-in-m-cap-hdfc-bank-lic-biggest-gainers/articleshow/105876541.cms
2023-11-12,"M - cap of 4 of top - 10 firms decline by Rs 23 , 417 cr ; TCS biggest laggard",https://www.business-standard.com/markets/news/m-cap-of-4-of-top-10-firms-decline-by-rs-23-417-cr-tcs-biggest-laggard-123111200191_1.html
2023-12-10,"M - cap of seven of top - 10 most valued firms add Rs 3 . 04 lakh - crore ; HDFC Bank , LIC biggest gainers",https://www.tribuneindia.com/news/business/m-cap-of-seven-of-top-10-most-valued-firms-add-rs-3-04-lakh-crore-hdfc-bank-lic-biggest-gainers-570612
2023-11-12,"Mcap of four of top - 10 most valued firms decline by ₹23 , 417 cr",https://www.thehindubusinessline.com/markets/mcap-of-four-of-top-10-most-valued-firms-decline-by-23417-cr/article67526983.ece
2023-12-27,"Sensex tops 72k for first time , Nifty eyes 22k ; experts see this much more rally till elections",https://www.moneycontrol.com/news/business/markets/santa-claus-rally-is-on-sensex-crosses-72000-levels-nifty-breaches-21650-barrier-11962211.html
2023-12-26,"RBI , HDFC Bank , ICICI Bank receive bomb threats demanding resignation of FM , Shaktikanta Das : Mumbai Police",https://www.businesstoday.in/latest/in-focus/story/rbi-hdfc-bank-icici-bank-receive-bomb-threats-demanding-resignation-of-fm-shaktikanta-das-mumbai-police-410826-2023-12-26
2023-11-26,HDFC Bank Limited ( NYSE : HDB ) Position Increased by Franklin Resources Inc .,https://www.tickerreport.com/banking-finance/11382135/hdfc-bank-limited-nysehdb-position-increased-by-franklin-resources-inc.html
2023-12-29,"RBI : Too big to fail : RBI increases capital buffer for SBI , HDFC",https://timesofindia.indiatimes.com/business/india-business/too-big-to-fail-rbi-increases-capital-buffer-for-sbi-hdfc/articleshow/106361864.cms
2023-11-21,Markets rebound in early trade after two days of fall,https://www.tribuneindia.com/news/business/markets-rebound-in-early-trade-after-two-days-of-fall-564495
2023-11-05,"M - cap of 9 of top - 10 most valued firms surges Rs 97 , 463 cr ; Reliance leads",https://www.business-standard.com/markets/news/m-cap-of-9-of-top-10-most-valued-firms-surges-rs-97-463-cr-reliance-leads-123110500222_1.html
2023-10-03,HDFC Bank Restructures Leadership Following Mega Merger,https://www.businessworld.in/article/HDFC-Bank-Restructures-Leadership-Following-Mega-Merger/03-10-2023-493623/
2023-11-05,"Mcap of 9 of top 10 most valued firms surges Rs 97 , 463 Cr ; Reliance Industries leads",https://social.yourstory.com:443/enterprise-story/2023/11/mcap-of-9-of-top-10-most-valued-firms-surges-reliance-leads
2023-11-05,"Mcap of 9 of top 10 most valued firms surges Rs 97 , 463 Cr ; Reliance Industries leads",https://her.yourstory.com:443/enterprise-story/2023/11/mcap-of-9-of-top-10-most-valued-firms-surges-reliance-leads
2023-10-17,Markets rebound after three days of fall on optimism in global equities,https://www.thehindubusinessline.com/markets/markets-rebound-after-three-days-of-fall-on-optimism-in-global-equities/article67429390.ece
2023-11-05,"M - cap of nine of top - 10 most valued firms surges Rs 97 , 463 crore ; Reliance leads",https://www.tribuneindia.com/news/business/m-cap-of-nine-of-top-10-most-valued-firms-surges-rs-97-463-crore-reliance-leads-559725
2023-10-10,psu bank earnings : Q2 results : Will PSU bank stocks remain one step ahead of private banks ?,https://economictimes.indiatimes.com/markets/stocks/earnings/q2-results-will-psu-bank-stocks-remain-one-step-ahead-of-private-banks/articleshow/104301550.cms
2023-12-28,"Nifty rejig impact : Adani Enterprises , Adani Ports shares fall ; $95 million outflows likely",https://economictimes.indiatimes.com/markets/stocks/news/nifty-rejig-impact-adani-enterprises-adani-ports-shares-fall-95-million-outflows-likely/articleshow/106349331.cms
2023-10-29,"Mcap of top - 10 most valued firms plunge Rs 1 . 93 lakh cr ; TCS , HDFC Bank biggest laggards",https://www.financialexpress.com/market/mcap-of-top-10-most-valued-firms-plunge-rs-1-93-lakh-cr-tcs-hdfc-bank-biggest-laggards-3290125/
2023-10-29,"M - cap of top - 10 most valued firms plunge Rs 1 . 93 lakh - crore ; TCS , HDFC Bank biggest laggards",https://www.tribuneindia.com/news/business/m-cap-of-top-10-most-valued-firms-plunge-rs-1-93-lakh-crore-tcs-hdfc-bank-biggest-laggards-557601
2023-11-05,"Mcap of nine of top - 10 most valued firms surges Rs 97 , 463 crore ; Reliance leads",https://www.dailypioneer.com/2023/business/mcap-of-nine-of-top-10-most-valued-firms-surges-rs-97-463-crore--reliance-leads.html
2023-10-16,"HDFC Bank Q2 earnings : Net profit rises 50 % to Rs 15 , 976 crore",https://www.moneycontrol.com/news/business/earnings/hdfc-bank-q2-earnings-net-profit-rises-50-to-rs-15976-crore-11539201.html
2023-11-09,"Sensex today : Festive cheer eludes D - Street ! Sensex , Nifty dip despite firm Asian market cues",https://economictimes.indiatimes.com/markets/stocks/news/festive-cheer-eludes-d-street-sensex-nifty-dip-despite-firm-asian-market-cues/articleshow/105083842.cms
2023-10-19,Uday Kotak | Kotak Mahindra Bank valuation falls below Covid levels due to uncertainty over Uday Kotak successor,https://www.telegraphindia.com/feeds/business/kotak-mahindra-bank-valuation-falls-below-covid-levels-due-to-uncertainty-over-uday-kotaks-successor/cid/1974314
2023-10-17,Markets rebound after three days of fall on optimism in global equities,https://www.theweek.in/wire-updates/business/2023/10/17/del5-biz-stocks-open.html
2023-10-17,"HDFC Bank falters on profit growth in the first quarter , post merger",https://www.moneycontrol.com/news/business/moneycontrol-research/hdfc-bank-falters-on-profit-growth-in-the-first-quarter-post-merger-11544371.html
2023-11-15,"Short Call : Of beckoning Bector and healing Wockhardt , roar in HDFC Bank fan club , and copper craze",https://www.moneycontrol.com/news/business/markets/short-call-of-beckoning-bector-and-healing-wockhardt-roar-in-hdfc-bank-fan-club-and-copper-craze-11742251.html
2023-12-01,"1832 Asset Management L . P . Buys 85 , 539 Shares of HDFC Bank Limited ( NYSE : HDB )",https://www.wkrb13.com/2023/12/01/1832-asset-management-l-p-buys-85539-shares-of-hdfc-bank-limited-nysehdb.html
2023-10-28,"37 , 395 Shares in HDFC Bank Limited ( NYSE : HDB ) Acquired by BI Asset Management Fondsmaeglerselskab A S",https://www.tickerreport.com/banking-finance/11279058/37395-shares-in-hdfc-bank-limited-nysehdb-acquired-by-bi-asset-management-fondsmaeglerselskab-a-s.html
2023-10-28,BI Asset Management Fondsmaeglerselskab A S Makes New $2 . 61 Million Investment in HDFC Bank Limited ( NYSE : HDB ),https://www.wkrb13.com/2023/10/28/bi-asset-management-fondsmaeglerselskab-a-s-makes-new-2-61-million-investment-in-hdfc-bank-limited-nysehdb.html
2023-10-03,HDFC Bank reduces FD interest rates on these tenures : Check latest fixed deposit rates,https://economictimes.indiatimes.com/wealth/invest/hdfc-bank-reduces-fd-interest-rates-on-these-tenures-check-latest-fixed-deposit-rates/articleshow/104121432.cms
2023-11-07,HDFC Bank Limited ( NYSE : HDB ) Shares Sold by GSB Wealth Management LLC,https://www.tickerreport.com/banking-finance/11315583/hdfc-bank-limited-nysehdb-shares-sold-by-gsb-wealth-management-llc.html
2023-10-17,Markets rebound after three days of fall on optimism in global equities,https://timesofindia.indiatimes.com/business/india-business/markets-rebound-after-three-days-of-fall-on-optimism-in-global-equities/articleshow/104498525.cms
2023-10-17,Markets rebound after three days of fall on optimism in global equities,https://www.thehindu.com/business/markets/markets-rebound-after-three-days-of-fall-on-optimism-in-global-equities/article67430169.ece
2023-10-29,M - cap of 10 most valued firms plunged ₹1 . 93 lakh cr last week . See top losers,https://www.hindustantimes.com/business/market-sensex-top-losers-tcs-hdfc-cap-of-top-10-most-valued-firms-plunge-rs-1-93-lakh-crore-see-top-losers-101698556848016.html
2023-10-26,"SCSS vs senior citizen FDs in SBI , HDFC Bank , ICICI Bank , YES Bank : Which offers higher interest ?",https://economictimes.indiatimes.com/wealth/invest/scss-vs-senior-citizen-fds-in-sbi-hdfc-bank-icici-bank-yes-bank-which-offers-higher-interest/articleshow/104719179.cms
2023-11-19,"TCS , Infy lead as 7 of India Inc Top 10 add Rs 1 . 50 lakh cr to market value",https://www.moneycontrol.com/news/business/markets/mcap-of-7-of-top-10-firms-swells-rs-1-50-lakh-cr-tcs-infosys-biggest-gainers-11767211.html
2023-11-19,"Mcap of 7 of top 10 firms swells Rs 1 . 50 lakh cr ; TCS , Infosys biggest gainers",https://www.financialexpress.com/market/mcap-of-7-of-top-10-firms-swells-rs-1-50-lakh-cr-tcs-infosys-biggest-gainers-3310983/
2023-10-17,Markets rebound after three days of fall on optimism in global equities,https://www.theweek.in/news/biz-tech/2023/10/17/markets-rebound-after-three-days-of-fall-on-optimism-in-global-equities.html
2023-11-19,"Mcap of 7 of top 10 firms swells ₹1 . 50 lakh crore ; TCS , Infosys biggest gainers",https://www.thehindubusinessline.com/markets/mcap-of-7-of-top-10-firms-swells-150-lakh-crore-tcs-infosys-biggest-gainers/article67550399.ece
2023-11-19,"M - cap of 7 of top - 10 firms swells Rs 1 . 50 lakh - crore ; TCS , Infosys biggest gainers",https://www.tribuneindia.com/news/business/m-cap-of-7-of-top-10-firms-swells-rs-1-50-lakh-crore-tcs-infosys-biggest-gainers-563844
2023-11-10,RBI cancels certificate of registration of 2 NBFCs,https://www.moneycontrol.com/news/business/rbi-cancels-certificate-of-registration-of-2-nbfcs-11721081.html
2023-11-01,"Impax Asset Management Group plc Purchases 649 , 639 Shares of HDFC Bank Limited ( NYSE : HDB )",https://www.modernreaders.com/news/2023/11/01/impax-asset-management-group-plc-purchases-649639-shares-of-hdfc-bank-limited-nysehdb.html
2023-11-01,Banque Pictet & Cie SA Has $8 . 53 Million Stock Holdings in HDFC Bank Limited ( NYSE : HDB ),https://www.wkrb13.com/2023/11/01/banque-pictet-cie-sa-has-8-53-million-stock-holdings-in-hdfc-bank-limited-nysehdb.html
2023-11-01,Bank of Nova Scotia Has $3 . 13 Million Position in HDFC Bank Limited ( NYSE : HDB ),https://theenterpriseleader.com/2023/11/01/bank-of-nova-scotia-has-3-13-million-position-in-hdfc-bank-limited-nysehdb.html
2023-12-27,HDFC Bank board okays 3 - year extension to Atanu Chakraborty as non - executive chairman,https://economictimes.indiatimes.com/industry/banking/finance/banking/hdfc-bank-board-okays-3-year-extension-to-atanu-chakraborty-as-non-executive-chairman/articleshow/106319996.cms
2023-10-15,"Mcap of six of top 10 firms jumps ₹70 , 527 . 11 crore ; Reliance Industries biggest gainer",https://www.thehindu.com/business/markets/mcap-of-six-of-top-10-firms-jumps-7052711-crore-reliance-industries-biggest-gainer/article67423423.ece
2023-10-27,3 best multi cap mutual funds : These schemes beat the benchmark index returns in the past five years,https://www.livemint.com/money/personal-finance/3-best-multi-cap-funds-these-mutual-funds-beat-the-benchmark-index-returns-in-the-past-five-years-11698343005830.html
2023-10-05,"Banking sector earnings preview : Expect a decent YoY earning growth in Q2 despite NIM compression , says Motilal Oswal",https://www.livemint.com/market/stock-market-news/banking-sector-earnings-preview-expect-a-decent-yoy-earning-growth-in-q2-despite-nim-compression-says-motilal-oswal-11696489488066.html
2023-11-07,HDFC Bank ( NYSE : HDB ) Reaches New 1 - Year Low at $55 . 95,https://www.modernreaders.com/news/2023/11/07/hdfc-bank-nysehdb-reaches-new-1-year-low-at-55-95.html
2023-12-21,"Closing Bell : Markets End Day In Green On December 21 ; Sensex At 70 , 865 . 10 , Nifty Above 21 , 200",https://www.freepressjournal.in/business/closing-bell-markets-end-day-in-green-on-december-21-sensex-at-7086510-nifty-above-21200
2023-10-14,hdfc bank q2 results news : HDFC Bank Q2 preview : Margins may moderate as lender reports merged numbers for first time,https://economictimes.indiatimes.com/markets/stocks/earnings/hdfc-bank-q2-preview-margins-may-moderate-as-lender-reports-merged-numbers-for-first-time/articleshow/104420620.cms
2023-12-24,"Mcap of three of 10 most valued firms jump Rs 70 , 312 . 7 cr ; Reliance biggest winner",https://www.dailyexcelsior.com/mcap-of-three-of-10-most-valued-firms-jump-rs-70312-7-cr-reliance-biggest-winner/
2023-10-17,Markets rebound after three days of fall on optimism in global equities,https://www.theweek.in/wire-updates/business/2023/10/17/del34-biz-stocks-close.html
2023-12-19,HDFC Bank reaches out to 2 cr people in UP under its CSR initiative,https://www.thestatesman.com/business/hdfc-bank-reaches-out-to-2-cr-people-in-up-under-its-csr-initiative-1503251367.html
2023-11-04,abrdn plc Has $16 . 37 Million Position in HDFC Bank Limited ( NYSE : HDB ),https://www.wkrb13.com/2023/11/04/abrdn-plc-has-16-37-million-position-in-hdfc-bank-limited-nysehdb.html
2023-10-15,"Mcap of six of top 10 firms jumps Rs 70 , 527 . 11 crore ; RIL biggest gainer",https://www.business-standard.com/companies/news/mcap-of-six-of-top-10-firms-jumps-rs-70-527-11-crore-ril-biggest-gainer-123101500501_1.html
2023-12-03,"Mcap of nine of top - 10 most valued firms up Rs 1 . 30 lakh crore ; Airtel , TCS biggest gainers",https://timesofindia.indiatimes.com/business/india-business/mcap-of-nine-of-top-10-most-valued-firms-up-rs-1-30-lakh-crore-airtel-tcs-biggest-gainers/articleshow/105696003.cms
2023-12-03,"Mcap of nine of top - 10 most valued firms up Rs 1 . 30 lakh crore ; Airtel , TCS biggest gainers",https://www.financialexpress.com/market/mcap-of-nine-of-top-10-most-valued-firms-up-rs-1-30-lakh-crore-airtel-tcs-biggest-gainers-3326180/
2023-10-22,"Mcap of top 10 valued firms plunge Rs 1 . 52 lakh crore last week ; Reliance , TCS biggest laggards",https://indianexpress.com/article/business/market/market-cap-top-10-valued-firms-plunge-reliance-tcs-biggest-laggards-8994630/
2023-11-29,Sensex jumps 727 pts on foreign fund inflows ; - Rediff . com Business,https://www.rediff.com/business/report/sensex-jumps-727-pts-on-foreign-fund-inflows/20231129.htm
2023-12-03,"market capitalisation | Market capitalisation of nine of top - 10 most valued firms up Rs 1 . 30 lakh crore ; Airtel , Tata Consultancy Services biggest gainers",https://www.telegraphindia.com/business/market-capitalisation-of-nine-of-top-10-most-valued-firms-up-rs-1-30-lakh-crore-airtel-tata-consultancy-services-biggest-gainers/cid/1984234
2023-12-03,"market capitalisation | Market capitalisation of nine of top - 10 most valued firms up Rs 1 . 30 lakh crore ; Airtel , Tata Consultancy Services biggest gainers",https://www.telegraphindia.com/feeds/business/market-capitalisation-of-nine-of-top-10-most-valued-firms-up-rs-1-30-lakh-crore-airtel-tata-consultancy-services-biggest-gainers/cid/1984234
2023-10-04,"47 , 475 Shares in HDFC Bank Limited ( NYSE : HDB ) Bought by Foresight Global Investors Inc .",https://www.modernreaders.com/news/2023/10/04/47475-shares-in-hdfc-bank-limited-nysehdb-bought-by-foresight-global-investors-inc.html
2023-11-21,"HDFC Bank , Kotak Mahindra Bank trade flat , ICICI Bank down on RBI risk - weight mandate",https://www.moneycontrol.com/news/business/markets/hdfc-bank-kotak-mahindra-bank-trade-flat-icici-bank-down-on-rbis-risk-weight-mandate-11778801.html
2023-11-22,Latest SBI vs HDFC vs PNB vs ICICI Bank Home Loan Rates 2023 Compared ; Check Here | Personal Finance News,https://zeenews.india.com:443/personal-finance/latest-sbi-vs-hdfc-vs-pnb-vs-icici-banks-home-loan-rates-2023-compared-check-here-2691182.html
2023-11-29,"Closing Bell : Markets End Day In Positive ; Sensex At 66 , 901 . 91 , Nifty Above 20 , 000",https://www.freepressjournal.in/business/closing-bell-markets-end-day-in-positive-sensex-at-6690191-nifty-above-20000
2023-12-21,active stocks : Share market update : Most active stocks of the day in terms of traded value,https://economictimes.indiatimes.com/markets/stocks/stock-watch/share-market-update-most-active-stocks-of-the-day-in-terms-of-traded-value/articleshow/106184159.cms
2023-12-22,active stocks : Share market update : Most active stocks of the day in terms of traded value,https://economictimes.indiatimes.com/markets/stocks/stock-watch/share-market-update-most-active-stocks-of-the-day-in-terms-of-traded-value/articleshow/106211422.cms
2023-12-22,active stocks : Share market update : Most active stocks of the day in terms of total traded value,https://economictimes.indiatimes.com/markets/stocks/stock-watch/share-market-update-most-active-stocks-of-the-day-in-terms-of-total-traded-value/articleshow/106202157.cms
2023-12-20,"SEBI , NSDL and NSE may have to pay over Rs 1 , 300 - cr compensation to Karvy lenders post SAT order",https://www.moneycontrol.com/news/business/markets/sebi-nsdl-and-nse-may-have-to-pay-over-rs-1300-cr-compensation-to-karvy-lenders-post-sat-order-11934081.html
2023-11-01,HDFC Bank Limited ( NYSE : HDB ) Shares Sold by Bank of Nova Scotia,https://theenterpriseleader.com/2023/11/01/hdfc-bank-limited-nysehdb-shares-sold-by-bank-of-nova-scotia.html
2023-10-05,HDFC Bank goes for first major rejig after merger,https://www.rediff.com/business/report/hdfc-bank-goes-for-first-major-rejig-after-merger/20231004.htm
2023-10-04,"HDFC Bank CASA ratio falls ; credit , deposit growth robust",https://www.livemint.com/companies/news/hdfc-bank-reports-slowdown-in-low-cost-deposits-after-merger-strong-growth-in-loan-book-q2-update-11696437504278.html
2023-10-04,"hdfc bank share price : Hot Stocks : Brokerages view on M & M Finance , HDFC Bank , Bajaj Finance and RBL Bank",https://economictimes.indiatimes.com/markets/stocks/news/hot-stocks-brokerages-view-on-mm-finance-hdfc-bank-bajaj-finance-and-rbl-bank/articleshow/104147800.cms
2023-10-08,Janney Capital Management LLC Has $7 . 49 Million Stock Holdings in HDFC Bank Limited ( NYSE : HDB ),https://www.modernreaders.com/news/2023/10/08/janney-capital-management-llc-has-7-49-million-stock-holdings-in-hdfc-bank-limited-nysehdb.html
2023-11-01,Banque Pictet & Cie SA Decreases Stake in HDFC Bank Limited ( NYSE : HDB ),https://www.tickerreport.com/banking-finance/11294230/banque-pictet-cie-sa-decreases-stake-in-hdfc-bank-limited-nysehdb.html
2023-11-02,"Vodafone Idea gets Rs 2 , 000 cr from HDFC Bank , clears past licence , SUC dues , ET Telecom",https://telecom.economictimes.indiatimes.com/news/industry/vodafone-idea-gets-rs-2000-cr-from-hdfc-bank-clears-past-licence-suc-dues/104901738
2023-10-11,RBI Ban On  Bob World  Mobile App : Bank of Baroda Issues Clarification,https://business.outlookindia.com/banking/rbi-ban-on-bob-world-mobile-app-bank-of-baroda-issues-clarification
2023-11-29,"Stock Market : Sensex Rises By 305 Points , Nifty By 103 In Early Market Trade",https://www.ndtv.com/business/stock-market-sensex-rises-by-305-points-nifty-by-103-in-early-market-trade-4616211
2023-11-29,"Markets climb in early trade on foreign fund inflows , buying in IT stocks",https://www.thehindu.com/business/markets/markets-climb-in-early-trade-on-foreign-fund-inflows-buying-in-it-stocks/article67585896.ece
2023-11-01,HDFC Bank changes lounge access for Regalia credit card,https://www.moneycontrol.com/news/business/companies/hdfc-bank-changes-lounge-access-for-regalia-credit-card-11644671.html
2023-11-29,"Stock market | Sensex climbs over 305 points to 66 , 479 in early trade ; Nifty up 103 points to 19 , 992",https://www.telegraphindia.com/business/sensex-climbs-over-305-points-to-66479-in-early-trade-nifty-up-103-points-to-19992/cid/1983350
2023-11-29,"Stock market | Sensex climbs over 305 points to 66 , 479 in early trade ; Nifty up 103 points to 19 , 992",https://www.telegraphindia.com/feeds/business/sensex-climbs-over-305-points-to-66479-in-early-trade-nifty-up-103-points-to-19992/cid/1983350
2023-12-03,"Mcap of nine of top - 10 most valued firms up Rs 1 . 30 lakh crore ; Airtel , TCS biggest gainers",https://www.moneycontrol.com/news/business/markets/mcap-of-nine-of-top-10-most-valued-firms-up-rs-1-30-lakh-crore-airtel-tcs-biggest-gainers-11846321.html
2023-11-21,"Sensex , Nifty rebound in early trade on positive global cues",https://www.thehindu.com/business/markets/sensex-nifty-rebound-in-early-trade-on-positive-global-cues/article67556876.ece
2023-12-28,"Nifty quarterly rejig today : Bajaj Finance , HDFC Bank , ICICI Bank to see most inflows",https://www.moneycontrol.com/news/business/markets/nifty-quarterly-rejig-today-bajaj-finance-hdfc-bank-icici-bank-to-see-most-inflows-11966651.html
2023-10-09,HDFC Bank ( NYSE : HDB ) Now Covered by StockNews . com,https://www.modernreaders.com/news/2023/10/09/hdfc-bank-nysehdb-now-covered-by-stocknews-com.html
2023-11-19,"Market valuation of top 7 firms surges ₹1 . 50 lakh crore , big gains by TCS & Infosys",https://www.livemint.com/companies/news/market-valuation-of-top-7-firms-surges-rs-1-50-lakh-crore-big-gains-by-tcs-infosys-11700381485708.html
2023-10-04,active stocks : Share market update : Most active stocks of the day in terms of total traded value,https://economictimes.indiatimes.com/markets/stocks/stock-watch/share-market-update-most-active-stocks-of-the-day-in-terms-of-total-traded-value/articleshow/104148724.cms
2023-12-29,"Infosys , LIC , JSW Steel , SBI shares : These 2023 largecap laggards may deliver big in 2024",https://www.businesstoday.in/markets/top-story/story/infosys-lic-jsw-steel-sbi-shares-these-2023-largecap-laggards-may-deliver-big-in-2024-411249-2023-12-29
2023-10-17,"HDFC Bank lifts indices , Sensex jumps over 300 pts , Nifty above 19 , 800",https://indianexpress.com/article/business/market/stock-market-today-sensex-nifty-live-hdfc-bank-stocks-8986623/
2023-12-04,HDFC Bank Revises Rates On These FDs : Check New Rates Here,https://zeenews.india.com/personal-finance/hdfc-bank-revises-fixed-deposit-rates-check-new-rates-here-2695394.html
2023-11-29,"Markets climb in early trade on foreign fund inflows , buying in IT stocks",https://www.tribuneindia.com/news/business/markets-climb-in-early-trade-on-foreign-fund-inflows-buying-in-it-stocks-567073
2023-12-24,M cap Of Three Top Companies Surges By Rs 70 312 Cr - BW Businessworld,https://www.businessworld.in/article/M-cap-Of-Three-Top-Companies-Surges-By-Rs-70-312-Cr/24-12-2023-503340/
2023-10-16,5 best focused mutual funds which beat the benchmark index in the past 10 years,https://www.livemint.com/money/personal-finance/5-best-focused-mutual-funds-which-beat-the-benchmark-index-in-the-past-10-years-11697219891243.html
2023-12-21,"BSE : Listing of new debt securities of HDFC Bank Ltd . - December 21 , 2023 at 01 : 54 am EST",https://www.marketscreener.com/quote/stock/BSE-LIMITED-33930062/news/BSE-Listing-of-new-debt-securities-of-HDFC-Bank-Ltd-45614144/
2023-11-21,"Stock market | Sensex climbs over 268 points to 65 , 923 in early trade ; Nifty up 85 points to 19 , 779",https://www.telegraphindia.com/feeds/business/sensex-climbs-over-268-points-to-65923-in-early-trade-nifty-up-85-points-to-19779/cid/1981452
2023-11-21,"Stock market | Sensex climbs over 268 points to 65 , 923 in early trade ; Nifty up 85 points to 19 , 779",https://www.telegraphindia.com/business/sensex-climbs-over-268-points-to-65923-in-early-trade-nifty-up-85-points-to-19779/cid/1981452
2023-10-17,"hdfc bank share price : Hot Stocks : Brokerages view on HDFC Bank , Deepak Nitrite , Federal Bank and Dalmia Bharat",https://economictimes.indiatimes.com/markets/stocks/news/hot-stocks-brokerages-view-on-hdfc-bank-deepak-nitrite-federal-bank-and-dalmia-bharat/articleshow/104484312.cms
2023-10-05,Markets fall on unabated foreign fund outflows,https://www.rediff.com/business/report/markets-fall-on-unabated-foreign-fund-outflows/20231003.htm
2023-11-29,"Top credit cards for IRCTC railway ticket booking with most discounts , freebies , railway lounge access",https://economictimes.indiatimes.com/wealth/spend/top-credit-cards-for-irctc-railway-ticket-booking-with-most-discounts-freebies-railway-lounge-access/articleshow/105581618.cms
2023-10-17,INDIA STOCKS - Banks lead rise in Indian shares amid global rebound,https://www.marketscreener.com/quote/stock/HDFC-BANK-LIMITED-105516154/news/INDIA-STOCKS-Banks-lead-rise-in-Indian-shares-amid-global-rebound-45075998/
2023-12-05,"ICICI Bank , HDFC Bank , Axis Bank : Trading Strategies for these buzzing banking stocks",https://www.businesstoday.in/markets/trending-stocks/story/icici-bank-hdfc-bank-axis-bank-trading-strategies-for-these-buzzing-banking-stocks-408207-2023-12-05
2023-10-22,"tcs : Mcap of top 10 valued firms plunge Rs 1 . 52 lakh cr last week ; Reliance , TCS biggest laggards",https://economictimes.indiatimes.com/markets/stocks/news/mcap-of-top-10-valued-firms-plunge-rs-1-52-lakh-cr-last-week-reliance-tcs-biggest-laggards/articleshow/104623665.cms
2023-10-22,"M - cap of top - 10 most valued firms erodes by Rs 1 . 52 lakh - crore ; Reliance , TCS biggest laggards",https://www.tribuneindia.com/news/business/m-cap-of-top-10-most-valued-firms-erodes-by-rs-1-52-lakh-crore-reliance-tcs-biggest-laggards-555600
2023-12-31,"Vijay Sales Apple Days : Big discounts on iPhone 15 series , Macbooks , iPads and more",https://www.livemint.com/technology/gadgets/vijay-sales-apple-days-big-discounts-on-iphone-15-series-macbooks-ipads-and-more-11703982903665.html
2023-10-17,HDFC Bank stock climbs nearly 2 pc post Q2 earnings,https://www.dailypioneer.com/2023/trending-news/hdfc-bank-stock-climbs-nearly-2-pc-post-q2-earnings.html
2023-11-29,"Stock market | Sensex jumps 727 points , Nifty closes above 20 , 000 mark ; Mcap of BSE listed companies hits $4 - trillion milestone",https://www.telegraphindia.com/feeds/business/sensex-jumps-727-points-nifty-closes-above-20000-mark-mcap-of-bse-listed-companies-hits-4-trillion-milestone/cid/1983432
2023-12-30,NPCI set to launch UPI for secondary market next week - The Hindu BusinessLine,https://www.thehindubusinessline.com/markets/npci-set-to-launch-upi-for-secondary-market-next-week/article67689904.ece
2023-12-11,Top banks latest bulk deposit interest rates : SBI vs HDFC Bank vs ICICI Bank vs PNB vs Axis Bank,https://economictimes.indiatimes.com/wealth/invest/top-banks-latest-bulk-deposit-interest-rates-sbi-vs-hdfc-bank-vs-icici-bank-vs-pnb-vs-axis-bank/articleshow/105898210.cms
2023-12-15,"A day of rejigs : FTSE , BSE100 rebalancing today , HDFC Bank likely to get $500 - mn inflow",https://www.moneycontrol.com/news/business/markets/a-day-of-rejigs-ftse-bse100-rebalancing-today-hdfc-bank-likely-to-get-500-mn-inflow-11908381.html
2023-10-21,HDFC Bank Limited ( NYSE : HDB ) Shares Sold by Madison Asset Management LLC,https://www.wkrb13.com/2023/10/21/hdfc-bank-limited-nysehdb-shares-sold-by-madison-asset-management-llc.html
2023-10-21,Madison Asset Management LLC Cuts Stock Position in HDFC Bank Limited ( NYSE : HDB ),https://www.tickerreport.com/banking-finance/11254114/madison-asset-management-llc-cuts-stock-position-in-hdfc-bank-limited-nysehdb.html
2023-10-16,HDFC Bank shares dip ahead of Q2 : Here what to expect,https://www.indiatoday.in/business/story/hdfc-bank-q2-preview-share-price-brokerage-views-2449508-2023-10-16
2023-10-17,HDFC Bank share price targets see revisions post Q2 results ; here what analysts say on most - valued bank,https://www.businesstoday.in/markets/company-stock/story/hdfc-bank-share-price-targets-see-revisions-post-q2-results-heres-what-analysts-say-on-most-valued-bank-402223-2023-10-17
2023-10-06,Ex - bank manager booked for Rs 16 . 43 - L  fraud  : The Tribune India,https://www.tribuneindia.com/news/ludhiana/ex-bank-manager-booked-for-16-43-l-fraud-550845
2023-10-22,Mcap of Top - 10 Valued Firms Plunges Rs 1 . 52 Lakh Crore,https://www.news18.com/business/mcap-of-top-10-valued-firms-plunge-rs-1-52-lakh-crore-8628934.html
2023-10-29,"BS BSFI Summit : Soumya Kanti Ghosh to Sajjid Chinoy , herere key economists",https://www.business-standard.com/specials/bs-events/bs-bsfi-summit-soumya-kanti-ghosh-to-sajjid-chinoy-here-re-key-economists-123102900630_1.html
2023-10-25,"As small , mid caps peak , large caps turn value picks",https://economictimes.indiatimes.com/mf/mf-news/as-small-mid-caps-peak-large-caps-turn-value-picks/articleshow/104685659.cms
2023-10-25,"large - cap stocks : As small & mid - caps peak , large - caps turn value picks",https://economictimes.indiatimes.com/markets/stocks/news/as-small-mid-caps-peak-large-caps-turn-value-picks/articleshow/104683700.cms
2023-12-23,"MacBook Air M1 with Rs 25 , 000 off : Here how to get the best deal | Technology News",https://indianexpress.com/article/technology/tech-news-technology/macbook-air-m1-discount-rs-75k-9080321/
2023-12-12,HDFC Bank and Indian Dental Association signs a MoU to boost oral healthcare infrastructure in the countr,https://udaipurkiran.com/hdfc-bank-and-indian-dental-association-signs-a-mou-to-boost-oral-healthcare-infrastructure-in-the-countr/
2023-10-06,Highest FD interest rates offered on 2 - 3 year tenures : SBI vs HDFC Bank vs ICICI Bank vs Yes Bank vs Canara Bank,https://economictimes.indiatimes.com/wealth/invest/highest-fd-interest-rates-offered-on-2-3-year-tenures-sbi-vs-hdfc-bank-vs-icici-bank-vs-yes-bank-vs-canara-bank/articleshow/104209435.cms
2023-10-03,India Largest Bank Revamps Top Management After Mega Merger,https://www.bloomberg.com/news/articles/2023-10-03/india-s-largest-bank-revamps-top-management-after-mega-merger
2023-10-17,Sanjiv Bhasin stocks | HDFC Bank : Sanjiv Bhasin on why HDFC Bank is a portfolio must and why he is overweight on Reliance,https://economictimes.indiatimes.com/markets/expert-view/sanjiv-bhasin-on-why-hdfc-bank-is-a-portfolio-must-and-why-he-is-overweight-on-reliance/articleshow/104484962.cms
2023-11-06,"stocks to buy : Stocks to buy post Q2 interim results ; Maruti Suzuki , HDFC Bank could give 20 - 30 % return",https://economictimes.indiatimes.com/markets/stocks/news/stocks-to-buy-post-q2-interim-results-maruti-suzuki-hdfc-bank-could-give-20-30-return/articleshow/104999147.cms
2023-10-04,"stocks to buy : Dont focus on typical top 50 - 100 names , look elsewhere now : Gautam Shah",https://economictimes.indiatimes.com/markets/expert-view/dont-focus-on-typical-top-50-100-names-look-elsewhere-now-gautam-shah/articleshow/104135964.cms
2023-12-27,HDFC Bank board approves re - appointment of Atanu Chakraborty as chairman,https://www.moneycontrol.com/news/business/banks/hdfc-bank-board-approves-re-appointment-of-atanu-chakraborty-as-chairman-11962011.html
2023-12-24,"Market capitalisation of 3 of 10 most valued firms jump ₹70 , 312 . 7 crore ; RIL , HDFC Bank and HUL top gainers",https://www.livemint.com/market/stock-market-news/market-capitalisation-of-3-of-10-most-valued-firms-jump-rs-70-312-7-crore-ril-hdfc-bank-and-hul-top-gainers-11703394092036.html
2023-10-18,generative AI : Big banks take to large language models trained on internal data,https://economictimes.indiatimes.com/tech/technology/big-banks-adopt-private-llms-to-boost-efficiency-and-customer-experience/articleshow/104504370.cms
2023-12-04,"Bank of India hikes rates on these fixed deposits . How they compare with HDFC Bank , Yes Bank , SBI",https://www.livemint.com/money/personal-finance/bank-of-india-hikes-rates-on-these-fixed-deposits-how-they-compare-with-hdfc-bank-yes-bank-sbi-11701671887397.html
2023-12-12,Offline payment tech by HDFC Bank and Crunchfish goes live,https://www.medianama.com/2023/12/223-offline-payment-tech-hdfc-bank-crunchfish/
2023-12-31,Vault Matters : Sanctity of too - big - to - fail banks - The Hindu BusinessLine,https://www.thehindubusinessline.com/specials/current-account/vault-matters-sanctity-of-too-big-to-fail-banks/article67686289.ece
2023-11-03,Vodafone Idea new loan wont end its financial woes,https://www.lightreading.com/5g/vodafone-idea-s-new-loan-won-t-end-its-financial-woes
2023-10-17,UAE : Indian rupee strengthens against dirham in early trade,https://www.khaleejtimes.com/business/markets/uae-indian-rupee-strengthens-against-dirham-in-early-trade
2023-12-12,Top 10 Banks In The World By Market Cap | Which Is The Biggest Bank In The World In 2023,https://www.forbesindia.com/article/explainers/the-10-largest-banks-in-the-world/86967/1
2023-10-04,5 - year post office RD vs bank RDs : Which offers best recurring deposit interest rate ?,https://economictimes.indiatimes.com/wealth/invest/5-year-post-office-rd-vs-bank-rds-which-offers-best-recurring-deposit-interest-rate/articleshow/104159519.cms
2023-11-01,"Stock Market Updates : Sensex , Nifty Off Opening Lows , Trade Flat ; Airtel Top Drag",https://www.news18.com/business/stock-market-updates-sensex-nifty-off-opening-lows-trade-flat-airtel-top-drag-8642998.html
2023-10-18,"Top 5 Stocks To Watch On 18 October : Bajaj Finance , HPCL , ICICI Bank , Others Are Trending",https://business.outlookindia.com/markets/stocks-to-watch-on-18-october-bajaj-finance-hpcl-icici-bank-others-are-trending
2023-12-28,"Sensex Crosses 72k Mark : Record rally : Sensex crosses 72 , 000 mark",https://timesofindia.indiatimes.com/business/india-business/record-rally-sensex-crosses-72k-mark/articleshow/106333258.cms
2023-12-22,"Sensex rebounds 358 pts on buying in HDFC Bank , Reliance Industries",https://www.dailyexcelsior.com/sensex-rebounds-358-pts-on-buying-in-hdfc-bank-reliance-industries/
2023-12-01,market research : Sebi exempts 3 family trusts linked to Shakti Pump promoters from open offer requirement,https://economictimes.indiatimes.com/markets/stocks/news/sebi-exempts-3-family-trusts-linked-to-shakti-pumps-promoters-from-open-offer-requirement/articleshow/105661068.cms
2023-12-01,jerome powell : Powell brushes off rate - cut speculation as Fed moves carefully,https://economictimes.indiatimes.com/markets/stocks/news/powell-brushes-off-rate-cut-speculation-as-fed-moves-carefully/articleshow/105663335.cms
2023-12-02,Learn with ETMarkets : Predicting gold future : Insights from past trends,https://economictimes.indiatimes.com/markets/commodities/news/learn-with-etmarkets-predicting-golds-future-insights-from-past-trends/articleshow/105679001.cms
2023-12-01,sebi : Sebi slaps Rs 16 lakh fine on Stock Holding Corp of India for flouting market rules,https://economictimes.indiatimes.com/markets/stocks/news/sebi-slaps-rs-16-lakh-fine-on-stock-holding-corp-of-india-for-flouting-market-rules/articleshow/105660217.cms
2023-12-02,S & P 500 : S & P 500 hits 2023 closing high as Powell strengthens peak rate bets,https://economictimes.indiatimes.com/markets/stocks/news/sp-500-hits-2023-closing-high-as-powell-strengthens-peak-rate-bets/articleshow/105669588.cms
2023-12-02,Nifty : Public sector and auto stocks lead Nifty rally,https://economictimes.indiatimes.com/markets/stocks/news/public-sector-and-auto-stocks-lead-nifty-rally/articleshow/105668788.cms
2023-12-02,Kross Ltd filed draft papers with SEBI for Rs 500 crore IPO ; here are the details,https://economictimes.indiatimes.com/markets/ipos/fpos/kross-ltd-filed-draft-papers-with-sebi-for-rs-500-crore-ipo-here-are-the-details/articleshow/105679780.cms
2023-12-01,"TREASURIES - US yields dip : US yields fall after data , with Powell to speak",https://economictimes.indiatimes.com/markets/bonds/us-yields-fall-after-data-with-powell-to-speak/articleshow/105662756.cms
2023-12-01,dollar today : dollar rises for 3rd day ahead of Fed Powell comments,https://economictimes.indiatimes.com/markets/forex/us-dollar-rises-for-3rd-day-ahead-of-feds-powell-comments/articleshow/105663241.cms
2023-12-02,cryptocurrency : Crypto investing guide : How to choose the right virtual digital asset exchange ?,https://economictimes.indiatimes.com/markets/cryptocurrency/crypto-podcast/crypto-investing-guide-how-to-choose-the-right-virtual-digital-asset-exchange/articleshow/105673310.cms
2023-12-02,fed : Gold gains sharply on anticipation of hefty Fed rate cut next year,https://economictimes.indiatimes.com/markets/commodities/news/gold-gains-sharply-on-anticipation-of-hefty-fed-rate-cut-next-year/articleshow/105678934.cms
2023-12-29,Latest News | NPCI to Launch UPI for Secondary Market Next Week,https://www.latestly.com/agency-news/latest-news-npci-to-launch-upi-for-secondary-market-next-week-5659100.html
2023-10-16,Which Is The Largest Bank In India | Top 10 Banks In India By Market Capitalisation In 2023,https://www.forbesindia.com/article/explainers/top-10-banks-india-by-market-cap/87913/1
2023-10-16,"iPhone 15 discount : Apple adds to festive cheer with massive price cuts ; iPhone 15 Pro cheaper by Rs 6K with no - cost EMI , Mac at flat Rs 10K discount",https://economictimes.indiatimes.com/magazines/panache/apple-adds-to-festive-cheer-with-massive-price-cuts-iphone-15-pro-cheaper-by-rs-6k-with-no-cost-emi-mac-at-flat-rs-10k-discount/articleshow/104463784.cms
2023-10-03,"Markets fall on unabated foreign fund outflows ; HDFC Bank , Reliance also drag",https://www.tribuneindia.com/news/business/markets-fall-on-unabated-foreign-fund-outflows-hdfc-bank-reliance-also-drag-550072
2023-10-06,saurabh mukherjea : What the chance of an LBW in PSU and defence stocks ? Saurabh Mukherjea explains,https://economictimes.indiatimes.com/markets/expert-view/whats-the-chance-of-an-lbw-in-psu-and-defence-stocks-saurabh-mukherjea-explains/articleshow/104186236.cms
2023-10-04,"India HDFC Bank posts 4 . 9 % sequential growth in loan book , rejigs management",https://www.marketscreener.com/quote/stock/HDFC-BANK-LIMITED-105516154/news/India-s-HDFC-Bank-posts-4-9-sequential-growth-in-loan-book-rejigs-management-44977717/
2023-10-19,Markets rebound after 3 days of fall,https://www.dailypioneer.com/2023/business/markets-rebound--after-3-days-of-fall.html
2023-11-12,Indian Stocks Advance in Diwali Session on Improving Economy,https://www.bloomberg.com/news/articles/2023-11-12/indian-stocks-advance-in-diwali-session-on-improving-economy
2023-10-03,"Markets fall on unabated foreign fund outflows ; HDFC Bank , Reliance drag",https://www.theweek.in/news/biz-tech/2023/10/03/markets-fall-on-unabated-foreign-fund-outflows-hdfc-bank-reliance-drag.html
2023-10-17,"HDFC Bank : HDFC Bank Q2 profit beats estimates , up at Rs 15 , 976 crore",https://economictimes.indiatimes.com/markets/stocks/earnings/hdfc-bank-q2-profit-beats-estimates-up-at-rs-15976-crore/articleshow/104481118.cms
2023-10-17,"HDFC Bank Q2 Profit Beats Estimates , up at ₹15 , 976cr",https://economictimes.indiatimes.com/epaper/delhicapital/2023/oct/17/et-front/hdfc-bank-q2-profit-beats-estimates-up-at-15976cr/articleshow/104478511.cms
2023-10-23,"Debit card replacement charges : SBI , HDFC Bank , ICICI Bank , Yes Bank",https://economictimes.indiatimes.com/wealth/save/debit-card-replacement-charges-sbi-hdfc-bank-icici-bank-yes-bank/articleshow/104645671.cms
2023-10-26,"Sensex slides for 5th day in row , below 64000 after 4 months",https://timesofindia.indiatimes.com/business/india-business/sensex-slides-for-5th-day-in-row-below-64000-after-4-months/articleshow/104711545.cms
2023-12-20,Public sector banks : Public sector banks could re - rate further : Analysts,https://economictimes.indiatimes.com/markets/stocks/news/public-sector-banks-could-re-rate-further-analysts/articleshow/106137411.cms
2023-12-20,"Apollo Tyres : White Iris sells Apollo Tyres shares worth Rs 1 , 281 crore",https://economictimes.indiatimes.com/markets/stocks/news/white-iris-sells-apollo-tyres-shares-worth-rs-1281-crore/articleshow/106137485.cms
2023-12-20,"F & O Ban List : IRCTC , RBL Bank among 10 stocks under trade ban on Wednesday",https://economictimes.indiatimes.com/markets/options/fo-ban-list-irctc-rbl-bank-among-10-stocks-under-trade-ban-on-wednesday/articleshow/106141032.cms
2024-10-04,"HDFC Bank Q2 Update : Gross advances rise 7 % to ₹25 . 19 lakh crore , deposits jump 15 % YoY",https://www.livemint.com/companies/news/hdfc-bank-q2-update-gross-advances-rise-7-to-rs-25-19-lakh-crore-deposits-jump-15-yoy-11728014804481.html
2024-10-21,"HDFC Bank Share Price Today Live Updates , 21 Oct , 2024 : HDFC Bank rises 3 % on Q2 numbers",https://www.financialexpress.com/market/hdfc-bank-share-price-today-live-updates-21-oct-2024-3645098/
2024-10-19,HDFC Bank Q2 Results Live Updates : PAT expected to rise 2 % YoY ; margins to be stable,https://economictimes.indiatimes.com/markets/stocks/live-blog/hdfc-bank-q2-results-live-updates-hdfc-ltd-q2-fy25-pat-revenue-earning-report-profit-loss-date-time-19-october-2024/liveblog/114366565.cms
2024-12-09,HDFC Bank Hikes MCLR Rates ; New Lending Rates Effective From This Date,https://www.timesnownews.com/business-economy/personal-finance/hdfc-bank-hikes-mclr-rates-new-lending-rates-effective-from-this-date-article-116138099
2024-10-31,Upcoming IPO : HDFC Bank NBFC arm HDB Financial Services files DRHP for IPO with SEBI,https://www.livemint.com/market/upcoming-ipo-hdfc-banks-nbfc-arm-hdb-financial-services-files-drhp-for-ipo-with-sebi-11730355543781.html
2024-11-27,"HDFC Bank Launches Pragati Savings Account for Semi - Urban , Rural India ; What This ?",https://www.news18.com/business/hdfc-bank-launches-pragati-savings-account-for-semi-urban-rural-india-9135523.html
2024-11-18,HDFC Bank share price rises as lender appoints Santhosh Iyengar Keshavan as Independent Director for three years,https://www.livemint.com/market/stock-market-news/hdfc-bank-share-price-in-green-as-lender-appoints-santhosh-iyengar-keshavan-as-independent-director-for-three-year-term-11731904550946.html
2024-11-02,HDFC Bank UPI services will not be available on these two days in November ; check details,https://economictimes.indiatimes.com/wealth/save/hdfc-bank-upi-services-will-not-be-available-on-these-two-days-in-november-check-details/articleshow/114872600.cms
2024-12-09,HDFC Bank hikes MCLR on this tenure ; check latest HDFC lending rates,https://economictimes.indiatimes.com/wealth/borrow/hdfc-bank-hikes-mclr-on-this-tenure-check-latest-hdfc-lending-rates/articleshow/116130786.cms
2024-11-28,HDFC Bank market cap crosses ₹14 lakh crore for the first time as stock hits fresh high,https://www.livemint.com/market/stock-market-news/hdfc-bank-market-cap-crosses-rs-14-lakh-crore-for-the-first-time-as-stock-hits-fresh-high-11732769578887.html
2024-12-17,HDFC Bank Share Tumbles Down More Than 1 % On On NSE Amid Receiving 2nd Warning Letter From SEBI In A Week,https://www.freepressjournal.in/business/hdfc-bank-share-tumbles-down-more-than-1-on-on-nse-amid-receiving-2nd-warning-letter-from-sebi-in-a-week
2024-11-27,HDFC Bank Launches Pragati Savings Account : Who Will Benefit From This Scheme ?,https://www.timesnownews.com/business-economy/personal-finance/hdfc-bank-launches-pragati-savings-account-who-will-benefit-from-this-scheme-article-115732420
2024-12-23,HDFC Bank executes first gold forward deal from Gujarat GIFT City,https://www.thehindu.com/business/Industry/hdfc-bank-executes-first-gold-forward-deal-from-gujarat-gift-city/article69018364.ece
2024-12-16,HDFC Bank gets administrative warning from Sebi over delayed disclosure of mortgage head resignation in March,https://www.moneycontrol.com/news/business/markets/hdfc-bank-gets-administrative-warning-from-sebi-over-delayed-disclosure-of-mortgage-head-s-resignation-in-march-12891174.html
2024-11-19,"Consumer awareness , use of AI & constant vigilance : HDFC Bank & TOI Cyber Security Summit explores how menace of cyber frauds can be dealt with",https://timesofindia.indiatimes.com/business/india-business/consumer-awareness-use-of-ai-constant-vigilance-hdfc-bank-tois-cyber-security-summit-explores-how-menace-of-cyber-frauds-can-be-dealt-with/articleshow/115441373.cms
2024-11-17,"M - cap of top 10 firms : Eight companies lose ₹1 . 65 lakh crore led by HDFC Bank , only Infosys and TCS see some gains",https://www.livemint.com/market/stock-market-news/mcap-top-10-firms-eight-lose-rs-1-lakh-crore-two-gain-indian-stock-markets-news-valuation-equities-hdfc-sbi-ril-infosys-11731819761768.html
2024-10-19,"HDB Financial Services IPO : HDFC Bank arm to float ₹12 , 500 - crore IPO ; parent to offload ₹10k - crore shares via OFS",https://www.livemint.com/market/ipo/hdb-financial-services-ipo-hdfc-bank-arm-to-float-rs-12-500-crore-ipo-parent-to-offload-rs-10k-crore-shares-via-ofs-11729350612227.html
2024-11-03,This bank UPI services will NOT work for two days in November due to ...; check details,https://www.dnaindia.com/personal-finance/report-hdfc-bank-upi-services-will-not-work-for-two-days-in-november-due-to-maintaince-on-nov-5-and-23-3116197
2024-12-03,HDFC Bank Rises 2 % As 21 . 7 Lakh Shares Change Hands ; M - Cap Crosses Rs 14 Lakh Crore,https://www.news18.com/business/markets/hdfc-bank-rises-2-as-21-7-lakh-shares-change-hands-m-cap-crosses-rs-14-lakh-crore-9143598.html
2024-10-19,"HDFC Bank Q2 Results : Net profit rises 5 . 3 % to ₹16 , 821 crore , NII up 10 % YoY ; Asset quality worsens",https://www.livemint.com/companies/company-results/hdfc-bank-q2-results-net-profit-rises-5-3-to-rs-16-821-crore-nii-up-10-yoy-here-are-the-key-highlights-11729329022663.html
2024-12-10,Sleeping giant HDFC Bank shares wakes up with Rs 3 lakh crore rally,https://economictimes.indiatimes.com/markets/stocks/news/sleeping-giant-hdfc-bank-shares-wakes-up-with-rs-3-lakh-crore-rally/articleshow/116155828.cms
2024-11-14,HDFC Bank : Parivartan to set up SMART classes in 3500 schools by 2025,https://www.marketscreener.com/quote/stock/HDFC-BANK-LIMITED-105516154/news/HDFC-Bank-Parivartan-to-set-up-SMART-classes-in-3500-schools-by-2025-48361209/
2024-11-06,Downtime alert for HDFC Bank UPI services for November 2024 : Dates and what will work and not,https://timesofindia.indiatimes.com/technology/tech-news/downtime-alert-for-hdfc-bank-upi-services-for-november-2024-dates-and-what-will-work-and-not/articleshow/114984145.cms
2024-11-06,"Hdfc Bank Share Price Today on 06 - 11 - 2024 : Hdfc Bank share price are down by - 0 . 5 %, Nifty up by 0 . 62 %",https://www.livemint.com/market/hdfc-bank-share-price-today-latest-on-06-nov-2024-11730871782621.html
2024-11-28,HDFC Bank M - cap touches Rs 14 trillion for first - time ever,https://www.thestatesman.com/business/hdfc-banks-m-cap-touches-rs-14-trillion-for-first-time-ever-1503369888.html
2024-11-14,"Children Day 2024 : HDFC Bank announces scholarships for 25 , 000 underprivileged students under its  Parivartan  initiative - Education News",https://www.financialexpress.com/jobs-career/education-childrens-day-2024-hdfc-bank-announces-scholarships-for-25000-underprivileged-students-under-its-parivartan-initiative-3664906/
2024-10-04,HDFC Bank gross advances rise 1 . 3 % QoQ in Sept quarter ; stock in mild green,https://www.moneycontrol.com/news/business/markets/hdfc-banks-gross-advances-rise-1-3-qoq-in-sept-quarter-deposits-climb-5-stock-in-mild-red-12835297.html
2024-12-08,Technical Call : HDFC Bank - BUY - The Hindu BusinessLine,https://www.thehindubusinessline.com/portfolio/technical-analysis/technical-call-hdfc-bank-buy/article68958685.ece
2024-11-13,HDFC Bank : HDFC Bank and Times Of India present  Cyber Security Summit  to prevent cyber frauds in the financial sector,https://timesofindia.indiatimes.com/india/hdfc-bank-and-times-of-india-present-cyber-security-summit-to-prevent-cyber-frauds-in-the-financial-sector/articleshow/115261295.cms
2024-10-15,"HDFC Bank stock gets Jefferie buy rating on strong deposit growth , LDR improvement plans",https://www.moneycontrol.com/news/business/markets/hdfc-bank-stock-gets-jefferies-buy-rating-on-strong-deposit-growth-ldr-improvement-plans-12842041.html
2024-12-24,Reliance Industrie Stock Tanks 23 Pc From Its July High,https://menafn.com/1109027414/Reliance-Industries-Stock-Tanks-23-Pc-From-Its-July-High
2024-12-03,"HDFC Bank block deal : 21 . 7 lakh shares sold ; stock rises , m - cap back above Rs 14 lakh crore",https://www.moneycontrol.com/news/business/markets/hdfc-bank-block-deal-21-7-lakh-shares-sold-stock-rises-m-cap-back-above-rs-14-lakh-crore-12881690.html
2024-10-10,"Hdfc Bank Share Price Today on : Hdfc Bank share are up by 0 . 42 %, Nifty up by 0 . 27 %",https://www.livemint.com/market/hdfc-bank-share-price-today-latest-on-10102024-11728538852473.html
2024-11-28,"HDFC Bank shares on a record breaking run , market cap tops Rs 14 lakh crore",https://www.businesstoday.in/markets/company-stock/story/hdfc-bank-shares-on-a-record-breaking-run-market-cap-tops-rs-14-lakh-crore-455454-2024-11-28
2024-10-04,HDFC Bank shares rise amid likely MSCI - related inflows worth $1 . 8 bn in November,https://www.moneycontrol.com/news/business/markets/hdfc-bank-shares-rise-amid-likely-msci-related-inflows-worth-1-8-bn-in-november-12835398.html
2024-12-12,HDFC Bank investment banking gets SEBI warning  - Economy News,https://www.financialexpress.com/policy/economy-hdfc-banks-investment-banking-gets-sebi-warning-3690562/
2024-11-13,"RBI retains SBI , HDFC Bank , ICICI Bank in  too - big - to - fail  list - Banking & Finance News",https://www.financialexpress.com/business/banking-finance-rbi-retains-sbi-hdfc-bank-icici-bank-in-too-big-to-fail-list-3664436/
2024-12-03,Hdfc Bank Share Price Live blog for 03 Dec 2024,https://qrius.com/hdfc-bank-share-price-live-blog-for-03-dec-2024/
2024-10-28,"Diwali 2024 Stock Picks : HDFC Bank , M & M to Hyundai Motor Arihant Capital lists 15 stocks to buy for Samvat 2081",https://www.livemint.com/market/stock-market-news/diwali-2024-stock-picks-hdfc-bank-m-m-to-hyundai-motor-arihant-capital-lists-15-stocks-to-buy-for-samvat-2081-11730116378420.html
2024-11-01,HDFC Bank UPI service not to be available for THESE two days in November ; check details here,https://www.livemint.com/money/personal-finance/hdfc-banks-upi-service-not-to-be-available-for-these-two-days-in-november-check-details-here-11730459821634.html
2024-12-12,Sebi issues administrative warning on HDFC Bank over non - compliance with merchant banking rules,https://www.moneycontrol.com/news/business/markets/hdfc-bank-gets-sebi-s-administrative-warning-over-merchant-banking-rules-assures-to-address-concerns-12888498.html
2024-12-08,"Mcap of 6 of top - 10 most valued firms jump Rs 2 lakh crore ; TCS , HDFC Bank lead gainers",https://www.moneycontrol.com/news/business/markets/mcap-of-6-of-top-10-most-valued-firms-jump-rs-2-lakh-crore-tcs-hdfc-bank-lead-gainers-12885381.html
2024-12-10,"HDFC Bank leases Navi Mumbai office space for 10 years , to pay ₹320 crore rent",https://qrius.com/hdfc-bank-leases-navi-mumbai-office-space-for-10-years-to-pay-%E2%82%B9320-crore-rent/
2024-11-14,"SBI , HDFC Bank , ICICI Bank remain Domestic Systemically Important Banks in 2024 : RBI",https://www.dailyexcelsior.com/sbi-hdfc-bank-icici-bank-remain-domestic-systemically-important-banks-in-2024-rbi-2/
2024-10-07,"Hdfc Bank share are down by - 0 . 77 %, Nifty down by - 0 . 48 %",https://www.livemint.com/market/hdfc-bank-share-price-today-latest-on-07102024-11728279781916.html
2024-11-28,HDFC Bank Crosses ₹14 Lakh Crore Market Capitalisation Mark As Shares Touch Record High On NSE,https://www.freepressjournal.in/business/hdfc-bank-crosses-14-lakh-crore-market-capitalisation-mark-as-shares-touch-record-high-on-nse
2024-12-05,HDFC Bank shares : Why this stock is outperforming peers ; more upside ahead ?,https://www.businesstoday.in/markets/stocks/story/hdfc-bank-shares-why-this-stock-is-outperforming-peers-more-upside-ahead-456285-2024-12-05
2024-11-13,"SBI , HDFC Bank , ICICI Bank figure in RBI 2024 list of Domestic Systemically Important Banks ( D - SIBs )",https://www.thehindu.com/business/sbi-hdfc-bank-icici-bank-figure-in-rbis-2024-list-of-domestic-systemically-important-banks/article68862576.ece
2024-10-04,HDFC Bank shares drop after Q2 update ; key details,https://www.businesstoday.in/markets/stocks/story/hdfc-bank-shares-drop-after-q2-update-key-details-448649-2024-10-04
2024-11-17,Mercedes - Benz to hike prices of all cars from 1 Jan 2025,https://www.financialexpress.com/shorts/auto/mercedes-benz-to-hike-prices-of-all-cars-from-1-jan-2025-3667264/
2024-10-31,HDB files draft IPO papers with Sebi - Times of India,https://timesofindia.indiatimes.com/business/india-business/hdb-files-draft-ipo-papers-with-sebi/articleshow/114826145.cms
2024-10-20,"HDB Financial , a subsidiary of HDFC Bank , announces an IPO and OFS worth Rs 12 , 500 crore",https://www.aninews.in/news/business/hdb-financial-a-subsidiary-of-hdfc-bank-announces-an-ipo-and-ofs-worth-rs-12500-crore20241020101806/
2024-10-20,"HDB Financial , a subsidiary of HDFC Bank , announces an IPO and OFS worth Rs 12 , 500 crore",https://aninews.in/news/business/hdb-financial-a-subsidiary-of-hdfc-bank-announces-an-ipo-and-ofs-worth-rs-12500-crore20241020101806/
2024-12-10,HDFC Bank takes 4 lakh sq ft of office space on lease in Navi Mumbai,https://www.financialexpress.com/business/industry-hdfc-bank-takes-4-lakh-sq-ft-of-office-space-on-lease-in-navi-mumbai-3688923/
2024-12-30,Chris Wood : Chris Wood love for HDFC Bank rekindles at the cost of 4 other stocks,https://economictimes.indiatimes.com/markets/stocks/news/chris-woods-love-for-hdfc-bank-rekindles-at-the-cost-of-4-other-stocks/articleshow/116787500.cms
2024-11-12,"HDFC Bank to monetise properties inherited during merger , Real Estate News , ET RealEstate",https://realty.economictimes.indiatimes.com/news/industry/hdfc-bank-to-monetise-properties-inherited-during-merger/115199185
2024-10-31,"HDB Financial Services files draft documents for Rs 12 , 500 crore IPO",https://timesofindia.indiatimes.com/business/india-business/hdb-financial-services-files-draft-documents-for-rs-12500-crore-ipo/articleshow/114818544.cms
2024-11-13,"India cenbank retains SBI , HDFC Bank , ICICI Bank in too - big - to - fail list",https://www.marketscreener.com/quote/stock/HDFC-BANK-LIMITED-105516154/news/India-cenbank-retains-SBI-HDFC-Bank-ICICI-Bank-in-too-big-to-fail-list-48343835/
2024-12-12,HDFC Bank gets warning letter from SEBI over alleged regulatory non - compliance,https://www.businesstoday.in/latest/corporate/story/hdfc-bank-gets-warning-letter-from-sebi-over-alleged-regulatory-non-compliance-457084-2024-12-12
2024-12-12,SEBI issues warning letter to HDFC Bank over merchant banking norms violation,https://www.thehindubusinessline.com/news/sebi-issues-warning-letter-to-hdfc-bank-over-merchant-banking-norms-violation/article68977493.ece
2024-10-21,HDFC Bank unit HDB Financial to raise up to $1 . 5 bn in IPO,https://www.vccircle.com:443/hdfcbank-unit-hdb-financial-to-raise-up-to-1-5-bn-in-ipo
2024-11-17,Eight of top 10 most - valued firms take ₹1 . 65 lakh cr hit in mcap,https://www.hindustantimes.com/business/eight-of-top-10-most-valued-firms-take-rs-1-65-lakh-cr-hit-in-mcap-101731823052754.html
2024-10-21,"MSCI Rejig : BSE , Adani Energy , Voltas among six stocks likely to be included in India Standard Index",https://www.livemint.com/market/stock-market-news/msci-rejig-bse-adani-energy-voltas-among-six-stocks-likely-to-be-included-in-india-standard-index-11729490273130.html
2024-10-15,Marriott Bonvoy HDFC Bank Credit Card launches festive deals you cant miss - Money News,https://www.financialexpress.com/money/marriott-bonvoy-hdfc-bank-credit-card-launches-festive-deals-you-cant-miss-3640159/
2024-11-13,"SBI , HDFC Bank and ICICI Bank continue to be identified as Domestic Systemically Important Banks : RBI",https://www.thehindubusinessline.com/money-and-banking/sbi-hdfc-bank-and-icici-bank-continue-to-be-identified-as-domestic-systemically-important-banks-rbi/article68862643.ece
2024-12-24,Reliance Industrie stock tanks 23 pc from its July high,https://www.newkerala.com/news/2024/81271.htm
2024-11-14,HDFC Bank Parivartan launches # LittleSmilesBigDreams campaign to empower students,https://www.financialexpress.com/business/brandwagon-hdfc-bank-parivartan-launches-littlesmilesbigdreams-campaign-to-empower-students-3664976/
2024-10-21,"HDFC Bank shares zooms nearly 3 % as board approves HDB Financial Services IPO worth Rs 12 , 500 cr",https://www.financialexpress.com/market/hdfc-bank-shares-to-remain-in-focus-today-as-board-approves-hdb-financial-services-ipo-worth-rs-12500-cr-3645126/
2024-10-18,"HDFC Bank Q2 preview : Net profit likely to grow nearly 4 % at Rs 16 , 570 crore",https://www.moneycontrol.com/news/business/earnings/hdfc-bank-q2-preview-net-profit-likely-to-grow-nearly-4-at-rs-16570-crore-12844921.html
2024-12-30,"Sensex Rises By Rs 87 , 000 Crore In 5 Days ; HDFC Bank , Reliance Industries Lead Market Surge",https://www.news18.com/business/sensex-rises-by-rs-87000-crore-in-5-days-hdfc-bank-reliance-industries-lead-market-surge-ws-ab-9172813.html
2024-10-21,HDFC Bank vs Kotak Mahindra Bank : Which banking stock to buy post Q2 results ?,https://www.businesstoday.in/markets/company-stock/story/hdfc-bank-vs-kotak-mahindra-bank-which-banking-stock-to-buy-post-q2-results-450857-2024-10-21
2024-12-08,Mcap of six of top 10 most valued firms jump Rs 2 lakh Crore,https://www.dailypioneer.com/2024/business/mcap-of-six-of-top-10-most-valued-firms-jump-rs-2-lakh-crore.html
2024-12-29,"Mcap of 6 of top - 10 most valued firms climbs Rs 86 , 847 crore ; HDFC Bank , RIL biggest gainers",https://www.tribuneindia.com/news/business/mcap-of-6-of-top-10-most-valued-firms-climbs-rs-86847-crore-hdfc-bank-ril-biggest-gainers/
2024-12-27,"No major changes in upcoming NSE rejig ; NTPC , Punjab National Bank to see highest inflows",https://www.moneycontrol.com/news/business/markets/no-major-changes-in-upcoming-nse-rejig-ntpc-punjab-national-bank-to-see-highest-inflows-12898641.html
2024-10-06,"Market capitalisation of 10 - most valued firms drops to Rs 4 . 74 lakh crore , Reliance and HDFC Bank hard hit",https://www.financialexpress.com/market/market-capitalisation-of-10-most-valued-firms-drops-to-rs-4-74-lakh-crore-reliance-and-hdfc-bank-hard-hit-3631800/
2024-10-19,"India HDFC Bank beats quarterly profit forecast , margins dip slightly",https://www.marketscreener.com/quote/stock/HDFC-BANK-LIMITED-105516154/news/India-s-HDFC-Bank-beats-quarterly-profit-forecast-margins-dip-slightly-48114264/
2024-10-24,HDFC Bank Chargeback - A Horrible Experience ! - HDFC BANK VISA CREDIT CARD Consumer Review,https://www.mouthshut.com/review/hdfc-bank-visa-credit-card-review-uqmolusprnp
2024-11-08,Swiggy HDFC Bank Credit Card : Lifetime free for a limited time – Should you apply ?,https://www.livemint.com/money/personal-finance/swiggy-hdfc-bank-credit-card-lifetime-free-for-a-limited-time-should-you-apply-11731042240971.html
2024-11-27,Deposit push : HDFC Bank launches  Pragati  savings account for hinterlands,https://www.thehindubusinessline.com/money-and-banking/deposit-push-hdfc-bank-launches-pragati-savings-account-for-hinterlands/article68918109.ece
2024-10-08,"Upcoming IPO : SEBI approves NSDL IPO ; HDFC Bank , SBI , Union Bank , others to divest stake in depository",https://www.livemint.com/market/ipo/upcoming-ipo-sebi-approves-nsdl-ipo-hdfc-bank-sbi-union-bank-others-to-divest-stake-in-depository-11728361859440.html
2024-12-13,( HDB ) - Analyzing HDFC Bank Short Interest - HDFC Bank ( NYSE : HDB ),https://www.benzinga.com/insights/short-sellers/24/12/42489140/hdb-analyzing-hdfc-banks-short-interest
2024-12-03,"Sensex , Nifty rally in early trade on buying in blue - chip stocks , firm global peers",https://www.thehindu.com/business/markets/sensex-updates-on-december-3-2024/article68941156.ece
2024-12-08,Combined market valuation of 6 of top 10 most valued firms spikes over Rs 2 trillion,https://www.thestatesman.com/business/combined-market-valuation-of-6-of-top-10-most-valued-firms-spikes-over-rs-2-trillion-1503373482.html
2024-10-20,"Mcap of 4 of top - 10 most valued firms jumps Rs 81 , 151 cr last week ; ICICI , HDFC Bank biggest gainers",https://economictimes.indiatimes.com/markets/stocks/news/mcap-of-4-of-top-10-most-valued-firms-jumps-rs-81151-cr-last-week-icici-hdfc-bank-biggest-gainers/articleshow/114390684.cms
2024-12-04,Nifty next move : What Reliance and HDFC Bank are signalling,https://www.livemint.com/market/stock-market-news/nifty-reliance-hdfc-bank-nifty-50-nifty-bank-warren-buffet-11733220098378.html
2024-10-21,HDFC Bank Shares Zoom Almost 4 % After Q2 Result Shows 6 . 03 % Jump In Consolidated Profit,https://www.freepressjournal.in/business/hdfc-bank-shares-zoom-almost-4-after-q2-result-shows-603-jump-in-consolidated-profit
2024-10-19,"HDB Financial Services IPO : HDFC Bank to offload Rs 10 , 000 crore of shares , total issue size stands at Rs 12 , 500 crore",https://www.businesstoday.in/markets/ipo-corner/story/hdb-financial-services-ipo-hdfc-bank-to-offload-rs-10000-crore-of-shares-total-issue-size-stands-at-rs-12500-crore-450760-2024-10-19
2024-11-17,"HDFC Bank , SBI , HUL among 8 firms that lost Rs 1 . 65 lakh crore this week",https://www.financialexpress.com/market/hdfc-bank-sbi-hul-among-8-firms-that-lost-rs-1-65-lakh-crore-this-week-3667212/
2024-10-31,HDFC Bank NBFC arm HDB Financial files for $1 . 5 billion IPO,https://www.moneycontrol.com/news/business/ipo/hdfc-banks-nbfc-arm-hdb-financial-files-for-1-5-billion-ipo-12855753.html
2024-10-31,"HDB Financial Services files for ₹12 , 500 crore IPO , aiming to boost capital",https://www.thehindubusinessline.com/markets/hdb-financial-services-files-for-12500-crore-ipo-aiming-to-boost-capital/article68817052.ece
2024-10-08,"HDFC Bank , Axis , Kotak have underperformed . Are they value buy or value trap for investors ?",https://economictimes.indiatimes.com/prime/money-and-markets/hdfc-bank-axis-kotak-have-underperformed-are-they-value-buy-or-value-trap-for-investors/primearticleshow/114022845.cms
2024-10-07,HDFC Bank hikes loan interest rates by 5 bps on these two tenures,https://economictimes.indiatimes.com/wealth/borrow/hdfc-bank-hikes-loan-interest-rates-by-5-bps-on-these-two-tenures/articleshow/114003189.cms
2024-10-08,HDFC Bank : HDFC Bank online services hit by glitches,https://economictimes.indiatimes.com/markets/stocks/news/hdfc-banks-online-services-hit-by-glitches/articleshow/114027666.cms
2024-12-17,Markets decline in early trade amid caution ahead of US Fed rate decision,https://www.mid-day.com/mumbai/mumbai-news/article/markets-dip-in-early-trade-led-by-reliance-and-hdfc-bank-amid-caution-ahead-of-us-fed-decision-23448299
2024-10-31,India HDB Financial files for $1 . 5b IPO,https://www.dealstreetasia.com/stories/hdb-financial-ipo-417976
2024-11-25,Beware ! These six headwinds may spoil the current Indian stock market rally,https://www.livemint.com/market/stock-market-news/beware-russia-ukraine-war-to-inflation-these-six-headwinds-may-spoil-the-current-indian-stock-market-rally-11732517557232.html
2024-10-31,"HDFC Bank arm HDB Financial files papers for Rs 12 , 500 crore IPO",https://economictimes.indiatimes.com/markets/ipos/fpos/hdfc-banks-arm-hdb-financial-files-papers-for-rs-12500-crore-ipo/articleshow/114801650.cms
2024-10-31,"HDFC Bank unit HDB Financial Services files with SEBI for ₹12 , 500 crore IPO",https://www.thehindu.com/business/Industry/hdfc-bank-unit-hdb-financial-services-files-with-sebi-for-12500-crore-ipo/article68817643.ece
2024-11-17,Mcap of eight of top 10 most - valued firms take ₹1 . 65 lakh crore hit,https://www.thehindubusinessline.com/markets/mcap-of-eight-of-top-10-most-valued-firms-take-165-lakh-crore-hit/article68878214.ece
2024-12-03,HDFC BANK Transforms Lending Operations with Pennant Future - ready Lending Factory Platform,https://aninews.in/news/business/hdfc-bank-transforms-lending-operations-with-pennants-future-ready-lending-factory-platform20241203123212/
2024-10-04,Nifty October futures trade at premium,https://www.business-standard.com/markets/capital-market-news/nifty-october-futures-trade-at-premium-124100400762_1.html
2024-11-14,Mahindra Thar Roxx Review,https://www.team-bhp.com/forum/official-new-car-reviews/283993-mahindra-thar-roxx-review-109.html
2024-10-31,"India HDB Financial , a unit of HDFC Bank , files for $1 . 5 billion IPO",https://www.marketscreener.com/quote/stock/HDFC-BANK-LIMITED-105516154/news/India-s-HDB-Financial-a-unit-of-HDFC-Bank-files-for-1-5-billion-IPO-48214803/
2024-11-24,"Mcap of 8 of top - 10 most - valued domestic firms  jumps Rs 1 . 55 lakh cr ; HDFC Bank , TCS sparkle",https://www.dailyexcelsior.com/mcap-of-8-of-top-10-most-valued-domestic-firms-jumps-rs-1-55-lakh-cr-hdfc-bank-tcs-sparkle/
2024-12-13,"HDFC Bank services : UPI , NEFT , and these services wont be available on Dec 14 , Dec 15",https://www.businesstoday.in/personal-finance/banking/story/hdfc-bank-services-upi-neft-and-these-services-wont-be-available-on-dec-14-dec-15-457266-2024-12-13
2024-12-10,HDFC Bank leases an entire 8 - storey Mindspace Business Parks tower in Navi Mumbai,https://economictimes.indiatimes.com/industry/services/property-/-cstruction/hdfc-bank-leases-an-entire-8-storey-mindspace-business-parks-tower-in-navi-mumbai/articleshow/116176937.cms
2024-11-25,"Stocks in news : Stocks in news : ZEE , HDFC Bank , HCL Tech , Zomato , RVNL",https://economictimes.indiatimes.com/markets/stocks/news/stocks-in-news-zee-hdfc-bank-hcl-tech-zomato-rvnl/articleshow/115640234.cms
2024-10-27,Mcap of nine of top - 10 most valued firms drops ₹2 lakh crore last week as markets tumble,https://www.thehindubusinessline.com/markets/mcap-of-nine-of-top-10-most-valued-firms-drops-2-lakh-crore-last-week-as-markets-tumble/article68802657.ece
2024-10-21,"HDFC Bank shares climb over 3 . 50 % after Q2 earnings , market valuation jumps",https://www.hindustantimes.com/business/hdfc-bank-shares-climb-over-3-50-after-q2-earnings-market-valuation-jumps-101729487660924.html
2024-12-12,SEBI issues warning letter to HDFC Bank on non - compliance,https://www.thehindu.com/incoming/sebi-issues-warning-letter-to-hdfc-bank-on-non-compliance/article68977055.ece
2024-10-20,"HDFC Bank board approves Rs 12 , 500 - cr share sale of its subsidiary HDB Financial",https://www.dailyexcelsior.com/hdfc-bank-board-approves-rs-12500-cr-share-sale-of-its-subsidiary-hdb-financial/
2024-10-27,9 of top 10 most valued firms lose over Rs 2 lakh crore in week,https://www.thestatesman.com/business/9-of-top-10-most-valued-firms-lose-over-rs-2-lakh-crore-in-week-1503358316.html
2024-11-10,Market capitalisation of six of top - 10 most - valued firms decline Rs 1 . 55 lakh crore last week,https://timesofindia.indiatimes.com/business/india-business/market-capitalisation-of-six-of-top-10-most-valued-firms-decline-rs-1-55-lakh-crore-last-week/articleshow/115135989.cms
2024-11-05,"Hot stocks : Brokerage view on Amara Raja , ABB , HDFC Bank and Exide",https://economictimes.indiatimes.com/markets/stocks/news/hot-stocks-brokerage-view-on-amara-raja-abb-hdfc-bank-and-exide/articleshow/114964237.cms
2024-12-18,HDFC Bank & Harley - Davidson launch co - branded credit cards,https://www.team-bhp.com/news/hdfc-bank-harley-davidson-launch-co-branded-credit-cards
2024-12-17,"Market today : Sensex , Nifty decline amid selling pressure from key stocks ahead of US rate cut",https://www.hindustantimes.com/business/sensex-today-nifty-bse-nse-share-stock-market-reliance-hdfc-shares-december-17-101734419739235.html
2024-12-15,Five of top - 10 most valued firms together add ₹1 . 13 lakh crore in market valuation,https://www.thehindubusinessline.com/markets/stock-markets/five-of-top-10-most-valued-firms-together-add-113-lakh-crore-in-market-valuation/article68987706.ece
2024-12-15,Five of top - 10 most valued firms add Rs 1 . 13 lakh crore in market valuation ; Airtel shines,https://www.tribuneindia.com/news/business/five-of-top-10-most-valued-firms-add-rs-1-13-lakh-crore-in-market-valuation-airtel-shines/
2024-10-26,Did ICICI Bank manage to outperform its rivals in Q2 ?,https://www.livemint.com/companies/company-results/icici-bank-q2-earnings-stock-share-price-hdfc-bank-axis-bank-kotak-mahindra-bank-nim-npa-11729940354375.html
2024-10-07,"HDFC Bank hikes MCLR by 5 basis points on 6 months , 3 year tenure",https://www.thehindubusinessline.com/money-and-banking/hdfc-bank-hikes-mclr-by-5-basis-points-on-6-months-3-year-tenure/article68729210.ece
2024-10-21,"HDFC Bank : HDFC Bank has more re - rating potential than ICICI Bank : Santanu Chakrabarti , BNP Paribas",https://economictimes.indiatimes.com/markets/expert-view/hdfc-bank-has-more-re-rating-potential-than-icici-bank-santanu-chakrabarti-bnp-paribas/articleshow/114411593.cms
2024-12-15,Five of top - 10 most valued firms together add Rs 1 . 13 lakh Crore in market valuation,https://www.dailypioneer.com/2024/business/five-of-top-10-most-valued-firms-together-add-rs-1-13-lakh-crore-in-market-valuation.html
2024-10-21,"HDFC Bank board okays HDB Financial Rs 12 , 500 crore IPO",https://timesofindia.indiatimes.com/business/india-business/hdfc-bank-board-okays-hdb-financials-rs-12500-crore-ipo/articleshow/114409131.cms
2024-12-11,"HDFC Bank leases over four lakh sq ft office space in Navi Mumbai , ET RealEstate",https://realty.economictimes.indiatimes.com/news/commercial/hdfc-bank-leases-over-four-lakh-sq-ft-office-space-in-navi-mumbai/116194383
2024-11-10,Mcap of 6 of top - 10 most - valued firms erode Rs 1 . 55 lakh cr ; Reliance biggest laggard,https://economictimes.indiatimes.com/markets/stocks/news/mcap-of-6-of-top-10-most-valued-firms-erode-rs-1-55-lakh-cr-reliance-biggest-laggard/articleshow/115136515.cms
2024-10-03,Major Stake Shift : Morgan Stanley and Citigroup Invest in HDFC Bank,https://www.devdiscourse.com/article/headlines/3109553-major-stake-shift-morgan-stanley-and-citigroup-invest-in-hdfc-bank
2024-12-03,"India News | Markets Rally in Early Trade on Buying in Blue - chip Stocks , Firm Global Peers",https://www.latestly.com/agency-news/india-news-markets-rally-in-early-trade-on-buying-in-blue-chip-stocks-firm-global-peers-6462603.html
2024-11-10,Mcap of 6 of top - 10 most - valued firms erode ₹1 . 55 lakh cr ; Reliance biggest laggard,https://www.thehindubusinessline.com/markets/mcap-of-6-of-top-10-most-valued-firms-erode-155-lakh-cr-reliance-biggest-laggard/article68851695.ece
2024-10-27,"M - cap of nine of the top 10 most valued firms plunges Rs 2 lakh crore as Sensex , Nifty tumble",https://economictimes.indiatimes.com/markets/stocks/news/m-cap-of-nine-of-the-top-10-most-valued-firms-plunges-rs-2-lakh-crore-as-sensex-nifty-tumble/articleshow/114648502.cms
2024-10-27,Mcap of nine of top - 10 most valued firms drops Rs 2 lakh cr last week as markets tumble,https://www.moneycontrol.com/news/business/markets/mcap-of-nine-of-top-10-most-valued-firms-drops-rs-2-lakh-cr-last-week-as-markets-tumble-12851714.html
2024-10-27,Mcap of nine of top - 10 most valued firms drops Rs 2 lakh crore last week as markets tumble,https://www.tribuneindia.com/news/business/mcap-of-nine-of-top-10-most-valued-firms-drops-rs-2-lakh-crore-last-week-as-markets-tumble/
2024-12-28,Edu loan provider Credila Financial Services files IPO papers with Sebi,https://www.theweek.in/wire-updates/business/2024/12/28/dcm19-biz-ipo-credila-financial.html
2024-10-15,Marriott Bonvoy HDFC Bank Credit Card : 5 times reward points on every spend,https://www.business-standard.com/finance/personal-finance/marriott-bonvoy-hdfc-bank-credit-card-5-times-reward-points-on-every-spend-124101500485_1.html
2024-11-15,"SBI set to borrow $1 . 25 billion , India largest dollar - denominated bank loan in 2024 ; details here",https://www.livemint.com/companies/sbi-set-to-borrow-1-25-billion-indias-largest-dollar-denominated-bank-loan-in-2024-details-here-11731662922865.html
2024-10-27,Mcap of nine of top - 10 most valued firms drops Rs 2 lakh cr last week as markets tumble,https://www.theweek.in/wire-updates/business/2024/10/27/dcm10-biz-stocks-mcap.html
2024-12-15,Five of top 10 most valued firms together add Rs 1 . 13 lakh cr in market valuation ; Airtel shines,https://www.moneycontrol.com/news/business/five-of-top-10-most-valued-firms-together-add-rs-1-13-lakh-cr-in-market-valuation-airtel-shines-12890109.html
2024-11-23,Avior Wealth Management LLC Makes New Investment in HDFC Bank Limited ( NYSE : HDB ),https://www.etfdailynews.com/2024/11/23/avior-wealth-management-llc-makes-new-investment-in-hdfc-bank-limited-nysehdb/
2024-10-20,India HDB Financial to raise up to $1 . 5bn in IPO - Business & Finance,https://www.brecorder.com/news/40328019/indias-hdb-financial-to-raise-up-to-15bn-in-ipo
2024-10-19,"How private lenders HDFC , Kotak Bank and RBL fared in July - September quarter",https://www.theweek.in/news/biz-tech/2024/10/19/how-private-lenders-hdfc-kotak-bank-and-rbl-fared-in-july-september-quarter.html
2024-10-22,"Private Banks : Weak Q2 , concerns over asset quality drag private banks",https://economictimes.indiatimes.com/markets/stocks/news/weak-q2-concerns-over-asset-quality-drag-private-banks/articleshow/114442589.cms
2024-10-19,HDFC Bank Q2 PAT up 5 % on higher NII - The Hindu BusinessLine,https://www.thehindubusinessline.com/money-and-banking/hdfc-bank-q2-pat-up-5-per-cent-on-higher-nii/article68773037.ece
2024-11-14,Firetrail Investments PTY Ltd . Grows Position in HDFC Bank Limited ( NYSE : HDB ),https://www.wkrb13.com/2024/11/14/firetrail-investments-pty-ltd-grows-position-in-hdfc-bank-limited-nysehdb.html
2024-11-13,Domestic Systemically Important Banks ( D - SIBs ) Why are these banks  Too Big To Fail ? | Business News,https://indianexpress.com/article/business/domestic-systemically-important-banks-d-sibs-banks-big-fail-9667745/
2024-11-24,"HDFC Bank puts Rs 12 , 000 crore car loans for sale",https://economictimes.indiatimes.com/industry/banking/finance/hdfc-bank-puts-rs-12000-crore-car-loans-for-sale/articleshow/115628303.cms
2024-10-04,"HDFC Bank Q2 Update : Deposits jump 15 % YoY , advances under management surge 8 %",https://economictimes.indiatimes.com/markets/stocks/news/hdfc-bank-q2-update-deposits-jump-15-yoy-advances-under-management-surge-8/articleshow/113925364.cms
2024-11-24,Eight of top - 10 most valued firms add over Rs 1 . 50 trillion,https://www.thestatesman.com/business/eight-of-top-10-most-valued-firms-add-over-rs-1-50-trillion-1503368452.html
2024-11-18,active stocks : Share market update : Most active stocks of the day in terms of total traded value,https://economictimes.indiatimes.com/markets/stocks/stock-watch/share-market-update-most-active-stocks-of-the-day-in-terms-of-total-traded-value/articleshow/115402359.cms
2024-11-19,active stocks : Share market update : Most active stocks of the day in terms of traded value,https://economictimes.indiatimes.com/markets/stocks/stock-watch/share-market-update-most-active-stocks-of-the-day-in-terms-of-traded-value/articleshow/115449929.cms
2024-11-22,active stocks : Share market update : Most active stocks of the day in terms of total traded value,https://economictimes.indiatimes.com/markets/stocks/stock-watch/share-market-update-most-active-stocks-of-the-day-in-terms-of-total-traded-value/articleshow/115553091.cms
2024-11-22,active stocks : Share market update : Most active stocks of the day in terms of traded value,https://economictimes.indiatimes.com/markets/stocks/stock-watch/share-market-update-most-active-stocks-of-the-day-in-terms-of-traded-value/articleshow/115566278.cms
2024-10-04,"HDFC Bank Shares Vacillate , Move From Red To Green After Q2 Update",https://www.freepressjournal.in/business/hdfc-bank-shares-vacillate-move-from-red-to-green-after-q2-update
2024-11-20,Almost all banks top Q2 estimates,https://www.financialexpress.com/business/banking-finance-almost-all-banks-top-q2-estimates-3670654/
2024-11-03,"Mcap of 6 of top - 10 most valued firms jump ₹1 lakh crore ; State Bank , ICICI Bank top gainers",https://www.thehindubusinessline.com/markets/mcap-of-6-of-top-10-most-valued-firms-jump-1-lakh-crore-state-bank-icici-bank-top-gainers/article68824948.ece
2024-12-15,Five out of 10 cos add over Rs 1 . 13 trillion last week,https://www.thestatesman.com/business/five-out-of-10-cos-add-over-rs-1-13-trillion-last-week-1503375989.html
2024-10-27,Mcap of nine of top - 10 most valued firms drops  Rs 2 lakh cr last week as markets tumble,https://www.dailyexcelsior.com/mcap-of-nine-of-top-10-most-valued-firms-drops-rs-2-lakh-cr-last-week-as-markets-tumble/
2024-11-05,"Mcap of most valued firms jumps , State Bank , ICICI Bank top gainers",https://www.dailypioneer.com/2024/business/mcap-of-most-valued-firms-jumps--state-bank--icici-bank-top-gainers.html
2024-12-30,"EQT , ChrysCapital - controlled Credila pre - files DRHP for IPO",https://www.vccircle.com:443/eqtchryscapital-controlled-credila-pre-files-drhp-for-ipo
2024-11-09,SBI delivers strong results . Is it still lagging competition ?,https://www.livemint.com/industry/banking/sbi-icici-hdfc-september-quarter-earnings-outlook-stock-performance-stock-market-11731131686007.html
2024-11-28,"Private sector banks securitise ₹40 , 000 cr of loans this fiscal",https://economictimes.indiatimes.com/industry/banking/finance/banking/private-sector-banks-securitise-40000-cr-of-loans-this-fiscal/articleshow/115779676.cms
2024-11-28,"Stocks To Watch : Vedanta , Godrej Properties , BoB , HDFC Bank , Biocon , NBCC , And Others",https://www.news18.com/business/markets/stocks-to-watch-vedanta-godrej-properties-bob-hdfc-bank-biocon-nbcc-and-others-9137817.html
2024-10-08,SEBI approves much awaited NSDL IPO,https://www.financialexpress.com/market/ipo-news-sebi-approves-much-awaited-nsdl-ipo-3633767/
2024-12-01,"Financial Counselors Inc . Invests $281 , 000 in HDFC Bank Limited ( NYSE : HDB )",https://theenterpriseleader.com/2024/12/01/financial-counselors-inc-invests-281000-in-hdfc-bank-limited-nysehdb.html
2024-10-23,Supreme Court quashes FIR against HDFC Bank officials for locker access despite IT Dept restraint,https://www.barandbench.com/news/supreme-court-quashes-fir-hdfc-bank-officials-locker-access-it-dept-restraint
2024-11-07,"M & G Plc Sells 14 , 835 Shares of HDFC Bank Limited ( NYSE : HDB )",https://www.themarketsdaily.com/2024/11/07/mg-plc-sells-14835-shares-of-hdfc-bank-limited-nysehdb.html
2024-12-09,active stocks : Share market update : Most active stocks of the day in terms of total traded value,https://economictimes.indiatimes.com/markets/stocks/stock-watch/share-market-update-most-active-stocks-of-the-day-in-terms-of-total-traded-value/articleshow/116126773.cms
2024-11-29,"Sensex , Nifty bounce back after sharp correction in previous trade",https://www.thehindu.com/business/markets/sensex-nifty-bounce-back-after-sharp-correction-in-previous-trade/article68925947.ece
2024-11-10,River Global Investors LLP Raises Stock Position in HDFC Bank Limited ( NYSE : HDB ),https://www.themarketsdaily.com/2024/11/10/river-global-investors-llp-raises-stock-position-in-hdfc-bank-limited-nysehdb.html
2024-10-19,"HDFC Bank Net Profit Up 5 Per Cent To Rs 16 , 820 Crore In Q2 | Economy News",https://zeenews.india.com/economy/hdfc-banks-net-profit-up-5-per-cent-to-rs-16820-crore-in-q2-2809123.html
2024-12-01,Timber Creek Capital Management LLC Buys 381 Shares of HDFC Bank Limited ( NYSE : HDB ),https://www.wkrb13.com/2024/12/01/timber-creek-capital-management-llc-buys-381-shares-of-hdfc-bank-limited-nysehdb.html
2024-12-11,"Navi Mumbai : HDFC Bank Leases 8 - Storey Mindspace Business Parks Tower In Airoli West For 10 Years , Set To Pay ₹320 Crore Rent",https://www.freepressjournal.in/mumbai/navi-mumbai-hdfc-bank-leases-8-storey-mindspace-business-parks-tower-in-airoli-west-for-10-years-set-to-pay-320-crore-rent
2024-11-28,Black Friday Sale Is Here !!: These Are Some Of The Exciting Offers Available Online,https://www.freepressjournal.in/business/black-friday-sale-is-here-these-are-some-of-the-exciting-offers-available-online
2024-11-08,Fiera Capital Corp Reduces Stake in HDFC Bank Limited ( NYSE : HDB ),https://www.themarketsdaily.com/2024/11/08/fiera-capital-corp-reduces-stake-in-hdfc-bank-limited-nysehdb.html
2024-10-07,HDFC Bank ( NYSE : HDB ) Upgraded at StockNews . com,https://www.kopsource.com/2024/10/07/hdfc-bank-nysehdb-upgraded-at-stocknews-com.html
2024-12-13,What the big 10 fund houses bought and sold in November 2024,https://www.indiainfoline.com/blog/what-the-big-10-fund-houses-bought-and-sold-in-november-2024
2024-11-28,"Nifty Private Bank Index : Is HDFC Bank signalling more than what is visible ? 6 private sector bank stocks , 4 of which may give returns above 26 % in 1 year",https://economictimes.indiatimes.com/markets/stocks/news/is-hdfc-bank-signalling-more-than-what-is-visible-6-private-sector-bank-stocks-4-of-which-may-give-returns-above-26-in-1-year/articleshow/115756868.cms
2024-11-13,active stocks : Share market update : Most active stocks of the day in terms of total traded value,https://economictimes.indiatimes.com/markets/stocks/stock-watch/share-market-update-most-active-stocks-of-the-day-in-terms-of-total-traded-value/articleshow/115240279.cms
2024-10-16,Vontobel Holding Ltd . Decreases Holdings in HDFC Bank Limited ( NYSE : HDB ),https://www.modernreaders.com/news/2024/10/16/vontobel-holding-ltd-decreases-holdings-in-hdfc-bank-limited-nysehdb.html
2024-11-19,"Sensex , Nifty rebound after days of downtrend",https://www.rediff.com/business/report/sensex-nifty-rebound-after-days-of-downtrend/20241119.htm
2024-12-04,HDFC Bank ( NYSE : HDB ) Reaches New 12 - Month High – Here Why,https://theenterpriseleader.com/2024/12/04/hdfc-bank-nysehdb-reaches-new-12-month-high-heres-why.html
2024-12-16,Home Loans : Home loans drive Indian bank retail books,https://economictimes.indiatimes.com/industry/banking/finance/banking/home-loans-drive-banks-retail-books/articleshow/116350869.cms
2024-11-07,"MSCI November Rejig : Voltas , BSE , Alkem Labs among five inclusions , HDFC Bank weightage set to go up",https://www.moneycontrol.com/news/business/markets/msci-november-rejig-voltas-bse-alkem-labs-among-five-inclusions-hdfc-banks-weightage-set-to-go-up-12859883.html
2024-10-23,Signaturefd LLC Purchases 914 Shares of HDFC Bank Limited ( NYSE : HDB ),https://www.tickerreport.com/banking-finance/12661377/signaturefd-llc-purchases-914-shares-of-hdfc-bank-limited-nysehdb.html
2024-11-29,"Private Banks Securitize Rs 40 , 000 Cr Loans",https://www.indiainfoline.com/news/banks/private-banks-securitize-rs-40000-cr-loans
2024-10-21,"Mid - day Mood | Sensex , Nifty in red amid heavy selling in IT , FMCG ; India VIX up 7 %",https://www.moneycontrol.com/news/business/markets/mid-day-mood-sensex-nifty-in-red-amid-heavy-selling-in-it-fmcg-india-vix-up-7-12846379.html
2024-12-31,Jefferie Chris Wood trims 4 stocks to bring back HDFC Bank - Market News,https://www.financialexpress.com/market/jefferies-chris-wood-trims-4-stocks-to-bring-back-hdfc-bank-3703858/
2024-12-27,"HDFC Bank , LIC , DLF , Senco Gold and 2 other stocks to buy for solid gains in 2025",https://www.businesstoday.in/markets/stocks/story/hdfc-bank-lic-dlf-senco-gold-and-2-other-stocks-to-buy-for-solid-gains-in-2025-458676-2024-12-27
2024-10-13,"Northcape Capital Pty Ltd Sells 99 , 073 Shares of HDFC Bank Limited ( NYSE : HDB )",https://www.modernreaders.com/news/2024/10/13/northcape-capital-pty-ltd-sells-99073-shares-of-hdfc-bank-limited-nysehdb.html
2024-11-18,Mukesh Ambani loses Rs 220000000000 in four days due to ...,https://www.india.com/business/mukesh-ambani-reliance-industries-loses-rs-220000000000-in-four-days-due-to-fall-in-stock-market-7400294/
2024-12-19,"OnePlus 12 can be yours at only Rs 50 , 175 : How to get this deal",https://www.digit.in/news/mobile-phones/oneplus-12-can-be-yours-at-only-rs-50175-how-to-get-this-deal.html
2024-11-10,"Mukesh Ambani loses Rs 74563 crore in 5 days , Reliance emerges as biggest ...",https://www.dnaindia.com/business/report-mukesh-ambani-loses-rs-74563-crore-in-5-days-reliance-emerges-as-biggest-laggard-in-share-market-3117266
2024-12-04,active stocks : Share market update : Most active stocks of the day in terms of total traded value,https://economictimes.indiatimes.com/markets/stocks/stock-watch/share-market-update-most-active-stocks-of-the-day-in-terms-of-total-traded-value/articleshow/115959571.cms
2024-12-06,active stocks : Share market update : Most active stocks of the day in terms of total traded value,https://economictimes.indiatimes.com/markets/stocks/stock-watch/share-market-update-most-active-stocks-of-the-day-in-terms-of-total-traded-value/articleshow/116029797.cms
2024-12-05,Buy HDFC Bank ; target of Rs 2000 : Emkay Global Financial,https://www.moneycontrol.com/news/business/stocks/buy-hdfc-bank-target-of-rs-2000-emkay-global-financial-2-12884065.html
2024-12-16,Daily Voice : Narnolia Shailendra Kumar explains why HDFC Bank remains a top contrarian investment opportunity,https://www.moneycontrol.com/news/business/markets/daily-voice-narnolia-s-shailendra-kumar-explains-why-hdfc-bank-remains-a-top-contrarian-investment-opportunity-12890491.html
2024-10-17,HDFC Bank Limited ( NYSE : HDB ) Stock Holdings Increased by Rheos Capital Works Inc .,https://www.wkrb13.com/2024/10/17/hdfc-bank-limited-nysehdb-stock-holdings-increased-by-rheos-capital-works-inc.html
2024-10-08,active stocks : Share market update : Most active stocks of the day in terms of total traded value,https://economictimes.indiatimes.com/markets/stocks/stock-watch/share-market-update-most-active-stocks-of-the-day-in-terms-of-total-traded-value/articleshow/114033382.cms
2024-10-08,Sensex rebounds 584 points on gains in bluechip stocks,https://www.tribuneindia.com/news/business/sensex-rebounds-584-points-on-gains-in-bluechip-stocks/
2024-10-14,active stocks : Share market update : Most active stocks of the day in terms of traded value,https://economictimes.indiatimes.com/markets/stocks/stock-watch/share-market-update-most-active-stocks-of-the-day-in-terms-of-traded-value/articleshow/114218536.cms
2024-10-16,active stocks : Share market update : Most active stocks of the day in terms of traded value,https://economictimes.indiatimes.com/markets/stocks/stock-watch/share-market-update-most-active-stocks-of-the-day-in-terms-of-traded-value/articleshow/114284731.cms
2024-11-28,"Business News | Sensex Tumbles Nearly 1 , 200 Pts to Slip Below 80k ; Nifty Drops 360 Pts as Heavyweights Drag",https://www.latestly.com/quickly/business/sensex-tumbles-nearly-1-200-pts-to-slip-below-80k-nifty-drops-360-pts-as-heavyweights-drag-6452157.html
2024-11-23,"Maharashtra Election Result : RVNL , IRFC , LT to SBI experts recommend these 10 stocks to buy on Monday . Here why",https://www.livemint.com/market/stock-market-news/maharashtra-election-result-rvnl-irfc-lt-to-sbi-experts-recommend-these-10-stocks-to-buy-on-monday-heres-why-11732346585710.html
2024-12-13,"Nifty 2025 target at 26 , 300 , Bharti Airtel and HDFC Bank among top 26 stock picks : ICICI Securities",https://economictimes.indiatimes.com/markets/stocks/news/nifty-2025-target-at-26300-bharti-airtel-and-hdfc-bank-among-top-26-stock-picks-icici-securities/articleshow/116293881.cms
2024-12-11,"This is India most - valuable business group , not Mukesh Ambani Relaince or Adani Group , its mcap is Rs ...",https://www.dnaindia.com/business/report-tata-group-is-india-s-most-valuable-business-group-not-mukesh-ambani-s-relaince-or-adani-group-3121822
2024-12-04,"Sensex Today | Stock Market LIVE Updates : Opening Bell : Sensex rises marginally , Nifty above 24 , 450 ; Swiggy climbs 5 %, HAL 2 %",https://economictimes.indiatimes.com/markets/stocks/live-blog/bse-sensex-today-live-nifty-stock-market-updates-04-december-2024/liveblog/115954333.cms
2024-11-03,"Six most - valued s add Rs 1 . 07 lakh crore in combined valuation ; SBI , ICICI Bank top gainers",https://www.businesstoday.in/markets/stocks/story/six-most-valued-s-add-rs-107-lakh-crore-in-combined-valuation-sbi-icici-bank-top-gainers-452353-2024-11-03
2024-11-02,HDB Financial Services IPO : Two concerns that could hurt the HDFC Bank subsidiary valuation,https://www.livemint.com/companies/hdb-financial-services-ipo-hdfc-bank-nbfc-lenders-rbi-regulations-bad-loans-unsecured-loans-11730460090256.html
2024-12-09,"Zaggle Prepaid shares hit upper circuit of 5 %, mcap nears Rs 7 , 000 crore",https://www.businesstoday.in/markets/company-stock/story/zaggle-prepaid-shares-hit-upper-circuit-mcap-nears-rs-7000-crore-456697-2024-12-09
2024-12-20,stock market outlook 2025 : What should you do with HDFC Bank and Reliance in 2025 ? Sandip Sabharwal answers,https://economictimes.indiatimes.com/markets/expert-view/what-should-you-do-with-hdfc-bank-and-reliance-in-2025-sandip-sabharwal-answers/articleshow/116473026.cms
2024-12-03,HDFC Bank Shares Surge 2 % After Block Deal,https://www.indiainfoline.com/news/banks/hdfc-bank-shares-surge-2-after-block-deal
2024-10-19,"Top Events On October 19 : HDFC Q2FY2025 And Kotak Mahindra Bank Results , IBPS PO Prelims Exam Admit Card And More",https://menafn.com/1108796682/Top-Events-On-October-19-HDFC-Q2FY2025-And-Kotak-Mahindra-Bank-Results-IBPS-PO-Prelims-Exam-Admit-Card-And-More
2024-12-23,Markets stage sharp recovery after five days of fall ; Sensex climbs 500 points,https://www.thehindu.com/business/markets/markets-stage-sharp-recovery-after-five-days-of-fall-sensex-climbs-500-points/article69018711.ece
2024-10-04,Rewards credit cards : Which rewards cards offer the best value for your spending habits ? Check details here,https://www.livemint.com/money/personal-finance/rewards-credit-cards-which-rewards-cards-offer-the-best-value-for-your-spending-habits-details-here-hdfc-icici-axis-11727978447264.html
2024-12-17,"Markets decline in early trade dragged by Reliance , HDFC Bank ; caution ahead of US Fed rate decision",https://www.dailypioneer.com/2024/business/markets-decline-in-early-trade-dragged-by-reliance--hdfc-bank--caution-ahead-of-us-fed-rate-decision.html
2024-11-10,This Tata company earns Rs 570000000000 in just five days ; big blow to Mukesh Ambani as Reliance loses …,https://www.dnaindia.com/business/report-this-tata-company-earns-rs-570000000000-in-just-five-days-big-blow-to-mukesh-ambani-as-reliance-loses-3117311
2024-11-25,"MSCI November Rejig : Indian equities to see $2 . 5 billion in inflows , spotlight on HDFC Bank",https://www.moneycontrol.com/news/business/markets/msci-november-rejig-indian-equities-to-see-2-5-billion-in-inflows-spotlight-on-hdfc-bank-12874603.html
2024-12-03,"Sensex , Nifty rally for 3rd day propelled by buying in blue - chip stocks , firm global peers",https://www.thehindu.com/business/markets/sensex-nifty-rally-for-3rd-day-propelled-by-buying-in-blue-chip-stocks-firm-global-peers/article68942018.ece
2024-11-21,Lending rates : Top 5 banks charge these MCLR across tenures on floating rate loans,https://www.livemint.com/money/personal-finance/lending-rates-top-5-banks-charge-these-mclr-on-their-loans-home-loans-floating-rates-11732176557375.html
2024-10-19,"HDFC Bank to sell up to Rs 10 , 000 cr shares via OFS in HDB Financial upcoming IPO | MorungExpress",https://morungexpress.com/hdfc-bank-to-sell-up-to-rs-10000-cr-shares-via-ofs-in-hdb-financials-upcoming-ipo
2024-12-30,"Market Wrap : Banks , auto stocks drag D - St lower , Sensex ends 451 points lower , Nifty below 23 , 650",https://economictimes.indiatimes.com/markets/stocks/news/market-wrap-banks-auto-stocks-drag-d-st-lower-sensex-ends-451-points-lower-nifty-below-23650/articleshow/116797263.cms
2024-11-03,"Mcap of 6 of Top - 10 Most Valued Firms Jump Rs 1 Lakh Crore ; State Bank , ICICI Bank Top Gainers",https://www.news18.com/business/markets/mcap-of-6-of-top-10-most-valued-firms-jump-rs-1-lakh-crore-state-bank-icici-bank-top-gainers-9107736.html
2024-12-12,"NTPC Green Energy , Zomato , Swiggy , Trent , BEL , PNB among stocks that MFs bought in Nov",https://www.businesstoday.in/markets/stocks/story/ntpc-green-energy-zomato-swiggy-trent-bel-pnb-among-stocks-that-mfs-bought-in-nov-457035-2024-12-12
2024-10-21,Safeguarding India Fragile Ecosystems Through Sustainable Tourism,https://www.news18.com/lifestyle/safeguarding-indias-fragile-ecosystems-through-sustainable-tourism-9093822.html
2024-12-28,"Credila Financial Services plans to raise ₹5 , 000 cr via IPO",https://www.thehindubusinessline.com/markets/credila-financial-services-plans-to-raise-5000-cr-via-ipo/article69036661.ece
2024-11-15,"SBI , HDFC Bank and ICICI Bank are India 3 best banks , says RBI",https://article.wn.com/view/2024/11/15/SBI_HDFC_Bank_and_ICICI_Bank_are_Indias_3_best_banks_says_RB/
2024-11-30,"RBI to keep repo rate unchanged at meeting next week , chances of rate cut in ...",https://article.wn.com/view/2024/11/30/RBI_to_keep_repo_rate_unchanged_at_meeting_next_week_chances_3/
2024-10-05,Deposits outpace loans in relief for private banks,https://www.livemint.com/industry/banking/deposits-loans-credit-growth-private-banks-hdfc-pnb-bob-yes-bank-south-indian-bank-normalization-casa-11728047707887.html
2024-12-12,Sebi warns HDFC Bank over non - compliance in investment banking activities ; stock down,https://economictimes.indiatimes.com/markets/stocks/news/sebi-warns-hdfc-bank-over-non-compliance-in-investment-banking-activities-stock-down/articleshow/116245561.cms
2024-12-12,"Vivo X200 And Vivo X200 Pro Launched In India With 200MP Zeiss Camera ; Check Specs , Price And Offers",https://zeenews.india.com/technology/vivo-x200-and-vivo-x200-pro-india-launch-amazon-flipkart-with-200mp-zeiss-camera-check-specs-price-and-offers-2830953.html
2024-12-17,"Markets decline in early trade dragged by Reliance , HDFC Bank ; caution ahead of U . S . Fed rate decision",https://www.thehindu.com/business/markets/markets-decline-in-early-trade-dragged-by-reliance-hdfc-bank-caution-ahead-of-us-fed-rate-decision/article68994588.ece
2024-12-17,"Stock Market Updates : Sensex Drops 351 Points , Nifty Below 24 , 600",https://www.news18.com/business/markets/stock-market-today-live-india-sensex-nifty-50-bse-nse-9158665.html
2024-10-03,"Sensex tumbles 1 , 769 points as Middle East conflict deepens",https://www.rediff.com/business/report/sensex-tumbles-1769-points-as-middle-east-conflict-deepens/20241003.htm
2024-11-05,Share Market : Sensex extends losses to 2nd session ; Nifty below 24k mark,https://economictimes.indiatimes.com/markets/stocks/news/sensex-extends-losses-to-2nd-session-nifty-below-24k-mark/articleshow/114964549.cms
2024-10-21,Bank Nifty rebound : A signal for market outperformance ?,https://www.livemint.com/market/stock-market-news/bank-nifty-hdfc-bank-axix-bank-kotak-mahindra-bank-stock-markets-f-o-traders-open-interest-11729480906719.html
2024-11-07,"MSCI November rejig : BSE , Voltas among 5 inclusions ; India to gain $2 . 5 billion in passive flows",https://economictimes.indiatimes.com/markets/stocks/news/msci-november-rejig-bse-kalyan-jewellers-voltas-among-5-inclusions-india-to-gain-2-5-billion-in-passive-flows/articleshow/115037935.cms
2024-11-19,"Sensex , Nifty rebound after days of downtrend",https://www.thehindu.com/business/markets/sensex-nifty-rebound-after-days-of-downtrend/article68885633.ece
2024-11-19,"Sensex , Nifty Rebound After Days Of Downtrend ; Rally In Blue - Chip Stocks",https://zeenews.india.com/economy/sensex-nifty-rebound-after-days-of-downtrend-rally-in-blue-chip-stocks-2822008.html
2024-12-04,"Stock Market : HDFC Bank , L & T lift Sensex over 100 points higher , Nifty above 24 , 450",https://economictimes.indiatimes.com/markets/stocks/news/hdfc-bank-lt-lift-sensex-over-100-points-higher-nifty-above-24450/articleshow/115957076.cms
2024-12-02,"PlayStation 5 drops below Rs 35 , 000 on Amazon and Flipkart , here how to get the deal",https://www.moneycontrol.com/technology/playstation-5-drops-below-rs-35000-on-amazon-and-flipkart-heres-how-to-get-the-deal-article-12881208.html
2024-12-01,"Market cap of top 9 firms rise , LIC , HDFC Bank lead the pack",https://www.financialexpress.com/market/market-cap-of-top-9-firms-rise-lic-hdfc-bank-lead-the-pack-3681351/
2024-12-18,"Market Wrap : Sensex slips 500 pts , Nifty ends below 24 , 200 as Fed rate cut worries extend sell - off",https://economictimes.indiatimes.com/markets/stocks/news/market-wrap-sensex-slips-500-pts-nifty-ends-below-24200-as-fed-rate-cut-worries-extend-sell-off/articleshow/116434792.cms
2024-10-28,ICICI Bank beats sector headwinds with robust Q2,https://www.livemint.com/market/mark-to-market/icici-bank-beats-banking-sector-headwinds-with-robust-q2-markets-11730025153681.html
2024-10-27,Failure To Consider Counsel Medical Condition And Passing Ex - Parte Order Violates Natural Justice Warrants Setting Aside Appellate Authority Order : Kerala HC,https://www.livelaw.in/labour-service/failure-to-consider-counsels-medical-condition-passing-ex-parte-order-violates-natural-justice-warrants-setting-aside-appellate-authoritys-order-kerala-hc-273679
2024-10-14,"Sensex Today | Stock Market LIVE Updates : Sensex jumps over 300 pts , Nifty above 25K ; DMart tanks 8 %, Wipro gains 3 %",https://economictimes.indiatimes.com/markets/stocks/live-blog/bse-sensex-today-live-nifty-stock-market-updates-14-october-2024/liveblog/114200444.cms
2024-10-16,"Loan interest rates October 2024 : Check latest lending rates of HDFC Bank , SBI , PNB , YES Bank , Bank of Baroda , IDBI Bank",https://economictimes.indiatimes.com/wealth/borrow/loan-interest-rates-october-2024-check-latest-lending-rates-of-hdfc-bank-sbi-pnb-yes-bank-bank-of-baroda-idbi-bank/articleshow/114271311.cms
2024-12-01,Mcap of nine of top - 10 most valued firms surges Rs 2 . 29 lakh cr ; LIC biggest winner,https://economictimes.indiatimes.com/markets/stocks/news/mcap-of-nine-of-top-10-most-valued-firms-surges-rs-2-29-lakh-cr-lic-biggest-winner/articleshow/115860687.cms
2024-12-02,"Sensex , Nifty decline in early trade amid disappointing macroeconomic data",https://www.thehindu.com/business/sensex-nifty-decline-in-early-trade-amid-disappointing-macroeconomic-data/article68937181.ece
2024-12-03,"Markets rally for 3rd day propelled by buying  in blue - chip stocks , firm global peers",https://www.dailyexcelsior.com/markets-rally-for-3rd-day-propelled-by-buying-in-blue-chip-stocks-firm-global-peers/
2024-12-08,"Mcap of six of top - 10 most valued firms surges Rs 2 . 03 lakh crore , TCS biggest winner",https://www.prokerala.com/news/articles/a1588292.html
2024-12-01,Mcap of nine of top - 10 most valued firms surges ₹2 . 29 lakh crore ; LIC biggest gainer,https://www.thehindubusinessline.com/markets/mcap-of-nine-of-top-10-most-valued-firms-surges-229-lakh-crore-lic-biggest-winner/article68934045.ece
2024-12-01,Mcap of 9 of top - 10 most valued firms surges Rs 2 . 29 lakh crore ; LIC biggest winner,https://www.tribuneindia.com/news/business/mcap-of-9-of-top-10-most-valued-firms-surges-rs-2-29-lakh-crore-lic-biggest-winner/
2025-11-12,How to redeem HDFC credit card reward points for travel ? A complete guide,https://www.livemint.com/money/personal-finance/how-to-redeem-hdfc-credit-card-reward-points-for-travel-a-complete-guide-11762931451984.html
2025-10-06,Is HDFC Bank poised for 13 % jump in 1 year ? Find out what driving Nomura bullish call - Market News,https://www.financialexpress.com/market/is-hdfc-bank-poised-for-13-jump-in-1-year-find-out-whats-driving-nomuras-bullish-call-3999888/
2025-10-20,HDFC Bank soars 1 . 5 %: 3 reasons why Nuvama predicts another 17 % upside,https://www.financialexpress.com/market/hdfc-bank-soars-1-5-3-reasons-why-nuvama-predicts-another-17-upside-4016176/
2025-10-08,"HDFC Bank credit card offers Rs 6 , 000 instant discount on these Air India flights ; check eligibility criteria and promo code",https://economictimes.indiatimes.com/wealth/save/hdfc-bank-credit-card-offers-rs-6000-instant-discount-on-these-air-india-flights-check-eligibility-criteria-and-promo-code/articleshow/124376583.cms
2025-12-16,RBI Allows HDFC Bank Group To Raise Aggregate Stake In IndusInd Bank To 9 . 5 %,https://www.news18.com/business/markets/rbi-allows-hdfc-bank-group-to-raise-aggregate-stake-in-indusind-bank-to-9-5-stocks-in-focus-ws-l-9772201.html
2025-10-18,"HDFC Bank Q2 Results 2025 LIVE : Net profit , NII likely to see muted growth , margin to get hit amid repo rate cut",https://www.livemint.com/market/stock-market-news/hdfc-bank-q2-results-2025-live-updates-hdfc-quarterly-results-today-net-profit-share-price-q2-fy26-18-september-11760773952136.html
2025-12-17,HDFC gets RBI nod to hike stake in IndusInd Bank to 9 . 5 %,https://timesofindia.indiatimes.com/business/india-business/hdfc-gets-rbi-nod-to-hike-stake-in-indusind-bank-to-9-5/articleshow/126028559.cms
2025-12-16,IndusInd Bank shares : HDFC Bank gets RBI nod to buy aggregate holding of up to 9 . 5 %,https://www.businesstoday.in/markets/stocks/story/indusind-bank-shares-hdfc-bank-gets-rbi-nod-to-buy-aggregate-holding-of-up-to-95-506750-2025-12-16
2025-11-24,HDFC Bank inches up as Macquarie upbeat view lifts sentiment ; stock gives up intraday gains,https://www.moneycontrol.com/news/business/stocks/hdfc-bank-inches-up-as-macquarie-s-upbeat-view-lifts-sentiment-stock-gives-up-intraday-gains-13693161.html
2025-12-16,HDFC Bank gets RBI nod to hold up to 9 . 5 % in IndusInd Bank,https://timesofindia.indiatimes.com/business/india-business/hdfc-bank-gets-rbi-nod-to-hold-up-to-9-5-in-indusind-bank/articleshow/126006000.cms
2025-12-16,HDFC Bank Gets Green Signal From RBI To Hold 9 . 5 % In IndusInd Bank,https://www.newsx.com/business/hdfc-bank-gets-green-signal-from-rbi-to-hold-95-in-indusind-bank-hdfc-share-price-128999/
2025-12-16,HDFC Bank gets RBI nod to raise holding in IndusInd Bank up to 9 . 5 %,https://news.webindia123.com/news/Articles/Business/20251216/4394965.html
2025-12-21,"HDFC Bank Changes Debit Card Lounge Access Rules ; Voucher System , Higher Spend From Jan 10",https://www.news18.com/business/banking-finance/hdfc-bank-changes-debit-card-lounge-access-rules-voucher-system-higher-spend-from-jan-10-ws-el-9784010.html
2025-12-16,HDFC Bank gets RBI nod to raise holding in IndusInd Bank up to 9 . 5 %,https://aninews.in/news/business/hdfc-bank-gets-rbi-nod-to-raise-holding-in-indusind-bank-up-to-9520251216085819/
2025-12-23,"HDFC Bank spends Rs 1 , 068 crore in CSR during FY25",https://economictimes.indiatimes.com/industry/banking/finance/banking/hdfc-bank-spends-rs-1068-crore-in-csr-during-fy25/articleshow/126140062.cms
2025-10-03,HDFC Bank shares dip 0 . 6 % as brokerages stay bullish on private lenders,https://www.thehindubusinessline.com/markets/stock-markets/hdfc-bank-shares-dip-06-as-brokerages-stay-bullish-on-private-lenders/article70120480.ece
2025-10-20,"Why HDFC Bank , ICICI Bank shares are moving in opposing directions after quarterly results",https://www.hindustantimes.com/business/why-hdfc-bank-icici-bank-shares-are-moving-in-opposing-directions-after-quarterly-results-101760935610869.html
2025-10-29,HDFC Bank sends 2 employees on leave for lapses in Dubai,https://timesofindia.indiatimes.com/business/india-business/hdfc-bank-sends-2-employees-on-leave-for-lapses-in-dubai/articleshow/124886375.cms
2025-10-18,"HDFC Bank Q2 results : Profit rises 10 . 8 % YoY to Rs 18 , 641 crore ; NII up 4 . 8 %, margins dip slightly",https://www.financialexpress.com/business/banking-finance-hdfc-bank-q2-results-profit-rises-10-8-yoy-to-rs-18641-crore-nii-up-48-margins-dip-slightly-4014791/
2025-12-17,HDFC Bank cuts FD interest rates on deposits up to Rs 3 crore - Check the latest RoI,https://www.moneycontrol.com/news/business/personal-finance/hdfc-bank-cuts-fd-interest-rates-on-deposits-up-to-rs-3-crore-check-the-latest-roi-13730655.html
2025-11-06,4  Buy  recommendations by Jefferies with up to 17 % upside potential - Market News,https://www.financialexpress.com/market/jefferies-india-banking-outlook-icici-hdfc-indusind-pnb-among-top-buys-with-up-to-17-upside-4032875/
2025-10-19,"3 Private banks , 1 clear winner : A deep dive into the Q2 earnings battle",https://www.financialexpress.com/market/stock-insights/3-private-banks-1-clear-winner-a-deep-dive-into-the-q2-earnings-battle/4015009/
2025-10-20,HDFC Bank : Will this stock outperform peers post Q2 results ? Here are target prices,https://www.businesstoday.in/markets/stocks/story/hdfc-bank-will-this-stock-outperform-peers-post-q2-results-here-are-target-prices-498933-2025-10-20
2025-12-16,HDFC Bank gets 1 year RBI approval for up to 9 . 5 pc stake in IndusInd Bank,https://www.prokerala.com/news/articles/a1708068.html
2025-12-16,"HDFC Bank , IndusInd Bank shares slip after RBI clears HDFC group to hold up to 9 . 5 % in IndusInd",https://www.moneycontrol.com/news/business/stocks/hdfc-bank-indusind-bank-shares-slip-after-rbi-clears-hdfc-group-to-hold-up-to-9-5-in-indusind-13727248.html
2025-10-05,"HDFC Bank leads as seven of India top - 10 most valued firms gain Rs 74 , 573 cr in market cap - India News",https://www.financialexpress.com/india-news/hdfc-bank-leads-as-seven-of-indias-top-10-most-valued-firms-gain-rs-74573-cr-in-market-cap/3999023/
2025-11-21,HDFC Bank Overtakes TCS As India Most Valued Brand : Kantar Report,https://www.news18.com/business/hdfc-bank-overtakes-tcs-as-indias-most-valued-brand-kantar-report-ws-l-9721926.html
2025-12-23,"HDFC Bank declares spending Rs 1 , 068 . 03 crore on CSR activities in FY25",https://www.businesstoday.in/latest/corporate/story/hdfc-bank-declares-spending-rs-106803-crore-on-csr-activities-in-fy25-507886-2025-12-23
2025-10-20,"Markets say Happy Diwali : Nifty around 25 , 900 , Sensex jumps 500 points ; Reliance Industries up 2 . 7 %",https://www.financialexpress.com/market/markets-say-happy-diwali-nifty-around-25900-sensex-jumps-500-points-reliance-industries-up-2-7-4016144/
2025-12-16,HDFC Bank gets approval to acquire up to 9 . 5 % stake in IndusInd Bank,https://economictimes.indiatimes.com/industry/banking/finance/banking/hdfc-bank-gets-approval-to-acquire-up-to-9-5-stake-in-indusind-bank/articleshow/125993247.cms
2025-10-05,"Mcap of 7 of top - 10 most valued firms climbs ₹74 , 573 crore ; HDFC Bank biggest gainer",https://www.thehindu.com/business/Economy/mcap-of-7-of-top-10-most-valued-firms-climbs-74573-crore-hdfc-bank-biggest-gainer/article70127468.ece
2025-12-26,Arbitration Clause In Expired Lease Cannot Be Invoked In Dispute Over Alleged Fresh Contract : Calcutta High Court Dismisses HDFC Plea,https://www.livelaw.in/high-court/calcutta-high-court/arbitration-clause-in-expired-lease-cannot-be-invoked-in-dispute-over-alleged-fresh-contract-calcutta-high-court-dismisses-hdfcs-plea-514475
2025-10-20,"Markets Soar In Early Trade , Sensex Jumps Over 700 Points ; Global Trends & Fund Inflows Boost Sentiment",https://www.freepressjournal.in/business/markets-soar-in-early-trade-sensex-jumps-over-700-points-global-trends-fund-inflows-boost-sentiment
2025-10-28,HDFC Bank puts bankers on leave amid Credit Suisse bond probe,https://www.livemint.com/companies/news/hdfc-bank-puts-bankers-on-leave-amid-credit-suisse-bond-probe-11761640439869.html
2025-10-19,HDFC Bank doesnt see AI leading to layoffs : CEO,https://www.rediff.com/business/report/hdfc-bank-doesnt-see-ai-leading-to-layoffs-ceo/20251019.htm
2025-12-15,Swiggy Dineout and The Diners Club by HDFC Bank Join Hands to Bring The Diners Club Gourmet Edit : India Most Premium Dining Festival,https://www.thehindubusinessline.com/brandhub/pr-release/swiggy-dineout-and-the-diners-club-by-hdfc-bank-join-hands-to-bring-the-diners-club-gourmet-edit-indias-most-premium-dining-festival/article70397865.ece
2025-10-29,HDFC Bank puts senior executives on gardening leave after Dubai flags compliance lapses,https://gulfnews.com/business/banking/hdfc-bank-puts-senior-executives-on-gardening-leave-after-dubai-flags-compliance-lapses-1.500325332
2025-10-05,"Mcap of top 7 firms climbs Rs 74 , 573 crore ; HDFC Bank biggest gainer",https://www.tribuneindia.com/news/business/mcap-of-top-7-firms-climbs-rs-74573-crore-hdfc-bank-biggest-gainer/
2025-10-05,"Top Seven Firm Combined Market Valuation Rises ₹74 , 573 Crore ; HDFC Bank Leads Gains",https://www.freepressjournal.in/business/top-seven-firms-combined-market-valuation-rises-74573-crore-hdfc-bank-leads-gains
2025-12-13,Swiggy Dineout and The Diners Club by HDFC Bank Join Hands to Bring The Diners Club Gourmet Edit : India Most Premium Dining Festival,https://news.webindia123.com/news/Articles/Business/20251213/4394017.html
2025-10-20,HDFC Bank shares hit fresh high as Q2 results exceed expectations ; brokerages raise price targets,https://www.moneycontrol.com/news/business/markets/hdfc-bank-shares-hit-fresh-high-as-q2-results-exceed-expectations-brokerages-raise-price-targets-13624581.html
2025-12-02,"Shapoorji Pallonji Group to tap banks to refinance ₹2 , 000 - cr loan",https://economictimes.indiatimes.com/news/company/corporate-trends/shapoorji-pallonji-group-to-tap-banks-to-refinance-2000-cr-loan/articleshow/125725777.cms
2025-12-03,"Shapoorji Pallonji Group to tap banks to refinance ₹2 , 000 - cr loan",https://economictimes.indiatimes.com/markets/stocks/news/shapoorji-pallonji-group-to-tap-banks-to-refinance-2000-cr-loan/articleshow/125730919.cms
2025-10-27,"HDFC & Kotak Shine , IndusInd Stumbles : The big takeaways from Q2 bank results",https://www.financialexpress.com/market/stock-insights/hdfc-amp-kotak-shine-indusind-stumbles-the-big-takeaways-from-q2-bank-results/4022014/
2025-11-06,HDFC Bank Limited $HDB is Ovata Capital Management Ltd 4th Largest Position,https://www.dailypolitical.com/2025/11/06/hdfc-bank-limited-hdb-is-ovata-capital-management-ltds-4th-largest-position.html
2025-12-13,Swiggy Dineout and The Diners Club by HDFC Bank Join Hands to Bring The Diners Club Gourmet Edit : India Most Premium Dining Festival,https://aninews.in/news/business/swiggy-dineout-and-the-diners-club-by-hdfc-bank-join-hands-to-bring-the-diners-club-gourmet-edit-indias-most-premium-dining-festival20251213105707/
2025-12-18,HDFC New FD Rates 2025 : Private Lender Revises Interest On Fixed Deposits From December 17,https://www.news18.com/business/savings-and-investments/hdfc-new-fd-rates-2025-private-lender-revises-interest-on-fixed-deposits-from-december-17-ws-l-9777453.html
2025-12-17,RBI approves HDFC subsidiaries to buy 9 . 5 % stake in IndusInd Bank,https://finance.yahoo.com/news/rbi-approves-hdfc-subsidiaries-buy-115535109.html
2025-10-19,HDFC Bank doesnt see  AI leading to layoffs : CEO,https://www.dailyexcelsior.com/hdfc-bank-doesnt-see-ai-leading-to-layoffs-ceo/
2025-11-02,"Mcap of four of top 10 valued firms jumps by Rs 95 , 447 cr ; Reliance biggest gainer",https://www.moneycontrol.com/news/business/markets/mcap-of-four-of-top-10-valued-firms-jumps-by-rs-95-447-cr-reliance-biggest-gainer-13647208.html
2025-11-02,"Market cap of top 10 companies rise Rs 95 , 447 crore , RIL leads - Market News",https://www.financialexpress.com/market/market-cap-of-top-10-companies-rise-rs-95447-crore-ril-leads-4029263/
2025-11-30,"Mcap boost : 7 of top - 10 firms gain ₹96 , 201 cr , Reliance , Bajaj Finance lead chart",https://www.thehindubusinessline.com/markets/mcap-boost-7-of-top-10-firms-gain-96201-cr-reliance-bajaj-finance-lead-chart/article70341031.ece
2025-12-20,SBI vs HDFC Bank vs ICICI Bank : Compare Best FD Rates After RBI Repo Cut ; Where Should You Put Your Money ?,https://www.newsx.com/business/sbi-vs-hdfc-bank-vs-icici-bank-compare-best-fd-rates-after-rbi-repo-cut-where-should-you-put-your-money-131776/
2025-11-15,"HDFC Bank Rs 1 , 500 crore ex Gratia payout sounds generous but there catch in terms of taxes",https://www.businesstoday.in/personal-finance/tax/story/hdfc-banks-rs-1500-crore-ex-gratia-payout-sounds-generous-but-theres-catch-in-terms-of-taxes-502323-2025-11-15
2025-11-21,India Kotak Mahindra Bank announces first stock split in 15 years,https://www.marketscreener.com/news/india-s-kotak-mahindra-bank-announces-first-stock-split-in-15-years-ce7d5edfdb8cf52d
2025-12-28,"Top - 10 Valued Firms : SBI , Reliance , Bajaj Finance Lose Market Cap in BSE Weekly Wrap",https://www.thehindu.com/business/markets/sbi-reliance-top-10-firms-see-35439-crore-market-cap-drop/article70445762.ece
2025-10-26,Mcap of 7 of top 10 most valued firms jumps by ₹1 . 55 lakh crore,https://www.thehindubusinessline.com/markets/mcap-of-7-of-top-10-most-valued-firms-jumps-by-155-lakh-crore/article70204248.ece
2025-10-20,"Bank Nifty could extend record - breaking run on positive shows from HDFC Bank , ICICI Bank",https://www.moneycontrol.com/news/business/markets/bank-nifty-could-extend-record-breaking-run-on-positive-shows-from-hdfc-bank-icici-bank-13623943.html
2025-11-12,M & G PLC Grows Position in HDFC Bank Limited $HDB,https://www.themarketsdaily.com/2025/11/12/mg-plc-grows-position-in-hdfc-bank-limited-hdb.html
2025-11-15,Sustainable Growth Advisers LP Reduces Stake in HDFC Bank Limited $HDB,https://www.themarketsdaily.com/2025/11/15/sustainable-growth-advisers-lp-reduces-stake-in-hdfc-bank-limited-hdb.html
2025-11-12,HDFC Bank Limited $HDB Shares Sold by Tobam,https://www.themarketsdaily.com/2025/11/12/hdfc-bank-limited-hdb-shares-sold-by-tobam.html
2025-10-18,"HDFC Bank Q2 PAT up 11 % on stable NII , other income - The Hindu BusinessLine",https://www.thehindubusinessline.com/money-and-banking/hdfc-bank-q2-pat-up-11-on-stable-nii-other-income/article70179583.ece
2025-10-04,Indian private banks report robust net advances growth ahead of Q2 FY26 earnings,https://english.mathrubhumi.com/news/money/indian-banks-q2-fy26-advance-growth-kgqnk5f2
2025-10-19,Market valuation of 7 of top - 10 firms surges by Rs 2 . 16 lakh crore last week,https://www.thestatesman.com/india/market-valuation-of-7-of-top-10-firms-surges-by-rs-2-16-lakh-crore-last-week-1503501046.html
2025-11-09,"Mcap of 7 of top - 10 most valued firms erodes by ₹88 , 635 cr ; Airtel , TCS biggest laggards",https://www.thehindubusinessline.com/markets/mcap-of-7-of-top-10-most-valued-firms-erodes-by-88635-cr-airtel-tcs-biggest-laggards/article70258775.ece
2025-10-18,"HDFC Bank Q2 Results : Net Profit Rises 10 . 8 % YoY To Rs 18 , 641 Crore , NII Up 4 . 8 %",https://www.news18.com/business/banking-finance/hdfc-bank-q2-results-net-profit-rises-11-yoy-to-rs-18641-crore-nii-up-5-9644970.html
2025-10-20,HDFC & ICICI banks go slow on retail loans - The Times of India,https://timesofindia.indiatimes.com/business/india-business/hdfc-icici-banks-go-slow-on-retail-loans/articleshow/124710415.cms
2025-10-26,"Masterstroke by Mukesh Ambani as Reliance earns Rs 466870000000 in a week due to ..., Ratan Tata TCS also makes ...",https://www.india.com/business/reliance-market-cap-masterstroke-by-mukesh-ambani-as-reliance-industries-earns-rs-466870000000-in-a-week-due-to-stock-market-ratan-tata-tcs-also-makes-profit-tcs-market-cap-8150432/
2025-10-23,"Private bank stock with zero promoter stake rises for sixth session , trading near record high ; what next ?",https://www.businesstoday.in/markets/stocks/story/hdfc-bank-stock-price-target-zero-promoter-stake-trading-near-record-high-499283-2025-10-23
2025-12-28,"Mcap of 7 of top - 10 most valued firms declines by Rs 35 , 439 cr ; SBI biggest laggard",https://www.moneycontrol.com/news/business/mcap-of-7-of-top-10-most-valued-firms-declines-by-rs-35-439-cr-sbi-biggest-laggard-13745420.html
2025-12-27,F & O Query : Analysis Of Coforge Futures And HDFC Bank Options,https://www.thehindubusinessline.com/portfolio/commodity-analysis/fampo-query-analysis-of-coforge-futures-and-hdfc-bank-options/article70442855.ece
2025-12-28,"Mcap of 7 of top - 10 most valued firms declines by ₹35 , 439 crore ; SBI biggest laggard",https://www.thehindubusinessline.com/markets/mcap-of-7-of-top-10-most-valued-firms-declines-by-35439-crore-sbi-biggest-laggard/article70445780.ece
2025-10-02,Robeco Institutional Asset Management B . V . Has $355 . 59 Million Stock Holdings in HDFC Bank Limited $HDB,https://www.dailypolitical.com/2025/10/02/robeco-institutional-asset-management-b-v-has-355-59-million-stock-holdings-in-hdfc-bank-limited-hdb.html
2025-10-23,Federal Bank vs . IDFC First : Why slower growth might be the smarter play,https://www.financialexpress.com/market/stock-insights/federal-bank-vs-idfc-first-why-slower-growth-might-be-the-smarter-play/4018135/
2025-11-16,"Mcap : 8 of top - 10 valued firms jump ₹2 . 05 lakh crore ; Bharti Airtel , RIL major winners",https://www.thehindubusinessline.com/markets/mcap-8-of-top-10-valued-firms-jump-205-lakh-crore-bharti-airtel-ril-major-winners/article70286490.ece
2025-11-09,"Mcap of 7 of top - 10 most valued firms erodes by Rs 88 , 635 cr ; Airtel , TCS biggest laggards",https://economictimes.indiatimes.com/markets/stocks/news/mcap-of-7-of-top-10-most-valued-firms-erodes-by-rs-88635-cr-airtel-tcs-biggest-laggards/articleshow/125197465.cms
2025-12-19,HDFC Bank Tightens Debit Card Lounge Perks From January,https://www.moneycontrol.com/news/business/personal-finance/hdfc-bank-tightens-debit-card-lounge-perks-13733971.html
2025-10-29,HDFC Bank benched executives amid regulatory fallout,https://www.financialexpress.com/business/banking-finance-hdfc-bank-benched-executives-amid-regulatory-fallout-4024781/
2025-12-28,"PineStone Asset Management Inc . Acquires 4 , 089 , 267 Shares of HDFC Bank Limited $HDB",https://www.tickerreport.com/banking-finance/13303175/pinestone-asset-management-inc-acquires-4089267-shares-of-hdfc-bank-limited-hdb.html
2025-11-14,What the big 10 fund houses bought and sold in October 2025,https://www.indiainfoline.com/blog/what-the-big-10-fund-houses-bought-and-sold-in-october-2025
2025-11-09,"Market Cap Of Seven Top Companies Falls By ₹88 , 635 Crore As Bharti Airtel , TCS Lead Weekly Declines",https://www.freepressjournal.in/business/market-cap-of-seven-top-companies-falls-by-88635-crore-as-bharti-airtel-tcs-lead-weekly-declines
2025-12-19,FD Interest Rates 2025 : 7 Banks Offering The Highest Returns On Long - Term Deposits,https://www.newsx.com/business/fd-interest-rates-2025-7-banks-offering-the-highest-returns-on-long-term-deposits-details-inside-131019/
2025-11-09,"Valuation of 7 of top 10 firms erodes by over Rs 88 , 000 crore in holiday - shortened week",https://www.thestatesman.com/business/valuation-of-7-of-top-10-firms-erodes-by-over-rs-88000-crore-in-holiday-shortened-week-1503509549.html
2025-11-26,"Day Trading Guide for November 26 , 2025 : Intraday supports , resistances for Nifty50 stocks",https://www.thehindubusinessline.com/portfolio/day-trading-guide/day-trading-guide-for-november-26/article70321503.ece
2025-10-25,Delhi State Consumer Commission Orders SBI To Compensate Customer For Wrongly Bounced Car Loan Cheques,https://www.livelaw.in/consumer-cases/delhi-state-consumer-commission-orders-sbi-to-compensate-customer-for-wrongly-bounced-car-loan-cheques-307786
2025-10-05,"Seven of top 10 firms climb over Rs 74 , 000 crore ; HDFC Bank emerges as biggest gainer",https://www.thestatesman.com/business/seven-of-top-10-firms-climb-over-rs-74000-crore-hdfc-bank-emerges-as-biggest-gainer-1503495146.html
2025-12-25,Vontobel Holding Ltd . Has $10 . 94 Million Holdings in HDFC Bank Limited $HDB,https://www.themarketsdaily.com/2025/12/25/vontobel-holding-ltd-has-10-94-million-holdings-in-hdfc-bank-limited-hdb.html
2025-11-23,"Mcap of 7 of top - 10 most valued firms surges Rs 1 . 28 lakh cr ; RIL , Airtel biggest gainers",https://economictimes.indiatimes.com/markets/stocks/news/mcap-of-7-of-top-10-most-valued-firms-surges-rs-1-28-lakh-cr-ril-airtel-biggest-gainers/articleshow/125517544.cms
2025-12-24,Citi sees Indian banks to report modest Q3 profit growth ; check key levels for Bank Nifty,https://www.moneycontrol.com/news/business/markets/citi-sees-indian-banks-to-report-modest-q3-profit-growth-check-key-levels-for-bank-nifty-13741059.html
2025-11-09,"Mcap of 7 of top - 10 most valued firms  erodes by Rs 88 , 635 cr ; Airtel , TCS biggest laggards",https://www.dailyexcelsior.com/mcap-of-7-of-top-10-most-valued-firms-erodes-by-rs-88635-cr-airtel-tcs-biggest-laggards/
2025-12-16,HDFC Bank Gets RBI Approval To Raise Stake In IndusInd Bank Up To 9 . 5 %,https://www.freepressjournal.in/business/hdfc-bank-gets-rbi-approval-to-raise-stake-in-indusind-bank-up-to-95
2025-11-23,"Mcap of 7 of top - 10 most valued firms surges Rs 1 . 28 lakh crore ; RIL , Airtel biggest gainers",https://www.tribuneindia.com/news/business/mcap-of-7-of-top-10-most-valued-firms-surges-rs-1-28-lakh-crore-ril-airtel-biggest-gainers/
2025-10-12,Mcap of eight of top - 10 most valued firms jumps by Rs 1 . 94 lakh cr ; TCS biggest winner,https://www.moneycontrol.com/news/business/markets/mcap-of-eight-of-top-10-most-valued-firms-jumps-by-rs-1-94-lakh-cr-tcs-biggest-winner-13610974.html
2025-10-20,Sensex jumps over 700 points in early trade,https://www.rediff.com/business/report/how-the-sensex-fared-on-october20/20251020.htm
2025-10-19,"Mcap of 7 of top - 10 most valued firms surges by Rs 2 . 16 lakh crore ; Reliance , Airtel biggest gainers",https://www.tribuneindia.com/news/business/mcap-of-7-of-top-10-most-valued-firms-surges-by-rs-2-16-lakh-crore-reliance-airtel-biggest-gainers/
2025-10-31,"Day Trading Guide for October 31 , 2025 : Intraday supports , resistances for Nifty50 stocks",https://www.thehindubusinessline.com/portfolio/day-trading-guide/day-trading-guide-for-october-31/article70220956.ece
2025-10-29,"Day Trading Guide for October 29 , 2025 : Intraday supports , resistances for Nifty50 stocks",https://www.thehindubusinessline.com/portfolio/day-trading-guide/day-trading-guide-for-october-29/article70212553.ece
2025-12-19,"Day Trading Guide for December 19 , 2025 : Intraday supports , resistances for Nifty50 stocks",https://www.thehindubusinessline.com/portfolio/day-trading-guide/day-trading-guide-for-december-19/article70411561.ece
2025-11-27,"Thornburg Investment Management Inc . Has $651 , 000 Stock Holdings in HDFC Bank Limited $HDB",https://www.dailypolitical.com/2025/11/27/thornburg-investment-management-inc-has-651000-stock-holdings-in-hdfc-bank-limited-hdb.html
2025-11-28,RBI imposes Rs 91 lakh penalty on HDFC Bank,https://www.rediff.com/business/report/rbi-imposes-rs-91-lakh-penalty-on-hdfc-bank/20251128.htm
2025-12-14,"Mcap of 8 most valued firms erodes by Rs 79 , 129 crore ; Bajaj Finance , ICICI Bank hit hard",https://www.tribuneindia.com/news/business/mcap-of-8-most-valued-firms-erodes-by-rs-79129-crore-bajaj-finance-icici-bank-hit-hard/
2025-11-29,HDFC Bank faces Rs 91 lakh RBI penalty for regulatory violations ; stock in focus on Dec 1,https://www.businesstoday.in/markets/stocks/story/hdfc-bank-faces-rs-91-lakh-rbi-penalty-for-regulatory-violations-stock-in-focus-on-dec-1-504222-2025-11-29
2025-10-10,"Day Trading Guide for October 10 , 2025 : Intraday supports , resistances for Nifty50 stocks",https://www.thehindubusinessline.com/portfolio/day-trading-guide/day-trading-guide-for-october-10/article70143879.ece
2025-11-30,"Mcap of 7 of top - 10 most valued firms climbs by Rs 96 , 201 cr ; Reliance , Bajaj Finance biggest winners",https://economictimes.indiatimes.com/markets/stocks/news/mcap-of-7-of-top-10-most-valued-firms-climbs-by-rs-96201-cr-reliance-bajaj-finance-biggest-winners/articleshow/125669123.cms
2025-11-26,Kedaara - controlled Spandana Sphoorty appoints former HDFC Bank exec as CEO,https://www.vccircle.com/kedaaracontrolled-spandana-sphoorty-appoints-former-hdfc-bank-exec-as-ceo
2025-10-27,"Mcap of 7 top firms rises up by ₹1 . 55 lakh crore ; Reliance , TCS leadThe Shillong Times",https://theshillongtimes.com/2025/10/27/mcap-of-7-top-firms-rises-up-by-%E2%82%B91-55-lakh-crore-reliance-tcs-lead/
2025-10-04,"Q2FY26 : HDFC Bank deposits and gross advances up 12 . 1 % and 9 . 9 %, respectively",https://www.thehindubusinessline.com/money-and-banking/q2fy26-hdfc-banks-deposits-and-gross-advances-up-121-and-99-respectively/article70124305.ece
2025-11-09,"Mcap of 7 of top - 10 most valued firms falls by ₹88 , 635 crore ; Airtel , TCS biggest laggards",https://www.livemint.com/market/stock-market-news/mcap-of-7-of-top-10-most-valued-firms-falls-by-88-635-crore-airtel-tcs-biggest-laggards-11762673325316.html
2025-11-30,"Market capitalisation of 7 of top - 10 most valued firms surges by ₹96 , 201 crore ; RIL , Bajaj Finance biggest gainers",https://www.livemint.com/market/stock-market-news/market-capitalisation-of-7-of-top-10-most-valued-firms-surges-by-96-201-crore-ril-bajaj-finance-biggest-gainers-11764488215128.html
2025-12-20,Perpetual Ltd Boosts Holdings in HDFC Bank Limited $HDB,https://www.dailypolitical.com/2025/12/20/perpetual-ltd-boosts-holdings-in-hdfc-bank-limited-hdb.html
2025-10-08,"Muhurat Trading 2025 : HDFC Bank , NSDL to Oswal Pumps SBI Securities lists 15 stocks to buy for up to 25 % upside",https://www.livemint.com/market/stock-market-news/muhurat-trading-2025-hdfc-bank-nsdl-to-oswal-pumps-sbi-securities-lists-15-stocks-to-buy-for-up-to-25-upside-11759921363305.html
2025-12-20,HDFC Bank Limited $HDB Shares Bought by Perpetual Ltd,https://www.tickerreport.com/banking-finance/13297371/hdfc-bank-limited-hdb-shares-bought-by-perpetual-ltd.html
2025-11-28,HDFC Bank ( NYSE : HDB ) Shares Acquired Rep . Lisa C . McClain,https://www.dailypolitical.com/2025/11/27/hdfc-bank-nysehdb-shares-acquired-rep-lisa-c-mcclain.html
2025-10-26,"M - cap of 7 of top - 10 most valued firms jumps by Rs 1 . 55 lakh cr ; Reliance , TCS shine",https://economictimes.indiatimes.com/markets/stocks/news/m-cap-of-7-of-top-10-most-valued-firms-jumps-by-rs-1-55-lakh-cr-reliance-tcs-shine/articleshow/124823225.cms
2025-10-26,"Market recap : Mcap of 7 most valued firms surges by Rs 1 . 55 lakh cr ; Reliance , TCS lead gains",https://timesofindia.indiatimes.com/business/india-business/market-recap-mcap-of-7-most-valued-firms-surges-by-rs-1-55-lakh-cr-reliance-tcs-lead-gains/articleshow/124822802.cms
2025-10-21,ICICI Bank vs HDFC Bank : Why a treasury dip doesnt undermine ICICI edge,https://www.livemint.com/market/mark-to-market/icici-bank-vs-hdfc-bank-q2fy26-treasury-gains-nim-valuation-11761032752009.html
2025-12-30,"Nifty indices rejig : Hero Moto , Bharti Airtel to see inflows ; ICICI Bank , BEL face outflows",https://www.businesstoday.in/markets/stocks/story/nifty-indices-rejig-hero-moto-bharti-airtel-to-see-inflows-icici-bank-bel-face-outflows-508589-2025-12-30
2025-10-26,"Mcap of 7 of top - 10 most valued firms jumps by Rs 1 . 55 lakh crore ; Reliance , TCS shine",https://www.tribuneindia.com/news/business/mcap-of-7-of-top-10-most-valued-firms-jumps-by-rs-1-55-lakh-crore-reliance-tcs-shine/
2025-12-19,Google Pixel Upgrade Programme Launched In India : Here How It Works,https://www.freepressjournal.in/tech/google-pixel-upgrade-programme-launched-in-india-heres-how-it-works
2025-11-30,"Seven of top - 10 gain Rs 96 , 200 crore ; Reliance , Bajaj Finance shine while Airtel , TCS slip",https://www.moneycontrol.com/news/business/markets/seven-of-top-10-gain-rs-96-200-crore-reliance-bajaj-finance-shine-while-airtel-tcs-slip-13703055.html
2025-10-18,"HDFC Bank Q2 net profit jumps 10 % to ₹19 , 610 crore - The Hindu BusinessLine",https://www.thehindubusinessline.com/money-and-banking/hdfc-banks-q2-net-profit-jumps-10-to-19610-crore/article70178762.ece
2025-10-09,Explained : Reliance Industries is India most valuable company but why isnt it No . 1 in Nifty50 weight ?,https://economictimes.indiatimes.com/markets/stocks/news/explained-reliance-industries-is-indias-most-valuable-company-but-why-isnt-it-no-1-in-nifty50-weight/articleshow/124403406.cms
2025-10-19,2 blue - chip giants are flashing  buy  signals ahead of Diwali . Add to your watchlist ? - Stock Insights News,https://www.financialexpress.com/market/stock-insights/2-blue-chip-giants-are-flashing-buy-signals-ahead-of-diwali-add-to-your-watchlist/4015001/
2025-11-30,"Market valuation of top 7 firms climbs over Rs 96 , 000 crore",https://www.thestatesman.com/business/market-valuation-of-top-7-firms-climbs-over-rs-96000-crore-1503519617.html
2025-10-27,Why Axis Bank could be the next value play on the Indian stock market,https://indianexpress.com/article/smart-stocks/axis-bank-next-value-play-indian-stock-market-10329527/
2025-10-17,"Day Trading Guide for October 17 , 2025 : Intraday supports , resistances for Nifty50 stocks",https://www.thehindubusinessline.com/portfolio/day-trading-guide/day-trading-guide-for-october-17/article70171336.ece
2025-12-29,"From 8th Pay Commission to IRCTC booking window : Major January 2026 changes for employees , pensioners , taxpayers",https://economictimes.indiatimes.com/wealth/invest/from-8th-pay-commission-to-irctc-booking-window-major-january-2026-changes-for-employees-pensioners-taxpayers/articleshow/126229441.cms
2025-10-20,Stock markets surge in early trade ; Sensex jumps over 700 points,https://www.tribuneindia.com/news/business/stock-markets-surge-in-early-trade-sensex-jumps-over-700-points/
2025-10-12,"Dalal Street rally lifts top firm value by Rs 1 . 94 lakh crore ; TCS , HDFC Bank shine - Market News",https://www.financialexpress.com/market/dalal-street-rally-lifts-top-firms-value-by-rs-1-94-lakh-crore-tcs-hdfc-bank-shine-4007896/
2025-10-12,Mcap of eight of top - 10 most valued firms jumps by Rs 1 . 94 lakh cr ; TCS biggest winner,https://www.tribuneindia.com/news/business/mcap-of-eight-of-top-10-most-valued-firms-jumps-by-rs-1-94-lakh-cr-tcs-biggest-winner/
2025-10-12,"Market Rally Lifts Eight Of Top - 10 Valued Firms By ₹1 . 94 Lakh Crore ; TCS , Reliance , HDFC Bank Among Top Gainers",https://www.freepressjournal.in/business/market-rally-lifts-eight-of-top-10-valued-firms-by-194-lakh-crore-tcs-reliance-hdfc-bank-among-top-gainers
2025-10-20,HDFC Bank : Stable margins and fee income lift HDFC Bank September quarter results : Dnyanada Vaidya,https://economictimes.indiatimes.com/markets/expert-view/stable-margins-and-fee-income-lift-hdfc-banks-september-quarter-results-dnyanada-vaidya/articleshow/124700075.cms
2025-12-16,India : HDFC Bank gets regulator nod to acquire up to 9 . 5 % in IndusInd Bank,https://www.dealstreetasia.com/stories/india-hdfc-bank-gets-regulators-nod-to-acquire-up-to-9-5-in-indusind-bank-466711
2025-12-03,"Stocks To Watch : SBI , HDFC Bank , Adani Ent , Sun Pharma , LIC , IndiGo , IRFC , And Others",https://www.news18.com/business/markets/stocks-to-watch-sbi-hdfc-bank-adani-ent-sun-pharma-lic-indigo-irfc-and-others-9745842.html
2025-11-27,"Banking Connect aims to process 1 billion monthly transactions over next 3 years , says NBBL CEO",https://www.moneycontrol.com/news/business/banking-connect-aims-to-process-1-billion-monthly-transactions-over-next-3-years-says-nbbl-ceo-13699874.html
2025-10-03,"Private banks poised for strong rebound , says Parag Thakkar",https://economictimes.indiatimes.com/markets/expert-view/private-banks-poised-for-strong-rebound-says-parag-thakkar/articleshow/124286038.cms
2025-10-06,"Stocks to watch : HDFC Bank , Vedanta , Yes Bank , Tata Steel , Vodafone Idea among shares in focus today",https://www.livemint.com/market/stock-market-news/stocks-to-watch-hdfc-bank-vedanta-yes-bank-tata-steel-vodafone-idea-among-shares-in-focus-today-11759714158992.html
2025-11-02,Bharti Airtel SBI LIC Add Rs 95447 Crore Market Value,https://www.newkerala.com/news/o/indias-top-10-companies-add-rs-95447-crore-market-982
2025-10-12,Mcap of eight of top - 10 most valued firms jumps  by Rs 1 . 94 lakh cr ; TCS biggest winner,https://www.dailyexcelsior.com/mcap-of-eight-of-top-10-most-valued-firms-jumps-by-rs-1-94-lakh-cr-tcs-biggest-winner/
2025-10-12,Mcap of eight of top - 10 most valued firms jumps  by Rs 1 . 94 lakh cr ; TCS biggest winner,https://www.dailyexcelsior.com/mcap-of-eight-of-top-10-most-valued-firms-jumps-by-rs-1-94-lakh-cr-tcs-biggest-winner-2/
2025-10-27,"Good news for Mukesh Ambani , Noel Tata , Reliance Industries earns Rs 466870000000 , TCS gains Rs 361260000000 , due to …",https://www.india.com/business/good-news-for-mukesh-ambani-noel-tata-reliance-industries-earns-rs-466870000000-tcs-gains-rs-361260000000-due-to-share-price-surge-8151017/
2025-12-18,HDFC Bank FD rates : Private lender revises fixed deposit interest rate after RBI 25 bps rate cut Check details here,https://www.livemint.com/money/personal-finance/hdfc-bank-fd-rates-private-lender-revises-fixed-deposit-interest-rate-after-rbis-25-bps-rate-cut-check-details-here-11766048173227.html
2025-11-06,SBI and HDFC Bank asset growth rates are converging . Will the valuation gap follow suit ?,https://www.livemint.com/market/mark-to-market/sbi-hdfc-bank-asset-growth-rates-valuation-gap-fee-income-growth-net-interest-margin-11762421703064.html
2025-10-22,UnifyApps raises $50 million led by WestBridge Capital ; names Ragy Thomas co - CEO,https://economictimes.indiatimes.com/tech/funding/unifyapps-raises-50-million-led-by-westbridge-capital-names-ragy-thomas-co-ceo/articleshow/124740188.cms
2025-10-21,HDFC Bank shares end flat post - Q2 earnings,https://www.dailyexcelsior.com/hdfc-bank-shares-end-flat-post-q2-earnings/
2025-10-03,"Axis Bank shares jump 1 . 26 % as Morgan Stanley raises target price to ₹1 , 450",https://www.thehindubusinessline.com/markets/stock-markets/axis-bank-shares-jump-126-as-morgan-stanley-raises-target-price-to-1450/article70120431.ece
2025-11-02,"Market recap : Mcap of four of top 10 valued firms jumps Rs 95 , 447 crore ; Reliance leads the gains",https://timesofindia.indiatimes.com/business/india-business/market-recap-mcap-of-four-of-top-10-valued-firms-jumps-rs-95447-crore-reliance-leads-the-gains/articleshow/125031835.cms
2025-12-19,"HDFC Bank doubles debit card spend limit for airport lounge access ; introduces voucher system from Jan 10 , 2026",https://economictimes.indiatimes.com/wealth/save/hdfc-bank-doubles-debit-card-spend-limit-for-airport-lounge-access-introduces-voucher-system-from-jan-10-2026/articleshow/126040976.cms
2025-10-15,Axis Bank vs HDFC Bank vs IDFC First Bank : Which banking stock to buy ahead of Q2 results ?,https://www.livemint.com/market/stock-market-news/axis-bank-vs-hdfc-bank-vs-idfc-first-bank-which-banking-stock-to-buy-ahead-of-q2-results-11760506425797.html
2025-11-23,"Seven Of India Top - 10 Firms Add ₹1 . 28 Lakh Crore In Market Value , RIL & Airtel Lead Weekly Gains Amid Positive Equity Sentiment",https://www.freepressjournal.in/business/seven-of-indias-top-10-firms-add-128-lakh-crore-in-market-value-ril-airtel-lead-weekly-gains-amid-positive-equity-sentiment
2025-10-28,HDFC bank puts bankers on leave amid Credit Suisse bond probe,https://www.moneycontrol.com/banking/hdfc-bank-puts-bankers-on-leave-amid-credit-suisse-bond-probe-article-13637009.html
2025-12-26,"PSU banks are quietly eating private bank lunch ? Motilal Oswal says HDFC Bank , ICICI Bank , SBI and AU Bank matter most",https://economictimes.indiatimes.com/markets/stocks/news/psu-banks-are-quietly-eating-private-banks-lunch-motilal-oswal-says-hdfc-bank-icici-bank-sbi-and-au-bank-matter-most/articleshow/126182461.cms
2025-10-26,7 of top 10 firms add Rs 1 . 55 lakh crore in market value,https://www.ibtimes.co.in/7-top-10-firms-add-rs-1-55-lakh-crore-market-value-891285
2025-10-26,Mukesh Ambani earns Rs 46687 crore in just 3 days from ...; Reliance market cap jumps to Rs ...,https://www.dnaindia.com/business/report-mukesh-ambani-earns-rs-46687-crore-in-just-3-days-from-share-market-reliance-market-cap-jumps-to-rs-3185454
2025-12-07,MAJOR boost for Ratan Tata TCS as it earns Rs 359095200000 in just five days ! Market cap surges to ...,https://www.india.com/business/major-boost-for-ratan-tata-tcs-as-it-earns-rs-359095200000-in-just-five-days-tcs-market-cap-surges-to-rs-72284-crore-tata-group-reliance-industries-mukesh-ambani-infosys-narayana-murthy-8218788/
2025-10-18,"Transcript : HDFC Bank Limited , Q2 2026 Earnings Call , Oct 18 , 2025",https://www.zonebourse.com/cours/action/HDFC-BANK-LIMITED-105516154/actualite/Transcript-HDFC-Bank-Limited-Q2-2026-Earnings-Call-Oct-18-2025-51379701/
2025-11-30,Masterstroke by Mukesh Ambani as he earns Rs 282828600000 in just five days due to ...,https://www.india.com/business/masterstroke-by-mukesh-ambani-as-he-earns-rs-282828600000-in-just-five-days-due-to-reliance-market-cap-bajaj-finance-bharti-airtel-8207690/
2025-11-17,"HDFC Bank , Kotak , SBI lead Axis Direct top BFSI conviction picks",https://www.businesstoday.in/markets/stocks/story/hdfc-bank-kotak-sbi-lead-axis-directs-top-bfsi-conviction-picks-502395-2025-11-17
2025-10-20,"From Reliance Industries , HDFC Bank to IndusInd Bank , JSW Energy – Here are 8 stocks to watch today",https://www.financialexpress.com/market/from-reliance-industries-hdfc-bank-to-jsw-energy-here-are-8-stocks-to-watch-today-4015912/
2025-12-11,"Bank shares snap 3 - day decline ; Kotak Mahindra , HDFC Bank lead gains - here are key levels to watch",https://www.moneycontrol.com/news/business/markets/bank-shares-snap-3-day-decline-kotak-mahindra-hdfc-bank-lead-gains-here-are-key-levels-to-watch-13721515.html
2025-11-21,Stocks to buy for short term : From HDFC Bank to Eicher Motors Ajit Mishra of Religare Broking recommends 3 shares,https://www.livemint.com/market/stock-market-news/stocks-to-buy-for-short-term-hdfc-bank-eicher-motors-max-financial-ajit-mishra-of-religare-recommends-3-shares-11763688954870.html
2025-12-02,"RBI says SBI , HDFC Bank , ICICI Bank remain domestic systemically important banks",https://www.moneycontrol.com/news/business/rbi-continues-to-identify-sbi-hdfc-bank-icici-bank-as-domestic-systemically-important-banks-13707128.html
2025-12-02,Credit Card Spending Eases in October as POS Transactions Grow,https://www.newkerala.com/news/o/credit-card-spends-ease-october-pointofsale-transactions-grow-22pc-693
2025-12-25,Credit card spending cools after festive bills - The Times of India,https://timesofindia.indiatimes.com/business/india-business/credit-card-spending-cools-after-festive-bills/articleshow/126169006.cms
2025-11-08,SBI eyes global top - 10 spot by 2030 : Bank targets elite list after hitting Rs 100 - lakh - crore mark ; aims to boost capital strength,https://timesofindia.indiatimes.com/business/india-business/sbi-eyes-global-top-10-spot-by-2030-bank-targets-elite-list-after-hitting-rs-100-lakh-crore-mark-aims-to-boost-capital-strength/articleshow/125180426.cms
2025-10-23,"Bank Nifty gains nearly 1 % to hit new all - time high ; HDFC Bank , Axis , Kotak stocks lead momentum today",https://www.moneycontrol.com/news/business/markets/bank-nifty-gains-nearly-1-to-hit-new-all-time-high-hdfc-bank-axis-kotak-stocks-lead-momentum-today-13628365.html
2025-10-09,HDFC Bank Launches Country first  My Business QR  Powered by Vyaparify -- Giving Bharat SMEs Their First Commerce Identity,https://aninews.in/news/business/hdfc-bank-launches-countrys-first-my-business-qr-powered-by-vyaparify-giving-bharats-smes-their-first-commerce-identity20251009111900/
2025-12-21,"Debit Card Lounge Access Rules Change , HDFC Bank Tightens Entry Norms With New Voucher System From January 10",https://www.freepressjournal.in/business/debit-card-lounge-access-rules-change-hdfc-bank-tightens-entry-norms-with-new-voucher-system-from-january-10
2025-11-20,Private banks can now provide Capital Gains account - The HinduBusinessLine,https://www.thehindubusinessline.com/money-and-banking/private-banks-can-now-provide-capital-gains-account/article70302097.ece
2025-12-16,HDFC Bank gets RBI nod to raise holding in IndusInd Bank up to 9 . 5 %,http://www.greekherald.com/news/278757041/hdfc-bank-gets-rbi-nod-to-raise-holding-in-indusind-bank-up-to-95
2025-12-16,HDFC Bank gets RBI nod to raise holding in IndusInd Bank up to 9 . 5 %,http://www.iraqsun.com/news/278757041/hdfc-bank-gets-rbi-nod-to-raise-holding-in-indusind-bank-up-to-95
2025-12-16,HDFC Bank gets RBI nod to raise holding in IndusInd Bank up to 9 . 5 %,http://www.middleeaststar.com/news/278757041/hdfc-bank-gets-rbi-nod-to-raise-holding-in-indusind-bank-up-to-95
2025-12-16,HDFC Bank gets RBI nod to raise holding in IndusInd Bank up to 9 . 5 %,http://www.mexicostar.com/news/278757041/hdfc-bank-gets-rbi-nod-to-raise-holding-in-indusind-bank-up-to-95
2025-12-16,HDFC Bank gets RBI nod to raise holding in IndusInd Bank up to 9 . 5 %,http://www.coloradostar.com/news/278757041/hdfc-bank-gets-rbi-nod-to-raise-holding-in-indusind-bank-up-to-95
2025-12-16,HDFC Bank gets RBI nod to raise holding in IndusInd Bank up to 9 . 5 %,http://www.calcuttanews.net/news/278757041/hdfc-bank-gets-rbi-nod-to-raise-holding-in-indusind-bank-up-to-95
2025-12-16,HDFC Bank gets RBI nod to raise holding in IndusInd Bank up to 9 . 5 %,http://www.pakistantelegraph.com/news/278757041/hdfc-bank-gets-rbi-nod-to-raise-holding-in-indusind-bank-up-to-95
2025-12-16,HDFC Bank gets RBI nod to raise holding in IndusInd Bank up to 9 . 5 %,http://www.milwaukeesun.com/news/278757041/hdfc-bank-gets-rbi-nod-to-raise-holding-in-indusind-bank-up-to-95
2025-10-20,"Gemstone Milan Vaishnav bets on 3 stocks for Muhurat trading ; says HDFC Bank , ICICI Bank at the start of a new Bull run",https://www.moneycontrol.com/news/business/markets/gemstone-s-milan-vaishnav-bets-on-3-stocks-for-muhurat-trading-says-hdfc-bank-icici-bank-at-the-start-of-a-new-bull-run-13624112.html
2025-10-10,"Market Opening Bell : Sensex drops 96 points , Nifty above 25 , 150 , TCS shares fall post Q2 results",https://www.indiatvnews.com/business/markets/stock-market-today-sensex-nifty-october-10-tcs-results-share-price-tata-steel-tech-mahindra-hdfc-bank-share-price-asian-markets-2025-10-10-1012099
2025-10-03,"Nifty Bank Prediction Today – October 3 , 2025 : Nifty Bank futures : Breaks out of a resistance",https://www.thehindubusinessline.com/portfolio/technical-analysis/nifty-bank-prediction-today-october-3-2025-nifty-bank-futures-breaks-out-of-a-resistance/article70120225.ece
2025-12-12,Major banks pause digital onboarding as mule account scams surge : Report,https://economictimes.indiatimes.com/wealth/save/major-banks-pause-digital-onboarding-as-mule-account-scams-surge-report/articleshow/125930763.cms
2025-11-09,"Seven of top 10 valued firms lose Rs 88 , 600 crore , Airtel , TCS among biggest losers",https://www.ibtimes.co.in/seven-top-10-valued-firms-lose-rs-88600-crore-airtel-tcs-among-biggest-losers-892136
2025-11-09,"JioBlackRock Flexi Cap Fund portfolio out for first time since NFO : 141 stocks held , 4 . 5 % in cash",https://economictimes.indiatimes.com/mf/mf-news/jioblackrock-flexi-cap-fund-portfolio-out-for-first-time-since-nfo-141-stocks-held-4-5-in-cash/articleshow/125197605.cms
2025-10-21,"Stocks in news : PNB , ZEE , JSW Steel , REC , Glenmark",https://economictimes.indiatimes.com/markets/stocks/news/stocks-in-news-pnb-zee-jsw-steel-rec-glenmark/articleshow/124707863.cms
2025-11-03,5 heavyweights drive most of Nifty Q2 profit growth so far,https://www.moneycontrol.com/news/business/markets/5-heavyweights-drive-most-of-nifty-s-q2-profit-growth-so-far-13649136.html
2025-10-16,Co - branded credit cards can help you save more this festive season check details here,https://www.livemint.com/money/personal-finance/using-co-branded-credit-cards-can-let-you-save-more-this-festive-season-check-details-here-11760611281052.html
2025-11-03,"HDFC Bank , RIL , TCS , JSW Steel , Infosys : Top 5 Nifty Q2 earnings contributors",https://www.businesstoday.in/markets/stocks/story/hdfc-bank-ril-tcs-jsw-steel-infosys-top-5-nifty-q2-earnings-contributors-500530-2025-11-03
2025-12-01,"Stocks To Watch : HDFC Bank , Lenskart , NCC , Groww , Tata Tech , ICICI Bank , NTPC , And Others",https://www.news18.com/business/markets/stocks-to-watch-hdfc-bank-lenskart-ncc-groww-tata-tech-icici-bank-ntpc-and-others-9741228.html
2025-10-14,"Nifty Bank falls 296 points as IndusInd , Canara , Axis drag ; most banks in red",https://www.thehindubusinessline.com/markets/stock-markets/banking-stocks-drag-nifty-bank-lower-in-morning-trade-down-052/article70161505.ece
2025-10-20,Stock Radar : HDFC Bank stock breaks out from a bullish Flag pattern ; check target & stop loss,https://economictimes.indiatimes.com/markets/stocks/news/stock-radar-hdfc-bank-stock-breaks-out-from-a-bullish-flag-pattern-check-target-stop-loss/articleshow/124625650.cms
2025-11-16,"Valuation boost : India top firms add over Rs 2 lakh crore in market value ; Airtel , Reliance lead while Bajaj Finance slips",https://timesofindia.indiatimes.com/business/india-business/valuation-boost-indias-top-firms-add-over-rs-2-lakh-crore-in-market-value-airtel-reliance-lead-while-bajaj-finance-slips/articleshow/125361277.cms
2025-11-20,"Sensex rises 959 pts in 2 days , Nifty above 26 , 150 ; stock market eyes fresh record zone",https://www.businesstoday.in/markets/stocks/story/sensex-rises-959-pts-in-2-days-nifty-above-26150-stock-market-eyes-fresh-record-zone-502955-2025-11-20
2025-10-17,"Q2 preview : HDFC Bank , ICICI Bank set for steady loan growth amid margin pressure",https://www.livemint.com/companies/company-results/hdfc-bank-icici-bank-q2fy26-preview-loan-growth-nii-nim-asset-quality-11760680387194.html
2025-10-10,"Markets subdued : Nifty near 25 , 200 , Sensex flat ; TCS in the red",https://www.financialexpress.com/market/markets-subdued-nifty-near-25200-sensex-flat-tcs-in-the-red-4005403/
2025-10-20,"Stocks in news : Stocks in news : RIL , HDFC Bank , YES Bank , IndusInd Bank , RBL Bank , Jain Resource",https://economictimes.indiatimes.com/markets/stocks/news/stocks-in-news-ril-hdfc-bank-yes-bank-indusind-bank-rbl-bank-jain-resource/articleshow/124697652.cms
2025-10-31,"Union Bank of India , other PSU bank shares rise up to 6 % as SEBI notifies new rules for Bank Nifty : Here why",https://www.moneycontrol.com/news/business/markets/union-bank-of-india-other-psu-bank-shares-rise-up-to-6-as-sebi-notifies-new-rules-for-bank-nifty-here-s-why-13644915.html
2025-11-16,Market valuation of 8 of top 10 firms surges by over Rs 2 lakh crore,https://www.thestatesman.com/business/market-valuation-of-8-of-top-10-firms-surges-by-over-rs-2-lakh-crore-1503512868.html
2025-10-04,Private sector lenders post rise in deposits ahead of Q2 results,https://www.prokerala.com/news/articles/a1682108.html
2025-10-31,"SEBI increases Bank Nifty constituents , caps top stock weight",https://www.ibtimes.co.in/sebi-increases-bank-nifty-constituents-caps-top-stocks-weight-891574
2025-10-31,SEBI Expands Number Of Constituents & Caps Weights Of NSE Bank Nifty To Reduce Concentration Risk,https://www.freepressjournal.in/business/sebi-expands-number-of-constituents-caps-weights-of-nses-bank-nifty-to-reduce-concentration-risk
2025-11-10,"For travel freaks , THESE 5 credit cards give discounts on flights & hotels . Check list",https://www.livemint.com/money/personal-finance/for-travel-freaks-these-5-credit-cards-give-discounts-on-flights-hotels-check-list-11762736358864.html
2025-10-14,"Diwali sale : From budget to premium , top smartTVs available at discount",https://www.indiatvnews.com/technology/news/diwali-sale-from-budget-to-premium-top-smarttvs-available-at-discount-2025-10-14-1012737
2025-11-08,FD interest rates : These 7 banks offer up to 7 . 1 % interest on 3 - year term deposits for senior citizens,https://www.livemint.com/money/personal-finance/fd-interest-rates-these-7-banks-offer-up-to-7-1-interest-on-3-year-term-deposits-for-senior-citizens-11762531580057.html
2025-12-28,"Bajaj Finance loses over Rs 5 , 100 crore in market value this week",https://www.prokerala.com/news/articles/a1712290.html
2025-12-21,"Top 6 firms add Rs 75 , 257 crore in market value",https://www.prokerala.com/news/articles/a1710022.html
2025-10-12,Dalal Street rally ! M - cap of eight of top - 10 valued firms add Rs 1 . 94 lakh crore ; TCS leads gain,https://timesofindia.indiatimes.com/business/india-business/dalal-street-rally-m-cap-of-eight-of-top-10-valued-firms-add-rs-1-94-lakh-crore-tcs-leads-gain/articleshow/124495285.cms
2025-12-16,HDFC Bank gets 1 year RBI approval for up to 9 . 5 pc stake in IndusInd Bank,https://ianslive.in/hdfc-bank-gets-1-year-rbi-approval-for-up-to-95-pc-stake-in-indusind-bank--20251216094841
2025-10-20,"Indian shares rise as steady earnings aid sentiment ; Reliance leads rally , HDFC Bank hits record high",https://www.marketscreener.com/news/indian-shares-rise-as-steady-earnings-aid-sentiment-reliance-leads-rally-hdfc-bank-hits-record-hig-ce7d5ad2d88cf120
2025-10-27,Will ICICI Bank chief stay another term ? The market wants to know,https://www.livemint.com/news/icici-bank-sandeep-bakhshi-chief-stay-another-term-ternue-ends-in-a-year-market-wants-to-know-hdfc-rbi-talent-11761466161854.html
2025-11-28,"India Economic Growth Climbs To 8 . 2 %, Strongest Since Early 2024",https://www.finanzen.ch/nachrichten/zinsen/india-economic-growth-climbs-to-8-2percent-strongest-since-early-2024-1035603621
2025-11-16,"Mcap of 8 of top - 10 most valued firms jumps by ₹2 . 05 lakh crore ; Bharti Airtel , RIL biggest gainers",https://www.livemint.com/market/stock-market-news/mcap-of-8-of-top-10-most-valued-firms-jump-by-2-05-lakh-crore-bharti-airtel-ril-biggest-gainers-11763271073980.html
2025-11-16,RBI may approve 1 - 3 % provisioning floor for stage - 2 loans under ECL framework : Sources,https://www.thehindubusinessline.com/money-and-banking/rbi-may-approve-1-3-provisioning-floor-for-stage-2-loans-under-ecl-framework-sources/article70287245.ece
2025-10-12,MAJOR boost for Ratan Tata TCS amid Tata Group power tussle as it earns Rs 456783500000 in just 5 days due to ...,https://www.india.com/business/tcs-market-cap-major-boost-for-ratan-tata-tcs-amid-tata-group-power-tussle-as-it-earns-rs-456783500000-in-just-5-days-due-to-stock-market-tata-trusts-tata-sons-noel-tata-8128728/
2025-10-21,"Born in New Zealand , belonging nowhere : A 18 - year - old faces deportation to India after a lifetime in limbo",https://economictimes.indiatimes.com/nri/latest-updates/born-in-new-zealand-belonging-nowhere-a-18-year-old-faces-deportation-to-india-after-a-lifetime-in-limbo/articleshow/124721402.cms
2025-10-07,"Top gainers & losers 7th Oct 2025 : Sensex jumps over 450 pts , Nifty touches 25 , 200 mark , Jio Financial , Bharti Airtel & HDFC Bank lead gainers",https://www.thehindubusinessline.com/markets/stock-markets/mid-market-sensex-jumps-over-450-pts-nifty-touches-25200-mark-jio-financial-bharti-airtel-hdfc-bank-lead-gainers/article70134357.ece
2025-12-10,"Stocks to buy : InCred top picks - HDFC Bank , TCS , Maruti lead December must - watch list with up to 200 % upside",https://www.livemint.com/market/stock-market-news/stocks-to-buy-increds-top-picks-hdfc-bank-tcs-maruti-lead-december-s-must-watch-list-with-up-to-200-upside-11765349637505.html
2025-10-13,Here is how Samir Arora Flagship HelioS Flexi Cap fund has changed in the last one year,https://www.moneycontrol.com/news/business/markets/samir-arora-s-flagship-helios-flexi-cap-fund-doubled-aum-in-a-year-these-are-the-high-conviction-bets-13612281.html
2025-11-28,"RBI slaps heavy penalties on HDFC Bank , Mannakrishna Investments for regulatory violations",https://www.orissapost.com/rbi-slaps-heavy-penalties-on-hdfc-bank-mannakrishna-investments-for-regulatory-violations/
2025-11-30,"7 top Indian firms add Rs 96 , 200 crore in market value",https://www.prokerala.com/news/articles/a1702558.html
2025-10-27,"Chartist Talk : Milan Vaishnav reveals what next for Shipping Corporation , Blue Star , HDFC Bank and Bharti Airtel",https://www.moneycontrol.com/news/business/markets/chartist-talk-milan-vaishnav-reveals-what-s-next-for-shipping-corporation-blue-star-hdfc-bank-and-bharti-airtel-13632947.html
2025-12-02,RBI Keeps SBI HDFC ICICI as Systemically Important Banks,https://www.newkerala.com/news/o/rbi-retains-sbi-hdfc-bank-icici-bank-systemically-important-478
2025-11-12,"Day Trading Guide for November 12 , 2025 : Intraday supports , resistances for Nifty50 stocks",https://www.thehindubusinessline.com/portfolio/day-trading-guide/day-trading-guide-for-november-12/article70266810.ece
2025-11-14,"Day Trading Guide for November 14 , 2025 : Intraday supports , resistances for Nifty50 stocks",https://www.thehindubusinessline.com/portfolio/day-trading-guide/day-trading-guide-for-november-14/article70275946.ece
2025-11-06,Personal loans interest rates in Nov 2025 : These are the latest rates which lenders charge,https://www.livemint.com/money/personal-finance/personal-loans-interest-rates-in-nov-2025-these-are-the-latest-rates-which-lenders-charge-11762263994996.html
2025-10-31,Explainer : How Credit Suisse AT1 bonds landed HDFC Bank in trouble - Banking & Finance News,https://www.financialexpress.com/business/banking-finance/explainer-how-credit-suisses-at1-bonds-landed-hdfc-bank-in-trouble/4028277/
2025-12-02,"Market ends in red amid rupee depreciation , selling across sectors",https://www.thestatesman.com/business/market-ends-in-red-amid-rupee-depreciation-selling-across-sectors-1503520617.html
2025-10-20,"Market Wrap : Sensex jumps 411 pts , Nifty tops 25 , 800 as Reliance , HDFC Bank rally post - earnings",https://economictimes.indiatimes.com/markets/stocks/news/sensex-jumps-411-pts-nifty-tops-25800-as-reliance-hdfc-bank-rally-post-earnings-on-diwali-2025/articleshow/124703535.cms
2025-11-18,"Day Trading Guide for November 18 , 2025 : Intraday supports , resistances for Nifty50 stocks",https://www.thehindubusinessline.com/portfolio/day-trading-guide/day-trading-guide-for-november-18/article70290611.ece
2025-11-13,Ten Largest Investments | Company Announcement,https://www.investegate.co.uk/announcement/rns/jpmorgan-asia-growth-income--jagi/ten-largest-investments-/9231504
2025-11-03,"Sensex Today | Nifty 50 | Stock Market LIVE Updates : Sensex falls over 100 pts , Nifty below 25 , 750 ; Maruti , Adani Ports decline up to 3 %",https://economictimes.indiatimes.com/markets/stocks/live-blog/bse-sensex-today-live-nifty-stock-market-updates-03-november-2025/liveblog/125044711.cms
2025-11-24,"Banks at an inflection point , set to lead earnings growth over FY27 - 28",https://www.moneycontrol.com/news/business/markets/banks-at-an-inflection-point-set-to-lead-earnings-growth-over-fy27-28-13691898.html
2025-11-16,India Top Companies Add Over ₹2 Lakh Crore In Market Value As Equity Indices Rebound Sharply On Strong Global Sentiment,https://www.freepressjournal.in/business/indias-top-companies-add-over-2-lakh-crore-in-market-value-as-equity-indices-rebound-sharply-on-strong-global-sentiment
2025-11-09,Indian banks better their ranks in Asia ; ICICI Bank in top 50,https://www.rashtranews.com/indian-banks-better-their-ranks-in-asia-icici-bank-in-top-50/
2025-12-24,"Day Trading Guide for December 24 , 2025 : Intraday supports , resistances for Nifty50 stocks",https://www.thehindubusinessline.com/portfolio/day-trading-guide/day-trading-guide-for-december-24/article70430334.ece
2025-12-23,"Day Trading Guide for December 23 , 2025 : Intraday supports , resistances for Nifty50 stocks",https://www.thehindubusinessline.com/portfolio/day-trading-guide/day-trading-guide-for-december-23/article70426431.ece
2025-12-30,"Day Trading Guide for December 30 , 2025 : Intraday supports , resistances for Nifty50 stocks",https://www.thehindubusinessline.com/portfolio/day-trading-guide/day-trading-guide-for-december-30-2025-intraday-supports-resistances-for-nifty50-stocks/article70449382.ece
2025-12-31,"Day Trading Guide for December 31 , 2025 : Intraday supports , resistances for Nifty50 stocks",https://www.thehindubusinessline.com/portfolio/day-trading-guide/day-trading-guide-for-december-31/article70453021.ece
2025-10-21,"Chipmaker CXMT plans Shanghai listing with $42 billion valuation , sources say",https://economictimes.indiatimes.com/tech/technology/chipmaker-cxmt-plans-shanghai-listing-with-42-billion-valuation-sources-say/articleshow/124716625.cms
2025-10-28,SBI ordered to pay Rs 1 . 7 lakh to a Delhi customer for not deducting car loan EMIs despite sufficient balance,https://economictimes.indiatimes.com/news/india/sbi-ordered-to-pay-rs-1-7-lakh-to-a-delhi-customer-for-not-deducting-car-loan-emis-despite-sufficient-balance/articleshow/124871233.cms
2025-11-24,"Sensex Today | Nifty 50 | Stock Market LIVE Updates : Sensex jumps over 50 pts , Nifty above 26 , 050 ; Infosys rises 2 %, Eternal drops 2 %",https://economictimes.indiatimes.com/markets/stocks/live-blog/bse-sensex-today-live-nifty-stock-market-updates-24-november-2025/liveblog/125529168.cms
2025-11-21,"Day Trading Guide For November 21 , 2025 : Intraday supports , resistances for Nifty50 stocks",https://www.thehindubusinessline.com/portfolio/day-trading-guide/day-trading-guide-for-november-21/article70302919.ece
2025-11-20,"Day Trading Guide For November 20 , 2025 : Intraday supports , resistances for Nifty50 stocks",https://www.thehindubusinessline.com/portfolio/day-trading-guide/day-trading-guide-for-november-20-2025-intraday-supports-resistances-for-nifty50-stocks/article70298743.ece
2025-11-02,"Mcap of four of top 10 valued firms jumps by Rs 95 , 447 crore",https://www.orissapost.com/mcap-of-four-of-top-10-valued-firms-jumps-by-rs-95447-crore/
2025-12-14,"Bajaj Finance loses over Rs 19 , 000 crore in market valuation this week",https://www.ibtimes.co.in/bajaj-finance-loses-over-rs-19000-crore-market-valuation-this-week-894159
2025-10-20,"Stocks making biggest moves midday : RBL Bank , RIL , JSW Energy , ICICI Bank and more",https://www.financialexpress.com/market/stocks-making-biggest-moves-midday-rbl-bank-ril-jsw-energy-icici-bank-and-more-4016302/
2025-12-08,"Home loan relief : Banks cut MCLR , RLLR and RBLR after RBI repo rate trim ; here how your EMIs may fall",https://timesofindia.indiatimes.com/business/india-business/home-loan-relief-banks-cut-mclr-rllr-and-rblr-after-rbi-repo-rate-trim-heres-how-your-emis-may-fall/articleshow/125842695.cms
2025-12-02,"Banks return over Rs 10 , 000 crore in unclaimed deposits to families in last 3 yrs",https://www.prokerala.com/news/articles/a1703274.html
2025-12-05,"RBI rate cut to bolster consumption , growth : Bankers",https://www.prokerala.com/news/articles/a1704404.html
2025-12-17,"Mutual funds stay cautious in November , private banks , NBFCs among top picks",https://economictimes.indiatimes.com/mf/analysis/mutual-funds-stay-cautious-in-november-private-banks-nbfcs-among-top-picks/articleshow/126028413.cms
2025-10-30,Lenskart anchor book gets 20x response,https://www.financialexpress.com/market/lenskart-anchor-book-gets-20x-response-4027086/
