date,headline,url
2020-10-21,Hindustan Unilever share Price News : Hindustan Unilever Falls After September Quarter Earnings,https://www.ndtv.com/business/hindustan-unilever-share-price-news-hindustan-unilever-falls-after-september-quarter-earnings-2313448
2020-10-16,Why HUL remains Jefferie top pick in Indian staples space,https://economictimes.indiatimes.com/markets/stocks/news/why-hul-remains-jefferies-top-pick-in-indian-staples-space/articleshow/78698272.cms
2020-10-07,Hindustan Unilever Ltd jumps around 1 % ,https://www.business-standard.com/article/news-cm/hindustan-unilever-ltd-jumps-around-1-120100700542_1.html
2020-12-13,M - cap of eight of top - 10 most valuable firms zoom Rs 1 . 53 lakh crore,https://economictimes.indiatimes.com/markets/stocks/news/m-cap-of-eight-of-top-10-most-valuable-firms-zoom-rs-1-53-lakh-crore/articleshow/79704453.cms
2020-12-13,Market Capitalisation of Eight of Top - 10 Most Valuable Firms Zoom Rs 1 . 53 Lakh Crore,https://www.news18.com/news/business/market-capitalisation-of-eight-of-top-10-most-valuable-firms-zoom-rs-1-53-lakh-crore-3173363.html
2020-12-13,Market capitalisation of eight of top 10 most valuable firms zoom Rs 1 . 53 lakh crore,https://www.hindustantimes.com/business-news/market-capitalisation-of-eight-of-top-10-most-valuable-firms-zoom-rs-1-53-lakh-crore/story-gRHSJANvNOVCwJzaewXtxJ.html
2020-12-13,"HUL , Reliance lead top 8 most valued firms to add Rs 1 . 53 lakh cr in m - cap",https://www.financialexpress.com/market/hul-reliable-lead-top-8-most-valued-firms-to-add-rs-1-53-lakh-cr-in-m-cap/2148887/
2020-12-13,"8 of 10 most valued firms add Rs 1 . 53 lakh crore in m - cap ; RIL , TCS biggest gainers",https://www.businesstoday.in/current/corporate/8-of-10-most-valued-firms-add-rs-153-lakh-crore-in-m-cap-ril-tcs-biggest-gainers/story/424768.html
2020-12-13,M - cap of eight of top - 10 most valuable firms zoom Rs 1 . 53 lakh cr,https://www.indiatvnews.com/business/markets-m-cap-of-eight-of-top-10-most-valuable-firms-zoom-rs-1-53-lakh-cr-671067
2020-11-25,Are You Holding Copycat Equity Schemes ? ,https://www.moneylife.in/article/are-you-holding-copycat-equity-schemes/62183.html
2020-12-10,"Hindustan Unilever Ltd spurts 1 . 79 %, up for fifth straight session",https://www.business-standard.com/article/news-cm/hindustan-unilever-ltd-spurts-1-79-up-for-fifth-straight-session-120121000535_1.html
2020-11-23,Hindustan Unilever Ltd drops for fifth straight session,https://www.business-standard.com/article/news-cm/hindustan-unilever-ltd-drops-for-fifth-straight-session-120112300541_1.html
2020-12-20,"M - cap of eight out of 10 most valued cos zoom Rs 1 . 25 lakh cr ; HDFC , TCS lead gainers",https://economictimes.indiatimes.com/markets/stocks/news/m-cap-of-eight-of-top-10-most-valued-cos-zoom-rs-1-25-lakh-cr-hdfc-tcs-lead-gainers/articleshow/79822334.cms
2020-12-20,"M - cap of Eight of Top - 10 Most Valued Companies Zoom Rs 1 . 25 Lakh Crore ; HDFC , TCS Lead Gainers",https://www.news18.com/news/business/m-cap-of-eight-of-top-10-most-valued-companies-zoom-rs-1-25-lakh-crore-hdfc-tcs-lead-gainers-3195404.html
2020-12-20,"HDFC , TCS lead 10 most valued firms to add Rs 1 . 25 lakh crore in market cap",https://www.financialexpress.com/market/hdfc-tcs-lead-10-most-valued-firms-to-add-rs-1-25-lakh-crore-in-market-cap/2153566/
2020-12-20,"M - cap of eight of top - 10 most valued companies zoom , HDFC , TCS lead gainers",https://www.thehindubusinessline.com/markets/stock-markets/m-cap-of-eight-of-top-10-most-valued-companies-zoom-hdfc-tcs-lead-gainers/article33377681.ece
2020-12-20,"Eight of top - 10 companies see M - cap zoom to Rs 1 . 25 lakh cr ; HDFC , TCS big gainers",https://www.businesstoday.in/current/economy-politics/eight-top-10-companies-see-m-cap-zoom-rs-125-lakh-cr-hdfc-tcs-big-gainers/story/425468.html
2020-12-20,"M - cap of eight of top - 10 most valued companies zoom Rs 1 . 25 lakh cr ; HDFC , TCS lead gainers",https://www.indiatvnews.com/business/news-m-cap-of-eight-of-top-10-most-valued-companies-zoom-rs-1-25-lakh-crore-hdfc-tcs-bajaj-finance-lead-gainers-672689
2020-12-13,"8 of top - 10 firms add 1 . 53 lakh crore in m - cap ; Reliance Industries , Hindustan Unilever top gainers",https://www.livemint.com/market/stock-market-news/8-of-top-10-firms-add-1-53-lakh-crore-in-m-cap-reliance-industries-hindustan-unilever-top-gainers-11607844720809.html
2020-11-29,"Five of top 10 most valued firms lose together Rs 91 , 699 cr m - cap ; RIL worst hit",https://timesofindia.indiatimes.com/business/india-business/five-of-top-10-most-valued-firms-lose-together-rs-91699-cr-m-cap-ril-worst-hit/articleshow/79473172.cms
2020-11-29,"Five of top 10 most valued firms lost Rs 91 , 699 crore m - cap ; RIL worst hit",https://economictimes.indiatimes.com/markets/stocks/news/five-of-top-10-most-valued-firms-lose-rs-91699-crore-m-cap-ril-worst-hit/articleshow/79473221.cms
2020-11-29,"Five of Top 10 Most Valued Firms Lose Together Rs 91 , 699 Crore M - cap",https://www.news18.com/news/business/five-of-top-10-most-valued-firms-lose-together-rs-91699-crore-m-cap-3127658.html
2020-11-29,"Five of top 10 most valued firms lose together Rs 91 , 699 cr m - cap ; RIL worst hit",https://www.hindustantimes.com/business-news/five-of-top-10-most-valued-firms-lose-together-rs-91-699-cr-m-cap-ril-worst-hit/story-xBdipLtuHSLnfPptr2yOPO.html
2020-11-29,"Five of top 10 most valued firms lose together ₹91 , 699 cr m - cap ; RIL worst hit",https://www.livemint.com/market/stock-market-news/five-of-top-10-most-valued-firms-lose-together-rs-91-699-cr-m-cap-ril-worst-hit-11606633936539.html
2020-11-29,"Reliance leads 10 most valued firms to lose Rs 91 , 699 cr in m - cap",https://www.financialexpress.com/market/reliance-leads-10-most-valued-firms-to-lose-rs-91699-cr-in-m-cap/2139151/
2020-11-29,"Five of top 10 most valued firms lose together ₹91 , 699 crore m - cap ; RIL worst hit",https://www.indiatvnews.com/business/news-top-10-most-valued-firms-lose-rs-91699-crore-m-cap-reliance-industries-worst-hit-668113
2020-11-29,"Five Of Top 10 Most Valued Firms Lose Together Rs 91 , 699 Crore ; RIL Worst Hit",https://www.outlookindia.com/website/story/business-news-five-of-top-10-most-valued-firms-lose-together-rs-91699-crore-ril-worst-hit/365685
2020-11-29,"Five of top 10 most valued firms lose together Rs 91 , 699 cr m - cap ; RIL worst hit",https://www.dailyexcelsior.com/five-of-top-10-most-valued-firms-lose-together-rs-91699-cr-m-cap-ril-worst-hit/
2020-11-29,"5 of top 10 most valued firms lose together Rs 91 , 699 cr m - cap ; RIL worst hit",https://www.timesnownews.com/business-economy/markets/article/five-of-top-10-most-valued-firms-lose-together-rs-91699-crore-m-cap-ril-worst-hit/688168
2020-12-15,"Share Market Updates : Sensex , Nifty End On A Flat Note ; FMCG , PSU Bank Stocks Worst Hit",https://www.ndtv.com/business/share-market-updates-sensex-nifty-end-on-a-flat-note-fmcg-psu-bank-stocks-worst-hit-2338924
2020-12-26,Five companies will end 2020 with ₹5 lakh crore market cap,https://www.hindustantimes.com/business-news/five-companies-will-end-2020-with-5-lakh-crore-market-cap/story-Ywox4grLrJWIOy1yLV2PHL.html
2020-11-05,"Organic Hair Care Products Market 2020 Global Trends , Market Share , Industry Size , Growth , Sales , Opportunities , and Market Forecast to 2026",https://www.marketwatch.com/press-release/organic-hair-care-products-market-2020-global-trends-market-share-industry-size-growth-sales-opportunities-and-market-forecast-to-2026-2020-11-04
2020-10-07,"Hindustan Unilever Ltd board to consider Q2 , H1 results , interim dividend on Oct 20 , 2020",http://www.equitybulls.com/admin/news2006/news_det.asp?id=274955
2020-12-04,News genre saw 31 % rise in ad volumes during August - November 2020 : TAM AdEx,https://www.financialexpress.com/brandwagon/news-genre-saw-31-rise-in-ad-volumes-during-august-november-2020-tam-adex/2143079/
2020-12-10,"Share Market Updates : Sensex , Nifty Break Five - Day Winning Streak ; FMCG Shares Outperform",https://www.ndtv.com/business/share-market-updates-sensex-nifty-break-five-day-winning-streak-fmcg-shares-outperform-2336836
2020-10-29,"Share Market Updates : Sensex , Nifty Decline For Second Straight Session ; L & T Top Loser",https://www.ndtv.com/business/share-market-updates-sensex-nifty-decline-for-second-straight-session-l-t-top-loser-2317548
2020-11-29,"The worst over , big consumer companies to increase advertising spending",https://economictimes.indiatimes.com/industry/services/advertising/the-worst-over-big-consumer-companies-to-increase-advertising-spending/articleshow/79477313.cms
2020-10-30,"Share Market Updates : Sensex Slumps Over 500 Points , Nifty Below 11 , 550 Amid Broad - Based Selloff",https://www.ndtv.com/business/share-market-updates-sensex-slumps-over-500-points-nifty-below-11-550-amid-broad-based-selloff-2318017
2020-10-30,"Share Market Updates : Sensex Slumps Over 500 Points , Nifty Below 11 , 550 Amid Broad - Based Selloff",https://www.ndtv.com/business/share-market-updates-sensex-slumps-over-500-points-nifty-below-11-550-amid-broad-based-selloff-2318017?pfrom=Marketss_profit2016
2020-12-21,RIL share price gains 1 . 5 % today after Reliance - BP start gas production from Asia deepest project,https://www.financialexpress.com/market/ril-share-price-gains-today-after-mukesh-ambani-led-reliance-industries-ltd-bp-start-gas-production-from-asias-deepest-project/2154131/
2020-12-07,"Share Market LIVE Updates : Sensex Surges Over 300 Points , Nifty Above 13 , 300 ; PSU Banks Outperform",https://www.ndtv.com/business/share-market-live-updates-sensex-surges-over-300-points-nifty-above-13-300-psu-banks-outperform-2335239
2020-12-07,Indian shares end at record high on consumer goods boost,https://www.reuters.com/article/india-stocks/indian-shares-end-at-record-high-on-consumer-goods-boost-idUSL4N2IN2KC
2020-12-07,Indian shares end at record high on consumer goods boost,https://uk.reuters.com/article/india-stocks/indian-shares-end-at-record-high-on-consumer-goods-boost-idUKL4N2IN2KC
2020-12-07,Indian shares end at record high on consumer goods boost,https://lta.reuters.com/article/india-stocks-idLTAL4N2IN2KC
2020-12-07,"Sensex , Nifty end at record high on consumer goods boost",https://in.reuters.com/article/india-stocks/sensex-nifty-end-at-record-high-on-consumer-goods-boost-idINKBN28H09T
2020-12-25,Five companies to end 2020 with ₹5 - tn market cap,https://www.livemint.com/companies/news/five-companies-to-end-2020-with-rs-5-tn-market-cap-11608913830396.html
2020-11-29,"food for thought : Food for thought : Why are Indians eating less fruits than before ? Expensive price , poor taste might be the reason",https://economictimes.indiatimes.com/magazines/panache/food-for-thought-why-are-indians-eating-less-fruits-than-before-expensive-price-poor-taste-might-be-the-reason/articleshow/79473015.cms
2020-11-03,hindustan unilever : HUL to launch a hygiene range under a new brand Nature Protect,https://economictimes.indiatimes.com/industry/cons-products/fmcg/hul-to-launch-a-hygiene-range-under-a-new-brand-nature-protect/articleshow/79016375.cms
2020-12-07,Indian shares end at record high on consumer goods boost,https://www.marketscreener.com/quote/index/SENSEX-30-7426/news/Indian-shares-end-at-record-high-on-consumer-goods-boost-31952521/
2020-11-15,M - cap of eight of top - 10 most valued firms zooms Rs 1 . 90 lakh crore,https://www.moneycontrol.com/news/business/m-cap-of-eight-of-top-10-most-valued-firms-zooms-rs-1-90-lakh-crore-6122201.html
2020-10-21,"Consumption surge for hygiene products to stay , demand for in - home packaged foods normalises",https://economictimes.indiatimes.com/industry/cons-products/fmcg/consumption-surge-for-hygiene-products-to-stay-demand-for-in-home-packaged-foods-normalises/articleshow/78791685.cms
2020-10-25,"Six of top 10 most valued firms add Rs 86 , 684 cr in m - cap ; HDFC twins lead",https://economictimes.indiatimes.com/markets/expert-view/six-of-top-10-most-valued-firms-add-rs-86684-cr-in-m-cap-hdfc-twins-lead/articleshow/78857822.cms
2020-10-25,"Six of top 10 most valued firms add Rs 86 , 684 cr in m - cap ; HDFC twins lead",https://economictimes.indiatimes.com/markets/stocks/news/six-of-top-10-most-valued-firms-add-rs-86684-cr-in-m-cap-hdfc-twins-lead/articleshow/78857822.cms
2020-10-25,"Six of top 10 most valued firms add Rs 86 , 684 crore in m - cap",https://www.thehindubusinessline.com/markets/stock-markets/six-of-top-10-most-valued-firms-add-rs-86684-crore-in-m-cap/article32940304.ece
2020-10-18,6 of top - 10 most valued firm combined market valuation tumble over Rs 1 lakh cr,https://economictimes.indiatimes.com/markets/stocks/news/6-of-top-10-most-valued-firms-combined-market-valuation-tumble-over-rs-1-lakh-cr/articleshow/78729952.cms
2020-10-18,6 of top - 10 most valued firm combined market valuation tumble over Rs 1 lakh crore,https://www.moneycontrol.com/news/business/6-of-top-10-most-valued-firms-combined-market-valuation-tumble-over-rs-1-lakh-crore-5977791.html
2020-10-18,6 of Top - 10 Most Valued Firm Combined Market Valuation Tumble Over Rs 1 Lakh Crore,https://www.news18.com/news/business/6-of-top-10-most-valued-firms-combined-market-valuation-tumble-over-rs-1-lakh-crore-2977985.html
2020-10-21,Business Insight | Worst over for Hindustan Unilever as urban - to - rural demand shift supports Q2 profit,https://www.moneycontrol.com/news/business/business-insight-worst-over-for-hindustan-unilever-as-urban-to-rural-demand-shift-supports-q2-profit-5994881.html
2020-10-18,Six of top - 10 Indian firm lose over ₹1 lakh crore in m - cap ; RIL biggest hit,https://www.livemint.com/market/stock-market-news/six-of-top-10-indian-firms-lose-over-rs-1-lakh-crore-in-m-cap-ril-biggest-hit-11603007321442.html
2020-10-18,6 of top - 10 most valued firm combined valuation tumble over Rs 1 lakh crore,https://www.businesstoday.in/current/economy-politics/6-of-top-10-most-valued-firms-combined-valuation-tumble-over-rs-1-lakh-crore/story/419285.html
2020-11-11,"Share Market Updates : Sensex , Nifty Off Record Highs ; Reliance Industries , HDFC Bank Top Drags",https://www.ndtv.com/business/share-market-updates-sensex-nifty-off-record-highs-reliance-industries-hdfc-bank-top-drags-2323696
2020-12-21,"Emami Fair And Handsome pitches  radiance  instead of fairness , ropes in Salman Khan",https://www.afaqs.com/news/advertising/emami-fair-and-handsome-pitches-radiance-instead-of-fairness-ropes-in-salman-khan
2020-12-17,52 - week low : Stock market update : Jump Network hits 52 - week low on NSE,https://economictimes.indiatimes.com/markets/stocks/news/stock-market-update-jump-network-hits-52-week-low-on-nse/articleshow/79773081.cms
2020-10-18,6 of top - 10 most valued firm combined market valuation tumble over Rs 1 lakh cr,https://www.dailyexcelsior.com/6-of-top-10-most-valued-firms-combined-market-valuation-tumble-over-rs-1-lakh-cr/
2020-12-20,"Eight of top - 10 companies see M - cap zoom to Rs 1 . 25 lakh cr ; HDFC , TCS big gainers",http://origin-businesstoday.intoday.in/current/economy-politics/eight-top-10-companies-see-m-cap-zoom-rs-125-lakh-cr-hdfc-tcs-big-gainers/story/425468.html
2020-10-25,"HDFC twins , ICICI Bank lead 6 of 10 most valued firms to add Rs 86 , 683 . 71 cr in market valuation",https://www.financialexpress.com/market/hdfc-twins-icici-bank-lead-6-of-10-most-valued-firms-to-add-rs-86683-71-cr-in-market-valuation/2113438/
2020-11-04,Vim new campaign calls for gender equality in dishwashing,https://www.financialexpress.com/brandwagon/vims-new-campaign-calls-for-gender-equality-in-dishwashing/2120862/
2020-10-18,6 of top - 10 most valued firm combined market valuation tumble over Rs 1 lakh cr,https://www.financialexpress.com/market/6-of-top-10-most-valued-firms-combined-market-valuation-tumble-over-rs-1-lakh-cr/2108348/
2020-12-11,Two local firms win gold in India first LGBT+ work equality index - sex and relationships,https://www.hindustantimes.com/sex-and-relationships/two-local-firms-win-gold-in-india-s-first-lgbt-work-equality-index/story-p1jmyxuXt7jxHWmZugVL5K.html
2020-12-10,52 - week low : Stock market update : 2 stocks hit 52 - week lows on NSE,https://economictimes.indiatimes.com/markets/stocks/news/stock-market-update-2-stocks-hit-52-week-lows-on-nse/articleshow/79658752.cms
2020-11-29,"Five of top 10 most valued firms lose together Rs 91 , 699 cr m - cap , RIL worst hit",https://www.dtnext.in/News/Business/2020/11/29133039/1264258/Five-of-top-10-most-valued-firms-lose-together-Rs-.vpf
2020-11-29,"Five of top 10 most valued firms lose together Rs 91 , 699 cr m - cap ; RIL worst hit – IBC World News",https://www.ibcworldnews.com/five-of-top-10-most-valued-firms-lose-together-rs-91699-cr-m-cap-ril-worst-hit/
2020-11-05,Hindustan Unilever Limited unleashes the superpower of nature,https://www.adgully.com/hindustan-unilever-limited-unleashes-the-superpower-of-nature-98084.html
2020-12-10,Two local firms win gold in India first LGBT+ work equality index,https://uk.reuters.com/article/india-lgbt-companies/two-local-firms-win-gold-in-indias-first-lgbt-work-equality-index-idUKL8N2IQ56R
2020-12-11,Two local firms win gold in India first LGBT+ work equality index,https://www.businesstimes.com.sg/government-economy/two-local-firms-win-gold-in-indias-first-lgbt-work-equality-index
2020-12-08,"Toothbrush and Toothpaste Market Growing Popularity and Emerging Trends : Amore , Brio Product , Brush Buddies , Henkel , Hindustan Unilever - Press Release",http://www.digitaljournal.com/pr/4907812
2020-12-04,52 - week low : Stock market update : 5 stocks hit 52 - week lows on NSE,https://economictimes.indiatimes.com/markets/stocks/news/stock-market-update-5-stocks-hit-52-week-lows-on-nse/articleshow/79562229.cms
2020-12-17,52 - week high : Stock market update : 156 stocks hit 52 - week highs on NSE,https://economictimes.indiatimes.com/markets/stocks/news/stock-market-update-156-stocks-hit-52-week-highs-on-nse/articleshow/79772918.cms
2020-12-03,HUL employees unlikely to get permanent work from home option : Report,https://www.moneycontrol.com/news/business/hul-employees-unlikely-to-get-permanent-work-from-home-option-report-6184361.html
2020-12-07,"Share Market Updates : Sensex , Nifty Extend Record - Breaking Streak For Third Straight Session",https://www.ndtv.com/business/share-market-updates-sensex-nifty-extend-record-breaking-streak-for-third-straight-session-2335297
2020-12-10,Two local firms win gold in India first LGBT+ work equality index,https://www.reuters.com/article/india-lgbt-companies/two-local-firms-win-gold-in-indias-first-lgbt-work-equality-index-idUSL8N2IQ56R
2020-12-28,52 week low stocks nse : Stock market update : 4 stocks hit 52 - week lows on NSE,https://economictimes.indiatimes.com/markets/stocks/news/stock-market-update-4-stocks-hit-52-week-lows-on-nse/articleshow/79988296.cms
2020-11-09,"Share Market Updates : Sensex , Nifty Close At Record Highs On Strong Global Cues",https://www.ndtv.com/business/share-market-updates-sensex-nifty-close-at-record-highs-on-strong-global-cues-2322742?pfrom=Marketss_profit2016
2020-11-18,"Markets end at fresh high , Sensex closes above 44K for first time",https://www.prokerala.com/news/articles/a1103338.html
2020-12-10,52 - week high : Stock market update : 92 stocks hit 52 - week highs on NSE,https://economictimes.indiatimes.com/markets/stocks/news/stock-market-update-92-stocks-hit-52-week-highs-on-nse/articleshow/79658655.cms
2020-11-18,"Markets end at fresh high , Sensex closes above 44K for first time",http://www.daijiworld.com/news/newsDisplay.aspx?newsID=772775
2020-10-14,"Tanishq , Amazon , Zomato : Indian brands and right - wing boycotts",http://www.msn.com/en-nz/news/world/tanishq-amazon-zomato-indian-brands-and-right-wing-boycotts/ar-BB1a06Vi
2020-12-04,52 - week high : Stock market update : 144 stocks hit 52 - week highs on NSE,https://economictimes.indiatimes.com/markets/stocks/news/stock-market-update-144-stocks-hit-52-week-highs-on-nse/articleshow/79562087.cms
2020-11-18,"Sharp rebound in markets , Sensex reclaims 44 , 000 level ( Ld ) ",https://www.prokerala.com/news/articles/a1103274.html
2020-12-08,STOCK OPTION : Hindustan Unilever Limited – HINDUNILVR+91 – 89894 91936 – MCX Control,https://mcxcontrol.com/2020/12/08/stock-option-hindustan-unilever-limited-hindunilvr91-89894-91936/
2020-11-18,"Sharp rebound in markets , Sensex reclaims 44 , 000 level",http://www.daijiworld.com/news/newsDisplay.aspx?newsID=772723
2020-12-21,Infosys Shares Hit 52 - week High ; Stock Becomes 5th Stock To Cross Rs 5 Lakh Crore M - cap Mark,https://www.moneycontrol.com/news/business/markets/infosys-shares-hit-52-week-high-stock-becomes-5th-stock-to-cross-rs-5-lakh-crore-m-cap-mark-6252401.html
2020-12-16,"Equities end on flat note , Sensex rises 9 . 71 points - The Financial Express",https://www.financialexpress.com/market/equities-end-on-flat-note-sensex-rises-9-71-points/2150786/
2020-12-31,"Sanitisers , antiseptic liquid , chyawanprash most advertised on TV for Covid - 19 prevention : TAM",https://economictimes.indiatimes.com/industry/services/advertising/sanitisers-antiseptic-liquid-chyawanprash-most-advertised-on-tv-for-covid-19-prevention-tam/articleshow/80046799.cms
2020-12-28,"Top Buy And Sell Ideas By Rahul Mohindar , Mitessh Thakkar For Short Term",https://www.moneycontrol.com/news/business/stocks/top-buy-and-sell-ideas-by-rahul-mohindar-mitessh-thakkar-for-short-term-6276601.html
2020-10-15,Volumes jump at Nestle India Ltd counter,https://www.business-standard.com/article/news-cm/volumes-jump-at-nestle-india-ltd-counter-120101500406_1.html
2020-12-14,Uday Shankar takes over as FICCI President,https://www.aninews.in/news/business/business/uday-shankar-takes-over-as-ficci-president20201214171411/
2020-11-18,"Markets end at fresh high , Sensex closes above 44K for first time",https://www.siasat.com/markets-end-at-fresh-high-sensex-closes-above-44k-for-first-time-2026020/
2020-12-17,Unilever is opening up its climate action plan to shareholders as Amazon Climate Pledge battles criticism,https://www.businessinsider.in/science/environment/news/unilever-climate-change-plan-opened-to-shareholders-as-amazons-climate-pledge-battles-criticism/articleshow/79776633.cms
2020-11-05,TV witnesses highest ad volumes since 2015,https://www.indiantelevision.com/regulators/trai/tv-witnesses-highest-ad-volumes-since-2015-201105
2020-12-28,52 - week high : Stock market update : 116 stocks hit 52 - week highs on NSE,https://economictimes.indiatimes.com/markets/stocks/news/stock-market-update-116-stocks-hit-52-week-highs-on-nse/articleshow/79988178.cms
2020-11-15,Market capitalisation of 8 of top - 10 most valued firms zooms Rs 1 . 9 trn,https://www.business-standard.com/article/markets/market-capitalisation-of-8-of-top-10-most-valued-firms-zooms-rs-1-9-trn-120111500340_1.html
2020-12-14,FICCI President : Uday Shankar takes over as FICCI President,https://economictimes.indiatimes.com/news/company/corporate-trends/uday-shankar-takes-over-as-ficci-president/articleshow/79722258.cms
2020-11-13,India wins 12 awards at MMA 2020 Smarties X,https://bestmediainfo.com/2020/11/india-wins-10-awards-at-mma-s-2020-smarties-x/
2020-11-17,"Banking , finance stocks push Sensex over 300 points to close at fresh lifetime high",https://www.indiatoday.in/business/story/banking-finance-stocks-push-sensex-over-300-points-to-close-at-fresh-lifetime-high-1741642-2020-11-17
2020-11-17,"Sensex rallies 314 . 73 points to close at record high of 43 , 952 . 71",https://www.hindustantimes.com/business-news/sensex-rallies-314-73-points-to-close-at-record-high-of-43-952-71/story-F48KCl0kbRle1691DfVpbN.html
2020-10-25,"Six of top 10 most valued firms add Rs 86 , 684 cr in m - cap ; HDFC twins lead",https://www.business-standard.com/article/companies/six-of-top-10-most-valued-firms-add-rs-86-684-cr-in-m-cap-hdfc-twins-lead-120102500547_1.html
2020-10-27,CEAT appoints HUL Priya Nair as additional director | Indian Television Dot Com,https://www.indiantelevision.com/mam/marketing/mam/ceat-appoints-hul-s-priya-nair-as-additional-director-201027
2020-10-21,Reduce Hindustan Unilever ; target of Rs 2060 : HDFC Securities,https://www.moneycontrol.com/news/business/stocks/reduce-hindustan-unilever-target-of-rs-2060-hdfc-securities-5994311.html
2020-12-14,Uday Shankar takes over as Ficci President,https://www.timesnownews.com/business-economy/industry/article/uday-shankar-takes-over-as-ficci-president/694466
2020-12-14,Uday Shankar appointed as FICCI President for 2020 - 21,https://www.businesstoday.in/current/corporate/uday-shankar-appointed-as-ficci-president-for-2020-21/story/424888.html
2020-12-17,Movies genre registered 24 % rise in average ad volumes per day during August - December 2020 : TAM AdEx,https://www.financialexpress.com/brandwagon/movies-genre-registered-24-rise-in-average-ad-volumes-per-day-during-august-december-2020-tam-adex/2151553/
2020-11-05,FMCG stocks : Stock market update : Nifty FMCG index climbs 2 %; United Spirits rises 3 % ,https://economictimes.indiatimes.com/markets/stocks/news/stock-market-update-nifty-fmcg-index-climbs-2-united-spirits-rises-3nbsp/articleshow/79056808.cms
2020-11-05,Indian TV channels witness highest - ever ad volumes in week to October 30 : BARC,https://www.newindianexpress.com/business/2020/nov/05/indian-tv-channels-witness-highest-ever-ad-volumes-in-week-to-october-30-barc-2219758.html
2020-10-10,GEC and movies genre saw 5 % rise in average ad volumes per day in September : TAM AdEx,https://www.financialexpress.com/brandwagon/gec-and-movies-genre-saw-5-rise-in-average-ad-volumes-per-day-in-september-tam-adex/2102317/
2020-12-19,BARC week 49 : Lizol led the brand tally,https://www.indiantelevision.com/television/tv-channels/viewership/barc-week-49-lizol-led-the-brand-tally-201219
2020-10-15,"COVID - 19 impact : Germ - protection market gets crowded , but it not all about minting money",https://www.moneycontrol.com/news/business/covid-19-impact-germ-protection-market-gets-crowded-but-its-not-all-about-minting-money-5967971.html
2020-11-18,FMCG stocks : Stock market update : Nifty FMCG index sheds 1 %; HUL drops 2 % ,https://economictimes.indiatimes.com/markets/stocks/news/stock-market-update-nifty-fmcg-index-sheds-1-hul-drops-2/articleshow/79278753.cms
2020-12-05,Fishermen leader Damodar Tandel passes away at 72,https://indianexpress.com/article/cities/mumbai/fishermen-leader-damodar-tandel-passes-away-at-72-7092381/
2020-12-23,"Sensex jumps 437 points to close at 46 , 444 ; Nifty settles above 13 , 600",https://timesofindia.indiatimes.com/business/india-business/sensex-jumps-437-points-to-close-at-46444-nifty-settles-above-13600/articleshow/79918691.cms
2020-11-18,"Sharp rebound in markets , Sensex reclaims 44 , 000 level ( Ld ) ",https://www.siasat.com/sharp-rebound-in-markets-sensex-reclaims-44000-level-ld-2025952/
2020-12-23,Equity indices post strong gains amid mixed global cues,https://www.aninews.in/news/business/equity-indices-post-strong-gains-amid-mixed-global-cues20201223161228/
2020-12-18,Profit booking subdued market ; banking stocks sink ( Ld ) ,https://www.prokerala.com/news/articles/a1112940.html
2020-10-06,Retailers Association of India appoints Bijou Kurien as Chairman,https://economictimes.indiatimes.com/industry/services/retail/retailers-association-of-india-appoints-bijou-kurien-as-chairman/articleshow/78509805.cms
2020-11-19,FMCG stocks : Stock market update : Nifty FMCG index up 1 %; ITC rises nearly 4 % ,https://economictimes.indiatimes.com/markets/stocks/news/stock-market-update-nifty-fmcg-index-up-1-itc-rises-nearlynbsp-4/articleshow/79298781.cms
2020-11-25,GSK launches global oral care brand Polident in India,https://economictimes.indiatimes.com/industry/cons-products/fmcg/gsk-launches-global-oral-care-brand-polident-in-india/articleshow/79405448.cms
2020-12-15,"Taking Stock | Market Ends Flat , Nifty Holds 13 , 500 ; US Fed Outcome In Focus",https://www.moneycontrol.com/news/business/markets/taking-stock-market-ends-flat-nifty-holds-13500-us-fed-outcome-in-focus-6230811.html
2020-12-01,Priyanka Chopra and Shahid Kapoor to endorse HUL BRU brand,https://www.indiantelevision.com/mam/marketing/mam/priyanka-chopra-and-shahid-kapoor-to-endorse-huls-bru-brand
2020-11-03,"Share Market Updates : Sensex Surges Over 500 Points , Nifty Rises Above 11 , 800",https://www.ndtv.com/business/share-market-updates-sensex-surges-over-500-points-nifty-rises-above-11-800-2319942?pfrom=Marketss_profit2016
2020-12-07,"Markets hit record closing highs , sensex rises 347 points to finish at 45 , 427 ; Nifty tops 13 , 350",https://timesofindia.indiatimes.com/business/india-business/markets-hit-record-closing-highs-sensex-rises-347-points-to-finish-at-45427-nifty-tops-13350/articleshow/79606843.cms
2020-11-12,BARC week 44 : Dettol Toilet Soaps bags top brand spot,https://www.indiantelevision.com/television/tv-channels/viewership/barc-week-44-dettol-toilet-soaps-bags-top-brand-spot-201112
2020-12-12,BARC week 48 : PolicyBazaar leads the brand list,https://www.indiantelevision.com/television/tv-channels/viewership/barc-week-48-policybazaar-leads-the-brand-list-201212
2020-12-17,"Sensex closes 224 pts up , Nifty ends at 13 , 740",https://www.freepressjournal.in/business/market-update-sensex-closes-224-points-up-nifty-ends-at-13740
2020-10-21,Buy Hindustan Unilever ; target of Rs 2502 : Prabhudas Lilladher,https://www.moneycontrol.com/news/business/stocks/buy-hindustan-unilever-target-of-rs-2502-prabhudas-lilladher-5990411.html
2020-10-04,Market cap of 8 of 10 most valued firms rises Rs 1 . 45 lakh crore ; TCS biggest gainer,https://www.businesstoday.in/markets/stocks/market-cap-of-8-of-10-most-valued-firms-rises-rs-1-45-lakh-crore-tcs-biggest-gainer/story/417742.html
2020-10-02,SBI - HUL join hands to provide digital solutions to small retailers,https://www.siasat.com/sbi-hul-join-hands-to-provide-digital-solutions-to-small-retailers-1989033/
2020-11-17,"sensex today : Sensex rises 315 points to hit fresh closing high ; Nifty settles at 12 , 874",https://timesofindia.indiatimes.com/business/india-business/sensex-rises-315-points-to-hit-fresh-closing-high-nifty-settles-at-12874/articleshow/79261356.cms
2020-12-22,Top 10 consistent and biggest wealth creators of Dalal Street,https://economictimes.indiatimes.com/markets/stocks/news/top-10-consistent-and-biggest-wealth-creators-of-dalal-street/articleshow/79876127.cms
2020-12-02,Markets like India added most to margins : Unilever,https://economictimes.indiatimes.com/industry/cons-products/fmcg/markets-like-india-added-most-to-margins-unilever/articleshow/79535442.cms
2020-11-24,"Market at record high : Sensex rallies over 250 points in early trade ; Nifty above 13 , 000",https://www.thehindu.com/business/markets/market-at-record-high-sensex-rallies-over-250-points-in-early-trade-nifty-above-13000/article33166913.ece
2020-11-20,BARC week 45 : Dettol Antiseptic Liquid is top brand,https://www.indiantelevision.com/television/tv-channels/viewership/barc-week-45-dettol-antiseptic-liquid-is-top-brand-201120
2020-10-11,Market Cap of 9 of Top 10 Firms Skyrockets by Rs 3 Lakh Crore,https://www.news18.com/news/business/market-cap-of-9-of-top-10-firms-skyrockets-by-rs-3-lakh-crore-2951174.html
2020-12-25,"In a first , HUL develops policy to help employees facing domestic abuse",https://www.businesstoday.in/current/corporate/hul-develops-policy-to-help-employees-facing-domestic-abuse/story/426034.html
2020-11-27,BARC week 46 : Sprite makes a comeback in top brands list,https://www.indiantelevision.com/television/tv-channels/gecs/barc-week-46-sprite-makes-a-comeback-in-top-brands-list-201127
2020-10-11,Nine out of 10 most - valued firms add Rs 3 lakh crore to m - cap ; TCS biggest gainer,https://www.businesstoday.in/current/economy-politics/nine-out-of-10-most-valued-firms-add-rs-3-lakh-crore-to-m-cap-tcs-biggest-gainer/story/418521.html
2020-10-18,6 of top - 10 most valued firm combined valuation tumble over Rs 1 lakh crore,http://origin-businesstoday.intoday.in/current/economy-politics/6-of-top-10-most-valued-firms-combined-valuation-tumble-over-rs-1-lakh-crore/story/419285.html
2020-12-30,"Toothpaste brands , e - comm sites spent most on TV ads : TAM",https://economictimes.indiatimes.com/markets/stocks/news/soap-toothpaste-brands-e-commerce-sites-spent-the-most-on-television-adverts-says-report/articleshow/80019366.cms
2020-12-26,Stocks that will see action this week - The Hindu BusinessLine,https://www.thehindubusinessline.com/portfolio/technical-analysis/stocks-that-will-see-action-this-week/article33424063.ece
2020-10-04,Market cap : Market cap of 8 of 10 most valued firms zooms Rs 1 . 45 lakh cr ; TCS biggest gainer,https://economictimes.indiatimes.com/markets/stocks/news/market-cap-of-8-of-10-most-valued-firms-zooms-rs-1-45-lakh-cr-tcs-biggest-gainer/articleshow/78472570.cms
2020-10-04,Market cap of 8 of 10 most valued firms zooms Rs 1 . 45 lakh cr ; TCS biggest gainer,https://www.timesnownews.com/business-economy/markets/article/market-cap-of-8-of-10-most-valued-firms-zooms-rs-1-45-lakh-cr-tcs-biggest-gainer/662009
2020-10-08,BARC week 39 : Kia Sonet & Wheel Active are among top brands,https://www.indiantelevision.com/television/tv-channels/viewership/barc-week-39-kia-sonet-wheel-active-are-among-top-brands-201008
2020-11-18,"Markets at fresh peak : Sensex rises 227 points to hit record closing of 44 , 180 ; Nifty settles at 12 , 938",https://timesofindia.indiatimes.com/business/india-business/markets-at-fresh-peak-sensex-rises-227-points-to-hit-record-closing-of-44180-nifty-settles-at-12938/articleshow/79281067.cms
2020-11-24,"Sensex Rallies Over 250 Points in Early Trade , Nifty Above 13 , 000 as Market Reaches Record High",https://www.news18.com/news/business/sensex-rallies-over-250-points-in-early-trade-nifty-above-13000-as-market-reaches-record-high-3110861.html
2020-10-11,Market cap of 9 out of top 10 firms skyrockets by Rs 3 lakh cr,https://economictimes.indiatimes.com/markets/stocks/news/market-cap-of-9-out-of-top-10-firms-skyrockets-by-rs-3-lakh-cr/articleshow/78600143.cms
2020-10-11,Market cap of 9 of top - 10 firms skyrockets by Rs 3 lakh crore,https://www.financialexpress.com/market/market-cap-of-9-of-top-10-firms-skyrockets-by-rs-3-lakh-crore/2102878/
2020-11-22,"Rs 1 . 07 lakh crore m - cap hit for 5 out of top 10 companies as RIL , TCS suffer",https://www.businesstoday.in/current/corporate/rs-107-lakh-crore-m-cap-hit-for-5-out-of-top-10-companies-as-ril-tcs-suffer/story/422662.html
2020-11-24,"Market At Record High ; Sensex Rallies Over 250 Points In Early Trade ; Nifty Above 13 , 000",https://www.outlookindia.com/website/story/business-news-markets-at-record-high-as-sensex-rallies-over-250-pts-nifty-above-13000/365197
2020-10-16,"BARC week 40 : Flipkart , Amazon enters top brand list",https://www.indiantelevision.com/television/tv-channels/viewership/barc-week-40-flipkart-amazon-enters-top-brand-list-201016
2020-12-07,"Markets close at fresh record highs ; FMCG , banks spurt - The Financial Express",https://www.financialexpress.com/market/markets-close-at-fresh-record-highs-fmcg-banks-spurt/2145143/
2020-11-01,Nine of top 10 most valued firms lose ₹1 . 63 lakh crore in market valuation,https://www.livemint.com/market/stock-market-news/nine-of-top-10-most-valued-firms-lose-rs-1-63-lakh-crore-in-market-valuation-ril-most-hit-11604207628598.html
2020-12-06,"Six of top 10 most valued firms add cumulative Rs 91 , 629 cr in market capitalisation",https://www.thehindubusinessline.com/markets/stock-markets/six-of-top-10-most-valued-firms-add-cumulative-rs-91629-cr-in-market-capitalisation/article33262456.ece
2020-11-11,"Sensex , Nifty Stage Recovery From Intraday Lows Led By Infosys , HDFC",https://www.ndtv.com/business/sensex-nifty-stage-recovery-from-intraday-lows-led-by-infosys-hdfc-2323807?pfrom=Marketss_profit2016
2020-11-11,"Sensex , Nifty Stage Recovery From Intraday Lows Led By Infosys , HDFC",https://www.ndtv.com/business/sensex-nifty-stage-recovery-from-intraday-lows-led-by-infosys-hdfc-2323807
2020-11-10,Tata Literature Live ! shortlist for five categories announced ; check out the list,https://indianexpress.com/article/books-and-literature/tata-live-shortlists-announced-7042587/
2020-12-07,Warc Media Awards 2020 : Three shortlists for Mindshare India | Awards,https://www.campaignindia.in/article/warc-media-awards-2020-three-shortlists-for-mindshare-india/465386
2020-11-08,Nine out of 10 most - valued firms add Rs 2 . 30 lakh crore to m - cap ; HDFC twins biggest gainer,https://www.businesstoday.in/markets/company-stock/nine-out-of-10-most-valued-firms-add-rs-230-lakh-crore-to-m-cap-hdfc-twins-biggest-gainer/story/421396.html
2020-11-18,"Share Market Updates : Sensex , Nifty End At Record Highs Led By L & T , Tata Motors",https://www.ndtv.com/business/share-market-updates-sensex-nifty-end-at-record-highs-led-by-l-t-tata-motors-2326876
2020-11-18,"Share Market Updates : Sensex , Nifty End At Record Highs Led By L & T , Tata Motors",https://www.ndtv.com/business/share-market-updates-sensex-nifty-end-at-record-highs-led-by-l-t-tata-motors-2326876?pfrom=Marketss_profit2016
2020-12-01,Hindustan Unilever ropes in Akshay Kumar for Horlicks,https://economictimes.indiatimes.com/industry/cons-products/fmcg/hindustan-unilever-ropes-in-akshay-kumar-for-horlicks/articleshow/79507234.cms
2020-10-22,BARC week 41 : Amazon and Flipkart lead top brands list,https://www.indiantelevision.com/television/tv-channels/viewership/barc-week-41-amazon-and-flipkart-lead-top-brands-list-201022
2020-12-03,MDH owner Dharampal Gulati was FMCG sector highest - paid CEO - Details here,https://zeenews.india.com/companies/mdh-owner-dharampal-gulati-was-fmcg-sectors-highest-paid-ceo-details-here-2328330.html
2020-12-03,"MDH Dharampal Gulati dies : Story of the  spice king  who built Rs 1 , 000 crore company starting with just Rs 1 , 500",https://zeenews.india.com/companies/mdhs-dharampal-gulati-dies-story-of-the-spice-king-who-built-rs-1000-crore-company-starting-with-just-rs-1500-2328295.html
2020-12-23,"Sensex ends 437 pts higher , Nifty breaches 13 , 600 on closing",https://www.freepressjournal.in/business/sensex-ends-437-pts-higher-nifty-breaches-13600-on-closing
2020-11-22,"Five of top - 10 companies lose Rs 1 , 07 , 160 cr in m - cap ; Reliance Industries top laggard",https://timesofindia.indiatimes.com/business/india-business/five-of-top-10-companies-lose-rs-107160-cr-in-m-cap-reliance-industries-top-laggard/articleshow/79348520.cms
2020-11-22,"reliance industries : Five of top 10 cos lose Rs 1 , 07 , 160 cr in m - cap ; RIL top laggard",https://economictimes.indiatimes.com/markets/stocks/news/five-of-top-10-cos-lose-rs-107160-cr-in-m-cap-ril-top-laggard/articleshow/79348793.cms
2020-11-21,Unilever claims its mouthwash will kill 99 . 9 % coronavirus in 30 seconds,https://www.businesstoday.in/current/corporate/unilever-claims-its-mouthwash-will-kill-99-percent-coronavirus-in-30-seconds/story/422620.html
2020-11-22,"Five of top - 10 cos lose Rs 1 , 07 , 160 crore in m - cap",https://www.moneycontrol.com/news/business/markets/five-of-top-10-cos-lose-rs-107160-crore-in-m-cap-6144881.html
2020-11-22,"Five of Top - 10 Firms Lose Rs 1 , 07 , 160 Crore in M - cap ; Reliance Industries Top Laggard",https://www.news18.com/news/business/five-of-top-10-firms-lose-rs-107160-cr-in-m-cap-reliance-industries-top-laggard-3105068.html
2020-11-29,5 of top - 10 firms lose Rs 1 . 07 cr m - cap ; RIL top laggard,https://www.businesstoday.in/current/corporate/5-of-top-10-firms-lose-rs-107-cr-m-cap-ril-top-laggard/story/423357.html
2020-11-24,"Market at record high : Sensex trades 295 pts up in mid - session ; Nifty holds above 13 , 000 level",https://www.thehindubusinessline.com/markets/stock-markets/market-at-record-high-sensex-rallies-over-390-pts-nifty-above-13000/article33166309.ece
2020-11-24,Sensex Nifty BSE NSE Bomaby Stock Exchange top gainers | Markets News – India TV,https://www.indiatvnews.com/business/markets-sensex-nifty-bse-nse-bomaby-stock-exchange-top-gainers-667014
2020-12-03,"MDH owner Mahashay Dharampal Gulati passes away Part 1 , khaskhabar . com",https://www.khaskhabar.com/en/mdh-owner-mahashay-dharampal-gulati-passes-away-1-22316-KKN.html
2020-12-27,Five companies to end 2020 with INR5 - trillion market cap,https://www.tribuneledgernews.com/tribune/regional/five-companies-to-end-2020-with-inr5-trillion-market-cap/article_6e798862-5132-5ca1-8e83-c7bb7034dee9.html
2020-11-01,Nine of top 10 most valued firms lose Rs 1 . 63 lakh cr in market valuation ; RIL most hit,https://timesofindia.indiatimes.com/business/india-business/nine-of-top-10-most-valued-firms-lose-rs-1-63-lakh-cr-in-market-valuation-ril-most-hit/articleshow/78978729.cms
2020-11-01,Nine of top 10 most valued firms lose Rs 1 . 63 lakh cr in market valuation ; RIL most hit,https://economictimes.indiatimes.com/markets/stocks/news/nine-of-top-10-most-valued-firms-lose-rs-1-63-lakh-cr-in-market-valuation-ril-most-hit/articleshow/78978952.cms
2020-10-17,Sunlight gets SVF Brands on board to weave magic this Puja Season,https://www.adgully.com/sunlight-gets-svf-brands-on-board-to-weave-magic-this-puja-season-97449.html
2020-11-01,Nine of Top 10 Most Valued Firms Lose Rs 1 . 63 Lakh Cr in Market Valuation ; RIL Most Hit,https://www.news18.com/news/india/nine-of-top-10-most-valued-firms-lose-rs-1-63-lakh-cr-in-market-valuation-ril-most-hit-3030530.html
2020-11-01,Nine of Top 10 Most Valued Firms Lose Rs 1 . 63 Lakh Cr in Market Valuation ; RIL Most Hit,https://www.news18.com/news/business/nine-of-top-10-most-valued-firms-lose-rs-1-63-lakh-cr-in-market-valuation-ril-most-hit-3030530.html
2020-11-02,Tata Water Plus ropes in Tilt Brand Solutions as strategic and creative partner,https://www.financialexpress.com/brandwagon/tata-water-plus-ropes-in-tilt-brand-solutions-as-strategic-and-creative-partner/2119454/
2020-10-30,"Share Market Updates : Sensex , Nifty Fall For Third Day In A Row Dragged By Auto Shares",https://www.ndtv.com/business/share-market-updates-sensex-nifty-fall-for-third-day-in-a-row-dragged-by-auto-shares-2318131
2020-12-15,"Profit booking subdues equity induces , banking stocks dip",https://www.prokerala.com/news/articles/a1111905.html
2020-11-01,Nine of top 10 most valued firms lose Rs 1 . 63 lakh crore in m - cap ; RIL takes biggest hit,https://www.businesstoday.in/current/economy-politics/nine-of-top-10-most-valued-firms-lose-rs-163-lakh-crore-in-m-cap-ril-takes-biggest-hit/story/420548.html
2020-12-27,"Six of top - 10 most valued firms add Rs 60 , 198 cr in m - cap ; Infosys , TCS biggest gainers",https://economictimes.indiatimes.com/markets/stocks/news/six-of-top-10-most-valued-firms-add-rs-60198-cr-in-m-cap-infosys-tcs-biggest-gainers/articleshow/79974889.cms
2020-12-28,"Sensex surges 380 points to settle at fresh closing high ; Nifty ends at 13 , 873",https://timesofindia.indiatimes.com/business/india-business/sensex-surges-380-points-to-settle-at-fresh-closing-high-of-47354-nifty-ends-above-13850/articleshow/79991250.cms
2020-12-28,"Stock Market Update : Sensex , Nifty Likely To Open Higher ( December 28 ) ",https://www.ndtv.com/business/stock-market-update-sensex-nifty-likely-to-open-higher-december-28-2344374
2020-12-28,"Highest package for DU FMS students at Rs 2 . 41 lakh for two months , up by 5 % from last year",https://indianexpress.com/article/jobs/highest-package-for-dus-fms-students-at-rs-2-41-lakh-for-two-months-up-by-5-pc-from-last-year-7123482/
2020-12-27,"Six of Top - 10 Most Valued Firms Add Rs 60 , 198 Cr in M - cap ; Infosys , TCS Biggest Gainers",https://www.news18.com/news/business/six-of-top-10-most-valued-firms-add-rs-60198-cr-in-m-cap-infosys-tcs-biggest-gainers-3218327.html
2020-12-29,HUL Shikhar app booming during Covid ; manages to get around 3 lakh outlets onboard,https://www.timesnownews.com/business-economy/companies/article/huls-shikhar-app-booming-during-covid-manages-to-get-around-3-lakh-outlets-onboard/700560
2020-12-31,Reliance Industries biggest wealth creator in the decade followed by TCS,https://www.timesnownews.com/business-economy/markets/article/reliance-industries-biggest-wealth-creator-in-the-decade-followed-by-tcs/701353
2020-10-21,"What should investors do with HUL post Q2 results ? buy , sell or hold ? ",https://www.moneycontrol.com/news/business/stocks/what-should-investors-do-with-hul-post-q2-results-buy-sell-or-hold-5990681.html
2020-12-31,"Nifty crosses 14 , 000 - mark for first time ; 90 % rise from its 52 - week low",https://www.dnaindia.com/business/report-nifty-crosses-14000-mark-for-first-time-90-per-cent-rise-from-its-52-week-low-2865263
2020-12-31,"On last day of 2020 , markets stuck in a narrow range - The Hindu BusinessLine",https://www.thehindubusinessline.com/markets/stock-markets/market-update-indices-open-flat-nifty-around-13900/article33460055.ece
2020-12-27,"6 Firms Added Rs 60 , 198 Cr In Market Capital This Week ; Infosys , TCS Biggest Gainers",https://www.outlookindia.com/website/story/business-news-6-firms-added-rs-60198-cr-in-market-capital-this-week-infosys-tcs-biggest-gainers/368527
2020-10-21,"Share Market Updates : Sensex Slumps Nearly 700 Points From Day High , Nifty Near 11 , 800",https://www.ndtv.com/business/share-market-updates-sensex-slumps-nearly-700-points-from-days-high-nifty-near-11-800-2313498
2020-10-21,"Share Market Updates : Sensex Slumps Nearly 700 Points From Day High , Nifty Near 11 , 800",https://www.ndtv.com/business/share-market-updates-sensex-slumps-nearly-700-points-from-days-high-nifty-near-11-800-2313498?pfrom=Marketss_profit2016
2020-10-18,"Earnings data , Covid - 19 updates , global trends to drive market this week : Analysts",https://www.hindustantimes.com/business-news/earnings-data-covid-19-updates-global-trends-to-drive-market-this-week-analysts/story-8FuQ2iLAIwCX8hu5wZyk1I.html
2020-12-06,"Six of top 10 most valued firms add Rs 91 , 629 cr in m - cap",https://economictimes.indiatimes.com/markets/stocks/news/six-of-top-10-most-valued-firms-add-rs-91629-cr-in-m-cap/articleshow/79589849.cms
2020-12-06,"Six of Top - 10 Most Valued Firms Add Cumulative Rs 91 , 629 Cr in M - cap ; ICICI Bank , TCS Lead Gainers",https://www.news18.com/news/business/six-of-top-10-most-valued-firms-add-cumulative-rs-91629-cr-in-m-cap-icici-bank-tcs-lead-gainers-3150245.html
2020-12-06,"Six of top - 10 firms add ₹91 , 629 crore in m - cap ; ICICI Bank , TCS top gainers",https://www.livemint.com/market/stock-market-news/six-of-top-10-firms-add-rs-91-629-crore-in-m-cap-icici-bank-tcs-lead-gainers-11607230549347.html
2020-11-12,"Share Market Updates : Sensex , Nifty Snap 8 - Day Winning Streak Dragged By Banks",https://www.ndtv.com/business/share-market-updates-sensex-nifty-snap-8-day-winning-streak-dragged-by-banks-2324338
2020-11-08,M - cap of nine of top - 10 most valued firms zooms over Rs 2 . 30 lakh cr,https://www.financialexpress.com/market/m-cap-of-nine-of-top-10-most-valued-firms-zooms-over-rs-2-30-lakh-cr/2123640/
2020-12-17,"Live news , top stories , corporate news , company news , sector news , economy news , results analysis news , ceo interviews , fund manager interview , advisor interview , market news , bazaar talk , hot stocks news , ipo news , commodities news , m...",http://www.myiris.com/newsCentre/storyShow.php?fileR=20201217151012038&secTitle=market&arttype=news
2020-12-24,"In a first for India Inc , HUL to help staff facing domestic abuse",https://timesofindia.indiatimes.com/business/india-business/in-a-first-for-india-inc-hul-to-help-staff-facing-domestic-abuse/articleshow/79948570.cms
2020-12-23,"Share Market LIVE Updates : Sensex , Nifty Gain For Second Straight Session Led By IT Stocks",https://www.ndtv.com/business/share-market-live-updates-sensex-nifty-gain-for-second-straight-session-led-by-it-stocks-2342568
2020-11-21,"Unilever to introduce mouthwash formulation in India , claims to reduce 99 . 9 % corona after rinsing",https://economictimes.indiatimes.com/industry/cons-products/fmcg/unilever-to-introduce-mouthwash-formulation-in-india-claims-to-reduce-99-9-corona-after-rinsing/articleshow/79337103.cms
2020-11-18,"Nifty , Sensex flat as investors book gains after record highs",https://in.reuters.com/article/india-stocks/nifty-sensex-flat-as-investors-book-gains-after-record-highs-idINKBN27X0CL
2020-11-18,"Nifty , Sensex flat as investors book gains after record highs",https://www.reuters.com/article/india-stocks/nifty-sensex-flat-as-investors-book-gains-after-record-highs-idUSKBN27X0CL?rpc=401
2020-11-18,"Sensex , Nifty flat as investors book gains after record highs",https://www.reuters.com/article/india-stocks/nifty-sensex-flat-as-focus-shifts-to-rising-coronavirus-cases-idUSKBN27Y0DF?rpc=401
2020-11-18,"Sensex , Nifty flat as investors book gains after record highs",https://in.reuters.com/article/india-stocks/sensex-nifty-flat-as-investors-book-gains-after-record-highs-idINKBN27Y0DF
2020-11-21,"Unilever to introduce mouthwash formulation in India , claims to reduce 99 . 9 % corona after rinsing",https://www.thehindu.com/sci-tech/health/unilever-to-introduce-mouthwash-formulation-in-india-claims-to-reduce-999-corona-after-rinsing/article33149289.ece
2020-11-20,"Investors lining up , post - Covid UP will be economic powerhouse : Minister",https://www.hindustantimes.com/lucknow/investors-lining-up-post-covid-up-will-be-economic-powerhouse-minister/story-tFve5jQ1iH9rzt4qGj3YpO.html
2020-10-18,6 of top 10 most valued firm combined market valuation tumbles over Rs 1 lakh cr - business news,https://www.hindustantimes.com/business-news/6-of-top-10-most-valued-firms-combined-market-valuation-tumbles-over-rs-1-lakh-cr/story-N5gNmVbF2FBmAdgjVRZS0J.html
2020-10-18,"Earnings data , Covid - 19 updates , global trends to drive market this week : Analysts",https://www.hindustantimes.com/business-news/earnings-data-covid-19-updates-global-trends-to-drive-market-this-week-analysts/story-pLe9ZiBsncTK9uc2jReivJ.html
2020-12-03,mdh owner death news : MDH owner Mahashay Dharampal Gulati passes away at 98,https://economictimes.indiatimes.com/news/politics-and-nation/mdh-owner-mahashay-dharampal-gulati-passes-away-at-98/articleshow/79540664.cms
2020-10-18,"Earnings data , covid - 19 updates , global trends to drive market this week",https://www.livemint.com/market/stock-market-news/earnings-data-covid-19-updates-global-trends-to-drive-market-this-week-11603002194361.html
2020-10-18,"Earnings data , COVID - 19 updates , global trends to drive market this week : Analysts",https://www.financialexpress.com/market/earnings-data-covid-19-updates-global-trends-to-drive-market-this-week-analysts/2108317/
2020-11-21,Unilever to introduce mouthwash formulation in India - The Hindu BusinessLine,https://www.thehindubusinessline.com/companies/unilever-to-introduce-mouthwash-formulation-in-india/article33148621.ece
2020-11-22,Market news I Five of India most - valued cos shed over Rs 1 lakh crore m - cap ; Reliance Industries top loser,https://www.timesnownews.com/business-economy/markets/article/five-of-indias-most-valued-cos-shed-over-rs-1-lakh-crore-m-cap-reliance-industries-top-loser/685132
2020-12-15,IIM Ahmedabad Placements 2020 – 388 Students received Summer Placements with 131 recruiters,https://www.jagranjosh.com/articles/iim-ahmedabad-placements-2020-388-students-received-summer-placements-with-131-recruiters-1608024608-1
2020-11-03,"Credit Suisse : Credit Suisse turns neutral on IT sector , underweight on healthcare",https://economictimes.indiatimes.com/markets/stocks/news/credit-suisse-turns-neutral-on-it-sector-underweight-on-healthcare/articleshow/79018508.cms
2020-11-03,"Share Market Updates : Sensex , Nifty Gain For Second Straight Session Led By Banks",https://www.ndtv.com/business/share-market-updates-sensex-nifty-gain-for-second-straight-session-led-by-banks-2319979?pfrom=Marketss_profit2016
2020-11-03,"Share Market Updates : Sensex , Nifty Gain For Second Straight Session Led By Banks",https://www.ndtv.com/business/share-market-updates-sensex-nifty-gain-for-second-straight-session-led-by-banks-2319979
2020-11-01,Nine of top 10 most valued firms lose Rs 1 . 63 lakh crore in market valuation ; RIL most hit,https://www.timesnownews.com/business-economy/markets/article/nine-of-top-10-most-valued-firms-lose-rs-1-63-lakh-crore-in-market-valuation-ril-most-hit/675706
2020-11-01,Reliance leads 9 of 10 most valued firms to lose Rs 1 . 63 lakh cr in market valuation,https://www.financialexpress.com/market/reliance-leads-9-of-10-most-valued-firms-to-lose-rs-1-63-lakh-cr-in-market-valuation/2118480/
2020-12-15,"Live news , top stories , corporate news , company news , sector news , economy news , results analysis news , ceo interviews , fund manager interview , advisor interview , market news , bazaar talk , hot stocks news , ipo news , commodities news , m...",http://www.myiris.com/newsCentre/storyShow.php?fileR=20201215174511038&secTitle=market&arttype=news
2020-12-05,Ocean Economy Strive For A Sustainable One,https://www.msn.com/en-xl/news/other/ocean-economy-strive-for-a-sustainable-one/ar-BB1bF1vi
2020-12-28,"Equity parameters touch new highs , Tata Motors gains 3 . 6 pc",https://www.hindustantimes.com/business-news/equity-parameters-touch-new-highs-tata-motors-gains-3-6-pc/story-5Mn9T55piR0fpW5Cp6JsxL.html
2020-12-27,"Six of top - 10 most valued firms add Rs 60 , 198 crore in m - cap ; Infosys , TCS biggest gainers",https://www.timesnownews.com/business-economy/markets/article/six-of-top-10-most-valued-firms-add-rs-60198-crore-in-m-cap-infosys-tcs-biggest-gainers/699659
2020-12-27,"Infosys , TCS lead 6 of 10 most valued firms to add Rs 60 , 198 cr in m - cap",https://www.financialexpress.com/market/infosys-tcs-lead-6-of-10-most-valued-firms-to-add-rs-60198-cr-in-m-cap/2158237/
2020-10-18,"Earnings data , COVID - 19 updates , global trends to drive market this week : Analysts",https://www.dailyexcelsior.com/earnings-data-covid-19-updates-global-trends-to-drive-market-this-week-analysts/
2020-12-27,"Six of top - 10 firms add Rs 60 , 198 crore in m - cap ; Infosys , TCS biggest gainers",https://www.businesstoday.in/current/corporate/six-of-top-10-firms-add-rs-60198-crore-in-m-cap-infosys-tcs-biggest-gainers/story/426152.html
2020-11-04,"Breaking stereotypes , Vim launches # VimWhatAPlayer campaign",https://www.adgully.com/breaking-stereotypes-vim-launches-vimwhataplayer-campaign-98033.html
2020-12-28,"Equity parameters touch new highs , Tata Motors gains 3 . 6 pc",https://www.aninews.in/news/business/equity-parameters-touch-new-highs-tata-motors-gains-36-pc20201228101757/
2020-12-06,"ICICI Bank , TCS lead 6 of 10 most valued firms to add cumulative Rs 91 , 629 crore in m - cap",https://www.timesnownews.com/business-economy/markets/article/icici-bank-tcs-lead-6-of-10-most-valued-firms-to-add-cumulative-rs-91629-crore-in-m-cap/691166
2020-10-13,"Infosys share hits all - time high ahead of Q2 earnings , market cap nears Rs 5 lakh crore",https://www.businesstoday.in/markets/company-stock/infosys-share-all-time-high-q2-earnings-market-capitalisation-infosys/story/418737.html
2020-12-06,"ICICI Bank , TCS lead 6 of 10 most valued firms to add cumulative Rs 91 , 629 cr in m - cap",https://www.financialexpress.com/market/icici-bank-tcs-lead-6-of-10-most-valued-firms-to-add-cumulative-rs-91629-cr-in-m-cap/2144164/
2020-12-08,Sensex peaks on vaccine expectation,https://www.telegraphindia.com/business/sensex-peaks-on-vaccine-expectation/cid/1799853
2020-12-28,Equity Parameters Touch New Highs Tata Motors Gains 3 6 - ANI,http://www.businessworld.in/article/Equity-Parameters-Touch-New-Highs-Tata-Motors-Gains-3-6-/28-12-2020-358751/
2020-11-11,"Sensex Today : Sensex rises 316 points to hit record closing of 43 , 594 ; Nifty settles near 12 , 750 | India Business News",https://timesofindia.indiatimes.com/business/india-business/sensex-rises-316-points-to-hit-record-closing-of-43594-nifty-settles-near-12750/articleshow/79170040.cms
2020-11-09,Digital curriculum on waste management for Maharashtra schools,https://www.tribuneindia.com/news/schools/digital-curriculum-on-waste-management-for-maharashtra-schools-168340
2021-10-20,"Hindustan Unilever , the country leading fast - moving consumer goods maker , Slips Nearly 1 % Post Q2 Results",https://www.ndtv.com/business/hindustan-unilever-the-countrys-leading-fast-moving-consumer-goods-maker-slips-nearly-1-post-q2-results-2581498
2021-10-19,"Hindustan Unilever , the country leading fast - moving consumer goods maker , Gains Nearly 2 % Ahead Of Q2 Results",https://www.ndtv.com/business/hindustan-unilever-the-countrys-leading-fast-moving-consumer-goods-maker-gains-nearly-2-ahead-of-q2-results-2580231
2021-11-13,The company using education to help save lives in India,https://www.schroders.com/cs/us/insurance/insights/watchlisten/the-company-using-education-to-help-save-lives-in-india/
2021-12-15,"Meet Leena Nair , the new Indian origin CEO of luxury brand Chanel",https://www.businessinsider.in/business/news/meet-leena-nair-the-new-indian-origin-ceo-of-luxury-brand-chanel/slidelist/88290693.cms
2021-10-28,The company using education to help save lives in India,https://www.schroders.com/br/be/professional-investor/watchlisten/the-company-using-education-to-help-save-lives-in-india/
2021-10-28,The company using education to help save lives in India,https://www.schroders.com/hu/ch/asset-management/insights/watchlisten/the-company-using-education-to-help-save-lives-in-india/
2021-10-19,"Hindustan Unilever Limited ( HUL ) Q2 FY22 Results : Hindustan Unilever Net Profit Rises 9 % To Rs 2 , 187 Crore In September Quarter",https://www.ndtv.com/business/hindustan-unilever-limited-hul-q2-fy22-results-hindustan-unilever-net-profit-rises-9-to-rs-2-187-crore-in-september-quarter-2580669
2021-12-24,Hindustan Unilever Ltd up for fifth session,https://www.business-standard.com/article/news-cm/hindustan-unilever-ltd-up-for-fifth-session-121122400466_1.html
2021-12-26,Mcap of five of top - 10 valued companies soars more than Rs 1 lakh cr,https://economictimes.indiatimes.com/markets/stocks/news/mcap-of-five-of-top-10-valued-companies-soars-more-than-rs-1-lakh-cr/articleshow/88501611.cms
2021-12-26,Mcap of five of top - 10 valued companies soars more than Rs 1 lakh crore,https://www.thehindubusinessline.com/markets/stock-markets/mcap-of-five-of-top-10-valued-companies-soars-more-than-rs-1-lakh-crore/article38040716.ece
2021-12-26,Mcap of five of top - 10 valued companies soars more than Rs 1 lakh crore,https://www.deccanherald.com/business/mcap-of-five-of-top-10-valued-companies-soars-more-than-rs-1-lakh-crore-1064802.html
2021-10-19,"Hindustan Unilever Ltd spurts 1 . 44 %, rises for third straight session",https://www.business-standard.com/article/news-cm/hindustan-unilever-ltd-spurts-1-44-rises-for-third-straight-session-121101900583_1.html
2021-10-24,"Reliance Industries , Hindustan Unilever Among Companies With Eroded Valuation",https://www.ndtv.com/business/reliance-industries-hindustan-unilever-among-companies-with-eroded-valuation-2586202
2021-10-22,Anantika Singh and Reshma Anand Blog - Times of India Blog,https://timesofindia.indiatimes.com/blogs/author/anantika-singh-and-reshma-anand/
2021-10-22,Anantika Singh and Reshma Anand Blog - Economic Times Blog,https://economictimes.indiatimes.com/blogs/author/anantika-singh-and-reshma-anand/
2021-11-14,Market Capitalisation : M - cap of 6 of top - 10 valued companies jump more than Rs 1 . 18 lakh cr,https://economictimes.indiatimes.com/markets/ipos/fpos/m-cap-of-6-of-top-10-valued-companies-jump-more-than-rs-1-18-lakh-cr/articleshow/87695066.cms
2021-11-14,Market cap of six of top - 10 most valued firms jumps over Rs 1 . 18 lakh crore,https://www.businesstoday.in/markets/company-stock/story/market-cap-of-six-of-top-10-most-valued-firms-jumps-over-rs-118-lakh-crore-312157-2021-11-14
2021-10-21,"hindustan unilever : D - Street bullish on HUL , but expects earnings to dip",https://economictimes.indiatimes.com/markets/stocks/news/d-street-bullish-on-hul-but-expects-earnings-to-dip/articleshow/87173419.cms
2021-11-12,"Increasing prices of your morning coffee , biscuits are troubling RBI . Here why",https://www.livemint.com/companies/news/increasing-prices-of-your-morning-coffee-biscuits-are-troubling-rbi-here-s-why-11636681467462.html
2021-12-07,Broker call : Hindustan Unilever ( Buy ) - The Hindu BusinessLine,https://www.thehindubusinessline.com/markets/stock-markets/brokers-call-hindustan-unilever-buy/article37869101.ece
2021-10-20,"Stock Market Updates ( October 20 , 2021 ): Sensex Slips Nearly 500 Points , Hindustan Unilever , NTPC , L & T Top Losers",https://www.ndtv.com/business/stock-market-updates-october-20-2021-sensex-slips-nearly-500-points-hindustan-unilever-ntpc-l-t-top-losers-2581818
2021-11-29,The company using education to help save lives in India,https://www.businessgreen.com/sponsored/4040947/company-education-help-save-lives-india
2021-10-19,economy : Unilever India warns of inflationary pressures after profit jump,https://economictimes.indiatimes.com/industry/cons-products/fmcg/unilever-india-warns-of-inflationary-pressures-after-profit-jump/articleshow/87136806.cms
2021-10-20,Unilever India warns of inflationary pressures after profit jump,https://timesofindia.indiatimes.com/business/india-business/unilever-india-warns-of-inflationary-pressures-after-profit-jump/articleshow/87155401.cms
2021-10-19,Inflation alert spooks investors despite Unilever India hitting profit targets,https://www.businesslive.co.za/bd/companies/2021-10-19-inflation-alert-spooks-investors-despite-unilever-india-hitting-profit-targets/
2021-12-26,"Five of top - 10 companies add over Rs 1 lakh cr in m - cap ; Reliance , TCS lead chart",https://www.businesstoday.in/markets/company-stock/story/five-of-top-10-companies-add-over-rs-1-lakh-cr-in-m-cap-reliance-tcs-lead-chart-316856-2021-12-26
2021-10-19,Rebounding Economy Helps Unilever India Post 9 % Profit Jump,https://www.bnnbloomberg.ca/rebounding-economy-helps-unilever-india-post-9-profit-jump-1.1668292
2021-10-31,IndIAA Awards 2021 Full Winners List,https://english.sakshi.com/news/national/indiaa-awards-2021-full-winners-list-145828
2021-12-10,"zomato :  No conflict of interest , Deepinder Goyal says , on Zomato investment in Shiprocket , Retail News , ET Retail",https://retail.economictimes.indiatimes.com/news/industry/no-conflict-of-interest-deepinder-goyal-says-on-zomatos-investment-in-shiprocket/88207816
2021-12-10,"raymond : Raymond CFO says GST hike on textiles to deter demand , plans to pass on full increase , Retail News , ET Retail",https://retail.economictimes.indiatimes.com/news/apparel-fashion/apparel/raymond-cfo-says-gst-hike-on-textiles-to-deter-demand-plans-to-pass-on-full-increase/88210769
2021-12-11,"rbl bank : With Future merger delayed , RBL Bank looks to sell ₹105 - crore FCRPL debt , Retail News , ET Retail",https://retail.economictimes.indiatimes.com/news/industry/with-future-merger-delayed-rbl-bank-looks-to-sell-105-crore-fcrpl-debt/88222441
2021-12-11,"inflation : Shipping costs : Another danger for inflation - watchers to navigate , Retail News , ET Retail",https://retail.economictimes.indiatimes.com/news/industry/shipping-costs-another-danger-for-inflation-watchers-to-navigate/88220837
2021-12-11,"Luxury brand : LVMH to buy Marcolin 49 % stake in joint - venture Thelios , Retail News , ET Retail",https://retail.economictimes.indiatimes.com/news/apparel-fashion/luxury/lvmh-to-buy-marcolins-49-stake-in-joint-venture-thelios/88220940
2021-12-11,"US consumer prices soared 6 . 8 % in past year , most since 1982 , Retail News , ET Retail",https://retail.economictimes.indiatimes.com/news/industry/us-consumer-prices-soared-6-8-in-past-year-most-since-1982/88217785
2021-12-11,"Now , UP govt bans sale of liquor , meat , eggs in 25 wards of Kasganj , Retail News , ET Retail",https://retail.economictimes.indiatimes.com/news/food-entertainment/grocery/now-up-govt-bans-sale-of-liquor-meat-eggs-in-25-wards-of-kasganj/88217823
2021-12-11,"country of origin : 200 notices issued to e - tailers during Jan - Nov for violation of  country of origin  norm : Centre , Retail News , ET Retail",https://retail.economictimes.indiatimes.com/news/e-commerce/e-tailing/200-notices-issued-to-e-tailers-during-jan-nov-for-violation-of-country-of-origin-norm-centre/88217638
2021-12-11,"metro brands ipo : Metro Brands IPO receives 27 % subscription on first day , Retail News , ET Retail",https://retail.economictimes.indiatimes.com/news/apparel-fashion/footwear/metro-brands-ipo-receives-27-subscription-on-first-day/88217694
2021-12-11,"ITC will give a glimpse of its future plans in first - ever investor meet on Tuesday , Retail News , ET Retail",https://retail.economictimes.indiatimes.com/news/food-entertainment/personal-care-pet-supplies-liquor/itc-will-give-a-glimpse-of-its-future-plans-in-first-ever-investor-meet-on-tuesday/88217621
2021-12-11,"The great shrink : Pandemic has shown cycle times in production can be cut dramatically , says Marico Harsh Mariwala , Retail News , ET Retail",https://retail.economictimes.indiatimes.com/news/food-entertainment/personal-care-pet-supplies-liquor/the-great-shrink-pandemic-has-shown-cycle-times-in-production-can-be-cut-dramatically-says-maricos-harsh-mariwala/88218020
2021-12-11,"GST Council may clarify on GST implications on ice cream parlors , Retail News , ET Retail",https://retail.economictimes.indiatimes.com/news/food-entertainment/food-services/gst-council-may-clarify-on-gst-implications-on-ice-cream-parlors/88217901
2021-12-11,"nokia smartphones : Nokia phone maker HMD looking to locally make tablets , accessories ; to begin feature phone exports , Retail News , ET Retail",https://retail.economictimes.indiatimes.com/news/consumer-durables-and-information-technology/consumer-electronics/nokia-phone-maker-hmd-looking-to-locally-make-tablets-accessories-to-begin-feature-phone-exports/88224500
2021-12-11,"costco : Costco warns of holiday delays even as results top estimates , Retail News , ET Retail",https://retail.economictimes.indiatimes.com/news/food-entertainment/grocery/costco-warns-of-holiday-delays-even-as-results-top-estimates/88224735
2021-12-11,"omicron : Union urges CEOs of food chains to reinforce mask wearing , Retail News , ET Retail",https://retail.economictimes.indiatimes.com/news/food-entertainment/grocery/union-urges-ceos-of-food-chains-to-reinforce-mask-wearing/88225728
2021-12-10,"primark : AB Foods says Primark trading ahead of expectations , Retail News , ET Retail",https://retail.economictimes.indiatimes.com/news/industry/ab-foods-says-primark-trading-ahead-of-expectations/88205389
2021-12-10,"Major U . S . retailers urge action by Congress on online stolen , counterfeit goods sales , Retail News , ET Retail",https://retail.economictimes.indiatimes.com/news/industry/major-u-s-retailers-urge-action-by-congress-on-online-stolen-counterfeit-goods-sales/88197931
2021-12-10,"Shiprocket closes $185 million funding led by Zomato , Temasek and Lightrock , Retail News , ET Retail",https://retail.economictimes.indiatimes.com/news/industry/shiprocket-closes-185-million-funding-led-by-zomato-temasek-and-lightrock/88197835
2021-12-10,"Duty - free access sought from UAE for eggs , textiles , spices , Retail News , ET Retail",https://retail.economictimes.indiatimes.com/news/industry/duty-free-access-sought-from-uae-for-eggs-textiles-spices/88197764
2021-12-10,"consumer electronics : Bajaj Electricals board approves review of corporate structure , Retail News , ET Retail",https://retail.economictimes.indiatimes.com/news/consumer-durables-and-information-technology/consumer-electronics/bajaj-electricals-board-approves-review-of-corporate-structure/88201407
2021-12-10,"German delivery startup Flink raises $750 million in financing round , Retail News , ET Retail",https://retail.economictimes.indiatimes.com/news/food-entertainment/food-services/german-delivery-startup-flink-raises-750-million-in-financing-round/88206564
2021-12-10,"Starbucks : In a first , Starbucks workers agree to union in Buffalo , NY , Retail News , ET Retail",https://retail.economictimes.indiatimes.com/news/food-entertainment/food-services/in-a-first-starbucks-workers-agree-to-union-in-buffalo-ny/88203895
2021-12-10,"edible oil : Era of cheaper cooking oils is over , says industry , Retail News , ET Retail",https://retail.economictimes.indiatimes.com/news/food-entertainment/grocery/era-of-cheaper-cooking-oils-is-over-says-industry/88202908
2021-12-10,"watch retailer : Watches of Switzerland says strong November sales bode well for Christmas , Retail News , ET Retail",https://retail.economictimes.indiatimes.com/news/apparel-fashion/accessories/watches-of-switzerland-says-strong-november-sales-bode-well-for-christmas/88202306
2021-12-10,"gst : Textile industry goes on strike over GST , Retail News , ET Retail",https://retail.economictimes.indiatimes.com/news/apparel-fashion/apparel/textile-industry-goes-on-strike-over-gst/88207751
2021-12-10,"metro brands ipo : Will continue our quest to be largest pan - India retailer : Metro Brands , Retail News , ET Retail",https://retail.economictimes.indiatimes.com/news/apparel-fashion/footwear/will-continue-our-quest-to-be-largest-pan-india-retailer-metro-brands/88206274
2021-12-10,"Myntra : Expect about 7 lakh new customers during EORS - 15 : Myntra , Retail News , ET Retail",https://retail.economictimes.indiatimes.com/news/e-commerce/e-tailing/expect-about-7-lakh-new-customers-during-eors-15-myntra/88201137
2021-12-10,"ikea : IKEA more than doubles online sales in 2 years , Retail News , ET Retail",https://retail.economictimes.indiatimes.com/news/home-and-decor/furniture-and-decor/ikea-more-than-doubles-online-sales-in-2-years/88197725
2021-12-10,"liquor licence : HC asks retail liquor dealers to pay licence fee under New Excise Policy , 500 brands registered by Delhi govt , Retail News , ET Retail",https://retail.economictimes.indiatimes.com/news/industry/hc-asks-retail-liquor-dealers-to-pay-licence-fee-under-new-excise-policy-500-brands-registered-by-delhi-govt/88197868
2021-12-10,"rebel foods : Rebel Foods hires Prakash Dutta as its Global COO , Retail News , ET Retail",https://retail.economictimes.indiatimes.com/news/food-entertainment/food-services/rebel-foods-hires-prakash-dutta-as-its-global-coo/88198054
2021-12-10,"samosa party : QSR brand Samosa Party raises $2 million in funding round by Kalaari Capital , Retail News , ET Retail",https://retail.economictimes.indiatimes.com/news/food-entertainment/food-services/qsr-brand-samosa-party-raises-2-million-in-funding-round-by-kalaari-capital/88198608
2021-12-10,"Metro Brands IPO : Metro Brands raises Rs 410 crore from anchor investors ahead of IPO , Retail News , ET Retail",https://retail.economictimes.indiatimes.com/news/apparel-fashion/footwear/metro-brands-raises-rs-410-crore-from-anchor-investors-ahead-of-ipo/88197996
2021-12-10,"HUL : Flexi sop , safety net for staff , gig workers : HUL , Retail News , ET Retail",https://retail.economictimes.indiatimes.com/news/food-entertainment/personal-care-pet-supplies-liquor/flexi-sop-safety-net-for-staff-gig-workers-hul/88197680
2021-10-17,"Coming up this week : MPC minutes , FMCG results , united kingdom inflation",https://www.livemint.com/news/india/in-focus-this-week-rbi-policy-minutes-steel-fmcg-earnings-11634483834934.html
2021-11-21,Reliance Industries | TCS | HDFC Bank : Nine out of top 10 firms lose Rs 1 . 47 lakh cr in m - cap ; RIL biggest laggard,https://economictimes.indiatimes.com/markets/stocks/news/nine-out-of-top-10-firms-lose-rs-1-47-lakh-cr-in-m-cap-ril-biggest-laggard/articleshow/87828100.cms
2021-11-21,"RIL , HDFC and SBI Bank : Check The List of Most Valued Firms That Lost Rs 1 . 47 Lakh Crore In Market Value",https://www.outlookindia.com/website/story/business-news-ril-hdfc-and-sbi-bank-chek-the-list-of-most-valued-firms-that-lost-rs-147-lakh-crore-in-market-value/401904
2021-11-21,Nine of top - 10 firms lose Rs 1 . 47 lakh crore in m - cap,https://www.deccanherald.com/business/business-news/nine-of-top-10-firms-lose-rs-147-lakh-crore-in-m-cap-1053017.html
2021-12-14,Leena Nair to lead French luxury brand Chanel as CEO - The Hindu BusinessLine,https://www.thehindubusinessline.com/companies/leena-nair-to-lead-french-luxury-brand-chanel-as-ceo/article37954268.ece
2021-12-05,"TCS share price : Seven of top - 10 cos add Rs 1 . 31 lakh cr in m - cap ; HUL , TCS lead chart",https://economictimes.indiatimes.com/markets/stocks/news/seven-of-top-10-cos-add-rs-1-31-lakh-cr-in-m-cap-hul-tcs-lead-chart/articleshow/88102951.cms
2021-12-05,Seven of top - 10 most valued cos add over Rs 1 . 29 lakh cr in m - cap ; TCS lead gainer,https://www.businesstoday.in/markets/company-stock/story/seven-of-top-10-most-valued-cos-add-over-rs-129-lakh-cr-in-m-cap-tcs-lead-gainer-314469-2021-12-05
2021-12-08,"Recap 2021 : how Dabur , HUL , Marico et al . have built on their e - commerce via D2C so far",https://economictimes.indiatimes.com/prime/consumer/recap-2021-how-dabur-hul-marico-et-al-have-built-on-their-e-commerce-via-d2c-so-far/primearticleshow/88151222.cms
2021-12-05,M - cap of seven most valued firms rises over Rs 1 . 29 trn ; TCS tops list,https://www.business-standard.com/article/companies/m-cap-of-seven-most-valued-firms-rises-over-rs-1-29-trn-tcs-tops-list-121120500188_1.html
2021-10-28,DJ Mediaprint & Logistics Limited has secured orders from Hindustan Unilever Limited,https://www.equitybulls.com/admin/news2006/news_det.asp?id=300665
2021-12-12,Reliance | TCS | SBI |ICICI Bank : 7 out of top 10 most - valued cos add over Rs 2 . 28 lakh cr to m - cap,https://economictimes.indiatimes.com/markets/stocks/news/7-out-of-top-10-most-valued-cos-add-over-rs-2-28-lakh-cr-to-m-cap/articleshow/88234912.cms
2021-10-19,HUL Reports 10 . 69 Per Cent Rise In Consolidateddd Net Profit In Q2,https://www.outlookindia.com/website/story/business-news-hul-reports-1069-per-cent-rise-in-consolidated-net-profit-in-q2/398097
2021-10-10,Reliance | TCS | HUL : Market cap of 8 of top 10 most valued cos jump Rs 2 . 32 lakh crore ; RIL top gainer,https://economictimes.indiatimes.com/markets/stocks/news/market-cap-of-8-of-top-10-most-valued-cos-jump-rs-2-32-lakh-crore-ril-top-gainer/articleshow/86911719.cms
2021-12-11,"hul : The future of work in India : Contracts , not jobs , but with benefits",https://economictimes.indiatimes.com/jobs/the-future-of-work-in-india-contracts-not-jobs-but-with-benefits/articleshow/88220474.cms
2021-10-26,India largest consumer firm is ready for the next disruption after Covid,https://economictimes.indiatimes.com/industry/cons-products/fmcg/indias-largest-consumer-firm-is-ready-for-the-next-disruption-after-covid/articleshow/87274419.cms
2021-10-28,The company using education to help save lives in India,https://www.schroders.com/pl/lu/professional-investor/insights/watchlisten/the-company-using-education-to-help-save-lives-in-india/
2021-10-28,The company using education to help save lives in India,https://www.schroders.com/pl/be/professional-investor/watchlisten/the-company-using-education-to-help-save-lives-in-india/
2021-10-28,The company using education to help save lives in India,https://www.schroders.com/de/nordics/professional-investor/nordic-insights/watchlisten/the-company-using-education-to-help-save-lives-in-india/
2021-10-28,The company using education to help save lives in India,https://www.schroders.com/cs/be/professional-investor/watchlisten/the-company-using-education-to-help-save-lives-in-india/
2021-10-28,The company using education to help save lives in India,https://www.schroders.com/bg/lu/professional-investor/insights/watchlisten/the-company-using-education-to-help-save-lives-in-india/
2021-10-28,The company using education to help save lives in India,https://www.schroders.com/en/gr/professional-investor/insights/watch-and-listen/the-company-using-education-to-help-save-lives-in-india/
2021-10-28,The company using education to help save lives in India,https://www.schroders.com/bg/pt/professional-investor/portugal-insights/watchlisten/the-company-using-education-to-help-save-lives-in-india/
2021-10-28,The company using education to help save lives in India,https://www.schroders.com/el/gr/professional-investor/insights/watch-and-listen/the-company-using-education-to-help-save-lives-in-india/
2021-10-28,The company using education to help save lives in India,https://www.schroders.com/nl/lu/professional-investor/insights/watchlisten/the-company-using-education-to-help-save-lives-in-india/
2021-10-28,The company using education to help save lives in India,https://www.schroders.com/sv/lu/professional-investor/insights/watchlisten/the-company-using-education-to-help-save-lives-in-india/
2021-10-28,The company using education to help save lives in India,https://www.schroders.com/ru/be/professional-investor/watchlisten/the-company-using-education-to-help-save-lives-in-india/
2021-10-28,The company using education to help save lives in India,https://www.schroders.com/bg/gr/professional-investor/insights/watch-and-listen/the-company-using-education-to-help-save-lives-in-india/
2021-10-28,The company using education to help save lives in India,https://www.schroders.com/sv/gr/professional-investor/insights/watch-and-listen/the-company-using-education-to-help-save-lives-in-india/
2021-10-29,The company using education to help save lives in India,https://www.schroders.com/es/pt/professional-investor/portugal-insights/watchlisten/the-company-using-education-to-help-save-lives-in-india/
2021-10-29,The company using education to help save lives in India,https://www.schroders.com/es/gr/professional-investor/insights/watch-and-listen/the-company-using-education-to-help-save-lives-in-india/
2021-10-28,The company using education to help save lives in India,https://www.schroders.com/es/lu/professional-investor/insights/watchlisten/the-company-using-education-to-help-save-lives-in-india/
2021-10-29,The company using education to help save lives in India,https://www.schroders.com/br/insights/watchlisten/the-company-using-education-to-help-save-lives-in-india/
2021-10-29,The company using education to help save lives in India,https://www.schroders.com/ru/gr/professional-investor/insights/watch-and-listen/the-company-using-education-to-help-save-lives-in-india/
2021-10-29,The company using education to help save lives in India,https://www.schroders.com/br/gr/professional-investor/insights/watch-and-listen/the-company-using-education-to-help-save-lives-in-india/
2021-11-07,"TCS | Reliance Industries | ICICI Bank : M - cap of eight most - valued cos jumps over Rs 1 . 18 lakh cr ; RIL , ICICI lag",https://economictimes.indiatimes.com/markets/stocks/news/m-cap-of-eight-most-valued-cos-jumps-over-rs-1-18-lakh-cr-ril-icici-lag/articleshow/87566333.cms
2021-11-07,M - cap of eight of top - 10 most - valued companies jumps over Rs 1 . 18 lakh crore,https://timesofindia.indiatimes.com/business/markets/sensex/m-cap-of-eight-of-top-10-most-valued-companies-jumps-over-rs-1-18-lakh-crore/articleshow/87565897.cms
2021-11-21,M - cap of nine of top 10 most valued firms down by Rs 1 . 47 lakh cr ; RIL most hit,https://www.businesstoday.in/markets/company-stock/story/m-cap-of-nine-of-top-10-most-valued-firms-down-by-rs-147-lakh-cr-ril-most-hit-312879-2021-11-21
2021-11-07,M - cap of eight of top - 10 most - valued companies jumps over Rs 1 . 18 lakh crore,https://www.thehindubusinessline.com/markets/stock-markets/m-cap-of-eight-of-top-10-most-valued-companies-jumps-over-rs-118-lakh-crore/article37365197.ece
2021-11-07,"Eight of top - 10 most valued firms add over Rs 1 . 18 lakh cr in m - cap ; TCS , SBI top gainers",https://www.businesstoday.in/markets/company-stock/story/eight-of-top-10-most-valued-firms-add-over-rs-118-lakh-cr-in-m-cap-tcs-sbi-top-gainers-311518-2021-11-07
2021-10-24,"TCS |HUL | RIL : M - cap of five out of top 10 most valued firms down by over Rs 1 . 42 lakh cr ; HUL , RIL most hit",https://economictimes.indiatimes.com/markets/stocks/news/m-cap-of-five-out-of-top-10-most-valued-firms-down-by-over-rs-1-42-lakh-cr-hul-ril-most-hit/articleshow/87235791.cms
2021-10-24,"Mcap of five of top - 10 most valued firms down by over Rs 1 . 42 lakh cr ; HUL , RIL most hit",https://timesofindia.indiatimes.com/business/markets/sensex/mcap-of-five-of-top-10-most-valued-firms-down-by-over-rs-1-42-lakh-cr-hul-ril-most-hit/articleshow/87235744.cms
2021-11-07,"M - cap of eight of top - 10 most - valued companies jumps over Rs 1 . 18 lakh cr ; Tata Consultancy , SBI , RIL leads",https://www.freepressjournal.in/business/m-cap-of-eight-of-top-10-most-valued-companies-jumps-over-rs-118-lakh-cr-tata-consultancy-sbi-ril-leads
2021-10-24,Mcap of five of top - 10 most valued firms down by over Rs 1 . 42 lakh crore,https://www.thehindubusinessline.com/markets/stock-markets/mcap-of-five-of-top-10-most-valued-firms-down-by-over-rs-142-lakh-crore/article37148279.ece
2021-11-07,M - cap of 8 of top - 10 most - valued companies jumps over Rs 1 . 18 lakh crore,https://www.deccanherald.com/national/m-cap-of-8-of-top-10-most-valued-companies-jumps-over-rs-118-lakh-crore-1048084.html
2021-10-24,"HUL , RIL Among Five Of Top - 10 Most Valued Firms Who Market Valuation Plunges By Rs 1 . 42 Lakh Crore . Check Details",https://www.outlookindia.com/website/story/business-news-market-valuation-of-five-of-top-10-most-valued-firms-plunges-by-over-rs-142-lakh-crore-hul-ril-most-hit/398596
2021-12-12,Seven of top 10 most - valued cos add over Rs 2 . 28 lakh cr to m - cap ; RIL top gainer,https://www.businesstoday.in/markets/company-stock/story/seven-of-top-10-most-valued-cos-add-over-rs-228-lakh-cr-to-m-cap-ril-top-gainer-315273-2021-12-12
2021-10-24,"Mcap of five of top - 10 most valued firms down by over Rs 1 . 42 lakh cr ; HUL , RIL most hit",https://www.deccanherald.com/business/business-news/mcap-of-five-of-top-10-most-valued-firms-down-by-over-rs-142-lakh-cr-hul-ril-most-hit-1043678.html
2021-12-02,Hindustan Unilever eliminates coal usage across operations - The Hindu BusinessLine,https://www.thehindubusinessline.com/companies/hindustan-unilever-eliminates-coal-usage-across-operations/article37802509.ece
2021-12-02,HUL eliminates coal usage across operations - The Hindu BusinessLine,https://www.thehindubusinessline.com/companies/hul-eliminates-coal-usage-across-operations/article37802509.ece
2021-10-21,HINDUSTAN UNILEVER LIMITED : 500696 Stock Price | INE030A01027,https://www.marketscreener.com/quote/stock/HINDUSTAN-UNILEVER-LIMITE-6491919/
2021-10-03,Market cap of eight of top 10 valued companies tumble over Rs 1 . 80 lakh crore,https://economictimes.indiatimes.com/markets/stocks/news/market-cap-of-eight-of-top-10-valued-companies-tumble-over-rs-1-80-lakh-crore/articleshow/86722513.cms
2021-10-03,Market cap of eight of top 10 valued companies tumble over Rs 1 . 80 lakh cr,https://www.freepressjournal.in/business/market-cap-of-eight-of-top-10-valued-companies-tumble-over-rs-180-lakh-cr
2021-10-03,M - cap of 8 of top 10 valued companies tumble over Rs 1 . 80 lakh crore,https://www.deccanherald.com/business/business-news/m-cap-of-8-of-top-10-valued-companies-tumble-over-rs-180-lakh-crore-1036825.html
2021-10-19,Hindustan Unilever Ltd board declares interim dividend of Rs . 15,https://www.equitybulls.com/admin/news2006/news_det.asp?id=299880
2021-10-20,"Sensex Slips Over 400 Points On Profit - Booking ; Nifty Trading Below 18 , 300",https://www.ndtv.com/business/sensex-slips-over-400-points-on-profit-booking-nifty-trading-below-18-300-2581659
2021-10-17,Mcap of eight of top - 10 most valued firms jump over ₹ 1 . 52 lakh crore,https://www.thehindubusinessline.com/markets/stock-markets/mcap-of-eight-of-top-10-most-valued-firms-jump-over-152-lakh-crore/article37035750.ece
2021-10-20,"HUL : HUL muted volume growth , valuation a concern for Street",https://economictimes.indiatimes.com/markets/stocks/earnings/huls-muted-volume-growth-valuation-a-concern-for-street/articleshow/87147506.cms
2021-10-03,Mcap of eight of top 10 valued companies tumble over Rs 1 . 80 lakh cr,https://www.dailyexcelsior.com/mcap-of-eight-of-top-10-valued-companies-tumble-over-rs-1-80-lakh-cr/
2021-10-10,M - cap of eight of top - 10 valued firms zooms over Rs 2 . 32 lakh cr ; Reliance lead gainer,https://www.businesstoday.in/markets/company-stock/story/m-cap-of-eight-of-top-10-valued-firms-zooms-over-rs-232-lakh-cr-reliance-lead-gainer-308969-2021-10-10
2021-12-29,Stock picks for 2022 : Choice Broking top seven recommendations,https://www.freepressjournal.in/business/stock-picks-for-2022-choice-brokings-top-seven-recommendations
2021-10-10,M - cap of 8 of top - 10 most valued cos jump Rs 2 . 32 lakh cr ; Reliance Industries lead gainer,https://www.deccanherald.com/business/economy-business/m-cap-of-8-of-top-10-most-valued-cos-jump-rs-232-lakh-cr-reliance-industries-lead-gainer-1039277.html
2021-10-19,Hindustan Unilever warns of inflationary pressures after Q2 net profit jump,https://www.business-standard.com/article/companies/hindustan-unilever-warns-of-inflationary-pressures-after-q2-net-profit-jump-121101901250_1.html
2021-10-27,"Focus on renewable energy , rationalise power tariff : HUL chief advice to Pb | Chandigarh News",https://timesofindia.indiatimes.com/city/chandigarh/focus-on-renewable-energy-rationalise-power-tariff-hul-chiefs-advice-to-pb/articleshow/87290881.cms
2021-10-24,"Latest News | Mcap of Five of Top - 10 Most Valued Firms Down by over Rs 1 . 42 Lakh Cr ; HUL , RIL Most Hit",https://www.latestly.com/agency-news/latest-news-mcap-of-five-of-top-10-most-valued-firms-down-by-over-rs-1-42-lakh-cr-hul-ril-most-hit-2982452.html
2021-10-19,"HUL : HUL net may rise 7 % on improving demand , but margins face pressure",https://economictimes.indiatimes.com/markets/stocks/earnings/hul-net-may-rise-7-on-improving-demand-but-margins-face-pressure/articleshow/87125631.cms
2021-10-07,"Rajib Kumar Singh vs The State Of Jharkhand And Anr on 6 October , 2021",https://indiankanoon.org/doc/95740194/
2021-10-17,Market cap of 8 of top - 10 most valued stocks jump over Rs 1 . 52 lakh crore,https://economictimes.indiatimes.com/markets/stocks/news/market-cap-of-8-of-top-10-most-valued-stocks-jump-over-rs-1-52-lakh-crore/articleshow/87080771.cms
2021-10-20,Indian stocks subdued as metal stocks weigh on easing supply worries,https://www.reuters.com/article/india-stocks/indian-stocks-subdued-as-metal-stocks-weigh-on-easing-supply-worries-idUSL4N2RG1BX
2021-10-19,"Hindustan Unilever consolidated net up 10 % at ₹2 , 181 crore - The Hindu BusinessLine",https://www.thehindubusinessline.com/companies/hindustan-unilever-consolidated-net-up-10-at-2181-crore/article37077609.ece
2021-10-17,"Eight of top - 10 most valued firms add over Rs 1 . 52 lakh crore to m - cap ; HDFC , SBI top gainers",https://www.businesstoday.in/markets/company-stock/story/eight-of-top-10-most-valued-firms-add-over-rs-152-lakh-crore-to-m-cap-hdfc-sbi-lead-gainers-309592-2021-10-17
2021-10-17,Mcap of eight of top - 10 most valued firms jump over Rs 1 . 52 lakh crore,https://www.deccanherald.com/business/business-news/mcap-of-eight-of-top-10-most-valued-firms-jump-over-rs-152-lakh-crore-1041420.html
2021-11-27,Stock market crash : One in three of Nifty 500 stocks in bear territory,https://economictimes.indiatimes.com/markets/stocks/news/one-in-three-of-nifty-500-stocks-in-bear-territory/articleshow/87942722.cms
2021-11-23,"Tamil Nadu to see fresh investments worth Rs 35 , 208 crore from 59 companies",https://www.business-standard.com/article/current-affairs/tamil-nadu-to-see-fresh-investments-worth-rs-35-208-crore-from-59-companies-121112300789_1.html
2021-10-19,"Stock Market Updates ( October 19 , 2021 ): Sensex Up Over 300 Points ; L & T , Tech Mahindra Top Gainers",https://www.ndtv.com/business/stock-market-updates-october-19-2021-sensex-up-over-300-points-l-t-tech-mahindra-top-gainers-2580126
2021-11-01,"FMCG market shrinks 0 . 5 % in Q2 on higher base , low demand",https://economictimes.indiatimes.com/industry/cons-products/fmcg/fmcg-market-shrinks-0-5-in-q2-on-higher-base-low-demand/articleshow/87450803.cms
2021-11-02,"Share Market LIVE Updates : Sensex Rises Over 250 Points , Nifty Above 18 , 000 ; Tata Motors Top Gainer",https://www.ndtv.com/business/share-market-live-updates-sensex-rises-over-250-points-nifty-above-18-000-tata-motors-top-gainer-2596511
2021-11-10,"Share Market Updates : Sensex , Nifty Decline For Second Straight Session Dragged By Banking Shares",https://www.ndtv.com/business/share-market-updates-sensex-nifty-decline-for-second-straight-session-dragged-by-banking-shares-2605619
2021-12-17,"Share Market LIVE Updates : Sensex , Nifty Edge Lower ; Information Technology Shares Outperform",https://www.ndtv.com/business/share-market-live-updates-sensex-nifty-edge-lower-information-technology-shares-outperform-2655966
2021-10-14,Royal Enfield Shubhranshu Singh joins Tata Motors,https://www.afaqs.com/people-spotting/royal-enfields-shubhranshu-singh-joins-tata-motors
2021-12-06,"FICCI appoints Hindustan Unilever Limited Chairman , MD Sanjiv Mehta as President - Elect",https://news.webindia123.com/news/Articles/Business/20211206/3868494.html
2021-10-19,"Hindustan Unilever Q2 net rises 10 . 7 % to ₹2 , 185 crore ; sales up by 11 . 3 % at ₹12 , 812 crore",https://www.thehindu.com/business/Industry/hindustan-unilever-q2-net-rises-107-to-2185-crore-sales-up-by-113-at-12812-crore/article37071749.ece
2021-12-10,"Ready to Cook Market in India to grow by USD 451 . 57 mn |Evolving Opportunities with Bambino Agro Industries Ltd ., Gits Food Products Pvt . Ltd . & Hindustan Unilever Ltd . ",https://www.prnewswire.com:443/news-releases/ready-to-cook-market-in-india-to-grow-by-usd-451-57-mn-evolving-opportunities-with-bambino-agro-industries-ltd-gits-food-products-pvt-ltd--hindustan-unilever-ltd-17000-technavio-reports-301441410.html
2021-12-10,"Ready to Cook Market in India to grow by USD 451 . 57 mn |Evolving Opportunities with Bambino Agro Industries Ltd ., Gits Food Products Pvt . Ltd . & Hindustan Unilever Ltd . ",https://www.prnewswire.com/news-releases/ready-to-cook-market-in-india-to-grow-by-usd-451-57-mn-evolving-opportunities-with-bambino-agro-industries-ltd-gits-food-products-pvt-ltd--hindustan-unilever-ltd-17000-technavio-reports-301441410.html
2021-12-20,PM interacts with leading CEOs - The Hindu BusinessLine,https://www.thehindubusinessline.com/news/pm-interacts-with-leading-ceos/article37999143.ece
2021-12-17,"Equities settle sharply low ; bank , financial services stocks down",https://www.prokerala.com/news/articles/a1227808.html
2021-10-19,DMart CEO Navil Noronha is Now A Billionaire,https://english.sakshi.com/news/business/dmart-ceo-navil-noronha-now-billionaire-145124
2021-10-20,Axis Bank appoints Anoop Manohar as Chief Marketing Officer,https://www.exchange4media.com/people-movement-news/axis-bank-appoints-anoop-manohar-as-chief-marketing-officer-116400.html
2021-12-18,India - Congratulations ! Leena Nair appointed global CEO of ... ,https://menafn.com/1103391893/India-Congratulations-Leena-Nair-appointed-global-CEO-of-fashion-label-Chanel&source=21
2021-12-17,"Equities settle sharply low ; bank , financial services stocks down",https://news.webindia123.com/news/Articles/Business/20211217/3875748.html
2021-12-15,Unilever CHRO Leena Nair joins French luxury fashion house Chanel as global CEO,https://www.jagranjosh.com/current-affairs/indian-origin-leena-nair-named-ceo-of-chanel-french-luxury-brand-1639541194-1
2021-11-09,Cookie king Britannia is unable to grow its profit despite a price increase,https://www.businessinsider.in/retail/news/profit-margin-of-britannia-declines-in-q2-of-fy-2022/articleshow/87600806.cms
2021-11-25,"Share Market LIVE Updates : Sensex , Nifty Edge Flat ; ICICI Bank , IndusInd Bank Top Losers",https://www.ndtv.com/business/share-market-live-updates-sensex-nifty-edge-flat-icici-bank-indusind-bank-top-losers-2623799
2021-10-19,"Sensex opens above 62 , 000 , Nifty crosses 18 , 500",https://www.indiatoday.in/business/story/stock-market-opening-october-19-sensex-nifty-at-record-high-1866410-2021-10-19
2021-10-19,"Stock Market Updates ( October 19 , 2021 ): Sensex , Nifty Ended Flat ; Tech Mahindra Top Gainer , ITC Slides 6 % ",https://www.ndtv.com/business/stock-market-updates-october-19-2021-sensex-nifty-ended-flat-tech-mahindra-top-gainer-itc-slides-6-2580571
2021-10-08,Airtel appoints Soumen Ray as CFO - The Hindu BusinessLine,https://www.thehindubusinessline.com/companies/airtel-appoints-soumen-ray-as-cfo/article36902913.ece
2021-10-12,"Share Market Updates : Sensex Nifty End At Record Highs For Second Straight Session Led By Titan , SBI",https://www.ndtv.com/business/share-market-updates-sensex-nifty-end-at-record-highs-for-second-straight-session-led-by-titan-sbi-2572859
2021-11-09,Britannia Industries share price target : Britannia rerating hinges on success in new segments,https://economictimes.indiatimes.com/markets/stocks/news/britannias-rerating-hinges-on-success-in-new-segments/articleshow/87599254.cms
2021-11-09,Britannia Industries share price target : Britannia rerating hinges on success in new segments,https://economictimes.indiatimes.com/industry/cons-products/fmcg/britannias-rerating-hinges-on-success-in-new-segments/articleshow/87601434.cms
2021-12-06,Sanjiv Mehta All Set To Take Charge As President Of FICCI,http://www.businessworld.in/article/Sanjiv-Mehta-All-Set-To-Take-Charge-As-President-Of-FICCI-/06-12-2021-413894/
2021-12-12,"M - cap of seven most valued firms rises by Rs 2 . 28 trn , RIL gains most",https://www.business-standard.com/article/markets/m-cap-of-seven-most-valued-firms-rise-by-rs-2-28-trn-ril-gains-big-121121200183_1.html
2021-11-23,Dermalogica signs on actor Neha Dhupia as its first - ever brand ambassador,https://www.indiantelevision.com/mam/marketing/brands/dermalogica-signs-on-actor-neha-dhupia-as-its-first-ever-brand-ambassador-211123
2021-10-19,"HUL Q2 results : Net profit rises 9 % to Rs 2 , 187 cr",https://www.businesstoday.in/latest/corporate/story/hul-q2-results-net-profit-rises-9-to-rs-2187-cr-309787-2021-10-19
2021-10-03,M - cap of eight of 10 most valued companies tumbles below Rs 1 . 80 trillion,https://www.business-standard.com/article/markets/m-cap-of-eight-of-10-most-valued-companies-tumbles-below-rs-1-80-trillion-121100300198_1.html
2021-12-06,Food Processing Ministry gives nod to 60 applications under PLI Scheme,https://www.thehindubusinessline.com/economy/policy/food-processing-ministry-gives-nod-to-60-applications-under-pli-scheme/article37869787.ece
2021-12-06,FICCI appoints HUL Sanjiv Mehta as President - Elect - The Hindu BusinessLine,https://www.thehindubusinessline.com/news/ficci-appoints-huls-sanjiv-mehta-as-president-elect/article37863981.ece
2021-12-11,Kotak Mahindra Bank : Ashu Suyash joins as independent director,https://www.telegraphindia.com/business/kotak-mahindra-bank-ashu-suyash-joins-as-independent-director/cid/1842940
2021-12-02,HUL says it has become coal - free,https://www.thehindu.com/business/hul-says-it-has-become-coal-free/article37810431.ece
2021-10-22,Q2FY22 Result Update - Hindustan Unilever - ICICI Direct,https://www.equitybulls.com/admin/news2006/news_det.asp?id=300175
2021-10-04,Fund review : Sundaram Select Focus Fund,https://economictimes.indiatimes.com/mf/analysis/sundaram-select-focus-mutual-fund-review-needs-to-show-more-than-marginal-improvement-in-returns/articleshow/86745821.cms
2021-12-06,Food processing ministry okays 60 applications under PLI scheme,https://www.business-standard.com/article/economy-policy/food-processing-ministry-okays-60-applications-under-pli-scheme-121120601319_1.html
2021-12-07,Hindustan Unilever eliminates coal usage across operations,https://www.globalcosmeticsnews.com/hindustan-unilever-eliminates-coal-usage-across-operations/
2021-10-19,"Indian stocks rise on IT , financial boost",https://www.reuters.com/article/india-stocks/indian-stocks-rise-on-it-financial-boost-idUSL4N2RF0XM
2021-10-19,"Indian stocks rise on IT , financial boost",https://www.reuters.com/world/india/indian-stocks-rise-it-financial-boost-2021-10-19/
2021-10-17,M - cap of eight of top - 10 most valued firms jumps over Rs 1 . 52 trn,https://www.business-standard.com/article/markets/m-cap-of-eight-of-top-10-most-valued-firms-jump-over-rs-1-52-trn-121101700447_1.html
2021-10-28,Inflation could singe Indian consumers as manufacturers hike prices,https://bdnews24.com/economy/2021/10/28/inflation-could-singe-indian-consumers-as-manufacturers-hike-prices
2021-10-12,"Share Market LIVE Updates : Sensex , Nifty Trade On A Flat Note ; Tata Motors Outperform",https://www.ndtv.com/business/share-market-live-updates-sensex-nifty-trade-on-a-flat-note-tata-motors-outperform-2572420
2021-12-21,Commodity prices may soften by second half of 2022 : HUL Sanjiv Mehta,https://www.businesstoday.in/latest/economy/story/commodity-prices-may-soften-by-second-half-of-2022-huls-sanjiv-mehta-316387-2021-12-21
2021-12-07,Sanjiv Mehta is FICCI President - Elect,https://www.msn.com/en-in/news/other/sanjiv-mehta-is-ficci-president-elect/ar-AARy1D5
2021-12-07,Sanjiv Mehta is FICCI President - Elect,https://www.msn.com/en-in/news/newsindia/sanjiv-mehta-is-ficci-president-elect/ar-AARy1D5
2021-12-07,"Nifty FMCG Advances Almost 1 % After This Announcement ; ITC , HUL Rise",https://in.investing.com/news/nifty-fmcg-advances-almost-1-after-this-announcement-itc-hul-rise-2991005
2021-11-23,"TN inks investment deals worth ₹35 , 723 crore with 52 companies",https://www.thehindubusinessline.com/economy/tn-inks-investment-deals-worth-35723-crore-with-52-companies/article37640304.ece
2021-10-22,Laundry Care Market to grow by USD 21 . 88 bn from 2021 to 2025|Product Innovation And Portfolio Extension to Boost Market Growth,https://www.prnewswire.com:443/news-releases/laundry-care-market-to-grow-by-usd-21-88-bn-from-2021-to-2025product-innovation-and-portfolio-extension-to-boost-market-growth17-000-technavio-research-reports-301405280.html
2021-10-22,Laundry Care Market to grow by USD 21 . 88 bn from 2021 to 2025|Product Innovation And Portfolio Extension to Boost Market Growth,https://www.prnewswire.com/news-releases/laundry-care-market-to-grow-by-usd-21-88-bn-from-2021-to-2025product-innovation-and-portfolio-extension-to-boost-market-growth17-000-technavio-research-reports-301405280.html
2021-10-20,HUL shares slip 3 % post Q2 earnings ; here what brokerages say,https://www.businesstoday.in/markets/stocks/story/hul-shares-slip-3-post-q2-earnings-heres-what-brokerages-say-309930-2021-10-20
2021-11-13,"HUL saved €1 . 2 billion of cost due to sustainable sourcing , eco - efficiencies at factories",https://www.businesstoday.in/latest/corporate/story/hul-saved-eu12-billion-of-cost-due-to-sustainable-sourcing-eco-efficiencies-at-factories-312105-2021-11-13
2021-10-25,Explained : Why ICICI Bank stock hit record high today,https://www.indiatoday.in/business/story/icici-bank-stock-market-rally-share-price-record-high-q2-september-results-1869117-2021-10-25
2021-10-24,"Reliance Industries , Hindustan Unilever among companies with eroded valuations",https://www.naveenbharat.in/reliance-industries-hindustan-unilever-among-companies-with-eroded-valuations/
2021-12-16,"Leena Nair Biography : Birth , Age , Education , Career , Awards , Net Worth and More about CEO of Chanel",https://www.jagranjosh.com/general-knowledge/leena-nair-biography-birth-age-education-career-awards-and-more-1639625562-1
2021-10-28,Higher Consumer Product Prices Could Hit Spending,https://www.ndtv.com/business/higher-consumer-products-prices-could-hit-spending-2591434
2021-10-29,Inflation could singe Indian consumers as manufacturers hike prices,https://www.thehindubusinessline.com/economy/inflation-could-singe-indian-consumers-as-manufacturers-hike-prices/article37225070.ece
2021-10-19,"HUL Q2 Results : Net profit rises 9 % YoY , misses estimate ; co to pay Rs 15 dividend",https://economictimes.indiatimes.com/markets/stocks/earnings/hul-q2-results-net-profit-rises-9-yoy-misses-estimate-co-to-pay-rs-15-dividend/articleshow/87132704.cms
2021-10-18,India richest CEO Navil Noronha is now a billionaire,https://www.dnaindia.com/business/report-ignatius-navil-noronha-indias-richest-ceo-is-now-a-billionaire-avenue-supermarts-dmart-2915958
2021-11-14,"HUL saved €1 . 2 billion of cost due to sustainable sourcing , eco - efficiencies at factories",https://www.businesstoday.in/latest/corporate/story/unilever-saved-eu12-billion-of-cost-due-to-sustainable-sourcing-eco-efficiencies-at-factories-312105-2021-11-13
2021-11-27,India ITC makes first D2C investment with 16 % stake buy in Mother Sparsh,https://www.dealstreetasia.com/stories/itc-mother-sparsh-271566/
2021-10-24,IIM - Lucknow concludes summer placements with highest stipend of Rs 3 lakh per month,https://www.indiatoday.in/cities/lucknow/story/iim-lucknow-concludes-summer-placements-with-highest-stipend-of-rs-3-lakh-per-month-1868794-2021-10-24
2021-10-24,IIM - lucknow records 100 % placements ; 562 students get 567 offers [ details ] ,https://www.ibtimes.co.in/iim-lucknow-records-100-placements-rs-3-4-lakh-highest-monthly-stipend-details-841999
2021-12-31,"Opening Bell : Sensex , Nifty open higher ; Tata Motors , Titan in focus",https://www.msn.com/en-in/money/markets/opening-bell-sensex-nifty-open-higher-tata-motors-titan-in-focus/ar-AASiolo
2021-11-12,India Inc may soon pass on the higher input cost burden to customers,https://www.businesstoday.in/latest/corporate/story/india-inc-may-soon-pass-on-the-higher-input-cost-burden-to-customers-312033-2021-11-12
2021-12-09,Perfume Market in India to grow by USD 1 . 02 bn | Evolving Opportunities with Avon Products Inc . and Beiersdorf AG,https://www.prnewswire.com:443/news-releases/perfume-market-in-india-to-grow-by-usd-1-02-bn--evolving-opportunities-with-avon-products-inc-and-beiersdorf-ag--17000-technavio-reports-301441303.html
2021-11-26,Equities settle in green ; RIL jumps over 6 % ,https://www.siliconindia.com/finance/news/equities-settle-in-green-ril-jumps-over-6-nid-217453.html
2021-11-25,Equities settle in green ; RIL jumps over 6 % ,https://www.prokerala.com/news/articles/a1220314.html
2021-10-25,ICICI Bank overtakes HUL in m - cap to occupy 5th spot - The Hindu BusinessLine,https://www.thehindubusinessline.com/money-and-banking/icici-bank-overtakes-hul-in-m-cap-to-occupy-5th-spot/article37164880.ece
2021-11-25,Equities settle in green ; RIL jumps over 6 % ( Roundup ) ,https://menafn.com/1103249914/Equities-settle-in-green-RIL-jumps-over-6-Roundup&source=26
2021-10-08,"Bharti Airtel names Soumen Ray as new CFO for India , S . Asia",https://economictimes.indiatimes.com/industry/telecom/bharti-airtel-names-soumen-ray-as-new-cfo-for-india-s-asia/articleshow/86869180.cms
2021-10-31,Market cap of 9 most valued stocks tumbles by over Rs 2 . 48 lakh crore,https://economictimes.indiatimes.com/markets/stocks/news/market-cap-of-9-most-valued-stocks-tumbles-by-over-rs-2-48-lakh-crore/articleshow/87419620.cms
2021-11-26,"HUL , ITC increase soaps , detergents prices , here why youll have to loosen the purse strings | Economy News",https://zeenews.india.com/economy/hul-itc-increase-soaps-detergents-prices-here-s-why-you-ll-have-to-loosen-the-purse-strings-2413783.html
2021-11-01,"Hindustan Unilever Q2 net profit up 8 . 9 % at Rs 2 , 187 crore",https://www.domain-b.com/companies/companies_h/Hindustan_Lever_Ltd/20211022_net_profit.html
2021-11-09,"Nifty outlook : Axis Securities sees Nifty above 20 , 000 by 2022 - end on strong earnings",https://economictimes.indiatimes.com/markets/stocks/news/axis-securities-sees-nifty-above-20000-by-2022-end-on-strong-earnings/articleshow/87604996.cms
2021-12-19,bse market cap : Mcap of eight of top - 10 most valued companies erodes by over Rs 2 . 61 lakh cr,https://economictimes.indiatimes.com/markets/stocks/news/mcap-of-eight-of-top-10-most-valued-companies-erodes-by-over-rs-2-61-lakh-cr/articleshow/88368901.cms
2021-12-19,Eight of top - 10 most valued firms lose over Rs 2 . 61 lakh cr in m - cap ; RIL most hit,https://www.businesstoday.in/markets/company-stock/story/eight-of-top-10-most-valued-firms-lose-over-rs-261-lakh-cr-in-m-cap-ril-most-hit-316116-2021-12-19
2021-11-23,Swiggy Instamart rides on the popularity of Liril girl waterfall ad,https://www.afaqs.com/news/advertising/swiggy-instamart-rides-on-the-popularity-of-liril-girl-waterfall-ad
2021-10-20,"Hindustan Unilever : Indian stocks end lower as metals , energy stocks drag",https://www.marketscreener.com/quote/stock/HINDUSTAN-UNILEVER-LIMITE-6491919/news/Hindustan-Unilever-Indian-stocks-end-lower-as-metals-energy-stocks-drag-36724086/
2021-12-05,Salesmen threaten supply disruptions in protest against Reliance,https://www.telegraphindia.com/india/salesmen-threaten-supply-disruptions-in-protest-against-reliance/cid/1842023
2021-12-16,"Share Market Live Updates : Sensex Rises Over 400 Points , Nifty Trades Above 17 , 350 ; Bajaj Finance , Infosys , Among Top Gainers",https://www.ndtv.com/business/share-market-live-updates-sensex-rises-over-400-points-nifty-trades-above-17-350-bajaj-finance-infosys-among-top-gainers-2653957
2021-11-28,BSE Market cap : M - cap of nine of top - 10 most valued firms erode by over Rs 2 . 62 lakh cr,https://economictimes.indiatimes.com/markets/stocks/news/mcap-of-nine-of-top-10-most-valued-firms-erode-by-over-rs-2-62-lakh-cr/articleshow/87961896.cms
2021-12-02,"Share Market Updates : Sensex Rallies Over 750 Points , Nifty Ends Above 17 , 400 On Broad - Based Buying Interest",https://www.ndtv.com/business/share-market-updates-sensex-rallies-over-750-points-nifty-ends-above-17-400-on-broad-based-buying-interest-2634131
2021-11-28,Nine of top - 10 most valued firms lose over Rs 2 . 62 lakh cr in m - cap,https://www.businesstoday.in/markets/top-story/story/nine-of-top-10-most-valued-firms-lose-over-rs-262-lakh-cr-in-m-cap-313698-2021-11-28
2021-12-13,Sanjiv Mehta named FICCI president for 2021 - 22,https://www.indiantelevision.com/television/tv-channels/news-broadcasting/sanjiv-mehta-named-ficci-president-for-2021-22-211213
2021-12-30,Maharashtra distributors to stop supplies of certain HUL products from Jan 1,https://www.thehindubusinessline.com/companies/maharashtra-distributors-to-stop-supplies-of-certain-hul-products-from-jan-1/article38072081.ece
2021-12-31,Sensex climbs 459 points ; posts 22 per cent surge in 2021,https://news.webindia123.com/news/Articles/Business/20211231/3883657.html
2021-10-04,Lakme wont carry tests on animals for its cosmetics products,https://www.prokerala.com/news/articles/a1203782.html
2021-10-20,"Markets skid for second day as inflation , valuation concern weigh",https://www.business-standard.com/article/markets/markets-skid-for-second-day-as-inflation-valuation-concerns-weigh-121102001276_1.html
2021-12-03,HUL Becomes Coal - Free across Its Operations – Advanced BioFuels united states ,https://advancedbiofuelsusa.info/hul-becomes-coal-free-across-its-operations/
2021-10-12,Ayurveda beauty brand Vedix expands men care portfolio,https://economictimes.indiatimes.com/industry/cons-products/fmcg/ayurveda-beauty-brand-vedix-expands-men-care-portfolio/articleshow/86965000.cms
2021-10-12,Karnataka to get three more material - recovery units | Mangaluru News,https://timesofindia.indiatimes.com/city/mangaluru/karnataka-to-get-three-more-material-recovery-units/articleshow/86947276.cms
2021-10-05,Lakme wont carry tests on animals for its cosmetics produc ... ,https://menafn.com/1102916738/Lakme-wont-carry-tests-on-animals-for-its-cosmetics-products&source=19
2021-11-12,Nandita Sinha to take charge as new Myntra CEO,https://www.indiantelevision.com/mam/marketing/mam/nandita-sinha-to-take-charge-as-new-myntra-ceo-211112
2021-12-03,"Stock Market LIVE Updates : Sensex , Nifty50 slip into red ; Gujarat Fluoro up 7 %, IEX 6 % ",https://www.msn.com/en-in/news/other/stock-market-live-updates-sensex-nifty50-slip-into-red-gujarat-fluoro-up-7-iex-6/ar-AARpmJt
2021-10-19,"HUL Q2 results : Net profit up 10 . 7 % to Rs 2 , 185 cr ; net sales up 11 . 3 % at Rs 12 , 812 cr",https://www.freepressjournal.in/business/hul-q2-results-net-profit-up-107-to-rs-2185-cr-net-sales-up-113-at-rs-12812-cr
2021-12-16,business - leaders New Chanel boss Leena Nair Kolkata connect,https://www.telegraphindia.com/my-kolkata/people/new-chanel-boss-leena-nairs-kolkata-connect/cid/1843554
2021-12-20,"Twin Health expands into India , onboards Prabh Singh as CEO",https://www.indiantelevision.com/mam/media-and-advertising/people/twin-health-expands-into-india-onboards-prabh-singh-as-ceo-211220
2021-10-19,"Indian stocks end lower as metals , banks drag ; ITC slumps 6 % ",https://www.marketscreener.com/news/latest/Indian-stocks-end-lower-as-metals-banks-drag-ITC-slumps-6--36712963/
2021-12-05,Where To Buy Ponds In Australia ? ,https://malaysiandigest.com/where-to-buy-ponds-in-australia/
2021-10-25,ICICI Bank pips HUL to become 5th most valued stock on D - Street,https://economictimes.indiatimes.com/markets/stocks/news/icici-bank-pips-hul-to-become-5th-most-valued-stock-on-d-street/articleshow/87253042.cms
2021-12-15,Top 5 Current Affairs : 15 December 2021,https://www.jagranjosh.com/current-affairs/top-5-current-affairs-for-upsc-ssc-govt-jobs-15-december-2021-1639573461-1
2021-10-11,TATA Tea Gold rings in the Durga Puja festivities with specially designed packs,https://www.afaqs.com/design-digest/tata-tea-gold-rings-in-durga-puja-festivities-with-specially-designed-packs
2021-10-24,"Five of top - 10 valued firms lost over Rs 1 . 42 lakh cr in m - cap ; RIL , HUL and TCS worst hit",https://www.businesstoday.in/markets/company-stock/story/five-of-top-10-valued-firms-lost-over-rs-142-lakh-cr-in-m-cap-ril-hul-and-tcs-worst-hit-310269-2021-10-24
2021-10-25,"Five of top - 10 valued firms lose over Rs 1 . 42 lakh cr in m - cap ; RIL , HUL and TCS worst hit",https://www.businesstoday.in/markets/company-stock/story/five-of-top-10-valued-firms-lose-over-rs-142-lakh-cr-in-m-cap-ril-hul-and-tcs-worst-hit-310269-2021-10-24
2021-10-14,India : Delhivery appoints three new independent board directors,https://www.dealstreetasia.com/stories/india-delhivery-appoints-three-new-independent-board-directors-265220/
2021-10-26,"After Posting 30 Per Cent Rise In Q2 Profit , ICICI Bank Beats HUL In M - Cap , Became 5th Largest Firm",https://www.outlookindia.com/website/story/business-news-after-posting-30-per-cent-rise-in-q2-profit-icici-bank-beats-hul-in-m-cap-became-5th-largest-firm/398777
2021-12-01,"Estée Lauder , LG H & H and HUL feature in our big brand round - up",https://www.cosmeticsdesign-europe.com/Article/2021/11/30/Estee-Lauder-LG-H-H-and-HUL-feature-in-our-big-brand-round-up
2021-11-30,"Estée Lauder , LG H & H and HUL feature in our big brand round - up",https://www.cosmeticsdesign-asia.com/Article/2021/11/30/Estee-Lauder-LG-H-H-and-HUL-feature-in-our-big-brand-round-up
2021-11-01,"Sensex up 338 points intraday , Nifty above 17 , 700 - The Hindu BusinessLine",https://www.thehindubusinessline.com/markets/stock-markets/sensex-up-338-points-intraday-nifty-above-17700/article37279576.ece
2021-10-31,"Nine of top 10 most valued firms lose over Rs 2 . 48 lakh crore in m - cap ; RIL , HDFC Bank most hit",https://www.businesstoday.in/markets/company-stock/story/nine-of-top-10-most-valued-firms-lose-over-rs-248-lakh-crore-in-m-cap-ril-hdfc-bank-most-hit-310951-2021-10-31
2021-11-25,"Sensex , Nifty recover as energy , IT stocks rise ; Reliance up 6 % ",https://www.indiatoday.in/business/story/stock-market-closing-november-25-sensex-nifty-energy-it-shares-reliance-1880743-2021-11-25
2021-11-12,Myntra appoints Nandita Sinha as CEO,https://www.thehindu.com/business/myntra-appoints-nandita-sinha-as-ceo/article37451979.ece
2021-11-23,"Sensex , Nifty recover sharply on value buying - The Hindu BusinessLine",https://www.thehindubusinessline.com/markets/stock-markets/sensex-nifty-recover-sharply-on-value-buying/article37640025.ece
2021-11-25,"Sensex up 245 points intraday , Nifty above 17 , 400 - The Hindu BusinessLine",https://www.thehindubusinessline.com/markets/stock-markets/sensex-up-245-points-intraday-nifty-above-17400/article37678285.ece
2021-11-25,Equities settle in green ; RIL jumps over 6 % Change,https://www.ibtimes.co.in/sensex-nifty-end-green-ril-share-price-bounces-back-details-843093
2022-12-22,Hindustan Unilever Share Price : Live NSE / BSE Stock Price Today,https://www.business-standard.com/company/hind-unilever-255.html
2022-12-26,Hindustan Unilever Ltd eases for fifth straight session,https://www.business-standard.com/article/news-cm/hindustan-unilever-ltd-eases-for-fifth-straight-session-122122600158_1.html
2022-10-31,Hindustan Unilever Ltd up for third consecutive session,https://www.business-standard.com/article/news-cm/hindustan-unilever-ltd-up-for-third-consecutive-session-122103100500_1.html
2022-12-07,Hindustan Unilever Ltd up for third straight session,https://www.business-standard.com/article/news-cm/hindustan-unilever-ltd-up-for-third-straight-session-122120700564_1.html
2022-10-18,Hindustan Unilever Ltd spurts 1 . 32 % ,https://www.business-standard.com/article/news-cm/hindustan-unilever-ltd-spurts-1-32-122101800583_1.html
2022-11-21,"zomato : Hot Stocks : Global brokerages on Glenmark Life , Zomato and Hindustan Unilever",https://economictimes.indiatimes.com/markets/stocks/news/hot-stocks-global-brokerages-on-glenmark-life-zomato-and-hindustan-unilever/articleshow/95650253.cms
2022-12-19,FPJ Rewind 2022 : Best performing Stocks of 2022,https://www.freepressjournal.in/business/fpj-rewind-2022-best-performing-stocks-of-2022
2022-10-21,Markets open higher on strong corporate earnings despite weak global cues,https://www.businessinsider.in/stock-market/news/markets-open-higher-on-strong-corporate-earnings-despite-weak-global-cues/articleshow/95002711.cms
2022-12-18,Mcap of 9 of top 10 most - valued cos erode by Rs 1 . 22 trn ; RIL top loser,https://www.business-standard.com/article/markets/mcap-of-9-out-of-top-10-most-valued-firms-erode-by-rs-1-22-trillion-122121800196_1.html
2022-11-20,"Eight of top - 10 firms add Rs 42 , 173 crore in m - cap ; ICICI Bank , Infy biggest gainers",https://timesofindia.indiatimes.com/business/markets/sensex/eight-of-top-10-firms-add-rs-42173-crore-in-m-cap-icici-bank-infy-biggest-gainers/articleshow/95635341.cms
2022-11-20,"ICICI Bank , Infosys top gainers as eight of top - 10 firms add Rs 42 , 173 cr in market capital",https://zeenews.india.com/markets/icici-bank-infosys-top-gainers-as-eight-of-top-10-firms-add-rs-42173-cr-in-market-capital-2537835.html
2022-11-20,"Mcap : Eight of top - 10 firms add ₹42 , 173 cr ; ICICI Bank , Infosys biggest gainers",https://www.thehindubusinessline.com/markets/mcap-eight-of-top-10-firms-add-42173-cr-icici-bank-infosys-biggest-gainers/article66160114.ece
2022-11-20,"Eight of top - 10 firms add Rs 42 , 173 crore in m - cap ; ICICI Bank , Infy biggest gainers",https://www.tribuneindia.com/news/business/eight-of-top-10-firms-add-rs-42-173-crore-in-m-cap-icici-bank-infy-biggest-gainers-452857
2022-11-06,Mcap of seven of top - 10 most valued firms rises Rs 1 . 33 lakh crore ; Reliance biggest winner,https://timesofindia.indiatimes.com/business/markets/sensex/mcap-of-seven-of-top-10-most-valued-firms-rises-rs-1-33-lakh-crore-reliance-biggest-winner/articleshow/95332335.cms
2022-11-06,Mcap of 7 of top - 10 most valued firms rises Rs 1 . 33 trn ; Reliance leads,https://www.business-standard.com/article/markets/mcap-of-7-of-top-10-most-valued-firms-rises-rs-1-33-trn-reliance-leads-122110600256_1.html
2022-11-06,Mcap : Seven of top - 10 most valued firms rises ₹1 . 33 lakh crore ; Reliance leads,https://www.thehindubusinessline.com/markets/mcap-seven-of-top-10-most-valued-firms-rises-133-lakh-crore-reliance-leads/article66103337.ece
2022-11-06,Mcap of seven of top - 10 most valued firms rises Rs 1 . 33 lakh crore ; Reliance biggest winner,https://www.tribuneindia.com/news/business/mcap-of-seven-of-top-10-most-valued-firms-rises-rs-1-33-lakh-crore-reliance-biggest-winner-448222
2022-10-30,"9 Of Top - 10 Firms Add Rs 90 , 319 Crore In Market Valuation Amid Upward Trend",https://www.ndtv.com/business/9-of-top-10-firms-add-rs-90-319-crore-in-market-valuation-amid-upward-trend-3473594
2022-10-30,"Nine of top - 10 firms add Rs 90 , 319 cr in market valuation ; RIL leads pack",https://www.business-standard.com/article/markets/nine-of-top-10-firms-add-rs-90-319-cr-in-market-valuation-ril-leads-pack-122103000214_1.html
2022-10-30,"Mcap : Nine of top - 10 firms add ₹90 , 319 crore ; RIL leads pack",https://www.thehindubusinessline.com/markets/mcap-nine-of-top-10-firms-add-90319-crore-ril-leads-pack/article66072576.ece
2022-11-13,Nine of top 10 firms add ₹2 . 12 lakh cr in m - cap ; HDFC Bank tops chart,https://www.thehindubusinessline.com/markets/nine-of-top-10-firms-add-212-lakh-cr-in-m-cap-hdfc-bank-tops-chart/article66131545.ece
2022-12-09,"Hindustan Unilever stocks : Accumulate Hindustan Unilever , target price Rs 2798 : Prabhudas Lilladher",https://economictimes.indiatimes.com/markets/stocks/recos/accumulate-hindustan-unilever-target-price-rs-2798-prabhudas-lilladher/articleshow/96104094.cms
2022-11-27,"Mcap of nine of top 10 firms climbs Rs 79 , 798 crore ; TCS , Infosys biggest winners",https://timesofindia.indiatimes.com/business/markets/sensex/mcap-of-nine-of-top-10-firms-climbs-rs-79798-crore-tcs-infosys-biggest-winners/articleshow/95801063.cms
2022-11-27,"TCS , Infosys top gainers as nine of top - 10 firms add Rs 79 , 798 . 3 cr in market capital",https://zeenews.india.com/markets/tcs-infosys-top-gainers-as-nine-of-top-10-firms-add-rs-79798-3-cr-in-market-capital-2540645.html
2022-11-28,"Mcap of 9 of top 10 firms climbs Rs 79 , 798 cr ; TCS , Infosys biggest winners",https://www.business-standard.com/article/markets/mcap-of-9-of-top-10-firms-climbs-rs-79-798-cr-tcs-infosys-biggest-winners-122112700164_1.html
2022-11-27,"M - cap of nine of top 10 firms climbs Rs 79 , 798 cr ; TCS , Infosys biggest winners",https://www.thehindubusinessline.com/markets/stock-markets/m-cap-of-nine-of-top-10-firms-climbs-rs-79798-cr-tcs-infosys-biggest-winners/article66190721.ece
2022-10-30,"Nine of top - 10 firms add Rs 90 , 319 crore in market valuation ; RIL leads pack",https://timesofindia.indiatimes.com/business/india-business/nine-of-top-10-firms-add-rs-90319-crore-in-market-valuation-ril-leads-pack/articleshow/95177367.cms
2022-10-30,"Nine of top - 10 firms add Rs 90 , 319 crore in market valuation ; RIL leads pack",https://www.tribuneindia.com/news/business/nine-of-top-10-firms-add-rs-90-319-crore-in-market-valuation-ril-leads-pack-445854
2022-11-13,Nine of top - 10 firms add Rs 2 . 12 lakh crore in m - cap ; HDFC Bank tops chart,https://timesofindia.indiatimes.com/business/markets/sensex/nine-of-top-10-firms-add-rs-2-12-lakh-crore-in-m-cap-hdfc-bank-tops-chart/articleshow/95485425.cms
2022-11-13,"HDFC Bank gains Rs 63 , 462 crore in market capital ; nine of top - 10 firms add Rs 2 . 12 lakh cr in m - cap",https://zeenews.india.com/markets/hdfc-bank-gains-rs-63462-crore-in-market-capital-nine-of-top-10-firms-add-rs-2-12-lakh-cr-in-m-cap-2534731.html
2022-11-13,Nine of top - 10 firms add Rs 2 . 12 trn in m - cap ; HDFC Bank tops chart,https://www.business-standard.com/article/markets/nine-of-top-10-firms-add-rs-2-12-trn-in-m-cap-hdfc-bank-tops-chart-122111300308_1.html
2022-11-13,Nine of top - 10 firms add Rs 2 . 12 lakh cr in m - cap ; HDFC Bank tops chart,https://www.tribuneindia.com/news/business/nine-of-top-10-firms-add-rs-2-12-lakh-cr-in-m-cap-hdfc-bank-tops-chart-450554
2022-12-30,Colors TV signs HUL TRESemmé as sponsor for Bigg Boss,https://www.livemint.com/companies/news/colors-tv-signs-hul-s-tresemm-as-sponsor-for-bigg-boss-11672394309288.html
2022-10-21,"Hindustan Unilever Q2 results : Profit jumps 20 % YoY to Rs 2 , 616 crore",https://www.businesstoday.in/latest/corporate/story/hindustan-unilever-q2-results-profit-jumps-20-yoy-to-rs-2616-crore-350542-2022-10-21
2022-11-30,"Sensex , Nifty scale new peaks",https://www.tribuneindia.com/news/business/sensex-nifty-scale-new-peaks-456208
2022-11-25,Stock market update November 25 : Benchmark indices fall in early trade after three - day rally,https://article.wn.com/view/2022/11/25/Stock_market_update_November_25_Benchmark_indices_fall_in_ea/
2022-10-02,Seven of top - 10 firms lose Rs 1 . 16 lakh cr in mcap ; Reliance worst hit,https://timesofindia.indiatimes.com/business/markets/sensex/seven-of-top-10-firms-lose-rs-1-16-lakh-cr-in-mcap-reliance-worst-hit/articleshow/94598024.cms
2022-10-02,top - 10 firms : Seven of top - 10 firms lose Rs 1 . 16 lakh cr in mcap ; Reliance worst hit,https://economictimes.indiatimes.com/markets/stocks/news/seven-of-top-10-firms-lose-rs-1-16-lakh-cr-in-mcap-reliance-worst-hit/articleshow/94595733.cms
2022-10-02,Seven of top - 10 firms lose Rs 1 . 16 trn in mcap ; Reliance worst hit,https://www.business-standard.com/article/markets/seven-of-top-10-firms-lose-rs-1-16-trn-in-mcap-reliance-worst-hit-122100200150_1.html
2022-10-02,Seven of top - 10 firms lose Rs 1 . 16 lakh cr in mcap ; Reliance worst hit,https://www.businesstoday.in/markets/company-stock/story/seven-of-top-10-firms-lose-rs-116-lakh-cr-in-mcap-reliance-worst-hit-348775-2022-10-02
2022-10-02,Seven of top - 10 firms lose Rs 1 . 16 lakh - crore in M - cap ; Reliance worst hit,https://www.tribuneindia.com/news/business/seven-of-top-10-firms-lose-rs-1-16-lakh-crore-in-m-cap-reliance-worst-hit-437432
2022-12-12,Wellbeing Nutrition raises $10 mn in Series B,https://article.wn.com/view/2022/12/12/Wellbeing_Nutrition_raises_10_mn_in_Series_B/
2022-11-25,Demand for tea dropped by 10 . 35 pc during Sale - 47 : CTTA data,https://economictimes.indiatimes.com/news/economy/agriculture/demand-for-tea-dropped-by-10-35-pc-during-sale-47-ctta-data/articleshow/95762772.cms
2022-12-16,"Tata Consumer Products , HUL Eye Buying Tea - Major Girnar Foods & Beverages : Report",https://www.india.com/business/tata-consumer-products-hul-eye-buying-tea-major-girnar-foods-beverages-report-5805591/
2022-12-19,"Stock market - Sensex , Nifty climb nearly 1 pc after two sessions of fall",https://www.telegraphindia.com/business/sensex-nifty-climb-nearly-1-pc-after-two-sessions-of-fall/cid/1904696
2022-12-20,Stock market - Markets fall in early trade amid weak global equities,https://www.telegraphindia.com/business/markets-fall-in-early-trade-amid-weak-global-equities/cid/1904835
2022-10-02,Seven of top - 10 firms lose Rs 1 . 16 lakh crore in mcap ; Reliance worst hit,https://www.indiatvnews.com/business/news/seven-of-top-10-firms-lose-rs-1-16-lakh-crore-in-mcap-reliance-worst-hit-market-update-2022-10-02-813065
2022-10-02,Latest News | Seven of Top - 10 Firms Lose Rs 1 . 16 Lakh Cr in Mcap ; Reliance Worst Hit,https://www.latestly.com/agency-news/latest-news-seven-of-top-10-firms-lose-rs-1-16-lakh-cr-in-mcap-reliance-worst-hit-4277210.html
2022-10-31,Stock Market Sectors : Stock market update : FMCG stocks up as market rises,https://economictimes.indiatimes.com/markets/stocks/stock-watch/stock-market-update-fmcg-stocks-up-as-market-rises/articleshow/95193337.cms
2022-12-25,Mcap of 10 most valued firms erodes by Rs 1 . 68 lakh cr ; Reliance biggest drag,https://timesofindia.indiatimes.com/business/markets/sensex/mcap-of-10-most-valued-firms-erodes-by-rs-1-68-lakh-cr-reliance-biggest-drag/articleshow/96491314.cms
2022-12-25,Mcap of 10 most valued firms erodes by Rs 1 . 68 trn ; Reliance biggest drag,https://www.business-standard.com/article/markets/mcap-of-10-most-valued-firms-erodes-by-rs-1-68-trn-reliance-biggest-drag-122122500157_1.html
2022-12-25,M - cap of 10 most valued firms erodes by Rs 1 . 68 lakh - crore ; Reliance biggest drag,https://www.tribuneindia.com/news/business/m-cap-of-10-most-valued-firms-erodes-by-rs-1-68-lakh-crore-reliance-biggest-drag-464401
2022-12-25,Latest News | Mcap of 10 Most Valued Firms Erodes by Rs 1 . 68 Lakh Cr ; Reliance Biggest Drag,https://www.latestly.com/agency-news/latest-news-mcap-of-10-most-valued-firms-erodes-by-rs-1-68-lakh-cr-reliance-biggest-drag-4631413.html
2022-12-16,Stock Market Sectors : Stock market update : FMCG stocks down as market falls,https://economictimes.indiatimes.com/markets/stocks/stock-watch/stock-market-update-fmcg-stocks-down-as-market-falls/articleshow/96279498.cms
2022-12-18,Mcap of nine of top - 10 most valued firms erode by Rs 1 . 22 lakh cr ; Reliance biggest laggard,https://economictimes.indiatimes.com/markets/stocks/news/mcap-of-nine-of-top-10-most-valued-firms-erode-by-rs-1-22-lakh-cr-reliance-biggest-laggard/articleshow/96316064.cms
2022-12-26,FPIs : FPIs lap up defensive stocks on return to Dalal Street,https://economictimes.indiatimes.com/markets/stocks/news/fpis-lap-up-defensive-stocks-on-return-to-dalal-street/articleshow/96504050.cms
2022-11-20,"ICICI Bank : Eight of top - 10 firms add Rs 42 , 173 cr in m - cap ; ICICI Bank , Infy biggest gainers",https://economictimes.indiatimes.com/markets/stocks/news/eight-of-top-10-firms-add-rs-42173-cr-in-m-cap-icici-bank-infy-biggest-gainers/articleshow/95635573.cms
2022-11-06,Mcap of seven of top - 10 most valued firms rises Rs 1 . 33 lakh crore ; Reliance biggest winner,https://economictimes.indiatimes.com/markets/stocks/news/mcap-of-seven-of-top-10-most-valued-firms-rises-rs-1-33-lakh-crore-reliance-biggest-winner/articleshow/95332371.cms
2022-11-10,Stock Market Sectors : Stock market update : FMCG stocks down as market falls,https://economictimes.indiatimes.com/markets/stocks/stock-watch/stock-market-update-fmcg-stocks-down-as-market-falls/articleshow/95417453.cms
2022-12-25,M - cap of 10 most valued firms erodes by ₹1 . 68 lakh crore ; Reliance biggest drag,https://www.thehindubusinessline.com/markets/m-cap-of-10-most-valued-firms-erodes-by-168-lakh-crore-reliance-biggest-drag/article66303945.ece
2022-10-21,Ambuja Cements - Hindustan Unilever Ltd reports 22 . 2 per cent increase in net profit,https://www.telegraphindia.com/business/hindustan-unilever-ltd-reports-22-2-per-cent-increase-in-net-profit/cid/1893540
2022-11-21,Stock Market Sectors : Stock market update : FMCG stocks up as market falls,https://economictimes.indiatimes.com/markets/stocks/stock-watch/stock-market-update-fmcg-stocks-up-as-market-falls/articleshow/95662545.cms
2022-11-25,Stock Market Sectors : Stock market update : FMCG stocks down as market falls,https://economictimes.indiatimes.com/markets/stocks/stock-watch/stock-market-update-fmcg-stocks-down-as-market-falls/articleshow/95754751.cms
2022-12-09,Sanjiv Mehta - Hindustan Unilever Ltd stake in OZiva,https://www.telegraphindia.com/business/hindustan-unilever-ltd-stake-in-oziva/cid/1902787
2022-11-29,Stock Market Sectors : Stock market update : FMCG stocks up as market rises,https://economictimes.indiatimes.com/markets/stocks/stock-watch/stock-market-update-fmcg-stocks-up-as-market-rises/articleshow/95856034.cms
2022-11-30,Stock Market Sectors : Stock market update : FMCG stocks up as market rises,https://economictimes.indiatimes.com/markets/stocks/stock-watch/stock-market-update-fmcg-stocks-up-as-market-rises/articleshow/95883847.cms
2022-12-02,Stock Market Sectors : Stock market update : FMCG stocks up as market falls,https://economictimes.indiatimes.com/markets/stocks/stock-watch/stock-market-update-fmcg-stocks-up-as-market-falls/articleshow/95938774.cms
2022-12-11,Five of top - 10 firms lose Rs 1 . 67 lakh crore in m - cap ; RIL biggest drag,https://timesofindia.indiatimes.com/business/markets/sensex/five-of-top-10-firms-lose-rs-1-67-lakh-crore-in-m-cap-ril-biggest-drag/articleshow/96147926.cms
2022-12-11,Five of top - 10 firms lose Rs 1 . 67 trn in m - cap ; RIL biggest drag,https://www.business-standard.com/article/markets/five-of-top-10-firms-lose-rs-1-67-trn-in-m-cap-ril-biggest-drag-122121100334_1.html
2022-12-16,"Top Headlines : GST Council meet , exports record flat growth , and more",https://www.business-standard.com/article/economy-policy/todays-top-headlines-gst-council-gutkha-cbdt-electric-vehicles-tata-consumer-hul-122121600120_1.html
2022-10-30,"reliance industries : Nine of top - 10 firms add Rs 90 , 319 cr in market valuation ; RIL leads pack",https://economictimes.indiatimes.com/markets/stocks/news/nine-of-top-10-firms-add-rs-90319-cr-in-market-valuation-ril-leads-pack/articleshow/95177156.cms
2022-11-04,Stock Market Sectors : Stock market update : FMCG stocks up as market rises,https://economictimes.indiatimes.com/markets/stocks/stock-watch/stock-market-update-fmcg-stocks-up-as-market-rises/articleshow/95301608.cms
2022-11-04,Stock Market Sectors : Stock market update : FMCG stocks up as market falls,https://economictimes.indiatimes.com/markets/stocks/stock-watch/stock-market-update-fmcg-stocks-up-as-market-falls/articleshow/95293378.cms
2022-12-11,Five of top - 10 firms lose ₹1 . 67 lakh crore in m - cap ; RIL biggest drag,https://www.thehindubusinessline.com/markets/five-of-top-10-firms-lose-167-lakh-crore-in-m-cap-ril-biggest-drag/article66251045.ece
2022-11-14,Stock Market Sectors : Stock market update : FMCG stocks up as market falls,https://economictimes.indiatimes.com/markets/stocks/stock-watch/stock-market-update-fmcg-stocks-up-as-market-falls/articleshow/95500338.cms
2022-11-14,Stock Market Sectors : Stock market update : FMCG stocks down as market falls,https://economictimes.indiatimes.com/markets/stocks/stock-watch/stock-market-update-fmcg-stocks-down-as-market-falls/articleshow/95510108.cms
2022-11-17,"Sensex nears 62K , Nifty tops 18 , 400 on buying in banks",https://www.tribuneindia.com/news/business/sensex-nears-62k-nifty-tops-18-400-on-buying-in-banks-451821
2022-10-09,"Seven of top 10 firms add ₹1 lakh cr in mcap ; RIL , TCS biggest gainers",https://www.thehindubusinessline.com/markets/seven-of-top-10-firms-add-1-lakh-cr-in-mcap-ril-tcs-biggest-gainers/article65987697.ece
2022-12-04,Mcap of eight of top - 10 most valued firms climb Rs 1 . 15 lakh cr ; Reliance biggest winner,https://timesofindia.indiatimes.com/business/markets/sensex/mcap-of-eight-of-top-10-most-valued-firms-climb-rs-1-15-lakh-cr-reliance-biggest-winner/articleshow/95976121.cms
2022-12-06,Stock Market Sectors : Stock market update : FMCG stocks up as market falls,https://economictimes.indiatimes.com/markets/stocks/stock-watch/stock-market-update-fmcg-stocks-up-as-market-falls/articleshow/96019345.cms
2022-12-04,Mcap of 8 of top - 10 most valued firms climb Rs 1 . 15 trn ; RIL biggest winner,https://www.business-standard.com/article/markets/mcap-of-8-of-top-10-most-valued-firms-climb-rs-1-15-trn-ril-biggest-winner-122120400212_1.html
2022-10-18,Stock Market Sectors : Stock market update : FMCG stocks up as market rises,https://economictimes.indiatimes.com/markets/stocks/stock-watch/stock-market-update-fmcg-stocks-up-as-market-rises/articleshow/94933226.cms
2022-12-09,"Indian equities rise on oil slide , China reopening hopes ; Paytm surges",https://www.thehindubusinessline.com/markets/equities-rise-on-oil-slide-china-reopening-hopes-paytm-surges/article66241786.ece
2022-12-04,M - cap of eight of top - 10 most valued firms climb Rs 1 . 15 lakh - crore ; Reliance biggest gainer,https://www.tribuneindia.com/news/business/m-cap-of-eight-of-top-10-most-valued-firms-climb-rs-1-15-lakh-crore-reliance-biggest-gainer-457638
2022-12-02,Stock Market Sectors : Stock market update : FMCG stocks down as market falls,https://economictimes.indiatimes.com/markets/stocks/stock-watch/stock-market-update-fmcg-stocks-down-as-market-falls/articleshow/95931183.cms
2022-10-04,India to overtake US as Unilever  largest busines : Hindustan chief,https://www.siliconindia.com/news/general/india-to-overtake-us-as-unilevers-largest-business-hindustan-chief-nid-220136-cid-1.html
2022-11-02,online shopping : Online shopping : a pandemic habit that stuck,https://economictimes.indiatimes.com/tech/technology/online-shopping-a-pandemic-habit-that-stuck/articleshow/95237936.cms
2022-11-19,How HUL is using tech and data to drive all aspects of its operations from production to distribution,https://economictimes.indiatimes.com/industry/cons-products/fmcg/how-hul-is-using-tech-and-data-to-drive-all-aspects-of-its-operations-from-production-to-distribution/articleshow/95629069.cms
2022-12-20,Stock Market Sectors : Stock market update : FMCG stocks down as market falls,https://economictimes.indiatimes.com/markets/stocks/stock-watch/stock-market-update-fmcg-stocks-down-as-market-falls/articleshow/96370686.cms
2022-10-09,"Seven of top - 10 firms add Rs 1 trn in mcap ; RIL , TCS biggest gainers",https://www.business-standard.com/article/markets/seven-of-top-10-firms-add-rs-1-trn-in-mcap-ril-tcs-biggest-gainers-122100900165_1.html
2022-10-09,"Seven of top - 10 firms add Rs 1 lakh - crore in M - cap ; RIL , TCS biggest gainers",https://www.tribuneindia.com/news/business/seven-of-top-10-firms-add-rs-1-lakh-crore-in-m-cap-ril-tcs-biggest-gainers-439626
2022-10-08,"Top headlines : RBI unveils digital rupee features , HUL price cuts , and more",https://www.business-standard.com/article/current-affairs/top-headlines-122100800101_1.html
2022-10-21,Stock Market Sectors : Stock market update : FMCG stocks down as market rises,https://economictimes.indiatimes.com/markets/stocks/stock-watch/stock-market-update-fmcg-stocks-down-as-market-rises/articleshow/95003462.cms
2022-12-12,"Wellbeing Nutrition raises $10 million in a Series B round led by HUL , Fireside Ventures",https://www.businesstoday.in/latest/corporate/story/wellbeing-nutrition-raises-10-million-in-a-series-b-round-led-by-hul-fireside-ventures-356091-2022-12-12
2022-11-01,"HUL , Birlasoft , Route Mobile & NACL Ind among 9 stocks to go ex - dividend today",https://www.businesstoday.in/markets/company-stock/story/hul-birlasoft-route-mobile-nacl-ind-among-9-stocks-to-go-ex-dividend-today-351372-2022-11-01
2022-10-21,"HUL remains resilient in spite of inflation biting hard in Q2 , FY23",https://www.businesstoday.in/latest/corporate/story/hul-remains-resilient-in-spite-of-inflation-biting-hard-in-q2-fy23-350558-2022-10-21
2022-11-15,Haleon Establishing Own Distribution In India To Unleash Growth,https://hbw.pharmaintelligence.informa.com/RS153111/Haleon-Establishing-Own-Distribution-In-India-To-Unleash-Growth
2022-10-20,"The price of quality : Should you invest in high PE stocks like Nestle , Asian Paints and HUL ? ",https://economictimes.indiatimes.com/prime/money-and-markets/the-price-of-quality-should-you-invest-in-high-pe-stocks-like-nestle-asian-paints-and-hul/primearticleshow/94969530.cms
2022-10-21,"HUL Q2 net profit rises 22 . 2 % to Rs 2 , 670 crore ; revenue up 16 . 4 % ",https://www.business-standard.com/article/companies/hul-q2-net-profit-rises-22-2-to-rs-2-670-crore-revenue-up-16-4-122102100992_1.html
2022-10-06,Stock Market Sectors : Stock market update : FMCG stocks up as market rises,https://economictimes.indiatimes.com/markets/stocks/stock-watch/stock-market-update-fmcg-stocks-up-as-market-rises/articleshow/94673276.cms
2022-10-24,Hindustan Unilever Ltd declares interim dividend of Rs . 17,https://www.equitybulls.com/category.php?id=321545
2022-11-10,Madhya Pradesh CM embarks on Mumbai tour to meet investors for upcoming summit,https://news.webindia123.com/news/Articles/Business/20221110/4002043.html
2022-10-25,"Beware of Dove , Tresemmé ! Unilever recalls products , says contaminated by cancer - causing chemical",https://www.businesstoday.in/latest/corporate/story/beware-of-dove-tresemme-unilever-recalls-products-says-contaminated-by-cancer-causing-chemical-350755-2022-10-25
2022-10-21,"HUL Q2 Results : HUL Q2 Results : Profit rises 20 % YoY to Rs 2 , 616 crore ; dividend declared at 17 / share",https://economictimes.indiatimes.com/markets/stocks/earnings/hul-q2-results-profit-rises-20-yoy-to-rs-2616-crore-dividend-declared-at-17/share/articleshow/95008608.cms
2022-10-25,"  Ayurveda now recognised as a traditional medicine in more than 30 countrie , says Ayush minister",https://www.businesstoday.in/industry/pharma/story/ayurveda-now-recognised-as-a-traditional-medicine-in-more-than-30-countries-says-ayush-minister-350750-2022-10-25
2022-10-24,Markets open Diwali Muhurat trading in green,https://www.indiainfoline.com/article/news-top-story/markets-open-diwali-muhurat-trading-in-green-122102400007_1.html
2022-10-06,Sensex climbs 513 points early trade | Markets News – India TV,https://www.indiatvnews.com/business/markets/sensex-nifty-bse-nse-share-markets-stock-exchange-top-gainers-tata-steel-axis-bank-icici-hcl-2022-10-06-814069
2022-10-20,Vaibhav Motghare - Timeline | Photos | Reviews,https://www.mouthshut.com/vmotghare36
2022-12-29,Stock market - Markets decline in early trade amid weak global trends ; Sensex falls over 380 points,https://www.telegraphindia.com/business/markets-decline-in-early-trade-amid-weak-global-trends-sensex-falls-over-380-points/cid/1906560
2022-11-02,Stock market - Markets halt four - day rally amid mixed global cues,https://www.telegraphindia.com/business/markets-halt-four-day-rally-amid-mixed-global-cues/cid/1895733
2022-11-04,"Stock market - Markets settle higher after two days of fall ; Sensex settles at 60 , 950",https://www.telegraphindia.com/business/markets-settle-higher-after-two-days-of-fall-sensex-settles-at-60950/cid/1896182
2022-12-26,"Sensex , Nifty jump over 1 % after four days of decline",https://www.thehindu.com/business/markets/sensex-nifty-jump-over-1-after-four-days-of-decline/article66306847.ece
2022-12-27,Markets climb for second day on firm global cues,https://www.thehindu.com/business/markets/markets-climb-for-second-day-on-firm-global-cues/article66310198.ece
2022-12-05,"Opening bell : Indices open flat ; Sensex down 65 points at 62803 ,  Nifty at 18685",https://www.freepressjournal.in/business/opening-bell-indices-open-flat-sensex-up-points-at62803nifty-at-18685
2022-12-29,Markets decline in early trade amid weak global trends,https://www.tribuneindia.com/news/business/markets-decline-in-early-trade-amid-weak-global-trends-465570
2022-12-02,Markets fall in early trade after 8 days of rally,https://www.tribuneindia.com/news/business/markets-fall-in-early-trade-after-8-days-of-rally-456875
2022-12-02,Stock market - Markets fall in early trade after 8 days of rally,https://www.telegraphindia.com/business/markets-fall-in-early-trade-after-8-days-of-rally/cid/1901500
2022-11-03,"Indian firms outpace parent companies in valuations , shows data",https://www.business-standard.com/article/companies/indian-firms-outpace-parent-companies-in-valuations-shows-data-122110301961_1.html
2022-10-26,"Markets halt seven - day winning streak ; RIL , FMCG stocks weigh",https://www.tribuneindia.com/news/business/markets-halt-seven-day-winning-streak-ril-fmcg-stocks-weigh-444540
2022-11-16,"Sensex , Nifty Edge Lower On Weak Asian Cues",https://markets.businessinsider.com/news/stocks/sensex-nifty-edge-lower-on-weak-asian-cues-1031916771
2022-11-25,Benchmark indices fall in early trade after 3 - day rally,https://www.tribuneindia.com/news/business/benchmark-indices-fall-in-early-trade-after-3-day-rally-454568
2022-10-11,Stock market - Markets fall in early trade on weak global trends ; Sensex declines 220 points,https://www.telegraphindia.com/business/markets-fall-in-early-trade-on-weak-global-trends-sensex-declines-220-points/cid/1891350
2022-12-02,  King Of Adulterator : BJP MP Accuses Yoga Guru Baba Ramdev Of Selling  Fake Ghee  ,https://www.indiatimes.com/news/india/bjp-mp-accuses-ramdev-of-selling-fake-ghee-586509.html
2022-10-19,F & B Giant Nestle India Enters D2C Space With Launch Of  MyNestle  Platform,https://inc42.com/buzz/fb-giant-nestle-india-enters-d2c-space-with-launch-of-mynestle-platform/
2022-10-20,Stock market - Markets halt 4 - day rally on weak global trends ; Sensex declines 315 points in early trade,https://www.telegraphindia.com/business/markets-halt-4-day-rally-on-weak-global-trends-sensex-declines-315-points-in-early-trade/cid/1893157
2022-12-09,HUL forays into  health & wellbeing  category with two investments,https://www.afaqs.com/news/mktg/hul-forays-into-health-wellbeing-category-with-two-investments
2022-10-31,Benchmark indices trade higher on firm global market trends,https://www.tribuneindia.com/news/business/benchmark-indices-trade-higher-on-firm-global-market-trends-446150
2022-11-18,"Sensex , Nifty Decline For Second Day On Fed , China COVID Concerns",https://markets.businessinsider.com/news/stocks/sensex-nifty-decline-for-second-day-on-fed-china-covid-concerns-1031924687
2022-12-08,XLRI Delhi NCR Completes Summer Internship Placements For Th ... ,https://menafn.com/1105284360/XLRI-Delhi-NCR-Completes-Summer-Internship-Placements-For-The-3Rd-Batch
2022-10-06,WeQual Recognises 8 Exceptional Business Women Across Asia,https://www.businesswire.com/news/home/20221005005916/en/WeQual-Recognises-8-Exceptional-Business-Women-Across-Asia
2022-12-26,"Sensex , Nifty jump over 1 per cent snapping four days fall - The Hindu BusinessLine",https://www.thehindubusinessline.com/markets/sensex-nifty-jump-over-1-per-cent-snapping-four-days-fall/article66306870.ece
2022-12-27,"Sensex , Nifty climb for 2nd day on firm global cues - The Hindu BusinessLine",https://www.thehindubusinessline.com/markets/stock-markets/markets-climb-for-2nd-day-on-firm-global-cues/article66310307.ece
2022-12-27,Markets climb for 2nd day on firm global cues ; Sensex jumps by over 360 points,https://www.tribuneindia.com/news/business/markets-climb-for-2nd-day-on-firm-global-cues-sensex-jumps-by-over-360-points-465027
2022-12-05,Markets fall in early trade,https://www.tribuneindia.com/news/business/markets-fall-in-early-trade-457932
2022-12-06,Markets trade lower in early trade ; Sensex falls over 444 points,https://www.tribuneindia.com/news/business/markets-trade-lower-in-early-trade-sensex-falls-over-444-points-458288
2022-11-29,Quick Wrap : Nifty FMCG Index rises 1 . 87 % ,https://www.business-standard.com/article/news-cm/quick-wrap-nifty-fmcg-index-rises-1-87-122112900922_1.html
2022-10-22,Hindustan Unilever consolidated net profit rises 22 . 19 % in the September 2022 quarter,https://www.business-standard.com/article/news-cm/hindustan-unilever-consolidated-net-profit-rises-22-19-in-the-september-2022-quarter-122102200164_1.html
2022-11-29,"Stock market - Sensex hit fresh all - time intra - day peak of over 62 , 700 in morning deals ; Nifty crosses a new high",https://www.telegraphindia.com/business/sensex-hit-fresh-all-time-intra-day-peak-of-over-62700-in-morning-deals-nifty-crosses-a-new-high/cid/1900866
2022-12-02,"Markets trade lower with Nifty around 18 , 700 ; Auto stocks underperform",https://www.indiainfoline.com/article/news-top-story/markets-trade-lower-with-nifty-around-18-700-auto-stocks-underperform-122120200164_1.html
2022-10-28,"Dove , Tresemme shampoos cause cancer ; Should Indian consumers worry ? Check what Unilever says",https://zeenews.india.com/companies/dove-tresemme-shampoos-cause-cancer-should-indian-consumers-worry-check-what-unilever-says-2527695.html
2022-11-21,"Markets fall for third day ; Sensex , Nifty decline nearly 1 % ",https://www.thehindu.com/business/markets/markets-fall-for-third-day-sensex-nifty-decline-nearly-1/article66164182.ece
2022-10-11,Stock Market Sectors : Stock market update : FMCG stocks down as market falls,https://economictimes.indiatimes.com/markets/stocks/stock-watch/stock-market-update-fmcg-stocks-down-as-market-falls/articleshow/94786300.cms
2022-11-21,Markets fall in early trade amid weak Asian equities,https://www.tribuneindia.com/news/business/markets-fall-in-early-trade-amid-weak-asian-equities-453143
2022-10-20,"Sensex , Nifty halt 4 - day rally on weak global trends",https://www.thehindu.com/business/markets/sensex-updates-on-october-20-2022/article66034443.ece
2022-11-04,Markets settle higher after two days of fall,https://timesofindia.indiatimes.com/business/markets/sensex/markets-settle-higher-after-two-days-of-fall/articleshow/95300399.cms
2022-11-04,Markets settle higher after two days of fall,https://www.thehindu.com/business/markets/markets-settle-higher-after-two-days-of-fall/article66095822.ece
2022-12-13,Markets climb in early trade,https://www.tribuneindia.com/news/business/markets-climb-in-early-trade-460501
2022-12-13,Stock market - Markets climb in early trade,https://www.telegraphindia.com/business/markets-climb-in-early-trade/cid/1903590
2022-11-04,Closing Bell : Market end on positive note ; metals outshine,https://www.freepressjournal.in/business/closing-bell-market-end-on-positive-note-metals-outshine
2022-10-31,"Stock market - Benchmark indices trade higher on firm global market trends ; Sensex crosses 60 , 000 in early trade",https://www.telegraphindia.com/business/benchmark-indices-trade-higher-on-firm-global-market-trends-sensex-crosses-60000-in-early-trade/cid/1895251
2022-11-17,Stock market - Markets fall in early trade on weak global equities ; Sensex declines over 210 points,https://www.telegraphindia.com/business/markets-fall-in-early-trade-on-weak-global-equities-sensex-declines-over-210-points/cid/1898582
2022-10-12,"Tata Steel , Asian Paints among 21 stocks sending out weak signals on MACD charts",https://economictimes.indiatimes.com/stocks/news/hul-other-largecaps-show-weakness-but-28-midcaps-look-set-to-rally-signals-macd/articleshow/82156311.cms
2022-10-12,"Tata Steel , Asian Paints among 21 stocks sending out weak signals on MACD charts",https://economictimes.indiatimes.com/markets/stocks/news/hul-other-largecaps-show-weakness-but-28-midcaps-look-set-to-rally-signals-macd/articleshow/82156311.cms
2022-11-07,Top 10 Indian companies by market value,https://www.businessinsider.in/india/news/top-10-indian-companies-by-market-value/articleshow/74577297.cms
2022-12-31,"Anant Ambani , Karan Adani to be part of Maharashtra Economic Advisory Council",https://www.freepressjournal.in/business/anant-ambani-karan-adani-to-be-part-of-maharashtra-economic-advisory-council
2022-11-17,"Opening bell : Sensex falls 111 points to begin day at 61 , 869 ; Nifty at 18 , 377",https://www.northwestgeorgianews.com/tribune/regional/opening-bell-sensex-falls-111-points-to-begin-day-at-61-869-nifty-at-18/article_fa1e97d2-8469-56f2-903f-2c1d9b5d84b0.html
2022-12-03,"Sensex , Nifty fall after eight days of rally",https://www.tribuneindia.com/news/business/sensex-nifty-fall-after-eight-days-of-rally-457285
2022-12-20,Stock Market Sectors : Stock market update : Mining stocks down as market falls,https://economictimes.indiatimes.com/markets/stocks/stock-watch/stock-market-update-mining-stocks-down-as-market-falls/articleshow/96361665.cms
2022-12-20,Markets fall in early trade amid weak global equities,https://www.thehindu.com/business/markets/markets-fall-in-early-trade-amid-weak-global-equities/article66284106.ece
2022-12-21,"Sensex , Nifty trade higher in early trade",https://www.thehindu.com/business/sensex-updates-on-december-21-2022/article66287642.ece
2022-12-19,"Sensex , Nifty climb nearly 1 per cent after two sessions of fall",https://www.tribuneindia.com/news/business/sensex-nifty-climb-nearly-1-per-cent-after-two-sessions-of-fall-462560
2022-12-20,Markets fall in early trade amid weak global equities,https://www.tribuneindia.com/news/business/markets-fall-in-early-trade-amid-weak-global-equities-462789
2022-12-21,Sensex climbs 304 points in early trade,https://www.tribuneindia.com/news/business/sensex-climbs-304-points-in-early-trade-463117
2022-10-26,HUL denies selling carcinogenic Dove dry shampoos in India,https://www.businesstoday.in/latest/corporate/story/hul-denies-selling-carcinogenic-dove-dry-shampoos-in-india-350812-2022-10-26
2022-12-20,"Markets see weak opening : Sensex down 390 points , Nifty below 18 , 300",https://www.deccanherald.com/business/business-news/markets-see-weak-opening-sensex-down-390-points-nifty-below-18300-1173371.html
2022-11-21,"Markets fall for 3rd day ; sensex , Nifty decline nearly 1 % ",https://timesofindia.indiatimes.com/business/markets/sensex/markets-fall-for-3rd-day-sensex-nifty-decline-nearly-1/articleshow/95661208.cms
2022-10-25,BSE Sensex - Stocks tumble on profit - booking,https://www.telegraphindia.com/business/stocks-tumble-on-profit-booking/cid/1894226
2022-11-23,Markets climb in early trade on firm global trends,https://www.thehindu.com/business/markets/markets-climb-in-early-trade-on-firm-global-trends/article66172790.ece
2022-10-11,Markets fall in early trade on weak global trends,https://www.thehindu.com/business/markets/markets-fall-in-early-trade-on-weak-global-trends/article65995500.ece
2022-11-23,Broker Call : HUL ( Accumulate ) - The Hindu BusinessLine,https://www.thehindubusinessline.com/markets/brokers-call-hul-accumulate/article66173753.ece
2022-11-21,"Markets fall for 3rd day ; Sensex , Nifty decline nearly 1 per cent",https://www.tribuneindia.com/news/business/markets-fall-for-3rd-day-sensex-nifty-decline-nearly-1-per-cent-453228
2022-11-23,Markets climb in early trade on firm global trends,https://www.tribuneindia.com/news/business/markets-climb-in-early-trade-on-firm-global-trends-453863
2022-11-10,"HUL , GSK Asia , GSK Consumer will terminate distribution agreement",https://www.thehindubusinessline.com/companies/hul-gsk-asia-gsk-consumer-will-terminate-distribution-agreement/article66118868.ece
2022-11-25,Stock market - Benchmark indices fall in early trade after three - day rally ; Sensex declines over 100 points,https://www.telegraphindia.com/business/benchmark-indices-fall-in-early-trade-after-three-day-rally-sensex-declines-over-100-points/cid/1900150
2022-12-22,"HUL Q1 net profit rises 5 . 7 pc to Rs 1 , 897 crore",http://www.mydigitalfc.com/companies/210720/hulq1-net-profit-rises-57-pc-to-rs-1897-crore.html
2022-10-10,Markets fall in early trade amid weak global cues,https://www.tribuneindia.com/news/business/markets-fall-in-early-trade-amid-weak-global-cues-439934
2022-11-21,"Stocks to buy : HUL , Cyient , Indiabulls Realty & Escorts Kubota can deliver healthy returns in next 12 months",https://www.businesstoday.in/markets/stocks/story/stocks-to-buy-hul-cyient-indiabulls-realty-escorts-kubota-can-deliver-healthy-returns-in-next-12-months-353493-2022-11-21
2022-12-15,"Nifty , Sensex Top Gainers & Losers : Tech Mahindra , Hindalco end as top gainers ; Nestle India top laggard for 2nd day in row",https://www.zeebiz.com/market-news/news-nifty-sensex-gainers-losers-tech-mahindra-hindalco-nestle-india-nse-bse-nifty50-sensex-stocks-to-buy-212891
2022-11-02,Markets halt four - day rally amid mixed global cues,https://timesofindia.indiatimes.com/business/markets/sensex/markets-halt-four-day-rally-amid-mixed-global-cues/articleshow/95254884.cms
2022-11-02,Markets halt four - day rally amid mixed global cues,https://www.thehindu.com/business/markets/markets-halt-four-day-rally-amid-mixed-global-cues/article66086168.ece
2022-10-21,"Hindustan Unilever logs Rs 2 , 616 crore PAT in Q2",https://www.prokerala.com/news/articles/a1356276.html
2022-11-04,"Markets settle higher after two days of fall , Sensex climbs 113 . 95 points",https://www.business-standard.com/article/markets/markets-settle-higher-after-two-days-of-fall-sensex-climbs-113-95-points-122110401008_1.html
2022-11-04,Markets settle higher after two days of fall - The Hindu BusinessLine,https://www.thehindubusinessline.com/markets/markets-settle-higher-after-two-days-of-fall/article66095950.ece
2022-11-04,Markets settle higher after two days of fall,https://www.tribuneindia.com/news/business/markets-settle-higher-after-two-days-of-fall-447612
2022-10-31,Stock Markets Today LIVE UPDATES : DCX Systems Day 1 subscription at 233 % on BSE ; 1 . 23 times on NSE,https://www.zeebiz.com/market-news/live-updates-Stock-Markets-Today-BSE-Sensex-Nifty50-Dow-Futures-SGX-Nifty-DCX-Systems-IPO-Dr%20Reddys-Lab-Q2-Results-Bharti-Airtel-rupee-Nikkei-Shanghai-Composite-Anil-Singhvi-Strategy-205358
2022-11-18,"Markets slip for 2nd day ; auto , finance stocks weigh",https://timesofindia.indiatimes.com/business/markets/sensex/markets-slip-for-2nd-day-auto-finance-stocks-weigh/articleshow/95603529.cms
2022-11-18,"Markets slip for second day ; auto , finance stocks weigh",https://www.thehindu.com/business/markets/markets-slip-for-second-day-auto-finance-stocks-weigh/article66153146.ece
2022-12-27,"ET India Rising : Ashu Suyash maps playbook for achieving resilient , inclusive economic growth",https://economictimes.indiatimes.com/news/india/et-india-rising-ashu-suyash-maps-playbook-for-achieving-resilient-inclusive-economic-growth/videoshow/96545462.cms
2022-11-16,Markets fall in early trade on weak Asian equities,https://www.tribuneindia.com/news/business/markets-fall-in-early-trade-on-weak-asian-equities-451505
2022-11-17,Markets fall in early trade on weak global equities,https://www.tribuneindia.com/news/business/markets-fall-in-early-trade-on-weak-global-equities-451836
2022-11-16,Stock market - Markets fall in early trade on weak Asian equities,https://www.telegraphindia.com/business/markets-fall-in-early-trade-on-weak-asian-equities/cid/1898384
2022-11-22,"Markets fall for 3rd day ; Sensex , Nifty decline nearly 1 pc - Jammu Kashmir Latest News | Tourism",https://www.dailyexcelsior.com/markets-fall-for-3rd-day-sensex-nifty-decline-nearly-1-pc/
2022-12-27,Stock market - Markets climb for second day on firm global cues ; Sensex jumps over 360 points,https://www.telegraphindia.com/business/markets-climb-for-second-day-on-firm-global-cues-sensex-jumps-over-360-points/cid/1906200
2022-12-06,Markets trade lower in early trade ; Sensex falls over 444 points,https://zeenews.india.com/markets/markets-trade-lower-in-early-trade-sensex-falls-over-444-points-2544555.html
2022-12-11,It Was A Joke : Vim Clarifies After Backlash Over First Dishwashing Liquid For Men,https://www.ndtv.com/offbeat/dear-men-it-was-a-joke-vim-clarifies-after-backlash-over-dishwashing-liquid-for-men-3597317
2022-11-29,"Sensex , Nifty Rise On Firm Asian Cues ; Pharma Stocks Lead Gains",https://markets.businessinsider.com/news/stocks/sensex-nifty-rise-on-firm-asian-cues-pharma-stocks-lead-gains-1031940883
2022-12-21,"sinha : Pepsi former chief PM Sinha , who Indianised cola , passes away",https://economictimes.indiatimes.com/news/company/corporate-trends/pepsi-former-chief-pm-sinha-who-indianised-cola-passes-away/articleshow/96407591.cms
2022-11-21,Company Update - Hindustan Unilever - ICICI Direct,https://www.equitybulls.com/category.php?id=323263
2022-10-25,"Nestle India , HUL , Tech Mahindra , Maruti among top gainers & losers as market ends lower",https://www.businesstoday.in/markets/stocks/story/nestle-india-hul-tech-mahindra-maruti-among-top-gainers-losers-as-market-ends-lower-350741-2022-10-25
2022-11-25,"Sensex , Nifty fall in early trade after three - day rally - The Hindu BusinessLine",https://www.thehindubusinessline.com/markets/sensex-nifty-fall-in-early-trade-after-three-day-rally/article66182374.ece
2022-10-11,Markets fall in early trade on weak global trends - The Hindu BusinessLine,https://www.thehindubusinessline.com/markets/markets-fall-in-early-trade-on-weak-global-trends/article65995504.ece
2022-10-11,Markets fall in early trade on weak global trends,https://www.tribuneindia.com/news/business/markets-fall-in-early-trade-on-weak-global-trends-440242
2022-11-07,India Britannia Industries shares jump after profit beat,https://www.marketscreener.com/quote/stock/BRITANNIA-INDUSTRIES-LIMI-105516157/news/India-s-Britannia-Industries-shares-jump-after-profit-beat-42224209/
2022-12-16,Stock Market Sectors : Stock market update : Sugar stocks up as market falls,https://economictimes.indiatimes.com/markets/stocks/stock-watch/stock-market-update-sugar-stocks-up-as-market-falls/articleshow/96280127.cms
2022-12-16,Stock Market Sectors : Stock market update : Sugar stocks up as market falls,https://economictimes.indiatimes.com/markets/stocks/stock-watch/stock-market-update-sugar-stocks-up-as-market-falls/articleshow/96270393.cms
2022-10-29,15 Biggest Indian Companies By Market Cap,https://news.yahoo.com/15-biggest-indian-companies-market-145829210.html
2022-10-29,15 Biggest Indian Companies By Market Cap,https://finance.yahoo.com/news/15-biggest-indian-companies-market-145829210.html
2022-11-25,Livon uses  hair  to create a self - check guide for breast cancer,https://www.afaqs.com/news/advertising/livons-new-campaign-for-breast-cancer
2022-12-12,Markets settle lower ; Sensex falls for third day - The Hindu BusinessLine,https://www.thehindubusinessline.com/markets/markets-settle-lower-sensex-falls-for-third-day/article66254753.ece
2022-10-21,Broker Call : Nestle ( Add ) - The Hindu BusinessLine,https://www.thehindubusinessline.com/todays-paper/tp-markets/brokers-call-nestle-add/article66039921.ece
2022-12-16,Stock market - Markets fall for 2nd day amid weak global trends,https://www.telegraphindia.com/business/markets-fall-for-2nd-day-amid-weak-global-trends/cid/1904235
2022-10-20,Markets halt 4 - day rally on weak global trends,https://www.tribuneindia.com/news/business/markets-halt-4-day-rally-on-weak-global-trends-443024
2022-10-21,"Hindustan Unilever logs Rs 2 , 616 crore PAT in Q2",https://news.webindia123.com/news/Articles/Business/20221022/3995738.html
2022-11-03,Stock market - Markets fall for 2nd day amid weak global equities,https://www.telegraphindia.com/business/markets-fall-for-2nd-day-amid-weak-global-equities/cid/1895956
2022-11-02,"Markets near day low with Nifty below 18 , 100",https://www.indiainfoline.com/article/news-top-story/markets-near-day-s-low-with-nifty-below-18-100-122110200581_1.html
2022-11-14,Markets settle lower in volatile trade - Times of India,https://timesofindia.indiatimes.com/business/markets/sensex/markets-settle-lower-in-volatile-trade/articleshow/95508418.cms
2022-12-29,Stock Market Sectors : Stock market update : Mining stocks up as market rises,https://economictimes.indiatimes.com/markets/stocks/stock-watch/stock-market-update-mining-stocks-up-as-market-rises/articleshow/96597715.cms
2022-11-16,Sensex settles at fresh life - time high ; Nifty ekes out marginal gains,https://www.thehindu.com/business/markets/sensex-settles-at-fresh-life-time-high-nifty-ekes-out-marginal-gains/article66144225.ece
2022-11-17,"Sensex , Nifty fall in early trade on weak global equities",https://www.thehindu.com/business/markets/sensex-nifty-fall-in-early-trade-on-weak-global-equities/article66147447.ece
2022-12-28,Stock Market LIVE Updates : Stock markets open with minor cuts,https://zeenews.india.com/markets/live-updates/bse-nse-sensex-today-live-nifty-stock-market-updates-28-december-trending-shares-today-in-share-market-dr-reddy-s-laboratories-airtel-gspl-bajaj-auto-2554769
2022-12-28,Markets climb for 2nd day on firm global cues,https://www.indiatoday.in/business/story/markets-climb-for-second-day-firm-global-cues-2314180-2022-12-27
2022-12-29,"Indices see - saw on Covid fears , fag - end buying in telecom , banking stocks",https://www.business-standard.com/article/markets/indices-see-saw-on-covid-fears-fag-end-buying-in-telecom-banking-stocks-122122901353_1.html
2022-12-29,Markets rebound on fag - end buying ; Sensex ends 223 points higher,https://www.thehindubusinessline.com/markets/markets-rebound-on-fag-end-buying-sensex-ends-223-points-higher/article66316913.ece
2022-11-09,"Eureka Forbes appoints new chief product and technology officer , CFO - Jammu Kashmir Latest News | Tourism",https://www.dailyexcelsior.com/eureka-forbes-appoints-new-chief-product-and-technology-officer-cfo/
2022-12-06,  Green park  with native species to come up near Dindigul,https://www.thehindu.com/news/cities/Madurai/green-park-with-native-species-to-come-up-near-dindigul/article66230168.ece
2022-10-26,"HUL Q2 ad spends down 14 . 11 % YoY to Rs 1 , 053 crore in FY23 : Best Media Info",https://bestmediainfo.com/2022/10/hul-s-q2-ad-spends-down-14-11-yoy-to-rs-1053-crore-in-fy23
2022-12-06,Markets close lower ; Sensex falls for third day - The Hindu BusinessLine,https://www.thehindubusinessline.com/markets/markets-close-lower-sensex-falls-for-third-day/article66230181.ece
2022-12-06,Markets settle lower ; Sensex falls for third day,https://www.tribuneindia.com/news/business/markets-settle-lower-sensex-falls-for-third-day-458346
2022-12-05,"Stock market - Markets fall in early trade ; Sensex declines over 156 points , Nifty dips to 18 , 650",https://www.telegraphindia.com/business/markets-fall-in-early-trade-sensex-declines-over-156-points-nifty-dips-to-18650/cid/1902041
2022-12-02,Markets fall in early trade after eight days of rally,https://www.thehindu.com/business/markets/markets-fall-in-early-trade-after-eight-days-of-rally/article66213514.ece
2022-12-20,Stock Market Sectors : Stock market update : Power stocks down as market falls,https://economictimes.indiatimes.com/markets/stocks/stock-watch/stock-market-update-power-stocks-down-as-market-falls/articleshow/96361522.cms
2022-12-20,Stock Market Sectors : Stock market update : Fertilisers stocks up as market falls,https://economictimes.indiatimes.com/markets/stocks/stock-watch/stock-market-update-fertilisers-stocks-up-as-market-falls/articleshow/96370961.cms
2022-10-21,HUL Posts 16 Growth In Total Sales For Q2 - BW Businessworld,https://www.businessworld.in/article/HUL-Posts-16-Growth-In-Total-Sales-For-Q2/21-10-2022-451466/
2022-12-20,Markets recover most of intra - day losses ; end marginally lower,https://www.thehindu.com/business/markets/markets-recover-most-of-intra-day-losses-end-marginally-lower/article66284818.ece
2022-12-20,Markets recover most of intra - day losses ; end marginally lower,https://zeenews.india.com/markets/markets-recover-most-of-intra-day-losses-end-marginally-lower-2551164.html
2022-12-20,Sensex tanks 490 points on weak global equities - The Hindu BusinessLine,https://www.thehindubusinessline.com/markets/sensex-tanks-490-points-on-weak-global-equities/article66284300.ece
2022-10-24,"Cheaper commodities will lower prices , boost volumes : HUL CEO",https://timesofindia.indiatimes.com/business/india-business/cheaper-commodities-will-lower-prices-boost-volumes-hul-ceo/articleshow/95057015.cms
2022-10-26,Considering buying Dove dry shampoo ? Think twice ! ,https://www.indiatoday.in/business/story/us-recalls-dove-dry-shampoo-cancer-risk-available-in-india-2289707-2022-10-26
2022-11-09,"HUL , GSK Asia to scrap distribution pact for OTC products by next year",https://www.business-standard.com/article/companies/hul-to-mutually-end-distribution-agreement-of-gsk-consumer-s-otc-products-122110901846_1.html
2022-11-21,"Markets fall for 3rd day ; Sensex , Nifty decline nearly 1 % - The Hindu BusinessLine",https://www.thehindubusinessline.com/markets/markets-fall-for-3rd-day-sensex-nifty-decline-nearly-1/article66164162.ece
2022-11-21,"Sensex - Sensex falls 518 . 64 points , Nifty decline nearly 1 per cent",https://www.telegraphindia.com/business/sensex-falls-518-64-points-nifty-declines-over-147points/cid/1899389
2022-12-06,Indian Equities End Lower Ahead Of RBI MPC Meet Outcome,https://www.businessworld.in/article/Indian-Equities-End-Lower-Ahead-Of-RBI-MPC-Meet-Outcome/06-12-2022-456928/
2022-12-16,Stock Market Sectors : Stock market update : Power stocks down as market falls,https://economictimes.indiatimes.com/markets/stocks/stock-watch/stock-market-update-power-stocks-down-as-market-falls/articleshow/96279285.cms
2022-12-16,Stock Market Sectors : Stock market update : Mining stocks down as market falls,https://economictimes.indiatimes.com/markets/stocks/stock-watch/stock-market-update-mining-stocks-down-as-market-falls/articleshow/96280406.cms
2022-12-16,Stock Market Sectors : Stock market update : Mining stocks down as market falls,https://economictimes.indiatimes.com/markets/stocks/stock-watch/stock-market-update-mining-stocks-down-as-market-falls/articleshow/96270212.cms
2022-10-06,Markets saw selling in later half of the day,https://www.indiainfoline.com/article/news-top-story/markets-saw-selling-in-later-half-of-the-day-122100600158_1.html
2022-10-18,Stock Market Sectors : Stock market update : Mining stocks up as market rises,https://economictimes.indiatimes.com/markets/stocks/stock-watch/stock-market-update-mining-stocks-up-as-market-rises/articleshow/94932443.cms
2022-10-21,"Indices finish in green for 6th straight day ; bank , FMCG stocks up",https://www.business-standard.com/article/markets/indices-finish-in-green-for-6th-straight-day-bank-fmcg-stocks-up-122102101490_1.html
2022-12-29,Stock Market Sectors : Stock market update : Sugar stocks up as market rises,https://economictimes.indiatimes.com/markets/stocks/stock-watch/stock-market-update-sugar-stocks-up-as-market-rises/articleshow/96596824.cms
2022-12-29,Stock Market Sectors : Stock market update : Fertilisers stocks down as market rises,https://economictimes.indiatimes.com/markets/stocks/stock-watch/stock-market-update-fertilisers-stocks-down-as-market-rises/articleshow/96597396.cms
2023-12-31,HDFC Bank m - cap : Mcap of 8 of top - 10 most valued firms jump Rs 1 . 29 lakh cr ; HDFC Bank biggest gainer,https://economictimes.indiatimes.com/markets/stocks/news/mcap-of-8-of-top-10-most-valued-firms-jump-rs-1-29-lakh-cr-hdfc-bank-biggest-gainer/articleshow/106415290.cms
2023-12-31,Mcap of 8 of top - 10 most valued firms jump Rs 1 . 29 lakh crore ; HDFC Bank biggest gainer,https://timesofindia.indiatimes.com/business/india-business/mcap-of-8-of-top-10-most-valued-firms-jump-rs-1-29-lakh-crore-hdfc-bank-biggest-gainer/articleshow/106415804.cms
2023-12-31,Mcap of 8 of top - 10 most valued firms jump Rs 1 . 29 lakh cr ; HDFC Bank biggest gainer,https://www.financialexpress.com/market/mcap-of-8-of-top-10-most-valued-firms-jump-rs-1-29-lakh-cr-hdfc-bank-biggest-gainer-3351796/
2023-12-31,Mcap of 8 of top - 10 most valued firms jump Rs 1 . 29 lakh cr ; HDFC Bank biggest gainer,https://www.moneycontrol.com/news/business/markets/mcap-of-8-of-top-10-most-valued-firms-jump-rs-1-29-lakh-cr-hdfc-bank-biggest-gainer-11978611.html
2023-11-26,"Mcap of four of top 10 most - valued firms rise Rs 65 , 671 crore ; Reliance biggest winner",https://indianexpress.com/article/business/mcap-most-valued-firms-rise-reliance-biggest-winner-9042883/
2023-12-03,"Mcap of nine of top - 10 most valued firms up Rs 1 . 30 lakh crore ; Airtel , TCS biggest gainers",https://timesofindia.indiatimes.com/business/india-business/mcap-of-nine-of-top-10-most-valued-firms-up-rs-1-30-lakh-crore-airtel-tcs-biggest-gainers/articleshow/105696003.cms
2023-12-03,"Mcap of nine of top - 10 most valued firms up Rs 1 . 30 lakh crore ; Airtel , TCS biggest gainers",https://www.financialexpress.com/market/mcap-of-nine-of-top-10-most-valued-firms-up-rs-1-30-lakh-crore-airtel-tcs-biggest-gainers-3326180/
2023-12-03,"market capitalisation | Market capitalisation of nine of top - 10 most valued firms up Rs 1 . 30 lakh crore ; Airtel , Tata Consultancy Services biggest gainers",https://www.telegraphindia.com/business/market-capitalisation-of-nine-of-top-10-most-valued-firms-up-rs-1-30-lakh-crore-airtel-tata-consultancy-services-biggest-gainers/cid/1984234
2023-12-03,"market capitalisation | Market capitalisation of nine of top - 10 most valued firms up Rs 1 . 30 lakh crore ; Airtel , Tata Consultancy Services biggest gainers",https://www.telegraphindia.com/feeds/business/market-capitalisation-of-nine-of-top-10-most-valued-firms-up-rs-1-30-lakh-crore-airtel-tata-consultancy-services-biggest-gainers/cid/1984234
2023-12-24,"Mcap of three of 10 most valued firms jump Rs 70 , 312 . 7 cr ; Reliance biggest winner",https://www.dailyexcelsior.com/mcap-of-three-of-10-most-valued-firms-jump-rs-70312-7-cr-reliance-biggest-winner/
2023-11-26,"HDFC Bank : Mcap of four of top 10 most - valued firms rise Rs 65 , 671 crore ; Reliance biggest winner",https://economictimes.indiatimes.com/markets/stocks/news/mcap-of-four-of-top-10-most-valued-firms-rise-rs-65671-crore-reliance-biggest-winner/articleshow/105508851.cms
2023-11-26,"Mcap of four of top 10 most - valued firms rise Rs 65 , 671 crore ; Reliance biggest winner",https://www.moneycontrol.com/news/business/markets/mcap-of-four-of-top-10-most-valued-firms-rise-rs-65671-crore-reliance-biggest-winner-11813301.html
2023-11-26,"Mcap of four of top 10 most - valued firms rise ₹65 , 671 crore ; Reliance biggest winner",https://www.thehindubusinessline.com/markets/mcap-of-four-of-top-10-most-valued-firms-rise-65671-crore-reliance-biggest-winner/article67575796.ece
2023-12-03,"Mcap of nine of top - 10 most valued firms up Rs 1 . 30 lakh crore ; Airtel , TCS biggest gainers",https://www.moneycontrol.com/news/business/markets/mcap-of-nine-of-top-10-most-valued-firms-up-rs-1-30-lakh-crore-airtel-tcs-biggest-gainers-11846321.html
2023-10-20,India Hindustan Unilever shares fall as analysts flag gradual volume recovery,https://www.marketscreener.com/quote/stock/HINDUSTAN-UNILEVER-LIMITE-6491919/news/India-s-Hindustan-Unilever-shares-fall-as-analysts-flag-gradual-volume-recovery-45109315/
2023-11-26,"Mcap of four of top 10 most - valued firms rise Rs 65 , 671 crore ; Reliance biggest winner",https://www.dailyexcelsior.com/mcap-of-four-of-top-10-most-valued-firms-rise-rs-65671-crore-reliance-biggest-winner/
2023-11-26,Top 10 Companies Gain Rs 65 671 Cr In Market Cap Led By Reliance - BW Businessworld,https://www.businessworld.in/article/Top-10-Companies-Gain-Rs-65-671-Cr-In-Market-Cap-Led-By-Reliance/26-11-2023-500094/
2023-11-19,"TCS , Infy lead as 7 of India Inc Top 10 add Rs 1 . 50 lakh cr to market value",https://www.moneycontrol.com/news/business/markets/mcap-of-7-of-top-10-firms-swells-rs-1-50-lakh-cr-tcs-infosys-biggest-gainers-11767211.html
2023-11-19,"Mcap of 7 of top 10 firms swells Rs 1 . 50 lakh cr ; TCS , Infosys biggest gainers",https://www.financialexpress.com/market/mcap-of-7-of-top-10-firms-swells-rs-1-50-lakh-cr-tcs-infosys-biggest-gainers-3310983/
2023-12-07,"Closing Bell : Markets End Day In Red ; Sensex At 69 , 521 . 69 , Nifty Below 20 , 950",https://www.freepressjournal.in/business/closing-bell-markets-end-day-in-red-sensex-at-6952169-nifty-below-20950
2023-11-19,"Mcap of 7 of top 10 firms swells ₹1 . 50 lakh crore ; TCS , Infosys biggest gainers",https://www.thehindubusinessline.com/markets/mcap-of-7-of-top-10-firms-swells-150-lakh-crore-tcs-infosys-biggest-gainers/article67550399.ece
2023-11-19,"M - cap of 7 of top - 10 firms swells Rs 1 . 50 lakh - crore ; TCS , Infosys biggest gainers",https://www.tribuneindia.com/news/business/m-cap-of-7-of-top-10-firms-swells-rs-1-50-lakh-crore-tcs-infosys-biggest-gainers-563844
2023-12-24,M cap Of Three Top Companies Surges By Rs 70 312 Cr - BW Businessworld,https://www.businessworld.in/article/M-cap-Of-Three-Top-Companies-Surges-By-Rs-70-312-Cr/24-12-2023-503340/
2023-10-20,Hindustan Unilever shares decline over 2 pc after earnings announcement,https://www.devdiscourse.com/article/headlines/2675814-hindustan-unilever-shares-decline-over-2-pc-after-earnings-announcement
2023-10-21,Hindustan Unilever Q2 FY24 results : profit falls by 0 . 34 % YOY,https://www.livemint.com/companies/company-results/hindustan-unilever-q2-fy24-results-profit-falls-by-0-34-yoy-11697836886149.html
2023-10-15,"Mcap of six of top 10 firms jumps ₹70 , 527 . 11 crore ; Reliance Industries biggest gainer",https://www.thehindu.com/business/markets/mcap-of-six-of-top-10-firms-jumps-7052711-crore-reliance-industries-biggest-gainer/article67423423.ece
2023-11-12,"M - cap of 4 of top - 10 firms decline by Rs 23 , 417 cr ; TCS biggest laggard",https://www.business-standard.com/markets/news/m-cap-of-4-of-top-10-firms-decline-by-rs-23-417-cr-tcs-biggest-laggard-123111200191_1.html
2023-11-12,"Mcap of four of top - 10 most valued firms decline by ₹23 , 417 cr",https://www.thehindubusinessline.com/markets/mcap-of-four-of-top-10-most-valued-firms-decline-by-23417-cr/article67526983.ece
2023-10-15,"Mcap of six of top 10 firms jumps Rs 70 , 527 . 11 crore ; RIL biggest gainer",https://www.business-standard.com/companies/news/mcap-of-six-of-top-10-firms-jumps-rs-70-527-11-crore-ril-biggest-gainer-123101500501_1.html
2023-10-19,"India ITC misses profit estimates as competition , costs rise",https://www.marketscreener.com/quote/stock/HINDUSTAN-UNILEVER-LIMITE-6491919/news/India-s-ITC-misses-profit-estimates-as-competition-costs-rise-45106241/
2023-11-09,"Closing Bell : Markets End Day In Red ; Sensex At 64 , 835 . 20 , Nifty Below 19 , 500",https://www.freepressjournal.in/business/closing-bell-markets-end-day-in-red-sensex-at-6483520-nifty-below-19500
2023-12-24,"Market capitalisation of 3 of 10 most valued firms jump ₹70 , 312 . 7 crore ; RIL , HDFC Bank and HUL top gainers",https://www.livemint.com/market/stock-market-news/market-capitalisation-of-3-of-10-most-valued-firms-jump-rs-70-312-7-crore-ril-hdfc-bank-and-hul-top-gainers-11703394092036.html
2023-11-20,Top 5 Most Valuable Indian Companies - Insider Monkey,https://www.insidermonkey.com/blog/top-5-most-valuable-indian-companies-1219308/
2023-11-05,"Mcap of nine of top - 10 most valued firms surges Rs 97 , 463 crore ; Reliance leads",https://www.moneycontrol.com/news/business/markets/mcap-of-nine-of-top-10-most-valued-firms-surges-rs-97463-crore-reliance-leads-11665501.html
2023-12-08,"ITC beats Adani , Britannia & Parle to become largest FMCG co in food space , ET Retail",https://retail.economictimes.indiatimes.com/news/food-entertainment/personal-care-pet-supplies-liquor/itc-beats-adani-britannia-parle-to-become-largest-fmcg-co-in-food-space/105826742
2023-12-07,Stock Market Sectors : Stock market update : FMCG stocks down as market falls,https://economictimes.indiatimes.com/markets/stocks/stock-watch/stock-market-update-fmcg-stocks-down-as-market-falls/articleshow/105813209.cms
2023-10-10,Looking for the next big winners on Dalal Street ? Why large cap stocks may offer best returns,https://timesofindia.indiatimes.com/business/india-business/looking-for-the-next-big-winners-on-dalal-street-why-large-cap-stocks-may-offer-best-returns/articleshow/104306945.cms
2023-12-31,Mcap of eight of top - 10 most valued firms jump Rs1 . 29 lakh cr ; HDFC Bank biggest gainer,https://www.orissapost.com/mcap-of-eight-of-top-10-most-valued-firms-jump-rs1-29-lakh-cr-hdfc-bank-biggest-gainer/
2023-12-17,"tcs : Mcap of nine of top - 10 most valued firms jumps Rs 2 . 26 lakh cr ; TCS , Infosys biggest gainers",https://economictimes.indiatimes.com/markets/stocks/news/mcap-of-nine-of-top-10-most-valued-firms-jumps-rs-2-26-lakh-cr-tcs-infosys-biggest-gainers/articleshow/106059240.cms
2023-12-17,"M - cap of nine of top - 10 most valued firms jumps Rs 2 . 26 lakh - crore ; TCS , Infosys biggest gainers",https://www.tribuneindia.com/news/business/m-cap-of-nine-of-top-10-most-valued-firms-jumps-rs-2-26-lakh-crore-tcs-infosys-biggest-gainers-572813
2023-10-22,"Mcap of top 10 valued firms plunge Rs 1 . 52 lakh crore last week ; Reliance , TCS biggest laggards",https://indianexpress.com/article/business/market/market-cap-top-10-valued-firms-plunge-reliance-tcs-biggest-laggards-8994630/
2023-10-03,Red Label : Calcutta HC finds HUL not guilty in  Red Label  branding case,https://timesofindia.indiatimes.com/business/india-business/calcutta-hc-finds-hul-not-guilty-in-red-label-branding-case/articleshow/104116368.cms
2023-12-21,Jubilant FoodWorks announces the appointment of new Chief Financial Officer,https://www.adgully.com/jubilant-foodworks-announces-the-appointment-of-new-chief-financial-officer-140219.html
2023-11-02,Stock Market Sectors : Stock market update : FMCG stocks up as market rises,https://economictimes.indiatimes.com/markets/stocks/stock-watch/stock-market-update-fmcg-stocks-up-as-market-rises/articleshow/104906561.cms
2023-10-29,"Mcap of top - 10 most valued firms plunge Rs 1 . 93 lakh cr ; TCS , HDFC Bank biggest laggards",https://www.financialexpress.com/market/mcap-of-top-10-most-valued-firms-plunge-rs-1-93-lakh-cr-tcs-hdfc-bank-biggest-laggards-3290125/
2023-10-29,"M - cap of top - 10 most valued firms plunge Rs 1 . 93 lakh - crore ; TCS , HDFC Bank biggest laggards",https://www.tribuneindia.com/news/business/m-cap-of-top-10-most-valued-firms-plunge-rs-1-93-lakh-crore-tcs-hdfc-bank-biggest-laggards-557601
2023-12-10,"market valuation : Seven of top - 10 most valued firms added Rs 3 . 04 lakh cr in m - cap ; HDFC Bank , LIC biggest gainers",https://economictimes.indiatimes.com/markets/stocks/news/seven-of-top-10-most-valued-firms-added-rs-3-04-lakh-cr-in-m-cap-hdfc-bank-lic-biggest-gainers/articleshow/105876541.cms
2023-12-10,"M - cap of seven of top - 10 most valued firms add Rs 3 . 04 lakh - crore ; HDFC Bank , LIC biggest gainers",https://www.tribuneindia.com/news/business/m-cap-of-seven-of-top-10-most-valued-firms-add-rs-3-04-lakh-crore-hdfc-bank-lic-biggest-gainers-570612
2023-12-03,"Mcap of nine of top - 10 most valued firms up Rs 1 . 30 lakh crore ; Airtel , TCS biggest gainers",https://www.orissapost.com/mcap-of-nine-of-top-10-most-valued-firms-up-rs-1-30-lakh-crore-airtel-tcs-biggest-gainers/
2023-10-22,"tcs : Mcap of top 10 valued firms plunge Rs 1 . 52 lakh cr last week ; Reliance , TCS biggest laggards",https://economictimes.indiatimes.com/markets/stocks/news/mcap-of-top-10-valued-firms-plunge-rs-1-52-lakh-cr-last-week-reliance-tcs-biggest-laggards/articleshow/104623665.cms
2023-11-24,Food products in unhealthy category account for bulk of FMCG sales in India,https://www.moneycontrol.com/news/business/companies/food-products-in-unhealthy-category-account-for-bulk-of-fmcg-sales-in-india-11808471.html
2023-10-29,M - cap of 10 most valued firms plunged ₹1 . 93 lakh cr last week . See top losers,https://www.hindustantimes.com/business/market-sensex-top-losers-tcs-hdfc-cap-of-top-10-most-valued-firms-plunge-rs-1-93-lakh-crore-see-top-losers-101698556848016.html
2023-10-25,"HSBC says HUL  five - year market laggard  now , downgrades to Hold",https://www.moneycontrol.com/news/business/stocks/hsbc-says-hul-five-year-market-laggard-now-downgrades-to-hold-11592671.html
2023-10-22,"M - cap of top - 10 most valued firms erodes by Rs 1 . 52 lakh - crore ; Reliance , TCS biggest laggards",https://www.tribuneindia.com/news/business/m-cap-of-top-10-most-valued-firms-erodes-by-rs-1-52-lakh-crore-reliance-tcs-biggest-laggards-555600
2023-10-09,Stock Market Sectors : Stock market update : FMCG stocks down as market falls,https://economictimes.indiatimes.com/markets/stocks/stock-watch/stock-market-update-fmcg-stocks-down-as-market-falls/articleshow/104274232.cms
2023-11-06,"Closing Bell : Nifty settles above 19410 , Sensex over 64950 ; Bank Nifty adds over 300 points , Divis lab shines , SBI losses the most - Market News",https://www.financialexpress.com/market/closing-bell-nifty-settles-above-19410-sensex-over-64950-bank-nifty-adds-over-300-points-divis-lab-shines-sbi-losses-the-mostnbsp-3298671/
2023-11-05,"M - cap of 9 of top - 10 most valued firms surges Rs 97 , 463 cr ; Reliance leads",https://www.business-standard.com/markets/news/m-cap-of-9-of-top-10-most-valued-firms-surges-rs-97-463-cr-reliance-leads-123110500222_1.html
2023-11-05,"Mcap of 9 of top 10 most valued firms surges Rs 97 , 463 Cr ; Reliance Industries leads",https://social.yourstory.com:443/enterprise-story/2023/11/mcap-of-9-of-top-10-most-valued-firms-surges-reliance-leads
2023-11-05,"Mcap of 9 of top 10 most valued firms surges Rs 97 , 463 Cr ; Reliance Industries leads",https://her.yourstory.com:443/enterprise-story/2023/11/mcap-of-9-of-top-10-most-valued-firms-surges-reliance-leads
2023-11-05,"M - cap of nine of top - 10 most valued firms surges Rs 97 , 463 crore ; Reliance leads",https://www.tribuneindia.com/news/business/m-cap-of-nine-of-top-10-most-valued-firms-surges-rs-97-463-crore-reliance-leads-559725
2023-12-10,"Mcap of seven of top - 10 most valued firms added Rs 3 . 04 lakh crore ; HDFC Bank , LIC biggest gainers",https://www.moneycontrol.com/news/business/markets/mcap-of-seven-of-top-10-most-valued-firms-added-rs-3-04-lakh-crore-hdfc-bank-lic-biggest-gainers-11881341.html
2023-11-05,"Mcap of nine of top - 10 most valued firms surges Rs 97 , 463 crore ; Reliance leads",https://www.dailypioneer.com/2023/business/mcap-of-nine-of-top-10-most-valued-firms-surges-rs-97-463-crore--reliance-leads.html
2023-10-22,Mcap of Top - 10 Valued Firms Plunges Rs 1 . 52 Lakh Crore,https://www.news18.com/business/mcap-of-top-10-valued-firms-plunge-rs-1-52-lakh-crore-8628934.html
2023-10-20,"Top gainers and losers today on 20 October , 2023 : Kotak Mahindra Bank , Indusind Bank , ITC , Tata Steel among most active stocks ; Check full list here",https://www.livemint.com/market/stock-market-news/top-gainers-and-losers-today-on-20-october-2023-kotak-mahindra-bank-indusind-bank-itc-tata-steel-among-most-active-stocks-check-full-list-here-11697798014876.html
2023-10-17,Stock Market Sectors : Stock market update : FMCG stocks up as market rises,https://economictimes.indiatimes.com/markets/stocks/stock-watch/stock-market-update-fmcg-stocks-up-as-market-rises/articleshow/104498354.cms
2023-11-09,Stock Market Sectors : Stock market update : FMCG stocks down as market falls,https://economictimes.indiatimes.com/markets/stocks/stock-watch/stock-market-update-fmcg-stocks-down-as-market-falls/articleshow/105086231.cms
2023-11-20,Abu Dhabi - based Fertiglobe ships first load of renewable ammonia,https://www.zawya.com/business/energy/abu-dhabi-based-fertiglobe-ships-first-load-of-renewable-ammonia-tp5miqbe
2023-10-03,Stock Market Sectors : Stock market update : FMCG stocks up as market falls,https://economictimes.indiatimes.com/markets/stocks/stock-watch/stock-market-update-fmcg-stocks-up-as-market-falls/articleshow/104122386.cms
2023-11-19,"Mcap of seven of top 10 firms swells Rs 1 . 50 lakh crore ; TCS , Infosys biggest gainers",https://www.orissapost.com/mcap-of-seven-of-top-10-firms-swells-rs-1-50-lakh-crore-tcs-infosys-biggest-gainers/
2023-11-21,Markets rebound in early trade after two days of fall,https://www.tribuneindia.com/news/business/markets-rebound-in-early-trade-after-two-days-of-fall-564495
2023-12-02,Brookfield to set up 45 mw solar park for HUL,https://www.thehindu.com/business/brookfield-to-set-up-45-mw-solar-park-for-hul/article67599133.ece
2023-12-19,TAM report : TV ad volumes in the GEC genre showed a steady four per cent increase,https://indiantelevision.com/mam/marketing/brands/tam-report:-tv-ad-volumes-in-the-gec-genre-showed-a-steady-four-per-cent-increase-231219
2023-12-04,This large & mid cap equity mutual fund gave 21 % returns in 3 - year period ; should you invest ? ,https://economictimes.indiatimes.com/wealth/invest/this-large-mid-cap-equity-mutual-fund-gave-21-returns-in-3-year-period-should-you-invest/articleshow/105671263.cms
2023-12-14,Reliance Industries emerges as largest wealth creator in 5 years : Motilal Oswal report,https://www.moneycontrol.com/news/business/markets/ril-surfaces-as-largest-wealth-creator-in-5-years-adani-enterprises-top-all-round-wealth-creator-11903331.html
2023-10-19,"HUL Q2 net profit dips marginally to Rs 2 , 657 Cr",https://social.yourstory.com:443/enterprise-story/2023/10/hul-q2-net-profit-dips-marginally-to-rs-2-657-cr
2023-11-20,TAM report : Britannia Industries and Nestle India entered the top 10 list during Jul - Sept  23,https://indiantelevision.com/mam/marketing/brands/tam-report:-britannia-industries-and-nestle-india-entered-the-top-10-list-during-jul-sept%E2%80%9923-231120
2023-10-19,"HUL adex zooms 65 . 43 % YoY to Rs 1 , 742 crore in Q2 FY24 : Best Media Info",https://bestmediainfo.com/2023/10/hul-adex-zooms-65-43-yoy-to-rs-1742-crore-in-q2-fy24
2023-12-01,"HUL appoints former revenue secy as independent director , makes key management changes",https://indianexpress.com/article/business/companies/hul-appoints-former-revenue-secretary-independent-director-key-management-changes-9050560/
2023-12-01,All news articles for December 2023,https://www.foodnavigator-asia.com/Article/2023/12
2023-10-26,"Hindustan Unilever : SQ  23 Earnings Call Transcript - October 26 , 2023 at 05 : 35 am EDT",https://www.marketscreener.com/quote/stock/HINDUSTAN-UNILEVER-LIMITE-6491919/news/Hindustan-Unilever-SQ-23-Earnings-Call-Transcript-45156468/
2023-11-22,Mamaearth Q2 results : Firm net profit rises 93 % to Rs 29 cr,https://www.businesstoday.in/latest/corporate/story/mamaearth-q2-results-firms-net-profit-rises-93-to-rs-29-cr-406711-2023-11-22
2023-10-22,"HUL adex zooms 65 . 43 % YoY to Rs 1 , 742 crore in Q2 FY24 : Best Media Info",https://www.bestmediainfo.com/2023/10/hul-adex-zooms-65-43-yoy-to-rs-1742-crore-in-q2-fy24
2023-12-29,"Closing Bell : Markets End Day In Red On December 29 ; Sensex At 72 , 240 . 26 , Nifty Below 21 , 800",https://www.freepressjournal.in/business/closing-bell-markets-end-day-in-red-on-december-29-sensex-at-7224026-nifty-below-21800
2023-12-11,Pushkaraj Shenai steps down from CEO role at Lakmé Lever,https://indiantelevision.com/mam/media-and-advertising/people/pushkaraj-shenai-steps-down-from-ceo-role-at-lakm%C3%A9-lever-231211
2023-12-14,"Benchmark equity indices Sensex , Nifty hit record highs",https://www.tribuneindia.com/news/business/benchmark-equity-indices-sensex-nifty-hit-record-highs-571816
2023-12-12,Rural Income Stress Cloud Over FMCG Demand,https://thewire.in/business/rural-income-stress-cloud-over-fmcg-demand
2023-10-08,"TCS Biggest Gainer As Five Of Top - 10 Most Valued Firms Add Rs 86 , 235 Crore To Market Cap",https://www.bqprime.com/business/tcs-biggest-gainer-as-five-of-top-10-most-valued-firms-add-rs-86235-crore-to-market-cap
2023-10-27,"JP Morgan elevates India to  Overweight  rating , includes 3 key stocks in EM portfolio",https://timesofoman.com/article/137750-jp-morgan-elevates-india-to-overweight-rating-includes-3-key-stocks-in-em-portfolio
2023-11-20,Invesco India Small Cap mutual fund risk - return profile not among the best in the category,https://economictimes.indiatimes.com/wealth/invest/invesco-india-small-cap-mutual-funds-risk-return-profile-not-among-the-best-in-the-category/articleshow/105306029.cms
2023-11-20,Invesco India Small Cap Fund : Risk - return profile not among the best in the category,https://economictimes.indiatimes.com/mf/analysis/invesco-india-small-cap-mutual-funds-risk-return-profile-not-among-the-best-in-the-category/articleshow/105343239.cms
2023-11-23,"Sensex , Nifty rally on positive cues from US market , drop in oil prices",https://www.thehindubusinessline.com/markets/sensex-nifty-rally-on-positive-cues-from-us-market-drop-in-oil-prices/article67564543.ece
2023-12-19,"Jubilant FoodWorks appoints Suman Hegde as executive vice - president and chief financial officer , ET Retail",https://retail.economictimes.indiatimes.com/news/food-entertainment/food-services/jubilant-foodworks-appoints-suman-hegde-as-executive-vice-president-and-chief-financial-officer/106121233
2023-10-27,JP Morgan upgrades India to  overweight  as its appeal to investors soars,https://www.hindustantimes.com/business/jp-morgan-upgrades-india-to-overweight-as-its-appeal-to-investors-soars-101698394447949.html
2023-10-16,"Indian markets falls for third day on weak global cues , spike in oil prices",https://timesofindia.indiatimes.com/business/markets/sensex/indian-markets-falls-for-third-day-on-weak-global-cues-spike-in-oil-prices/articleshow/104468020.cms
2023-12-07,active stocks : Share market update : Most active stocks of the day in terms of traded value,https://economictimes.indiatimes.com/markets/stocks/stock-watch/share-market-update-most-active-stocks-of-the-day-in-terms-of-traded-value/articleshow/105812853.cms
2023-12-20,"Sensex at 71 , 913 and Nifty at 21 , 591 hit fresh all - time highs",https://www.tribuneindia.com/news/business/sensex-at-71-913-and-nifty-at-21-591-hit-fresh-all-time-highs-573743
2023-11-21,"Sensex , Nifty rebound in early trade on positive global cues",https://www.thehindu.com/business/markets/sensex-nifty-rebound-in-early-trade-on-positive-global-cues/article67556876.ece
2023-11-23,"Sensex , Nifty climb in early trade",https://www.thehindu.com/business/markets/sensex-nifty-climb-in-early-trade/article67564616.ece
2023-11-23,"Stock market | Sensex advances over 182 points to 66 , 205 in early trade ; Nifty climbs over 54 points to 19 , 866",https://www.telegraphindia.com/business/sensex-advances-over-182-points-to-66205-in-early-trade-nifty-climbs-over-54-points-to-19866/cid/1981992
2023-12-27,"Stock market | Sensex jumps 289 points to 71 , 626 in early trade ; Nifty climbs 90 points to 21 , 531",https://www.telegraphindia.com/business/sensex-jumps-289-points-to-71626-in-early-trade-nifty-climbs-90-points-to-21531/cid/1989625
2023-12-27,Equity benchmark indices maintain winning run for fourth day running,https://www.theweek.in/news/biz-tech/2023/12/27/equity-benchmark-indices-maintain-winning-run-for-fourth-day-running.html
2023-10-17,"HDFC Bank lifts indices , Sensex jumps over 300 pts , Nifty above 19 , 800",https://indianexpress.com/article/business/market/stock-market-today-sensex-nifty-live-hdfc-bank-stocks-8986623/
2023-11-04,Small versus big : Why less inflation can become a big worry for FMCG giants,https://economictimes.indiatimes.com/industry/cons-products/fmcg/small-versus-big-why-less-inflation-can-become-a-big-worry-for-fmcg-giants/articleshow/104961375.cms
2023-11-09,Foreign Fund : Equity markets decline in early trade on unabated foreign fund outflows,https://timesofindia.indiatimes.com/business/india-business/equity-markets-decline-in-early-trade-on-unabated-foreign-fund-outflows/articleshow/105084678.cms
2023-11-09,"Sensex , Nifty decline on sustained foreign fund outflows",https://www.thehindu.com/business/markets/sensex-nifty-decline-on-sustained-foreign-fund-outflows/article67515706.ece
2023-11-09,Equity markets decline in early trade on unabated foreign fund outflows,https://www.theweek.in/wire-updates/business/2023/11/09/del10-biz-stocks-open.html
2023-11-09,Equity markets decline in early trade on unabated foreign fund outflows,https://www.theweek.in/news/biz-tech/2023/11/09/equity-markets-decline-in-early-trade-on-unabated-foreign-fund-outflows.html
2023-12-06,"Markets extend record run , Sensex breaches 69K mark",https://www.tribuneindia.com/news/business/markets-extend-record-run-sensex-breaches-69k-mark-569187
2023-12-20,Stock Market Sectors : Stock market update : Mining stocks up as market rises,https://economictimes.indiatimes.com/markets/stocks/stock-watch/stock-market-update-mining-stocks-up-as-market-rises/articleshow/106143783.cms
2023-11-21,"Stock market | Sensex climbs over 268 points to 65 , 923 in early trade ; Nifty up 85 points to 19 , 779",https://www.telegraphindia.com/feeds/business/sensex-climbs-over-268-points-to-65923-in-early-trade-nifty-up-85-points-to-19779/cid/1981452
2023-11-21,"Stock market | Sensex climbs over 268 points to 65 , 923 in early trade ; Nifty up 85 points to 19 , 779",https://www.telegraphindia.com/business/sensex-climbs-over-268-points-to-65923-in-early-trade-nifty-up-85-points-to-19779/cid/1981452
2023-12-20,Stock Market | Sensex and Nifty hit fresh all - time high levels,https://www.telegraphindia.com/business/sensex-and-nifty-hit-fresh-all-time-high-levels/cid/1988136
2023-10-18,hul q2 results preview : HUL Q2 Preview : Profit likely to rise 6 % YoY ; revenue growth to moderate,https://economictimes.indiatimes.com/markets/stocks/earnings/hul-q2-preview-profit-likely-to-rise-6-yoy-revenue-growth-to-moderate/articleshow/104517974.cms
2023-11-17,Markets decline in early trade ; later face volatile trends,https://www.thehindu.com/business/markets/markets-decline-in-early-trade-later-face-volatile-trends/article67543221.ece
2023-12-20,"Sensex , Nifty hit fresh all - time high levels amid firm global trends",https://www.theweek.in/news/biz-tech/2023/12/20/sensex-nifty-hit-fresh-all-time-high-levels-amid-firm-global-trend.html
2023-11-02,active stocks : Share market update : Most active stocks of the day in terms of total traded value,https://economictimes.indiatimes.com/markets/stocks/stock-watch/share-market-update-most-active-stocks-of-the-day-in-terms-of-total-traded-value/articleshow/104906846.cms
2023-11-02,Dabur India share price today Live : Why is Dabur India share price down today by - 2 . 20 %? ,https://www.livemint.com/market/market-stats/stocks-dabur-india-share-price-nse-bse-s0003129
2023-12-17,"Mcap of nine of top - 10 most valued firms jumps Rs2 . 26 lakh crore ; TCS , Infosys biggest gainers",https://www.orissapost.com/mcap-of-nine-of-top-10-most-valued-firms-jumps-rs2-26-lakh-crore-tcs-infosys-biggest-gainers/
2023-12-17,"M - cap of nine of top - 10 most valued firms jumps Rs 2 . 26 lakh - crore ; TCS , Infosys biggest gainers",https://thenorthlines.com/m-cap-of-nine-of-top-10-most-valued-firms-jumps-rs-2-26-lakh-crore-tcs-infosys-biggest-gainers/
2023-10-10,Stock market shows resilience amidst global tensions at opening,http://aninews.in/news/business/business/stock-market-shows-resilience-amidst-global-tensions-at-opening20231010094336/
2023-11-14,Indian FMCG giants witness a steep surge in Q2FY24 adex : Best Media Info,https://bestmediainfo.com/2023/11/indian-fmcg-giants-witness-a-steep-surge-in-q2fy24-adex
2023-10-06,CaratLane elevates Atul Sinha to COO : Best Media Info,https://bestmediainfo.com/2023/10/caratlane-elevates-atul-sinha-to-coo
2023-12-10,"Mcap of seven of top - 10 most valued firms added Rs3 . 04 lakh crore ; HDFC Bank , LIC biggest gainers",https://www.orissapost.com/mcap-of-seven-of-top-10-most-valued-firms-added-rs3-04-lakh-crore-hdfc-bank-lic-biggest-gainers/
2023-11-09,"Sensex , Nifty decline on sustained foreign fund outflows - The Hindu BusinessLine",https://www.thehindubusinessline.com/markets/sensex-nifty-decline-on-sustained-foreign-fund-outflows/article67515692.ece
2023-12-28,IIT - Roorkee Student : First phase of placement concludes at IIT - Roorkee with  best - ever  offer : Companies that participated and other details,https://timesofindia.indiatimes.com/gadgets-news/first-phase-of-placement-concludes-at-iit-roorkee-with-best-ever-offer-companies-that-participated-and-other-details/articleshow/106330316.cms
2023-12-29,Stock Market Sectors : Stock market update : Mining stocks down as market falls,https://economictimes.indiatimes.com/markets/stocks/stock-watch/stock-market-update-mining-stocks-down-as-market-falls/articleshow/106368090.cms
2023-12-29,Stock Market Sectors : Stock market update : Sugar stocks up as market falls,https://economictimes.indiatimes.com/markets/stocks/stock-watch/stock-market-update-sugar-stocks-up-as-market-falls/articleshow/106379589.cms
2023-11-22,"Meet man who built India first unicorn of 2022 with wife , earned Rs 30 crore in ... ",https://www.dnaindia.com/business/report-meet-man-who-built-india-s-first-unicorn-of-2022-with-wife-earned-rs-30-crore-in-3069230
2023-12-19,"Sensex , Nifty hit new record highs on firm global trends , buying in Reliance",https://www.tribuneindia.com/news/business/sensex-nifty-hit-new-record-highs-on-firm-global-trends-buying-in-reliance-573484
2023-11-29,Stock markets close higher on fag - end buying ; snap two - day losing streak,https://www.dailyexcelsior.com/stock-markets-close-higher-on-fag-end-buying-snap-two-day-losing-streak/
2023-12-15,Stock Market Sectors : Stock market update : Power stocks up as market rises,https://economictimes.indiatimes.com/markets/stocks/stock-watch/stock-market-update-power-stocks-up-as-market-rises/articleshow/106010002.cms
2023-12-15,"GEC genre experiences a consistent 4 % growth in ad volumes , TAM report - Brand Wagon News",https://www.financialexpress.com/business/brandwagon-gec-genre-experiences-a-consistent-4-growth-in-ad-volumes-tam-reportnbsp-3339833/
2023-10-30,FIIs : Foreign funds are selling Indian stocks at fastest pace in months,https://economictimes.indiatimes.com/markets/stocks/news/foreign-funds-are-selling-indian-stocks-at-fastest-pace-in-months/articleshow/104819105.cms
2023-10-17,Markets rebound after three days of fall on optimism in global equities,https://www.thehindu.com/business/markets/markets-rebound-after-three-days-of-fall-on-optimism-in-global-equities/article67429432.ece
2023-10-19,HUL Q2 results : Net profit rises 4 %; board declares interim dividend,https://www.businesstoday.in/markets/company-stock/story/hul-q2-results-net-profit-rises-4-board-declares-interim-dividend-402630-2023-10-19
2023-11-28,"Closing Bell : Markets end higher led by Tata Motors , BPCL , Coal India , Adani stocks soar ahead of SC hearing  Nifty ends above 19850 - Market News",https://www.financialexpress.com/market/closing-bell-markets-end-higher-led-by-tata-motors-bpcl-coal-india-adani-stocks-soar-ahead-of-sc-hearing-nifty-ends-above-19850-3319799/
2023-12-02,IIMA summer placements : All students from 2025 MBA class bag job offers,https://www.financialexpress.com/jobs-career/education-iima-summer-placements-all-students-from-2025-mba-class-bag-job-offers-3323590/
2023-11-28,"Sensex , Nifty close higher on fag - end buying ; snap two - day losing streak",https://www.thehindubusinessline.com/markets/sensex-nifty-close-higher-on-fag-end-buying-snap-two-day-losing-streak/article67582808.ece
2023-10-09,active stocks : Share market update : Most active stocks of the day in terms of traded value,https://economictimes.indiatimes.com/markets/stocks/stock-watch/share-market-update-most-active-stocks-of-the-day-in-terms-of-traded-value/articleshow/104287107.cms
2023-10-12,HUL fame Nitin Paranjpe joins Infosys board as independent director,https://www.moneycontrol.com/news/business/companies/hul-fame-nitin-paranjpe-joins-infosys-board-as-independent-director-11522061.html
2023-11-09,active stocks : Share market update : Most active stocks of the day in terms of total traded value,https://economictimes.indiatimes.com/markets/stocks/stock-watch/share-market-update-most-active-stocks-of-the-day-in-terms-of-total-traded-value/articleshow/105085609.cms
2023-12-18,"Unilever , others stall after backlash against skin - lightening",https://quicknews-africa.net/unilever-others-stall-after-backlash-against-skin-lightening/
2023-12-29,Stock Market Sectors : Stock market update : Power stocks up as market falls,https://economictimes.indiatimes.com/markets/stocks/stock-watch/stock-market-update-power-stocks-up-as-market-falls/articleshow/106368444.cms
2023-11-22,Markets climb in early trade on buying in Reliance,https://timesofindia.indiatimes.com/business/india-business/markets-climb-in-early-trade-on-buying-in-reliance/articleshow/105405108.cms
2023-12-19,Stock Market Sectors : Stock market update : Sugar stocks down as market falls,https://economictimes.indiatimes.com/markets/stocks/stock-watch/stock-market-update-sugar-stocks-down-as-market-falls/articleshow/106113015.cms
2023-12-19,Stock Market Sectors : Stock market update : Fertilisers stocks down as market falls,https://economictimes.indiatimes.com/markets/stocks/stock-watch/stock-market-update-fertilisers-stocks-down-as-market-falls/articleshow/106113179.cms
2023-12-19,Stock Market Sectors : Stock market update : Fertilisers stocks down as market rises,https://economictimes.indiatimes.com/markets/stocks/stock-watch/stock-market-update-fertilisers-stocks-down-as-market-rises/articleshow/106124151.cms
2023-12-20,Stock Market Sectors : Stock market update : Power stocks up as market rises,https://economictimes.indiatimes.com/markets/stocks/stock-watch/stock-market-update-power-stocks-up-as-market-rises/articleshow/106143259.cms
2023-12-04,"Stocks To Watch On 4 December : Hindustan Unilever , Tata Power , GAIL , Others In News",https://business.outlookindia.com/markets/stocks-to-watch-on-4-december-hindustan-unilever-tata-power-gail-others-in-news
2023-11-22,Sensex | Markets climb in early trade on buying in index major Reliance Industries,https://www.telegraphindia.com/business/markets-climb-in-early-trade-on-buying-in-index-major-reliance-industries/cid/1981710
2023-11-22,Sensex | Markets climb in early trade on buying in index major Reliance Industries,https://www.telegraphindia.com/feeds/business/markets-climb-in-early-trade-on-buying-in-index-major-reliance-industries/cid/1981710
2023-10-06,"Sensex gains 200 points , Nifty above 19 , 600 ahead of RBI policy ; metal , realty stocks gain",https://indianexpress.com/article/business/market/stock-market-live-sensex-nifty-today-rbi-monetary-policy-8970675/
2023-10-26,Colgate - Palmolive Indian unit Q2 profit rises on higher demand,https://www.marketscreener.com/quote/stock/COLGATE-PALMOLIVE-COMPANY-12089/news/Colgate-Palmolive-s-Indian-unit-s-Q2-profit-rises-on-higher-demand-45158051/
2023-11-02,share market : Share market update : Most active stocks on D - Street today in terms of volume,https://economictimes.indiatimes.com/markets/stocks/stock-watch/share-market-update-most-active-stocks-on-d-street-today-in-terms-of-volume/articleshow/104905703.cms
2023-10-30,Foreign Funds Are Selling India Stocks at Fastest Pace in Months,https://www.bnnbloomberg.ca/foreign-funds-are-selling-india-stocks-at-fastest-pace-in-months-1.1991128
2023-10-17,Markets rebound after three days of fall on optimism in global equities,https://www.thehindubusinessline.com/markets/markets-rebound-after-three-days-of-fall-on-optimism-in-global-equities/article67429390.ece
2023-10-11,active stocks : Share market update : Most active stocks of the day in terms of total traded value,https://economictimes.indiatimes.com/markets/stocks/stock-watch/share-market-update-most-active-stocks-of-the-day-in-terms-of-total-traded-value/articleshow/104333635.cms
2023-11-09,Sensex declines 143 pts on unabated foreign fund outflows,https://www.rediff.com/business/report/sensex-declines-143-pts-on-unabated-foreign-fund-outflows/20231109.htm
2023-12-08,Stock Market Sectors : Stock market update : FMCG stocks down as market rises,https://economictimes.indiatimes.com/markets/stocks/stock-watch/stock-market-update-fmcg-stocks-down-as-market-rises/articleshow/105840693.cms
2023-10-17,Markets rebound after three days of fall on optimism in global equities,https://www.theweek.in/wire-updates/business/2023/10/17/del5-biz-stocks-open.html
2023-12-05,Wipro Consumer adds three more soap brands with its 15th acquisition,https://www.livemint.com/companies/wipro-consumer-adds-three-more-soap-brands-with-its-15th-acquisition-11701763834303.html
2023-12-07,HUL volume growth may remain tepid in Q3 : Nomura - Market News,https://www.financialexpress.com/market/huls-volume-growth-may-remain-tepid-in-q3-nomura-3331188/
2023-10-06,active stocks : Share market update : Most active stocks of the day in terms of total traded value,https://economictimes.indiatimes.com/markets/stocks/stock-watch/share-market-update-most-active-stocks-of-the-day-in-terms-of-total-traded-value/articleshow/104203415.cms
2023-11-02,Stock Market Sectors : Stock market update : Power stocks up as market rises,https://economictimes.indiatimes.com/markets/stocks/stock-watch/stock-market-update-power-stocks-up-as-market-rises/articleshow/104906171.cms
2023-10-06,"Sensex , Nifty move up ahead of RBI monetary policy review - The Hindu BusinessLine",https://www.thehindubusinessline.com/markets/sensex-nifty-move-up-ahead-of-rbi-monetary-policy-review/article67387424.ece
2023-11-05,"Mcap of nine of top - 10 most valued firms surges Rs 97 , 463 crore ; Reliance leads",https://www.orissapost.com/mcap-of-nine-of-top-10-most-valued-firms-surges-rs-97463-crore-reliance-leads/
2023-11-28,Stock Market Sectors : Stock market update : FMCG stocks down as market rises,https://economictimes.indiatimes.com/markets/stocks/stock-watch/stock-market-update-fmcg-stocks-down-as-market-rises/articleshow/105562326.cms
2023-11-28,Reliance Retail and Naturals Salon call off deal talks,https://economictimes.indiatimes.com/industry/services/retail/reliance-retail-and-naturals-salon-call-off-deal-talks/articleshow/105571900.cms
2023-11-30,Stock Market Sectors : Stock market update : FMCG stocks down as market falls,https://economictimes.indiatimes.com/markets/stocks/stock-watch/stock-market-update-fmcg-stocks-down-as-market-falls/articleshow/105610176.cms
2023-12-01,Stock Market Sectors : Stock market update : FMCG stocks up as market rises,https://economictimes.indiatimes.com/markets/stocks/stock-watch/stock-market-update-fmcg-stocks-up-as-market-rises/articleshow/105645393.cms
2023-10-16,Sensex ends down 116 points amid weak global trends,https://www.rediff.com/business/report/sensex-ends-down-116-points-amid-weak-global-trends/20231016.htm
2023-11-30,Markets give up early gains ; trade lower on profit - taking,https://www.businessinsider.in/stock-market/news/markets-give-up-early-gains-trade-lower-on-profit-taking/articleshow/105610981.cms
2023-12-01,HUL management rejig : Harman Dhillon to join as Executive Director of Beauty & Wellbeing biz,https://www.thehindubusinessline.com/companies/hul-management-rejig-harman-dhillon-to-join-as-executive-director-of-beauty-wellbeing-biz/article67594451.ece
2023-11-09,share market : Share market update : Most active stocks on D - Street today in terms of volume,https://economictimes.indiatimes.com/markets/stocks/stock-watch/share-market-update-most-active-stocks-on-d-street-today-in-terms-of-volume/articleshow/105086447.cms
2023-11-20,Stock Market Sectors : Stock market update : Fertilisers stocks down as market falls,https://economictimes.indiatimes.com/markets/stocks/stock-watch/stock-market-update-fertilisers-stocks-down-as-market-falls/articleshow/105344894.cms
2023-11-23,Stock Market Sectors : Stock market update : Power stocks up as market rises,https://economictimes.indiatimes.com/markets/stocks/stock-watch/stock-market-update-power-stocks-up-as-market-rises/articleshow/105433067.cms
2023-11-22,Sensex ends up 92 points in volatile trade,https://www.rediff.com/business/report/sensex-ends-up-92-points-in-volatile-trade/20231122.htm
2023-12-18,Sensex | Stock markets snap record - breaking run on profit - taking ; Sensex drops 168 points,https://www.telegraphindia.com/feeds/business/stock-markets-snap-record-breaking-run-on-profit-taking-sensex-drops-168-points/cid/1987754
2023-10-27,share market : Share market update : Most active stocks on D - Street today in terms of volume,https://economictimes.indiatimes.com/markets/stocks/stock-watch/share-market-update-most-active-stocks-on-d-street-today-in-terms-of-volume/articleshow/104744763.cms
2023-11-17,Stock Market Sectors : Stock market update : Mining stocks down as market falls,https://economictimes.indiatimes.com/markets/stocks/stock-watch/stock-market-update-mining-stocks-down-as-market-falls/articleshow/105292056.cms
2023-11-02,Stock Market Sectors : Stock market update : Fertilisers stocks up as market rises,https://economictimes.indiatimes.com/markets/stocks/stock-watch/stock-market-update-fertilisers-stocks-up-as-market-rises/articleshow/104905827.cms
2023-10-03,active stocks : Share market update : Most active stocks of the day in terms of total traded value,https://economictimes.indiatimes.com/markets/stocks/stock-watch/share-market-update-most-active-stocks-of-the-day-in-terms-of-total-traded-value/articleshow/104122126.cms
2023-10-20,Stock Market Sectors : Stock market update : Mining stocks down as market falls,https://economictimes.indiatimes.com/markets/stocks/stock-watch/stock-market-update-mining-stocks-down-as-market-falls/articleshow/104583357.cms
2023-10-11,Stock Market Sectors : Stock market update : Mining stocks up as market rises,https://economictimes.indiatimes.com/markets/stocks/stock-watch/stock-market-update-mining-stocks-up-as-market-rises/articleshow/104344612.cms
2023-12-22,TV ad volumes see 4 % de - growth in Jul - Sep  23 compared to Jul - Sep  22 : TAM AdEx,https://www.adgully.com/tv-ad-volumes-see-4-de-growth-in-jul-sep-23-compared-to-jul-sep-22-tam-adex-140289.html
2023-10-22,Disney Star ropes in 26 sponsors for ICC World Cup 2023 : Best Media Info,https://www.bestmediainfo.com/2023/10/disney-star-ropes-in-26-sponsors-for-icc-world-cup-2023
2023-11-08,Stock markets edge higher in volatile trade amid weak global cues,https://www.theweek.in/news/biz-tech/2023/11/08/stock-markets-edge-higher-in-volatile-trade-amid-weak-global-cues.html
2023-10-06,"Mcap of five of top 10 most valued firms decline by Rs 62 , 586 crore ; TCS , Infosys biggest laggards",https://www.orissapost.com/mcap-of-five-of-top-10-most-valued-firms-decline-by-rs-62586-crore-tcs-infosys-biggest-laggards/
2023-11-16,Stock Market Sectors : Stock market update : FMCG stocks up as market rises,https://economictimes.indiatimes.com/markets/stocks/stock-watch/stock-market-update-fmcg-stocks-up-as-market-rises/articleshow/105251767.cms
2023-10-31,India Tata Consumer beats Q2 profit estimates as price hikes boost margins,https://www.marketscreener.com/quote/stock/TATA-CONSUMER-PRODUCTS-LI-9058838/news/India-s-Tata-Consumer-beats-Q2-profit-estimates-as-price-hikes-boost-margins-45198292/
2023-10-20,Stock Market Sectors : Stock market update : Mining stocks up as market falls,https://economictimes.indiatimes.com/markets/stocks/stock-watch/stock-market-update-mining-stocks-up-as-market-falls/articleshow/104571234.cms
2023-10-25,"Sensex , Nifty climb in early trade amid positive global trends , foreign fund inflows",https://www.theweek.in/news/biz-tech/2023/10/25/sensex-nifty-climb-early-trade-amid-positive-global-trends-foreign-fund-inflows.html
2023-10-20,"Markets continue to fall on weak global trends , soaring crude oil prices",https://www.thehindu.com/business/markets/markets-continue-to-fall-on-weak-global-trends-soaring-crude-oil-prices/article67441547.ece
2023-10-20,"Stock market | Sensex falls over 320 points to 65 , 308 in early trade ; Nifty declines 106 points to 19 , 518",https://www.telegraphindia.com/business/sensex-falls-over-320-points-to-65308-in-early-trade-nifty-declines-106-points-to-19518/cid/1974541
2023-11-09,Stock Market Sectors : Stock market update : Mining stocks mixed as market falls,https://economictimes.indiatimes.com/markets/stocks/stock-watch/stock-market-update-mining-stocks-mixed-as-market-falls/articleshow/105085738.cms
2023-12-14,"Sensex , Nifty hit record highs on global market rally",https://www.thehindu.com/business/sensex-updates-on-december-14-2023/article67636962.ece
2023-10-25,"Sensex , Nifty rebound in early trade on firm global cues , foreign fund inflows",https://www.thehindubusinessline.com/markets/sensex-nifty-rebound-in-early-trade-on-firm-global-cues-foreign-fund-inflows/article67456494.ece
2023-10-03,Stock Market Sectors : Stock market update : Sugar stocks down as market falls,https://economictimes.indiatimes.com/markets/stocks/stock-watch/stock-market-update-sugar-stocks-down-as-market-falls/articleshow/104121956.cms
2023-10-03,share market : Share market update : Most active stocks on D - Street today in terms of volume,https://economictimes.indiatimes.com/markets/stocks/stock-watch/share-market-update-most-active-stocks-on-d-street-today-in-terms-of-volume/articleshow/104121782.cms
2023-10-17,Stock Market Sectors : Stock market update : Fertilisers stocks up as market rises,https://economictimes.indiatimes.com/markets/stocks/stock-watch/stock-market-update-fertilisers-stocks-up-as-market-rises/articleshow/104496682.cms
2023-12-08,"itc : ITC beats Adani , Britannia & Parle to become largest FMCG co in food space",https://economictimes.indiatimes.com/industry/cons-products/fmcg/itc-fastest-moving-consumer-goods-company-in-food-space/articleshow/105824152.cms
2023-10-09,Stock Market Sectors : Stock market update : Power stocks down as market falls,https://economictimes.indiatimes.com/markets/stocks/stock-watch/stock-market-update-power-stocks-down-as-market-falls/articleshow/104273732.cms
2023-11-08,Stock Market Sectors : Stock market update : FMCG stocks up as market rises,https://economictimes.indiatimes.com/markets/stocks/stock-watch/stock-market-update-fmcg-stocks-up-as-market-rises/articleshow/105068601.cms
2023-11-09,Stock Market Sectors : Stock market update : Fertilisers stocks down as market falls,https://economictimes.indiatimes.com/markets/stocks/stock-watch/stock-market-update-fertilisers-stocks-down-as-market-falls/articleshow/105085871.cms
2023-11-09,Stock Market Sectors : Stock market update : Sugar stocks down as market falls,https://economictimes.indiatimes.com/markets/stocks/stock-watch/stock-market-update-sugar-stocks-down-as-market-falls/articleshow/105086098.cms
2023-11-09,Stock Market Sectors : Stock market update : Power stocks up as market falls,https://economictimes.indiatimes.com/markets/stocks/stock-watch/stock-market-update-power-stocks-up-as-market-falls/articleshow/105085398.cms
2023-11-09,"Sensex declines 143 points on unabated foreign fund outflows , weak global trends",https://www.tribuneindia.com/news/business/sensex-declines-143-points-on-unabated-foreign-fund-outflows-weak-global-trends-561038
2023-10-16,"Markets fall for third day on weak global equities , spike in Brent crude oil prices",https://www.theweek.in/news/biz-tech/2023/10/16/markets-fall-for-third-day-on-weak-global-equities-spike-in-brent-crude-oil-prices.html
2023-11-09,"Stock market | Sensex declines 143 points on unabated foreign fund outflows , weak global trends",https://www.telegraphindia.com/business/sensex-declines-143-points-on-unabated-foreign-fund-outflows-weak-global-trends/cid/1978808
2023-11-06,Sensex Nifty jump nearly 1 pc on gain in IT banking shares rally for 3rd day on the trot,https://www.theweek.in/wire-updates/business/2023/11/06/del38-biz-stocks-close.html
2023-10-05,Markets fall for 2nd day on unabated foreign fund outflows,https://www.dailyexcelsior.com/markets-fall-for-2nd-day-on-unabated-foreign-fund-outflows/
2023-11-17,Stock Market Sectors : Stock market update : Sugar stocks down as market falls,https://economictimes.indiatimes.com/markets/stocks/stock-watch/stock-market-update-sugar-stocks-down-as-market-falls/articleshow/105290524.cms
2023-11-17,Stock Market Sectors : Stock market update : Power stocks up as market falls,https://economictimes.indiatimes.com/markets/stocks/stock-watch/stock-market-update-power-stocks-up-as-market-falls/articleshow/105293195.cms
2023-10-25,Stock Market Sectors : Stock market update : FMCG stocks up as market rises,https://economictimes.indiatimes.com/markets/stocks/stock-watch/stock-market-update-fmcg-stocks-up-as-market-rises/articleshow/104688086.cms
2023-10-25,"Sensex Climbs 193 Points to 64 , 765 ; Nifty at 19 , 336 As Markets Rebound in Early Trade",https://www.latestly.com/agency-news/india-news-markets-rebound-in-early-trade-on-firm-global-trends-5512410.html
2023-11-09,"Sensex declines 143 pts on unabated foreign fund outflows , weak global trends",https://www.dailyexcelsior.com/sensex-declines-143-pts-on-unabated-foreign-fund-outflows-weak-global-trends-2/
2023-10-06,Stock Market Sectors : Stock market update : Mining stocks down as market rises,https://economictimes.indiatimes.com/markets/stocks/stock-watch/stock-market-update-mining-stocks-down-as-market-rises/articleshow/104205589.cms
2023-10-05,Stock Market Sectors : Stock market update : Fertilisers stocks up as market rises,https://economictimes.indiatimes.com/markets/stocks/stock-watch/stock-market-update-fertilisers-stocks-up-as-market-rises/articleshow/104177349.cms
2023-10-03,Stock Market Sectors : Stock market update : Mining stocks up as market falls,https://economictimes.indiatimes.com/markets/stocks/stock-watch/stock-market-update-mining-stocks-up-as-market-falls/articleshow/104122692.cms
2023-11-22,Markets settle with modest gains in highly volatile trade,https://www.thehindu.com/business/markets/markets-settle-with-modest-gains-in-highly-volatile-trade/article67561602.ece
2023-12-11,"sensex : Sensex @ 70 , 000 : A look at key milestones of India heartbeat index",https://economictimes.indiatimes.com/markets/stocks/news/sensex-70000-a-look-at-key-milestones-of-indias-heartbeat-index/articleshow/105898114.cms
2023-12-15,"mensa brands : Mensa Brands sees loss widen to Rs 213 crore , revenue jumps 2 . 5 times",https://economictimes.indiatimes.com/tech/technology/mensa-brands-sees-loss-widen-to-rs-213-crore-revenue-jumps-2-5-times/articleshow/106031468.cms
2023-12-14,"Stock market | Sensex , Nifty hit record highs on global market rally as US Fed keeps key interest rate unchanged",https://www.telegraphindia.com/feeds/business/sensex-nifty-hit-record-highs-on-global-market-rally-as-us-fed-keeps-key-interest-rate-unchanged/cid/1986808
2023-11-20,"OCI N : Fertiglobe Ships World First ISCC PLUS Certified Renewable * Ammonia - November 20 , 2023 at 05 : 58 am EST",https://www.marketscreener.com/quote/stock/OCI-N-V-14111730/news/OCI-N-Fertiglobe-Ships-World-s-First-ISCC-PLUS-Certified-Renewable-Ammonia-45396639/
2023-12-14,Stock Market Today : Mcap of BSE - Listed Firms Jumps to Record High of Rs 354 . 41 Lakh Crore ; Investors Richer by Rs 3 Lakh Crore,https://www.latestly.com/agency-news/india-news-mcap-of-bse-listed-firms-jumps-to-record-high-of-rs-354-41-lakh-cr-investors-richer-by-rs-3-lk-cr-5629017.html
2023-12-14,"Sensex , Nifty hit record highs on global market rally as US Fed keeps key interest rate unchanged",https://www.dailypioneer.com/2023/business/sensex--nifty-hit-record-highs-on-global-market-rally-as-us-fed-keeps-key-interest-rate-unchanged.html
2023-12-14,"Sensex , Nifty hit record highs on global market rally as US Fed keeps key interest rate unchanged",https://www.theweek.in/news/biz-tech/2023/12/14/sensex-nifty-hit-record-highs-on-global-market-rally-as-us-fed-keeps-key-interest-rate-unchanged.html
2023-12-01,HUL Board appoints Tarun Bajaj as Independent Director,https://www.equitybulls.com/category.php?id=340394
2023-10-04,Zee TV singing reality show Sa Re Ga Ma Pa onboards 18 sponsors : Best Media Info,https://bestmediainfo.com/2023/10/zee-tv-s-singing-reality-show-sa-re-ga-ma-pa-onboards-18-sponsors
2023-11-20,UAE Business : Fertiglobe ships world first ISCC PLUS certified renewable ammonia,https://www.gdnonline.com/Details/1296259
2023-11-20,UAE Business : Fertiglobe ships world first ISCC PLUS certified renewable ammonia,https://www.gdnonline.com/Details/1296259/Fertiglobe-ships-world%E2%80%99s-first-ISCC-PLUS-certified-renewable-ammonia
2023-11-22,Markets settle with modest gains in highly volatile trade,https://www.dailyexcelsior.com/markets-settle-with-modest-gains-in-highly-volatile-trade/
2023-10-27,"JP Morgan elevates India to  Overweight  rating , includes 3 key stocks in EM portfolio",https://www.sanantoniopost.com/news/274012412/jp-morgan-elevates-india-to-overweight-rating-includes-3-key-stocks-in-em-portfolio
2023-10-27,"JP Morgan elevates India to  Overweight  rating , includes 3 key stocks in EM portfolio",https://www.austinglobe.com/news/274012412/jp-morgan-elevates-india-to-overweight-rating-includes-3-key-stocks-in-em-portfolio
2023-10-27,"JP Morgan elevates India to  Overweight  rating , includes 3 key stocks in EM portfolio",https://www.batonrougepost.com/news/274012412/jp-morgan-elevates-india-to-overweight-rating-includes-3-key-stocks-in-em-portfolio
2023-10-27,"JP Morgan elevates India to  Overweight  rating , includes 3 key stocks in EM portfolio",https://www.coloradostar.com/news/274012412/jp-morgan-elevates-india-to-overweight-rating-includes-3-key-stocks-in-em-portfolio
2023-10-27,"JP Morgan elevates India to  Overweight  rating , includes 3 key stocks in EM portfolio",https://www.myanmarnews.net/news/274012412/jp-morgan-elevates-india-to-overweight-rating-includes-3-key-stocks-in-em-portfolio
2023-10-27,"JP Morgan elevates India to  Overweight  rating , includes 3 key stocks in EM portfolio",https://www.iraqsun.com/news/274012412/jp-morgan-elevates-india-to-overweight-rating-includes-3-key-stocks-in-em-portfolio
2023-10-27,"JP Morgan elevates India to  overweight  rating , includes 3 key stocks in EM portfolio",https://organiser.org/2023/10/27/203521/bharat/jp-morgan-elevates-india-to-overweight-rating-includes-3-key-stocks-in-em-portfolio/
2023-10-27,"JP Morgan elevates India to  Overweight  rating , includes 3 key stocks in EM portfolio",https://www.shanghaisun.com/news/274012412/jp-morgan-elevates-india-to-overweight-rating-includes-3-key-stocks-in-em-portfolio
2023-10-27,"JP Morgan elevates India to  Overweight  rating , includes 3 key stocks in EM portfolio",https://www.heraldglobe.com/news/274012412/jp-morgan-elevates-india-to-overweight-rating-includes-3-key-stocks-in-em-portfolio
2023-10-27,"JP Morgan elevates India to  Overweight  rating , includes 3 key stocks in EM portfolio",https://www.orlandoecho.com/news/274012412/jp-morgan-elevates-india-to-overweight-rating-includes-3-key-stocks-in-em-portfolio
2023-10-27,"JP Morgan elevates India to  Overweight  rating , includes 3 key stocks in EM portfolio",https://www.arabherald.com/news/274012412/jp-morgan-elevates-india-to-overweight-rating-includes-3-key-stocks-in-em-portfolio
2023-10-27,"JP Morgan elevates India to  Overweight  rating , includes 3 key stocks in EM portfolio",https://www.indiagazette.com/news/274012412/jp-morgan-elevates-india-to-overweight-rating-includes-3-key-stocks-in-em-portfolio
2023-10-27,"JP Morgan elevates India to  Overweight  rating , includes 3 key stocks in EM portfolio",https://www.middleeaststar.com/news/274012412/jp-morgan-elevates-india-to-overweight-rating-includes-3-key-stocks-in-em-portfolio
2023-10-27,"JP Morgan elevates India to  Overweight  rating , includes 3 key stocks in EM portfolio",https://www.brazilsun.com/news/274012412/jp-morgan-elevates-india-to-overweight-rating-includes-3-key-stocks-in-em-portfolio
2023-12-07,Sensex falls 132 points ahead of RBI monetary policy decision,https://www.rediff.com/business/report/sensex-falls-132-points-ahead-of-rbis-monetary-policy-decision/20231207.htm
2023-12-08,D - St bulls keep 98 % of Nifty 50 stocks in positive momentum,https://www.moneycontrol.com/news/business/markets/d-st-bulls-keep-98-of-nifty-50-stocks-in-positive-momentum-11874921.html
2023-10-17,Stock Market Sectors : Stock market update : Power stocks up as market rises,https://economictimes.indiatimes.com/markets/stocks/stock-watch/stock-market-update-power-stocks-up-as-market-rises/articleshow/104498048.cms
2023-10-06,Stock Market Sectors : Stock market update : Fertilisers stocks up as market rises,https://economictimes.indiatimes.com/markets/stocks/stock-watch/stock-market-update-fertilisers-stocks-up-as-market-rises/articleshow/104203079.cms
2024-11-26,"Hindustan Unilever Share Price Today Live Updates , 26 Nov , 2024 : Hindustan Unilever on the radar",https://www.financialexpress.com/market/hindustan-unilever-share-price-today-live-updates-26-nov-2024-3677228/
2024-10-24,Hindustan Unilever Q2 Results Live : Profit Falls by 2 . 45 % YOY,https://www.livemint.com/companies/company-results/hindustan-unilever-q2-results-live-profit-falls-by-2-45-yoy-11729748409530.html
2024-10-24,"Hindustan Unilever Share Price Today Live Updates , 24 Oct , 2024 : Hindustan Unilever on the radar",https://www.financialexpress.com/market/hindustan-unilever-share-price-today-live-updates-24-oct-2024-2-3648140/
2024-10-24,Unilever India unit shares fall after quarterly profit miss,https://www.marketscreener.com/quote/stock/UNILEVER-PLC-9590186/news/Unilever-s-India-unit-shares-fall-after-quarterly-profit-miss-48147005/
2024-11-03,"Mcap of 6 of top - 10 most valued firms jump ₹1 lakh crore ; State Bank , ICICI Bank top gainers",https://www.thehindubusinessline.com/markets/mcap-of-6-of-top-10-most-valued-firms-jump-1-lakh-crore-state-bank-icici-bank-top-gainers/article68824948.ece
2024-10-27,Mcap of nine of top - 10 most valued firms drops ₹2 lakh crore last week as markets tumble,https://www.thehindubusinessline.com/markets/mcap-of-nine-of-top-10-most-valued-firms-drops-2-lakh-crore-last-week-as-markets-tumble/article68802657.ece
2024-11-05,"Mcap of most valued firms jumps , State Bank , ICICI Bank top gainers",https://www.dailypioneer.com/2024/business/mcap-of-most-valued-firms-jumps--state-bank--icici-bank-top-gainers.html
2024-10-27,9 of top 10 most valued firms lose over Rs 2 lakh crore in week,https://www.thestatesman.com/business/9-of-top-10-most-valued-firms-lose-over-rs-2-lakh-crore-in-week-1503358316.html
2024-11-26,HUL shares in focus as board greenlights ice cream arm spin - off,https://www.moneycontrol.com/news/business/markets/hul-shares-in-focus-as-board-greenlights-ice-cream-arm-spin-off-12875786.html
2024-12-15,Five of top - 10 most valued firms together add ₹1 . 13 lakh crore in market valuation,https://www.thehindubusinessline.com/markets/stock-markets/five-of-top-10-most-valued-firms-together-add-113-lakh-crore-in-market-valuation/article68987706.ece
2024-12-15,Five of top - 10 most valued firms add Rs 1 . 13 lakh crore in market valuation ; Airtel shines,https://www.tribuneindia.com/news/business/five-of-top-10-most-valued-firms-add-rs-1-13-lakh-crore-in-market-valuation-airtel-shines/
2024-12-15,Five of top - 10 most valued firms together add Rs 1 . 13 lakh Crore in market valuation,https://www.dailypioneer.com/2024/business/five-of-top-10-most-valued-firms-together-add-rs-1-13-lakh-crore-in-market-valuation.html
2024-10-27,"M - cap of nine of the top 10 most valued firms plunges Rs 2 lakh crore as Sensex , Nifty tumble",https://economictimes.indiatimes.com/markets/stocks/news/m-cap-of-nine-of-the-top-10-most-valued-firms-plunges-rs-2-lakh-crore-as-sensex-nifty-tumble/articleshow/114648502.cms
2024-10-27,Mcap of nine of top - 10 most valued firms drops Rs 2 lakh cr last week as markets tumble,https://www.moneycontrol.com/news/business/markets/mcap-of-nine-of-top-10-most-valued-firms-drops-rs-2-lakh-cr-last-week-as-markets-tumble-12851714.html
2024-10-27,Mcap of nine of top - 10 most valued firms drops Rs 2 lakh crore last week as markets tumble,https://www.tribuneindia.com/news/business/mcap-of-nine-of-top-10-most-valued-firms-drops-rs-2-lakh-crore-last-week-as-markets-tumble/
2024-10-27,Mcap of nine of top - 10 most valued firms drops Rs 2 lakh cr last week as markets tumble,https://www.theweek.in/wire-updates/business/2024/10/27/dcm10-biz-stocks-mcap.html
2024-12-15,Five of top 10 most valued firms together add Rs 1 . 13 lakh cr in market valuation ; Airtel shines,https://www.moneycontrol.com/news/business/five-of-top-10-most-valued-firms-together-add-rs-1-13-lakh-cr-in-market-valuation-airtel-shines-12890109.html
2024-12-08,"Mcap of 6 of top - 10 most valued firms jump Rs 2 lakh crore ; TCS , HDFC Bank lead gainers",https://www.moneycontrol.com/news/business/markets/mcap-of-6-of-top-10-most-valued-firms-jump-rs-2-lakh-crore-tcs-hdfc-bank-lead-gainers-12885381.html
2024-12-29,"Mcap of 6 of top - 10 most valued firms climbs Rs 86 , 847 crore ; HDFC Bank , RIL biggest gainers",https://www.tribuneindia.com/news/business/mcap-of-6-of-top-10-most-valued-firms-climbs-rs-86847-crore-hdfc-bank-ril-biggest-gainers/
2024-10-24,Unilever India misses profit estimate as low demand persists,https://www.businesstimes.com.sg/companies-markets/consumer-healthcare/unilever-india-misses-profit-estimate-low-demand-persists
2024-12-08,Mcap of six of top 10 most valued firms jump Rs 2 lakh Crore,https://www.dailypioneer.com/2024/business/mcap-of-six-of-top-10-most-valued-firms-jump-rs-2-lakh-crore.html
2024-11-10,Market capitalisation of six of top - 10 most - valued firms decline Rs 1 . 55 lakh crore last week,https://timesofindia.indiatimes.com/business/india-business/market-capitalisation-of-six-of-top-10-most-valued-firms-decline-rs-1-55-lakh-crore-last-week/articleshow/115135989.cms
2024-11-10,Mcap of 6 of top - 10 most - valued firms erode Rs 1 . 55 lakh cr ; Reliance biggest laggard,https://economictimes.indiatimes.com/markets/stocks/news/mcap-of-6-of-top-10-most-valued-firms-erode-rs-1-55-lakh-cr-reliance-biggest-laggard/articleshow/115136515.cms
2024-11-10,Mcap of 6 of top - 10 most - valued firms erode ₹1 . 55 lakh cr ; Reliance biggest laggard,https://www.thehindubusinessline.com/markets/mcap-of-6-of-top-10-most-valued-firms-erode-155-lakh-cr-reliance-biggest-laggard/article68851695.ece
2024-10-27,Mcap of nine of top - 10 most valued firms drops  Rs 2 lakh cr last week as markets tumble,https://www.dailyexcelsior.com/mcap-of-nine-of-top-10-most-valued-firms-drops-rs-2-lakh-cr-last-week-as-markets-tumble/
2024-10-24,"Hindustan Unilever Q2 misses Street estimates , rural growth outpaces urban ; shares crack 5 % ",https://www.moneycontrol.com/news/business/earnings/hindustan-unilever-q2-misses-streets-estimates-rural-growth-outpaces-urban-12849382.html
2024-12-15,Five out of 10 cos add over Rs 1 . 13 trillion last week,https://www.thestatesman.com/business/five-out-of-10-cos-add-over-rs-1-13-trillion-last-week-1503375989.html
2024-12-08,Combined market valuation of 6 of top 10 most valued firms spikes over Rs 2 trillion,https://www.thestatesman.com/business/combined-market-valuation-of-6-of-top-10-most-valued-firms-spikes-over-rs-2-trillion-1503373482.html
2024-10-20,"Mcap of 4 of top - 10 most valued firms jumps Rs 81 , 151 cr last week ; ICICI , HDFC Bank biggest gainers",https://economictimes.indiatimes.com/markets/stocks/news/mcap-of-4-of-top-10-most-valued-firms-jumps-rs-81151-cr-last-week-icici-hdfc-bank-biggest-gainers/articleshow/114390684.cms
2024-11-03,"Mcap of 6 of Top - 10 Most Valued Firms Jump Rs 1 Lakh Crore ; State Bank , ICICI Bank Top Gainers",https://www.news18.com/business/markets/mcap-of-6-of-top-10-most-valued-firms-jump-rs-1-lakh-crore-state-bank-icici-bank-top-gainers-9107736.html
2024-10-24,"Sensex Ends Flat , Hindustan Unilever Among Top Losers",https://zeenews.india.com/economy/sensex-ends-flat-hindustan-unilever-among-top-losers-2811402.html
2024-11-26,Moneycontrol Pro Panorama | Unlocking value through demergers,https://www.moneycontrol.com/news/business/economy/moneycontrol-pro-panorama-unlocking-value-through-demergers-12876445.html
2024-12-01,"Market cap of top 9 firms rise , LIC , HDFC Bank lead the pack",https://www.financialexpress.com/market/market-cap-of-top-9-firms-rise-lic-hdfc-bank-lead-the-pack-3681351/
2024-10-24,"Hindustan Unilever ( HUL ) Share Price Highlights October 24 , 2024 : HUL shares plunge 6 % post Q2 results",https://article.wn.com/view/2024/10/24/Hindustan_Unilever_HUL_Share_Price_Highlights_October_24_202/
2024-10-24,"Sensex Ends Flat , Hindustan Unilever Among Top Losers",https://menafn.com/1108815278/Sensex-Ends-Flat-Hindustan-Unilever-Among-Top-Losers
2024-11-25,hindustan unilever demerger news : HUL gives in - principle nod to demerger of ice - cream business into separate listed entity,https://economictimes.indiatimes.com/markets/stocks/news/hul-gives-in-principle-nod-to-demerger-of-ice-cream-business-into-separate-listed-entity/articleshow/115662613.cms
2024-11-10,"Mukesh Ambani loses Rs 74563 crore in 5 days , Reliance emerges as biggest ... ",https://www.dnaindia.com/business/report-mukesh-ambani-loses-rs-74563-crore-in-5-days-reliance-emerges-as-biggest-laggard-in-share-market-3117266
2024-10-21,"Hindustan Unilever Q2 Preview : Flat earnings likely amid high commodity costs , muted demand",https://www.moneycontrol.com/news/business/earnings/hindustan-unilever-q2-preview-flat-earnings-likely-amid-high-commodity-costs-muted-demand-12846898.html
2024-12-01,Mcap of nine of top - 10 most valued firms surges Rs 2 . 29 lakh cr ; LIC biggest winner,https://economictimes.indiatimes.com/markets/stocks/news/mcap-of-nine-of-top-10-most-valued-firms-surges-rs-2-29-lakh-cr-lic-biggest-winner/articleshow/115860687.cms
2024-12-01,Mcap of nine of top - 10 most valued firms surges ₹2 . 29 lakh crore ; LIC biggest gainer,https://www.thehindubusinessline.com/markets/mcap-of-nine-of-top-10-most-valued-firms-surges-229-lakh-crore-lic-biggest-winner/article68934045.ece
2024-12-01,Mcap of 9 of top - 10 most valued firms surges Rs 2 . 29 lakh crore ; LIC biggest winner,https://www.tribuneindia.com/news/business/mcap-of-9-of-top-10-most-valued-firms-surges-rs-2-29-lakh-crore-lic-biggest-winner/
2024-11-17,"HDFC Bank , SBI , HUL among 8 firms that lost Rs 1 . 65 lakh crore this week",https://www.financialexpress.com/market/hdfc-bank-sbi-hul-among-8-firms-that-lost-rs-1-65-lakh-crore-this-week-3667212/
2024-12-09,Markets settle lower amid selling in blue - chip stocks,https://www.thehindu.com/business/markets/markets-settle-lower-amid-selling-in-blue-chip-stocks/article68964940.ece
2024-12-09,Markets Settle Lower Amid Selling In Blue - Chip Stocks,https://zeenews.india.com/economy/markets-settle-lower-amid-selling-in-blue-chip-stocks-2829618.html
2024-12-09,Markets settle lower amid blue - chip stock selling - The Hindu BusinessLine,https://www.thehindubusinessline.com/markets/markets-settle-lower-amid-blue-chip-stock-selling/article68965036.ece
2024-12-09,Markets settle lower amid selling in blue - chip stocks,https://www.tribuneindia.com/news/business/markets-settle-lower-amid-selling-in-blue-chip-stocks/
2024-11-17,Mercedes - Benz to hike prices of all cars from 1 Jan 2025,https://www.financialexpress.com/shorts/auto/mercedes-benz-to-hike-prices-of-all-cars-from-1-jan-2025-3667264/
2024-10-24,Hindustan Unilever shares tumble nearly 6 pc post earnings,https://www.dailypioneer.com/2024/business/hindustan-unilever-shares-tumble-nearly-6-pc-post-earnings.html
2024-10-07,Tata Group enters mass beauty market with  Zudio Beauty  store launch,https://www.business-standard.com/companies/news/tata-group-enters-mass-beauty-market-with-zudio-beauty-store-launch-124100700326_1.html
2024-11-17,Mcap of eight of top 10 most - valued firms take ₹1 . 65 lakh crore hit,https://www.thehindubusinessline.com/markets/mcap-of-eight-of-top-10-most-valued-firms-take-165-lakh-crore-hit/article68878214.ece
2024-11-08,"Nifty cracks below 24 , 000 – Major large cap pain points",https://www.indiainfoline.com/blog/nifty-cracks-below-24000-major-large-cap-pain-points
2024-10-24,HUL share price tanks over 5 % after Q2 results . Should you buy the FMCG stock ? ,https://www.livemint.com/market/stock-market-news/hul-share-price-tanks-over-5-after-q2-results-should-you-buy-the-fmcg-stock-11729745166522.html
2024-12-01,Market valuation of 9 of top 10 most valued firms surges to over Rs 2 . 29 lakh crore,https://www.thestatesman.com/business/market-valuation-of-9-of-top-10-most-valued-firms-surges-to-over-rs-2-29-lakh-crore-1503370889.html
2024-12-30,"Sensex Rises By Rs 87 , 000 Crore In 5 Days ; HDFC Bank , Reliance Industries Lead Market Surge",https://www.news18.com/business/sensex-rises-by-rs-87000-crore-in-5-days-hdfc-bank-reliance-industries-lead-market-surge-ws-ab-9172813.html
2024-12-09,Stock Market Sectors : Stock market update : FMCG stocks down as market falls,https://economictimes.indiatimes.com/markets/stocks/stock-watch/stock-market-update-fmcg-stocks-down-as-market-falls/articleshow/116138476.cms
2024-12-08,"Mcap of six of top - 10 most valued firms surges Rs 2 . 03 lakh crore , TCS biggest winner",https://www.prokerala.com/news/articles/a1588292.html
2024-11-28,Buy or sell : Vaishali Parekh recommends three stocks for today November 28,https://www.livemint.com/market/stock-market-news/buy-or-sell-vaishali-parekh-recommends-three-stocks-for-today-november-28-11732726512872.html
2024-11-17,Eight of top 10 most - valued firms take ₹1 . 65 lakh cr hit in mcap,https://www.hindustantimes.com/business/eight-of-top-10-most-valued-firms-take-rs-1-65-lakh-cr-hit-in-mcap-101731823052754.html
2024-11-13,Stock Market Sectors : Stock market update : FMCG stocks down as market falls,https://economictimes.indiatimes.com/markets/stocks/stock-watch/stock-market-update-fmcg-stocks-down-as-market-falls/articleshow/115242554.cms
2024-11-24,Eight of top - 10 most valued firms add over Rs 1 . 50 trillion,https://www.thestatesman.com/business/eight-of-top-10-most-valued-firms-add-over-rs-1-50-trillion-1503368452.html
2024-12-09,ONE Asia Creative awards : Leo Burnett and Ogilvy lead India in 2024,https://bestmediainfo.com/mediainfo/advertising/one-asia-creative-awards-leo-burnett-and-ogilvy-lead-india-in-2024-8283156
2024-11-25,Unilever is doubling down on India -- What that means for HUL investors,https://www.moneycontrol.com/news/opinion/unilever-is-doubling-down-on-india-what-that-means-for-huls-investors-12875019.html
2024-11-02,Meet rising Tata star tasked with splitting Tata Motors into two,https://timesofindia.indiatimes.com/toi-plus/business-economy/meet-rising-tata-star-tasked-with-splitting-tata-motors-into-two/articleshow/114838044.cms
2024-10-08,Stock Market Sectors : Stock market update : FMCG stocks up as market rises,https://economictimes.indiatimes.com/markets/stocks/stock-watch/stock-market-update-fmcg-stocks-up-as-market-rises/articleshow/114033535.cms
2024-10-11,Stock Market Sectors : Stock market update : FMCG stocks down as market falls,https://economictimes.indiatimes.com/markets/stocks/stock-watch/stock-market-update-fmcg-stocks-down-as-market-falls/articleshow/114148535.cms
2024-10-08,Morgan Stanley remains  overweight  on Trent amid expansion into beauty retail,https://www.moneycontrol.com/news/business/markets/morgan-stanley-remains-overweight-on-trent-amid-expansion-into-beauty-retail-12837676.html
2024-10-30,"Weeks after Ratan Tata death , masterstroke by Noel Tata , Tata Group enters in mass beauty market with launch of …. ",https://www.india.com/business/weeks-after-ratan-tatas-death-masterstroke-by-noel-tata-tata-group-enters-in-mass-beauty-market-with-launch-of-7360201/
2024-11-13,Fireside Ventures appoints former Flipkart exec as operating partner,https://www.vccircle.com:443/firesideventures-appoints-former-flipkart-exec-as-operating-partner
2024-12-09,"Share market ends lower , Sensex settles at 81 , 508 pts",https://www.ibtimes.co.in/share-market-ends-lower-sensex-settles-81508-pts-876136
2024-11-14,Stock Market Sectors : Stock market update : FMCG stocks down as market falls,https://economictimes.indiatimes.com/markets/stocks/stock-watch/stock-market-update-fmcg-stocks-down-as-market-falls/articleshow/115298378.cms
2024-12-09,"Share market ends lower , Sensex settles at 81 , 508 pts",https://www.newkerala.com/news/2024/77603.htm
2024-12-01,"Nine most - valued companies add Rs 2 . 29 lakh core in overall valuation , LIC sees most gain",https://www.businesstoday.in/markets/stocks/story/nine-most-valued-companies-add-rs-229-lakh-core-in-overall-valuation-lic-sees-most-gain-455776-2024-12-01
2024-11-24,"Mcap of 8 of top - 10 most - valued domestic firms  jumps Rs 1 . 55 lakh cr ; HDFC Bank , TCS sparkle",https://www.dailyexcelsior.com/mcap-of-8-of-top-10-most-valued-domestic-firms-jumps-rs-1-55-lakh-cr-hdfc-bank-tcs-sparkle/
2024-12-22,"Top - 10 Indian firms , including TCS and Reliance , lose Rs 4 . 95 lakh crore amid market slump",https://www.financialexpress.com/market/top-10-indian-firms-including-tcs-and-reliance-lose-rs-4-95-lakh-crore-amid-market-slumpnbspnbsp-3697454/
2024-12-23,"Months after Ratan Tata death , This Tata company led by Noel Tata loses Rs 110550 crore in five days due to … ",https://www.dnaindia.com/business/report-months-after-ratan-tata-s-death-this-tata-company-led-by-noel-tata-loses-rs-1105500000000-in-five-days-due-to-3123835
2024-11-03,"Six most - valued s add Rs 1 . 07 lakh crore in combined valuation ; SBI , ICICI Bank top gainers",https://www.businesstoday.in/markets/stocks/story/six-most-valued-s-add-rs-107-lakh-crore-in-combined-valuation-sbi-icici-bank-top-gainers-452353-2024-11-03
2024-12-22,"Mcap of top - 10 most valued firms slumps Rs 4 . 95 lakh crore ; TCS , Reliance hardest hit",https://www.tribuneindia.com/news/business/mcap-of-top-10-most-valued-firms-slumps-rs-4-95-lakh-crore-tcs-reliance-hardest-hit/
2024-11-09,Buy or sell : Sumeet Bagadia recommends three stocks to buy on Monday November 11,https://www.livemint.com/market/stock-market-news/buy-or-sell-sumeet-bagadia-recommends-three-stocks-to-buy-on-monday-november-11-11731131506837.html
2024-11-26,"Stocks To Watch : Wipro , Hindustan Unilever , GQG Partners , Adani Group , Vedanta Resources , Ashoka Buildcon , BHEL - Market News",https://www.financialexpress.com/market/stocks-to-watch-wipro-hindustan-unilever-gqg-partners-adani-group-vedanta-resources-ashoka-buildcon-bhel-3677177/
2024-10-24,"Hindalco Stocks , Hindalco Share Price Live Updates 24 Oct 2024 : Hindalco shares dip 4 % ",https://www.thehindubusinessline.com/markets/stock-markets/hindalco-stocks-today-hindalco-share-price-live-updates-24-oct-2024/article68789977.ece
2024-11-25,"Unilever India unit to spin off , list ice - cream biz",https://www.dealstreetasia.com/stories/unilever-india-ice-cream-business-ipo-420993
2024-11-12,"HDFC Bank to monetise properties inherited during merger , Real Estate News , ET RealEstate",https://realty.economictimes.indiatimes.com/news/industry/hdfc-bank-to-monetise-properties-inherited-during-merger/115199185
2024-10-27,Mcap of nine of top - 10 most valued firms drops Rs 2 lakh cr last week as markets tumble,https://thenorthlines.com/mcap-of-nine-of-top-10-most-valued-firms-drops-rs-2-lakh-cr-last-week-as-markets-tumble/
2024-10-27,Mcap of nine of top - 10 most valued firms drops Rs 2 lakh cr last week as markets tumble,https://www.orissapost.com/mcap-of-nine-of-top-10-most-valued-firms-drops-rs-2-lakh-cr-last-week-as-markets-tumble/
2024-12-29,"Mcap of 6 of top - 10 most valued firms climbs Rs 86 , 847 . 88 cr ; HDFC Bank , RIL biggest gainers",https://www.orissapost.com/mcap-of-6-of-top-10-most-valued-firms-climbs-rs-86847-88-cr-hdfc-bank-ril-biggest-gainers/
2024-12-16,Rise in household toilet cleaner usage : Impact of Swachh Bharat Abhiyan,https://economictimes.indiatimes.com/news/india/rise-in-household-toilet-cleaner-usage-impact-of-swachh-bharat-abhiyan/articleshow/116345512.cms
2024-12-16,Howzat for Swachhta ? Clean Bowled,https://economictimes.indiatimes.com/epaper/delhicapital/2024/dec/16/et-front/howzat-for-swachhta-clean-bowled/articleshow/116346176.cms
2024-12-11,"HUL appoints Vivek Mittal as Executive Director , Legal and Corporate Affairs",https://economictimes.indiatimes.com/industry/cons-products/fmcg/hul-appoints-vivek-mittal-as-executive-director-legal-and-corporate-affairs/articleshow/116222079.cms
2024-11-10,"RIL mcap decreases by Rs 74 , 000 crore ; SBI , TCS , Infosys biggest gainers",https://www.prokerala.com/news/articles/a1579989.html
2024-11-10,"RIL mcap decreases by Rs 74 , 000 crore ; SBI , TCS , Infosys biggest gainers",https://www.ibtimes.co.in/ril-mcap-decreases-by-rs-74000-crore-sbi-tcs-infosys-biggest-gainers-874559
2024-10-13,"Mcap of seven of top - 10 most valued firms erode by ₹1 . 22 lakh cr ; TCS , Reliance biggest laggards",https://www.thehindubusinessline.com/markets/mcap-of-seven-of-top-10-most-valued-firms-erode-by-122-lakh-cr-tcs-reliance-biggest-laggards/article68748409.ece
2024-11-02,"Coal India , HUL , RailTel and Premier Polyfilm among stocks turning ex - dividend next week",https://www.businesstoday.in/markets/stocks/story/coal-india-hul-railtel-and-premier-polyfilm-among-stocks-turning-ex-dividend-next-week-452316-2024-11-02
2024-11-10,"RIL Mcap Decreases By Rs 74 , 000 Crore ; SBI , TCS , Infosys Biggest Gainers ( Lead ) ",https://menafn.com/1108869619/RIL-Mcap-Decreases-By-Rs-74000-Crore-SBI-TCS-Infosys-Biggest-Gainers-Lead
2024-12-03,Buy Hindustan Unilever ; target of Rs 2950 : Emkay Global Financial,https://www.moneycontrol.com/news/business/stocks/buy-hindustan-unilever-target-of-rs-2950-emkay-global-financial-12881712.html
2024-12-11,"This is India most - valuable business group , not Mukesh Ambani Relaince or Adani Group , its mcap is Rs ... ",https://www.dnaindia.com/business/report-tata-group-is-india-s-most-valuable-business-group-not-mukesh-ambani-s-relaince-or-adani-group-3121822
2024-11-18,Mukesh Ambani loses Rs 220000000000 in four days due to ... ,https://www.india.com/business/mukesh-ambani-reliance-industries-loses-rs-220000000000-in-four-days-due-to-fall-in-stock-market-7400294/
2024-10-24,HUL shares to remain in focus after Q2 earnings disappoint - Here is what worrying investors - Market News,https://www.financialexpress.com/market/hul-shares-to-remain-in-focus-after-q2-earnings-disappoint-here-is-whats-worrying-investors-3648172/
2024-12-12,"HUL appoints Vivek Mittal as Executive Director , Legal and Corporate Affairs , ET Retail",https://retail.economictimes.indiatimes.com/news/food-entertainment/personal-care-pet-supplies-liquor/hul-appoints-vivek-mittal-as-executive-director-legal-and-corporate-affairs/116234259
2024-12-08,"Mukesh Ambani Reliance earns Rs 26185 crore in one week , net worth of Asia richest man reaches Rs ... ",https://www.dnaindia.com/business/report-mukesh-ambani-s-reliance-earns-rs-26185-crore-in-one-week-net-worth-of-asia-s-richest-man-reaches-rs-3121409
2024-12-12,"HUL Appoints Vivek Mittal as Executive Director , Legal & Corporate Affairs",https://www.siliconindia.com/news/general/hul-appoints-vivek-mittal-as-executive-director-legal--corporate-affairs-nid-233329-cid-1.html
2024-10-13,"Mcap of seven of top - 10 most valued firms erode by Rs 1 . 22 lakh cr ; TCS , Reliance biggest laggards",https://www.moneycontrol.com/news/business/mcap-of-seven-of-top-10-most-valued-firms-erode-by-rs-1-22-lakh-cr-tcs-reliance-biggest-laggards-12840985.html
2024-10-20,"Mcap of four of top - 10 most valued firms jumps Rs 81 , 151 cr last week ; ICICI , HDFC Bank biggest gainers",https://www.orissapost.com/mcap-of-four-of-top-10-most-valued-firms-jumps-rs-81151-cr-last-week-icici-hdfc-bank-biggest-gainers/
2024-10-31,"Indiantelevision . com The Ad Linx Reporter dated 31 October 2024 - Global and Indian advertising news , information and data at your fingertips",https://event.indiantelevision.com/adlinx/y2k24/oct/adlinx_oct31.htm
2024-12-09,"hul share price : HUL , other FMCG stocks tumble after Godrej Consumer Q3 business update weakened sentiment",https://economictimes.indiatimes.com/markets/stocks/news/hul-other-fmcg-stocks-tumble-after-godrej-consumer-q3-business-update-weakened-sentiment/articleshow/116127376.cms
2024-12-09,"Sensex falls 200 pts due to selling in FMCG , PSB stocks",https://www.rediff.com/business/report/sensex-falls-200-pts-due-to-selling-in-fmcg-psb-stocks/20241209.htm
2024-10-24,Buy Hindustan Unilever ; target of Rs 3200 : Motilal Oswal,https://www.moneycontrol.com/news/business/buy-hindustan-unilever-target-of-rs-3200-motilal-oswal-2-12850291.html
2024-11-25,HUL approves demerger of ice cream business into an independent listed entity,https://www.moneycontrol.com/news/business/markets/hul-approves-demerger-of-ice-cream-business-into-an-independent-listed-entity-12875567.html
2024-10-22,Hindustan Unilever leases nearly 6 lakh sq ft warehouse in Bhiwandi near Mumbai,https://economictimes.indiatimes.com/industry/services/property-/-cstruction/hindustan-unilever-leases-nearly-6-lakh-sq-ft-warehouse-in-bhiwandi-near-mumbai/articleshow/114458514.cms
2024-12-02,"Hot Stocks : Brokerages see 14 - 18 % upside in HUL , Titagarh Rail & IndusInd Bank",https://economictimes.indiatimes.com/markets/stocks/news/hot-stocks-brokerages-see-14-18-upside-in-hul-titagarh-rail-indusind-bank/articleshow/115884402.cms
2024-10-27,FMCG volume growth slows amid higher prices and rains,https://economictimes.indiatimes.com/industry/cons-products/fmcg/fmcg-volume-growth-slows-amid-higher-prices-and-rains/articleshow/114663149.cms
2024-10-24,"Sensex , Nifty Drift Lower As Earnings Disappoint",https://markets.businessinsider.com/news/stocks/sensex-nifty-drift-lower-as-earnings-disappoint-1033882528
2024-10-24,"Stock markets settle lower in lacklustre trade  amid sharp fall in HUL , FPI outflows",https://www.dailyexcelsior.com/stock-markets-settle-lower-in-lacklustre-trade-amid-sharp-fall-in-hul-fpi-outflows/
2024-12-13,Market Turmoil : Sensex and Nifty Hit by Metal Stock Slump,https://www.devdiscourse.com/article/headlines/3192686-market-turmoil-sensex-and-nifty-hit-by-metal-stock-slump
2024-10-25,"Sensex recovers day losses partially , sheds 662 points amid persistent FII outflow",https://www.newkerala.com/news/2024/67329.htm
2024-12-17,active stocks : Share market update : Most active stocks of the day in terms of traded value,https://economictimes.indiatimes.com/markets/stocks/stock-watch/share-market-update-most-active-stocks-of-the-day-in-terms-of-traded-value/articleshow/116399592.cms
2024-12-12,"Intense selling in select index majors ; Sensex , Nifty end down",https://www.rediff.com/business/report/intense-selling-in-select-index-majors-sensex-nifty-end-down/20241212.htm
2024-10-24,Stock Markets fall dragged by Hindustan Unilever ; massive foreign fund outflows,https://www.thehindu.com/business/markets/markets-fall-dragged-by-hindustan-unilever-massive-foreign-fund-outflows/article68790088.ece
2024-10-23,"What to watch for trade on October 24 ? Focus on SBI , HUL , BEML , and Dalmia Bharat to remain in focus",https://www.financialexpress.com/market/what-to-watch-for-trade-on-october-24-focus-on-sbi-hul-beml-and-dalmia-bharat-to-remain-in-focus-3648015/
2024-10-24,Markets fall dragged by Hindustan Unilever ; massive foreign fund outflows,https://www.tribuneindia.com/news/business/markets-fall-dragged-by-hindustan-unilever-massive-foreign-fund-outflows/
2024-12-27,Leo Puri appointed Fortis Healthcare Chairman,https://www.theweek.in/wire-updates/business/2024/12/27/dcm19-biz-fortis-healthcare-appt.html
2024-10-20,"Market cap of HDFCBANK , ICICIBANK , SBI and Airtel increased by Rs 81151 crore , these 6 companies incurred loss . ",https://morningexpress.in/market-cap-of-hdfcbank-icicibank-sbi-and-airtel-increased-by-rs-81151-crore-these-6-companies-incurred-loss/
2024-11-14,share market : Share market update : Most active stocks in today market in terms of volume,https://economictimes.indiatimes.com/markets/stocks/stock-watch/share-market-update-most-active-stocks-in-todays-market-in-terms-of-volume/articleshow/115298972.cms
2024-12-04,It raining jobs at IIT Roorkee ; students bag over 600 offers for domestic roles and 4 international offers,https://economictimes.indiatimes.com/jobs/fresher/its-raining-jobs-at-iit-roorkee-students-bag-over-600-offers-for-domestic-roles-and-4-international-offers/articleshow/115977161.cms
2024-10-06,"Nine most - valued firms lost Rs 4 . 74 lakh crore in combined market valuation ; RIL , HDFC Bank biggest losers",https://www.businesstoday.in/markets/stocks/story/nine-most-valued-firms-lost-rs-474-lakh-crore-in-combined-market-valuation-ril-hdfc-bank-biggest-losers-448907-2024-10-06
2024-11-01,A . O . Smith seals Pureit deal with HUL ; first - year earnings to remain unaffected,https://www.thehindubusinessline.com/companies/ao-smith-seals-pureit-deal-with-hul-first-year-earnings-to-remain-unaffected/article68818847.ece
2024-12-22,Bad news for Mukesh Ambani as Reliance chairman loses Rs 91140 crore in just 5 days due to ... ,https://www.india.com/business/bad-news-for-mukesh-ambani-as-reliance-chairman-loses-rs-91140-crore-in-just-5-days-due-to-reliance-industries-market-cap-tcs-hdfc-bank-icici-airtel-sbi-infosys-ratan-tata-narayana-murthy-7484834/
2024-11-08,Losses in blue - chip stocks drag markets down,https://www.rediff.com/business/report/losses-in-blue-chip-stocks-drag-markets-down/20241108.htm
2024-10-09,active stocks : Share market update : Most active stocks of the day in terms of traded value,https://economictimes.indiatimes.com/markets/stocks/stock-watch/share-market-update-most-active-stocks-of-the-day-in-terms-of-traded-value/articleshow/114081737.cms
2024-12-09,active stocks : Share market update : Most active stocks of the day in terms of total traded value,https://economictimes.indiatimes.com/markets/stocks/stock-watch/share-market-update-most-active-stocks-of-the-day-in-terms-of-total-traded-value/articleshow/116126773.cms
2024-12-13,active stocks : Share market update : Most active stocks of the day in terms of total traded value,https://economictimes.indiatimes.com/markets/stocks/stock-watch/share-market-update-most-active-stocks-of-the-day-in-terms-of-total-traded-value/articleshow/116275260.cms
2024-12-11,"Sensex , Nifty edge up in choppy trade",https://www.rediff.com/business/report/sensex-nifty-edge-up-in-choppy-trade/20241211.htm
2024-10-21,Bringing social security to Mumbai waste workers through government schemes | Mumbai News,https://timesofindia.indiatimes.com/city/mumbai/bringing-social-security-to-mumbais-waste-workers-through-government-schemes/articleshow/114412697.cms
2024-11-19,active stocks : Share market update : Most active stocks of the day in terms of total traded value,https://economictimes.indiatimes.com/markets/stocks/stock-watch/share-market-update-most-active-stocks-of-the-day-in-terms-of-total-traded-value/articleshow/115436618.cms
2024-12-15,Knorr Korean Ramen launches  Dare - to - Slurp  challenge with Netflix Squid Game,https://bestmediainfo.com/ad-craft/knorrs-korean-ramen-launches-dare-to-slurp-challenge-with-netflixs-squid-game-8442602
2024-12-01,Mcap of nine of top - 10 most valued firms surges Rs 2 . 29 lakh cr ; LIC biggest winner,https://www.orissapost.com/mcap-of-nine-of-top-10-most-valued-firms-surges-rs-2-29-lakh-cr-lic-biggest-winner/
2024-10-07,"Mukesh Ambani loses Rs 188479 crore in just 4 days due to .., Reliance Industries Market cap falls to Rs ... ",https://www.india.com/business/mukesh-ambani-loses-rs-188479-crore-in-just-4-days-due-to-reliance-industries-market-cap-falls-to-rs-7303827/
2024-12-02,Accumulate Hindustan Unilever ; target of Rs 2807 Prabhudas Lilladher,https://www.moneycontrol.com/news/business/stocks/accumulate-hindustan-unilever-target-of-rs-2807-prabhudas-lilladher-12880914.html
2024-10-14,"Trent block deal : 0 . 3 % equity worth Rs 846 crore changes hands at Rs 8 , 115 per share",https://www.moneycontrol.com/news/business/markets/trent-block-deal-0-3-equity-worth-rs-846-crore-change-hands-at-rs-8115-per-share-12841604.html
2024-11-03,"Mukesh Ambani Reliance earns Rs 15393 crore during festive season , market cap reaches Rs ... ",https://www.dnaindia.com/business/report-mukesh-ambani-reliance-earns-rs-15393-crore-during-festive-season-market-cap-reaches-rs-18-lakh-crore-3116188
2024-10-09,active stocks : Share market update : Most active stocks of the day in terms of total traded value,https://economictimes.indiatimes.com/markets/stocks/stock-watch/share-market-update-most-active-stocks-of-the-day-in-terms-of-total-traded-value/articleshow/114067053.cms
2024-10-08,Sensex rebounds 584 points on gains in bluechip stocks,https://www.tribuneindia.com/news/business/sensex-rebounds-584-points-on-gains-in-bluechip-stocks/
2024-12-18,Markets decline in early trade amid foreign fund outflows ; all eyes on US Fed interest rate decision,https://indianexpress.com/article/business/market/market-decline-early-trade-foreign-und-us-fed-interest-rate-decision-9731351/
2024-12-09,Markets settle lower amid selling in blue - chip stocks,https://www.orissapost.com/markets-settle-lower-amid-selling-in-blue-chip-stocks/
2024-10-28,"FMCG Growth : FMCG volume growth slows amid higher prices and rains , ET Retail",https://retail.economictimes.indiatimes.com/news/food-entertainment/personal-care-pet-supplies-liquor/fmcg-volume-growth-slows-amid-higher-prices-and-rains/114676624
2024-11-29,"Sensex , Nifty settle nearly 1 % higher ; Bharti Airtel , RIL among top gainers",https://www.rediff.com/business/report/sensex-nifty-settle-nearly-1-higher-bharti-airtel-ril-among-top-gainers/20241129.htm
2024-10-08,"Tata Trent Launches Zudio Beauty , Targets Affordable Cosmetics Market",https://www.adgully.com/tata-s-trent-launches-zudio-beauty-targets-affordable-cosmetics-market-151500.html
2024-11-27,"Mukesh Ambani Reliance in  disruptive  mode again after cola push , now offering ... ",https://www.dnaindia.com/business/report-mukesh-ambani-reliance-rcpl-in-disruptive-mode-again-after-cola-push-now-offering-margings-of-6-8-per-cent-3119872
2024-12-02,"Sensex , Nifty decline in early trade amid disappointing macroeconomic data",https://indianexpress.com/article/business/market/sensex-nifty-fifty-decline-early-trade-9701592/
2024-12-01,"Mukesh Ambani earns Rs 35860 crore in 120 hours , his net worth now surges to Rs ... ",https://www.dnaindia.com/business/report-mukesh-ambani-reliance-earns-rs-35860-crore-in-120-hours-his-net-worth-now-surges-to-rs-3120502
2024-11-14,active stocks : Share market update : Most active stocks of the day in terms of traded value,https://economictimes.indiatimes.com/markets/stocks/stock-watch/share-market-update-most-active-stocks-of-the-day-in-terms-of-traded-value/articleshow/115296119.cms
2024-11-13,Sensex slumps 984 points to close at more than 4 - month low,https://www.tribuneindia.com/news/business/sensex-slumps-984-points-to-close-at-more-than-4-month-low/
2024-11-06,Stock Market Sectors : Stock market update : Fertilisers stocks up as market rises,https://economictimes.indiatimes.com/markets/stocks/stock-watch/stock-market-update-fertilisers-stocks-up-as-market-rises/articleshow/115016644.cms
2024-11-05,Markets fall in early trade amid unabated foreign fund outflows,https://www.tribuneindia.com/news/business/markets-fall-in-early-trade-amid-unabated-foreign-fund-outflows/
2024-10-09,FMCG shares fall,https://www.business-standard.com/markets/capital-market-news/fmcg-shares-fall-124100900615_1.html
2024-10-24,"Sensex , Nifty End Marginally Lower On Earnings Disappointment",https://www.rttnews.com/3483924/sensex-nifty-end-marginally-lower-on-earnings-disappointment.aspx
2024-10-24,"Sensex , Nifty End Marginally Lower On Earnings Disappointment",https://www.rttnews.com/story.aspx?Id=3483924
2024-11-05,Markets fall in early trade amid unabated foreign fund outflows,https://www.dailypioneer.com/2024/business/markets-fall-in-early-trade-amid-unabated-foreign-fund-outflows.html
2024-12-16,Markets decline amid weak global trends ; Sensex falls 385 points,https://www.thehindu.com/business/markets/markets-decline-amid-weak-global-trends-sensex-falls-385-points/article68991547.ece
2024-12-24,Diageo India ropes in Devashish Dasgupta as corporate relations director,https://indiantelevision.com/mam/pr-communication/diageo-india-ropes-in-devashish-dasgupta-as-corporate-relations-director-241224
2024-12-17,"Meet woman , who worked on key role at Deepinder Goyal Zomato , now resigned after 6 years to ... ",https://www.dnaindia.com/business/report-meet-woman-hemal-jain-who-worked-on-key-role-at-deepinder-goyal-s-zomato-now-resigned-after-6-years-to-3122927
2024-12-09,share market : Share market update : Most active stocks on D - Street today in terms of volume,https://economictimes.indiatimes.com/markets/stocks/stock-watch/share-market-update-most-active-stocks-on-d-street-today-in-terms-of-volume/articleshow/116125683.cms
2024-11-14,Stock market today : Trade setup for Nifty 50 to Q2 results today ; five stocks to buy or sell on Thursday Nov 14,https://www.livemint.com/market/stock-market-news/stock-market-today-trade-setup-for-nifty-50-to-q2-results-today-five-stocks-to-buy-or-sell-on-thursday-nov-14-11731496491042.html
2024-10-24,Mid - day Mood | Indices flat ; FMCG weighs on Nifty while financials drive recovery effort,https://www.moneycontrol.com/news/business/markets/mid-day-mood-indices-flat-fmcg-weighs-on-nifty-while-financials-drive-recovery-effort-12849600.html
2024-10-22,active stocks : Share market update : Most active stocks of the day in terms of total traded value,https://economictimes.indiatimes.com/markets/stocks/stock-watch/share-market-update-most-active-stocks-of-the-day-in-terms-of-total-traded-value/articleshow/114448893.cms
2024-10-28,"Markets rebound in early trade on buying in ICICI bank , firm trends in Asian peers",https://www.thehindu.com/business/markets/markets-rebound-in-early-trade-on-buying-in-icici-bank-firm-trends-in-asian-peers/article68805369.ece
2024-12-09,"Share market ends lower , Sensex settles at 81 , 508 pts - INDIA New England News",https://indianewengland.com/share-market-ends-lower-sensex-settles-at-81508-pts/
2024-11-04,"Shampoo , tea , biscuits , oil to get costlier soon ? FMCG firms caution price hike as ... ",https://www.dnaindia.com/business/report-shampoo-tea-biscuits-oil-to-get-costlier-soon-fmcg-firms-caution-price-hike-as-3116288
2024-10-14,Narayana Murthy Infosys earned Rs 6913 crore in just 5 days from ... ,https://www.dnaindia.com/business/report-narayana-murthy-s-infosys-earned-rs-6913-crore-in-just-5-days-from-share-market-3113229
2024-10-11,Sensex falls 230 points as investors turned cautious,https://www.rediff.com/business/report/sensex-falls-230-points-as-investors-turned-cautious/20241011.htm
2024-12-31,"Sensex down 109 points , ends 2024 with over 8 % gains",https://www.rediff.com/business/report/sensex-down-109-points-ends-2024-with-over-8-gains/20241231.htm
2024-12-16,Markets decline amid weak global trends ; Sensex falls 385 points,https://www.deccanchronicle.com/business/markets-decline-amid-weak-global-trends-sensex-falls-385-points-1847287
2024-12-09,ET CEO Roundtable : Elite panel to talk ways to thrive in a changing world,https://economictimes.indiatimes.com/news/company/corporate-trends/et-ceo-roundtable-elite-panel-to-talk-ways-to-thrive-in-a-changing-world/articleshow/116114895.cms
2024-12-16,Markets decline amid weak global trends ; Sensex falls 385 points,https://www.tribuneindia.com/news/business/markets-decline-amid-weak-global-trends-sensex-falls-385-points/
2024-11-28,"Equity markets rise in early trade amid buying in HDFC Bank , SBI",https://indianexpress.com/article/business/equity-markets-early-trade-hdfc-bank-sbi-market-update-9694538/
2024-12-17,"Markets decline in early trade dragged by Reliance , HDFC Bank ; caution ahead of US Fed rate decision",https://www.dailypioneer.com/2024/business/markets-decline-in-early-trade-dragged-by-reliance--hdfc-bank--caution-ahead-of-us-fed-rate-decision.html
2024-10-23,"Hindustan Unilever Q2 Results : HUL Q2 net profit falls 4 % YoY to Rs 2 , 612 crore , revenue rises 2 %, ET Retail",https://retail.economictimes.indiatimes.com/news/food-entertainment/personal-care-pet-supplies-liquor/hul-q2-net-profit-falls-4-yoy-to-rs-2612-crore-revenue-rises-2/114507598
2024-11-06,Stock Market Sectors : Stock market update : Fertilisers stocks up as market rises,https://economictimes.indiatimes.com/markets/stocks/stock-watch/stock-market-update-fertilisers-stocks-up-as-market-rises/articleshow/115002491.cms
2024-11-08,Stock Market Sectors : Stock market update : Sugar stocks down as market falls,https://economictimes.indiatimes.com/markets/stocks/stock-watch/stock-market-update-sugar-stocks-down-as-market-falls/articleshow/115084327.cms
2024-11-08,Stock Market Sectors : Stock market update : Power stocks down as market falls,https://economictimes.indiatimes.com/markets/stocks/stock-watch/stock-market-update-power-stocks-down-as-market-falls/articleshow/115084481.cms
2024-12-03,Top Stocks for Today - 3rd December 2024,https://www.indiainfoline.com/news/markets/top-stocks-for-today-3rd-december-2024
2024-11-06,"Indian stock market hails Trump win , Sensex surges 901 points",https://www.prokerala.com/news/articles/a1578920.html
2024-10-24,"Stock market opens flat with marginal decline , rangebound movement expected : Experts",https://news.webindia123.com/news/Articles/Business/20241024/4248919.html
2024-10-24,HUL Q2 : Mixed bag as rural recovery lags,https://www.indiainfoline.com/news/companies/hul-q2-mixed-bag-as-rural-recovery-lags
2024-10-10,"Sensex jumps 200 points , Nifty back above 25K after Fed minutes signal more rate cuts",https://economictimes.indiatimes.com/markets/stocks/news/sensex-jumps-200-points-nifty-back-above-25k-after-fed-minutes-signal-more-rate-cuts/articleshow/114104179.cms
2024-11-26,"Stocks to Watch : Zomato , BHEL , Vedanta , HUL , PowerGrid , HDFC Life and more",https://www.livemint.com/market/stock-market-news/stocks-to-watch-zomato-bhel-vedanta-hul-powergrid-hdfc-life-and-more-11732558662117.html
2024-12-24,Interarch Building stock soars to record high on solid growth outlook,https://www.moneycontrol.com/news/business/markets/interarch-building-stock-soars-to-record-high-on-solid-growth-outlook-12896751.html
2024-11-06,"Indian Stock Market Hails Trump Win , Sensex Surges 901 Points",https://menafn.com/1108856323/Indian-Stock-Market-Hails-Trump-Win-Sensex-Surges-901-Points
2024-12-18,Markets decline in early trade amid foreign fund outflows ; all eyes on US Fed interest rate decision,https://www.tribuneindia.com/news/business/markets-decline-in-early-trade-amid-foreign-fund-outflows-all-eyes-on-us-fed-interest-rate-decision/
2024-12-08,"Market Capitalisation of Indian Companies : Mcap of six of top - 10 most valued firms surges Rs 2 . 03 lakh crore , TCS biggest winner | TCS , HDFC Bank , ICICI Bank , SBI , LIC , ITC , Hindustan Unilever , Bharti Airtel , Reliance Industries",https://www.sakshipost.com/news/mcap-six-top-10-most-valued-firms-surges-rs-203-lakh-crore-tcs-biggest-winner-356967
2024-12-22,"Mukesh Ambani Reliance loses Rs 91140 crore in just 5 days , market cap declines to Rs ... ",https://www.dnaindia.com/business/report-mukesh-ambani-reliance-loses-rs-91140-crore-in-just-5-days-market-cap-declines-to-rs-3123679
2024-11-25,Flipkart elevates Viveka Sra to the position of Director,https://www.adgully.com/flipkart-elevates-viveka-sra-to-the-position-of-director-brand-marketing-153326.html
2024-11-28,Stock Market Sectors : Stock market update : Mining stocks up as market falls,https://economictimes.indiatimes.com/markets/stocks/stock-watch/stock-market-update-mining-stocks-up-as-market-falls/articleshow/115756435.cms
2024-11-29,"Sensex , Nifty Rebound After Deep Plunge To Settle Nearly 1 % Higher",https://zeenews.india.com/economy/sensex-nifty-rebound-after-deep-plunge-to-settle-nearly-1-higher-2826095.html
2024-11-17,India largest govt bank loses Rs 34984 crore in 4 days due to ... ,https://www.dnaindia.com/business/report-india-s-largest-govt-bank-state-bank-of-india-sbi-loses-rs-34984-crore-in-4-days-due-to-fall-in-shares-price-3118411
2024-12-18,Markets decline in early trade amid foreign fund outflows all eyes on US Fed interest rate decision,https://www.theweek.in/wire-updates/business/2024/12/18/del6-biz-stocks-open.html
2024-12-02,"Sensex , Nifty decline in early trade amid disappointing macroeconomic data",https://www.thehindu.com/business/sensex-nifty-decline-in-early-trade-amid-disappointing-macroeconomic-data/article68937181.ece
2024-11-29,Sensex Nifty rebound after deep plunge to settle nearly 1 pc higher,https://www.theweek.in/wire-updates/business/2024/11/29/del38-biz-stocks-close.html
2024-12-02,"Sensex , Nifty decline in early trade amid disappointing macroeconomic data",https://www.tribuneindia.com/news/business/sensex-nifty-decline-in-early-trade-amid-disappointing-macroeconomic-data/
2024-10-28,"Stock Markets Snap 5 - day Losing Run On Buying In ICICI Bank , DII Push",https://zeenews.india.com/economy/stock-markets-snap-5-day-losing-run-on-buying-in-icici-bank-dii-push-2813059.html
2024-11-13,Stock Market Sectors : Stock market update : Sugar stocks down as market falls,https://economictimes.indiatimes.com/markets/stocks/stock-watch/stock-market-update-sugar-stocks-down-as-market-falls/articleshow/115242032.cms
2024-10-23,"HUL Q2 profit declines 2 . 33 % to Rs 2 , 595 crore",https://timesofindia.indiatimes.com/business/india-business/hul-q2-profit-declines-2-33-to-rs-2595-crore/articleshow/114507894.cms
2024-10-21,"Nifty may consolidate after declining for three weeks , says Ajit Mishra of Religare Broking",https://www.financialexpress.com/market/cafeinvest-nifty-may-consolidate-after-declining-for-three-weeks-says-ajit-mishra-of-religare-broking-3645790/
2024-10-06,"Market capitalisation of 10 - most valued firms drops to Rs 4 . 74 lakh crore , Reliance and HDFC Bank hard hit",https://www.financialexpress.com/market/market-capitalisation-of-10-most-valued-firms-drops-to-rs-4-74-lakh-crore-reliance-and-hdfc-bank-hard-hit-3631800/
2024-10-08,Ladwa Election Result : BJP Nayab Singh Saini vs Cong Mewa Singh - Early trends indicate Haryana CM leading - India News,https://www.financialexpress.com/india-news/ladwa-election-result-bjps-nayab-singh-saini-vs-congs-mewa-singh-early-trends-indicate-haryana-cm-leading/3633646/
2024-12-31,Stock Market Sectors : Stock market update : Sugar stocks up as market falls,https://economictimes.indiatimes.com/markets/stocks/stock-watch/stock-market-update-sugar-stocks-up-as-market-falls/articleshow/116830583.cms
2024-12-31,Stock Market Sectors : Stock market update : Fertilisers stocks up as market falls,https://economictimes.indiatimes.com/markets/stocks/stock-watch/stock-market-update-fertilisers-stocks-up-as-market-falls/articleshow/116830808.cms
2024-12-31,"Sensex declines 109 points in final session , ends 2024 with over 8 % gains",https://www.thehindu.com/business/markets/sensex-declines-109-points-in-final-session-ends-2024-with-over-8-gains/article69046758.ece
2024-12-19,Markets join global selloff ; Sensex sinks below 80k,https://www.rediff.com/business/report/markets-join-global-selloff-sensex-sinks-below-80k/20241219.htm
2024-12-17,"Markets decline in early trade dragged by Reliance , HDFC Bank ; caution ahead of U . S . Fed rate decision",https://www.thehindu.com/business/markets/markets-decline-in-early-trade-dragged-by-reliance-hdfc-bank-caution-ahead-of-us-fed-rate-decision/article68994588.ece
2024-12-17,"Stock Market Updates : Sensex Drops 351 Points , Nifty Below 24 , 600",https://www.news18.com/business/markets/stock-market-today-live-india-sensex-nifty-50-bse-nse-9158665.html
2024-12-17,"Market today : Sensex , Nifty decline amid selling pressure from key stocks ahead of US rate cut",https://www.hindustantimes.com/business/sensex-today-nifty-bse-nse-share-stock-market-reliance-hdfc-shares-december-17-101734419739235.html
2024-12-12,Stock Market Sectors : Stock market update : Sugar stocks down as market falls,https://economictimes.indiatimes.com/markets/stocks/stock-watch/stock-market-update-sugar-stocks-down-as-market-falls/articleshow/116237246.cms
2024-12-12,Stock Market Sectors : Stock market update : Fertilisers stocks down as market falls,https://economictimes.indiatimes.com/markets/stocks/stock-watch/stock-market-update-fertilisers-stocks-down-as-market-falls/articleshow/116237385.cms
2024-11-29,Stock Market Sectors : Stock market update : Sugar stocks up as market rises,https://economictimes.indiatimes.com/markets/stocks/stock-watch/stock-market-update-sugar-stocks-up-as-market-rises/articleshow/115793867.cms
2024-11-18,Stock Market Sectors : Stock market update : Mining stocks down as market falls,https://economictimes.indiatimes.com/markets/stocks/stock-watch/stock-market-update-mining-stocks-down-as-market-falls/articleshow/115416289.cms
2024-11-20,  Online platforms changing buying pattern among urban consumers  ,https://economictimes.indiatimes.com/industry/services/retail/online-platforms-changing-buying-pattern-among-urban-consumers/articleshow/115499475.cms
2024-12-09,Equity markets see high volatility Sensex falls 150 points nifty down 37 points,https://www.theweek.in/wire-updates/business/2024/12/09/del10-biz-stocks-open.html
2024-11-08,Stock Market Sectors : Stock market update : FMCG stocks down as market falls,https://economictimes.indiatimes.com/markets/stocks/stock-watch/stock-market-update-fmcg-stocks-down-as-market-falls/articleshow/115072604.cms
2024-11-06,"Sensex , Nifty climb in early trade on buying in IT stocks",https://www.thehindu.com/business/markets/sensex-nifty-climb-in-early-trade-on-buying-in-it-stocks/article68835325.ece
2024-11-06,"Sensex , Nifty climb in early trade on buying in IT stocks",https://www.tribuneindia.com/news/business/sensex-nifty-climb-in-early-trade-on-buying-in-it-stocks/
2024-10-25,Stock Market Sectors : Stock market update : Mining stocks down as market falls,https://economictimes.indiatimes.com/markets/stocks/stock-watch/stock-market-update-mining-stocks-down-as-market-falls/articleshow/114584108.cms
2024-10-18,Markets bounce back ; Sensex climbs 218 points,https://www.rediff.com/business/report/markets-bounce-back-sensex-climbs-218-points/20241018.htm
2024-10-15,NSE launches Nifty Top 15 Equal Weight index : Check out the constituents,https://www.moneycontrol.com/news/business/markets/nse-launches-nifty-top-15-equal-weight-index-12842658.html
2024-10-26,"TAM AdEx : FMCG ad volumes shift as print & TV decline , digital & radio grow in H1 2024","https://indiantelevision.com/mam/marketing/brands/tam-adex:-fmcg-ad-volumes-shift-as-print-&-tv-decline,-digital-&-radio-grow-in-h1-2024-241026"
2024-11-29,"Sensex , Nifty rebound after deep  plunge to settle nearly 1 pc higher",https://www.dailyexcelsior.com/sensex-nifty-rebound-after-deep-plunge-to-settle-nearly-1-pc-higher/
2024-10-10,Stock Market Sectors : Stock market update : Fertilisers stocks up as market rises,https://economictimes.indiatimes.com/markets/stocks/stock-watch/stock-market-update-fertilisers-stocks-up-as-market-rises/articleshow/114107110.cms
2024-10-12,"PM Internship Scheme 2024 : Registration starts at pminternship . mca . gov . in , here direct link to apply",https://www.hindustantimes.com/education/news/pm-internship-scheme-2024-registration-starts-at-pminternship-mca-gov-in-heres-direct-link-to-apply-101728729392822.html
2024-12-30,The year of legal battles : Brands that went to court to protect their trademark,https://bestmediainfo.com/mediainfo/mediainfo-marketing/the-year-of-legal-battles-brands-that-went-to-court-to-protect-their-trademark-8576730
2024-12-02,Stock Market Sectors : Stock market update : Fertilisers stocks down as market rises,https://economictimes.indiatimes.com/markets/stocks/stock-watch/stock-market-update-fertilisers-stocks-down-as-market-rises/articleshow/115886029.cms
2024-12-02,Stock Market Sectors : Stock market update : Sugar stocks up as market rises,https://economictimes.indiatimes.com/markets/stocks/stock-watch/stock-market-update-sugar-stocks-up-as-market-rises/articleshow/115900575.cms
2024-12-05,Stock Market Sectors : Stock market update : FMCG stocks down as market falls,https://economictimes.indiatimes.com/markets/stocks/stock-watch/stock-market-update-fmcg-stocks-down-as-market-falls/articleshow/115992522.cms
2024-12-06,Stock Market Sectors : Stock market update : Fertilisers stocks up as market falls,https://economictimes.indiatimes.com/markets/stocks/stock-watch/stock-market-update-fertilisers-stocks-up-as-market-falls/articleshow/116030355.cms
2024-12-02,Sensex climbs 445 points on buying in blue - chip stocks,https://www.rediff.com/business/report/sensex-climbs-445-points-on-buying-in-blue-chip-stocks/20241202.htm
2024-10-25,Indian markets slump for fifth straight session ; IndusInd Bank tanks 19 % ,https://www.thehindubusinessline.com/markets/indian-markets-slump-for-fifth-straight-session-indusind-bank-tanks-19/article68795805.ece
2024-12-03,"Delhi : SRCC Records ₹35 LPA Highest Package In Placement Drive , Internship Stipends Surge By 67 % ",https://www.freepressjournal.in/education/delhi-srcc-records-35-lpa-highest-package-in-placement-drive-internship-stipends-surge-by-67
2024-10-30,Castrol India appoints Kedar Lele as MD,https://www.financialexpress.com/business/express-mobility-castrol-india-appoints-kedar-lele-as-md-3652876/
2024-10-31,"Indian market opens flat on Diwali , L & T and Sun Pharma top losers",https://www.prokerala.com/news/articles/a1577157.html
2024-10-28,Markets Recovery Makes Investors Richer By ₹4 . 21 Lakh Cr ; Here Is Everything You Need To Know,https://www.freepressjournal.in/business/markets-recovery-makes-investors-richer-by-421-lakh-cr-here-is-everything-you-need-to-know
2024-10-10,Ratan Tata transformational journey in Indian industry and global reach,https://www.business-standard.com/companies/people/ratan-tata-s-transformational-journey-in-indian-industry-and-global-reach-124101001400_1.html
2024-11-14,Stock Market Sectors : Stock market update : Mining stocks up as market falls,https://economictimes.indiatimes.com/markets/stocks/stock-watch/stock-market-update-mining-stocks-up-as-market-falls/articleshow/115298227.cms
2024-11-13,Stock Market Sectors : Stock market update : Power stocks down as market falls,https://economictimes.indiatimes.com/markets/stocks/stock-watch/stock-market-update-power-stocks-down-as-market-falls/articleshow/115241293.cms
2024-11-15,Empowering Assam Tea Workers : Training Initiatives to Fight Climate Change | Guwahati News,https://timesofindia.indiatimes.com/city/guwahati/empowering-assams-tea-workers-training-initiatives-to-fight-climate-change/articleshow/115315435.cms
2024-10-22,"India biggest retail distributors association AICPDF sends letter to CCI against Blinkit , Zepto and Swiggy",https://timesofindia.indiatimes.com/technology/tech-news/indias-biggest-retail-distributors-association-aicpdf-sends-letter-to-cci-against-blinkit-zepto-and-swiggy/articleshow/114438526.cms
2024-10-25,Sensex tanks 663 points ; IndusInd Bank plunged over 18 % ,https://www.rediff.com/business/report/sensex-tanks-663-points-indusind-bank-plunged-over-18/20241025.htm
2024-12-31,Stock Market Sectors : Stock market update : Power stocks up as market falls,https://economictimes.indiatimes.com/markets/stocks/stock-watch/stock-market-update-power-stocks-up-as-market-falls/articleshow/116831217.cms
2024-12-09,Stock Market Sectors : Stock market update : Fertilisers stocks up as market falls,https://economictimes.indiatimes.com/markets/stocks/stock-watch/stock-market-update-fertilisers-stocks-up-as-market-falls/articleshow/116127344.cms
2024-12-11,Stock Market Sectors : Stock market update : Power stocks down as market rises,https://economictimes.indiatimes.com/markets/stocks/stock-watch/stock-market-update-power-stocks-down-as-market-rises/articleshow/116198880.cms
2024-12-13,Stock Market Sectors : Stock market update : Fertilisers stocks down as market rises,https://economictimes.indiatimes.com/markets/stocks/stock-watch/stock-market-update-fertilisers-stocks-down-as-market-rises/articleshow/116288075.cms
2024-12-17,"Indian share market opens lower , all eyes on US Fed meet",https://www.prokerala.com/news/articles/a1590875.html
2024-12-13,"Sensex , Nifty slump in early trade dragged down by metal stocks , foreign fund outflows",https://indianexpress.com/article/cities/mumbai/sensex-nifty-slump-early-trade-metal-stocks-foreign-fund-outflows-9722425/
2025-11-02,"Mcap of four of top 10 valued firms jumps by Rs 95 , 447 cr ; Reliance biggest gainer",https://www.moneycontrol.com/news/business/markets/mcap-of-four-of-top-10-valued-firms-jumps-by-rs-95-447-cr-reliance-biggest-gainer-13647208.html
2025-12-15,Hindustan Unilever introduces new Horlicks variant in Tamil Nadu and Kerala,https://bestmediainfo.com/mediainfo/mediainfo-marketing/hindustan-unilever-introduces-new-horlicks-variant-in-tamil-nadu-and-kerala-10910602
2025-10-05,"Mcap of 7 of top - 10 most valued firms climbs ₹74 , 573 crore ; HDFC Bank biggest gainer",https://www.thehindu.com/business/Economy/mcap-of-7-of-top-10-most-valued-firms-climbs-74573-crore-hdfc-bank-biggest-gainer/article70127468.ece
2025-10-12,Mcap of eight of top - 10 most valued firms jumps by Rs 1 . 94 lakh cr ; TCS biggest winner,https://www.moneycontrol.com/news/business/markets/mcap-of-eight-of-top-10-most-valued-firms-jumps-by-rs-1-94-lakh-cr-tcs-biggest-winner-13610974.html
2025-10-26,Mcap of 7 of top 10 most valued firms jumps by ₹1 . 55 lakh crore,https://www.thehindubusinessline.com/markets/mcap-of-7-of-top-10-most-valued-firms-jumps-by-155-lakh-crore/article70204248.ece
2025-10-26,"Masterstroke by Mukesh Ambani as Reliance earns Rs 466870000000 in a week due to ..., Ratan Tata TCS also makes ... ",https://www.india.com/business/reliance-market-cap-masterstroke-by-mukesh-ambani-as-reliance-industries-earns-rs-466870000000-in-a-week-due-to-stock-market-ratan-tata-tcs-also-makes-profit-tcs-market-cap-8150432/
2025-10-05,"Mcap of top 7 firms climbs Rs 74 , 573 crore ; HDFC Bank biggest gainer",https://www.tribuneindia.com/news/business/mcap-of-top-7-firms-climbs-rs-74573-crore-hdfc-bank-biggest-gainer/
2025-10-05,"Top Seven Firm Combined Market Valuation Rises ₹74 , 573 Crore ; HDFC Bank Leads Gains",https://www.freepressjournal.in/business/top-seven-firms-combined-market-valuation-rises-74573-crore-hdfc-bank-leads-gains
2025-11-23,"Mcap of 7 of top - 10 most valued firms surges Rs 1 . 28 lakh cr ; RIL , Airtel biggest gainers",https://economictimes.indiatimes.com/markets/stocks/news/mcap-of-7-of-top-10-most-valued-firms-surges-rs-1-28-lakh-cr-ril-airtel-biggest-gainers/articleshow/125517544.cms
2025-11-23,"Mcap of 7 of top - 10 most valued firms surges Rs 1 . 28 lakh crore ; RIL , Airtel biggest gainers",https://www.tribuneindia.com/news/business/mcap-of-7-of-top-10-most-valued-firms-surges-rs-1-28-lakh-crore-ril-airtel-biggest-gainers/
2025-10-27,"Good news for Mukesh Ambani , Noel Tata , Reliance Industries earns Rs 466870000000 , TCS gains Rs 361260000000 , due to … ",https://www.india.com/business/good-news-for-mukesh-ambani-noel-tata-reliance-industries-earns-rs-466870000000-tcs-gains-rs-361260000000-due-to-share-price-surge-8151017/
2025-10-23,"Hindustan Unilever Q2 Preview : GST rate cut likely to weigh on sales , margin contraction likely",https://www.moneycontrol.com/news/business/earnings/hindustan-unilever-q2-preview-gst-rate-cut-to-weigh-on-sales-margin-contraction-likely-13628215.html
2025-10-12,Dalal Street rally ! M - cap of eight of top - 10 valued firms add Rs 1 . 94 lakh crore ; TCS leads gain,https://timesofindia.indiatimes.com/business/india-business/dalal-street-rally-m-cap-of-eight-of-top-10-valued-firms-add-rs-1-94-lakh-crore-tcs-leads-gain/articleshow/124495285.cms
2025-10-05,"HDFC Bank leads as seven of India top - 10 most valued firms gain Rs 74 , 573 cr in market cap - India News",https://www.financialexpress.com/india-news/hdfc-bank-leads-as-seven-of-indias-top-10-most-valued-firms-gain-rs-74573-cr-in-market-cap/3999023/
2025-12-02,"HUL Kwality Walls demerger : All details on key dates , allotment ratio , listing & targets",https://www.businesstoday.in/markets/stocks/story/hul-kwality-walls-demerger-all-details-on-key-dates-allotment-ratio-listing-targets-504540-2025-12-02
2025-11-30,"Mcap of 7 of top - 10 most valued firms climbs by Rs 96 , 201 cr ; Reliance , Bajaj Finance biggest winners",https://economictimes.indiatimes.com/markets/stocks/news/mcap-of-7-of-top-10-most-valued-firms-climbs-by-rs-96201-cr-reliance-bajaj-finance-biggest-winners/articleshow/125669123.cms
2025-11-30,"Mcap boost : 7 of top - 10 firms gain ₹96 , 201 cr , Reliance , Bajaj Finance lead chart",https://www.thehindubusinessline.com/markets/mcap-boost-7-of-top-10-firms-gain-96201-cr-reliance-bajaj-finance-lead-chart/article70341031.ece
2025-11-16,"Mcap : 8 of top - 10 valued firms jump ₹2 . 05 lakh crore ; Bharti Airtel , RIL major winners",https://www.thehindubusinessline.com/markets/mcap-8-of-top-10-valued-firms-jump-205-lakh-crore-bharti-airtel-ril-major-winners/article70286490.ece
2025-11-30,"Market capitalisation of 7 of top - 10 most valued firms surges by ₹96 , 201 crore ; RIL , Bajaj Finance biggest gainers",https://www.livemint.com/market/stock-market-news/market-capitalisation-of-7-of-top-10-most-valued-firms-surges-by-96-201-crore-ril-bajaj-finance-biggest-gainers-11764488215128.html
2025-11-02,"Market cap of top 10 companies rise Rs 95 , 447 crore , RIL leads - Market News",https://www.financialexpress.com/market/market-cap-of-top-10-companies-rise-rs-95447-crore-ril-leads-4029263/
2025-10-23,"Q2 Results 23rd Oct Live : Hindustan Unilever , Colgate , Laurus Labs , Fabtech Tech to announce Q2 results",https://www.thehindubusinessline.com/markets/q2-results-live-today-hul-colgate-laurus-labs-fabtech-tech-to-announce-q2-results/article70189532.ece
2025-10-12,"Dalal Street rally lifts top firm value by Rs 1 . 94 lakh crore ; TCS , HDFC Bank shine - Market News",https://www.financialexpress.com/market/dalal-street-rally-lifts-top-firms-value-by-rs-1-94-lakh-crore-tcs-hdfc-bank-shine-4007896/
2025-10-12,Mcap of eight of top - 10 most valued firms jumps by Rs 1 . 94 lakh cr ; TCS biggest winner,https://www.tribuneindia.com/news/business/mcap-of-eight-of-top-10-most-valued-firms-jumps-by-rs-1-94-lakh-cr-tcs-biggest-winner/
2025-10-12,"Market Rally Lifts Eight Of Top - 10 Valued Firms By ₹1 . 94 Lakh Crore ; TCS , Reliance , HDFC Bank Among Top Gainers",https://www.freepressjournal.in/business/market-rally-lifts-eight-of-top-10-valued-firms-by-194-lakh-crore-tcs-reliance-hdfc-bank-among-top-gainers
2025-10-27,"Mcap of 7 top firms rises up by ₹1 . 55 lakh crore ; Reliance , TCS leadThe Shillong Times",https://theshillongtimes.com/2025/10/27/mcap-of-7-top-firms-rises-up-by-%E2%82%B91-55-lakh-crore-reliance-tcs-lead/
2025-11-09,"Mcap of 7 of top - 10 most valued firms erodes by ₹88 , 635 cr ; Airtel , TCS biggest laggards",https://www.thehindubusinessline.com/markets/mcap-of-7-of-top-10-most-valued-firms-erodes-by-88635-cr-airtel-tcs-biggest-laggards/article70258775.ece
2025-11-30,"Seven of top - 10 gain Rs 96 , 200 crore ; Reliance , Bajaj Finance shine while Airtel , TCS slip",https://www.moneycontrol.com/news/business/markets/seven-of-top-10-gain-rs-96-200-crore-reliance-bajaj-finance-shine-while-airtel-tcs-slip-13703055.html
2025-10-12,Mcap of eight of top - 10 most valued firms jumps  by Rs 1 . 94 lakh cr ; TCS biggest winner,https://www.dailyexcelsior.com/mcap-of-eight-of-top-10-most-valued-firms-jumps-by-rs-1-94-lakh-cr-tcs-biggest-winner/
2025-10-12,Mcap of eight of top - 10 most valued firms jumps  by Rs 1 . 94 lakh cr ; TCS biggest winner,https://www.dailyexcelsior.com/mcap-of-eight-of-top-10-most-valued-firms-jumps-by-rs-1-94-lakh-cr-tcs-biggest-winner-2/
2025-11-30,"Market valuation of top 7 firms climbs over Rs 96 , 000 crore",https://www.thestatesman.com/business/market-valuation-of-top-7-firms-climbs-over-rs-96000-crore-1503519617.html
2025-10-26,"M - cap of 7 of top - 10 most valued firms jumps by Rs 1 . 55 lakh cr ; Reliance , TCS shine",https://economictimes.indiatimes.com/markets/stocks/news/m-cap-of-7-of-top-10-most-valued-firms-jumps-by-rs-1-55-lakh-cr-reliance-tcs-shine/articleshow/124823225.cms
2025-10-26,"Market recap : Mcap of 7 most valued firms surges by Rs 1 . 55 lakh cr ; Reliance , TCS lead gains",https://timesofindia.indiatimes.com/business/india-business/market-recap-mcap-of-7-most-valued-firms-surges-by-rs-1-55-lakh-cr-reliance-tcs-lead-gains/articleshow/124822802.cms
2025-10-12,MAJOR boost for Ratan Tata TCS amid Tata Group power tussle as it earns Rs 456783500000 in just 5 days due to ... ,https://www.india.com/business/tcs-market-cap-major-boost-for-ratan-tata-tcs-amid-tata-group-power-tussle-as-it-earns-rs-456783500000-in-just-5-days-due-to-stock-market-tata-trusts-tata-sons-noel-tata-8128728/
2025-10-26,"Mcap of 7 of top - 10 most valued firms jumps by Rs 1 . 55 lakh crore ; Reliance , TCS shine",https://www.tribuneindia.com/news/business/mcap-of-7-of-top-10-most-valued-firms-jumps-by-rs-1-55-lakh-crore-reliance-tcs-shine/
2025-10-30,HUL receives NCLT nod for demerger of ice - cream business - The HinduBusinessLine,https://www.thehindubusinessline.com/companies/hul-receives-nclt-nod-for-demerger-of-ice-cream-business/article70222711.ece
2025-11-09,"Mcap of 7 of top - 10 most valued firms erodes by Rs 88 , 635 cr ; Airtel , TCS biggest laggards",https://economictimes.indiatimes.com/markets/stocks/news/mcap-of-7-of-top-10-most-valued-firms-erodes-by-rs-88635-cr-airtel-tcs-biggest-laggards/articleshow/125197465.cms
2025-11-09,"Market Cap Of Seven Top Companies Falls By ₹88 , 635 Crore As Bharti Airtel , TCS Lead Weekly Declines",https://www.freepressjournal.in/business/market-cap-of-seven-top-companies-falls-by-88635-crore-as-bharti-airtel-tcs-lead-weekly-declines
2025-11-09,"Valuation of 7 of top 10 firms erodes by over Rs 88 , 000 crore in holiday - shortened week",https://www.thestatesman.com/business/valuation-of-7-of-top-10-firms-erodes-by-over-rs-88000-crore-in-holiday-shortened-week-1503509549.html
2025-10-09,"Suzlon , SBI , Infosys among Geojit top 12 Diwali 2025 stock picks",https://www.businesstoday.in/markets/stocks/story/suzlon-sbi-infosys-among-geojits-top-12-diwali-2025-stock-picks-497523-2025-10-09
2025-11-09,"Mcap of 7 of top - 10 most valued firms  erodes by Rs 88 , 635 cr ; Airtel , TCS biggest laggards",https://www.dailyexcelsior.com/mcap-of-7-of-top-10-most-valued-firms-erodes-by-rs-88635-cr-airtel-tcs-biggest-laggards/
2025-12-05,Hindustan Unilever to trade without ice cream business today,https://www.thehindubusinessline.com/markets/hindustan-unilever-to-trade-without-ice-cream-business-today/article70360309.ece
2025-10-19,"Mcap of 7 of top - 10 most valued firms surges by Rs 2 . 16 lakh crore ; Reliance , Airtel biggest gainers",https://www.tribuneindia.com/news/business/mcap-of-7-of-top-10-most-valued-firms-surges-by-rs-2-16-lakh-crore-reliance-airtel-biggest-gainers/
2025-11-23,"Seven Of India Top - 10 Firms Add ₹1 . 28 Lakh Crore In Market Value , RIL & Airtel Lead Weekly Gains Amid Positive Equity Sentiment",https://www.freepressjournal.in/business/seven-of-indias-top-10-firms-add-128-lakh-crore-in-market-value-ril-airtel-lead-weekly-gains-amid-positive-equity-sentiment
2025-11-09,"Mcap of 7 of top - 10 most valued firms falls by ₹88 , 635 crore ; Airtel , TCS biggest laggards",https://www.livemint.com/market/stock-market-news/mcap-of-7-of-top-10-most-valued-firms-falls-by-88-635-crore-airtel-tcs-biggest-laggards-11762673325316.html
2025-10-23,HUL Q2 net profit up 4 % on one - off tax gain ; revenue flat amid GST transition ; Rs 19 dividend declared,https://www.moneycontrol.com/news/business/earnings/hul-q2-net-profit-up-3-yoy-to-rs-2-690-crore-beats-estimates-rs-19-per-share-dividend-declared-13628461.html
2025-11-30,Masterstroke by Mukesh Ambani as he earns Rs 282828600000 in just five days due to ... ,https://www.india.com/business/masterstroke-by-mukesh-ambani-as-he-earns-rs-282828600000-in-just-five-days-due-to-reliance-market-cap-bajaj-finance-bharti-airtel-8207690/
2025-11-18,Hindustan Unilever appoints Bobby Parikh as Independent Director for 5 years,https://economictimes.indiatimes.com/news/company/corporate-trends/hindustan-unilever-appoints-bobby-parikh-as-independent-director-for-5-years/articleshow/125412264.cms
2025-10-05,"Seven of top 10 firms climb over Rs 74 , 000 crore ; HDFC Bank emerges as biggest gainer",https://www.thestatesman.com/business/seven-of-top-10-firms-climb-over-rs-74000-crore-hdfc-bank-emerges-as-biggest-gainer-1503495146.html
2025-10-26,Mukesh Ambani earns Rs 46687 crore in just 3 days from ...; Reliance market cap jumps to Rs ... ,https://www.dnaindia.com/business/report-mukesh-ambani-earns-rs-46687-crore-in-just-3-days-from-share-market-reliance-market-cap-jumps-to-rs-3185454
2025-12-05,"Ratan Tata stepmother , Simone Tata , passes away at 95",https://www.livemint.com/companies/news/ratan-tata-stepmother-simone-tata-passes-away-noel-tata-hul-lakme-trent-11764904608892.html
2025-11-02,Bharti Airtel SBI LIC Add Rs 95447 Crore Market Value,https://www.newkerala.com/news/o/indias-top-10-companies-add-rs-95447-crore-market-982
2025-12-24,"Sensex slips 116 pts , Nifty below 26 , 150 ahead of Christmas break ; what next ? ",https://www.businesstoday.in/markets/stocks/story/sensex-slips-116-pts-nifty-below-26150-ahead-of-christmas-break-whats-next-508037-2025-12-24
2025-10-30,"Hyundai net rises 14 % to Rs 1 , 572 cr",https://www.financialexpress.com/shorts/business/industry/hyundai-net-rises-14-to-rs-1572-cr-4027090/
2025-10-30,"Gaming , interactive media sector to hit $7 . 8 bn by FY30 despite RMG ban : BITKRAFT - Redseer",https://www.financialexpress.com/shorts/business/industry/gaming-interactive-media-sector-to-hit-7-8-bn-by-fy30-despite-rmg-ban-bitkraft-redseer-4026979/
2025-12-05,"HUL Demerger LIVE Updates : HUL share recovers , now down 3 . 7 % after a 7 % drop earlier as Kwality Wall demerger kicks in",https://www.livemint.com/market/stock-market-news/hul-demerger-today-live-updates-hindustan-unilever-share-price-nse-5-december-2025-11764875234387.html
2025-10-23,"Rs 4 , 465 crore dividend payout ! 10 . 53 lakh retailers get Diwali bonanza from this bluechip",https://www.businesstoday.in/markets/stocks/story/rs-4465-crore-dividend-payout-1053-lakh-retailers-get-diwali-bonanza-from-this-bluechip-499303-2025-10-23
2025-10-23,"Hindustan Unilever reports flat growth , declares ₹19 interim dividend",https://www.thehindubusinessline.com/markets/stock-markets/hindustan-unilever-reports-flat-growth-declares-19-interim-dividend/article70192470.ece
2025-11-02,"Market recap : Mcap of four of top 10 valued firms jumps Rs 95 , 447 crore ; Reliance leads the gains",https://timesofindia.indiatimes.com/business/india-business/market-recap-mcap-of-four-of-top-10-valued-firms-jumps-rs-95447-crore-reliance-leads-the-gains/articleshow/125031835.cms
2025-11-05,Britannia appoints Rakshit Hargave as CEO and Executive Director,https://www.moneycontrol.com/news/business/companies/britannia-appoints-rakshit-hargave-as-ceo-and-executive-director-13655162.html
2025-10-19,Market valuation of 7 of top - 10 firms surges by Rs 2 . 16 lakh crore last week,https://www.thestatesman.com/india/market-valuation-of-7-of-top-10-firms-surges-by-rs-2-16-lakh-crore-last-week-1503501046.html
2025-12-03,"Top stocks to buy today : Stock recommendations for December 3 , 2025 - check list",https://timesofindia.indiatimes.com/business/india-business/top-stock-recommendations-for-december-03-2025-kotak-mahindra-bank-hindustan-unilever-samvardhana-motherson-international-best-stocks-to-buy-today/articleshow/125723149.cms
2025-12-05,"HUL stock adjusts to Rs 2 , 422 after Kwality Wall ice - cream business spin - off",https://www.moneycontrol.com/news/business/markets/hul-stock-adjusts-to-rs-2-422-after-kwality-wall-s-ice-cream-business-spin-off-13711793.html
2025-11-30,"7 top Indian firms add Rs 96 , 200 crore in market value",https://www.prokerala.com/news/articles/a1702558.html
2025-11-16,"Valuation boost : India top firms add over Rs 2 lakh crore in market value ; Airtel , Reliance lead while Bajaj Finance slips",https://timesofindia.indiatimes.com/business/india-business/valuation-boost-indias-top-firms-add-over-rs-2-lakh-crore-in-market-value-airtel-reliance-lead-while-bajaj-finance-slips/articleshow/125361277.cms
2025-10-24,"Markets wrap up Diwali - shortened week on a muted note : Sensex ends down 340 points , Nifty slips below 25 , 800 ; HUL down 3 % ",https://www.financialexpress.com/market/markets-wrap-up-diwali-shortened-week-on-a-muted-note-sensex-ends-down-340-points-nifty-slips-below-25800-hul-down-3-4020345/
2025-11-01,"Hindustan Unilever gets Rs 1 , 986 crore tax notice",https://retail.economictimes.indiatimes.com/news/food-entertainment/personal-care-pet-supplies-liquor/hindustan-unilever-gets-rs-1986-crore-tax-notice/125009430
2025-10-23,Hindustan Unilever Ltd declares interim dividend of Rs . 19,https://www.equitybulls.com/category.php?id=363311
2025-11-16,Market valuation of 8 of top 10 firms surges by over Rs 2 lakh crore,https://www.thestatesman.com/business/market-valuation-of-8-of-top-10-firms-surges-by-over-rs-2-lakh-crore-1503512868.html
2025-10-23,"HUL Q2 FY26 results : Net profit grows 3 . 8 % to Rs 2 , 694 crore , declares interim dividend of Rs 19",https://www.financialexpress.com/business/industry-hul-q2-fy26-results-net-profit-grows-3-8-to-rs-2694-crore-declares-interim-dividend-of-rs-19-4018939/
2025-11-09,"Seven of top 10 valued firms lose Rs 88 , 600 crore , Airtel , TCS among biggest losers",https://www.ibtimes.co.in/seven-top-10-valued-firms-lose-rs-88600-crore-airtel-tcs-among-biggest-losers-892136
2025-10-23,"India is very well positioned over the medium term , says Unilever",https://www.thehindubusinessline.com/companies/india-is-very-well-positioned-over-the-medium-term-says-unilever/article70193250.ece
2025-10-05,"Mcap of seven of top - 10 most valued firms climbs Rs 74 , 573 crore ; HDFC Bank biggest gainer",https://www.orissapost.com/mcap-of-seven-of-top-10-most-valued-firms-climbs-rs-74573-crore-hdfc-bank-biggest-gainer/
2025-11-16,"Mcap of 8 of top - 10 most valued firms jumps by ₹2 . 05 lakh crore ; Bharti Airtel , RIL biggest gainers",https://www.livemint.com/market/stock-market-news/mcap-of-8-of-top-10-most-valued-firms-jump-by-2-05-lakh-crore-bharti-airtel-ril-biggest-gainers-11763271073980.html
2025-11-02,"Mcap of four of top 10 valued firms jumps by Rs 95 , 447 crore",https://www.orissapost.com/mcap-of-four-of-top-10-valued-firms-jumps-by-rs-95447-crore/
2025-10-13,"Sensex , Nifty extend losses amid US - China trade concerns - The Hindu BusinessLine",https://www.thehindubusinessline.com/markets/stock-markets/top-gainers-losers-today-13th-oct-sensex-nifty-decline-on-global-trade-concerns-tata-motors-infosys-lead-losers/article70157751.ece
2025-11-09,"Seven of top 10 valued firms lose Rs 88 , 600 crore , Airtel , TCS among biggest losers",https://www.prokerala.com/news/articles/a1695078.html
2025-10-20,"Upcoming Q2 earnings this week : HUL , Kotak Mahindra Bank , Coforge among 40 plus companies set to release Q2 results",https://www.financialexpress.com/business/industry-upcoming-earnings-hul-kotak-mah-bank-coforge-among-more-than-40-companies-to-release-their-earnings-this-week-4015945/
2025-12-05,HUL Kwality Walls demerger : Stock signals mild weakness ; check value of ice cream biz,https://www.businesstoday.in/markets/stocks/story/hul-kwality-walls-demerger-stock-signals-mild-weakness-check-value-of-ice-cream-biz-505173-2025-12-05
2025-11-23,"Market capitalisation of 7 of top - 10 most valued firms jumps by ₹1 . 28 lakh crore ; RIL , Bharti Airtel biggest gainers",https://www.livemint.com/market/stock-market-news/market-capitalisation-of-7-of-top-10-most-valued-firms-jumps-by-1-28-lakh-crore-ril-bharti-airtel-biggest-gainers-11763884494978.html
2025-11-18,HUL appoints Bobby Parikh as Independent Director,https://www.equitybulls.com/category.php?id=364577
2025-10-13,Diwali 2025 stock picks : Top long - term investments - The Hindu BusinessLine,https://www.thehindubusinessline.com/markets/diwali-2025-stock-picks-brokerages-recommend-top-long-term-buys/article70157313.ece
2025-11-01,"Hindustan Unilever gets Rs 1986 crore tax notice , set to appeal against demand",https://www.financialexpress.com/business/industry-hindustan-unilever-gets-rs-1986-crore-tax-notice-set-to-appeal-against-demand-4028409/
2025-10-23,"HUL Q2 Results : Cons PAT rises 4 % YoY to Rs 2 , 685 crore ; revenue up 2 % ",https://economictimes.indiatimes.com/markets/stocks/earnings/hul-q2-results-cons-pat-rises-4-yoy-to-rs-2694-crore-revenue-up-2/articleshow/124754151.cms
2025-10-16,"Nestle India Q2 net rose marginally to ₹1 , 029 crore on improved demand",https://www.thehindubusinessline.com/companies/nestle-india-q2-net-rose-marginally-to-1029-crore-on-improved-demand/article70170290.ece
2025-11-24,7 Top Indian Companies Gain Rs 1 . 28 Lakh Crore Market Value,https://www.newkerala.com/news/o/top-10-firms-add-rs-128-lakh-crore-market-value-971
2025-11-09,"Mcap of 7 of top - 10 most valued firms erodes by Rs 88 , 635 cr ; Airtel , TCS biggest laggards",https://www.orissapost.com/mcap-of-7-of-top-10-most-valued-firms-erodes-by-rs-88635-cr-airtel-tcs-biggest-laggards/
2025-12-10,"Nestle India CFO Svetlana Boldina to Resign for New Role in Nestle Affiliate , ETRetail",https://retail.economictimes.indiatimes.com/news/food-entertainment/personal-care-pet-supplies-liquor/nestle-indias-finance-chief-to-step-down/125891556
2025-10-24,HUL bets on volume drivers to fuel robust growth in second half,https://economictimes.indiatimes.com/industry/cons-products/fmcg/hul-bets-on-volume-drivers-to-fuel-robust-growth-in-second-half/articleshow/124770382.cms
2025-12-05,Markets rally over 0 . 5 % after RBI cuts repo rate by 25 basis points,https://www.thehindubusinessline.com/markets/stock-markets/markets-rally-over-05-after-rbi-cuts-repo-rate-by-25-basis-points/article70360993.ece
2025-11-17,"Tata Motors on the verge of being delisted from the Sensex , to be replaced by … ",https://www.india.com/business/tata-motors-on-the-verge-of-being-delisted-from-the-sensex-to-be-replaced-by-interglobe-aviation-indigo-grasim-industries-reliance-hindustan-unilever-itc-infosys-sbi-8189288/
2025-11-19,"Sensex settles 513 pts higher , Nifty above 26 , 050 ; will stock market rally continue ? ",https://www.businesstoday.in/markets/stocks/story/sensex-settles-513-pts-higher-nifty-above-26050-will-stock-market-rally-continue-502781-2025-11-19
2025-12-12,"Metal stocks power Sensex , Nifty higher in midday trade - The HinduBusinessLine",https://www.thehindubusinessline.com/markets/stock-markets/metal-stocks-power-sensex-nifty-higher-in-midday-trade/article70387874.ece
2025-11-24,"Kwality Wall Announces New Board Appointments Ahead of HUL Demerger , ETRetail",https://retail.economictimes.indiatimes.com/news/food-entertainment/personal-care-pet-supplies-liquor/kwality-walls-appoints-board-members-ahead-of-demerger-from-hul/125537021
2025-10-26,7 of top 10 firms add Rs 1 . 55 lakh crore in market value,https://www.ibtimes.co.in/7-top-10-firms-add-rs-1-55-lakh-crore-market-value-891285
2025-10-13,"Sensex , Nifty extend losses past midday on global trade concerns",https://www.thehindubusinessline.com/markets/stock-markets/sensex-nifty-extend-losses-past-midday-on-global-trade-concerns/article70157642.ece
2025-10-14,"Markets close lower : Nifty falls below 25 , 200 , Sensex down 297 points ; Bajaj Finance , Bharat Electronics among key losers",https://www.financialexpress.com/market/markets-close-lower-nifty-falls-below-25200-sensex-down-297-points-bajaj-finance-bharat-electronics-among-key-losers-4010296/
2025-12-10,"Unilever sees  massive opportunitie in India , citing GST cut and high GDP growth",https://economictimes.indiatimes.com/industry/cons-products/fmcg/unilever-sees-massive-opportunities-in-india-citing-gst-cut-and-high-gdp-growth/articleshow/125895158.cms
2025-12-31,Stock markets rebound in early trade,https://www.thehindu.com/business/markets/stock-markets-rebound-in-early-trade/article70455757.ece
2025-12-02,"HUL demerger record date on December 5 : Check allotment ratio , Kwality Wall listing window and other details",https://www.livemint.com/market/stock-market-news/hul-demerger-record-date-on-december-5-check-allotment-ratio-kwality-wall-s-listing-window-and-other-details-11764668742467.html
2025-11-02,"4 of India top 10 companies add Rs 95 , 447 crore in market value last week",https://ianslive.in/4-of-indias-top-10-companies-add-rs-95447-crore-in-market-value-last-week--20251102124115
2025-10-23,"Q2 Results today : HUL , Colgate Palmolive , PTC India , others to announce Q2 earnings",https://www.livemint.com/market/stock-market-news/q2-results-today-hul-colgate-palmolive-ptc-india-others-to-announce-q2-earnings-11761188103587.html
2025-12-03,Indian Shares Edge Lower In Lackluster Trade,https://www.finanzen.ch/nachrichten/aktien/indian-shares-edge-lower-in-lackluster-trade-1035612478
2025-12-12,Stock markets rally in early trade ; Sensex jumps over 400 points,https://www.tribuneindia.com/news/business/stock-markets-rally-in-early-trade-sensex-jumps-over-400-points/
2025-10-23,"Q2 Results 23rd Oct highlights : HUL Q2 profit up , Laurus Labs profit jumps , Colgate profit falls , Tata Teleservice loss declines",https://www.thehindubusinessline.com/markets/q2-results-highlights-today-hul-colgate-laurus-labs-fabtech-tech-to-announce-q2-results/article70189532.ece
2025-10-27,How a girl from Kolhapur became the global CEO of Chanel : Meet Indian - born Leena Nair who is conquering the world,https://www.financialexpress.com/life/lifestyle-how-a-girl-from-kolhapur-became-the-global-ceo-of-chanel-meet-indian-born-leena-nair-who-is-conquering-the-world-4023365/
2025-10-19,"Global trends , FPIs move , Q2 earnings to guide markets in holiday - shortened week : Analysts",https://www.thehindubusinessline.com/markets/global-trends-fpis-move-q2-earnings-to-guide-markets-in-holiday-shortened-week-analysts/article70182129.ece
2025-10-24,"Top gainers , losers on NSE , BSE today 24th Oct : Sensex , Nifty pare early gains on profit booking , HUL , Laurus Labs , Colgate shares decline , Hindalco lead gainers",https://www.thehindubusinessline.com/markets/stock-markets/top-gainers-losers-on-nse-bse-today-24th-oct-sensex-nifty-pare-early-gains-on-profit-booking-hul-laurus-labs-colgate-shares-decline-hindalco-lead-gainers/article70197102.ece
2025-11-11,India Britannia set for steepest fall in a year after long - time MD steps down,https://www.marketscreener.com/news/india-s-britannia-set-for-steepest-fall-in-a-year-after-long-time-md-steps-down-ce7d5fd8d08ef221
2025-12-31,Stock markets rebound in early trade,https://www.tribuneindia.com/news/business/stock-markets-rebound-in-early-trade/
2025-12-05,"Ratan Tata Step Mother And Lakme Founder - Simone Tata Passes Away At 95 ,  All You Need To Know",https://www.newsx.com/business/ratan-tatas-step-mother-and-lakme-founder-simone-tata-passes-away-at-95-all-you-need-to-know-120960/
2025-11-26,Zetwerk appoints Jai Shankar Krishnan as Independent Director,https://www.thehindubusinessline.com/companies/zetwerk-appoints-jai-shankar-krishnan-as-independent-director/article70325870.ece
2025-11-06,"After win , brandwagon ride for Women in Blue ? - The Times of India",https://timesofindia.indiatimes.com/business/india-business/after-win-brandwagon-ride-for-women-in-blue/articleshow/125144593.cms
2025-10-23,"Hindustan Unilever : HUL Q2 Earnings Beat Estimates ; Shares Rise 3 %, ETRetail",https://retail.economictimes.indiatimes.com/news/food-entertainment/personal-care-pet-supplies-liquor/hul-shares-rise-3-as-q2-net-profit-beats-street-estimates-firm-declares-a-dividend/124763701
2025-10-19,Masterstroke by Mukesh Ambani as he earns Rs 473636500000 in a week due to ...; Sunil Mittal also ... ,https://www.india.com/business/masterstroke-by-mukesh-ambani-as-he-earns-rs-473636500000-in-a-week-due-to-reliance-industries-mcap-increase-sunil-mittal-bharti-airtel-mcap-also-surges-8140554/
2025-11-16,"Masterstroke by Mukesh Ambani as he earns Rs 54941840000 is just five days due to ..., Sunil Mittal - led Bharti Airtel becomes ... ",https://www.india.com/business/masterstroke-by-mukesh-ambani-as-he-earns-rs-54941840000-is-just-five-days-due-to-reliance-market-cap-sunil-mittal-led-bharti-airtel-emerges-biggest-gainer-reliance-industries-tcs-infosys-mcap-8187624/
2025-10-23,HUL bets on price cuts and monsoon to lift demand after GST cuts hit Q2,https://www.livemint.com/companies/company-results/hul-q2-gst-impact-demand-rebound-11761214455110.html
2025-11-07,"Stock market : Sensex settles 95 pts lower , Nifty below 25 , 500 ; time to buy the dip ? ",https://www.businesstoday.in/markets/stocks/story/stock-market-sensex-settles-95-pts-lower-nifty-below-25500-time-to-buy-the-dip-501264-2025-11-07
2025-12-08,"Equity markets decline in early trade dragged by services , realty stocks , FII outflows",https://www.tribuneindia.com/news/business/equity-markets-decline-in-early-trade-dragged-by-services-realty-stocks-fii-outflows/
2025-10-08,"Nifty extends gains amid tech rally , Bank Nifty holds above key support",https://www.thehindubusinessline.com/markets/nifty-extends-gains-amid-tech-rally-bank-nifty-holds-above-key-support/article70138061.ece
2025-11-28,Reliance Retail Names Srivats TS as New Marketing Head,https://www.siliconindia.com/news/general/reliance-retail-names-srivats-ts-as-new-marketing-head-nid-238537-cid-1.html
2025-10-23,"Stocks making biggest moves midday : Infosys , HUL , BEL , Muthoot Finance and more",https://www.financialexpress.com/market/stocks-making-biggest-moves-midday-infosys-hul-bel-muthoot-finance-and-more-4019096/
2025-12-15,"Stock market today 15th Dec 2025 : Sensex , Nifty slip marginally as India – US trade talks , FII outflows weigh , IndiGo , Trent , HUL lead gainers",https://www.thehindubusinessline.com/markets/stock-market-today-15th-dec-2025-sensex-nifty-slip-marginally-as-indiaus-trade-talks-fii-outflows-weigh-indigo-trent-hul-lead-gainers/article70398779.ece
2025-10-23,"Top gainers & losers intraday 23rd Oct : IT stocks power Sensex rally : Infosys , HCL Tech , TCS , Tech Mahindra lead gains",https://www.thehindubusinessline.com/markets/stock-markets/it-stocks-power-sensex-rally-infosys-hcl-tech-tcs-tech-mahindra-lead-gains/article70192880.ece
2025-10-24,Accumulate Hindustan Unilever ; target of Rs 2772 : Prabhudas Lilladher,https://www.moneycontrol.com/news/business/stocks/accumulate-hindustan-unilever-target-of-rs-2772-prabhudas-lilladher-13630295.html
2025-11-30,BIG win for Mukesh Ambani as Reliance gets Rs 28282 crore in just 5 days from ... ,https://www.dnaindia.com/business/report-big-win-for-mukesh-ambani-as-reliance-industries-gets-rs-28282-crore-in-just-5-days-from-ril-shares-rise-3191166
2025-12-18,L Catterton invests in snacks maker Haldiram - The HinduBusinessLine,https://www.thehindubusinessline.com/companies/l-catterton-invests-in-snacks-maker-haldirams/article70410581.ece
2025-11-19,HUL ice - cream business to be effective from December 1,https://www.indiainfoline.com/news/companies/hul-ice-cream-business-to-be-effective-from-december-1
2025-10-17,"Stock markets rise for third day , Sensex jumps 484 . 53 points on gains in banking , oil shares",https://www.thehindu.com/business/markets/stock-markets-rise-for-third-day-sensex-jumps-48453-points-on-gains-in-banking-oil-shares/article70175072.ece
2025-12-26,"Sensex declines for third day , sheds 367 points on foreign fund outflows",https://www.thehindu.com/business/markets/sensex-declines-for-third-day-sheds-367-points-on-foreign-fund-outflows/article70439576.ece
2025-11-11,Britannia shares slump as veteran Varun Berry exits Indian packaged foods firm,https://www.marketscreener.com/news/britannia-shares-slump-as-veteran-varun-berry-exits-indian-packaged-foods-firm-ce7d5fd8d08ef221
2025-11-19,Sensex jumps over 513 points on buying in IT stocks,https://www.rediff.com/business/report/sensex-jumps-over-513-points-on-buying-in-it-stocks/20251119.htm
2025-11-01,"Airtel , Mazagon Dock , HUL , TVS Motor , LIC , SBI among stocks in focus next week ; here why",https://www.businesstoday.in/markets/stocks/story/airtel-mazagon-dock-hul-tvs-motor-lic-sbi-among-stocks-in-focus-next-week-heres-why-500466-2025-11-01
2025-12-07,Why advertisers cant get enough of Ba *** ds of Bollywood memefest,https://www.livemint.com/industry/advertising/spotted-ba-ds-of-bollywood-ad-bait-spotify-wrapped-netflix-spotify-hul-11764851206255.html
2025-11-01,Mahindra & Mahindra leads recruiters in 2nd cluster of summer placements at IIM - A,https://indianexpress.com/article/cities/ahmedabad/mahindra-mahindra-leads-recruiters-in-2nd-cluster-of-summer-placements-at-iim-a-10340433/
2025-12-26,Madhusudan Kela invests ₹75 crore in Wow ! Momo,https://economictimes.indiatimes.com/news/company/corporate-trends/madhusudan-kela-invests-75-crore-in-wow-momo/articleshow/126194857.cms
2025-11-25,"Stocks to watch : BEL , Dr Reddy , Paras Defence among 10 shares in focus today",https://www.livemint.com/market/stock-market-news/stocks-to-watch-bel-dr-reddys-paras-defence-among-10-shares-in-focus-today-11764032808601.html
2025-12-29,"Sensex sheds 346 points , declines for fourth day on foreign fund outflows , thin year - end trading",https://www.thehindu.com/business/markets/sensex-sheds-346-points-declines-for-fourth-day-on-foreign-fund-outflows-thin-year-end-trading/article70449266.ece
2025-11-29,"HDFC Bank , NTPC , Adani Enterprises , HUL among stocks in focus next week ; here why",https://www.businesstoday.in/markets/stocks/story/hdfc-bank-ntpc-adani-enterprises-hul-among-stocks-in-focus-next-week-heres-why-504262-2025-11-29
2025-11-10,"Varun Berry resigns as Britannia Industrie executive vice - chairman , MD & CEO",https://www.moneycontrol.com/news/business/varun-berry-resigns-as-britannia-industries-executive-vice-chairman-md-ceo-13664628.html
2025-12-29,"Sensex Drops 346 Points In Fourth Straight Fall , Foreign Fund Outflows & Thin Year - End Trading Weigh On Markets",https://www.freepressjournal.in/business/sensex-drops-346-points-in-fourth-straight-fall-foreign-fund-outflows-thin-year-end-trading-weigh-on-markets
2025-10-09,"Stock markets rebound in early trade on foreign fund inflows , buying in Reliance , IT counters",https://www.thehindu.com/business/markets/stock-markets-rebound-in-early-trade-on-foreign-fund-inflows-buying-in-reliance-it-counters/article70142340.ece
2025-10-19,IIM Bangalore wraps up 2026 summer placements ; Consulting leads with record 46 % offers,https://economictimes.indiatimes.com/jobs/fresher/iim-bangalore-wraps-up-2026-summer-placements-consulting-leads-with-record-46-offers/articleshow/124687313.cms
2025-10-24,"HUL , Colgate , Bharat Dynamics among top stocks moving today ; metals shine , FMCG drags - Market News",https://www.financialexpress.com/market/stocks-making-biggest-moves-today-hul-colgate-bharat-dynamics-thyrocare-defence-metals-nifty-sensex-market-update-4020223/
2025-12-18,PE firm L Catterton invests in Indian snacks major Haldiram ,https://finance.yahoo.com/news/l-catterton-invests-halidram-under-121432574.html
2025-11-16,"Mcap of eight of top - 10 valued firms jumps Rs 2 . 05 lakh crore ; Bharti Airtel , RIL major winners",https://www.orissapost.com/mcap-of-eight-of-top-10-valued-firms-jumps-rs-2-05-lakh-crore-bharti-airtel-ril-major-winners/
2025-11-23,7 of the top - 10 firms add Rs 1 . 28 lakh crore in market value amid equity gains,https://ianslive.in/7-of-the-top-10-firms-add-rs-128-lakh-crore-in-market-value-amid-equity-gains--20251123153945
2025-11-24,7 of the top - 10 firms add Rs 1 . 28 lakh cr in market,https://nagalandpost.com/7-of-the-top-10-firms-add-rs-1-28-lakh-cr-in-market/
2025-11-18,"IIM Ahmedabad Summer Placements 2025 : 410 Students Placed , 165+ Firms Participate ; PGP 2027 Batch Secures 100 % Placements",https://www.freepressjournal.in/education/iim-ahmedabad-summer-placements-2025-410-students-placed-165-firms-participate-pgp-2027-batch-secures-100-placements
2025-12-03,Stock markets trade lower in early deals amid relentless foreign fund outflows,https://www.siasat.com/stock-markets-trade-lower-in-early-deals-amid-relentless-foreign-fund-outflows-3307864/
2025-10-18,"Q2 results : HUL , Kotak Mahindra Bank , Dr Reddy , others to post earnings next week",https://www.businesstoday.in/markets/stocks/story/q2-results-hul-kotak-mahindra-bank-dr-reddys-others-to-post-earnings-next-week-498852-2025-10-18
2025-10-17,"Sensex , Nifty Hit Fresh 52 - Week Highs Ahead Of Diwali , Bullish Momentum Builds In Large - Cap Stocks",https://www.freepressjournal.in/business/sensex-nifty-hit-fresh-52-week-highs-ahead-of-diwali-bullish-momentum-builds-in-large-cap-stocks
2025-11-28,Sadhguru Academy is hosting 14th edition of INSIGHT : The DNA of Success,https://timesofindia.indiatimes.com/speaking-tree/daily-ecstasy/sadhguru-academy-to-host-14th-edition-of-insight-the-dna-of-success/articleshow/125638981.cms
2025-11-28,Stock market trades higher in early deals,https://www.thehindu.com/business/markets/stock-market-trades-higher-in-early-deals/article70333427.ece
2025-12-15,Stock markets end marginally lower on foreign fund outflows,https://www.thehindu.com/business/markets/stock-markets-end-marginally-lower-on-foreign-fund-outflows/article70398793.ece
2025-11-27,Sadhguru Academy To Host 14th Edition Of INSIGHT : The DNA of Success,https://www.freepressjournal.in/lifestyle/sadhguru-academy-to-host-14th-edition-of-insight-the-dna-of-success
2025-12-15,Stock markets end marginally lower on foreign fund outflows,https://www.tribuneindia.com/news/business/stock-markets-end-marginally-lower-on-foreign-fund-outflows/
2025-12-02,Top Stocks for Today - 2nd December 2025,https://www.indiainfoline.com/news/markets/top-stocks-for-today-2nd-december-2025
2025-12-12,"Stock Market Today : Sensex gains 400 pts , Nifty reclaims 26 , 000 - Positive global cues among key factors behind market rise",https://www.moneycontrol.com/news/business/markets/sensex-gains-400-pts-nifty-above-26-000-positive-global-cues-among-key-factors-behind-market-rise-13722364.html
2025-11-02,"Mahindra , P & G , & Amazon lead hiring in IIM Ahmedabad second Summer placement cluster | Education News",https://indianexpress.com/article/education/mahindra-pg-amazon-lead-hiring-in-iim-ahmedabads-second-summer-placement-cluster-10341168/
2025-11-03,Top Stocks for Today - 3rd November 2025,https://www.indiainfoline.com/news/markets/top-stocks-for-today-3rd-november-2025
2025-10-19,Market valuation of 7 of top - 10 firms surges by Rs 2 . 16 lakh crore last week | Central India Premier English Daily,https://www.centralchronicle.com/market-valuation-of-7-of-top-10-firms-surges-by-rs-2-16-lakh-crore-last-week/
2025-10-17,"Stock markets rise for 3rd day , Sensex jumps 484 . 53 pts on gains in banking , oil shares",https://www.tribuneindia.com/news/business/stock-markets-rise-for-3rd-day-sensex-jumps-484-53-pts-on-gains-in-banking-oil-shares/
2025-11-10,Haleon plc Announces Board Changes,https://www.marketscreener.com/news/haleon-plc-announces-board-changes-ce7d5fd8d98cf324
2025-10-24,HUL Bets on Volume Drivers to Fuel Robust Growth in Second Half,https://economictimes.indiatimes.com/epaper/delhicapital/2025/oct/24/et-front/hul-bets-on-volume-drivers-to-fuel-robust-growth-in-second-half/articleshow/124772187.cms
2025-10-25,"Cognizant to increase entry - level hiring , expanding beyond tech to non - STEM majors",https://economictimes.indiatimes.com/tech/information-tech/cognizant-to-hire-entry-level-talent-expanding-beyond-tech-to-non-stem-majors/articleshow/124809039.cms
2025-11-18,HUL sets December 5 as record date for demerger of ice - cream business Kwality Wall . Scheme effective on Dec 1,https://economictimes.indiatimes.com/markets/stocks/news/hul-sets-december-5-as-record-date-for-demerger-of-ice-cream-business-kwality-walls-scheme-effective-on-dec-1/articleshow/125413934.cms
2025-11-19,"Stock markets decline in early trade tracking weak global peers , fresh foreign fund outflows",https://www.thehindu.com/business/markets/stock-markets-decline-in-early-trade-tracking-weak-global-peers-fresh-foreign-fund-outflows/article70297614.ece
2025-11-19,Stock markets rebound on buying in IT counter ; Sensex jumps over 513 points,https://www.tribuneindia.com/news/business/stock-markets-rebound-on-buying-in-it-counter-sensex-jumps-over-513-points/
2025-10-24,"Sensex gains 250 pts from day low , Nifty settles near 25 , 800 : Key reasons behind market rise",https://www.moneycontrol.com/news/business/markets/sensex-gains-250-pts-from-day-s-low-nifty-settles-above-25-750-key-reasons-behind-market-rise-13630984.html
2025-11-03,Stock benchmarks to begin November on positive note - The HinduBusinessLine,https://www.thehindubusinessline.com/markets/stock-benchmarks-to-begin-november-on-positive-note/article70234809.ece
2025-11-03,"IIM Ahmedabad Cluster - 2 Summer Placements 2025 : Mahindra , P & G , Amazon Dominate Offers ; Details Here",https://www.freepressjournal.in/education/iim-ahmedabad-cluster-2-summer-placements-2025-mahindra-pg-amazon-dominate-offers-details-here
2025-11-03,India stock benchmarks to begin November on positive note,https://www.marketscreener.com/news/india-stock-benchmarks-to-begin-november-on-positive-note-ce7d5cd8d08bf62d
2025-10-13,"Stock markets decline , mirroring weak global peers as Trump imposes fresh tariffs on China",https://www.thehindu.com/business/markets/stock-markets-decline-mirroring-weak-global-peers-as-trump-imposes-fresh-tariffs-on-china/article70158205.ece
2025-10-14,"Stock markets fall for second day on weak global trends , fresh foreign fund outflows",https://www.thehindu.com/business/markets/stock-markets-fall-for-second-day-on-weak-global-trends-fresh-foreign-fund-outflows/article70162279.ece
2025-10-13,"Stock markets decline , mirroring weak global peers as Trump imposes fresh tariffs on China",https://www.tribuneindia.com/news/business/stock-markets-decline-in-early-trade-mirroring-weak-global-peers/
2025-10-11,"H & M Beauty Products : H & M enters India beauty market , taking on Lakme , Nykaa , Tira , ETRetail",https://retail.economictimes.indiatimes.com/news/apparel-fashion/apparel/hm-enters-indias-beauty-market-taking-on-lakme-nykaa-tira/124469950
2025-11-21,"Stocks to buy or sell : Osho Krishan of Angel One suggests buying Samvardhana Motherson , HUL shares today - 21 November",https://www.livemint.com/market/stock-market-news/stocks-to-buy-or-sell-osho-krishan-of-angel-one-suggests-buying-samvardhana-motherson-hul-shares-today-21-november-11763701624127.html
2025-10-07,"Sensex , Nifty extend gains on buying in heavyweights",https://www.prokerala.com/news/articles/a1682888.html
2025-11-27,"Nifty hits all - time high , surges past 26 , 277 points after 14 months ; know what is driving the rally ? ",https://www.dnaindia.com/business/report-nifty-hits-all-time-high-surges-past-26277-points-after-14-months-know-what-is-driving-the-rally-3190717
2025-11-28,"Sensex , Nifty turn positive after early losses ahead of key Q2 GDP data release",https://www.prokerala.com/news/articles/a1701811.html
2025-11-27,"Sensex - Nifty Hit Record Highs , Profit Booking Halts The Rally As Markets Finish Flat After Sharp Intraday Swings",https://www.freepressjournal.in/business/sensex-nifty-hit-record-highs-profit-booking-halts-the-rally-as-markets-finish-flat-after-sharp-intraday-swings
2025-12-18,"Who is Shashwat Sharma ? IIM alumnus to lead Sunil Mittal Rs 997000 crore company , he previously worked at ... ",https://www.dnaindia.com/business/report-who-is-shashwat-sharma-bharti-airtel-ceo-md-iim-alumnus-to-lead-sunil-mittal-s-rs-997000-crore-company-previously-worked-at-3194112
2025-12-15,"Sensex , Nifty end marginally lower as weak global cues weigh on markets",https://www.prokerala.com/news/articles/a1707827.html
2025-12-15,"Stock markets open lower on foreign fund outflows , weak global trends",https://www.thehindubusinessline.com/markets/stock-markets-open-lower-on-foreign-fund-outflows-weak-global-trends/article70397792.ece
2025-12-15,Stock markets trade lower in early deals on foreign fund outflows,https://www.siasat.com/stock-markets-trade-lower-in-early-deals-on-foreign-fund-outflows-3312301/
2025-10-13,"Stock markets decline , mirroring weak global peers  as Trump imposes fresh tariffs on China",https://www.dailyexcelsior.com/stock-markets-decline-mirroring-weak-global-peers-as-trump-imposes-fresh-tariffs-on-china/
2025-12-12,"Hindustan Unilever Intensifies Focus on Lifestyle Nutrition with New Product Launches , ETRetail",https://retail.economictimes.indiatimes.com/news/food-entertainment/personal-care-pet-supplies-liquor/hul-to-sharpen-focus-on-lifestyle-nutrition-biz-targets-multiple-formats/125925585
2025-12-26,"Sensex , Nifty end lower as IT , auto stocks drag markets",https://www.ibtimes.co.in/sensex-nifty-end-lower-it-auto-stocks-drag-markets-894851
2025-11-27,"Sensex up 111 pts , Nifty flat after hitting new highs ; what next for stock market ? ",https://www.businesstoday.in/markets/stocks/story/sensex-up-111-pts-nifty-flat-after-hitting-new-highs-whats-next-for-stock-market-504002-2025-11-27
2025-11-14,Dove joins Reebok to explore resilience and recovery in new campaign,https://bestmediainfo.com/ad-craft/dove-joins-reebok-to-explore-resilience-and-recovery-in-new-campaign-10727655
2025-12-02,"Stocks in news : Stocks in news : Bajaj Housing Finance , Ambuja Cement , HUL , Hero MotoCorp",https://economictimes.indiatimes.com/markets/stocks/news/stocks-in-news-bajaj-housing-finance-ambuja-cement-hul-hero-motocorp/articleshow/125707427.cms
2025-12-03,"Sensex , Nifty settle lower amid weakening rupee , FII outflow",https://www.prokerala.com/news/articles/a1703675.html
2025-12-05,"Sensex , Nifty rise after RBI cuts repo rate",https://www.prokerala.com/news/articles/a1704402.html
2025-12-12,"Sensex jumps nearly 450 pts on buying  in metal shares , positive global trends",https://www.dailyexcelsior.com/sensex-jumps-nearly-450-pts-on-buying-in-metal-shares-positive-global-trends/
2025-10-19,IIM Bangalore placements 2026 : 601 students placed across 137 firms ; here who is leading the sectors and recruiters race,https://timesofindia.indiatimes.com/education/news/iim-bangalore-placements-2026-601-students-placed-across-137-firms-heres-who-is-leading-the-sectors-and-recruiters-race/articleshow/124684005.cms
2025-10-25,Canada Ontario tightens commercial driving license rules,https://economictimes.indiatimes.com/nri/work/canadas-ontario-tightens-commercial-driving-license-rules/articleshow/124799802.cms
2025-10-25,"Ola Electric board greenlights Rs 1 , 500 crore fundraise plan",https://economictimes.indiatimes.com/tech/technology/ola-electric-board-greenlights-rs-1500-crore-fundraise-plan/articleshow/124812989.cms
2025-11-20,Indian stock markets open higher as global tech rally boosts sentiment,https://www.ibtimes.co.in/indian-stock-markets-open-higher-global-tech-rally-boosts-sentiment-892792
2025-10-23,"HUL Q2 results : Net profit rises 3 % to Rs 2 , 690 crore ; announces Rs 19 dividend",https://www.businesstoday.in/markets/stocks/story/hul-q2-results-net-profit-rises-3-to-rs-2690-crore-announces-rs-19-dividend-499265-2025-10-23
2025-10-19,"Global cues , FPI inflows and Q2 Earnings To Steer Markets , Muhurat Trading To Mark Samvat 2082",https://www.freepressjournal.in/business/global-cues-fpi-inflows-and-q2-earnings-to-steer-markets-muhurat-trading-to-mark-samvat-2082
2025-10-26,India emerges as strong performing market for global consumer giants,https://www.prokerala.com/news/articles/a1690043.html
2025-10-07,Dabur faces short - term sales dip in Q2 on GST cuts,https://economictimes.indiatimes.com/industry/cons-products/fmcg/dabur-faces-short-term-sales-dip-in-q2-on-gst-cuts/articleshow/124371026.cms
2025-10-10,"H & M enters India beauty market , taking on Lakme , Nykaa , Tira",https://economictimes.indiatimes.com/industry/cons-products/fashion-/-cosmetics-/-jewellery/hm-enters-indias-beauty-market-taking-on-lakme-nykaa-tira/articleshow/124451853.cms
2025-10-17,"Sensex , Nifty extend gains ; five key factors driving today market rally",https://www.businesstoday.in/markets/stocks/story/sensex-nifty-extend-gains-five-key-factors-driving-todays-market-rally-498751-2025-10-17
2025-10-07,"Sensex , Nifty extend gains on buying in heavyweights",https://www.ibtimes.co.in/sensex-nifty-extend-gains-buying-heavyweights-890294
2025-11-11,"Britannia Industries shares decline 6 % after Varun Berry resigns ; Rakshit Hargave named new MD , CEO",https://economictimes.indiatimes.com/markets/stocks/news/britannia-industries-shares-decline-6-after-varun-berry-resigns-rakshit-hargave-named-new-md-ceo/articleshow/125239480.cms
2025-12-15,"Stock markets trade lower in early deals on foreign fund outflows , weak global trends",https://www.thehindu.com/business/markets/stock-markets-trade-lower-in-early-deals-on-foreign-fund-outflows-weak-global-trends/article70397906.ece
2025-11-25,"Sensex , Nifty open flat as investors awaited fresh triggers",https://www.ibtimes.co.in/sensex-nifty-open-flat-investors-awaited-fresh-triggers-893062
2025-11-26,Sensex Nifty Open Higher on Global Cues Market Rally,https://www.newkerala.com/news/o/sensex-nifty-open-higher-global-optimism-784
2025-11-28,Madras High Court Jails Contemnor For Repeated Breach Of HUL  WHEEL  Trademark Injunction,https://www.livelaw.in/high-court/madras-high-court/madras-high-court-jails-contemnor-for-repeated-breach-of-huls-wheel-trademark-injunction-311559
2025-12-15,"Sensex , Nifty end marginally lower as weak global cues weigh on markets",https://www.ibtimes.co.in/sensex-nifty-end-marginally-lower-weak-global-cues-weigh-markets-894189
2025-12-15,Indian stock markets open lower amid weak global cues,https://www.ibtimes.co.in/indian-stock-markets-open-lower-amid-weak-global-cues-894172
2025-11-23,XLRI marks a strong year as summer internship placements for 2025 wrap up,https://www.thestatesman.com/business/xlri-marks-a-strong-year-as-summer-internship-placements-for-2025-wrap-up-1503516197.html
2025-10-31,HUL Ice Cream business demerger : 10 most important questions answered after NCLT approval,https://www.livemint.com/market/stock-market-news/hul-ice-cream-business-demerger-10-most-important-questions-answered-after-nclt-approval-11761883500342.html
2025-10-14,"Stock markets fall for 2nd day on weak global trends , fresh foreign fund outflows",https://www.dailyexcelsior.com/stock-markets-fall-for-2nd-day-on-weak-global-trends-fresh-foreign-fund-outflows/
2025-12-31,"Stock market : Sensex rises 254 pts , Nifty above 26 , 000 ; Tata Steel , BEL lead gainers",https://www.businesstoday.in/markets/stocks/story/stock-market-sensex-rises-254-pts-nifty-below-26000-tata-steel-bel-lead-gainers-508796-2025-12-31
2025-12-29,"Sensex drops 346 points , Nifty slips below 26 , 000 for 4th day",https://www.ibtimes.co.in/sensex-drops-346-points-nifty-slips-below-26000-4th-day-894997
2025-10-18,IIM Bangalore Summer Placements 2026 : 601 students placed across 137 firms ; check top sectors and recruiters,https://indianexpress.com/article/education/iim-bangalore-summer-placement-report-2026-complete-list-of-top-recruiters-best-sectors-total-offers-pgp-business-analytics-cat-2025-10314782/
2025-10-23,"Sensex jumps over 700 points , Nifty regains 26 , 000 - level in early trade",https://www.thehindu.com/business/markets/sensex-and-nifty-surge-on-october-23-2025/article70192318.ece
2025-12-12,"Top gainers and losers on NSE , BSE 12th Dec : Sensex , Nifty 50 extend gain , metal stocks outperform",https://www.thehindubusinessline.com/markets/top-gainers-and-losers-on-nse-bse-12th-dec-sensex-nifty-50-extend-gain-metal-stocks-outperform/article70387980.ece
2025-12-09,Indian stock markets open lower amid profit booking,https://www.ibtimes.co.in/indian-stock-markets-open-lower-amid-profit-booking-893828
2025-12-26,Sensex Nifty End Lower as IT Auto Stocks Drag Market Down,https://www.newkerala.com/news/o/sensex-nifty-end-lower-auto-stocks-drag-markets-710
2025-12-05,HUL shares in focus on record date for ice cream business demerger,https://economictimes.indiatimes.com/markets/stocks/news/hul-shares-in-focus-on-record-date-for-ice-cream-business-demerger/articleshow/125779576.cms
2025-11-20,"Stock markets surge for second day on firm global trends , fresh foreign fund inflows",https://www.thehindu.com/business/markets/stock-markets-surge-for-second-day-on-firm-global-trends-fresh-foreign-fund-inflows/article70302772.ece
2025-11-18,"Stock markets halt 6 - day rally ; Nifty ends below 26 , 000 - mark on profit taking",https://www.thehindu.com/business/markets/stock-markets-halt-6-day-rally-nifty-ends-below-26000-mark-on-profit-taking/article70294190.ece
2025-12-03,"Sensex , Nifty settle lower amid weakening rupee , FII outflow",https://www.ibtimes.co.in/sensex-nifty-settle-lower-amid-weakening-rupee-fii-outflow-893522
2025-12-02,Indian Shares Follow Global Peers Lower ; Private Banks Drag,https://www.rttnews.com/story.aspx?Id=3600011
2025-12-02,Indian Shares Follow Global Peers Lower ; Private Banks Drag,https://www.rttnews.com/3600011/indian-shares-follow-global-peers-lower-private-banks-drag.aspx
2025-11-04,"Consumer staples companies see stable demand in Q2 FY26 ; GST transition , monsoon weigh on growth : Motilal Oswal",https://www.thehindubusinessline.com/companies/consumer-staples-companies-see-stable-demand-in-q2-fy26-gst-transition-monsoon-weigh-on-growth-motilal-oswal/article70238765.ece
2025-10-26,7 of top 10 firms add Rs 1 . 55 lakh crore in market value,https://ianslive.in/7-of-top-10-firms-add-rs-155-lakh-crore-in-market-value--20251026124901
2025-11-27,"Sensex , Nifty scale record highs on rate cut hopes , foreign fund inflows",https://www.thehindu.com/business/markets/sensex-nifty-scale-record-highs-on-rate-cut-hopes-foreign-fund-inflows/article70330127.ece
2025-11-27,"Sensex , Nifty Hit Record Highs After 14 Months",https://www.deccanchronicle.com/business/market/sensex-nifty-hit-record-highs-after-14-months-1919910
2025-10-13,"Sensex , Nifty slip as global cues turn weak",https://www.prokerala.com/news/articles/a1685365.html
2025-10-13,"Sensex , Nifty Slip As Global Cues Turn Weak",https://www.freepressjournal.in/business/sensex-nifty-slip-as-global-cues-turn-weak
2025-11-10,Stock markets snap three - day decline on buying in IT stocks ; Sensex jumps 319 points,https://www.thehindu.com/business/markets/stock-markets-snap-three-day-decline-on-buying-in-it-stocks-sensex-jumps-319-points/article70262416.ece
2025-11-11,"Stock markets decline in early trade dragged down by Bajaj Finance , foreign fund outflows",https://www.tribuneindia.com/news/business/stock-markets-decline-in-early-trade-dragged-down-by-bajaj-finance-foreign-fund-outflows/
2025-11-11,"Indian stock market continues upward trend as IT , auto stocks lead",https://www.ibtimes.co.in/indian-stock-market-continues-upward-trend-it-auto-stocks-lead-892300
2025-11-14,"Markets Jump After Bihar Results , Did NDA Big Win Lift Sensex & Nifty ? ",https://www.freepressjournal.in/business/markets-swing-wild-amid-bihar-verdict-shockwaves-did-ndas-bihar-sweep-turn-the-tide-for-sensex-nifty
2025-11-28,Sensex Nifty Recover Early Losses Before Q2 GDP Data,https://www.newkerala.com/news/o/sensex-nifty-turn-positive-early-losses-ahead-key-q2-941
2025-10-27,"From Kotak Mahindra Bank , Adani Group , Infosys to IRCON International - Here are 10 stocks to watch - Market News",https://www.financialexpress.com/market/from-kotak-mahindra-bank-adani-group-infosys-to-ircon-international-here-are-10-stocks-to-watch-4022419/
2025-12-15,"Sensex slips 54 points , Nifty 50 ends at 26 , 027 ; mid , small - caps outperform 10 key highlights from Indian stock market",https://www.livemint.com/market/stock-market-news/sensex-slips-54-points-nifty-50-ends-at-26-027-mid-small-caps-outperform-10-key-highlights-from-indian-stock-market-11765792413342.html
2025-12-09,"Stock Markets Tumble In Early Trade Amid Weak Global Cues , FII Outflows",https://www.deccanchronicle.com/business/stock-markets-tumble-in-early-trade-amid-weak-global-cues-fii-outflows-1922616
2025-12-09,"Stock markets tumble in early trade amid weak global cues , FII outflows",https://www.tribuneindia.com/news/business/stock-markets-tumble-in-early-trade-amid-weak-global-cues-fii-outflows/
2025-10-24,"Sensex declines 400 pts from day high , Nifty below 25 , 800 : Profit booking among key factors behind market fall",https://www.moneycontrol.com/news/business/markets/sensex-declines-300-pts-from-day-s-high-nifty-below-25-850-profit-booking-among-key-factors-behind-market-fall-13630093.html
2025-10-24,"Sensex , Nifty open lower amid US - China trade tension",https://www.prokerala.com/news/articles/a1689214.html
2025-10-24,"Sensex , Nifty Snap 6 - Day Winning Streak Amid US - China Trade Probe Concerns",https://www.freepressjournal.in/business/sensex-nifty-snap-6-day-winning-streak-amid-us-china-trade-probe-concerns
2025-12-01,"Sensex and Nifty rally to record highs on hopes of rate cuts , Nifty Bank touches new peak – Firstpost",https://www.firstpost.com/world/nifty-sensex-soar-to-record-highs-on-stronger-than-expected-q2-gdp-growth-of-8-2-13955461.html
2025-11-16,LOreal to raise its India stakes with a large GCC,https://economictimes.indiatimes.com/industry/cons-products/fashion-/-cosmetics-/-jewellery/loreal-to-raise-its-india-stakes-with-a-large-gcc/articleshow/125369335.cms
2025-11-17,"FMCG springs a surprise in Q2 before GST 2 . 0 unboxed ; volumes revive , demand sees resurgence",https://retail.economictimes.indiatimes.com/news/food-entertainment/personal-care-pet-supplies-liquor/fmcg-springs-a-surprise-in-q2-before-gst-2-0-unboxed-volumes-revive-demand-sees-resurgence/125375791
2025-11-17,"LOreal Expands in India with New Global Capability Centre in Hyderabad , ETRetail",https://retail.economictimes.indiatimes.com/news/health-and-beauty/cosmetics-and-fragrances/loreal-to-raise-its-india-stakes-with-a-large-gcc/125375711
