date,headline,url
2020-12-10,Infosys Accelerates Enterprise Modernization Journey to the Cloud with the Infosys Modernization Suite ( 1 ),https://www.europapress.es/comunicados/internacional-00907/noticia-comunicado-infosys-accelerates-enterprise-modernization-journey-to-the-cloud-with-the-infosys-modernization-suite-20201210110928.html
2020-12-10,Infosys Accelerates Enterprise Modernization Journey to the Cloud with the Infosys Modernization Suite,https://www.prnewswire.com:443/news-releases/infosys-accelerates-enterprise-modernization-journey-to-the-cloud-with-the-infosys-modernization-suite-301190183.html
2020-12-10,Infosys Accelerates Enterprise Modernization Journey to the Cloud with the Infosys Modernization Suite,https://www.prnewswire.com/news-releases/infosys-accelerates-enterprise-modernization-journey-to-the-cloud-with-the-infosys-modernization-suite-301190183.html
2020-12-10,Infosys Accelerates Enterprise Modernization Journey to the Cloud with the Infosys Modernization Suite,https://www.asiaone.com/business/infosys-accelerates-enterprise-modernization-journey-cloud-infosys-modernization-suite
2020-10-28,"Infosys turns carbon neutral 30 years ahead of 2050 , the timeline set by the Paris Agreement",https://www.prnewswire.com:443/news-releases/infosys-turns-carbon-neutral-30-years-ahead-of-2050-the-timeline-set-by-the-paris-agreement-301161544.html
2020-10-28,"Infosys turns carbon neutral 30 years ahead of 2050 , the timeline set by the Paris Agreement",https://www.prnewswire.com/in/news-releases/infosys-turns-carbon-neutral-30-years-ahead-of-2050-the-timeline-set-by-the-paris-agreement-820272285.html
2020-12-15,Infosys will thrive and prosper under Salil Parekh : Nandan Nilekani,https://www.timesnownews.com/business-economy/companies/article/infosys-will-thrive-and-prosper-under-salil-parekh-nandan-nilekani/694999
2020-12-10,Infosys Accelerates Enterprise Modernization Journey to the Cloud with the Infosys Modernization Suite,https://apnews.com/press-release/pr-newswire/technology-business-corporate-news-diseases-and-conditions-products-and-services-cee0e79bbe3a4ecd3100e486e2bedef2
2020-10-28,"Infosys turns carbon neutral 30 years ahead of 2050 , the timeline set by the Paris Agreement",https://news.yahoo.com/drone-delivery-canada-announces-successful-113000247.html
2020-12-14,El Paso Water Selects Infosys as its Strategic Partner for Customer Service Transformation,https://www.prnewswire.com:443/news-releases/el-paso-water-selects-infosys-as-its-strategic-partner-for-customer-service-transformation-301191925.html
2020-12-14,El Paso Water Selects Infosys as its Strategic Partner for Customer Service Transformation,https://www.prnewswire.com/news-releases/el-paso-water-selects-infosys-as-its-strategic-partner-for-customer-service-transformation-301191925.html
2020-10-28,"Infosys turns carbon neutral , announces ESG 2030 pledge",https://www.information-age.com/infosys-turns-carbon-neutral-announces-esg-2030-pledge-123492438/
2020-11-17,Infosys and Ellen MacArthur Foundation Partner to Drive Forward Circular Economy ( 1 ),https://www.europapress.es/comunicados/internacional-00907/noticia-comunicado-infosys-and-ellen-macarthur-foundation-partner-to-drive-forward-circular-economy-20201117103130.html
2020-12-10,Infosys Accelerates Enterprise Modernization Journey to the Cloud with the Infosys Modernization Suite,https://www.aninews.in/news/business/business/infosys-accelerates-enterprise-modernization-journey-to-the-cloud-with-the-infosys-modernization-suite20201210155806/
2020-12-10,Infosys Accelerates Enterprise Modernization Journey to the Cloud with the Infosys Modernization Suite,https://www.finanznachrichten.de/nachrichten-2020-12/51473067-infosys-accelerates-enterprise-modernization-journey-to-the-cloud-with-the-infosys-modernization-suite-008.htm
2020-12-11,"Infosys Celebrates Eight Years on NYSE , Achieving Carbon Neutrality , and Announcing its ESG Vision 2030",https://www.prnewswire.com:443/news-releases/infosys-celebrates-eight-years-on-nyse-achieving-carbon-neutrality-and-announcing-its-esg-vision-2030-301191199.html
2020-12-11,"Infosys Celebrates Eight Years on NYSE , Achieving Carbon Neutrality , and Announcing its ESG Vision 2030",https://www.prnewswire.com/news-releases/infosys-celebrates-eight-years-on-nyse-achieving-carbon-neutrality-and-announcing-its-esg-vision-2030-301191199.html
2020-10-29,Infosys turns carbon neutral 30 years ahead of Paris Agreement 2050 timeline,https://economictimes.indiatimes.com/tech/information-tech/infosys-turns-carbon-neutral-30-years-ahead-of-2050/articleshow/78911216.cms
2020-10-28,"Infosys turns carbon neutral 30 years ahead of 2050 , the timeline set by the Paris Agreement",https://www.finanznachrichten.de/nachrichten-2020-10/51077063-infosys-turns-carbon-neutral-30-years-ahead-of-2050-the-timeline-set-by-the-paris-agreement-008.htm
2020-11-17,Infosys and Ellen MacArthur Foundation Partner to Drive Forward Circular Economy,https://www.prnewswire.com/news-releases/infosys-and-ellen-macarthur-foundation-partner-to-drive-forward-circular-economy-301174394.html
2020-11-17,Infosys and Ellen MacArthur Foundation Partner to Drive Forward Circular Economy,https://www.prnewswire.com:443/news-releases/infosys-and-ellen-macarthur-foundation-partner-to-drive-forward-circular-economy-301174394.html
2020-10-28,Infosys news | Infosys becomes carbon neutral ; outlines ESG vision for 2030,https://www.timesnownews.com/business-economy/companies/article/infosys-becomes-carbon-neutral-outlines-esg-vision-for/674076
2020-11-19,"Infosys turns carbon neutral 30 years ahead of 2050 , the timeline set by the Paris Agreement",https://www.prnewswire.co.uk/news-releases/infosys-turns-carbon-neutral-30-years-ahead-of-2050-the-timeline-set-by-the-paris-agreement-820272285.html
2020-11-02,Infosys Positioned as a Leader in the Everest Group ServiceNow Services PEAK Matrix® Assessment 2021 ( 1 ),https://www.europapress.es/comunicados/internacional-00907/noticia-comunicado-infosys-positioned-as-leader-in-the-everest-group-servicenow-services-peak-matrix-assessment-2021-20201102102029.html
2020-12-16,"Salil Parekh : Future of work is hybrid , says Infosys CEO | India Business News",https://timesofindia.indiatimes.com/business/india-business/future-of-work-is-hybrid-says-infosys-ceo/articleshow/79750757.cms
2020-11-17,Infosys and Ellen MacArthur Foundation Partner to Drive Forward Circular Economy,https://www.finanznachrichten.de/nachrichten-2020-11/51264467-infosys-and-ellen-macarthur-foundation-partner-to-drive-forward-circular-economy-008.htm
2020-11-20,ATP and Infosys Extend Digital Innovation Partnership,https://www.finanznachrichten.de/nachrichten-2020-11/51301227-atp-and-infosys-extend-digital-innovation-partnership-008.htm
2020-10-28,"Infosys Says it Has Become Carbon Neutral , Outlines ESG Vision for 2030",https://www.news18.com/news/business/infosys-says-it-has-become-carbon-neutral-outlines-esg-vision-for-2030-3017078.html
2020-10-28,Infosys becomes carbon neutral ; outlines ESG vision for 2030,https://www.newindianexpress.com/business/2020/oct/28/infosys-becomes-carbon-neutral-outlines-esg-vision-for-2030-2216146.html
2020-10-29,Infosys earns carbon neutral tag ; announces ESG vision for 2030,https://www.businesstoday.in/current/corporate/infosys-earns-carbon-neutral-tag-announces-esg-vision-for-2030/story/420266.html
2020-11-20,ATP and Infosys Extend Digital Innovation Partnership,https://www.prnewswire.com:443/news-releases/atp-and-infosys-extend-digital-innovation-partnership-301177898.html
2020-11-20,ATP and Infosys Extend Digital Innovation Partnership,https://www.prnewswire.com/news-releases/atp-and-infosys-extend-digital-innovation-partnership-301177898.html
2020-12-15,Infosys to prefer flexible  hybrid  work model for employees in view of pandemic,https://www.indiatvnews.com/business/news-infosys-to-prefer-flexible-hybrid-work-model-for-employees-in-view-of-pandemic-671657
2020-11-20,"Infosys , ATP extend digital innovation partnership for 3 years",https://www.business-standard.com/article/companies/infosys-atp-extend-digital-innovation-partnership-for-3-years-120112001304_1.html
2020-11-20,"Infosys , ATP renew partnership for 3 more years",https://www.thehindu.com/business/infosys-atp-renew-partnership-for-3-more-years/article33143351.ece
2020-11-20,"Infosys , ATP renew tie - up for 3 more years - The Hindu BusinessLine",https://www.thehindubusinessline.com/companies/infosys-atp-renew-tie-up-for-3-more-years/article33144351.ece
2020-12-11,"Infosys completes 8 years of NYSE listing , to ring closing bell",https://www.financialexpress.com/market/infosys-completes-8-years-of-nyse-listing-to-ring-closing-bell/2148330/
2020-11-02,Infosys Positioned as a Leader in the Everest Group ServiceNow Services PEAK Matrix® Assessment 2021,https://www.asiaone.com/business/infosys-positioned-leader-everest-group-servicenow-services-peak-matrix-assessment-2021
2020-10-21,Buy Infosys ; target of Rs 1319 : Geojit,https://www.moneycontrol.com/news/business/stocks/buy-infosys-target-of-rs-1319-geojit-5990491.html
2020-12-16,Infosys watching developments in Europe as lockdown returns - The Hindu BusinessLine,https://www.thehindubusinessline.com/info-tech/infosys-watching-developments-in-europe-as-lockdown-returns/article33342265.ece
2020-12-15,Infosys has done a terrific job of completely reinventing itself : Nandan Nilekani,https://www.businesstoday.in/current/corporate/infosys-has-done-a-terrific-job-of-completely-reinventing-itself-nandan-nilekani/story/425017.html
2020-11-02,Infosys Positioned as a Leader in the Everest Group ServiceNow Services PEAK Matrix® Assessment 2021,https://www.prnewswire.com:443/news-releases/infosys-positioned-as-a-leader-in-the-everest-group-servicenow-services-peak-matrix-assessment-2021-301164640.html
2020-11-18,NR Narayana Murthy : Covid - 19 vaccines should be free of cost for all : NR Narayana Murthy,https://economictimes.indiatimes.com/tech/tech-bytes/covid-19-vaccines-should-be-free-of-cost-for-all-nr-narayana-murthy/articleshow/79270851.cms
2020-10-28,Infosys completes acquisition of digital service provider Blue Acorn iCi,https://www.business-standard.com/article/companies/infosys-completes-acquisition-of-digital-service-provider-blue-acorn-ici-120102801629_1.html
2020-10-28,"Infosys Completes Acquisition of Award - Winning Digital Customer Experience , Commerce & Analytics Company , Blue Acorn iCi",https://www.europapress.es/comunicados/internacional-00907/noticia-comunicado-infosys-completes-acquisition-of-award-winning-digital-customer-experience-commerce-analytics-company-blue-acorn-ici-20201028133817.html
2020-11-20,ATP and Infosys Extend Digital Innovation Partnership,https://www.prnewswire.co.uk/news-releases/atp-and-infosys-extend-digital-innovation-partnership-842209690.html
2020-11-20,ATP and Infosys Extend Digital Innovation Partnership ( 1 ),https://www.europapress.es/comunicados/internacional-00907/noticia-comunicado-atp-and-infosys-extend-digital-innovation-partnership-20201120104504.html
2020-11-20,Infosys and ATP extend partnership,https://www.business-standard.com/article/news-cm/infosys-and-atp-extend-partnership-120112000866_1.html
2020-10-28,"Infosys Completes Acquisition of Award - Winning Digital Customer Experience , Commerce & Analytics Company , Blue Acorn iCi",https://news.yahoo.com/infosys-completes-acquisition-award-winning-124300609.html
2020-11-20,ATP and Infosys Extend Digital Innovation Partnership,https://www.infosys.com/newsroom/press-releases/2020/extend-digital-innovation-partnership.html
2020-10-28,"Infosys Completes Acquisition of Award - Winning Digital Customer Experience , Commerce & Analytics Company , Blue Acorn iCi",https://www.prnewswire.com:443/news-releases/infosys-completes-acquisition-of-award-winning-digital-customer-experience-commerce--analytics-company-blue-acorn-ici-301161755.html
2020-11-10,Launching Infosys Applied AI : Integrated Offering for Enterprises to Scale and Future - proof AI - powered Transformation ( 1,https://www.europapress.es/comunicados/internacional-00907/noticia-comunicado-launching-infosys-applied-ai-integrated-offering-for-enterprises-to-scale-and-future-proof-ai-powered-transformation-20201110115029.html
2020-11-10,Launching Infosys Applied AI : Integrated Offering for Enterprises to Scale and Future - proof AI - powered Transformation,https://www.prnewswire.com:443/news-releases/launching-infosys-applied-ai-integrated-offering-for-enterprises-to-scale-and-future-proof-ai-powered-transformation-301169594.html
2020-10-29,Have pipeline of potential acquisitions that well continue to pursue : Infosys CEO Salil Parekh,https://www.moneycontrol.com/news/business/have-pipeline-of-potential-acquisitions-that-well-continue-to-pursue-infosys-ceo-salil-parekh-6035141.html
2020-12-11,"Infosys Completes 8 Years Of NYSE Listing , To Ring Closing Bell",https://www.moneycontrol.com/news/business/infosys-completes-8-years-of-nyse-listing-to-ring-closing-bell-6218871.html
2020-12-02,"Infosys , Rolls - Royce ink strategic partnership deal for aerospace engineering in India",https://www.ndtv.com/business/infosys-rolls-royce-ink-strategic-partnership-deal-for-aerospace-engineering-in-india-2333296?pfrom=home-other%20stories-71219
2020-12-02,"Infosys , Rolls - Royce ink strategic partnership deal for aerospace engineering in India",https://www.ndtv.com/business/infosys-rolls-royce-ink-strategic-partnership-deal-for-aerospace-engineering-in-india-2333296
2020-11-02,Infosys Positioned as a Leader in the Everest Group ServiceNow Services PEAK Matrix Assessment 2021,https://www.finanznachrichten.de/nachrichten-2020-11/51120298-infosys-positioned-as-a-leader-in-the-everest-group-servicenow-services-peak-matrix-assessment-2021-008.htm
2020-11-11,"Infosys Launches Live Enterprise Application Management Platform to Deliver Cloud - Powered , Cognitive - First Managed Services for IT Operations",https://news.yahoo.com/infosys-launches-live-enterprise-application-114300245.html
2020-10-15,Infosys Q2 results : Infosys outperforms TCS ; will the valuation gap narrow ?,https://www.timesnownews.com/business-economy/companies/article/infosys-q2-results-infosys-outperforms-tcs-will-the-valuation-gap-narrow/667615
2020-12-18,Infosys divests part of its stake in Whoop for USD 10 million,https://economictimes.indiatimes.com/tech/information-tech/infosys-divests-part-of-its-stake-in-whoop-for-usd-10-million/articleshow/79802374.cms
2020-12-19,Infosys divests part of its stake in Whoop for USD 10 million,https://economictimes.indiatimes.com/markets/stocks/news/infosys-divests-part-of-its-stake-in-whoop-for-usd-10-million/articleshow/79809151.cms
2020-12-18,Infosys Divests Part Of Its Stake In Whoop For $10 Million,https://www.moneycontrol.com/news/business/infosys-divests-part-of-its-stake-in-whoop-for-10-million-6245791.html
2020-11-11,"Infosys Launches Live Enterprise Application Management Platform to Deliver Cloud - Powered , Cognitive - First Managed Services for IT Operations",https://www.prnewswire.com:443/news-releases/infosys-launches-live-enterprise-application-management-platform-to-deliver-cloud-powered-cognitive-first-managed-services-for-it-operations-301170839.html
2020-11-11,"Infosys Launches Live Enterprise Application Management Platform to Deliver Cloud - Powered , Cognitive - First Managed Services for IT Operations",https://www.prnewswire.com/news-releases/infosys-launches-live-enterprise-application-management-platform-to-deliver-cloud-powered-cognitive-first-managed-services-for-it-operations-301170839.html
2020-12-03,"Infosys Prize 2020 : Harvard , Stanford , MIT , IISc Scholars Among Winners",https://www.ndtv.com/education/infosys-prize-2020-harvard-stanford-mit-iisc-scholars-among-winners
2020-11-23,"Infosys gains 4 %, nears record high amid report Co may win Daimler deal",https://www.business-standard.com/article/markets/infosys-gains-4-nears-record-high-on-front-runner-for-dailmer-deal-report-120112300607_1.html
2020-10-28,"Infosys Completes Acquisition of Award - Winning Digital Customer Experience , Commerce & Analytics Company , Blue Acorn iCi",https://www.finanznachrichten.de/nachrichten-2020-10/51079261-infosys-completes-acquisition-of-award-winning-digital-customer-experience-commerce-analytics-company-blue-acorn-ici-008.htm
2020-11-05,Infosys turns carbon neutral 30 years ahead of 2050 timeline,https://www.livemint.com/companies/news/infosys-turns-carbon-neutral-30-years-ahead-of-2050-timeline-11603883751504.html
2020-11-23,Infosys likely to win $1 . 3 billion Daimler deal,https://timesofindia.indiatimes.com/business/india-business/infosys-likely-to-win-1-3-billion-daimler-deal/articleshow/79360740.cms
2020-11-04,"Infosys turns carbon neutral 30 years ahead of 2050 , the timeline set by the Paris Agreement",https://www.prnewswire.com/news-releases/infosys-turns-carbon-neutral-30-years-ahead-of-2050-the-timeline-set-by-the-paris-agreement-301161544.html
2020-11-10,Launching Infosys Applied AI : Integrated Offering for Enterprises to Scale and Future - proof AI - powered Transformation,https://www.finanznachrichten.de/nachrichten-2020-11/51200547-launching-infosys-applied-ai-integrated-offering-for-enterprises-to-scale-and-future-proof-ai-powered-transformation-008.htm
2020-11-11,"Infosys Launches Live Enterprise Application Management Platform to Deliver Cloud - Powered , Cognitive - First Managed Services for IT Operations",https://www.business-standard.com/content/press-releases-ani/infosys-launches-live-enterprise-application-management-platform-to-deliver-cloud-powered-cognitive-first-managed-services-for-it-operations-120111101533_1.html
2020-11-18,Accumulate Infosys ; target of Rs 1270 : Dolat Capital Market,https://www.moneycontrol.com/news/business/stocks/accumulate-infosys-target-of-rs-1270-dolat-capital-market-2-6119671.html
2020-12-16,Infosy deal momentum is steady and strong despite seasonality : Salil Parekh,https://www.livemint.com/companies/news/infosys-deal-momentum-is-steady-and-strong-despite-seasonality-salil-parekh-11608026295204.html
2020-12-02,"Infosys , Rolls - Royce ink strategic partnership for aerospace engineering in India",https://www.indiatvnews.com/business/news-infosys-rolls-royce-ink-strategic-partnership-for-aerospace-engineering-in-india-668790
2020-12-16,COVID - 19 impact : Infosys to prefer flexible  hybrid  work model for employees,https://www.businesstoday.in/current/corporate/covid-19-impact-infosys-to-prefer-flexible-hybrid-work-model-for-employees/story/425142.html
2020-11-02,Infosys Positioned as a Leader in the Everest Group ServiceNow Services PEAK Matrix® Assessment 2021,https://it.notizie.yahoo.com/infosys-positioned-leader-everest-group-092011089.html
2020-11-03,Infosys InStep Ranked as the  Best Internship Program  Three Years in a Row ( 1 ),https://www.europapress.es/comunicados/internacional-00907/noticia-comunicado-infosys-instep-ranked-as-the-best-internship-program-three-years-in-row-20201103101232.html
2020-12-02,Infosys Science Foundation Awards Infosys Prize 2020 Winners in Six Categories,https://www.infosys.com/newsroom/press-releases/2020/isf-awards-winners-infosys-prize-2020.html
2020-11-05,Infosys Helps Citizens Energy Group Enhance Customer Experience and Billing,https://www.prnewswire.com/news-releases/infosys-helps-citizens-energy-group-enhance-customer-experience-and-billing-301166944.html
2020-11-05,Infosys Helps Citizens Energy Group Enhance Customer Experience and Billing,https://www.prnewswire.com:443/news-releases/infosys-helps-citizens-energy-group-enhance-customer-experience-and-billing-301166944.html
2020-12-16,Leading With Innovation,http://www.businessworld.in/article/Leading-With-Innovation/16-12-2020-354242/
2020-10-15,Sudha Murty to continue as Infosys Foundation Chairperson till 2021 - end,https://www.businesstoday.in/current/economy-politics/sudha-murty-to-continue-as-infosys-foundation-chairperson-till-2021-end/story/419000.html
2020-11-11,"Infosys Launches Live Enterprise Application Management Platform to Deliver Cloud - Powered , Cognitive - First Managed Servi",https://www.europapress.es/comunicados/internacional-00907/noticia-comunicado-infosys-launches-live-enterprise-application-management-platform-to-deliver-cloud-powered-cognitive-first-managed-servi-20201111122950.html
2020-11-10,Infosys Rolls Out Infosys Applied AI,https://www.finanznachrichten.de/nachrichten-2020-11/51200751-infosys-rolls-out-infosys-applied-ai-020.htm
2020-12-02,"Rolls - Royce , Infosys announce strategic partnership for aerospace engineering",https://www.businesstoday.in/current/corporate/rolls-royce-infosys-announce-strategic-partnership-for-aerospace-engineering/story/423649.html
2020-12-02,Rolls - Royce and Infosys Announce Strategic Partnership for Aerospace Engineering in India,https://www.prnewswire.com/news-releases/rolls-royce-and-infosys-announce-strategic-partnership-for-aerospace-engineering-in-india-301183344.html
2020-12-02,Rolls - Royce and Infosys Announce Strategic Partnership for Aerospace Engineering in India,https://www.prnewswire.com:443/news-releases/rolls-royce-and-infosys-announce-strategic-partnership-for-aerospace-engineering-in-india-301183344.html
2020-11-03,Infosys InStep Ranked as the  Best Internship Program  Three Years in a Row,https://news.yahoo.com/caj-alberta-press-gallery-duty-161600800.html
2020-11-03,Infosys InStep Ranked as the  Best Internship Program  Three Years in a Row,https://news.yahoo.com/infosys-instep-ranked-best-internship-090900969.html
2020-11-11,"Infosys Launches Live Enterprise Application Management Platform to Deliver Cloud - Powered , Cognitive - First Managed Services for IT Operations",https://news.yahoo.com/infosys-launches-live-enterprise-application-112800665.html
2020-10-13,"Infosys shares 52 - week high , infosys shares latest news , infosys share price , infosys share price today , infosys latest",https://www.indiatvnews.com/business/news-infosys-shares-hit-52-week-high-details-656532
2020-12-02,Rolls - Royce and Infosys Announce Strategic Partnership for Aerospace Engineering in India,https://www.asiaone.com/business/rolls-royce-and-infosys-announce-strategic-partnership-aerospace-engineering-india
2020-12-02,Rolls - Royce and Infosys sign deal,https://www.telegraphindia.com/business/rolls-royce-and-infosys-sign-deal/cid/1799372
2020-11-11,"Infosys Launches Live Enterprise Application Management Platform to Deliver Cloud - Powered , Cognitive - First Managed Services for IT Operations",https://www.finanznachrichten.de/nachrichten-2020-11/51213764-infosys-launches-live-enterprise-application-management-platform-to-deliver-cloud-powered-cognitive-first-managed-services-for-it-operations-008.htm
2020-11-15,"We are close to 63 % visa - independent in US ; over 50 % in Europe , Australia - New Zealand : Infosys",https://www.moneycontrol.com/news/business/we-are-close-to-63-visa-independent-in-us-over-50-in-europe-australia-new-zealand-infosys-6121241.html
2020-11-15,"Company Close to 63 % Visa - independent in US , Over 50 % in Europe and Australia - New Zealand : Infosys",https://www.news18.com/news/business/company-close-to-63-visa-independent-in-us-over-50-in-europe-and-australia-new-zealand-infosys-3082091.html
2020-11-27,Hubballi Calling  launched - The Hindu,https://www.thehindu.com/news/national/karnataka/hubballi-calling-launched/article33197374.ece
2020-12-02,"Infosys , Rolls - Royce ink strategic partnership for aerospace engineering in India",https://www.hindustantimes.com/business-news/infosys-rolls-royce-ink-strategic-partnership-for-aerospace-engineering-in-india/story-JBNcwz9VmzfDcwZ0kHKqlM.html
2020-10-18,Which stock is your best bet among the top four IT services companies ?,https://www.thehindubusinessline.com/portfolio/stock-fundamental-analysis-india/which-stock-is-your-best-bet-among-the-top-four-it-services-companies/article32886370.ece
2020-11-03,Infosys InStep Ranked as the  Best Internship Program  Three Years in a Row,https://news.yahoo.com/infosys-instep-ranked-best-internship-093100922.html
2020-12-02,"Infosys , Rolls - Royce ink strategic partnership for aerospace engineering in India",https://www.moneycontrol.com/news/business/infosys-rolls-royce-ink-strategic-partnership-for-aerospace-engineering-in-india-6179911.html
2020-11-05,"Infosys turns carbon neutral 30 years ahead of 2050 , the timeline set by the Paris Agreement",https://www.newswire.ca/news-releases/infosys-turns-carbon-neutral-30-years-ahead-of-2050-the-timeline-set-by-the-paris-agreement-838192997.html
2020-11-05,Infosys Helps Citizens Energy Group Enhance Customer Experience and Billing,https://news.yahoo.com/shareholder-alert-pomerantz-law-firm-232700173.html
2020-12-15,Three Indian American Researchers Among 2020 Infosys Prize Winners,https://www.indiawest.com/news/global_indian/three-indian-american-researchers-among-2020-infosys-prize-winners/article_a310399e-3e53-11eb-9bc3-7b116d62d91d.html
2020-12-02,Improving Digital Learning Experiences for People with Disability,https://www.infosys.com/newsroom/press-releases/2020/improving-digital-learning-experiences.html
2020-10-28,Infosys says it is now carbon neutral,https://www.thehindu.com/business/infosys-says-it-is-now-carbon-neutral/article32964526.ece
2020-11-03,Infosys InStep Ranked as the  Best Internship Program  Three Years in a Row,https://www.finanznachrichten.de/nachrichten-2020-11/51132875-infosys-instep-ranked-as-the-best-internship-program-three-years-in-a-row-008.htm
2020-11-09,"Infosys , ASU partner to enhance end - to - end learning using digital solution",https://asunow.asu.edu/20201109-asu-news-infosys-partner-engineering-enhanced-digital-learning
2020-12-02,"Rolls - Royce , Infosys ink partnership for aerospace engineering in India",https://www.dailyexcelsior.com/rolls-royce-infosys-ink-partnership-for-aerospace-engineering-in-india/
2020-12-02,"Rolls - Royce , Infosys ink partnership for aerospace engineering in India",https://www.dailyexcelsior.com/rolls-royce-infosys-ink-partnership-for-aerospace-engineering-in-india-2/
2020-12-18,"TCS , Infosys , HCL Tech and Wipro are riding on Accenture high",https://www.businessinsider.in/stock-market/news/infosys-hcl-tech-wipro-and-tcs-share-price-surging-based-on-accenture-performance/articleshow/79791422.cms
2020-12-03,"Rolls - Royce , Infosys announce strategic partnership for aerospace engineering in India",https://www.aninews.in/news/business/rolls-royce-infosys-announce-strategic-partnership-for-aerospace-engineering-in-india20201203112003/
2020-12-15,Infosys to prefer flexible  hybrid  work model for employees in view of pandemic,https://economictimes.indiatimes.com/tech/information-tech/infosys-to-prefer-flexible-hybrid-work-model-for-employees-in-view-of-pandemic/articleshow/79744851.cms
2020-12-15,Infosys to prefer flexible  hybrid  work model for employees in view of pandemic,https://economictimes.indiatimes.com/news/company/corporate-trends/infosys-to-prefer-flexible-hybrid-work-model-for-employees-in-view-of-pandemic/articleshow/79744851.cms
2020-12-03,"Rolls Royce , Infosys announce strategic partnership for aerospace engineering in India",https://www.siasat.com/rolls-royce-infosys-announce-strategic-partnership-for-aerospace-engineering-in-india-2037144/
2020-12-02,Six scientists and researchers receive Infosys Prize 2020,https://www.moneycontrol.com/news/business/six-scientists-and-researchers-receive-infosys-prize-2020-6181081.html
2020-12-16,Infosys to prefer flexible  hybrid  work model for employees in view of pandemic,https://yourstory.com:443/2020/12/infosys-prefer-flexible-hybrid-work-model-employees-pandemic
2020-11-03,Infosys InStep Ranked as the  Best Internship Program  Three Years in a Row,https://www.prnewswire.com:443/news-releases/infosys-instep-ranked-as-the-best-internship-program-three-years-in-a-row-301165597.html
2020-11-03,Infosys InStep Ranked as the  Best Internship Program  Three Years in a Row,https://www.prnewswire.com/in/news-releases/infosys-instep-ranked-as-the-best-internship-program-three-years-in-a-row-817863169.html
2020-11-03,Infosys InStep Ranked as the  Best Internship Program  Three Years in a Row,https://www.prnewswire.com/news-releases/infosys-instep-ranked-as-the-best-internship-program-three-years-in-a-row-301165597.html
2020-12-02,Infosys partners Rolls - Royce for aerospace engineering in India,https://www.livemint.com/companies/news/infosys-partners-rolls-royce-for-aerospace-engineering-in-india-11606899061722.html
2020-11-25,AAP to launch  Hubballi Calling  campaign,https://www.thehindu.com/news/national/karnataka/aap-to-launch-hubballi-calling-campaign/article33177645.ece
2020-10-14,"Infosys Q2 Results : Net profit jumps 20 . 5 % YoY , revenue guidance increased",https://economictimes.indiatimes.com/markets/stocks/earnings/infosys-q2-results-net-profit-beats-estimates-revenue-guidance-increased/articleshow/78659634.cms
2020-10-14,Infosys trades off highs ahead of Q2 results ; expect strong revenue growth and FY21 guidance upgrade,https://www.timesnownews.com/business-economy/companies/article/infosys-trades-off-highs-ahead-of-q2-results-expect-strong-revenue-growth-and-fy21-guidance-upgrade/667036
2020-12-16,IT major Infosys reinventing business model to become digital - first company,https://www.newindianexpress.com/business/2020/dec/16/it-major-infosys-reinventing-business-model-to-become-digital-first-company-2236911.html
2020-11-08,"Infosys : turns carbon neutral 30 years ahead of 2050 , the timeline set by the Paris Agreement",https://m.marketscreener.com/quote/stock/INFOSYS-LIMITED-56049208/news/Infosys-turns-carbon-neutral-30-years-ahead-of-2050-the-timeline-set-by-the-Paris-Agreement-31628835/
2020-11-26,Genex Infosys now distributor of Siemens software,https://www.thedailystar.net/business/news/genex-infosys-now-distributor-siemens-software-2001813
2020-11-15,"We are close to 63 per cent visa - independent in US ; over 50 per cent in Europe , Australia - New Zealan - The New Indian Express",https://www.newindianexpress.com/business/2020/nov/15/we-are-close-to-63-per-cent-visa-independent-in-us-over-50-per-cent-in-europe-australia-new-zealan-2223806.html
2020-10-13,VanGuard deal will be the highlight of Infosy second - quarter earnings as investors look for a hike in guidance,https://www.businessinsider.in/business/corporates/news/infosys-announce-second-quarter-earnings-on-october-14/articleshow/78640964.cms
2020-12-16,Infosys to prefer flexible  hybrid  work model for employees in view of pandemic,https://www.deccanherald.com/business/business-news/infosys-to-prefer-flexible-hybrid-work-model-for-employees-in-view-of-pandemic-927729.html
2020-10-08,Infosys Named a Global Leader in Digital Process Automation Services,https://www.prnewswire.com/news-releases/infosys-named-a-global-leader-in-digital-process-automation-services-301148467.html
2020-10-08,Infosys Named a Global Leader in Digital Process Automation Services,https://www.prnewswire.com:443/news-releases/infosys-named-a-global-leader-in-digital-process-automation-services-301148467.html
2020-12-10,Infosys launches Infosys Modernization Suite,https://www.business-standard.com/article/news-cm/infosys-launches-infosys-modernization-suite-120121000782_1.html
2020-11-25,Are You Holding Copycat Equity Schemes ?,https://www.moneylife.in/article/are-you-holding-copycat-equity-schemes/62183.html
2020-12-02,"NEP will trigger  proactive thinking , problem - solving  culture : Narayana Murthy",https://www.thehindu.com/business/nep-will-trigger-proactive-thinking-problem-solving-culture-narayana-murthy/article33233613.ece
2020-12-02,"Infosys : Rolls - Royce , Infosys announce strategic partnership for aerospace engineering in India",https://economictimes.indiatimes.com/tech/information-tech/rolls-royce-infosys-announce-strategic-partnership-for-aerospace-engineering-in-india/articleshow/79526097.cms
2020-10-14,"Infosys Q2 net profit up 20 . 5 % at Rs 4 , 845 crore ; raises revenue forecast for FY21",https://indianexpress.com/article/business/companies/infosys-september-quarter-q2-earnings-profit-6724940/
2020-11-15,We are close to 63 % visa - independent in US : Infosys,https://www.livemint.com/companies/news/we-are-close-to-63-visa-independent-in-us-over-50-in-europe-australia-new-zealand-infosys-11605429711168.html
2020-12-11,Infosys helped Syngenta become truly agile in SAP,https://www.infosys.com/services/sap/success-stories/mission-transform.html
2020-10-05,"Infosys Completes Acquisition of GuideVision , a Leading ServiceNow Elite Partner in Europe",https://news.yahoo.com/infosys-completes-acquisition-guidevision-leading-074200361.html
2020-12-23,Analyst Corner : Double - digit revenue growth seen for Infosys in FY22 & beyond,https://www.financialexpress.com/market/analyst-corner-double-digit-revenue-growth-seen-for-infy-in-fy22-beyond/2156277/
2020-10-15,"Indian IT companies report strong profit growth , what are the factors leading to IT earnings turnaround ?",https://www.timesnownews.com/business-economy/companies/article/indian-it-companies-report-strong-profit-growth-what-are-the-factors-leading-to-it-earnings-turnaround/667878
2020-10-14,"Infosys Q2 net profit up 20 . 5 pc at Rs 4 , 845 cr ; raises revenue forecast for FY21",https://www.indiatvnews.com/business/news-infosys-q2-net-profit-up-20-5-pc-at-rs-4-845-cr-raises-revenue-forecast-for-fy21-656912
2020-11-28,NRN son - in - law Sunak in row over not declaring wife wealth in united kingdom ministerial register : Report,https://www.prokerala.com/news/articles/a1106546.html
2020-12-11,"Infosys completes 8 years of NYSE listing , to ring closing bell",https://www.business-standard.com/article/markets/infosys-completes-8-years-of-nyse-listing-to-ring-closing-bell-120121101410_1.html
2020-10-14,Infosys share falls 2 % ahead of Q2 earnings - Business News,https://www.businesstoday.in/markets/company-stock/infosys-share-falls-q2-earnings-revenue-net-profit/story/418858.html
2020-11-08,Infosys hits carbon target 30 yrs early,https://www.livemint.com/companies/news/infosys-hits-carbon-target-30-yrs-early-11603930725948.html
2020-12-02,Rolls - Royce and Infosys Announce Strategic Partnership for Aerospace Engineering in India,https://www.finanznachrichten.de/nachrichten-2020-12/51397223-rolls-royce-and-infosys-announce-strategic-partnership-for-aerospace-engineering-in-india-008.htm
2020-12-27,"Six of top - 10 most valued firms add Rs 60 , 198 crore in m - cap ; Infosys , TCS biggest gainers",https://www.timesnownews.com/business-economy/markets/article/six-of-top-10-most-valued-firms-add-rs-60198-crore-in-m-cap-infosys-tcs-biggest-gainers/699659
2020-12-22,Infosys wins $3 . 2 billion contract from Daimler,https://timesofindia.indiatimes.com/business/india-business/infosys-wins-3-2-billion-contract-from-daimler/articleshow/79878987.cms
2020-12-27,"Infosys , TCS lead 6 of 10 most valued firms to add Rs 60 , 198 cr in m - cap",https://www.financialexpress.com/market/infosys-tcs-lead-6-of-10-most-valued-firms-to-add-rs-60198-cr-in-m-cap/2158237/
2020-12-09,"[ EXCLUSIVE ] 98 % of TCS , Infosys , Wipro employees to continue to work from home till March 2021",https://www.timesnownews.com/business-economy/companies/article/exclusive-98-of-tcs-infosys-wipro-employees-to-continue-to-work-from-home-till-march/692502
2020-11-12,Infosys becomes carbon neutral ; outlines ESG vision for 2030,https://www.deccanherald.com/business/business-news/infosys-becomes-carbon-neutral-outlines-esg-vision-for-2030-908311.html
2020-11-28,NRN son - in - law Sunak in row over not declaring wife wealth in united kingdom ministerial register : Report,http://www.daijiworld.com/news/newsDisplay.aspx?newsID=776148
2020-10-15,"Infosys shares price | Infosys shares hit record high post Q2 beat , market cap touches Rs 5 lakh crore",https://www.timesnownews.com/business-economy/markets/article/infosys-shares-hit-record-high-post-q2-beat-market-cap-touches-rs-5-lakh-crore/667502
2020-12-23,Daimler joins hands with India Infosys | Auto - news – Gulf News,https://gulfnews.com/auto/news/daimler-joins-hands-with-indias-infosys-1.1608706720386
2020-10-05,"Infosys Completes Acquisition of GuideVision , a Leading ServiceNow Elite Partner in Europe",https://www.prnewswire.com/news-releases/infosys-completes-acquisition-of-guidevision-a-leading-servicenow-elite-partner-in-europe-301145453.html
2020-10-05,"Infosys Completes Acquisition of GuideVision , a Leading ServiceNow Elite Partner in Europe",https://www.prnewswire.com:443/news-releases/infosys-completes-acquisition-of-guidevision-a-leading-servicenow-elite-partner-in-europe-301145453.html
2020-10-28,Infosys Ltd drops for fifth straight session,https://www.business-standard.com/article/news-cm/infosys-ltd-drops-for-fifth-straight-session-120102800708_1.html
2020-12-02,"Rolls - Royce , Infosys enter partnership for sourcing engineering , R & D services",https://www.thehindu.com/business/Industry/rolls-royce-infosys-enter-partnership-for-sourcing-engineering-rd-services/article33229921.ece
2020-12-02,Rolls - Royce partners Infosys for engineering,https://www.thehindu.com/business/rolls-royce-partners-infosys-for-engineering/article33234342.ece
2020-12-23,"Infosys Share Price news : Infosys Hits Record High , Surges Over 100 % From Lows Hit In March",https://www.ndtv.com/business/infosys-share-price-news-infosys-hits-record-high-surges-over-100-from-lows-hit-in-march-2342488
2020-10-14,"Infosys to reinstate wage hikes , promotions and hiring will impact margins over the next six months",https://www.businessinsider.in/careers/news/infosys-to-reinstate-wage-hikes-promotions-and-hiring-will-impact-margins-over-the-next-six-months/articleshow/78660576.cms
2020-12-23,Daimler Partners With Infosys to Bolster Cloud - powered Innovation and IT Infrastructure in Auto Sector,https://www.news18.com/news/auto/daimler-partners-with-infosys-to-bolster-cloud-powered-innovation-and-it-infrastructure-in-auto-sector-3206285.html
2020-12-17,People Digest : Indonesia  CoHive names new CEO ; Prasad Thrikutam joins India True North,https://www.dealstreetasia.com/stories/cohive-thrikutam-true-north-220250/
2020-10-07,Mobile Health AG Selects Infosys for its Commercial Launch of Consilium Care™,https://www.prnewswire.com/in/news-releases/mobile-health-ag-selects-infosys-for-its-commercial-launch-of-consilium-care-tm--855993408.html
2020-10-15,Sudha Murty to Bid Adieu to Infosys Foundation in December 2021 After Her Term is Extended,https://www.news18.com/news/india/sudha-murty-to-bid-adieu-to-infosys-foundation-in-december-2021-after-her-term-was-extended-2968745.html
2020-10-08,Infosys Named a Global Leader in Digital Process Automation Services,https://www.europapress.es/comunicados/internacional-00907/noticia-comunicado-infosys-named-global-leader-in-digital-process-automation-services-20201008120700.html
2020-10-21,IT deal momentum picks up sharply - Times of India,https://timesofindia.indiatimes.com/business/india-business/it-deal-momentum-picks-up-sharply/articleshow/78782403.cms
2020-12-24,"Infosys rallies on $3 billion Daimler deal , mcap crosses $70 billion",https://timesofindia.indiatimes.com/business/india-business/infy-rallies-on-3bn-daimler-deal-mcap-crosses-70bn/articleshow/79931403.cms
2020-12-22,"Infosys wins a billion dollar deal from Daimler , its second mega - deal in a pandemic year",https://www.timesnownews.com/business-economy/companies/article/infosys-wins-a-billion-dollar-deal-from-daimler-its-second-mega-deal-in-a-pandemic-year/697745
2020-10-14,"Infosys Q2 net profit up 20 . 5 % at Rs 4 , 845 crore",https://www.rediff.com/business/report/tech-infosys-q2-net-profit-up-205-at-rs-4845-crore/20201014.htm
2020-12-15,Covid accelerated digital trend : Nandan Nilekani,https://timesofindia.indiatimes.com/business/india-business/covid-accelerated-digital-trend-nandan-nilekani/articleshow/79740933.cms
2020-10-14,"Infosys Q2 net profit up 20 . 5 % at Rs 4 , 845 crore ; raises revenue forecast for FY21",https://www.hindustantimes.com/business-news/infosys-q2-net-profit-up-20-5-at-rs-4-845-crore-raises-revenue-forecast-for-fy21/story-PRqCQdyKFbz4ZzsyTLzOGO.html
2020-12-23,"Infosys , Wipro win multi - billion dollar deals with German firms",https://www.msn.com/en-in/money/news/infosys-wipro-win-multi-billion-dollar-deals-with-german-firms/ar-BB1cacPU
2020-12-03,"New education policy will aid in problem - solving , critical thinking",https://economictimes.indiatimes.com/tech/tech-bytes/new-education-policy-will-aid-in-problem-solving-critical-thinking/articleshow/79540346.cms
2020-12-02,New Education Policy will trigger problem - solving culture  - The Hindu BusinessLine,https://www.thehindubusinessline.com/news/national/new-education-policy-will-trigger-problem-solving-culture/article33233460.ece
2020-10-13,"Infosys share hits all - time high ahead of Q2 earnings , market cap nears Rs 5 lakh crore",https://www.businesstoday.in/markets/company-stock/infosys-share-all-time-high-q2-earnings-market-capitalisation-infosys/story/418737.html
2020-10-14,Infosys to roll out salary hikes from Jan 2021 ; pay special incentive to junior staff,https://indianexpress.com/article/business/companies/infosys-to-roll-out-salary-hikes-from-jan-2021-pay-special-incentive-to-junior-staff-6725236/
2020-11-18,Our strategy to focus on core strengths has paid off : Infosys COO,https://www.thehindubusinessline.com/info-tech/our-strategy-to-focus-on-core-strengths-has-paid-off-infosys-coo/article33127155.ece
2020-12-22,Daimler to help Infosys bolster its automotive biz,https://www.prokerala.com/news/articles/a1114285.html
2020-10-14,Infosys to roll out salary hikes from Jan 2021 ; pay special incentive to junior staff,https://www.indiatvnews.com/business/news-infosys-salary-hike-promotions-from-january-2021-special-incentive-to-junior-staff-656915
2020-12-02,"Future of India is bright and promising , lot of good things happening : Infosys founder NR Narayana Murthy",https://www.timesnownews.com/business-economy/companies/article/future-of-india-is-bright-and-promising-lot-of-good-things-happening-infosys-founder-nr-narayana-murthy/689629
2020-10-07,Mobile Health AG Selects Infosys for its Commercial Launch of Consilium Care™,https://www.prnewswire.com/news-releases/mobile-health-ag-selects-infosys-for-its-commercial-launch-of-consilium-care-301147465.html
2020-10-07,Mobile Health AG Selects Infosys for its Commercial Launch of Consilium Care™,https://www.prnewswire.com:443/news-releases/mobile-health-ag-selects-infosys-for-its-commercial-launch-of-consilium-care-301147465.html
2020-12-02,"Rolls - Royce , Infosys enter into partnership for aerospace engineering in India",https://www.prokerala.com/news/articles/a1107748.html
2020-10-08,Infosys to acquire Blue Acorn iCi for up to $125M,https://www.prokerala.com/news/articles/a1090026.html
2020-12-23,"Infosys , Wipro win multi - billion dollar deals from German firms",https://www.businesstoday.in/current/corporate/infosys-wipro-win-multi-billion-dollar-deals-from-german-firms-daimler-ag-metro-ag/story/425749.html
2020-10-14,Infosys net profit jumps 20 % - Telegraph India,https://www.telegraphindia.com/business/infosys-net-profit-jumps-20/cid/1794757
2020-10-08,Infosys to acquire Blue Acorn iCi for up to $125M,https://www.freepressjournal.in/business/infosys-to-acquire-blue-acorn-ici-for-up-to-125m
2020-11-09,Infosys : Arizona State University Partner to Enhance End - to - End Learning Using Digital Solutions,https://www.marketscreener.com/quote/stock/INFOSYS-LIMITED-9743342/news/Infosys-Arizona-State-University-Partner-to-Enhance-End-to-End-Learning-Using-Digital-Solutions-31724660/
2020-10-05,"Infosys Completes Acquisition of GuideVision , a Leading ServiceNow Elite Partner in Europe",https://www.europapress.es/comunicados/internacional-00907/noticia-comunicado-infosys-completes-acquisition-of-guidevision-leading-servicenow-elite-partner-in-europe-20201005090034.html
2020-10-08,Infosys Named a Global Leader in Digital Process Automation Services,https://news.yahoo.com/infosys-named-global-leader-digital-102300353.html
2020-10-08,Infosys Named a Global Leader in Digital Process Automation Services,https://news.yahoo.com/infosys-named-global-leader-digital-100300969.html
2020-10-08,Infosys Named a Global Leader in Digital Process Automation Services,https://news.yahoo.com/sierra-blanca-estates-fendi-casa-110000971.html
2020-11-24,XacBank Mongolia selects Infosys Finacle for digital transformation,https://www.business-standard.com/article/news-cm/xacbank-mongolia-selects-infosys-finacle-for-digital-transformation-120112400643_1.html
2020-12-22,Daimler to help Infosys bolster its automotive biz,http://www.daijiworld.com/news/newsDisplay.aspx?newsID=784131
2020-10-14,"Infosys to Roll Out Salary Hikes from January 2021 , Pay Special Incentive to Junior Staff",https://www.news18.com/news/business/infosys-to-roll-out-salary-hikes-from-january-2021-pay-special-incentive-to-junior-staff-2964314.html
2020-10-14,"Infosys Salary Hike News : Infosys To Roll Out Salary Hikes , Raises Revenue Forecast",https://www.ndtv.com/business/infosys-salary-hike-news-infosys-to-roll-out-salary-hikes-raises-revenue-forecast-2310139?pfrom=Tech_profit2016
2020-10-14,"Infosys Salary Hike News : Infosys To Roll Out Salary Hikes , Raises Revenue Forecast",https://www.ndtv.com/business/infosys-salary-hike-news-infosys-to-roll-out-salary-hikes-raises-revenue-forecast-2310139
2020-10-14,"Infosys to roll out salary hikes , raises revenue forecast",https://in.reuters.com/article/infosys-results/infosys-to-roll-out-salary-hikes-raises-revenue-forecast-idINKBN26Z1HE
2020-12-02,"Rolls - Royce , Infosys enter into partnership for aerospace engineering in India",http://www.daijiworld.com/news/newsDisplay.aspx?newsID=777376
2020-10-15,Buy Infosys ; target of Rs 1360 : Emkay Global Financial,https://www.moneycontrol.com/news/business/stocks/buy-infosys-target-of-rs-1360-emkay-global-financial-5967861.html
2020-10-07,Mobile Health AG Selects Infosys for its Commercial Launch of Consilium Care ( TM ),https://www.europapress.es/comunicados/internacional-00907/noticia-comunicado-mobile-health-ag-selects-infosys-for-its-commercial-launch-of-consilium-caretm-20201007113209.html
2020-10-14,Infosys second quarter earnings deliver on all fronts led by highest ever deal wins worth $3 . 15 billion raises annual guidance to 2 % to 3 %,https://www.businessinsider.in/business/corporates/news/infosys-second-quarter-earnings-deliver-on-all-fronts-led-by-highest-ever-deal-wins-worth-3-15-billion-raises-guidance-to-2-to-3/articleshow/78659827.cms
2020-12-15,Covid accelerated digital trend : Nilekani,https://www.prokerala.com/news/articles/a1111992.html
2020-10-14,Infosys to roll out salary hikes from January 2021 ; pay special incentive to junior staff,https://www.newindianexpress.com/business/2020/oct/14/infosys-to-roll-out-salary-hikes-from-january-2021-pay-special-incentive-to-junior-staff-2210245.html
2020-12-03,"Rolls - Royce , Infosys enter into partnership for aerospace engineering in India",https://www.siasat.com/rolls-royce-infosys-enter-into-partnership-for-aerospace-engineering-in-india-2037227/
2020-11-24,XacBank Mongolia Selects Infosys Finacle to Power Its Digital Transformation,https://www.businesswire.com/news/home/20201124005450/en/XacBank-Mongolia-Selects-Infosys-Finacle-to-Power-Its-Digital-Transformation
2020-10-08,Infosys Named a Global Leader in Digital Process Automation Services,https://www.finanznachrichten.de/nachrichten-2020-10/50906657-infosys-named-a-global-leader-in-digital-process-automation-services-008.htm
2020-10-14,"India Infosys sees profits jump nearly 21 %, offers pay hikes",https://www.freemalaysiatoday.com/category/business/2020/10/14/indias-infosys-sees-profits-jump-nearly-21-offers-pay-hikes/
2020-10-05,"Infosys Completes Acquisition of GuideVision , a Leading ServiceNow Elite Partner in Europe",https://news.yahoo.com/infosys-completes-acquisition-guidevision-leading-065300697.html
2020-10-08,Infosys To Acquire US - Based Analytics Company Blue Acorn iCi For $125 Million,https://swarajyamag.com/insta/infosys-to-acquire-us-based-analytics-company-blue-acorn-ici-for-125-million
2020-12-03,"Cloud , Cybersecurity , and Modernization Will Power Digital Business Models and Increased IT Spending , say Global 2000 Executives : Infosys",https://www.adnkronos.com/immediapress/ict/2020/12/03/cloud-cybersecurity-and-modernization-will-power-digital-business-models-and-increased-spending-say-global-executives-infosys-hfs-research_Bnr4Y39I3zlvG54NDJaSSI.html
2020-12-15,Covid accelerated digital trend : Nilekani - Daijiworld . com,http://www.daijiworld.com/news/newsDisplay.aspx?newsID=781756
2020-10-14,Infosys to roll out salary hikes from Jan 2021 ; pay special incentive to junior staff,https://www.hindustantimes.com/business-news/infosys-to-roll-out-salary-hikes-from-jan-2021-pay-special-incentive-to-junior-staff/story-jnF7Aq1Sp14cSORnRMNoqI.html
2020-10-08,Infosys to acquire US - based data analytics company for $125 million deal expected to close in third quarter,https://www.businessinsider.in/business/corporates/news/infosys-to-acquire-us-based-data-analytics-company-for-125-million-deal-expected-to-close-in-third-quarter/articleshow/78551010.cms
2020-12-23,Infosys shares at record high after winning billion dollar deal from Daimler AG,https://www.indiatvnews.com/business/markets-infosys-shares-2-per-cent-record-high-at-bse-after-winning-billion-dollar-deal-from-daimler-ag-673356
2020-12-22,"Infosys , Daimler partner for IT infra transformation",https://timesofindia.indiatimes.com/business/india-business/infosys-daimler-partner-for-it-infra-transformation/articleshow/79875877.cms
2020-10-08,Infosys Named a Global Leader in Digital Process Automation Services,http://www.uniindia.com/infosys-named-a-global-leader-in-digital-process-automation-services/business-economy/news/2192433.html
2020-10-08,Infosys To Acquire Blue Acorn ICi,https://www.finanznachrichten.de/nachrichten-2020-10/50904441-infosys-to-acquire-blue-acorn-ici-020.htm
2020-12-15,Infosys open to work with stakeholders for vaccine management solution,https://www.business-standard.com/article/companies/infosys-open-to-work-with-stakeholders-for-vaccine-management-solution-120121500965_1.html
2020-10-07,Infosys Announces Automated Data Science Platform to Support Public Health Agencies,https://www.prnewswire.com/news-releases/infosys-announces-automated-data-science-platform-to-support-public-health-agencies-301147848.html
2020-10-07,Infosys Announces Automated Data Science Platform to Support Public Health Agencies,https://www.prnewswire.com:443/news-releases/infosys-announces-automated-data-science-platform-to-support-public-health-agencies-301147848.html
2020-12-02,"Rolls - Royce , Infosys enter into partnership for aerospace engineering in India",https://www.siliconindia.com/news/general/rollsroyce-infosys-enter-into-partnership-for-aerospace-engineering-in-india-nid-214758-cid-1.html
2020-10-14,Infosys to roll out salary hikes from Jan 2021 ; pay special incentive to junior staff,https://www.financialexpress.com/industry/infosys-to-roll-out-salary-hikes-from-jan-2021-pay-special-incentive-to-junior-staff/2105649/
2020-10-14,Infosys : Growth acceleration accompanied by 3 . 7 % YoY margin expansion ; revenue and margin guidance increased to 2 %- 3 % in cc and 23 %- 24 % respectively,https://news.yahoo.com/infosys-growth-acceleration-accompanied-3-123300370.html
2020-12-22,"Daimler , Infosys Partner On IT Infrastructure Transformation In Automotive Sector",https://www.finanznachrichten.de/nachrichten-2020-12/51577560-daimler-infosys-partner-on-it-infrastructure-transformation-in-automotive-sector-020.htm
2020-12-23,Daimler to help Infosys bolster its automotive biz,https://www.sify.com/finance/daimler-to-help-infosys-bolster-its-automotive-biz-news-topnews-umxgtJaheeidj.html
2020-12-27,"Six of top - 10 most valued firms add Rs 60 , 198 cr in m - cap ; Infosys , TCS biggest gainers",https://economictimes.indiatimes.com/markets/stocks/news/six-of-top-10-most-valued-firms-add-rs-60198-cr-in-m-cap-infosys-tcs-biggest-gainers/articleshow/79974889.cms
2020-12-27,"Six of Top - 10 Most Valued Firms Add Rs 60 , 198 Cr in M - cap ; Infosys , TCS Biggest Gainers",https://www.news18.com/news/business/six-of-top-10-most-valued-firms-add-rs-60198-cr-in-m-cap-infosys-tcs-biggest-gainers-3218327.html
2020-12-23,"Infosys , Wipro , TCS announce large strategic deals since July 2020 indicating strong deal momentum",https://www.timesnownews.com/business-economy/companies/article/infosys-wipro-tcs-announce-large-strategic-deals-since-july-2020-indicating-strong-deal-momentum/698075
2020-12-16,"Infosys cloud , cyber security pays off",https://www.telegraphindia.com/business/infosys-cloud-cyber-security-pays-off/cid/1800660
2020-10-13,Infosys Limited ( NASDAQ : INFY ) - Infosys Earnings Outlook,https://www.benzinga.com/news/earnings/20/10/17885013/infosyss-earnings-outlook
2020-12-22,Infosys announces long - term strategic partnership with Daimler AG,https://www.thehindubusinessline.com/info-tech/infosys-announces-a-long-term-strategic-partnership-with-daimler-ag/article33396816.ece
2020-10-14,"Infosys Earnings News : Infosys reports 14 % rise in profit to Rs 4 , 845 crore in July - September , announces dividend of Rs 12 per share",https://www.ndtv.com/business/infosys-earnings-news-infosys-reports-14-rise-in-profit-to-rs-4-845-crore-in-july-september-announces-dividend-of-rs-12-per-share-2310054
2020-10-14,"Infosys , the country second largest information technology company , Slips 2 % Ahead Of Q2 Earnings",https://www.ndtv.com/business/infosys-the-countrys-second-largest-information-technology-company-slips-2-ahead-of-q2-earnings-2309814?pfrom=Marketss_profit2016
2020-10-14,"Infosys , the country second largest information technology company , Slips 2 % Ahead Of Q2 Earnings",https://www.ndtv.com/business/infosys-the-countrys-second-largest-information-technology-company-slips-2-ahead-of-q2-earnings-2309814
2020-10-05,Infosys completes acquisition of GuideVision in Europe,https://www.aninews.in/news/business/infosys-completes-acquisition-of-guidevision-in-europe20201005122906/
2020-12-27,"6 Firms Added Rs 60 , 198 Cr In Market Capital This Week ; Infosys , TCS Biggest Gainers",https://www.outlookindia.com/website/story/business-news-6-firms-added-rs-60198-cr-in-market-capital-this-week-infosys-tcs-biggest-gainers/368527
2020-10-07,Mobile Health AG Selects Infosys for its Commercial Launch of Consilium Care™,https://news.yahoo.com/mobile-health-ag-selects-infosys-092900035.html
2020-12-18,52 - week low : Stock market update : 3 stocks hit 52 - week lows on NSE,https://economictimes.indiatimes.com/markets/stocks/news/stock-market-update-3-stocks-hit-52-week-lows-on-nse/articleshow/79790755.cms
2020-11-20,Infosy Simplus announces vaccine management solution,https://www.business-standard.com/article/news-cm/infosys-simplus-announces-vaccine-management-solution-120112000274_1.html
2020-10-05,"Infosys Completes Acquisition of GuideVision , a Leading ServiceNow Elite Partner in Europe",https://news.yahoo.com/infosys-completes-acquisition-guidevision-leading-065300536.html
2020-10-14,"Infosys Q2 net profit up 20 . 5 % to Rs 4 , 845 crore ; raises revenue outlook for FY21",https://www.financialexpress.com/market/infosys-q2-net-profit-up-20-5-to-rs-4845-crore-raises-revenue-outlook-for-fy21/2105709/
2020-11-19,Infosy Simplus announces vaccine management solution - The Hindu BusinessLine,https://www.thehindubusinessline.com/info-tech/infosys-simplus-announces-vaccine-management-solution/article33135521.ece
2020-10-05,"Infosys Completes Acquisition of GuideVision , a Leading ServiceNow Elite Partner in Europe",https://apnews.com/press-release/pr-newswire/virus-outbreak-technology-business-corporate-news-diseases-and-conditions-4aabdcadf8e26d30315e13d351f5c041
2020-12-22,"Infosys , Wipro in billion - dollar tech overhaul deals with German firms",https://www.hindustantimes.com/business-news/infosys-wipro-in-billion-dollar-tech-overhaul-deals-with-german-firms/story-86caYvttFfpwmvgZYjKLxH.html
2021-11-18,Infosys Foundation builds a 350 - bed cardiac care unit at Karnataka government - run hospital,https://www.thehindubusinessline.com/news/infosys-foundation-builds-a-350-bed-cardiac-care-unit-at-a-karnataka-government-run-hospital/article37552897.ece
2021-11-17,Infosys commits to provide Salesforce tech jobs for 500 people,https://economictimes.indiatimes.com/jobs/infosys-commits-to-provide-salesforce-tech-jobs-for-500-people/articleshow/87762329.cms
2021-11-01,"Major united kingdom Council selects Infosys , Oracle to modernize critical services",https://www.devdiscourse.com/article/technology/1790447-major-uk-council-selects-infosys-oracle-to-modernize-critical-services
2021-12-01,Infosys InStep ranked as  Best Internship Program  for four consecutive years,https://www.business-standard.com/content/press-releases-ani/infosys-instep-ranked-as-best-internship-program-for-four-consecutive-years-121120101178_1.html
2021-12-01,Infosys InStep Ranked as the  Best Internship Program  for Four Consecutive Years,https://www.prnewswire.com/news-releases/infosys-instep-ranked-as-the-best-internship-program-for-four-consecutive-years-301434784.html
2021-12-01,Infosys InStep Ranked as the  Best Internship Program  for Four Consecutive Years,https://www.prnewswire.com:443/news-releases/infosys-instep-ranked-as-the-best-internship-program-for-four-consecutive-years-301434784.html
2021-11-17,Infosys commits to provide Salesforce tech jobs for 500 people,https://www.business-standard.com/article/companies/infosys-commits-to-provide-salesforce-tech-jobs-for-500-people-121111701056_1.html
2021-12-01,Infosys InStep ranked as  Best Internship Program  for four consecutive years,https://news.webindia123.com/news/Articles/Business/20211201/3865336.html
2021-11-17,Infosys Commits to 3 - Year Investment in Thurgood Marshall College Fund,https://www.prnewswire.com:443/news-releases/infosys-commits-to-3-year-investment-in-thurgood-marshall-college-fund-301426631.html
2021-11-17,Infosys Commits to 3 - Year Investment in Thurgood Marshall College Fund,https://www.prnewswire.com/news-releases/infosys-commits-to-3-year-investment-in-thurgood-marshall-college-fund-301426631.html
2021-11-03,Infosys partners with Shell to market  Shell inventory optimizer  solution,https://www.businesstoday.in/latest/corporate/story/infosys-partners-with-shell-to-market-shell-inventory-optimizer-solution-311261-2021-11-03
2021-11-17,Infosys Cobalt and MIT Technology review insights launch  The Cloud Hub  - a one - stop destination to help enterprises navigate from cloud chaos to clarity,https://www.business-standard.com/content/press-releases-ani/infosys-cobalt-and-mit-technology-review-insights-launch-the-cloud-hub-a-one-stop-destination-to-help-enterprises-navigate-from-cloud-chaos-to-clarity-121111700307_1.html
2021-11-18,Infosys Public Services Helps South Florida Water Management District Transform their ERP Systems with SAP S / 4HANA,https://www.prnewswire.com:443/news-releases/infosys-public-services-helps-south-florida-water-management-district-transform-their-erp-systems-with-sap-s4hana-301428029.html
2021-11-17,Infosys to provide 500 Salesforce tech jobs - The Hindu BusinessLine,https://www.thehindubusinessline.com/companies/infosys-to-provide-500-salesforce-tech-jobs/article37544561.ece
2021-11-03,Infosys Collaborates with Shell to Market Shell Inventory Optimizer Solution,https://www.prnewswire.com:443/news-releases/infosys-collaborates-with-shell-to-market-shell-inventory-optimizer-solution-301415019.html
2021-12-01,Infosys and Proximus Extend Collaboration on IT Application Transformation and Development,https://www.europapress.es/comunicados/internacional-00907/noticia-comunicado-infosys-and-proximus-extend-collaboration-on-it-application-transformation-and-development-20211201124146.html
2021-12-01,Infosys and Proximus Extend Collaboration on IT Application Transformation and Development,https://www.prnewswire.com:443/news-releases/infosys-and-proximus-extend-collaboration-on-it-application-transformation-and-development-301434892.html
2021-12-01,Infosys and Proximus Extend Collaboration on IT Application Transformation and Development,https://www.prnewswire.com/news-releases/infosys-and-proximus-extend-collaboration-on-it-application-transformation-and-development-301434892.html
2021-11-03,Infosys Collaborates with Shell to Market Shell Inventory Optimizer Solution,https://www.finanznachrichten.de/nachrichten-2021-11/54379196-infosys-collaborates-with-shell-to-market-shell-inventory-optimizer-solution-008.htm
2021-11-03,Karnataka CM Bommai to open Infosys facility at Jayadeva heart institute on November 17,https://economictimes.indiatimes.com/news/india/karnataka-cm-bommai-to-open-infosys-facility-at-jayadeva-heart-institute-on-november-13/articleshow/87511517.cms
2021-12-07,Infosys To Become Digital Innovation Partner For FT,https://www.finanznachrichten.de/nachrichten-2021-12/54682587-infosys-to-become-digital-innovation-partner-for-ft-020.htm
2021-10-26,Posten Norge partners with Infosys for digital transformation,https://www.thehindubusinessline.com/info-tech/posten-norge-partners-with-infosys-for-digital-transformation/article37173850.ece
2021-12-01,Infosys and Proximus Extend Collaboration on IT Application Transformation and Development,https://www.notimerica.com/comunicados/noticia-comunicado-infosys-and-proximus-extend-collaboration-on-it-application-transformation-and-development-20211201124147.html
2021-11-03,Infosys Collaborates with Shell to Market Shell Inventory Optimizer Solution,https://www.europapress.es/comunicados/internacional-00907/noticia-comunicado-infosys-collaborates-with-shell-to-market-shell-inventory-optimizer-solution-20211103091624.html
2021-12-08,"Infosys BPM to Create 250 Jobs in Ireland , With a New State - of - the - Art Delivery Center in Waterford",https://www.finanznachrichten.de/nachrichten-2021-12/54694284-infosys-bpm-to-create-250-jobs-in-ireland-with-a-new-state-of-the-art-delivery-center-in-waterford-008.htm
2021-10-27,DCTE signs MoU with Infosys to transform method of learning,https://www.thehindu.com/news/national/karnataka/dcte-signs-mou-with-infosys-to-transform-method-of-learning/article37195992.ece
2021-11-17,Infosys to work with the Thurgood Marshall College Fund,https://www.thehindu.com/business/infosys-to-work-with-the-thurgood-marshall-college-fund/article37547514.ece
2021-11-16,"Infosys , MIT Tech Review tie - up to launch  Cloud Hub  forum - The Hindu BusinessLine",https://www.thehindubusinessline.com/info-tech/infosys-and-mit-tech-review-tie-up-to-jointly-launch-cloud-hub-forum/article37529391.ece
2021-10-26,Posten Norge and Infosys Collaborate to Develop next Generation IT Service Management Capability,https://www.finanznachrichten.de/nachrichten-2021-10/54296868-posten-norge-and-infosys-collaborate-to-develop-next-generation-it-service-management-capability-008.htm
2021-11-17,Infosys Makes New Investment to Prepare American Workforce for Opportunities of Tomorrow ; Commits to Providing Salesforce Technology Jobs as Entry into Digital Careers for 500 Job Seekers by 2022,https://www.prnewswire.com:443/news-releases/infosys-makes-new-investment-to-prepare-american-workforce-for-opportunities-of-tomorrow-commits-to-providing-salesforce-technology-jobs-as-entry-into-digital-careers-for-500-job-seekers-by-2022-301426630.html
2021-11-17,Infosys Makes New Investment to Prepare American Workforce for Opportunities of Tomorrow ; Commits to Providing Salesforce Technology Jobs as Entry into Digital Careers for 500 Job Seekers by 2022,https://www.prnewswire.com/news-releases/infosys-makes-new-investment-to-prepare-american-workforce-for-opportunities-of-tomorrow-commits-to-providing-salesforce-technology-jobs-as-entry-into-digital-careers-for-500-job-seekers-by-2022-301426630.html
2021-11-18,Infosys Public Services Helps South Florida Water Management District Transform their ERP Systems with SAP S / 4HANA,https://ycharts.com/news/story/PRN-C4795-20211118
2021-12-30,"Infosys BPM Recruitment : IT major invites applications from freshers , non - tech graduates can also apply",https://zeenews.india.com/companies/infosys-bpm-recruitment-it-major-invites-applications-from-freshers-non-tech-graduates-can-also-apply-2423950.html
2021-11-26,Infosys vs TCS : How The Two Companies Have Fared In Last Five Years,https://www.ndtv.com/business/infosys-vs-tcs-how-the-two-companies-have-fared-in-last-five-years-2625500
2021-10-28,bp and Infosys to develop  Energy as a Service  Solution for campuses and cities,https://www.business-standard.com/content/press-releases-ani/bp-and-infosys-to-develop-energy-as-a-service-solution-for-campuses-and-cities-121102801712_1.html
2021-11-30,Hebbal Lake camera ban revoked - Star of Mysore,https://starofmysore.com/hebbal-lake-camera-ban-revoked/
2021-12-02,"Climate change , Covid - 19 among key focus areas in this year Infosys Prize",https://www.business-standard.com/article/companies/climate-change-covid-19-among-key-focus-areas-in-this-year-s-infosys-prize-121120201017_1.html
2021-10-26,Posten Norge and Infosys Collaborate to Develop next Generation IT Service Management Capability,https://www.adnkronos.com/posten-norge-and-infosys-collaborate-to-develop-next-generation-it-service-management-capability_2yggcBFuxVeYQhl2QgnzQr
2021-10-28,bp and Infosys to Develop  Energy as a Service  Solution for Campuses and Cities,https://www.europapress.es/comunicados/internacional-00907/noticia-comunicado-bp-and-infosys-to-develop-energy-as-service-solution-for-campuses-and-cities-20211028132329.html
2021-10-29,Karnataka DCTE signs MoU with Infosys to transform method of technical learning,https://www.indiatvnews.com/education/news-karnataka-dcte-signs-mou-with-infosys-to-transform-method-of-technical-learning-742756
2021-11-18,"Infosys Foundation Hebbal Lake , zoo projects launched",https://www.thehindu.com/news/national/karnataka/infosys-foundations-hebbal-lake-zoo-projects-launched/article37565521.ece
2021-12-19,"CSC , Infosys to upskill 6 cr . rural people",https://www.thehindu.com/business/Industry/csc-infosys-to-upskill-6-cr-rural-people/article37991880.ece
2021-11-16,Infosys Cobalt and MIT Technology Review Insights Launch  The Cloud Hub  - A One - Stop Destination to Help Enterprises Na,https://www.europapress.es/comunicados/internacional-00907/noticia-comunicado-infosys-cobalt-and-mit-technology-review-insights-launch-the-cloud-hub-one-stop-destination-to-help-enterprises-na-20211116181858.html
2021-11-03,Infosys collaborates with Shell to market Shell Inventory Optimizer solution,https://www.business-standard.com/article/news-cm/infosys-collaborates-with-shell-to-market-shell-inventory-optimizer-solution-121110300878_1.html
2021-12-19,"CSC , Infosys collaborate to upskill 6 crore students in rural India",https://www.businesstoday.in/industry/it/story/csc-infosys-collaborate-to-upskill-6-crore-students-in-rural-india-316130-2021-12-19
2021-12-07,Financial Times and Infosys Announce Strategic Digital Collaboration to Enhance Immersive Journalism,https://www.finanznachrichten.de/nachrichten-2021-12/54682020-financial-times-and-infosys-announce-strategic-digital-collaboration-to-enhance-immersive-journalism-008.htm
2021-11-03,Infosys Finacle and IBM collaborate to help banks accelerate cloud transformation journeys,https://www.khaleejtimes.com/kt-network/infosys-finacle-and-ibm-collaborate-to-help-banks-accelerate-cloud-transformation
2021-10-21,PM Modi inaugurates 806 - bedded  Infosys Foundation Vishram Sadan  at AIIMS Jhajjar,https://www.businesstoday.in/latest/trends/story/pm-modi-inaugurates-806-bedded-infosys-foundation-vishram-sadan-at-aiims-jhajjar-310023-2021-10-21
2021-11-16,Infosys Cobalt and MIT Technology Review Insights Launch  The Cloud Hub  - A One - Stop Destination to Help Enterprises Navigate from Cloud Chaos to Clarity,https://www.prnewswire.com/news-releases/infosys-cobalt-and-mit-technology-review-insights-launch-the-cloud-hub--a-one-stop-destination-to-help-enterprises-navigate-from-cloud-chaos-to-clarity-301425797.html
2021-11-16,Infosys Cobalt and MIT Technology Review Insights Launch  The Cloud Hub  - A One - Stop Destination to Help Enterprises Navigate from Cloud Chaos to Clarity,https://www.prnewswire.com:443/news-releases/infosys-cobalt-and-mit-technology-review-insights-launch-the-cloud-hub--a-one-stop-destination-to-help-enterprises-navigate-from-cloud-chaos-to-clarity-301425797.html
2021-12-02,ISF announces Infosys Prize 2021 winners - The Hindu BusinessLine,https://www.thehindubusinessline.com/news/variety/isf-announces-infosys-prize-2021-winners/article37810299.ece
2021-11-16,Infosys Cobalt and MIT Technology Review Insights Launch  The Cloud Hub  - A One - Stop Destination to Help Enterprises Navigate from Cloud Chaos to Clarity,https://www.finanznachrichten.de/nachrichten-2021-11/54507867-infosys-cobalt-and-mit-technology-review-insights-launch-the-cloud-hub-a-one-stop-destination-to-help-enterprises-navigate-from-cloud-chaos-to-cla-008.htm
2021-11-17,Bloomberg Media and Infosys Collaboration Powers New  Bloomberg Digital Economy Index  Creating Unique Data and AI - driven Content for Business Leaders,https://www.finanznachrichten.de/nachrichten-2021-11/54516592-bloomberg-media-and-infosys-collaboration-powers-new-bloomberg-digital-economy-index-creating-unique-data-and-ai-driven-content-for-business-leaders-008.htm
2021-11-16,Infosys Cobalt and MIT Technology Review Insights Launch  The Cloud Hub  - A One - Stop Destination to Help Enterprises Na,https://www.notimerica.com/comunicados/noticia-comunicado-infosys-cobalt-and-mit-technology-review-insights-launch-the-cloud-hub-one-stop-destination-to-help-enterprises-na-20211116181859.html
2021-10-26,Posten Norge and Infosys Collaborate to Develop next Generation IT Service Management Capability,https://www.wfmz.com/news/pr_newswire/pr_newswire_business/posten-norge-and-infosys-collaborate-to-develop-next-generation-it-service-management-capability/article_9b237489-f3e1-5bd7-8813-1d2a15ea3898.html
2021-10-26,Posten Norge and Infosys Collaborate to Develop next Generation IT Service Management Capability,https://www.wfmz.com/news/pr_newswire/pr_newswire_stocks/posten-norge-and-infosys-collaborate-to-develop-next-generation-it-service-management-capability/article_9b237489-f3e1-5bd7-8813-1d2a15ea3898.html
2021-10-26,Posten Norge and Infosys Collaborate to Develop next Generation IT Service Management Capability,https://www.prnewswire.com:443/news-releases/posten-norge-and-infosys-collaborate-to-develop-next-generation-it-service-management-capability-301408344.html
2021-10-26,Posten Norge and Infosys Collaborate to Develop next Generation IT Service Management Capability,https://www.prnewswire.com/news-releases/posten-norge-and-infosys-collaborate-to-develop-next-generation-it-service-management-capability-301408344.html
2021-12-19,"Common services centres , Infosys tie up to upskill 6 crore citizens in rural India",https://zeenews.india.com/companies/common-services-centres-infosys-tie-up-to-upskill-6-crore-citizens-in-rural-india-2420731.html
2021-11-30,Infosys to help Daimler attain sustainable mobility,https://www.itpro.co.uk/server-storage/data-centres/361697/infosys-to-help-daimler-attain-sustainable-mobility
2021-12-20,"Infosys , CSC join hands to upskill 6 crore rural citizens ac ...",https://menafn.com/1103406349/Infosys-CSC-join-hands-to-upskill-6-crore-rural-citizens-across-India&source=22
2021-12-08,Infosys BPM to create 250 jobs in Ireland with new delivery center,https://www.thehindubusinessline.com/info-tech/infosys-bpm-to-create-250-jobs-in-ireland-with-new-delivery-center/article37894244.ece
2021-10-28,bp and Infosys to Develop  Energy as a Service  Solution for Campuses and Cities,https://www.adnkronos.com/bp-and-infosys-to-develop-energy-as-a-service-solution-for-campuses-and-cities_3BJI44rtPRpudpl7u19Jt5
2021-10-28,bp and Infosys to Develop  Energy as a Service  Solution for Campuses and Cities,https://www.finanznachrichten.de/nachrichten-2021-10/54327603-bp-and-infosys-to-develop-energy-as-a-service-solution-for-campuses-and-cities-008.htm
2021-12-20,Govt partners with Infosys to train over 6 crore students aged 10 - 22 in digital skills,https://www.bgr.in/news/govt-partners-with-infosys-to-train-over-6-crore-students-aged-10-22-in-digital-skills-1029564/
2021-12-07,Financial Times and Infosys Announce Strategic Digital Collaboration to Enhance Immersive Journalism,https://www.streetinsider.com/PRNewswire/Financial%20Times%20and%20Infosys%20Announce%20Strategic%20Digital%20Collaboration%20to%20Enhance%20Immersive%20Journalism/19316245.html
2021-12-07,Financial Times and Infosys Announce Strategic Digital Collaboration to Enhance Immersive Journalism,https://www.prnewswire.com/news-releases/financial-times-and-infosys-announce-strategic-digital-collaboration-to-enhance-immersive-journalism-301438648.html
2021-12-07,Financial Times and Infosys Announce Strategic Digital Collaboration to Enhance Immersive Journalism,https://www.prnewswire.com:443/news-releases/financial-times-and-infosys-announce-strategic-digital-collaboration-to-enhance-immersive-journalism-301438648.html
2021-10-28,bp and Infosys to Develop  Energy as a Service  Solution for Campuses and Cities,https://www.prnewswire.com:443/news-releases/bp-and-infosys-to-develop-energy-as-a-service-solution-for-campuses-and-cities-301410882.html
2021-10-28,bp and Infosys to Develop  Energy as a Service  Solution for Campuses and Cities,https://www.prnewswire.com/news-releases/bp-and-infosys-to-develop-energy-as-a-service-solution-for-campuses-and-cities-301410882.html
2021-12-07,Financial Times and Infosys Announce Strategic Digital Collaboration to Enhance Immersive Journalism,https://finance.yahoo.com/news/financial-times-infosys-announce-strategic-075900714.html
2021-12-16,Australian Open and Infosys extend Digital Innovation Partnership until 2026,https://www.business-standard.com/content/press-releases-ani/australian-open-and-infosys-extend-digital-innovation-partnership-until-2026-121121600883_1.html
2021-12-02,"Infosys , Raymond , Tata Power , Maruti Suzuki and other hot stocks to watch out for on December 2",https://www.businessinsider.in/stock-market/news/infosys-raymond-tata-power-maruti-suzuki-and-other-hot-stocks-to-watch-out-for-on-december-2/slidelist/88041718.cms
2021-11-23,Genex Infosys to Implement Microsoft Dynamics ERP for Reliance Bangladesh LNG & Power Ltd,https://www.thedailystar.net/business/organisation-news/press-releases/news/genex-infosys-implement-microsoft-dynamics-erp-reliance-bangladesh-lng-power-ltd-2900811
2021-10-26,Posten Norge and Infosys Collaborate to Develop next Generat ...,https://menafn.com/1103046008/Posten-Norge-and-Infosys-Collaborate-to-Develop-next-Generation-IT-Service-Management-Capability
2021-11-30,Infosys to transition Daimler HPC workloads to green data centre in Norway,https://www.devdiscourse.com/article/headlines/1828004-infosys-to-transition-daimlers-hpc-workloads-to-green-data-centre-in-norway
2021-10-07,ATP and Infosys Launch Revamped Stats Center to Bring Fans Closer to the Game Through Digital Innovation,https://www.finanznachrichten.de/nachrichten-2021-10/54140667-atp-and-infosys-launch-revamped-stats-center-to-bring-fans-closer-to-the-game-through-digital-innovation-008.htm
2021-12-08,Infosys BPM to create 250 jobs at new Waterford hub,https://www.siliconrepublic.com/jobs-news/infosys-bpm-waterford-jobs
2021-12-16,Australian Open and Infosys extend Digital Innovation Partnership until 2026,https://www.business-standard.com/content/press-releases-ani/australian-open-and-infosys-extend-digital-innovation-partnership-until-2026-121121600868_1.html
2021-12-14,"Infosys Selected by Orion Corporation to transform its ERP and Planning Platforms , and Drive Business Value Realization",https://www.europapress.es/comunicados/internacional-00907/noticia-comunicado-infosys-selected-by-orion-corporation-to-transform-its-erp-and-planning-platforms-and-drive-business-value-realization-20211214090144.html
2021-10-14,Infosys Recruitment 2021 : 45000 college graduates to be hired by IT giant - Check details here,https://www.dnaindia.com/education/report-infosys-recruitment-2021-45000-college-graduates-to-be-hired-by-it-giant-check-details-here-2915416
2021-12-07,The new American dream : getting paid to do nothing ?,https://www.theverge.com/c/22820291/tech-jobs-outsourcing-infosys-bench-paid-to-do-nothing
2021-10-13,Infosys to undergo top - level change as COO UB Pravin Rao retires,https://zeenews.india.com/companies/infosys-to-undergo-top-level-change-as-coo-ub-pravin-rao-retires-2402329.html
2021-12-08,Consulting firm to create 250 jobs in Waterford city,https://www.rte.ie/news/regional/2021/1208/1265488-waterford-jobs/
2021-11-30,Infosys to transfer Daimler computing workloads to Norway Lefdal Mine Datacenter,https://www.business-standard.com/article/news-cm/infosys-to-transfer-daimler-s-computing-workloads-to-norway-s-lefdal-mine-datacenter-121113000545_1.html
2021-11-06,Brainstorming session before Infosys interview,https://www.thehindu.com/news/cities/Mangalore/brainstorming-session-before-infosys-interview/article37351525.ece
2021-12-16,Australian Open and Infosys extend Digital Innovation Partnership until 2026,https://www.europapress.es/comunicados/internacional-00907/noticia-comunicado-australian-open-and-infosys-extend-digital-innovation-partnership-until-2026-20211216072006.html
2021-12-08,"Infosys , Financial Times announce strategic digital collaboration",https://www.thehindubusinessline.com/companies/infosys-financial-times-announce-strategic-digital-collaboration/article37892790.ece
2021-11-17,"Infosys , Bloomberg Media , To Tie Up For  Bloomberg Digital Economy Index",https://www.finanznachrichten.de/nachrichten-2021-11/54517538-infosys-bloomberg-media-to-tie-up-for-bloomberg-digital-economy-index-020.htm
2021-12-16,Australian Open and Infosys extend Digital Innovation Partnership until 2026,https://www.asiaone.com/business/australian-open-and-infosys-extend-digital-innovation-partnership-until-2026
2021-12-15,Infosys to declare Q3 results on January 12,https://www.businesstoday.in/latest/corporate/story/infosys-to-declare-q3-results-on-january-12-315754-2021-12-15
2021-10-14,Infosys Share Price : IT services major Infosys Rallies 3 % Post September Quarter Results,https://www.ndtv.com/business/it-services-major-infosys-rallies-3-post-september-quarter-results-2574991
2021-11-07,Infosys Finacle and IBM collaborate to help banks accelerate Cloud Transformation,https://gulfnews.com/business/corporate-news/infosys-finacle-and-ibm-collaborate-to-help-banks-accelerate-cloud-transformation-1.1636291974705
2021-11-17,Bloomberg Media and Infosys Collaboration Powers New  Bloomberg Digital Economy Index  Creating Unique Data and AI - drive,https://www.europapress.es/comunicados/internacional-00907/noticia-comunicado-bloomberg-media-and-infosys-collaboration-powers-new-bloomberg-digital-economy-index-creating-unique-data-and-ai-drive-20211117134750.html
2021-12-08,Infosys leverages Cobalt architectures to enhance customer cloud journeys,https://siliconangle.com/2021/12/07/infosys-leverages-cobalt-architectures-enhance-customer-cloud-journeys-reinvent/
2021-10-13,Infosys : Growth accelerates in Q2 with resilient operating margins ( 2 ),https://www.europapress.es/comunicados/internacional-00907/noticia-comunicado-infosys-growth-accelerates-in-q2-with-resilient-operating-margins-20211013145018.html
2021-10-13,Infosys : Growth accelerates in Q2 with resilient operating margins ( 3 ),https://www.europapress.es/comunicados/internacional-00907/noticia-comunicado-infosys-growth-accelerates-in-q2-with-resilient-operating-margins-20211013145022.html
2021-10-13,Infosys : Growth accelerates in Q2 with resilient operating margins ( 1 ),https://www.europapress.es/comunicados/internacional-00907/noticia-comunicado-infosys-growth-accelerates-in-q2-with-resilient-operating-margins-20211013145014.html
2021-10-20,Prime Minister Narendra Modi To Inaugurate New Cancer Building By Infosys Foundation At New Delhi AIIMS Jhajjar Campus Tomorrow,https://www.ndtv.com/india-news/prime-minister-narendra-modi-to-inaugurate-new-cancer-building-by-infosys-foundation-at-new-delhi-aiims-jhajjar-campus-tomorrow-2582042
2021-11-30,Infosys to transfer Daimler HPC workloads to green data centre in Norway,https://www.business-standard.com/article/companies/infosys-to-transfer-daimler-s-hpc-workloads-to-green-data-centre-in-norway-121113000948_1.html
2021-12-03,Infosys Share Price : Live NSE / BSE Stock Price Today,https://www.business-standard.com/company/infosys-2806.html
2021-12-09,Infosys paid young Americans to do nothing : Report,https://www.deccanherald.com/business/business-news/infosys-paid-young-americans-to-do-nothing-report-1059196.html
2021-11-17,Bloomberg Media and Infosys Collaboration Powers New  Bloomberg Digital Economy Index  Creating Unique Data and AI - drive,https://www.notimerica.com/comunicados/noticia-comunicado-bloomberg-media-and-infosys-collaboration-powers-new-bloomberg-digital-economy-index-creating-unique-data-and-ai-drive-20211117134754.html
2021-11-22,Genex Infosys to implement Microsoft DynamicsERP for Reliance Power Ltd,https://www.daily-sun.com/post/589462/Genex-Infosys-to-implement-Microsoft-DynamicsERP-for-Reliance-Power-Ltd
2021-10-28,"Infosys , bp to develop  Energy as a Service  solution",https://economictimes.indiatimes.com/industry/energy/oil-gas/infosys-bp-to-develop-energy-as-a-service-solution/articleshow/87339926.cms
2021-12-17,"Infosys , Australian Open Extend Collaboration Until 2026",https://www.theepochtimes.com/infosys-australian-open-extend-collaboration-until-2026_4162603.html
2021-11-30,Infosys Limited : Infosys Collaborates with One of Europe Greenest Data Centers to Accelerate Daimler Transition to Sustainable Mobility,https://www.finanznachrichten.de/nachrichten-2021-11/54619083-infosys-limited-infosys-collaborates-with-one-of-europe-s-greenest-data-centers-to-accelerate-daimler-s-transition-to-sustainable-mobility-008.htm
2021-12-07,Financial Times and Infosys Announce Strategic Digital Collaboration to Enhance Immersive Journalism,https://www.europapress.es/comunicados/internacional-00907/noticia-comunicado-financial-times-and-infosys-announce-strategic-digital-collaboration-to-enhance-immersive-journalism-20211207090314.html
2021-12-04,Narayan Murthy : the father of India IT boom,https://moneyweek.com/economy/people/604185/narayan-murthy-profile
2021-12-15,Infosys acquires 100 % stake in Singtel Malaysia arm for $4 . 4 million,https://www.msn.com/en-in/money/topstories/infosys-acquires-100percent-stake-in-singtels-malaysia-arm-for-dollar44-million/ar-AARPnwG
2021-12-16,Australian Open and Infosys extend Digital Innovation Partnership until 2026,https://www.finanznachrichten.de/nachrichten-2021-12/54768734-australian-open-and-infosys-extend-digital-innovation-partnership-until-2026-008.htm
2021-10-13,"Infosys Stock Rises As Revenue Tops Views , Margins Fall Less Than Expected",https://www.investors.com/news/technology/infosys-stock-rises-as-revenue-tops-views-margins-fall-less-than-expected/
2021-10-14,Infosys : Growth accelerates in Q2 with resilient operating margins,https://www.business-standard.com/content/press-releases-ani/infosys-growth-accelerates-in-q2-with-resilient-operating-margins-121101400405_1.html
2021-12-03,"Data law will bring clarity , help research , says Kris Gopalakrishnan",https://economictimes.indiatimes.com/tech/technology/data-law-will-bring-clarity-help-research-says-kris-gopalakrishnan/articleshow/88061299.cms
2021-10-12,Infosys may beat TCS earnings even with lower deal wins in September quarter,https://www.businessinsider.in/tech/enterprise/news/infosys-may-beat-tcs-earnings-even-with-lower-deal-wins-in-september-quarter/articleshow/86952606.cms
2021-10-26,Norway Posten Norge taps Infosys to digitally transform IT processes,https://www.devdiscourse.com/article/technology/1782419-norways-posten-norge-taps-infosys-to-digitally-transform-it-processes
2021-12-06,"infosys : As COO Rao retires , Infy drops role & splits tasks",https://timesofindia.indiatimes.com/business/india-business/as-coo-rao-retires-infy-drops-role-splits-tasks/articleshow/88112144.cms
2021-12-14,"Infosys Selected by Orion Corporation to transform its ERP and Planning Platforms , and Drive Business Value Realization",https://www.wfmz.com/news/pr_newswire/pr_newswire_technology/infosys-selected-by-orion-corporation-to-transform-its-erp-and-planning-platforms-and-drive-business/article_22ffbe73-65e4-5f22-abf6-2177869ec1f2.html
2021-12-09,Infosys paid young Americans handsome dollars to do nothing : Report,https://www.prokerala.com/news/articles/a1224972.html
2021-12-09,Infosys paid young Americans handsome dollars to do nothing : Report,https://news.webindia123.com/news/Articles/India/20211209/3870782.html
2021-10-07,ATP and Infosys Launch Revamped Stats Center to Bring Fans Closer to the Game Through Digital Innovation,https://www.prnewswire.com:443/news-releases/atp-and-infosys-launch-revamped-stats-center-to-bring-fans-closer-to-the-game-through-digital-innovation-301394949.html
2021-11-30,Infosys Collaborates with One of Europe Greenest Data Centers to Accelerate Daimler Transition to Sustainable Mobility,https://www.prnewswire.com/news-releases/infosys-collaborates-with-one-of-europes-greenest-data-centers-to-accelerate-daimlers-transition-to-sustainable-mobility-301433558.html
2021-11-30,Infosys Collaborates with One of Europe Greenest Data Centers to Accelerate Daimler Transition to Sustainable Mobility,https://www.prnewswire.com:443/news-releases/infosys-collaborates-with-one-of-europes-greenest-data-centers-to-accelerate-daimlers-transition-to-sustainable-mobility-301433558.html
2021-12-10,Infosys collaborates with Packable to help amplify its e - Commerce offerings,https://www.business-standard.com/article/news-cm/infosys-collaborates-with-packable-to-help-amplify-its-e-commerce-offerings-121121000578_1.html
2021-12-09,Infosys paid young Americans handsome dollars to do nothing : Report,https://www.daijiworld.com/news/newsDisplay?newsID=902508
2021-10-13,"Infosys ups its revenue guidance for FY22 despite rising attrition woes , to hire 45 , 000 freshers in FY22",https://www.businesstoday.in/industry/it/story/infosys-ups-its-revenue-guidance-for-fy22-despite-rising-attrition-woes-to-hire-45000-freshers-in-fy22-309302-2021-10-13
2021-12-16,Australian Open and Infosys extend Digital Innovation Partnership until 2026,https://www.prnewswire.com:443/news-releases/australian-open-and-infosys-extend-digital-innovation-partnership-until-2026-301446138.html
2021-12-16,Australian Open and Infosys extend Digital Innovation Partnership until 2026,https://www.prnewswire.com/news-releases/australian-open-and-infosys-extend-digital-innovation-partnership-until-2026-301446138.html
2021-10-07,ATP and Infosys Launch Revamped Stats Center to Bring Fans Closer to the Game Through Digital Innovation ( 2 ),https://www.europapress.es/comunicados/internacional-00907/noticia-comunicado-atp-and-infosys-launch-revamped-stats-center-to-bring-fans-closer-to-the-game-through-digital-innovation-20211007110334.html
2021-10-07,ATP and Infosys Launch Revamped Stats Center to Bring Fans Closer to the Game Through Digital Innovation ( 1 ),https://www.europapress.es/comunicados/internacional-00907/noticia-comunicado-atp-and-infosys-launch-revamped-stats-center-to-bring-fans-closer-to-the-game-through-digital-innovation-20211007110341.html
2021-10-13,Infosys : Growth accelerates in Q2 with resilient operating margins,https://www.finanznachrichten.de/nachrichten-2021-10/54190354-infosys-growth-accelerates-in-q2-with-resilient-operating-margins-008.htm
2021-11-30,Infosys Collaborates with One of Europe Greenest Data Centers to Accelerate Daimler Transition to Sustainable Mobility,https://www.prnewswire.co.uk/news-releases/infosys-collaborates-with-one-of-europe-s-greenest-data-centers-to-accelerate-daimler-s-transition-to-sustainable-mobility-879833624.html
2021-12-10,Hedge Funds Are Warming Up To Infosys Limited ( INFY ),https://www.insidermonkey.com/blog/hedge-funds-are-warming-up-to-infosys-limited-infy-1012582/
2021-11-21,Have undertaken ambitious emission reduction targets across all scopes : Bose Varghese of Infosys,https://www.businesstoday.in/latest/corporate/story/have-undertaken-ambitious-emission-reduction-targets-across-all-scopes-bose-varghese-of-infosys-312896-2021-11-21
2021-12-09,Infosys paid young Americans handsome dollars to do nothing ...,https://menafn.com/1103332575/Infosys-paid-young-Americans-handsome-dollars-to-do-nothing-Report
2021-12-15,Infosys Arm To Buy Singtel Malaysian Delivery Centre,https://www.ndtv.com/business/infosys-subsidiary-to-buy-singtels-malaysia-delivery-centre-2652806
2021-12-23,"Infosys hits new all - time high , stock up for third straight trading session",https://www.business-standard.com/article/markets/infosys-gains-2-hits-record-high-up-for-third-straight-day-121122300295_1.html
2021-12-02,"Crypto Assets Worth Considering , Can Be Used For Financial Inclusion : Nandan Nilekani , Chairman , Infosys",https://www.ndtv.com/business/crypto-assets-worth-considering-can-be-used-for-financial-inclusion-nandan-nilekani-chairman-infosys-2633241
2021-10-13,Infosys posts 11 . 9 % rise in Q2 net profit ; raises FY22 revenue forecast,https://timesofindia.indiatimes.com/business/markets/quarterly-results/infosys-posts-higher-profit-on-digital-services-demand/articleshow/86991603.cms
2021-10-13,"Infosys Q2 profit up 11 . 9 % to ₹5 , 421 crore , raises revenue forecast for FY22",https://www.thehindu.com/business/Industry/infosys-q2-profit-up-119-to-5421-crore-raises-revenue-forecast-for-fy22/article36982896.ece
2021-12-22,"Reliance , Tata , Patanjali among 11 private establishments guarded by CISF : Govt to Rajya Sabha | India News",https://timesofindia.indiatimes.com/india/reliance-tata-patanjali-among-11-private-establishments-guarded-by-cisf-govt-to-rajya-sabha/articleshow/88430253.cms
2021-12-01,Infosys extends strategic collaboration with Proximus,https://www.business-standard.com/article/news-cm/infosys-extends-strategic-collaboration-with-proximus-121120101277_1.html
2021-10-13,"infosys september quarter profit up 11 . 9 % to ₹5421 crore , raises revenue forecast for fy22",https://www.businessinsider.in/business/corporates/news/infosys-september-quarter-profit-up-11-9-to-5421-crore-raises-revenue-forecast-for-fy22/articleshow/86994553.cms
2021-12-22,"Reliance , Tata , Patanjali among 11 private establishments guarded by CISF : Govt to RS",http://www.deccanchronicle.com/nation/current-affairs/221221/reliance-tata-patanjali-among-11-private-establishments-guarded-by-c.html
2021-12-10,Infosys Equinox Partners With Packable to Help Amplify Its Direct to Consumer E - commerce Offerings for Its Brand Partners,https://www.businesswire.com/news/home/20211209005995/en/Infosys-Equinox-Partners-With-Packable-to-Help-Amplify-Its-Direct-to-Consumer-E-commerce-Offerings-for-Its-Brand-Partners/
2021-12-15,Infosys buys Singtel Malaysia delivery centre - The Economic Times,https://economictimes.indiatimes.com/tech/information-tech/infosys-buys-singtels-malaysia-delivery-centre/articleshow/88290799.cms
2021-12-14,"Infosys Selected by Orion Corporation to transform its ERP and Planning Platforms , and Drive Business Value Realization",https://www.prnewswire.com:443/news-releases/infosys-selected-by-orion-corporation-to-transform-its-erp-and-planning-platforms-and-drive-business-value-realization-301443816.html
2021-12-14,"Infosys Selected by Orion Corporation to transform its ERP and Planning Platforms , and Drive Business Value Realization",https://www.prnewswire.com/news-releases/infosys-selected-by-orion-corporation-to-transform-its-erp-and-planning-platforms-and-drive-business-value-realization-301443816.html
2021-12-22,"Reliance , Tata , Patanjali among 11 private establishments guarded by CISF : Govt",https://www.businesstoday.in/latest/corporate/story/reliance-tata-patanjali-among-11-private-establishments-guarded-by-cisf-govt-316470-2021-12-22
2021-11-18,Infosys Foundation cardiac facility inaugurated at Jayadeva,https://www.thehindu.com/news/national/karnataka/infosys-foundation-cardiac-facility-inaugurated-at-jayadeva/article37552949.ece
2021-10-13,Infosys : Growth accelerates in Q2 with resilient operating margins,https://www.prnewswire.com:443/news-releases/infosys-growth-accelerates-in-q2-with-resilient-operating-margins-301399276.html
2021-11-18,Bloomberg Media and Infosys collaboration powers new  Bloomberg Digital Economy Index  creating unique data and AI - driven content for business leaders,https://www.business-standard.com/content/press-releases-ani/bloomberg-media-and-infosys-collaboration-powers-new-bloomberg-digital-economy-index-creating-unique-data-and-ai-driven-content-for-business-leaders-121111800629_1.html
2021-10-26,Infosys partners with Posten Norge,https://www.business-standard.com/article/news-cm/infosys-partners-with-posten-norge-121102600763_1.html
2021-12-09,Infosys Equinox Partners With Packable to Help Amplify Its Direct to Consumer E - commerce Offerings for Its Brand Partners,https://omaha.com/lifestyles/technology/infosys-equinox-partners-with-packable-to-help-amplify-its-direct-to-consumer-e-commerce-offerings/article_aa2c8cdf-c146-5be0-be4e-9fa8c1b165bf.html
2021-12-03,"Infosys Ltd spurts 0 . 66 %, rises for fifth straight session",https://www.business-standard.com/article/news-cm/infosys-ltd-spurts-0-66-rises-for-fifth-straight-session-121120300543_1.html
2021-12-22,"Reliance , Tata , Patanjali among 11 private establishments guarded by CISF : Nityanand Rai",https://www.deccanherald.com/national/reliance-tata-patanjali-among-11-private-establishments-guarded-by-cisf-nityanand-rai-1063523.html
2021-11-08,Infosys Ltd up for third straight session,https://www.business-standard.com/article/news-cm/infosys-ltd-up-for-third-straight-session-121110800708_1.html
2021-10-21,PM Narendra Modi to inaugurate 806 - bedded Infosys made  Vishram Sadan  today,https://www.indiatvnews.com/news/india/prime-minister-narendra-modi-infosys-foundation-vishram-sadan-inauguration-national-cancer-institute-latest-national-news-updates-741436
2021-12-01,Infosys Associates with Europe Greenest Data Centers to Aid Daimler,https://www.siliconindia.com/news/business/infosys-associates-with-europes-greenest-data-centers-to-aid-daimlers-ambition-2039-nid-217474-cid-3.html
2021-12-15,sebi : Sebi Passes Order In Infy Insider Trading Case | India Business News,https://timesofindia.indiatimes.com/business/india-business/sebi-passes-order-in-infy-insider-trading-case/articleshow/88287390.cms
2021-10-13,"Infosys Recruitment : India 2nd largest IT firm to hire 45 , 000 college graduates | Companies News",https://zeenews.india.com/companies/infosys-recruitment-india-s-2nd-largest-it-firm-to-hire-45000-college-graduates-2402349.html
2021-11-19,A Customer Intelligence Platform on AWS for a Superior Customer Experience,https://www.cio.com/article/3641235/a-customer-intelligence-platform-on-aws-for-a-superior-customer-experience.html
2021-11-01,"We need a research ecosystem that allows risk : Public investments in science must scale up by 2 - 3 times , private by 10 - 15 times",https://timesofindia.indiatimes.com/blogs/tell-tale/we-need-a-research-ecosystem-that-allows-risks-public-investments-in-science-must-scale-up-by-2-3-times-private-by-10-15-times/
2021-10-21,"sudha murthy : PM hails Infosys , Sudha Murthy for service to humanity | India News",https://timesofindia.indiatimes.com/india/pm-hails-infosys-sudha-murthy-for-service-to-humanity/articleshow/87194388.cms
2021-11-30,Infosys Collaborates with One of Europe Greenest Data Centers to Accelerate Daimler Transition to Sustainable Mobility,https://www.adnkronos.com/infosys-collaborates-with-one-of-europes-greenest-data-centers-to-accelerate-daimlers-transition-to-sustainable-mobility_6b9QIesVv3qIiQKQ9TBbKK
2021-12-08,Infosys BPM to create 250 jobs in Ireland,https://www.thehindu.com/business/infosys-bpm-to-create-250-jobs-in-ireland/article37901453.ece
2021-10-07,Maharashtra CM opens Infy Foundation Asha Nivas Dharamshala at Tata Memorial Centre Campus,https://economictimes.indiatimes.com/news/india/maharashtra-cm-opens-infy-foundations-asha-nivas-dharamshala-at-tata-memorial-centre-campus/articleshow/86836754.cms
2021-10-28,Infosys to help bolster student technical education,https://bangaloremirror.indiatimes.com/bangalore/others/infosys-to-help-bolster-students-technical-education/articleshow/87322488.cms
2021-10-27,Ktaka ties up with IT major Infosys on technical education,https://www.prokerala.com/news/articles/a1210831.html
2021-11-17,Bloomberg Media and Infosys Collaboration Powers New  Bloomberg Digital Economy Index  Creating Unique Data and AI - driven Content for Business Leaders,https://www.prnewswire.com/news-releases/bloomberg-media-and-infosys-collaboration-powers-new-bloomberg-digital-economy-index-creating-unique-data-and-ai-driven-content-for-business-leaders-301426656.html
2021-11-17,Bloomberg Media and Infosys Collaboration Powers New  Bloomberg Digital Economy Index  Creating Unique Data and AI - driven Content for Business Leaders,https://www.prnewswire.com:443/news-releases/bloomberg-media-and-infosys-collaboration-powers-new-bloomberg-digital-economy-index-creating-unique-data-and-ai-driven-content-for-business-leaders-301426656.html
2021-12-09,Infosys Equinox Partners With Packable to Help Amplify Its Direct to Consumer E - commerce Offerings for Its Brand Partners,https://www.stltoday.com/lifestyles/technology/infosys-equinox-partners-with-packable-to-help-amplify-its-direct-to-consumer-e-commerce-offerings/article_608305e3-5d10-5de0-b648-12d746069d79.html
2021-12-16,Finance Ministry Reviews Income Tax Portal With Infosys Chief,https://www.ndtv.com/business/income-tax-portal-finmin-officials-hold-review-meeting-with-infosys-chief-2655403
2021-12-14,Infosys to transform Orion Corporation ERP and Planning platforms,https://www.business-standard.com/article/news-cm/infosys-to-transform-orion-corporation-s-erp-and-planning-platforms-121121400636_1.html
2021-12-02,fullstory,http://www.ptinews.com/news/12938627_Infosys-Science-Foundation-awards-winners-in-six-fields.html
2021-10-25,"The Big 5 tech firms hire 60 , 000 employees in Q2 amid high demand for IT talent",https://www.businesstoday.in/latest/corporate/story/the-big-5-tech-firms-hire-60000-employees-in-q2-amid-high-demand-for-it-talent-310361-2021-10-25
2021-10-26,Infosys gets digital transformation contract from Posten Norge,https://www.business-standard.com/article/news-cm/infosys-gets-digital-transformation-contract-from-posten-norge-121102600669_1.html
2021-11-07,Infosys Finacle and IBM collaborate to help banks accelerate cloud transformation,https://www.itp.net/infrastructure/infosys-finacle-and-ibm-collaborate-to-help-banks-accelerate-cloud-transformation
2021-12-16,Infosys extends digital innovation partnership with Australian Open until end of 2026,https://www.freepressjournal.in/business/infosys-extends-digital-innovation-partnership-with-australian-open-until-end-of-2026
2021-12-16,FinMin checks Infosys readiness for I - T deadline rush,https://www.thehindu.com/business/finmin-checks-infosyss-readiness-for-i-t-deadline-rush/article37971313.ece
2021-10-13,"Infosys Q2 profit up 11 . 9 % to Rs 5421 cr , announces interim dividend of Rs 15",https://www.freepressjournal.in/business/infosys-q2-profit-up-119-to-rs-5421-cr-announces-interim-dividend-of-rs-15
2021-10-20,infosys foundation : PM Modi to inaugurate Infosys Foundation Vishram Sadan in Jhajjar,https://economictimes.indiatimes.com/news/india/pm-modi-to-inaugurate-infosys-foundation-vishram-sadan-in-jhajjar/articleshow/87160690.cms
2021-10-14,"infosys : Infosys , Wipro revenues zoom over 20 % in quarter 2 | Bengaluru News",https://timesofindia.indiatimes.com/city/bengaluru/infosys-wipros-revenues-zoom-over-20-in-quarter-2/articleshow/87003374.cms
2021-11-15,Next - generation Warehouse Management Powered by AWS,https://www.cio.com/article/3640577/next-generation-warehouse-management-powered-by-aws.html
2021-12-02,"Infosys Prize : A progressive society values its intellectuals , says Murthy",https://www.business-standard.com/article/current-affairs/infosys-prize-a-progressive-society-values-its-intellectuals-says-murthy-121120201387_1.html
2021-11-02,Finacle digital banking solution suite to be available on Red Hat OpenShift and IBM Cloud,https://www.thehindubusinessline.com/companies/finacles-digital-banking-solution-suite-to-be-available-on-red-hat-openshift-and-ibm-cloud/article37301785.ece
2021-10-26,Infosys Ltd extends losing spree,https://www.business-standard.com/article/news-cm/infosys-ltd-extends-losing-spree-121102600795_1.html
2021-11-14,Infosys Narayana Murthy couple visits KRS,https://starofmysore.com/infosys-narayana-murthy-couple-visits-krs/
2021-10-13,"Infosys Q2 FY22 Results : Infosys Profit Jumps 11 . 8 % To Rs 5 , 421 Crore In September Quarter On Digital Business , Revenue Guidance Raised",https://www.ndtv.com/business/infosys-q2-fy22-results-infosys-profit-jumps-11-8-to-rs-5-421-crore-in-september-quarter-on-digital-business-revenue-guidance-raised-2574186
2021-12-15,Infosys acquires Singtel delivery center in Malaysia - The Hindu BusinessLine,https://www.thehindubusinessline.com/info-tech/infosys-acquires-singtels-delivery-center-in-malaysia/article37959148.ece
2021-12-14,Infy wins order from Orion Corp for digital transformation,https://www.business-standard.com/article/news-cm/infy-wins-order-from-orion-corp-for-digital-transformation-121121400688_1.html
2021-10-13,"India Infosys reports strong quarter , hikes revenue forecast",https://techxplore.com/news/2021-10-india-infosys-strong-quarter-hikes.html
2021-12-10,Infosys Equinox Partners With Packable to Help Amplify Its Direct to Consumer E - commerce Offerings for Its Brand Partners,https://siouxcityjournal.com/lifestyles/technology/infosys-equinox-partners-with-packable-to-help-amplify-its-direct-to-consumer-e-commerce-offerings/article_8c922afc-0a0e-5b8d-b2c6-82aed258435e.html
2021-12-09,"Stocks To Watch : HCL Tech , Mahindra and Mahindra , United Breweries , Infosys",https://www.ndtv.com/business/stocks-to-watch-hcl-tech-mahindra-and-mahindra-united-breweries-infosys-2643355
2021-10-20,Modi to inaugurate Vishram Sadan at NCI in AIIM Jhajjar campus,https://www.prokerala.com/news/articles/a1208549.html
2021-12-09,Infosys Equinox Partners With Packable to Help Amplify Its Direct to Consumer E - commerce Offerings for Its Brand Partners,https://missoulian.com/lifestyles/technology/infosys-equinox-partners-with-packable-to-help-amplify-its-direct-to-consumer-e-commerce-offerings/article_ec6d9df8-b5f6-5d85-97b7-5ce1ff051778.html
2021-12-16,"Australian Open , Infosys extend digital innovation partnership until 2026 - end",https://www.businesstoday.in/latest/corporate/story/australian-open-infosys-extend-digital-innovation-partnership-until-2026-end-315800-2021-12-16
2021-12-15,Infosys acquires 100 % stake in Singtel Malaysia arm for $4 . 4 million,https://www.businesstoday.in/industry/it/story/infosys-acquires-100-stake-in-singtels-malaysia-arm-for-44-million-315620-2021-12-15
2021-10-26,"Job alert ! Infosys , Wipro , HCL , other big IT companies to hire over 1 lakh freshers - Check details here",https://www.dnaindia.com/education/report-job-alert-infosys-wipro-hcl-other-big-it-companies-to-hire-over-1-lakh-freshers-check-details-here-2917026
2021-12-24,"Infosys on a roll , stock up for fourth straight trading session",https://www.businesstoday.in/markets/stocks/story/infosys-on-a-roll-stock-up-for-fourth-straight-trading-session-316760-2021-12-24
2021-11-03,"Stocks To Watch : Bharti Airtel , Infosys , Wipro , Sterling and Wilson Solar",https://www.ndtv.com/business/stocks-to-watch-bharti-airtel-infosys-wipro-sterling-and-wilson-solar-2597764
2021-10-13,"Infosys , Wipro maintaining momentum in recent quarters - The Hindu BusinessLine",https://www.thehindubusinessline.com/companies/infosys-wipro-maintaining-momentum-in-recent-quarters/article36990866.ece
2021-10-14,"Infosys , Wipro maintaining momentum in recent quarters - The Hindu BusinessLine",https://www.thehindubusinessline.com/portfolio/news-analysis/infosys-wipro-maintaining-momentum-in-recent-quarters/article36990866.ece
2021-12-08,Carrier ServiceNow journey : From successful spinoff to the shop floor,https://bitpipe.computerweekly.com/detail/RES/1638552052_180.html
2021-12-16,Infosys strengthens tax e - filing portal ahead of Dec 31 deadline,https://www.businesstoday.in/latest/economy/story/infosys-strengthens-tax-e-filing-portal-ahead-of-dec-31-deadline-315885-2021-12-16
2021-10-19,Infosys Finacle rated a leader in digital banking engagement solutions,https://www.businesstoday.in/latest/corporate/story/infosys-finacle-rated-a-leader-in-digital-banking-engagement-solutions-309835-2021-10-19
2021-10-04,"Q2 preview : Q2 IT preview : Growth momentum strong , but margin pressure likely",https://economictimes.indiatimes.com/markets/stocks/earnings/q2-it-preview-growth-momentum-strong-but-margin-pressure-likely/articleshow/86758372.cms
2021-12-01,"Crypto can bring about financial inclusion , Infosys chair says",https://www.oann.com/crypto-can-bring-about-financial-inclusion-infosys-chair-says/
2021-10-21,"Country now has strong  protective shield  of 100 crore vaccine doses , says PM",https://www.telegraphindia.com/india/country-now-has-strong-protective-shield-of-100-crore-vaccine-doses-says-pm/cid/1835342
2021-12-16,"Share Market Live Updates : Sensex Rises Over 400 Points , Nifty Trades Above 17 , 350 ; Bajaj Finance , Infosys , Among Top Gainers",https://www.ndtv.com/business/share-market-live-updates-sensex-rises-over-400-points-nifty-trades-above-17-350-bajaj-finance-infosys-among-top-gainers-2653957
2021-12-10,Infosys partners with Packable,https://www.business-standard.com/article/news-cm/infosys-partners-with-packable-121121000537_1.html
2021-10-14,"Infosys Q2 Net up 11 . 9 %, raises revenue outlook on strong deal pipeline",https://www.indiatvnews.com/business/news-infosys-quarter-two-net-up-raises-revenue-outlook-strong-deal-pipeline-latest-business-news-updates-740247
2021-10-13,Infosys stock closes higher ahead of Q2 earnings,https://www.businesstoday.in/markets/company-stock/story/infosys-stock-closes-higher-ahead-of-q2-earnings-309271-2021-10-13
2021-10-24,Infosys Finacle rated leader in Digital Banking Engagement Solutions,https://gulfnews.com/business/corporate-news/infosys-finacle-rated-leader-in-digital-banking-engagement-solutions-1.1635070091800
2021-11-03,"SBI , Tata Motors , Infosys Are Top Diwali Picks For Motilal Oswal",https://www.ndtv.com/business/sbi-tata-motors-infosys-are-top-diwali-picks-for-motilal-oswal-2598895
2021-12-05,"TCS share price : Seven of top - 10 cos add Rs 1 . 31 lakh cr in m - cap ; HUL , TCS lead chart",https://economictimes.indiatimes.com/markets/stocks/news/seven-of-top-10-cos-add-rs-1-31-lakh-cr-in-m-cap-hul-tcs-lead-chart/articleshow/88102951.cms
2021-10-25,Hedge Funds Are Souring On Infosys Limited ( INFY ),https://news.yahoo.com/hedge-funds-souring-infosys-limited-133758042.html
2021-10-12,Infosys Q2 preview : IT major could increase revenue guidance for FY22,https://www.business-standard.com/article/markets/infosys-q2-preview-it-major-could-increase-revenue-guidance-for-fy22-121101200564_1.html
2021-10-17,Karnataka to Host the First Infosys Foundation India International Challenge 2021,https://www.pressreleasepoint.com/karnataka-host-first-infosys-foundation-india-international-challenge-2021
2021-11-09,After rejuvenation by Infosys Foundation ...: Hebbal Lake now open for rampant fishing,https://starofmysore.com/after-rejuvenation-by-infosys-foundation-hebbal-lake-now-open-for-rampant-fishing/
2021-12-05,Seven of top - 10 most valued cos add over Rs 1 . 29 lakh cr in m - cap ; TCS lead gainer,https://www.businesstoday.in/markets/company-stock/story/seven-of-top-10-most-valued-cos-add-over-rs-129-lakh-cr-in-m-cap-tcs-lead-gainer-314469-2021-12-05
2021-11-14,Market Capitalisation : M - cap of 6 of top - 10 valued companies jump more than Rs 1 . 18 lakh cr,https://economictimes.indiatimes.com/markets/ipos/fpos/m-cap-of-6-of-top-10-valued-companies-jump-more-than-rs-1-18-lakh-cr/articleshow/87695066.cms
2021-11-11,Infosys founder :  America First  could turn into  India First,https://money.cnn.com/2017/02/13/technology/india-h1b-visa-trump-nandan-nilekani/
2021-11-14,Market cap of six of top - 10 most valued firms jumps over Rs 1 . 18 lakh crore,https://www.businesstoday.in/markets/company-stock/story/market-cap-of-six-of-top-10-most-valued-firms-jumps-over-rs-118-lakh-crore-312157-2021-11-14
2021-12-27,Infosys Ltd stays supported,https://www.business-standard.com/article/news-cm/infosys-ltd-stays-supported-121122700417_1.html
2021-10-24,Infosys Finacle rated a leader in digital banking engagement solutions,https://www.khaleejtimes.com/business/kt-network/infosys-finacle-rated-a--leader-in-digital-banking-engagement-solutions
2021-10-14,"UK Public Demand More Online Government Services After Lockdown Experience , But Humanising Them Will Be Key , Finds Infosys Research",https://www.finanznachrichten.de/nachrichten-2021-10/54197846-uk-public-demand-more-online-government-services-after-lockdown-experience-but-humanising-them-will-be-key-finds-infosys-research-008.htm
2021-10-13,"Income Tax portal seeing steady progress , says Infosys CEO",https://www.deccanherald.com/business/business-news/income-tax-portal-seeing-steady-progress-says-infosys-ceo-1040373.html
2021-10-21,PM Narendra Modi to inaugurate Infosys Foundation made  Vishram Sadan  today,https://www.freepressjournal.in/india/pm-narendra-modi-to-inaugurate-infosys-foundation-made-vishram-sadan-today-heres-all-you-need-to-know
2021-11-12,"Sensex rallies 767 points , Nifty ends above 18 , 100",https://www.thehindu.com/business/markets/sensex-rallies-767-points-nifty-ends-above-18100/article37454661.ece
2021-10-14,infosys wipro shares up as q2 earnings excite investors,https://www.businessinsider.in/careers/news/infosys-wipro-shares-up-as-q2-earnings-excite-investors/articleshow/87013663.cms
2021-12-17,"Share Market Updates : Sensex slips 150 points , Nifty holds 17 , 200 ; Titan tanks 3 %",https://www.businesstoday.in/markets/top-story/story/share-market-updates-sensex-slips-150-points-nifty-holds-17200-titan-tanks-3-315908-2021-12-17
2021-10-18,Infosys Ltd up for third straight session,https://www.business-standard.com/article/news-cm/infosys-ltd-up-for-third-straight-session-121101800529_1.html
2021-12-16,Income tax portal : Finmin officials hold review meeting with Infosys chief,https://economictimes.indiatimes.com/news/india/income-tax-portal-finmin-officials-hold-review-meeting-with-infosys-chief/articleshow/88325401.cms
2021-11-21,Reliance Industries | TCS | HDFC Bank : Nine out of top 10 firms lose Rs 1 . 47 lakh cr in m - cap ; RIL biggest laggard,https://economictimes.indiatimes.com/markets/stocks/news/nine-out-of-top-10-firms-lose-rs-1-47-lakh-cr-in-m-cap-ril-biggest-laggard/articleshow/87828100.cms
2021-10-14,"Information technology Shares , including Infosys . Wipro and Mindtree , Rally Post September Quarter Numbers",https://www.ndtv.com/business/information-technology-shares-including-infosys-wipro-and-mindtree-rally-post-september-quarter-numbers-2575078
2021-11-21,"RIL , HDFC and SBI Bank : Check The List of Most Valued Firms That Lost Rs 1 . 47 Lakh Crore In Market Value",https://www.outlookindia.com/website/story/business-news-ril-hdfc-and-sbi-bank-chek-the-list-of-most-valued-firms-that-lost-rs-147-lakh-crore-in-market-value/401904
2021-12-22,"RIL , Tata , Patanjali among 11 private establishments guarded by CISF : Govt",https://www.business-standard.com/article/current-affairs/ril-tata-patanjali-among-11-private-establishments-guarded-by-cisf-govt-121122200601_1.html
2021-11-21,Nine of top - 10 firms lose Rs 1 . 47 lakh crore in m - cap,https://www.deccanherald.com/business/business-news/nine-of-top-10-firms-lose-rs-147-lakh-crore-in-m-cap-1053017.html
2021-12-16,Infosys extends digital innovation parternership with Australian Open,https://www.business-standard.com/article/news-cm/infosys-extends-digital-innovation-parternership-with-australian-open-121121600287_1.html
2021-10-21,Country now has strong  protective shield  against pandemic : Modi,https://www.tribuneindia.com/news/nation/country-now-has-strong-protective-shield-against-pandemic-modi-327553
2021-10-13,"ITR Update : Income Tax portal seeing steady progress , says Infosys CEO",https://zeenews.india.com/personal-finance/itr-update-income-tax-portal-seeing-steady-progress-says-infosys-ceo-2402397.html
2021-11-03,Infosys partners with Shell to market Shell Inventory Optimizer solution,https://www.business-standard.com/article/companies/infosys-partners-with-shell-to-market-shell-inventory-optimizer-solution-121110301505_1.html
2021-11-12,"Sensex rallies 767 points , Nifty ends above 18 , 100",https://zeenews.india.com/markets/sensex-rallies-767-points-nifty-ends-above-18100-2409944.html
2021-12-19,bse market cap : Mcap of eight of top - 10 most valued companies erodes by over Rs 2 . 61 lakh cr,https://economictimes.indiatimes.com/markets/stocks/news/mcap-of-eight-of-top-10-most-valued-companies-erodes-by-over-rs-2-61-lakh-cr/articleshow/88368901.cms
2021-10-14,"Infosys gains 4 % on strong Q2 performance , raising FY22 revenue guidance",https://www.business-standard.com/article/markets/infosys-gains-4-after-raises-fy22-revenue-guidance-121101400318_1.html
2021-10-05,"Stock Market Updates : Sensex down 100 points , Nifty holds 17 , 600 ; HCL Tech , Tech Mahindra top losers",https://www.businesstoday.in/markets/stocks/story/stock-market-updates-sensex-down-100-points-nifty-holds-17600-hcl-tech-tech-mahindra-top-losers-308472-2021-10-05
2021-12-19,Eight of top - 10 most valued firms lose over Rs 2 . 61 lakh cr in m - cap ; RIL most hit,https://www.businesstoday.in/markets/company-stock/story/eight-of-top-10-most-valued-firms-lose-over-rs-261-lakh-cr-in-m-cap-ril-most-hit-316116-2021-12-19
2021-10-03,Market cap of eight of top 10 valued companies tumble over Rs 1 . 80 lakh crore,https://economictimes.indiatimes.com/markets/stocks/news/market-cap-of-eight-of-top-10-valued-companies-tumble-over-rs-1-80-lakh-crore/articleshow/86722513.cms
2021-12-28,ITR deadline : Netizens take potshots at slow portal ; meme - fest ensues,https://www.businesstoday.in/trending/story/itr-deadline-netizens-take-potshots-at-slow-portal-meme-fest-ensues-317074-2021-12-28
2022-11-14,Infosys BPM Launches Center of AI and Automation In Poland,https://www.businessworld.in/article/Infosys-BPM-Launches-Center-of-AI-and-Automation-In-Poland/14-11-2022-454022/
2022-11-14,"Infosys BPM opens AI , automation unit in Poland in collaboration with IBM",https://www.thehindubusinessline.com/companies/infosys-bpm-opens-ai-automation-unit-in-poland-in-collaboration-with-ibm/article66135701.ece
2022-11-14,"Infosys BPM Launches State - of - the - art Center of AI and Automation in Poland , in Collaboration with IBM",https://www.prnewswire.com:443/news-releases/infosys-bpm-launches-state-of-the-art-center-of-ai-and-automation-in-poland-in-collaboration-with-ibm-301676587.html
2022-11-14,"Infosys BPM Launches State - of - the - art Center of AI and Automation in Poland , in Collaboration with IBM",https://www.prnewswire.com:443/news-releases/infosys-bpm-launches-state-of-the-art-center-of-ai-and-automation-in-poland-in-collaboration-with-ibm-301676569.html
2022-11-15,Infosys Science Foundation names winners of 14th Prize in six categories,https://www.business-standard.com/article/companies/infosys-science-foundation-names-winners-of-14th-prize-in-six-categories-122111501970_1.html
2022-11-14,"Infosys BPM Launches State - of - the - art Center of AI and Automation in Poland , in Collaboration with IBM ( 1 )",https://www.europapress.es/comunicados/internacional-00907/noticia-comunicado-infosys-bpm-launches-state-of-the-art-center-of-ai-and-automation-in-poland-in-collaboration-with-ibm-20221114090110.html
2022-11-14,"Infosys BPM Launches State - of - the - art Center of AI and Automation in Poland , in Collaboration with IBM ( 2 )",https://www.europapress.es/comunicados/internacional-00907/noticia-comunicado-infosys-bpm-launches-state-of-the-art-center-of-ai-and-automation-in-poland-in-collaboration-with-ibm-20221114090114.html
2022-11-14,"Infosys BPM Launches State - of - the - art Center of AI and Automation in Poland , in Collaboration with IBM",https://www.adnkronos.com/infosys-bpm-launches-state-of-the-art-center-of-ai-and-automation-in-poland-in-collaboration-with-ibm_3dpWuEsIkCw969qdDrzASE
2022-11-16,Rohini Pande wins the 2022 Infosys Prize for Social Science,https://egc.yale.edu/news/rohini-2022-infosys-prize
2022-11-14,"Infosys BPM opens AI , automation unit in Poland for global clients",https://www.business-standard.com/article/companies/infosys-bpm-opens-ai-automation-unit-in-poland-for-global-clients-122111400793_1.html
2022-11-14,"Infosys BPM launches State - of - the - art Center of AI and Automation in Poland , in collaboration with IBM",https://news.webindia123.com/news/Articles/Business/20221114/4003438.html
2022-11-14,Infosys BPM collaborates with IBM to launch Center of AI and Automation in Poland,https://www.business-standard.com/article/news-cm/infosys-bpm-collaborates-with-ibm-to-launch-center-of-ai-and-automation-in-poland-122111400626_1.html
2022-10-20,Infosys allows employees to take up external gig work,https://timesofindia.indiatimes.com/business/india-business/infosys-allows-employees-to-take-up-external-gig-work/articleshow/94994071.cms
2022-11-22,Infosys to Digitize and Automate Processes at Envision AESC EV Battery Manufacturing Plants,https://www.prnewswire.com:443/news-releases/infosys-to-digitize-and-automate-processes-at-envision-aescs-ev-battery-manufacturing-plants-301684950.html
2022-11-22,Infosys to Digitize and Automate Processes at Envision AESC EV Battery Manufacturing Plants,https://www.prnewswire.com:443/news-releases/infosys-to-digitize-and-automate-processes-at-envision-aescs-ev-battery-manufacturing-plants-301684948.html
2022-11-22,Infosys to Digitize and Automate Processes at Envision AESC EV Battery Manufacturing Plants,https://www.prnewswire.com/news-releases/infosys-to-digitize-and-automate-processes-at-envision-aescs-ev-battery-manufacturing-plants-301684948.html
2022-11-22,Infosys to Digitize and Automate Processes at Envision AESC EV Battery Manufacturing Plants,https://www.prnewswire.com/news-releases/infosys-to-digitize-and-automate-processes-at-envision-aescs-ev-battery-manufacturing-plants-301684950.html
2022-11-19,F & O Strategy : Calendar bull - spread on Infosys  - The Hindu BusinessLine,https://www.thehindubusinessline.com/portfolio/commodity-analysis/fo-strategy-calendar-bull-spread-on-infosys/article66156689.ece
2022-11-30,Stuart Robert : Leaked files reveal meetings with minister over contracts,https://www.smh.com.au/politics/federal/leaked-files-reveal-meetings-with-minister-over-contracts-20221130-p5c2g9.html
2022-11-30,Stuart Robert : Leaked files reveal meetings with minister over contracts,https://www.theage.com.au/politics/federal/leaked-files-reveal-meetings-with-minister-over-contracts-20221130-p5c2g9.html
2022-11-16,"Over $460 billion incremental profits from better data practices , trust in AI , and business integration",https://www.adnkronos.com/over-460-billion-incremental-profits-from-better-data-practices-trust-in-ai-and-business-integration_6kvet2TYfnnulpJsUZuiWg
2022-11-16,"Infosys : Over $460 billion incremental profits from better data practices , trust in AI , and business integration",https://www.finanznachrichten.de/nachrichten-2022-11/57601925-infosys-over-dollar-460-billion-incremental-profits-from-better-data-practices-trust-in-ai-and-business-integration-008.htm
2022-11-30,"Stuart Robert , Synergy360 meetings over contracts revealed in leaked files",https://www.watoday.com.au/politics/federal/leaked-files-reveal-meetings-with-minister-over-contracts-20221130-p5c2g9.html
2022-10-20,Infosys to Modernize CIRCOR IT Infrastructure Landscape for Efficient and Agile Operations,https://www.prnewswire.com:443/news-releases/infosys-to-modernize-circors-it-infrastructure-landscape-for-efficient-and-agile-operations-301654694.html
2022-11-30,Stuart Robert : Leaked files reveal meetings with minister over contracts,https://www.brisbanetimes.com.au/politics/federal/leaked-files-reveal-meetings-with-minister-over-contracts-20221130-p5c2g9.html
2022-10-20,infosys CIRCOR : Infosys wins IT transformation deal with manufacturing firm CIRCOR,https://economictimes.indiatimes.com/tech/information-tech/infosys-wins-it-transformation-deal-with-manufacturing-firm-circor/articleshow/94988414.cms
2022-10-21,Infosys allows employees to take up outside gig work,https://timesofindia.indiatimes.com/business/india-business/infosys-allows-employees-to-take-up-outside-gig-work/articleshow/94997854.cms
2022-11-29,Infosys and UNLEASH organize Global Innovation Lab 2022 to advance youth - led solutions in alignment with UN Sustainable Development Goals,https://www.prnewswire.com:443/news-releases/infosys-and-unleash-organize-global-innovation-lab-2022-to-advance-youth-led-solutions-in-alignment-with-un-sustainable-development-goals-301688707.html
2022-11-29,Infosys and UNLEASH organize Global Innovation Lab 2022 to advance youth - led solutions in alignment with UN Sustainable Development Goals,https://www.prnewswire.com:443/news-releases/infosys-and-unleash-organize-global-innovation-lab-2022-to-advance-youth-led-solutions-in-alignment-with-un-sustainable-development-goals-301688703.html
2022-11-29,Infosys and UNLEASH organize Global Innovation Lab 2022 to advance youth - led solutions in alignment with UN Sustainable Development Goals,https://www.prnewswire.com/news-releases/infosys-and-unleash-organize-global-innovation-lab-2022-to-advance-youth-led-solutions-in-alignment-with-un-sustainable-development-goals-301688703.html
2022-11-29,Infosys and UNLEASH organize Global Innovation Lab 2022 to advance youth - led solutions in alignment with UN Sustainable Development Goals,https://www.prnewswire.com/news-releases/infosys-and-unleash-organize-global-innovation-lab-2022-to-advance-youth-led-solutions-in-alignment-with-un-sustainable-development-goals-301688707.html
2022-11-21,Infosys InStep Ranked as the  Best Internship Program  for Five Consecutive Years,https://www.prnewswire.com:443/news-releases/infosys-instep-ranked-as-the-best-internship-program-for-five-consecutive-years-301683659.html
2022-11-21,Infosys InStep Ranked as the  Best Internship Program  for Five Consecutive Years,https://www.prnewswire.com:443/news-releases/infosys-instep-ranked-as-the-best-internship-program-for-five-consecutive-years-301683660.html
2022-12-05,Indian tech major Infosys expands global footprint with proximity centre in Sweden,https://www.freepressjournal.in/business/indian-tech-major-infosys-expands-global-footprint-with-proximity-centre-in-sweden
2022-11-22,infosys envision aesc deal : Infosys wins digitization deal from battery maker Envision AESC,https://economictimes.indiatimes.com/tech/information-tech/infosys-wins-digitization-deal-from-battery-maker-envision-aesc/articleshow/95688203.cms
2022-11-15,"Passion for science , scientific research lies at the core of Infosys and its founders , says IT stalwart Kris Gopalakrishnan",https://www.businesstoday.in/latest/corporate/story/passion-for-science-scientific-research-lies-at-the-core-of-infosys-and-its-founders-says-it-stalwart-kris-gopalakrishnan-352963-2022-11-15
2022-11-22,Infosys to Digitize and Automate Processes at Envision AESC EV Battery Manufacturing Plants,https://www.finanznachrichten.de/nachrichten-2022-11/57651168-infosys-to-digitize-and-automate-processes-at-envision-aesc-s-ev-battery-manufacturing-plants-008.htm
2022-10-20,"In U - turn , Infosys allows external gig projects",https://timesofindia.indiatimes.com/business/india-business/in-u-turn-infosys-allows-external-gig-projects/articleshow/94997854.cms
2022-12-06,"Infosys launches new proximity center in Gothenburg , Sweden",https://www.indiainfoline.com/article/news-top-story/infosys-launches-new-proximity-center-in-gothenburg-sweden-122120600146_1.html
2022-11-28,Infosys elevates employee experience with intelligent platform,https://www.cio.com/article/413109/infosys-elevates-employee-experience-with-intelligent-platform.html
2022-11-29,Infosys and UNLEASH organize Global Innovation Lab 2022 to advance youth - led solutions in alignment with UN Sustainable Development Goals,https://www.finanznachrichten.de/nachrichten-2022-11/57707896-infosys-and-unleash-organize-global-innovation-lab-2022-to-advance-youth-led-solutions-in-alignment-with-un-sustainable-development-goals-008.htm
2022-11-16,"Over $460 billion incremental profits from better data practices , trust in AI , and business integration",https://www.prnewswire.com:443/news-releases/over-460-billion-incremental-profits-from-better-data-practices-trust-in-ai-and-business-integration-301679836.html
2022-11-16,"Over $460 billion incremental profits from better data practices , trust in AI , and business integration",https://www.prnewswire.com/news-releases/over-460-billion-incremental-profits-from-better-data-practices-trust-in-ai-and-business-integration-301679836.html
2022-11-16,"Over $460 billion incremental profits from better data practices , trust in AI , and business integration",https://www.prnewswire.com:443/news-releases/over-460-billion-incremental-profits-from-better-data-practices-trust-in-ai-and-business-integration-301679839.html
2022-11-16,"Over $460 billion incremental profits from better data practices , trust in AI , and business integration",https://www.prnewswire.com/news-releases/over-460-billion-incremental-profits-from-better-data-practices-trust-in-ai-and-business-integration-301679839.html
2022-10-20,Infosys wins IT deal from manufacturing firm CIRCOR - The Hindu BusinessLine,https://www.thehindubusinessline.com/info-tech/infosys-wins-it-deal-from-manufacturing-firm-circor/article66036089.ece
2022-11-15,"Vidita Vaidya , Rohini Pande Among 2022 Infosys Prize Winners",https://thewire.in/the-sciences/infosys-prize-2022-winners
2022-12-04,"Infosys cloud services , significant contributor to digital revenues : Narsimha Rao Mannepalli",https://www.thehindubusinessline.com/info-tech/infosys-cloud-services-significant-contributor-to-digital-revenues/article66223101.ece
2022-10-21,Infosys acquires IT transformation deal with manufacturing firm CIRCOR,https://www.siliconindia.com/news/general/infosys-acquires-it-transformation-deal-with-manufacturing-firm-circor-nid-220271-cid-1.html
2022-10-21,Infosys Allows Staff To Take Up  Gig  Jobs With Manager Prior Consent,https://www.ndtv.com/india-news/infosys-allows-staff-to-take-up-gig-jobs-with-managers-prior-consent-3450948
2022-10-20,Infosys to Modernize CIRCOR IT Infrastructure Landscape for Efficient and Agile Operations,https://markets.businessinsider.com/news/stocks/infosys-to-modernize-circor-s-it-infrastructure-landscape-for-efficient-and-agile-operations-1031820337
2022-11-29,Infosys and UNLEASH organize Global Innovation Lab 2022 to advance youth - led solutions in alignment with UN Sustainable Development Goals,https://www.yahoo.com/now/infosys-unleash-organize-global-innovation-102600997.html
2022-12-18,Australian govt reviews Infosy contract after document leak,https://timesofindia.indiatimes.com/business/india-business/oz-govt-reviews-infosyss-contract-after-docus-leak/articleshow/96327831.cms
2022-11-29,Infosys and UNLEASH organize Global Innovation Lab 2022 to advance youth - led solutions in alignment with UN Sustainable Development Goals,https://www.streetinsider.com/PRNewswire/Infosys+and+UNLEASH+organize+Global+Innovation+Lab+2022+to+advance+youth-led+solutions+in+alignment+with+UN+Sustainable+Development+Goals/20905113.html
2022-11-16,"Over USD 460 billion incremental profits from better data practices , trust in AI , and business integration",https://news.webindia123.com/news/Articles/Business/20221116/4004320.html
2022-12-01,Bill Shorten orders review into Stuart Robert  lobbying scandal  claims | Australian politics,https://www.theguardian.com/australia-news/2022/dec/01/bill-shorten-orders-review-into-stuart-robert-lobbying-scandal-claims
2022-12-05,"Infosys Expands Footprint in Nordics by Establishing a new Proximity Center in Gothenburg , Sweden",https://www.prnewswire.com:443/news-releases/infosys-expands-footprint-in-nordics-by-establishing-a-new-proximity-center-in-gothenburg-sweden-301694397.html
2022-12-05,"Infosys Expands Footprint in Nordics by Establishing a new Proximity Center in Gothenburg , Sweden",https://www.prnewswire.com:443/news-releases/infosys-expands-footprint-in-nordics-by-establishing-a-new-proximity-center-in-gothenburg-sweden-301694398.html
2022-12-01,How a minister mates got the inside running,https://www.smh.com.au/politics/federal/how-a-minister-s-mates-got-the-inside-running-20221201-p5c2po.html
2022-12-01,How a minister mates got the inside running,https://www.theage.com.au/politics/federal/how-a-minister-s-mates-got-the-inside-running-20221201-p5c2po.html
2022-12-19,infosys australian government review : Australian govt may review Infosys contracts after documents leak : reports,https://economictimes.indiatimes.com/tech/information-tech/australian-govt-may-review-infosys-contracts-after-documents-leak-reports/articleshow/96339160.cms
2022-11-22,Infosys to digitize and automate processes at Envision AESC EV Battery Manufacturing Plants,https://news.webindia123.com/news/Articles/Business/20221122/4006431.html
2022-10-21,Infosys Employees Can Take On Gig Work With Managers Approval,https://www.businessworld.in/article/Infosys-Employees-Can-Take-On-Gig-Work-With-Managers-Approval/21-10-2022-451368/
2022-11-22,Business News | Infosys to Digitize and Automate Processes at Envision AESC EV Battery Manufacturing Plants,https://www.latestly.com/agency-news/business-news-infosys-to-digitize-and-automate-processes-at-envision-aescs-ev-battery-manufacturing-plants-4492263.html
2022-12-01,How a minister mates got the inside running,https://www.brisbanetimes.com.au/politics/federal/how-a-minister-s-mates-got-the-inside-running-20221201-p5c2po.html
2022-10-21,"After firing employees for moonlighting , Infosys to allow employees to take up freelance work",https://www.indiatoday.in/technology/news/story/after-firing-employees-for-moonlighting-infosys-to-allow-employees-to-take-up-freelance-work-2287981-2022-10-21
2022-10-22,Infosys changes stand on moonlighting ; allows employees to take up  gig work  outside office hours,https://zeenews.india.com/companies/infosys-changes-stand-on-moonlighting-allows-employees-to-take-up-gig-work-outside-office-hours-2525247.html
2022-12-14,Decision to keep next - gen of promoters out of Infosys was wrong : Narayana Murthy,https://www.thehindubusinessline.com/info-tech/decision-to-keep-next-gen-of-promoters-out-of-infosys-was-wrong-narayana-murthy/article66263227.ece
2022-10-20,Infosys allows employees to take up gig work with manager prior consent,https://www.business-standard.com/article/companies/infosys-allows-employees-to-take-up-gig-work-with-managers-prior-consent-122102001334_1.html
2022-11-23,Infosys signs digitization deal with battery maker Envision AESC,https://www.siliconindia.com/news/general/infosys-signs-digitization-deal-with-battery-maker-envision-aesc-nid-220520-cid-1.html
2022-11-23,Infosys signs digitization deal from battery maker Envision AESC,https://www.siliconindia.com/news/general/infosys-signs-digitization-deal-from-battery-maker-envision-aesc-nid-220520-cid-1.html
2022-10-20,Latest News | Infosys Allows Employees to Take Up Gig Work with Manager Prior Consent,https://www.latestly.com/agency-news/latest-news-infosys-allows-employees-to-take-up-gig-work-with-managers-prior-consent-4358079.html
2022-11-29,Infosys and UNLEASH organize Global Innovation Lab 2022 to advance youth - led solutions in alignment with UN Sustainable Development Goals,https://news.webindia123.com/news/Articles/Business/20221129/4008945.html
2022-11-21,Infosys InStep ranked as the  Best Internship Program  for five consecutive years,https://news.webindia123.com/news/Articles/Business/20221121/4006111.html
2022-11-30,"Infosys , TCS , Wipro shares recover from 52 - week lows ; what should investors do ?",https://www.businesstoday.in/markets/stocks/story/infosys-shares-tcs-shares-wipro-rise-52-week-low-target-price-354697-2022-11-30
2022-10-21,Infosys has thrown a challenge : Ex - HCL CEO hails IT firm for allowing employees to take up gig work,https://www.businesstoday.in/latest/corporate/story/infosys-has-thrown-a-challenge-ex-hcl-ceo-hails-it-firm-for-allowing-employees-to-take-up-gig-work-350560-2022-10-21
2022-11-17,infosys : Infosys to roll out 65 % variable pay for Q2,https://economictimes.indiatimes.com/tech/information-tech/infosys-to-roll-out-65-variable-pay-for-q2/articleshow/95565304.cms
2022-11-16,"For Businesses To Make $460 Billion In Profits , Infosys Research Says ...",https://www.ndtv.com/business/infosys-identifies-three-factors-that-can-help-businesses-rake-in-460-billion-in-profit-3526447
2022-12-08,Infosys Research : Nine out of Ten Executives Report ESG Delivers ROI,https://www.adnkronos.com/infosys-research-nine-out-of-ten-executives-report-esg-delivers-roi_6FL1MClwK1ZUftrbrCH9Jb
2022-11-15,"Infosys Science Foundation announces six prize winners for 2022 , including two from Bengaluru",https://www.thehindu.com/news/cities/bangalore/infosys-science-foundation-announces-six-prize-winners-for-2022-including-two-from-bengaluru/article66139694.ece
2022-10-21,Infosys allows employees to take up gig work with manager prior consent,https://www.thehindubusinessline.com/info-tech/infosys-allows-employees-to-take-up-gig-work-with-managers-prior-consent/article66038943.ece
2022-12-05,Infosys Sweden : Infosys sets up center in Sweden - The Economic Times,https://economictimes.indiatimes.com/tech/information-tech/infosys-sets-up-center-in-sweden/articleshow/96006624.cms
2022-11-09,Manipur Govt inks memorandum with Infosys to hone teaching - learning activities,https://news.webindia123.com/news/Articles/India/20221109/4001844.html
2022-10-20,Infosys permits employees to take up gig work with prior consent : Report,https://www.businesstoday.in/latest/corporate/story/infosys-permits-employees-to-take-up-gig-work-with-prior-consent-from-managers-350464-2022-10-20
2022-12-01,"Infosys Ltd spurts 1 . 47 %, gains for third straight session",https://www.business-standard.com/article/news-cm/infosys-ltd-spurts-1-47-gains-for-third-straight-session-122120100555_1.html
2022-11-05,"The company that pays Akshata Murthy , wife of British PM Rishi Sunak , £11 . 5 million a year is still operating in Russia , report says",http://www.msn.com/en-us/news/other/the-company-that-pays-akshata-murthy-wife-of-british-pm-rishi-sunak-%C2%A3115-million-a-year-is-still-operating-in-russia-report-says/ar-AA13LLCO
2022-10-20,Infosys allows employees to take up gig work with manager prior consent,https://www.business-standard.com/article/companies/infosys-allows-employees-to-take-up-gig-work-with-managers-prior-consent-122102100014_1.html
2022-10-17,"Wipro , Infosys , Capgemini : Freshers await offer letters for up to 10 months after selection",https://www.businesstoday.in/latest/corporate/story/wipro-infosys-capgemini-freshers-await-offer-letters-for-up-to-10-months-after-selection-350046-2022-10-17
2022-12-29,Narayana Murthy Would Reach Infosys Campus At 6 : 20 AM Daily To ...,https://www.ndtv.com/business/narayana-murthy-would-reach-infosys-campus-at-6-20-am-daily-to-3646685
2022-10-21,Gig work - Infosys allows employees to take up  gig  jobs,https://www.telegraphindia.com/business/infosys-allows-employees-to-take-up-gig-jobs/cid/1893298
2022-12-05,Stuart Robert told lobbyist not to donate to Angus Taylor fundraising group as  it will be declared and it will hurt you  | Liberal party,https://www.theguardian.com/australia-news/2022/dec/06/stuart-robert-told-lobbyist-not-to-donate-to-angus-taylor-fundraising-group-as-it-will-be-declared-and-it-will-hurt-you
2022-12-27,Cobalt 2 . 0 highlights power of cloud technologies for Infosys and its industry customers,https://siliconangle.com/2022/12/26/cobalt-2-0-highlights-power-of-cloud-technologies-for-infosys-and-its-industry-customers-reinvent/
2022-10-07,Former US hiring exec sues Infosys over biases,https://timesofindia.indiatimes.com/business/india-business/former-us-hiring-exec-sues-infosys-over-biases/articleshow/94691765.cms
2022-11-16,"After Wipro And Infosys , THIS IT Company To Allow Employees To Take Up  Gig  Jobs With Prior Consent",https://www.india.com/business/tech-mahindra-moonlighting-new-policy-to-allow-employees-to-take-up-gig-jobs-with-prior-consent-harshvendra-soin-5745516/
2022-11-06,"The company that pays Akshata Murthy , wife of British PM Rishi Sunak , £11 . 5 million a year is still operating in Russia , report says",https://www.businessinsider.in/tech/news/the-company-that-pays-akshata-murthy-wife-of-british-pm-rishi-sunak-11-5-million-a-year-is-still-operating-in-russia-report-says/articleshow/95324600.cms
2022-11-14,Infosys crafts 3 - phase hybrid plan for work - from - office,https://timesofindia.indiatimes.com/business/india-business/infosys-crafts-3-phase-hybrid-plan-for-work-from-office/articleshow/95497341.cms
2022-11-04,Infosys still operating from Russia eight months after saying it was pulling out,https://www.theguardian.com/world/2022/nov/04/infosys-still-operating-russia-rishi-sunak-akshata-murty
2022-12-28,"SID Ki SIP : Buy ICICI Bank , Infosys , Airtel , L & T shares - check price targets",https://www.zeebiz.com/market-news/news-sid-ki-sip-buy-icici-bank-infosys-airtel-larsen-toubro-shares-check-price-targets-214891
2022-12-08,Infosys Research : Nine out of Ten Executives Report ESG Delivers ROI,https://www.finanznachrichten.de/nachrichten-2022-12/57792706-infosys-research-nine-out-of-ten-executives-report-esg-delivers-roi-008.htm
2022-11-06,Genex Infosys to supply electronic fiscal devices,https://www.thedailystar.net/business/economy/news/genex-infosys-supply-electronic-fiscal-devices-3162191
2022-11-05,"The company that pays Akshata Murthy , wife of British PM Rishi Sunak , £11 . 5 million a year is still operating in Russia , report says",https://finance.yahoo.com/news/company-pays-akshata-murthy-wife-135250826.html
2022-10-20,infosys : Infosys to allow employees to take external gigs,https://economictimes.indiatimes.com/tech/information-tech/infosys-to-allow-employees-to-take-external-gigs/articleshow/94995021.cms
2022-11-15,Gambia kid deaths due to Indian cough syrup an  unimaginable shame : Infosy Narayana Murthy,https://www.deccanherald.com/national/gambia-kids-deaths-due-to-indian-cough-syrup-an-unimaginable-shame-infosys-narayana-murthy-1162596.html
2022-12-08,Infosys Research : Nine out of Ten Executives Report ESG Delivers ROI,https://www.prnewswire.com:443/news-releases/infosys-research-nine-out-of-ten-executives-report-esg-delivers-roi-301698115.html
2022-12-08,Infosys Research : Nine out of Ten Executives Report ESG Delivers ROI,https://www.prnewswire.com:443/news-releases/infosys-research-nine-out-of-ten-executives-report-esg-delivers-roi-301698111.html
2022-12-08,Infosys Research : Nine out of Ten Executives Report ESG Delivers ROI,https://www.prnewswire.com/news-releases/infosys-research-nine-out-of-ten-executives-report-esg-delivers-roi-301698111.html
2022-12-08,Infosys Research : Nine out of Ten Executives Report ESG Delivers ROI,https://www.prnewswire.com/news-releases/infosys-research-nine-out-of-ten-executives-report-esg-delivers-roi-301698115.html
2022-12-27,"IT giant Infosys buys back 15 , 85 , 000 of its shares for Rs 1 , 510 . 71 each",https://www.freepressjournal.in/business/it-giant-infosys-buys-back-1585000-of-its-shares-for-rs-151071-each
2022-12-01,Stuart Robert denies pressuring officials over leaked emails,https://www.smh.com.au/politics/federal/stuart-robert-denies-pressuring-officials-over-leaked-emails-20221201-p5c2py.html
2022-11-05,Infosys likely to reclaim No . 2 spot from Cognizant soon,https://timesofindia.indiatimes.com/business/india-business/infosys-likely-to-reclaim-no-2-spot-from-cognizant-soon/articleshow/95311388.cms
2022-12-01,Stuart Robert denies pressuring officials over leaked emails,https://www.theage.com.au/politics/federal/stuart-robert-denies-pressuring-officials-over-leaked-emails-20221201-p5c2py.html
2022-12-30,"Tech titan Infosys buys back 15 , 85 , 000 shares for Rs 1 , 523 . 30 each",https://www.freepressjournal.in/business/tech-titan-infosys-buys-back-1585000-shares-for-rs-152330-each
2022-12-15,"infosys : Build companies on differentiated values , not pricing : Infosys founder NR Narayana Murthy",https://economictimes.indiatimes.com/tech/tech-bytes/build-companies-on-differentiated-values-not-pricing-infosys-founder-nr-narayana-murthy/articleshow/96260028.cms
2022-10-11,Ravi Kumar S resigns : Infosys president Ravi Kumar S resigns,https://economictimes.indiatimes.com/tech/information-tech/infosys-president-ravi-kumar-s-resigns/articleshow/94789675.cms
2022-10-03,TCS vs Infosys vs HCL Tech : Stock that analysts are betting on ahead of Q2 results,https://www.businesstoday.in/markets/story/tcs-vs-infosys-vs-hcl-tech-stock-that-analysts-are-betting-on-ahead-of-q2-results-348834-2022-10-03
2022-12-01,Stuart Robert denies pressuring officials over leaked emails,https://www.watoday.com.au/politics/federal/stuart-robert-denies-pressuring-officials-over-leaked-emails-20221201-p5c2py.html
2022-12-01,Stuart Robert denies pressuring officials over leaked emails,https://www.brisbanetimes.com.au/politics/federal/stuart-robert-denies-pressuring-officials-over-leaked-emails-20221201-p5c2py.html
2022-12-08,Infosys Research : Nine out of Ten Executives Report ESG Delivers ROI,https://finance.yahoo.com/news/infosys-research-nine-ten-executives-102200936.html
2022-11-29,infosys : Infosys to host Unleash global innovation lab at its Mysuru campus from December 3,https://economictimes.indiatimes.com/tech/information-tech/infosys-to-host-unleashs-global-innovation-lab-at-its-mysuru-campus-from-december-3/articleshow/95858341.cms
2022-11-16,"Axis Bank , SBI , Infosys & Hindalco among Nifty stocks gaining most since Q2 results . Should you buy ?",https://www.businesstoday.in/markets/stocks/story/axis-bank-sbi-infosys-hindalco-among-nifty-stocks-gaining-most-since-q2-results-should-you-buy-353030-2022-11-16
2022-11-02,Infosys and Microsoft collaborate for Spark ERP driven business transformation,https://www.business-standard.com/article/news-cm/infosys-and-microsoft-collaborate-for-spark-s-erp-driven-business-transformation-122110200243_1.html
2022-11-15,Death of 66 children in Gambia has brought unimaginable shame to India : Narayana Murthy,https://www.thehindu.com/news/national/karnataka/death-of-66-children-in-gambia-has-brought-unimaginable-shame-to-india-narayana-murthy/article66140088.ece
2022-12-26,What today businesses can learn from the Infosys legends,https://economictimes.indiatimes.com/wealth/invest/what-todays-businesses-can-learn-from-the-infosys-legends/articleshow/96472725.cms
2022-11-15,Unimaginable Shame : Narayana Murthy On Deaths Due To Indian Cough Syrup In Gambia,https://www.ndtv.com/india-news/unimaginable-shame-narayana-murthy-on-deaths-due-to-indian-cough-syrup-in-gambia-3522262
2022-11-15,"Infosys ends work from home , asks employees to return to office in phases",https://nextbigwhat.com/infosys-ends-work-from-home-asks-employees-to-return-to-office-in-phases/
2022-11-17,Infosys slashes variable pay again ; 65 % performance pay to eligible employees,https://www.businesstoday.in/latest/corporate/story/infosys-slashes-variable-pay-again-65-performance-pay-to-eligible-employees-353153-2022-11-17
2022-10-07,"Infosys faces legal action in US for alleged discrimination on basis of gender , race",https://www.freepressjournal.in/business/infosys-faces-legal-action-in-us-for-alleged-discrimination-on-basis-of-gender-race
2022-12-08,Infosys Research : Nine out of Ten Executives Report ESG Delivers ROI,https://finance.yahoo.com/news/infosys-research-nine-ten-executives-110800977.html
2022-12-08,Infosys Research : Nine out of Ten Executives Report ESG Delivers ROI ( 1 ),https://www.europapress.es/comunicados/internacional-00907/noticia-comunicado-infosys-research-nine-out-of-ten-executives-report-esg-delivers-roi-20221208112721.html
2022-10-10,"Infosys former HR claims IT company asked her not to hire people with Indian origin , mothers",https://www.businesstoday.in/technology/story/infosys-former-hr-claims-it-company-asked-her-not-to-hire-people-with-indian-origin-mothers-349399-2022-10-10
2022-12-15,Regret opposing key roles for Infosys founder children : NR Narayana Murthy,https://timesofindia.indiatimes.com/business/india-business/regret-opposing-key-roles-for-infosys-founders-children-nr-narayana-murthy/articleshow/96239937.cms
2022-11-01,"Meet Sudha Murty , mother - in - law of united kingdom PM Rishi Sunak : Net worth of Narayana Murthy wife stands at Rs 775 crore",https://www.dnaindia.com/india/report-meet-sudha-murty-mother-in-law-of-uk-pm-rishi-sunak-net-worth-of-narayana-murthy-s-wife-stands-at-rs-775-cr-2997854
2022-11-06,UK PM Doesnt Want To Talk About Company Still Operating In Russia,https://crooksandliars.com/2022/11/uk-pm-doesnt-want-talk-about-company-still
2022-10-17,Ex - Infosys president Ravi Kumar to join as president for Cognizant Americas,https://timesofindia.indiatimes.com/business/india-business/ex-infosys-president-ravi-kumar-to-join-as-president-for-cognizant-americas/articleshow/94921616.cms
2022-11-21,infosys : Uptick seen in Infy cost saving - based deals : Kotak report,https://economictimes.indiatimes.com/tech/information-tech/uptick-seen-in-infosyss-cost-saving-based-deals-kotak-report/articleshow/95668777.cms
2022-12-11,infosys : Infosys pledges to step up efforts on digital skilling,https://economictimes.indiatimes.com/tech/information-tech/infosys-pledges-to-step-up-efforts-on-digital-skilling/articleshow/96150229.cms
2022-11-19,Infosys Employees To Get Only 65 % Of Variable Pay For September Quarter : Report,https://www.ndtv.com/business/infosys-employees-to-get-only-65-of-variable-pay-for-september-quarter-report-3532915
2022-10-11,Infosys President Ravi Kumar S resigns,https://www.indiatvnews.com/business/news/infosys-president-ravi-kumar-s-resigns-ahead-of-second-quarter-earnings-announcement-2022-10-11-815491
2022-11-15,Narayana Murthy : Children death due to Indian syrup a shame : IT czar Narayana Murthy,https://economictimes.indiatimes.com/news/india/childrens-death-due-to-indian-syrup-a-shame-it-czar-narayana-murthy/articleshow/95534287.cms
2022-12-14,infosys : I was completely wrong in not allowing next gen at Infosys : NR Narayana Murthy,https://economictimes.indiatimes.com/tech/information-tech/i-was-completely-wrong-in-not-allowing-next-gen-at-infosys-nr-narayana-murthy/articleshow/96232693.cms
2022-12-15,Infosys To Be Led By A Non founder After Nilekani,https://www.businessworld.in/article/Infosys-To-Be-Led-By-A-Non-founder-After-Nilekani/15-12-2022-458157/
2022-12-15,"I am The Last Joker ..., Infosys Chairman Nandan Nilekani Announces Succession Plans",https://www.india.com/business/i-am-the-last-joker-infosys-chairman-nandan-nilekani-announces-succession-plans-5803488/
2022-12-15,Nandan Nilekani talks about Infosy sucession plan,https://www.prokerala.com/news/articles/a1372218.html
2022-10-13,"Infosys gains ahead of share buyback meet , Q2 results . Here what analysts say",https://www.businesstoday.in/markets/top-story/story/infosys-gains-ahead-of-share-buyback-meet-q2-results-heres-what-analysts-say-349710-2022-10-13
2022-10-11,Infosys Board To Decide On Share Buyback Proposal On Thursday,https://www.ndtv.com/business/infosys-board-to-decide-on-share-buyback-on-thursday-3419759
2022-10-11,Infosys President Ravi Kumar S resigns ahead of Q2 earnings announcement,https://www.businesstoday.in/latest/corporate/story/infosys-president-ravi-kumar-s-resigns-ahead-of-q2-earnings-announcement-349574-2022-10-11
2022-10-14,Infosys too cracks whip but mulling policy to allow moonlighting,https://www.prokerala.com/news/articles/a1354076.html
2022-12-15,NRN : Was Wrong in Not Allowing Next Gen at Infy,https://economictimes.indiatimes.com/epaper/delhicapital/2022/dec/15/et-front/nrn-was-wrong-in-not-allowing-next-gen-at-infy/articleshow/96235026.cms
2022-10-11,Infosys president resigns before earning announcement,https://gulfnews.com/business/retail/infosys-president-resigns-before-earnings-announcement-1.1665517580687
2022-10-11,Infosys President Ravi Kumar S Resigns Days Ahead Of Q2 Earnings Announcement,https://www.ndtv.com/business/infosys-president-ravi-kumar-s-resigns-days-ahead-of-q2-earnings-announcement-3422452
2022-12-14,Infosys aims to create India different from 20th century model : Murthy,https://www.business-standard.com/article/companies/infosys-aims-to-create-india-different-from-20th-century-model-murthy-122121401270_1.html
2022-10-14,"Infosy Rs 9 , 300 Crore Share Buyback Announcement",https://www.indiatimes.com/worth/news/infosys-announces-rs-9300-crore-share-buyback-582059.html
2022-10-21,"Infosys formalizes moonlighting , allows staff to take up work with prior permission , say sources",https://www.prokerala.com/news/articles/a1356154.html
2022-10-09,Avoid Indian - Origin Candidate : Infosys Faces Legal Battle In US Over Alleged Bias,https://www.indiatimes.com/news/world/infosys-bias-suit-in-the-us-581611.html
2022-12-14,Infosys aims to create India different from 20th century model : Narayana Murthy,https://www.prokerala.com/news/articles/a1372109.html
2022-10-11,Infosys says Ravi Kumar S resigns as President effective today,https://www.business-standard.com/article/companies/infosys-says-ravi-kumar-s-resigns-as-president-effective-today-122101101148_1.html
2022-12-14,Our task at Infosys is incomplete : Narayana Murthy - The Hindu BusinessLine,https://www.thehindubusinessline.com/info-tech/nilekani-hints-at-exiting-infosys/article66263492.ece
2022-10-12,Infosys President Ravi Kumar S resigns,http://www.deccanchronicle.com/business/companies/121022/infosys-president-ravi-kumar-s-resigns.html
2022-10-11,Infosys President Ravi Kumar S Resigns,https://www.businessworld.in/article/Infosys-President-Ravi-Kumar-S-Resigns/11-10-2022-450141/
2022-12-14,Infosys aims to create India different from 20th century model : Narayana Murthy,https://news.webindia123.com/news/Articles/Business/20221215/4014923.html
2022-11-06,"Genex Infosys to distribute EFDs , SDCs among businesses",https://www.thedailystar.net/business/news/genex-infosys-distribute-efds-sdcs-among-businesses-3161936
2022-10-03,Infosys Energy Transition Challenge in India,https://www2.fundsforngos.org/environment/infosys-energy-transition-challenge-in-india/
2022-10-11,Infosys president resigns before earning announcement,https://www.khaleejtimes.com/business/infosys-president-resigns-before-earnings-announcement
2022-11-15,Death of 66 children in Gambia brings unimaginable shame to India : Narayana Murthy,https://www.thehindubusinessline.com/news/death-of-66-children-in-gambia-brings-unimaginable-shame-to-india-narayana-murthy/article66140523.ece
2022-10-21,Infosys to permit employees to take external gigs,https://www.siliconindia.com/news/general/infosys-to-permit-employees-to-take-external-gigs-nid-220273-cid-1.html
2022-10-11,"Infosys president Ravi Kumar resigns , says company",https://timesofindia.indiatimes.com/business/india-business/infosys-president-ravi-kumar-resigns-says-company/articleshow/94792361.cms
2022-12-09,Infosys vs TCS vs Wipro : Which stock is Nomura top IT sector pick ?,https://www.businesstoday.in/markets/stocks/story/infosys-vs-tcs-vs-wipro-which-stock-is-nomuras-top-it-sector-pick-355760-2022-12-09
2022-10-08,infosys hiring bias case : US court rejects Infosy motion to dismiss  culture of bia complaint by former executive,https://economictimes.indiatimes.com/tech/information-tech/us-court-rejects-infosys-motion-to-dismiss-culture-of-bias-complaint-by-former-executive/articleshow/94719461.cms
2022-10-10,Infosys - Infosys board to decide on share buyback on October 13,https://www.telegraphindia.com/business/infosys-board-to-decide-on-share-buyback-on-october-13/cid/1891293
2022-10-11,IT - Infosys President Ravi Kumar S resigns,https://www.telegraphindia.com/business/infosys-president-ravi-kumar-s-resigns/cid/1891451
2022-12-12,"Infosys stocks : Hold Infosys , target price Rs 1640 : JM Financial",https://economictimes.indiatimes.com/markets/stocks/recos/hold-infosys-target-price-rs-1640-jm-financial/articleshow/96164701.cms
2022-10-21,"Infosys Formalizes Moonlighting , Allows Staff To Take Up Wo ...",https://menafn.com/1105058169/Infosys-Formalizes-Moonlighting-Allows-Staff-To-Take-Up-Work-With-Prior-Permission-Say-Sources
2022-12-16,"Is Paytm , Infosys Buyback Plan In Line With Shareholder Interests ?",https://www.ndtv.com/business/is-paytm-infosys-buyback-plan-in-line-with-shareholders-interests-3611777
2022-12-15,Infosys Aims To Create India Different From 20Th Century Mo ...,https://menafn.com/1105311906/Infosys-Aims-To-Create-India-Different-From-20Th-Century-Model-Narayana-Murthy
2022-12-08,Infosys Research : Nine out of Ten Executives Report ESG Delivers ROI,https://news.webindia123.com/news/Articles/Business/20221208/4012417.html
2022-11-15,Infosys Science Foundation announces six winners of Infosys Prize 2022 ; Check list here,https://www.businesstoday.in/latest/story/infosys-science-foundation-announces-six-winners-of-infosys-prize-2022-check-list-here-352964-2022-11-15
2022-10-14,"Tata Motors stock : Hot Stocks : Brokerages on Tata Motors , Infosys , Mindtree and Ambuja Cement",https://economictimes.indiatimes.com/markets/stocks/news/hot-stocks-brokerages-on-tata-motors-infosys-mindtree-and-ambuja-cement/articleshow/94853695.cms
2022-10-11,Infosys buyback : Infosys share buyback plan : Will it be a boon or bane for stock performance ?,https://economictimes.indiatimes.com/markets/stocks/news/infosys-share-buyback-plan-will-it-be-a-boon-or-bane-for-stock-performance/articleshow/94793342.cms
2022-12-14,"Infosys and WSJ Intelligence Report : Despite economic downturn , employees still hold power in workplace",https://markets.businessinsider.com/news/stocks/infosys-and-wsj-intelligence-report-despite-economic-downturn-employees-still-hold-power-in-workplace-1031971667
2022-10-11,Infosys to consider share buyback proposal on October 13,https://www.businesstoday.in/markets/company-stock/story/infosys-to-consider-share-buyback-proposal-on-october-13-349478-2022-10-11
2022-12-01,Broker Call : Infosys ( Buy ) - The Hindu BusinessLine,https://www.thehindubusinessline.com/markets/brokers-call-infosys-buy/article66209433.ece
2022-10-13,INFY Stock : Quarterly Revenue Tops Estimates Amid Infosys Stock Buyback,https://www.investors.com/news/technology/infy-stock-infosys-earnings-infosys-stock-q32022/
2022-12-14,"Infosys and WSJ Intelligence Report : Despite economic downturn , employees still hold power in workplace",https://www.prnewswire.com/news-releases/infosys-and-wsj-intelligence-report-despite-economic-downturn-employees-still-hold-power-in-workplace-301702956.html
2022-11-04,"Infosys Cuts Incentives , Bonuses For Lakhs Of Employees . Deets Inside",https://www.india.com/business/infosys-careers-variable-pay-incentives-bonus-infosys-share-price-bse-latest-news-today-4th-november-2022-5722898/
2022-12-15,Infosys vs Wipro vs TCS : Which IT stock can emerge as a value buy in 2023 ?,https://www.businesstoday.in/markets/stocks/story/infosys-shares-tcs-shares-wipro-stock-fall-stocks-to-buy-2023-356526-2022-12-15
2022-12-15,Infosys @ 40 : From an idea in a one - bedroom apartment to a $71 . 41 bn company,https://www.business-standard.com/article/companies/infosys-40-from-an-idea-in-a-one-bedroom-apartment-to-a-71-41-bn-company-122121500199_1.html
2022-11-24,"CLOSING BELL : Bull Run On Dalal Street ! Sensex Closes At All - Time High , Nifty Touches 52 - Week High",https://www.india.com/business/closing-bell-bull-run-on-dalal-street-sensex-closes-at-all-time-high-nifty-touches-52-week-high-5762932/
2022-10-13,"Infosys Sets $1 . 13 Billion Share Buyback , Reports 11 % Rise In Q2 Profit",https://www.ndtv.com/business/infosys-sets-1-13-billion-share-buyback-reports-11-rise-in-q2-profit-3428229
2022-10-11,"Ravi Kumar S resigns as president effective today , says Infosys",https://www.business-standard.com/article/companies/ravi-kumar-s-resigns-as-president-effective-today-says-infosys-122101101334_1.html
2022-12-14,"Infosys and WSJ Intelligence Report : Despite economic downturn , employees still hold power in workplace",https://www.marketscreener.com/quote/stock/INFOSYS-LIMITED-56049208/news/Infosys-and-WSJ-Intelligence-Report-Despite-economic-downturn-employees-still-hold-power-in-workpl-42546178/
2022-11-05,infosys : Infosys likely to reclaim No . 2 spot from Cognizant soon,https://economictimes.indiatimes.com/markets/stocks/earnings/infosys-likely-to-reclaim-no-2-spot-from-cognizant-soon/articleshow/95315012.cms
2022-10-11,Infosys board to consider buyback of shares on October 13,https://www.dnaindia.com/business/report-infosys-board-to-consider-buyback-of-shares-on-october-13-2991849
2022-11-15,Hatch Delights Customers With Immersive Design Reviews,https://www.forbes.com/sites/patrickmoorhead/2022/11/15/hatch-delights-customers-with-immersive-design-reviews/
2022-10-10,Infosys faces  culture of bia lawsuit in US : The Tribune India,https://www.tribuneindia.com/news/nation/infosys-faces-culture-of-bias-lawsuit-in-us-439718
2022-12-15,Infosys aims to create India different from 20th century model : Narayana Murthy,https://www.siliconindia.com/news/general/infosys-aims-to-create-india-different-from-20th-century-model-narayana-murthy-nid-220697-cid-1.html
2022-10-14,"Infosys shares surge on buyback announcement , Q2 results",https://zeenews.india.com/markets/infosys-shares-surge-on-buyback-announcement-q2-results-2521714.html
2022-11-16,Better data practices can bring in incremental profits of $460 bn for enterprises : Infosys study,https://www.thehindu.com/business/Industry/better-data-practices-can-bring-in-incremental-profits-of-460-bn-for-enterprises-infosys-study/article66144407.ece
2022-11-16,Better data practices can bring in incremental profits of $460 bn for enterprises : Infosys study,https://www.thehindu.com/business/better-data-practices-can-bring-in-incremental-profits-of-460-bn-for-enterprises-infosys-study/article66144407.ece
2022-12-14,"Narayana Murthy thanks Nandan Nilekani , Salil Parekh for reviving Infosys , says he has renounced interest in the business world",https://www.businesstoday.in/latest/corporate/story/narayana-murthy-thanks-nandan-nilekani-salil-parekh-for-reviving-infosys-says-he-has-renounced-interest-in-the-business-world-356422-2022-12-14
2022-10-14,"Like Wipro , Infosys lets go of staff for moonlighting too",https://timesofindia.indiatimes.com/business/india-business/like-wipro-infosys-lets-go-of-staff-for-moonlighting-too/articleshow/94847883.cms
2022-10-06,"Corrections and Clarifications October 7 , 2022",https://www.thehindu.com/opinion/Readers-Editor/corrections-and-clarifications/corrections-and-clarifications-october-7-2022/article65977003.ece
2022-10-11,Infosys President Resigns Before Earning Announcement,https://menafn.com/1105004422/Infosys-President-Resigns-Before-Earnings-Announcement
2022-12-21,Infosys recognised with  A  score for transparency on climate change,https://www.business-standard.com/article/companies/infosys-recognised-with-a-score-for-transparency-on-climate-change-122122100431_1.html
2022-12-21,Infosys recognized with  A  score for transparency on climate change,https://www.prokerala.com/news/articles/a1374083.html
2022-10-13,"Infosys Q2 preview : Profit may rise 10 - 12 %; Rs 8 , 000 - 10 , 000 cr share buyback likely",https://www.businesstoday.in/markets/top-story/story/infosys-q2-preview-profit-may-rise-10-12-rs-8000-10000-cr-share-buyback-likely-349697-2022-10-13
2022-10-11,"Infosys board to consider results , share buyback on Oct 13 - The Hindu BusinessLine",https://www.thehindubusinessline.com/markets/stock-markets/infosys-board-to-consider-results-share-buyback-on-oct-13/article65995298.ece
2022-10-11,Infosys President Ravi Kumar S resigns - The Hindu BusinessLine,https://www.thehindubusinessline.com/info-tech/infosys-president-ravi-kumar-s-resigns/article65997371.ece
2022-10-16,Infosys delays onboarding date again ; job claimants say  fourth postponement in four months,https://www.businesstoday.in/latest/corporate/story/infosys-delays-onboarding-date-again-job-claimants-say-fourth-postponement-in-four-months-349981-2022-10-16
2022-11-02,"Infosys To Take Shareholder Approval For ₹9 , 300 Crore Share Buyback",https://www.ndtv.com/business/infosys-to-take-shareholders-nod-for-rs-9-300-crore-share-buyback-3481599
2022-10-09,Avoid Indian - Origin Candidate : Infosys Faces  Culture Of Bias  Suit In US,https://www.ndtv.com/india-news/avoid-indian-origin-candidates-infosys-faces-culture-of-bias-suit-in-us-3415540
2022-10-17,Ravi Kumar who quit Infosys to take up similar job with Cognizant,https://www.thehindu.com/business/ravi-kumar-who-quit-infosys-to-take-up-similar-job-with-cognizant/article66023280.ece
2022-10-17,Ex - Infosys president Ravi Kumar to join as president for Cognizant Americas,https://www.business-standard.com/article/companies/ex-infosys-president-ravi-kumar-to-join-as-president-for-cognizant-americas-122101701303_1.html
2022-11-20,"Eight of top - 10 firms add Rs 42 , 173 crore in m - cap ; ICICI Bank , Infy biggest gainers",https://timesofindia.indiatimes.com/business/markets/sensex/eight-of-top-10-firms-add-rs-42173-crore-in-m-cap-icici-bank-infy-biggest-gainers/articleshow/95635341.cms
2022-11-20,"ICICI Bank , Infosys top gainers as eight of top - 10 firms add Rs 42 , 173 cr in market capital",https://zeenews.india.com/markets/icici-bank-infosys-top-gainers-as-eight-of-top-10-firms-add-rs-42173-cr-in-market-capital-2537835.html
2022-10-14,"After Wipro , Infosys softens stance on side gigs , but moonlighting still discouraged",https://www.freepressjournal.in/business/after-wipro-infosys-softens-stance-on-moonlighting-considers-policy-to-allow-side-jobs-for-employees
2022-11-20,"Mcap : Eight of top - 10 firms add ₹42 , 173 cr ; ICICI Bank , Infosys biggest gainers",https://www.thehindubusinessline.com/markets/mcap-eight-of-top-10-firms-add-42173-cr-icici-bank-infosys-biggest-gainers/article66160114.ece
2022-10-12,options : Two Options to play Infosys ahead of its Sept results,https://economictimes.indiatimes.com/markets/stocks/news/two-options-to-play-infosys-ahead-of-its-sept-results/articleshow/94797633.cms
2022-11-20,"Eight of top - 10 firms add Rs 42 , 173 crore in m - cap ; ICICI Bank , Infy biggest gainers",https://www.tribuneindia.com/news/business/eight-of-top-10-firms-add-rs-42-173-crore-in-m-cap-icici-bank-infy-biggest-gainers-452857
2022-10-13,We Do Not Support Dual Employment Infosys CEO,https://www.businessworld.in/article/We-Do-Not-Support-Dual-Employment-Infosys-CEO/13-10-2022-450419/
2022-10-07,Infosys again faces legal action for age and gender discrimination in US,https://www.business-standard.com/article/companies/infosys-again-faces-legal-action-for-age-and-gender-discrimination-in-us-122100700490_1.html
2022-10-03,"infosys share price : Hot Stocks : Brokerages on Reliance Industries , Delhivery and Infosys",https://economictimes.indiatimes.com/markets/stocks/news/hot-stocks-brokerages-on-reliance-industries-delhivery-and-infosys/articleshow/94614182.cms
2022-10-30,"For Rishi Sunak , family wealth from outsourcing adds to a secretive fortune",https://www.straitstimes.com/world/europe/for-rishi-sunak-family-wealth-from-outsourcing-adds-to-a-secretive-fortune
2022-10-13,"Infosys Says Doesnt Support Moonlighting , Has Fired Violators",https://www.ndtv.com/india-news/infosys-says-doesnt-support-moonlighting-has-fired-violators-3429810
2022-10-04,"Freshers offered jobs by Wipro , Infosys left hanging for months , now get rejected",https://www.freepressjournal.in/business/freshers-offered-jobs-by-wipro-infosys-left-hanging-for-months-now-get-rejected
2022-11-27,"Mcap of nine of top 10 firms climbs Rs 79 , 798 crore ; TCS , Infosys biggest winners",https://timesofindia.indiatimes.com/business/markets/sensex/mcap-of-nine-of-top-10-firms-climbs-rs-79798-crore-tcs-infosys-biggest-winners/articleshow/95801063.cms
2022-11-27,"TCS , Infosys top gainers as nine of top - 10 firms add Rs 79 , 798 . 3 cr in market capital",https://zeenews.india.com/markets/tcs-infosys-top-gainers-as-nine-of-top-10-firms-add-rs-79798-3-cr-in-market-capital-2540645.html
2022-10-11,Infosys board to decide on share buyback on October 13,https://zeenews.india.com/markets/infosys-board-to-decide-on-share-buyback-on-october-13-2520519.html
2022-12-14,Im last of the jokers left ; no plan B after I leave Infosys : Nilekani,https://www.business-standard.com/article/companies/i-am-the-last-joker-standing-no-plan-b-when-i-leave-infosys-nilekani-122121401241_1.html
2022-11-28,"Mcap of 9 of top 10 firms climbs Rs 79 , 798 cr ; TCS , Infosys biggest winners",https://www.business-standard.com/article/markets/mcap-of-9-of-top-10-firms-climbs-rs-79-798-cr-tcs-infosys-biggest-winners-122112700164_1.html
2022-10-10,Infosys board to consider a proposal for buyback of equity shares on Oct 13,https://www.business-standard.com/article/pti-stories/infosys-board-to-decide-on-share-buyback-on-thursday-122101001301_1.html
2022-11-27,"M - cap of nine of top 10 firms climbs Rs 79 , 798 cr ; TCS , Infosys biggest winners",https://www.thehindubusinessline.com/markets/stock-markets/m-cap-of-nine-of-top-10-firms-climbs-rs-79798-cr-tcs-infosys-biggest-winners/article66190721.ece
2022-12-21,Infosys recognized with  A  score for transparency on climate change,https://www.daijiworld.com/news/newsDisplay?newsID=1031737
2022-12-05,Infosys set up new proximity center in Sweden,https://www.business-standard.com/article/news-cm/infosys-set-up-new-proximity-center-in-sweden-122120500656_1.html
2022-12-16,Infosys gets greenlight to deliver Centrelink payments engine,https://www.arnnet.com.au/article/704153/infosys-gets-greenlight-deliver-centrelink-payments-engine/
2022-12-22,Mr Narayan Murthy You Were Actually Right All These Years - Prabal Basu Roy,https://www.businessworld.in/article/Mr-Narayan-Murthy-You-Were-Actually-Right-All-These-Years/22-12-2022-459032/
2022-10-11,Infosys gains nearly 1 % as board to consider share buyback on Thursday,https://www.business-standard.com/article/markets/infosys-gains-nearly-1-as-board-to-consider-share-buyback-on-thursday-122101100190_1.html
2022-11-15,Narayan Murthy says death of Gambia children due to Indian cough syrup shameful,https://www.dnaindia.com/india/report-narayana-murthy-gambia-children-death-indian-cough-syrup-african-children-death-infosys-bengaluru-infosy-3002526
2022-11-11,"There is more appreciation of Science and Technology after Covid - 19 , says Infosys co - founder",https://www.thehindu.com/opinion/interview/there-is-more-appreciation-of-science-and-technology-after-covid-19-says-infosys-co-founder/article66125345.ece
2022-10-12,Infosys president Ravi Kumar resigns after 20 years with firm,https://timesofindia.indiatimes.com/business/india-business/infosys-president-ravi-kumar-resigns-after-20-years-with-firm/articleshow/94795851.cms
2022-10-20,Infosys gives a salary hike upto 25 % to its several employees - Details here,https://zeenews.india.com/companies/infosys-gives-a-salary-hike-upto-25-to-its-several-top-performing-employees-2524523.html
2022-10-13,India Infosys plans $1 bn buyback on strong profits,https://techxplore.com/news/2022-10-india-infosys-bn-buyback-strong.html
2022-10-31,Why Infosys will always be problem for Rishi Sunak,https://timesofindia.indiatimes.com/india/rishi-sunaks-stand-on-immigration-is-at-odds-with-infosys-outsourcing/articleshow/95179894.cms
2022-10-11,"Infosys shares drop 2 . 6 % despite buyback proposal , end at Rs 1 , 425",https://www.business-standard.com/article/markets/infosys-shares-drop-2-6-despite-buyback-proposal-end-at-rs-1-425-122101100917_1.html
2022-11-28,"Here why Mehul Kothari recommends to Sell Infosys , Buy Redington",https://www.business-standard.com/article/markets/here-s-why-mehul-kothari-recommends-to-sell-infosys-buy-redington-122111800136_1.html
2022-10-17,"TCS CEO reiterates stand against moonlighting , says it could break apart IT industry",https://www.freepressjournal.in/business/tcs-ceo-reiterates-stand-against-moonlighting-says-it-could-break-apart-it-industry
2022-10-14,"Infosys shares jump 5 % on revision in FY23 guidance , share buyback",https://www.businesstoday.in/markets/company-stock/story/infosys-shares-jump-5-on-revision-in-fy23-guidance-share-buyback-349831-2022-10-14
2022-10-13,"Infosys Q2FY23 Results : Net Profit Jumps 11 . 1 % To Rs 6 , 021 Crore ; Rs 9 , 300 Cr Share ...",https://article.wn.com/view/2022/10/13/Infosys_Q2FY23_Results_Net_Profit_Jumps_111_To_Rs_6021_Crore/
2022-12-10,Bommai calls upon young innovators to save ecology from degradation,https://www.thehindu.com/news/national/karnataka/bommai-calls-upon-young-innovators-to-save-ecology-from-degradation/article66247932.ece
2022-11-06,Mcap of seven of top - 10 most valued firms rises Rs 1 . 33 lakh crore ; Reliance biggest winner,https://timesofindia.indiatimes.com/business/markets/sensex/mcap-of-seven-of-top-10-most-valued-firms-rises-rs-1-33-lakh-crore-reliance-biggest-winner/articleshow/95332335.cms
2022-12-03,Infosys : Postal Ballot | MarketScreener,https://www.marketscreener.com/quote/stock/INFOSYS-LIMITED-9743342/news/Infosys-Postal-Ballot-42466468/
2023-10-20,"Infosys expands partnership with Google Cloud , to train 20 , 000 employees on GenAI",https://timesofindia.indiatimes.com/gadgets-news/infosys-expands-partnership-with-google-cloud-to-train-20000-employees-on-genai/articleshow/104574836.cms
2023-10-18,"Infosys , Google Cloud expand alliance to help firms transform into AI - first organisations",https://www.moneycontrol.com/news/business/infosys-google-cloud-expand-alliance-to-help-firms-transform-into-ai-first-organisations-11556051.html
2023-10-18,Infosys and Google Cloud expand alliance to help enterprises transform into AI - first organizations,https://www.ots.at/presseaussendung/OTE_20231018_OTE0002/infosys-and-google-cloud-expand-alliance-to-help-enterprises-transform-into-ai-first-organizations
2023-11-24,"Meet Narayana Murthy partner , co - founded Rs 595000 crore firm , his net worth is Rs 15006 crore , salary was …",https://www.dnaindia.com/business/report-meet-man-narayana-murthy-s-partner-co-founded-rs-595000-crore-firm-his-net-worth-is-rs-15006-crore-salary-3069440
2023-11-22,Infosys Forges Long - Term Collaboration With TK Elevator For Digital Transformation,https://www.freepressjournal.in/business/infosys-forges-long-term-collaboration-with-tk-elevator-for-digital-transformation
2023-12-23,"Infosys loses ₹12 , 500 crore mega - deal with AI company after CFO resignation",https://www.hindustantimes.com/business/infosys-loses-rs-12-500-crore-mega-deal-with-ai-company-after-cfo-nilanjan-roys-resignation-101703329222974.html
2023-12-27,Infosys shares drop 3 %: Why is Narayana Murthy firm struggling on the market ?,https://www.hindustantimes.com/business/infosys-shares-drop-3-why-is-narayana-murthys-firm-struggling-on-the-stock-market-101703636532501.html
2023-11-30,"infosys : Infosys , Shell united kingdom tie - up to adopt immersion cooling services for data centers",https://economictimes.indiatimes.com/tech/information-tech/infosys-shell-uk-tie-up-to-adopt-immersion-cooling-services-for-data-centers/articleshow/105629040.cms
2023-11-22,Infosys and TK Elevator Extend Strategic Collaboration,https://www.finanznachrichten.de/nachrichten-2023-11/60733601-infosys-and-tk-elevator-extend-strategic-collaboration-008.htm
2023-10-16,"CM Jagan opens five companies ; Gross investment at Rs 1 , 371 crore",https://www.deccanchronicle.com/nation/current-affairs/161023/cm-opens-five-companies-gross-investment-at-rs-1371-crore.html
2023-12-24,Infosys loses mega contract as global client terminates $1 . 5 billion deal,https://timesofindia.indiatimes.com/business/india-business/infosys-loses-mega-contract-as-global-client-terminates-1-5-billion-deal/articleshow/106248403.cms
2023-12-24,Infosys Loses Mega Contract As Global Client Terminates $1 . 5 Bn Deal,https://www.news18.com/business/infosys-loses-mega-contract-as-global-client-terminates-1-5-bn-deal-8716217.html
2023-11-21,Infosys Collaborates With Proximus For IT Modernization Project,https://www.freepressjournal.in/business/infosys-collaborates-with-proximus-for-it-modernization-project
2023-12-23,IT Major Infosys Loses $1 . 5 Billion Deal with Global AI Firm,https://www.timesnownews.com/business-economy/industry/it-major-infosys-loses-1-5-billion-deal-with-global-ai-firm-article-106236220
2023-12-27,Infosys accuses Cognizant of unethical poaching,https://www.prokerala.com/news/articles/a1491490.html
2023-12-24,Infosys loses $1 . 5 bn mega contract ; client terminates deal,https://www.rediff.com/business/report/infosys-loses-15-bn-mega-contract-client-terminates-deal/20231224.htm
2023-12-26,Infosys Shares Down Over 2 % After Losing $1 . 5 Billion Deal ; Details,https://www.news18.com/business/infosys-shares-down-over-2-after-losing-1-5-billion-deal-details-8717625.html
2023-11-28,"Meet IIT graduate who earns over Rs 15 lakh per day , CEO of Rs 595000 crore firm , his salary is …",https://www.dnaindia.com/education/report-meet-iit-graduate-salil-parekh-who-earns-over-rs-15-lakh-per-day-ceo-of-595000-crore-infosys-his-salary-is-3069806
2023-12-29,"Business Success Story : The Inspiring Journey Of Narayana Murthy , Architect Of Success In The Tech World",https://zeenews.india.com/companies/business-success-story-the-inspiring-journey-of-narayana-murthy-architect-of-success-in-the-tech-world-2703961.html
2023-11-03,Infosys subsidiary disrupted by cyber attack,https://yourstory.com:443/enterprise-story/2023/11/infosys-subsidiary-comes-under-cyber-attack
2023-12-23,Infosys terminates $1 . 5 - billion AI deal with global client - The Hindu BusinessLine,https://www.thehindubusinessline.com/companies/infosys-terminates-15-billion-ai-deal-with-global-client/article67669188.ece
2023-11-21,Infosys collaborates with Proximus to deliver IT modernisation and consolidation project,https://www.thehindubusinessline.com/info-tech/infosys-collaborates-with-proximus-to-deliver-it-modernization-and-consolidation-project/article67557393.ece
2023-11-06,Infosys : Infy Subsidiary In Us Hit By Ransomware |,https://timesofindia.indiatimes.com/city/bengaluru/infy-subsidiary-in-us-hit-by-ransomware/articleshow/104997106.cms
2023-11-21,"Infosys Collaborates with Proximus , Offering Fiber and New Digital Services to More Customers",https://www.finanznachrichten.de/nachrichten-2023-11/60719491-infosys-collaborates-with-proximus-offering-fiber-and-new-digital-services-to-more-customers-008.htm
2023-12-21,Infosys bags 5 - year deal from auto parts distributor LKQ Europe,https://www.moneycontrol.com/news/technology/infosys-bags-5-year-deal-from-auto-parts-distributor-lkq-europe-11939861.html
2023-12-23,Infosys loses $1 . 5 billion AI contract from global customer,https://www.moneycontrol.com/news/technology/infosys-loses-1-5-billion-ai-contract-from-global-customer-11947511.html
2023-10-04,"Cognizant , Infosys , Wipro : Indian leaders are back on the saddle at Cognizant",https://timesofindia.indiatimes.com/business/india-business/indian-leaders-are-back-on-the-saddle-at-cognizant/articleshow/104144633.cms
2023-10-26,Infosys Inks Five - year Collaboration With Smart Europe Gmbh To Bring Sustainable Electric Mobility To Customers,https://www.freepressjournal.in/business/infosys-inks-five-year-collaboration-with-smart-europe-gmbh-to-bring-sustainable-electric-mobility-to-customers
2023-10-16,Rishi Sunak Wife Akshata Murty Net Worth Jumps By Rs 138 Crore Amid Infosys Q2 Results,https://www.news18.com/business/rishi-sunaks-wife-akshata-murtys-net-worth-jumps-by-rs-138-crore-amid-infosys-q2-results-8619624.html
2023-12-23,Undisclosed global client terminates $1 . 5bn AI deal with Infosys,https://www.prokerala.com/news/articles/a1490353.html
2023-11-08,"Infosys and AWS Enter Strategic Collaboration to Accelerate Financial Institution Cloud Transformation Across Europe , Middle East and Africa",https://www.finanznachrichten.de/nachrichten-2023-11/60596885-infosys-and-aws-enter-strategic-collaboration-to-accelerate-financial-institutions-cloud-transformation-across-europe-middle-east-and-africa-008.htm
2023-12-21,"Infosys to integrate , standardise LKQ Europe business processes",https://www.business-standard.com/companies/news/infosys-to-integrate-standardise-lkq-europe-s-business-processes-123122100773_1.html
2023-10-16,Andhra CM Jagan Reddy inaugurates Infosys office in Visakhapatnam,http://aninews.in/news/national/general-news/andhra-cm-jagan-reddy-inaugurates-infosys-office-in-visakhapatnam20231016133352/
2023-12-24,Infosys loses its biggest AI tech deal worth $1 . 5bn,https://timesofindia.indiatimes.com/business/india-business/infosys-loses-its-biggest-ai-tech-deal-worth-1-5bn/articleshow/106256466.cms
2023-12-28,"After Wipro , Infy targets Cognizant for poaching",https://www.financialexpress.com/business/industry-after-wipro-infy-targets-cognizant-for-poaching-3349162/
2023-11-08,"Infosys , AWS ink pact to expedite financial organisation cloud adoption across EMEA , ET Telecom",https://telecom.economictimes.indiatimes.com/news/enterprise-services/infosys-aws-ink-pact-to-expedite-financial-organisations-cloud-adoption-across-emea/105067274
2023-11-30,"Infosys , Shell collaborate on immersion cooling services - The Hindu BusinessLine",https://www.thehindubusinessline.com/companies/infosys-shell-collaborate-on-immersion-cooling-services/article67590628.ece
2023-12-24,"Infosys | Infosys loses $1 . 5 - billion contract from global firm , indication towards unstable work culture",https://www.telegraphindia.com/business/infosys-loses-1-5-billion-contract-from-global-firm-indication-towards-unstable-work-culture/cid/1989028
2023-12-24,"Infosys | Infosys loses $1 . 5 - billion contract from global firm , indication towards unstable work culture",https://www.telegraphindia.com/feeds/business/infosys-loses-1-5-billion-contract-from-global-firm-indication-towards-unstable-work-culture/cid/1989028
2023-10-23,The 15th Edition of the Infosys Foundation India International Challenge 2023 Badminton Tournament to be held in Bengaluru,https://www.infosys.com/newsroom/press-releases/2023/india-international-challenge2023.html
2023-12-23,Undisclosed Global Client Terminates $1 . 5bn AI Deal With Infosys,https://glamsham.com/world/technology/undisclosed-global-client-terminates-1-5bn-ai-deal-with-infosys
2023-11-15,Infosys Science Foundation announces 6 prize winners for 2023,https://www.thehindu.com/sci-tech/science/infosys-science-foundation-announces-6-prize-winners-for-2023-including-two-from-bengaluru/article67534999.ece
2023-10-25,Narayana Murthy explains why he founded Infosys :  experiment in entrepreneurship,https://www.moneycontrol.com/news/trends/narayana-murthy-explains-why-he-founded-infosys-experiment-in-entrepreneurship-11596251.html
2023-11-30,Coalition plan to privatise visa processing to be subject of new inquiry,https://www.theguardian.com/australia-news/2023/nov/30/coalition-liberal-national-visa-privatisation-plan-senate-inquiry
2023-11-06,"Manufacturing : Infosys expands operations in Europe with a new centre , to hire 500",https://timesofindia.indiatimes.com/gadgets-news/infosys-expands-operations-in-europe-with-a-new-centre-to-hire-500/articleshow/104996493.cms
2023-11-03,Infosy step - down subsidiary Infosys McCamish Systems faces cyber attack,https://www.theweek.in/news/biz-tech/2023/11/03/infosys-step-down-subsidiary-infosys-mccamish-systems-faces-cyber-attack.html
2023-11-21,Infosys employees set to receive performance bonuses for Sept quarter . Details,https://www.hindustantimes.com/business/infosys-set-to-roll-out-performance-bonuses-for-sept-quarter-to-eligible-employees-details-101700539152771.html
2023-10-26,Infosys inks five - year collaboration with smart Europe GmbH to bring sustainable electric mobility to customers,https://www.europapress.es/comunicados/internacional-00907/noticia-comunicado-infosys-inks-five-year-collaboration-with-smart-europe-gmbh-to-bring-sustainable-electric-mobility-to-customers-20231026101153.html
2023-12-23,Undisclosed Global Client Terminates $1 . 5Bn AI Deal With Infosys,https://menafn.com/1107651115/Undisclosed-Global-Client-Terminates-15Bn-AI-Deal-With-Infosys
2023-12-26,Infosys shares plunge 2 . 6 % after 15 - year AI deal worth $1 . 5 billion gets terminated,https://www.theweek.in/news/biz-tech/2023/12/26/infosys-shares-plunge-26-after-15-year-ai-deal-worth-dollar15-billion-gets-terminated.html
2023-11-08,"Infosys and AWS Enter Strategic Collaboration to Accelerate Financial Institution Cloud Transformation Across Europe , Middle East and Africa",https://www.prnewswire.com/news-releases/infosys-and-aws-enter-strategic-collaboration-to-accelerate-financial-institutions-cloud-transformation-across-europe-middle-east-and-africa-301981323.html
2023-11-08,"Infosys and AWS Enter Strategic Collaboration to Accelerate Financial Institution Cloud Transformation Across Europe , Middle East and Africa",https://www.prnewswire.com/news-releases/infosys-and-aws-enter-strategic-collaboration-to-accelerate-financial-institutions-cloud-transformation-across-europe-middle-east-and-africa-301981318.html
2023-10-13,"Infosys guidance cut beats robust Q2 , strong order book paves growth path for FY25",https://www.moneycontrol.com/news/business/earnings/infosys-guidance-cut-beats-robust-q2-strong-order-book-paves-growth-path-for-fy25-11524801.html
2023-12-23,Infosys : Infosys loses $1 . 5 billion deal with global firm,https://economictimes.indiatimes.com/tech/information-tech/infosys-loses-1-5-billion-deal-with-global-firm/articleshow/106231703.cms
2023-12-23,"Infosys loses $1 . 5 billion deal with global firm , Telecom News , ET Telecom",https://telecom.economictimes.indiatimes.com/news/enterprise-services/infosys-loses-1-5-billion-deal-with-global-firm/106232766
2023-11-30,Declassified united kingdom Sunak family profit from business linked with Israeli intelligence veterans,https://morningstaronline.co.uk/article/b/sunaks-family-profit-business-linked-israeli-intelligence-veterans
2023-12-18,Top IT firms bag large deals showcasing flagship solutions this year,https://www.financialexpress.com/business/industry-top-it-firms-bag-large-deals-showcasing-flagship-solutions-this-year-3341813/
2023-10-16,Infosys opens new development centre in Visakhapatnam - The Hindu BusinessLine,https://www.thehindubusinessline.com/info-tech/infosys-inaugurates-new-development-centre-in-visakhapatnam/article67425966.ece
2023-10-19,"Infosys , Cloud to help firms become AI - first",https://article.wn.com/view/2023/10/19/Infosys_Cloud_to_help_firms_become_AIfirst/
2023-12-17,"Infosys inaugurates Rs 230 crore development centre in Nagpur , ET Telecom",https://telecom.economictimes.indiatimes.com/news/enterprise-services/infosys-inaugurates-rs-230-crore-development-centre-in-nagpur/106058757
2023-12-24,Infosy $1 . 5 Billion Setback : Global AI Solutions Deal Cancelled,https://www.timesnownews.com/business-economy/companies/infosys-1-5-billion-setback-global-ai-solutions-deal-cancelled-article-106247081
2023-10-13,Infosys Vizag campus will be a milestone for Andhra Pradesh in the IT sector : Minister Gudivada Amarnath,https://news.webindia123.com/news/Articles/India/20231013/4128734.html
2023-10-27,Why are netizens slamming Infosys founder Narayana Murthy ?,https://www.siasat.com/why-are-netizens-slamming-infosys-founder-narayana-murthy-2760203/
2023-11-03,"Infosys : Infosys says US unit hit by cybersecurity attack , read company statement to BSE",https://timesofindia.indiatimes.com/gadgets-news/infosys-says-us-unit-hit-by-cybersecurity-attack/articleshow/104944312.cms
2023-11-29,Infosys Finacle powers Bank of Commerce core banking transformation,https://www.thehindubusinessline.com/markets/infosys-finacle-powers-bank-of-commerces-core-banking-transformation/article67586501.ece
2023-10-16,"Infosys opens development centre in Visakhapatnam to promote hybrid workplace , ET Telecom",https://telecom.economictimes.indiatimes.com/news/enterprise-services/infosys-opens-development-centre-in-visakhapatnam-to-promote-hybrid-workplace/104466163
2023-12-21,Infosys to Harmonize the Systems of LKQ Europe,https://www.ots.at/presseaussendung/OTE_20231221_OTE0001/infosys-to-harmonize-the-systems-of-lkq-europe
2023-12-12,Meet man who got Rs 10 . 61 crore salary but resigned from top job at Rs 617700 crore company due to …,https://www.dnaindia.com/business/report-meet-man-who-got-rs-1061-crore-salary-but-resigned-top-job-rs-617700-crore-company-due-nilanjan-roy-infosys-3071373
2023-11-03,"Infosys to hire 500 employees at new proximity center in Bulgaria , ET Telecom",https://telecom.economictimes.indiatimes.com/news/enterprise-services/infosys-to-hire-500-employees-at-new-proximity-center-in-bulgaria/104937722
2023-11-30,Infosys : AI Prospects Not Ready To Break Consolidation ( NYSE : INFY ),https://seekingalpha.com/article/4655249-infosys-ai-prospects-not-ready-to-break-consolidation
2023-11-09,Infosys and Better collaborate to offer Mortgage as a Service,https://www.prnewswire.com/news-releases/infosys-and-better-collaborate-to-offer-mortgage-as-a-service-301983407.html
2023-10-27,Infosys Enters Into Partnership With Smart Europe GmbH To Facilitate D2C Sales,https://business.outlookindia.com/corporate/infosys-enters-into-partnership-with-smart-europe-gmbh-to-facilitate-d2c-sales
2023-11-23,Pennant breakout pattern signals strong  buy  for Infosys,https://www.moneycontrol.com/news/business/stocks/pennant-breakout-pattern-signals-strong-buy-for-infosys-11795551.html
2023-12-12,Infosys Shares Recover After Falling Over 1 % Following CFO Nilanjan Roy Resignation,https://www.news18.com/business/infosys-shares-recover-after-falling-over-1-following-cfo-nilanjan-roys-resignation-8700189.html
2023-10-06,Analyst Call Tracker : Gloom persists for Infosys as macro headwinds weigh,https://www.moneycontrol.com/news/business/stocks/analyst-call-tracker-gloom-persists-for-infosys-as-macro-headwinds-weigh-11487301.html
2023-11-01,Infosys : Infosys loses another veteran to rival company,https://economictimes.indiatimes.com/tech/information-tech/infosys-sees-another-top-level-exit-as-evp-rajeev-ranjan-quits-firm/articleshow/104863728.cms
2023-12-23,Infosys loses $1 . 5B deal from a global company,https://her.yourstory.com:443/enterprise-story/2023/12/infosys-loses-usd-15-billion-deal-from-a-global-company
2023-12-23,Infosys loses $1 . 5B deal from a global company,https://social.yourstory.com:443/enterprise-story/2023/12/infosys-loses-usd-15-billion-deal-from-a-global-company
2023-10-17,Digital education gets a boost as 100 children in Chamarajanagar get tabs,https://www.thehindu.com/news/national/karnataka/digital-education-gets-a-boost-as-100-children-in-chamarajanagar-get-tabs/article67430275.ece
2023-10-12,"Infosys , Temasek extend digital services joint venture for five years",https://www.cnbctv18.com/business/companies/infosys-temasek-extend-digital-services-joint-venture-for-five-years-18034301.htm
2023-10-12,HUL fame Nitin Paranjpe joins Infosys board as independent director,https://www.moneycontrol.com/news/business/companies/hul-fame-nitin-paranjpe-joins-infosys-board-as-independent-director-11522061.html
2023-12-12,Who is Jayesh Sanghrajka ? Here all you need to know about the chartered accountant who is now the Infosys CFO,https://www.moneycontrol.com/news/business/companies/who-is-jayesh-sanghrajka-heres-all-you-need-to-know-about-the-chartered-accountant-who-is-now-the-infosys-cfo-11893251.html
2023-12-19,India $245 billion IT sector swallows tougher terms amid scramble for contracts,https://www.moneycontrol.com/news/business/economy/indias-245-billion-it-sector-swallows-tougher-terms-amid-scramble-for-contracts-11926961.html
2023-11-04,"I had luck in life , I must give back : Murthy reply to Truecaller CEO question",https://www.prokerala.com/news/articles/a1475488.html
2023-10-05,Economist Impact and Infosys Launch the Value Chain Navigator to Help Businesses Manage and Mitigate their Scope 3 Emissions,https://www.ots.at/presseaussendung/OTE_20231005_OTE0001/economist-impact-and-infosys-launch-the-value-chain-navigator-to-help-businesses-manage-and-mitigate-their-scope-3-emissions
2023-11-03,"Infosys and Spirit AeroSystems inaugurate Center for Aerospace Engineering Excellence in Richardson , Texas",https://www.prnewswire.com/news-releases/infosys-and-spirit-aerosystems-inaugurate-center-for-aerospace-engineering-excellence-in-richardson-texas-301977163.html
2023-10-13,Infosys : Highest ever large and mega deal wins with TCV of $7 . 7 billion lay solid foundation for future,http://aninews.in/news/business/business/infosys-highest-ever-large-and-mega-deal-wins-with-tcv-of-77-billion-lay-solid-foundation-for-future20231013122141/
2023-11-03,Infosys To Expand Its Footprint In Europe With Proximity Centre Bulgaria,https://www.businessworld.in/article/Infosys-To-Expand-Its-Footprint-In-Europe-With-Proximity-Centre-Bulgaria/03-11-2023-497518/
2023-12-19,India $245 bln IT sector swallows tougher terms amid scramble for contracts,https://www.marketscreener.com/quote/stock/INFOSYS-LIMITED-9743342/news/India-s-245-bln-IT-sector-swallows-tougher-terms-amid-scramble-for-contracts-45596848/
2023-10-13,Infosys : Highest ever large and mega deal wins with TCV of $7 . 7 billion lay solid foundation for future,https://www.ptinews.com/press-release/pti/65638.html
2023-10-13,Infosys : Highest ever large and mega deal wins with TCV of $7 . 7 billion lay solid foundation for future,https://www.ptinews.com/pti/Infosys---Highest-ever-large-and-mega-deal-wins-with-TCV-of--7-7-billion-lay-solid-foundation-for-future/65638.html
2023-10-13,"Infosys , Temasek extend digital services JV for 5 years - The Hindu BusinessLine",https://www.thehindubusinessline.com/companies/infosys-temasek-extend-digital-services-jv-for-5-years/article67415361.ece
2023-11-03,"Infosys and Spirit AeroSystems inaugurate Center for Aerospace Engineering Excellence in Richardson , Texas",https://www.marketscreener.com/quote/stock/INFOSYS-LIMITED-56049208/news/Infosys-and-Spirit-AeroSystems-inaugurate-Center-for-Aerospace-Engineering-Excellence-in-Richardson-45236951/
2023-11-30,Bank of Commerce taps Infosys for digital solutions,https://www.philstar.com/business/2023/12/01/2315442/bank-commerce-taps-infosys-digital-solutions
2023-12-11,"Infosys CFO resigns , Jayesh Sanghrajka to take over",https://social.yourstory.com:443/enterprise-story/2023/12/infosys-cfo-resigns-jayesh-sanghrajka-cfo-appointed
2023-12-12,"Meet Jayesh Sanghrajka , Infosy Next CFO Set To Take Over Reins From Nilanjan Roy",https://www.timesnownews.com/business-economy/companies/meet-jayesh-sanghrajka-infosys-next-cfo-set-to-take-over-reins-from-nilanjan-roy-article-105916564
2023-12-16,"Infosys inaugurates new development center in Nagpur ; to accommodate 3 , 000 employees",https://www.moneycontrol.com/news/business/companies/infosys-inaugurates-new-development-center-in-nagpur-to-accommodate-3000-employees-11914421.html
2023-11-03,"Infosys Expands Its Footprint in Europe with a New Proximity Center in Sofia , Bulgaria to Help Accelerate AI and Cloud - led Digital Journeys for Clients in the Region",https://www.prnewswire.com/news-releases/infosys-expands-its-footprint-in-europe-with-a-new-proximity-center-in-sofia-bulgaria-to-help-accelerate-ai-and-cloud-led-digital-journeys-for-clients-in-the-region-301976881.html
2023-11-06,"Infosys expands European operations , will create 500 jobs in the region",https://www.businesstoday.in/latest/corporate/story/infosys-expands-european-operations-will-create-500-jobs-in-the-region-404692-2023-11-06
2023-11-04,"I Had Luck In Life , I Must Give Back : Murthy Reply To Truecaller CEO Question",https://menafn.com/1107370741/I-Had-Luck-In-Life-I-Must-Give-Back-Murthys-Reply-To-Truecaller-CEOs-Question
2023-12-25,Infosys : Infosys to continue roll - out of deferred hikes in January,https://timesofindia.indiatimes.com/business/india-business/infosys-to-continue-roll-out-of-deferred-hikes-in-january/articleshow/106275140.cms
2023-12-25,Infosys AI deal termination : Here how the stock is expected to open tomorrow,https://www.livemint.com/market/stock-market-news/infosys-ai-deal-termination-heres-how-the-stock-is-expected-to-open-tomorrow-11703498994465.html
2023-11-03,Infosys says subsidiary IMS exposed to  cybersecurity event,https://www.moneycontrol.com/news/business/companies/infosys-says-subsidiary-ims-exposed-to-cybersecurity-event-11660271.html
2023-11-30,Bank of Commerce taps Infosys Finacle | The Manila Times,https://www.manilatimes.net/2023/12/01/business/corporate-news/bank-of-commerce-taps-infosys-finacle/1922300
2023-12-17,Infosys kicks off long - awaited pay hike for employees ahead of holiday season : Report,https://www.businesstoday.in/latest/corporate/story/infosys-kicks-off-long-awaited-pay-hike-for-employees-ahead-of-holiday-season-report-409782-2023-12-17
2023-11-19,"TCS , Infy lead as 7 of India Inc Top 10 add Rs 1 . 50 lakh cr to market value",https://www.moneycontrol.com/news/business/markets/mcap-of-7-of-top-10-firms-swells-rs-1-50-lakh-cr-tcs-infosys-biggest-gainers-11767211.html
2023-11-19,"Mcap of 7 of top 10 firms swells Rs 1 . 50 lakh cr ; TCS , Infosys biggest gainers",https://www.financialexpress.com/market/mcap-of-7-of-top-10-firms-swells-rs-1-50-lakh-cr-tcs-infosys-biggest-gainers-3310983/
2023-12-12,"Infosys share price declines over 1 % as company CFO , Nilanjan Roy , resigns",https://www.livemint.com/market/stock-market-news/infosys-share-price-declines-over-1-as-company-cfo-nilanjan-roy-resigns-in-a-surprise-move-11702353586949.html
2023-10-05,Economist Impact and Infosys Launch the Value Chain Navigator to Help Businesses Manage and Mitigate their Scope 3 Emissions,https://www.finanznachrichten.de/nachrichten-2023-10/60290595-economist-impact-and-infosys-launch-the-value-chain-navigator-to-help-businesses-manage-and-mitigate-their-scope-3-emissions-008.htm
2023-11-19,"Mcap of 7 of top 10 firms swells ₹1 . 50 lakh crore ; TCS , Infosys biggest gainers",https://www.thehindubusinessline.com/markets/mcap-of-7-of-top-10-firms-swells-150-lakh-crore-tcs-infosys-biggest-gainers/article67550399.ece
2023-11-19,"M - cap of 7 of top - 10 firms swells Rs 1 . 50 lakh - crore ; TCS , Infosys biggest gainers",https://www.tribuneindia.com/news/business/m-cap-of-7-of-top-10-firms-swells-rs-1-50-lakh-crore-tcs-infosys-biggest-gainers-563844
2023-11-01,Infosys asks some employees to work from office 10 days a month,https://www.businesstoday.in/latest/corporate/story/infosys-asks-some-employees-to-work-from-office-10-days-a-month-404099-2023-11-01
2023-10-12,Infosys : Highest ever large and mega deal wins with TCV of $7 . 7 billion lay solid foundation for future,https://www.ots.at/presseaussendung/OTE_20231012_OTE0001/infosys-highest-ever-large-and-mega-deal-wins-with-tcv-of-77-billion-lay-solid-foundation-for-future
2023-12-19,it sector : Indian $245 billion IT sector swallows tougher terms amid scramble for contracts,https://economictimes.indiatimes.com/tech/information-tech/indias-245-billion-it-sector-swallows-tougher-terms-amid-scramble-for-contracts/articleshow/106118592.cms
2023-10-26,Youngsters should work 12 hours a day : Murthy,https://www.financialexpress.com/india-news/youngsters-should-work-12-hours-a-day-murthy/3287757/
2023-10-26,Infosys and MSG Networks to Enhance Knicks & Rangers Coverage for 2023 - 2024 Season Through Infosys Topaz - Powered AI Highlights Platform,https://www.kptv.com/prnewswire/2023/10/26/infosys-msg-networks-enhance-knicks-amp-rangers-coverage-2023-2024-season-through-infosys-topaz-powered-ai-highlights-platform/
2023-11-17,Infosys To Handout 80 Quarterly Performance Bonus Pay For Sept Quarter Report - BW Businessworld,https://www.businessworld.in/article/Infosys-To-Handout-80-Quarterly-Performance-Bonus-Pay-For-Sept-Quarter-Report/17-11-2023-499109/
2023-12-30,"Explainer : A primer on breach of contract , lawsuits , Telecom News , ET Telecom",https://telecom.economictimes.indiatimes.com/news/enterprise-services/explainer-a-primer-on-breach-of-contract-lawsuits/106395420
2023-12-14,"Narayana Murthy : Unveiling the Infosys Co - Founder storied journey and staggering net worth of Rs 36 , 690 crore - Lifestyle News",https://www.financialexpress.com/lifestyle/narayana-murthy-unveiling-the-infosys-co-founders-storied-journey-and-staggering-net-worth-of-rs-36690-crore/3338058/
2023-11-03,"Infosys and Spirit AeroSystems inaugurate Center for Aerospace Engineering Excellence in Richardson , Texas",https://www.streetinsider.com/PRNewswire/Infosys+and+Spirit+AeroSystems+inaugurate+Center+for+Aerospace+Engineering+Excellence+in+Richardson%2C+Texas/22358874.html
2023-12-12,Infosys shares under pressure on CFO Nilanjan Roy resignation,https://economictimes.indiatimes.com/markets/stocks/news/infosys-shares-under-pressure-on-cfo-nilanjan-roys-resignation/articleshow/105922038.cms
2023-12-18,"Infosys Announces Drastic Cuts In Salary Hike , Promotions For Employees Amid Fears Of Global Recession",https://www.india.com/business/infosys-announces-drastic-cuts-in-salary-hike-promotions-for-employees-amid-fears-of-global-recession-6594081/
2023-10-12,Infosys And Temasek Extend Digital Services Joint Venture For Five Years,https://www.freepressjournal.in/business/infosys-and-temasek-extend-digital-services-joint-venture-for-five-years
2023-12-12,Infosys shares fall on CFO Nilanjan Roy resignation,https://www.moneycontrol.com/news/business/markets/infosys-shares-may-reel-under-pressure-as-cfo-nilanjan-roy-quits-adrs-tumble-11889511.html
2023-10-25,Latest News | North American Businesses Plan to Invest 67 Pc More in GenAI in 2024 : Infosys Research Findings,https://www.latestly.com/agency-news/latest-news-north-american-businesses-plan-to-invest-67-pc-more-in-genai-in-2024-infosys-research-findings-5514230.html
2023-10-31,Infosys and MSG Networks to Enhance Knicks & Rangers Coverage for 2023 - 2024 Season Through Infosys Topaz - Powered AI Highlights Platform,https://www.marketscreener.com/quote/stock/SPHERE-ENTERTAINMENT-CO-106060456/news/Infosys-and-MSG-Networks-to-Enhance-Knicks-Rangers-Coverage-for-2023-2024-Season-Through-Infosys-T-45194439/
2023-11-01,"Infosys Ends WFH Flexibility , Shifts To 5 Days In Office For Some Employees",https://menafn.com/1107353258/Infosys-Ends-WFH-Flexibility-Shifts-To-5-Days-In-Office-For-Some-Employees
2023-10-12,Infosys and Temasek Extend Digital Services Joint Venture for Five Years,https://www.finanznachrichten.de/nachrichten-2023-10/60350066-infosys-and-temasek-extend-digital-services-joint-venture-for-five-years-008.htm
2023-10-12,"Infosys , Temasek extend digital services JV for 5 years",https://www.devdiscourse.com/article/technology/2628008-infosys-temasek-extend-digital-services-jv-for-5-years
2023-10-28,"TV Mohandas Pai supports Narayana Murthy  70 - hour workweek  comment , shuts down critic",https://www.businesstoday.in/latest/corporate/story/tv-mohandas-pai-supports-narayana-murthys-70-hour-workweek-comment-shuts-down-critic-403614-2023-10-28
2023-12-12,"Nilanjan Roy , CFO of India Infosys , resigns",https://www.dealstreetasia.com/stories/infosys-cfo-resigns-374832
2023-11-04,Narayana Murthy epic response to  what he doe question from Truecaller CEO wins internet,https://www.dnaindia.com/viral/report-narayana-murthy-s-epic-response-to-what-he-does-question-from-truecaller-ceo-wins-internet-3067068
2023-11-21,"IT pain to continue on weak demand , furloughs ; 1 large , 3 midcap stocks may offer returns",https://www.moneycontrol.com/news/business/markets/it-pain-to-continue-on-weak-demand-furloughs-1-large-3-midcap-stocks-may-offer-returns-11780191.html
2023-12-05,Infosys Topaz Accelerates Spotlight Retail Group Customer Growth in Digital Commerce,https://www.finanznachrichten.de/nachrichten-2023-12/60837480-infosys-topaz-accelerates-spotlight-retail-group-s-customer-growth-in-digital-commerce-008.htm
2023-11-26,"Mcap of four of top 10 most - valued firms rise Rs 65 , 671 crore ; Reliance biggest winner",https://indianexpress.com/article/business/mcap-most-valued-firms-rise-reliance-biggest-winner-9042883/
2023-10-15,"Mcap of six of top 10 firms jumps ₹70 , 527 . 11 crore ; Reliance Industries biggest gainer",https://www.thehindu.com/business/markets/mcap-of-six-of-top-10-firms-jumps-7052711-crore-reliance-industries-biggest-gainer/article67423423.ece
2023-10-12,infosys adrs : Infosys ADRs plunge 6 % to 2 - month low on NYSE as FY24 guidance cut upsets investors,https://economictimes.indiatimes.com/markets/stocks/news/infosys-adrs-plunge-6-to-2-month-low-on-nyse-as-fy24-guidance-cut-upsets-investors/articleshow/104377444.cms
2023-10-19,"Top four IT firms cut over 21 , 000 jobs in Q2",https://www.financialexpress.com/business/industry-top-four-it-firms-cut-over-21000-jobs-in-q2-3276973/
2023-10-12,Infosys and Temasek Extend Digital Services Joint Venture for Five Years,https://finance.yahoo.com/news/infosys-temasek-extend-digital-services-114800040.html
2023-10-13,Infosys slips below HUL in m - cap race ; stock tanks 4 % after FY24 guidance,https://www.businesstoday.in/markets/story/infosys-slips-below-hul-in-m-cap-race-stock-tanks-4-after-fy24-guidance-401839-2023-10-13
2023-11-01,End of work from home ? Infosys wants entry & mid - level staff to work from office 10 days a month,https://timesofindia.indiatimes.com/business/india-business/end-of-work-from-home-infosys-wants-entry-mid-level-staff-to-work-from-office-10-days-a-month/articleshow/104877018.cms
2023-12-05,infosys : Infosys builds AI analytics platform for Australia Spotlight Retail Group,https://economictimes.indiatimes.com/tech/information-tech/infosys-builds-ai-analytics-platform-for-australias-spotlight-retail-group/articleshow/105747559.cms
2023-10-12,Infosys rallies 4 % in last one week ahead of Q2 results today,https://www.moneycontrol.com/news/business/markets/infosys-rallies-4-in-last-one-week-ahead-of-q2-results-due-on-oct-12-11518701.html
2023-10-03,How large cap IT can diverge from Accenture on order wins,https://www.moneycontrol.com/news/opinion/how-large-cap-it-can-diverge-from-accenture-on-order-wins-11466261.html
2023-10-13,"TCS , Infosys , HCL Tech : Should you buy , hold or sell these IT stocks ?",https://www.businesstoday.in/markets/stocks/story/tcs-infosys-hcl-tech-should-you-buy-hold-or-sell-these-it-stocks-401855-2023-10-13
2023-11-19,"Market valuation of top 7 firms surges ₹1 . 50 lakh crore , big gains by TCS & Infosys",https://www.livemint.com/companies/news/market-valuation-of-top-7-firms-surges-rs-1-50-lakh-crore-big-gains-by-tcs-infosys-11700381485708.html
2023-11-05,Murthy : When Truecaller CEO shared his  Infosys dream  with NR Narayana Murthy,https://timesofindia.indiatimes.com/gadgets-news/when-truecaller-ceo-shared-his-infosys-dream-with-nr-narayana-murthy/articleshow/104979585.cms
2023-10-17,Bengaluru priest arrested for using Sudha Murthy name for Rs 5 lakh scam - India News,https://www.financialexpress.com/india-news/bengaluru-priest-arrested-for-using-sudha-murthys-name-for-rs-5-lakh-scamnbspbkg/3275277/
2023-10-15,"Mcap of six of top 10 firms jumps Rs 70 , 527 . 11 crore ; RIL biggest gainer",https://www.business-standard.com/companies/news/mcap-of-six-of-top-10-firms-jumps-rs-70-527-11-crore-ril-biggest-gainer-123101500501_1.html
2023-10-23,"Meet IIT graduate with more than Rs 50 crore salary , earns over Rs 15 lakh per day , he is CEO of …",https://www.dnaindia.com/education/report-meet-iit-graduate-salil-parekh-with-more-than-rs-50-crore-salary-earns-over-rs-15-lakh-daily-ceo-of-infosys-3065613
2023-12-17,"tcs : Mcap of nine of top - 10 most valued firms jumps Rs 2 . 26 lakh cr ; TCS , Infosys biggest gainers",https://economictimes.indiatimes.com/markets/stocks/news/mcap-of-nine-of-top-10-most-valued-firms-jumps-rs-2-26-lakh-cr-tcs-infosys-biggest-gainers/articleshow/106059240.cms
2023-12-05,"European Firms Struggle to Generate Value from Generative AI , Yet Will Double Spending in 2024 : Infosys Research",https://www.adnkronos.com/immediapress/pr-newswire/european-firms-struggle-to-generate-value-from-generative-ai-yet-will-double-spending-in-2024-infosys-research_31ZgqTdpeS5pZzBtxFWNsW
2023-12-29,"Infosys Loses Rs 12 , 500 Crore AI Development Project After CFO Suddenly Resigns - Trak . in - Indian Business of Tech , Mobile & Startups",https://trak.in/stories/infosys-loses-rs-12500-crore-ai-development-project-after-cfo-suddenly-resigns/
2023-12-17,"M - cap of nine of top - 10 most valued firms jumps Rs 2 . 26 lakh - crore ; TCS , Infosys biggest gainers",https://www.tribuneindia.com/news/business/m-cap-of-nine-of-top-10-most-valued-firms-jumps-rs-2-26-lakh-crore-tcs-infosys-biggest-gainers-572813
2023-10-22,Odds are stacked against engineering Class of 2024,https://www.livemint.com/companies/news/odds-are-stacked-against-engineering-class-of-2024-11697998321200.html
2023-12-08,Australian government spent $52m more on welfare calculator after finding a more effective alternative,https://www.theguardian.com/australia-news/2023/dec/09/australian-government-spent-52m-more-on-welfare-calculator-after-finding-a-more-effective-alternative
2023-12-12,Infosys CFO Nilanjan Roy Resigns ; Jayesh Sanghrajka Named as Successor,https://pragativadi.com/infosys-cfo-nilanjan-roy-resigns-jayesh-sanghrajka-named-as-successor/
2023-11-15,"$100 , 000 a year for retired teacher : Infosys founder Narayana Murthy wants India teachers to be paid better",https://www.businesstoday.in/latest/corporate/story/100000-a-year-for-retired-teachers-infosys-founder-narayana-murthy-wants-indias-teachers-to-be-paid-better-405800-2023-11-15
2023-10-31,"Meet Senapathy Gopalakrishnan , co - founder of Rs 5 , 65 , 000 crore firm , donated Rs 225 crore , his net worth is …",https://www.dnaindia.com/business/report-meet-senapathy-gopalakrishnan-co-founder-of-rs-565000-crore-firm-donated-rs-225-crore-his-net-worth-is-3066484
2023-12-16,Latest News | Infosys Inaugurates Rs 230 Cr - development Centre in Nagpur,https://www.latestly.com/agency-news/latest-news-infosys-inaugurates-rs-230-cr-development-centre-in-nagpur-5634348.html
2023-11-11,Why fund managers love to bet on Infosys and IT stocks despite US growth concerns,https://www.moneycontrol.com/news/business/markets/why-fund-managers-love-to-bet-on-infosys-and-it-stocks-despite-us-growth-concerns-11724391.html
2023-11-26,"HDFC Bank : Mcap of four of top 10 most - valued firms rise Rs 65 , 671 crore ; Reliance biggest winner",https://economictimes.indiatimes.com/markets/stocks/news/mcap-of-four-of-top-10-most-valued-firms-rise-rs-65671-crore-reliance-biggest-winner/articleshow/105508851.cms
2023-11-26,"Mcap of four of top 10 most - valued firms rise Rs 65 , 671 crore ; Reliance biggest winner",https://www.moneycontrol.com/news/business/markets/mcap-of-four-of-top-10-most-valued-firms-rise-rs-65671-crore-reliance-biggest-winner-11813301.html
2023-12-11,infosys stock target : Jayesh Sanghrajka named Infosys CFO as Nilanjan Roy resigns,https://economictimes.indiatimes.com/markets/stocks/news/jayesh-sanghrajka-named-new-infosys-cfo-as-nilanjan-roy-resigns/articleshow/105910044.cms
2023-11-15,India must spend $1 billion a year for 20 years to train teachers : Narayana Murthy,https://www.financialexpress.com/india-news/india-must-spend-1-billion-a-year-for-20-years-to-train-teachers-narayana-murthy/3308016/
2023-11-26,"Mcap of four of top 10 most - valued firms rise ₹65 , 671 crore ; Reliance biggest winner",https://www.thehindubusinessline.com/markets/mcap-of-four-of-top-10-most-valued-firms-rise-65671-crore-reliance-biggest-winner/article67575796.ece
2023-10-17,Jagan defers plan to shift CMO to Vizag to December,https://www.hindustantimes.com/india-news/jagan-defers-plan-to-shift-cmo-to-vizag-to-december-101697482261169.html
2023-10-04,it q2 earnings : Top IT companies may log muted Q2 growth on macro uncertainty,https://economictimes.indiatimes.com/tech/information-tech/top-it-companies-may-log-muted-q2-growth-on-macro-uncertainty/articleshow/104140247.cms
2023-12-18,cp gurnani : AI can create more jobs than it potentially eliminates : Tech Mahindra CP Gurnani,https://economictimes.indiatimes.com/tech/technology/ai-can-create-more-jobs-than-it-potentially-eliminates-tech-mahindras-cp-gurnani/articleshow/106092120.cms
2023-11-12,"M - cap of 4 of top - 10 firms decline by Rs 23 , 417 cr ; TCS biggest laggard",https://www.business-standard.com/markets/news/m-cap-of-4-of-top-10-firms-decline-by-rs-23-417-cr-tcs-biggest-laggard-123111200191_1.html
2023-12-05,Infosys builds analytics platform for Spotlight Retail Group,https://www.arnnet.com.au/article/709672/infosys-builds-analytics-platform-spotlight-retail-group/
2023-11-12,"Mcap of four of top - 10 most valued firms decline by ₹23 , 417 cr",https://www.thehindubusinessline.com/markets/mcap-of-four-of-top-10-most-valued-firms-decline-by-23417-cr/article67526983.ece
2023-10-13,"Campus Hiring : TCS , Infosys , HCL Indicate Mixed Trends For Fresher Jobs In H2FY24",https://www.news18.com/business/tcs-infosys-hcl-tech-fresh-hiring-plans-current-fiscal-fy24-freshers-campus-8615317.html
2023-10-17,Bengaluru Priest Arrested After He Used Sudha Murty Name to Collect Rs 5 Lakh,https://www.news18.com/viral/bengaluru-priest-arrested-after-he-used-sudha-murtys-name-to-collect-rs-5-lakh-8621033.html
2023-12-16,development centre : Infosys inaugurates Rs 230 crore development centre in Nagpur,https://economictimes.indiatimes.com/tech/information-tech/infosys-inaugurates-rs-230-crore-development-centre-in-nagpur/articleshow/106051996.cms
2023-11-10,"Narayana Murthy , Infosys , Manish Tewari :  Must Become A Norm : Congress Leader Backs 70 - Hour Work Week Advice",https://www.ndtv.com/india-news/narayana-murthy-infosys-must-become-a-norm-congress-leader-backs-70-hour-work-week-advice-4563362
2023-12-18,"AI can create more jobs than it potentially eliminates : Tech Mahindra outgoing CEO - December 18 , 2023 at 05 : 47 am EST",https://www.marketscreener.com/quote/stock/TECH-MAHINDRA-LIMITED-33647041/news/AI-can-create-more-jobs-than-it-potentially-eliminates-Tech-Mahindra-s-outgoing-CEO-45588702/
2023-12-05,"European Firms Struggle to Generate Value from Generative AI , Yet Will Double Spending in 2024 : Infosys Research",https://www.ots.at/presseaussendung/OTE_20231205_OTE0001/european-firms-struggle-to-generate-value-from-generative-ai-yet-will-double-spending-in-2024-infosys-research
2023-11-03,"HCLTech Shiv Nadar tops Hurun Philanthropy List 2023 , four Infosys co - founders emerge as biggest philanthropists",https://www.firstpost.com/business/hcltechs-shiv-nadar-tops-hurun-philanthropy-list-2023-four-infosys-co-founders-emerge-as-biggest-philanthropists-13340062.html
2023-11-06,Wipro asks employees to return to office three days a week from Nov 15 or else ...: Report,https://www.businesstoday.in/latest/corporate/story/wipro-asks-employees-to-return-to-office-three-days-a-week-from-nov-15-or-else-report-404789-2023-11-06
2023-10-14,Tech Winter Diet : Top 3 Shed Weight & Reduce Intake,https://economictimes.indiatimes.com/epaper/delhicapital/2023/oct/14/satet-front/tech-winter-diet-top-3-shed-weight-reduce-intake/articleshow/104409159.cms
2023-11-26,"Mcap of four of top 10 most - valued firms rise Rs 65 , 671 crore ; Reliance biggest winner",https://www.dailyexcelsior.com/mcap-of-four-of-top-10-most-valued-firms-rise-rs-65671-crore-reliance-biggest-winner/
2023-11-26,Top 10 Companies Gain Rs 65 671 Cr In Market Cap Led By Reliance - BW Businessworld,https://www.businessworld.in/article/Top-10-Companies-Gain-Rs-65-671-Cr-In-Market-Cap-Led-By-Reliance/26-11-2023-500094/
2023-12-29,sensex today : Sensex opens last session of the year in the red as heavyweights fall,https://economictimes.indiatimes.com/markets/stocks/news/sensex-opens-last-session-of-the-year-in-the-red-as-heavyweights-fall/articleshow/106366042.cms
2023-10-13,Waning demand for IT services hits hiring at Indian tech majors,https://www.marketscreener.com/quote/stock/INFOSYS-LIMITED-9743342/news/Waning-demand-for-IT-services-hits-hiring-at-Indian-tech-majors-45058178/
2023-10-13,Infosys stock settle 2 per cent lower,https://www.dailypioneer.com/2023/business/infosys-stock-settle-2-per-cent-lower.html
2023-11-29,"If a company has the mindset to innovate , it wont have to worry about AI : Narayana Murthy",https://www.moneycontrol.com/news/technology/if-a-company-has-mindset-to-innovate-it-wont-have-to-worry-about-ai-narayana-murthy-11829891.html
2023-12-13,"Narayana Murthy : All about the Infosys cofounder who has a towering net worth of Rs 36 , 690 Crore",https://www.gqindia.com/content/narayana-murthy-all-about-the-infosys-cofounder-who-has-a-towering-net-worth-of-rs-36690-crore
2023-10-12,"Infosys logs Rs 6 , 212 cr profit for Q2 , declares interim dividend of Rs 18",https://www.prokerala.com/news/articles/a1468413.html
2023-10-13,Infosys | Infosys shares decline over 2 per cent after announcement of September quarter results,https://www.telegraphindia.com/business/infosys-shares-decline-over-2-per-cent-after-announcement-of-september-quarter-results/cid/1973125
2023-12-27,"AI deal loss , CEO change buzz put Infy , Wipro under pressure",https://www.financialexpress.com/market/ai-deal-loss-ceo-change-buzz-put-infy-wipro-under-pressure-3348157/
2023-11-10,"Meet Narayana Murthy IIT graduate biz partner , founded Rs 5 , 66 , 000 crore firm , half of his wealth donated …",https://www.dnaindia.com/education/report-meet-narayana-murthy-s-iit-graduate-biz-partner-founded-rs-566000-crore-firm-half-of-his-wealth-donated-3067878
2023-12-05,"European Firms Struggle to Generate Value from Generative AI , Yet Will Double Spending in 2024 : Infosys Research",https://www.finanznachrichten.de/nachrichten-2023-12/60839173-european-firms-struggle-to-generate-value-from-generative-ai-yet-will-double-spending-in-2024-infosys-research-008.htm
2023-10-26,FIIs raise stakes in major IT firms in Q2 despite weak earnings outlook,https://www.moneycontrol.com/news/business/markets/fiis-raise-stakes-in-major-it-firms-in-q2-despite-weak-earnings-outlook-11599461.html
2023-12-12,Infosys to make 3 - day work from office mandatory amid Narayana Murthy focus on productivity,https://timesofindia.indiatimes.com/business/india-business/infosys-to-make-3-day-work-from-office-mandatory-amid-narayana-murthys-focus-on-productivity/articleshow/105922072.cms
2023-11-20,"Infosys : Infosys to give 80 % variable pay , here HR email to employees",https://timesofindia.indiatimes.com/gadgets-news/infosys-to-give-80-variable-pay-heres-hrs-email-to-employees/articleshow/105340625.cms
2023-10-12,infosys : Infosy 2 . 3 % constant currency growth was a positive surprise ; not sure why guidance was cut : Mahantesh Sabarad,https://economictimes.indiatimes.com/markets/expert-view/infosys-2-3-constant-currency-growth-was-a-positive-surprise-not-sure-why-guidance-was-cut-mahantesh-sabarad/articleshow/104375392.cms
2023-12-04,MPs ask govt in Parliament :  Evaluating Narayan Murthy 70 hour idea ?,https://www.hindustantimes.com/business/mps-ask-govt-in-parliament-evaluating-narayan-murthy-s-70-hour-idea-101701695119324.html
2023-11-01,"Infosys Asks Some Staff Back in Office 10 Days a Month , Bucking Global Trend",https://www.bnnbloomberg.ca/infosys-asks-some-staff-back-in-office-10-days-a-month-bucking-global-trend-1.1992298
2023-12-05,"European Firms Struggle to Generate Value from Generative AI , Yet Will Double Spending in 2024 : Infosys Research",https://www.europapress.es/comunicados/internacional-00907/noticia-comunicado-european-firms-struggle-to-generate-value-from-generative-ai-yet-will-double-spending-in-2024-infosys-research-20231205090053.html
2023-10-12,"INFY Stock : Infosys Earnings Meet Estimates , Shares Fall On Weak Revenue Outlook",https://www.investors.com/news/technology/infy-stock-infosys-earnings-meet-estimates-revenue-outlook-weak/
2023-12-27,IT sector | Infosys stock tumbles as markets react negatively to collapse of USD 1 . 5 billion Artificial Intelligence deal,https://www.telegraphindia.com/business/infosys-stock-tumbles-as-markets-react-negatively-to-collapse-of-usd-1-5-billion-artificial-intelligence-deal/cid/1989589
2023-10-27,Infosy billionaire founder says Indians need to work 70 hours a week to succeed,http://us.cnn.com/india-infosys-founder-work-hours-success-intl-hnk/
2023-10-05,"September 6 : Indian IT firms set for  washout  year , focus now on 2025 - J . P . Morgan",https://economictimes.indiatimes.com/markets/stocks/news/indian-it-firms-set-for-washout-year-focus-now-on-2025-j-p-morgan/articleshow/104188006.cms
2023-11-17,Infosys Employees To Get 80 % Average Variable Payout For Q2 This Month ; Check Details,https://www.news18.com/business/infosys-employees-to-get-80-average-variable-payout-for-q2-this-month-check-details-8665633.html
2023-10-28,Junta got offended because : Here what Ashneer Grover said on Narayana Murthy 70 - hour work week comment,https://www.businesstoday.in/latest/trends/story/junta-got-offended-because-heres-what-ashneer-grover-said-on-narayana-murthys-70-hour-work-week-comment-403618-2023-10-28
2023-10-05,"We remain negative : Ahead of Q2 results , JPMorgan says Indian IT firms set for  washout  year",https://www.businesstoday.in/industry/it/story/we-remain-negative-ahead-of-q2-results-jpmorgan-says-indian-it-firms-set-for-washout-year-400943-2023-10-05
2023-10-24,Salary increase at Infosys : HR announced this in the IT giant townhall,https://www.livemint.com/companies/news/salary-increase-at-infosys-hr-announced-this-in-the-it-giant-s-townhall-11698147000350.html
2023-12-21,Infosys bags five - year IT deal from LKQ Europe,https://yourstory.com:443/enterprise-story/2023/12/infosys-bags-five-year-it-deal-from-lkq-europe
2023-12-21,Infosys bags five - year IT deal from LKQ Europe,https://her.yourstory.com:443/enterprise-story/2023/12/infosys-bags-five-year-it-deal-from-lkq-europe
2023-12-19,"TCS , Infosys , HCL Tech , Wipro , TechM : Jefferies shares 2024 outlook , prefers these two IT stocks",https://www.businesstoday.in/markets/stock-picks/story/tcs-infosys-hcl-tech-wipro-techm-jefferies-shares-2024-outlook-prefers-these-two-it-stocks-409960-2023-12-19
2023-10-12,Infosys Q2 results : Infosys Q2 results : 6 major takeaways for Dalal Street investors ; what experts say,https://economictimes.indiatimes.com/markets/stocks/earnings/infosys-q2-results-6-major-takeaways-for-dalal-street-investors-what-experts-say/articleshow/104373701.cms
2023-11-01,Job | Infosys asks some workers to return to office 10 days a month : source,https://www.telegraphindia.com/business/infosys-asks-some-workers-to-return-to-office-10-days-a-month-source/cid/1976947
2023-10-28,"Meet Narayana Murthy ; know about his career , love story with Sudha Murty , connection with Rishi Sunak , and net worth",https://www.financialexpress.com/lifestyle/meet-narayana-murthy-know-about-his-career-love-story-with-sudha-murty-connection-with-rishi-sunak-and-net-worth/3287812/
2023-11-30,Infosys and Shell collaborate on push to accelerate adoption of immersion cooling in datacentres,https://www.computerweekly.com/news/366561596/Infosys-and-Shell-collaborate-on-push-to-accelerate-adoption-of-immersion-cooling-in-datacentres
2023-10-12,"Infosys Q2 Earnings : IT major trims FY24 revenue guidance , declares dividend ; 5 key highlights",https://www.livemint.com/companies/company-results/infosys-q2-earnings-it-major-trims-fy24-revenue-guidance-declares-dividend-5-key-highlights-11697107935898.html
2023-12-26,India Infosys falls after $1 . 5bln AI deal termination,https://www.zawya.com/en/world/indian-sub-continent/indias-infosys-falls-after-15bln-ai-deal-termination-rcjsquvv
2023-11-15,"Narayana Murthy | India should spend $1 billion annually to train school teachers , says software icon Narayana Murthy",https://www.telegraphindia.com/india/india-should-spend-1-billion-annually-to-train-school-teachers-says-software-icon-narayana-murthy/cid/1980185
2023-12-13,Infosys Likely To Make 3 Days - A - Week Work From Office Mandatory : Report,https://menafn.com/1107582362/Infosys-Likely-To-Make-3-Days-A-Week-Work-From-Office-Mandatory-Report
2023-10-13,"Infosys , HCL Tech cut financial year 2023 - 24 , revenue forecast",https://timesofindia.indiatimes.com/business/india-business/infosys-hcl-tech-cut-financial-year-2023-24-revenue-forecast/articleshow/104385257.cms
2023-10-12,"Infosys Q2 net profit jumps 3 % to Rs 6 , 212 crore ; firm declares dividend of Rs 18 per share",https://indianexpress.com/article/business/companies/infosys-q2-results-net-profit-revenue-interim-dividend-8979926/
2023-10-14,"Mayor , GVMC commissioner inspect works at IT SEZ ahead of Andhra Pradesh CM Jagan Mohan Reddy visit",https://www.thehindu.com/news/cities/Visakhapatnam/mayor-gvmc-commissioner-inspect-works-at-it-sez-ahead-of-andhra-pradesh-cm-jagan-mohan-reddys-visit/article67420043.ece
2023-12-12,infosys : Infosys will soon make three - day WFO mandatory,https://economictimes.indiatimes.com/tech/information-tech/infosys-will-soon-make-three-day-wfo-mandatory/articleshow/105911854.cms
2023-10-16,Andhra Pradesh Chief Minister Y S Jagan Mohan Reddy inaugurates Infosys development centre in Vizag,https://www.telegraphindia.com/business/andhra-pradesh-chief-minister-y-s-jagan-mohan-reddy-inaugurates-infosys-development-centre-in-vizag/cid/1973727
2023-11-23,infosys : Rajesh Chaurasia joins Infosys as AVP from Accenture Industry X,https://economictimes.indiatimes.com/tech/information-tech/rajesh-chaurasia-joins-infosys-as-avp-from-accenture-industry-x/articleshow/105453362.cms
2023-10-13,"TCS , Infosys . HCLTech : Hiring crashes across Indian IT companies in Q2 FY24",https://www.businesstoday.in/latest/corporate/story/tcs-infosys-hcltech-hiring-crashes-across-indian-it-companies-in-q2-fy24-401859-2023-10-13
2023-10-26,Infosys Signs 5 Year Collaboration Deal With smart Europe GmbH - BW Businessworld,https://www.businessworld.in/article/Infosys-Signs-5-Year-Collaboration-Deal-With-smart-Europe-GmbH/26-10-2023-496389/
2023-10-04,it sector q2 earnings preview : IT companies to announce Q2 results from next week : Top 5 predictions and stock picks,https://economictimes.indiatimes.com/markets/stocks/earnings/it-companies-to-announce-q2-results-from-next-week-top-5-predictions-and-stock-picks/articleshow/104148807.cms
2023-10-05,Half of firms not collecting emissions data from across value chain – research,https://www.aol.co.uk/half-firms-not-collecting-emissions-230100237.html
2023-11-01,Infosys asks some workers to return to office 10 days a month : India,https://www.zawya.com/en/world/indian-sub-continent/infosys-asks-some-workers-to-return-to-office-10-days-a-month-india-edhf50kd
2023-12-14,"Meet IIT graduate who earns over Rs 15 lakh every day , working for Rs 600000 crore firm , his salary is …",https://www.dnaindia.com/education/report-meet-iit-graduate-who-earns-over-rs-15-lakh-every-day-working-for-rs-600000-crore-infosys-his-salary-is-3071553
2023-10-05,Half of firms not collecting emissions data from across value chain – research,https://www.lbc.co.uk/business/72f97f3c65c442648c85bd4dfcba17f3/
2023-10-14,Sensex | Shares of Infosys fall to two percent after announcement of quarter earnings,https://www.telegraphindia.com/business/shares-of-infosys-fall-to-two-percent-after-announcement-of-quarter-earnings/cid/1973258
2023-10-14,Sensex | Shares of Infosys fall to two percent after announcement of quarter earnings,https://www.telegraphindia.com/feeds/business/shares-of-infosys-fall-to-two-percent-after-announcement-of-quarter-earnings/cid/1973258
2023-10-05,Half of firms not collecting emissions data from across value chain – research,https://www.belfasttelegraph.co.uk/business/uk-world/half-of-firms-not-collecting-emissions-data-from-across-value-chain-research/a1249181464.html
2023-10-13,infosys share price : Chart Check : 30 % from highs ! Is the chart structure suggesting a rebound in Infosys ?,https://economictimes.indiatimes.com/markets/stocks/news/chart-check-30-from-highs-is-the-chart-structure-suggesting-a-rebound-in-infosys/articleshow/104388169.cms
2023-10-27,TV Mohandas Pai shuts down Infosys critic over Narayana Murthy  70 - hour workweek  remark,https://www.moneycontrol.com/news/trends/tv-mohandas-pai-shuts-down-critic-who-called-infosys-glorified-it-coolie-provider-over-narayana-murthys-70-hour-workweek-remark-11613981.html
2023-12-17,Infosys announces salary revision ; hike below 10 per cent,https://www.theweek.in/news/biz-tech/2023/12/17/infosys-announces-salary-revision-hike-below-10-per-cent.html
2023-11-15,"India Should Spend US Dollar 1 Billion Annually To Train School Teachers , Says Infosys Co - Founder Narayana Murthy",https://www.freepressjournal.in/business/india-should-spend-usd-1-billion-annually-to-train-school-teachers-says-software-icon-narayana-murthy
2023-10-27,Nothing short of abuse : Netizens slam Infosys founder Narayana Murthy  youth should work 70 hours a week  remark,https://www.businesstoday.in/latest/trends/story/nothing-short-of-abuse-netizens-slam-infosys-founder-narayana-murthys-youth-should-work-70-hours-a-week-remark-403491-2023-10-27
2023-11-17,Not per capita income ... that the holy grail : Narayana Murthy flags what India must really achieve,https://www.businesstoday.in/latest/economy/story/not-per-capita-incomethats-the-holy-grail-narayana-murthy-flags-what-india-must-really-achieve-406057-2023-11-17
2023-10-17,Infosys ( NYSE : INFY ) Upgraded to  Buy  by StockNews . com,https://www.tickerreport.com/banking-finance/11236783/infosys-nyseinfy-upgraded-to-buy-by-stocknews-com.html
2023-10-05,active stocks : Share market update : Most active stocks of the day in terms of traded value,https://economictimes.indiatimes.com/markets/stocks/stock-watch/share-market-update-most-active-stocks-of-the-day-in-terms-of-traded-value/articleshow/104186407.cms
2023-12-17,"Mcap Of 9 Most Valued Firms Jumps Rs 2 . 26 Lakh Cr ; TCS , Infosys Biggest Gainers",https://article.wn.com/view/2023/12/17/Mcap_Of_9_Most_Valued_Firms_Jumps_Rs_226_Lakh_Cr_TCS_Infosys/
2023-10-12,"Somersworth landlord agrees to fixes at 86 High St ., where resident begged for heat",https://news.yahoo.com/somersworth-landlord-agrees-fixes-86-091033996.html
2023-10-13,"infosys share price : Hot Stocks : Brokerages on Infosys , SBI , HCL Technologies and NMDC",https://economictimes.indiatimes.com/markets/stocks/news/hot-stocks-brokerages-on-infosys-sbi-hcl-technologies-and-nmdc/articleshow/104388734.cms
2023-10-04,Indian IT gears up for muted Q2 earnings,https://timesofindia.indiatimes.com/business/india-business/indian-it-gears-up-for-muted-q2-earnings/articleshow/104143752.cms
2023-10-15,"CM Jagan to Inaugurate Infosys and Pharma Projects in Vizag , Ankapalli Today",https://www.deccanchronicle.com/nation/in-other-news/161023/cm-jagan-to-inaugurate-infosys-and-pharma-projects-in-vizag-ankapalli.html
2023-10-04,Half of firms not collecting emissions data from across value chain – research,https://www.standard.co.uk/business/business-news/half-of-firms-not-collecting-emissions-data-from-across-value-chain-research-b1111470.html
2023-11-07,Wipro email to employees makes working from office three days in a week compulsory,https://timesofindia.indiatimes.com/gadgets-news/wipro-email-to-employees-makes-working-from-office-three-days-in-a-week-compulsory/articleshow/105035938.cms
2024-10-23,Infosys Expands Strategic Collaboration with Meta : Unveils Center of Excellence to Drive Enterprise AI Innovation through Open Source,https://portal.sina.com.hk/finance/finance-prnewswire/prnasia/2024/10/23/1017561/infosys-expands-strategic-collaboration-with-meta-unveils-center-of-excellence-to-drive-enterprise-ai-innovation-through-open-source/
2024-10-24,Infosys Unveils Small Language Models - Infosys Topaz BankingSLM and Infosys Topaz ITOpsSLM,https://www.finanznachrichten.de/nachrichten-2024-10/63614981-infosys-unveils-small-language-models-infosys-topaz-bankingslm-and-infosys-topaz-itopsslm-built-on-nvidia-ai-stack-008.htm
2024-12-17,Infosys and Google Cloud collaborate to launch a center of excellence for enterprise AI innovation,https://www.thehindubusinessline.com/info-tech/infosys-unveils-google-cloud-ai-coe-to-drive-enterprise-innovation/article68996598.ece
2024-10-28,"Infosys Share Price Today on : Infosys share are up by 1 . 04 %, Nifty up by 0 . 97 %",https://www.livemint.com/market/infosys-share-price-today-latest-on-28102024-11730094055304.html
2024-10-24,Infosys Unveils Small Language Models – Infosys Topaz BankingSLM and Infosys Topaz ITOpsSLM – Built on NVIDIA AI Stack,https://www.theweek.in/wire-updates/business/2024/10/24/dcm56-infosys.html
2024-12-02,Infosys Campus / Morphogenesis,https://www.archdaily.com/1024179/infosys-campus-morphogenesis
2024-10-04,"Goals unmet , Infosys tight - lipped about future of campus – Indianapolis Business Journal",https://www.ibj.com/articles/goals-unmet-infosys-tight-lipped-about-future-of-campus
2024-10-24,Infosys Expands Strategic Collaboration with Meta : Unveils Center of Excellence to Drive Enterprise AI Innovation through Open Source,https://news.webindia123.com/news/Articles/Business/20241024/4248931.html
2024-12-17,"Infosys Strengthens Strategic Collaboration with Google Cloud to Boost Enterprise AI Innovation , Establishes Center of Excellence",https://www.prnewswire.com/news-releases/infosys-strengthens-strategic-collaboration-with-google-cloud-to-boost-enterprise-ai-innovation-establishes-center-of-excellence-302333620.html
2024-12-04,Infosys Collaborates with Kardex to Transform Business Operations Using SAP S / 4HANA,https://www.prnewswire.com/news-releases/infosys-collaborates-with-kardex-to-transform-business-operations-using-sap-s4hana-302322306.html
2024-10-02,"Q2 Update : IT giants Infosys , Wipro to announce Sept quarter results on THESE dates , dividend ahead",https://www.livemint.com/companies/company-results/q2-update-it-giants-infosys-wipro-to-announce-sept-quarter-results-on-these-dates-dividend-ahead-11727879263508.html
2024-10-30,"Infosys Share Price Today on 30 - 10 - 2024 : Infosys share price are down by - 0 . 91 %, Nifty down by - 0 . 07 %",https://www.livemint.com/market/infosys-share-price-today-latest-on-30-oct-2024-11730268153826.html
2024-12-17,"Infosys Strengthens Strategic Collaboration with Google Cloud to Boost Enterprise AI Innovation , Establishes Center of E",https://www.europapress.es/comunicados/internacional-00907/noticia-comunicado-infosys-strengthens-strategic-collaboration-with-google-cloud-to-boost-enterprise-ai-innovation-establishes-center-of-20241217111703.html
2024-10-12,"TCS is your rival , why did you ..: Ratan Tata question to Infosys founder Narayana Murthy left him stunned",https://www.india.com/news/tcs-is-your-rival-why-did-you-ratan-tatas-question-to-infosys-founder-narayana-murthy-left-him-stunned-7318134/
2024-12-11,Infosys Compaz Strengthens Collaboration with StarHub for Next - generation Technology Solutions,https://www.finanznachrichten.de/nachrichten-2024-12/64047692-infosys-compaz-strengthens-collaboration-with-starhub-for-next-generation-technology-solutions-008.htm
2024-12-17,"Infosys Strengthens Strategic Collaboration with Google Cloud to Boost Enterprise AI Innovation , Establishes Center of Excellence",https://aninews.in/news/business/infosys-strengthens-strategic-collaboration-with-google-cloud-to-boost-enterprise-ai-innovation-establishes-center-of-excellence20241217162604/
2024-10-25,"Infosys Share Price Today on : Infosys share are down by - 0 . 07 %, Nifty down by - 0 . 97 %",https://www.livemint.com/market/infosys-share-price-today-latest-on-25102024-11729835901162.html
2024-10-10,"Infosys shares in spotlight after expanding partnership with Microsoft to boost Microsoft Cloud , GenAI adoption",https://economictimes.indiatimes.com/markets/stocks/news/infosys-shares-in-spotlight-after-expanding-partnership-with-microsoft-to-boost-microsoft-cloud-genai-adoption/articleshow/114104500.cms
2024-10-09,Infosys and Microsoft Expand Strategic Collaboration to Accelerate Customer Adoption of The Microsoft Cloud and Generative AI,https://www.prnewswire.com/news-releases/infosys-and-microsoft-expand-strategic-collaboration-to-accelerate-customer-adoption-of-the-microsoft-cloud-and-generative-ai-302271400.html
2024-12-13,Infosys acquires 20 % stake in healthcare deep - tech firm 4baseCare for Rs 8 crore,https://www.moneycontrol.com/news/business/companies/infosys-acquires-20-stake-in-healthcare-deep-tech-firm-4basecare-for-rs-8-crore-12889724.html
2024-10-08,"Infosys expands pact with Old National Bank to accelerate its operational , technological transformation",https://www.moneycontrol.com/technology/infosys-expands-pact-with-old-national-bank-to-accelerate-its-operational-technological-transformation-article-12838285.html
2024-10-09,Infosys and Microsoft Expand Strategic Collaboration to Accelerate Customer Adoption of The Microsoft Cloud and Generative AI,https://news.webindia123.com/news/Articles/Business/20241009/4244035.html
2024-10-22,Infosys Limited ( INFY ): A Bull Case Theory,https://www.insidermonkey.com/blog/infosys-limited-infy-a-bull-case-theory-1377960/
2024-12-09,Bengaluru : Metro Plaza at Infosys Electronics City campus to provide direct station access for employees,https://www.moneycontrol.com/news/india/bengaluru-metro-plaza-at-infosys-electronics-city-campus-to-provide-direct-station-access-for-employees-12886138.html
2024-12-20,"Infosys Bengal Development Centre To Have Employment Potential Of 4 , 000 IT Professionals",https://zeenews.india.com/economy/infosys-bengal-development-centre-to-have-employment-potential-of-4000-it-professionals-2833865.html
2024-12-12,Infosys Collaborates with RheinEnergie to help Enterprises Drive their Energy Transition and Sustainability Agenda ( 1 ),https://www.europapress.es/comunicados/internacional-00907/noticia-comunicado-infosys-collaborates-with-rheinenergie-to-help-enterprises-drive-their-energy-transition-and-sustainability-agenda-20241212111406.html
2024-12-12,Infosys Collaborates with RheinEnergie to help Enterprises Drive their Energy Transition and Sustainability Agenda ( 2 ),https://www.europapress.es/comunicados/internacional-00907/noticia-comunicado-infosys-collaborates-with-rheinenergie-to-help-enterprises-drive-their-energy-transition-and-sustainability-agenda-20241212111410.html
2024-11-05,"Pacific Life Insurance Company Confirms Customer Data Leaked in Infosys McCamish Data Breach | Console and Associates , P . C .",https://www.jdsupra.com/legalnews/pacific-life-insurance-company-confirms-2658563/
2024-10-23,"Infosys Collaborates with University of Cambridge to Establish an AI Lab in London , Unveils New and Expanded Living Lab",https://www.europapress.es/comunicados/internacional-00907/noticia-comunicado-infosys-collaborates-with-university-of-cambridge-to-establish-an-ai-lab-in-london-unveils-new-and-expanded-living-lab-20241023191424.html
2024-10-23,"Wells Fargo named in cyberattack on Infosy arm McCamish , which impacted 6 mn",https://www.moneycontrol.com/technology/wells-fargo-named-in-cyberattack-on-infosys-subsidiary-affecting-6-million-article-12848250.html
2024-10-09,"Infosys , Microsoft expand collaboration to help boost GenAI adoption globally , ET Telecom",https://telecom.economictimes.indiatimes.com/news/enterprise-services/infosys-microsoft-expand-collaboration-to-help-boost-genai-adoption-globally/114080997
2024-10-22,Nandan Nilekani recalls first meeting with Ratan Tata at Infosys Bengaluru :  Struck by his humility,https://www.moneycontrol.com/news/trends/nandan-nilekani-recalls-first-meeting-with-ratan-tata-at-infosys-bengaluru-was-struck-by-his-humility-12847157.html
2024-10-09,"Infosys , Microsoft expand collaboration to help boost GenAI adoption globally",https://www.prokerala.com/news/articles/a1571093.html
2024-10-08,Infosys : Fraud check : Infosys candidates need to check system for info,https://economictimes.indiatimes.com/tech/information-tech/fraud-check-infosys-candidates-need-to-check-system-for-info/articleshow/114023197.cms
2024-11-26,Infosys issues 85 % bonus payouts to employees after delayed communication,https://www.moneycontrol.com/technology/infosys-issues-85-bonus-payouts-to-employees-for-q2fy25-article-12876562.html
2024-12-19,Mamata inaugurates Infosys development centre in Kolkata,https://www.thehindu.com/news/cities/kolkata/mamata-inaugurates-infosys-development-centre-in-kolkata/article69000922.ece
2024-10-24,Infosys unveils Small Language Models built on NVIDIA AI stack,https://www.moneycontrol.com/news/business/markets/infosys-unveils-small-language-models-built-on-nvidia-ai-stack-12850164.html
2024-10-23,"Infosys Collaborates with University of Cambridge to Establish an AI Lab in London , Unveils New and Expanded Living Lab to Accelerate Innovation for Enterprises",https://www.finanznachrichten.de/nachrichten-2024-10/63607582-infosys-collaborates-with-university-of-cambridge-to-establish-an-ai-lab-in-london-unveils-new-and-expanded-living-lab-to-accelerate-innovation-for-e-008.htm
2024-10-08,"Fraud check : Infosys candidates need to check system for info , ET Telecom",https://telecom.economictimes.indiatimes.com/news/enterprise-services/fraud-check-infosys-candidates-need-to-check-system-for-info/114029089
2024-11-17,"Meet Senapathy Gopalakrishnan , Infosys co - founder who richer than Narayana Murthy – His net worth is Rs 38 , 500 crore - Lifestyle News",https://www.financialexpress.com/life/lifestyle-meet-senapathy-gopalakrishnan-infosys-co-founder-whos-richer-than-narayana-murthy-his-net-worth-is-rs-38500-crore-3667569/
2024-10-18,Infosys poised to regain its No . 2 rank as quarterly revenue edges past Cognizant,https://www.livemint.com/companies/company-results/infosys-poised-to-regain-its-no-2-rank-as-quarterly-revenue-edges-past-cognizant-11729170355135.html
2024-11-27,Infosys giving 90 % bonus : Here are eligible employee categories and when they will get the money,https://economictimes.indiatimes.com/jobs/mid-career/infosys-giving-90-bonus-here-are-eligible-employee-categories-and-when-they-will-get-money/articleshow/115721421.cms
2024-12-19,Infosys becomes first Indian company to secure EU certification for cross - border data transfer,https://www.moneycontrol.com/technology/infosys-becomes-first-indian-company-to-secure-eu-certification-for-cross-border-data-transfer-article-12894071.html
2024-12-20,"Infosy  New Year gift  to West Bengal , here what CM Mamata Banerjee said",https://timesofindia.indiatimes.com/technology/tech-news/infosys-new-year-gift-to-west-bengal-heres-what-cm-mamata-banerjee-said/articleshow/116498770.cms
2024-12-12,Infosys Collaborates with RheinEnergie to help Enterprises Drive their Energy Transition and Sustainability Agenda,https://www.ots.at/presseaussendung/OTE_20241212_OTE0001/infosys-collaborates-with-rheinenergie-to-help-enterprises-drive-their-energy-transition-and-sustainability-agenda
2024-12-19,Infosys Achieves Binding Corporate Rules Certification from EU Data Protection Authorities,https://www.finanznachrichten.de/nachrichten-2024-12/64124448-infosys-achieves-binding-corporate-rules-certification-from-eu-data-protection-authorities-008.htm
2024-10-08,Beware of recruitment fraud ! Why Infosys is discontinuing issuing job offer letters to new recruits through emails,https://timesofindia.indiatimes.com/business/india-business/beware-of-recruitment-fraud-why-infosys-has-discontinuing-issuing-job-offer-letters-to-new-recruits-through-emails/articleshow/114038360.cms
2024-11-14,Infosys Science Foundation unveils 2024 prize winners across six major research disciplines,https://www.thehindubusinessline.com/news/science/infosys-science-foundation-unveils-2024-prize-winners-across-six-major-research-disciplines/article68867140.ece
2024-10-10,"Infosys Share Price Today on : Infosys share are down by - 0 . 5 %, Nifty up by 0 . 24 %",https://www.livemint.com/market/infosys-share-price-today-latest-on-10102024-11728538725349.html
2024-11-25,"Infosys Share Price Today on 25 - 11 - 2024 : Infosys share price are down by - 0 . 48 %, Nifty up by 1 . 82 %",https://www.livemint.com/market/infosys-share-price-today-latest-on-25-nov-2024-11732514201765.html
2024-10-28,Infosy Rs 21 interim dividend record date tomorrow . Last chance to buy,https://economictimes.indiatimes.com/markets/stocks/news/infosys-rs-21-interim-dividend-record-date-tomorrow-last-chance-to-buy/articleshow/114671999.cms
2024-12-27,"Narayana Murthy : Indians should be grateful to Dr Manmohan Singh for country prosperity , says Narayana Murthy",https://economictimes.indiatimes.com/tech/technology/indians-should-be-grateful-to-singh-for-countrys-prosperity-says-narayana-murthy/articleshow/116718451.cms
2024-10-23,"Meta , Infosys team up for AI innovation",https://www.financialexpress.com/business/digital-transformation-meta-infosys-team-up-for-ai-innovation-3648043/
2024-12-18,Infosys development centre : Infosys opens development centre in Bengal,https://economictimes.indiatimes.com/tech/information-tech/infosys-opens-development-centre-in-bengal/articleshow/116439483.cms
2024-12-21,Wipro & Infosys Shares Decline Despite Surge In ADR Surge In US,https://www.freepressjournal.in/business/wipro-infosys-shares-decline-despite-surge-in-adr-surge-in-us
2024-10-23,"You wont believe what Infosys founder Narayana Murthy said about Ratan Tata , calls the late businessman a ....",https://www.india.com/business/you-wont-believe-what-infosys-founder-narayana-murthy-said-about-ratan-tata-calls-the-late-businessman-a-7343294/
2024-10-07,"Goals unmet , Infosys tight - lipped about future of campus – Inside INdiana Business",https://www.insideindianabusiness.com/articles/goals-unmet-infosys-tight-lipped-about-future-of-campus
2024-11-27,Infosys bonus payout : IT major to give 90 % average performance bonus to eligible employees in Q2FY25,https://www.livemint.com/companies/news/infosys-bonus-payout-it-major-to-give-90-average-performance-bonus-to-eligible-employees-in-q2fy25-11732718406003.html
2024-11-13,"73 % of enterprises have launched AI , including generative AI , across marketing with 52 % of deployments achieving business value : Infosys CMO Radar",https://news.webindia123.com/news/Articles/Business/20241113/4255506.html
2024-10-17,Infosys ADR falls nearly 4 % on NYSE following Q2 results,https://www.moneycontrol.com/news/business/markets/infosys-adr-falls-nearly-4-on-nyse-following-q2-results-12844194.html
2024-10-22,"Infosys Consolidated September 2024 Net Sales at Rs 40 , 986 . 00 crore , up 5 . 11 % Y - o - Y",https://www.moneycontrol.com/news/business/earnings/infosys-consolidated-september-2024-net-sales-at-rs-40986-00-crore-up-5-11-y-o-y-12847434.html
2024-10-29,"While only 2 % are ready , most companies expect productivity gains of 10 - 40 % with Enterprise AI : Infosys Research",https://www.ots.at/presseaussendung/OTE_20241029_OTE0001/while-only-2-are-ready-most-companies-expect-productivity-gains-of-10-40-with-enterprise-ai-infosys-research
2024-11-13,"73 % of enterprises have launched AI , including generative AI , across marketing with 52 % of deployments achieving business value : Infosys CMO Radar",https://www.finanznachrichten.de/nachrichten-2024-11/63802228-73-of-enterprises-have-launched-ai-including-generative-ai-across-marketing-with-52-of-deployments-achieving-business-value-infosys-cmo-radar-008.htm
2024-10-18,Brokerages cheer as Infosys raises guidance for yet another quarter,https://www.moneycontrol.com/news/business/markets/brokerages-cheer-as-infosys-raises-guidance-for-yet-another-quarter-12844497.html
2024-10-18,Infosys reverses this  employee trend  after 6 quarters,https://timesofindia.indiatimes.com/technology/tech-news/infosys-reverses-this-employee-trend-after-6-quarters/articleshow/114334104.cms
2024-10-10,"IT stocks surge up to 26 % in 3 months ; Infosys , Coforge among top brokerage bets",https://economictimes.indiatimes.com/markets/stocks/news/it-stocks-surge-up-to-26-in-3-months-infosys-coforge-among-top-brokerage-bets/articleshow/114107064.cms
2024-10-17,Infosys ADR trades 2 % lower in pre - market session on NYSE following Q2 results,https://www.moneycontrol.com/news/business/markets/infosys-adr-trades-2-lower-in-pre-market-session-on-nyse-following-q2-results-12844194.html
2024-11-27,Infosys Announces 90 % Performance Bonus - Who Is Eligible For It ?,https://www.newsx.com/tech-and-auto/infosys-announces-90-performance-bonus-who-is-eligible-for-it/
2024-11-20,"Many clients seeking tailored Small Language Models , says Infosys",https://www.moneycontrol.com/technology/many-clients-seeking-tailored-small-language-models-says-infosys-article-12870864.html
2024-11-20,"Many clients seeking tailored Small Language Models , says Infosys",https://www.moneycontrol.com/technology/many-clients-seeking-tailored-small-language-models-says-infosys-balakrishna-article-12870864.html
2024-11-24,"Meet man , IITian , who is richest co - founder of Infosys , richer than Narayana Murthy , Sudha Murty , his net worth is ...",https://www.dnaindia.com/business/report-meet-man-iitian-who-is-richest-co-founder-of-infosys-richer-than-narayana-murthy-sudha-murty-his-net-worth-3118597
2024-10-17,"Infosys founder Narayana Murthy , Sudha Murty grandchild is India youngest millionaire , owns Rs ...",https://www.dnaindia.com/business/report-infosys-founder-narayana-murthy-sudha-murty-grandchild-is-india-s-youngest-millionaire-3113675
2024-11-05,"Southwark Council Collaborates with Infosys to Provide Digital Learning Platforms for Residents , Colleges , and Schools",https://www.europapress.es/comunicados/internacional-00907/noticia-comunicado-southwark-council-collaborates-with-infosys-to-provide-digital-learning-platforms-for-residents-colleges-and-schools-20241105120746.html
2024-12-31,"Infosys Announces 2 , 000 Job Openings for Freshers and Professionals , Details Here",https://www.careerindia.com/news/infosys-announces-2-000-job-openings-for-freshers-and-professionals-details-here-046793.html
2024-10-24,Infosys collaborates with University of Cambridge to establish AI Lab in London,https://indianexpress.com/article/education/infosys-collaborates-with-university-of-cambridge-to-establish-ai-lab-in-london-9636156/
2024-11-13,"73 % of enterprises have launched AI , including generative AI , across marketing with 52 % of deployments achieving business value : Infosys CMO Radar",https://www.manilatimes.net/2024/11/13/tmt-newswire/pr-newswire/73-of-enterprises-have-launched-ai-including-generative-ai-across-marketing-with-52-of-deployments-achieving-business-value-infosys-cmo-radar/2003417
2024-11-02,"Meet man who was rejected for job by Azim Premji , close to former PM of united kingdom , has net worth of Rs 41500 crore , he is ...",https://www.dnaindia.com/business/report-meet-man-who-was-rejected-for-job-by-azim-premji-close-to-former-pm-of-uk-has-net-worth-of-rs-41500-crore-3115984
2024-11-05,"Southwark Council Collaborates with Infosys to Provide Digital Learning Platforms for Residents , Colleges , and Schools",https://www.ots.at/presseaussendung/OTE_20241105_OTE0003/southwark-council-collaborates-with-infosys-to-provide-digital-learning-platforms-for-residents-colleges-and-schools
2024-10-18,"Infosys shares drop 4 % as Q2 results disappoint D - St . Should you buy , sell or hold ?",https://economictimes.indiatimes.com/markets/stocks/news/infosys-shares-drop-4-as-q2-results-disappoint-d-st-should-you-buy-sell-or-hold/articleshow/114336269.cms
2024-10-16,Infosys Q2 Results Preview : Revenue growth seen at 3 . 7 % on deal ramp - ups ; PAT may rise 5 . 8 % QoQ,https://www.livemint.com/companies/company-results/infosys-q2-results-preview-revenue-growth-seen-at-3-7-on-deal-ramp-ups-pat-may-rise-5-8-qoq-11729073171710.html
2024-12-24,Salaries of freshers have only increased from Rs 3 . 2 lakh in 2011 to Rs 3 . 75 lakh in 2024 : Mohandas Pai,https://www.indiatimes.com/news/india/salaries-of-freshers-have-only-increased-from-rs-32-lakh-in-2011-to-rs-375-lakh-in-2024-mohandas-pai-648985.html
2024-12-19,"CM : Invest in Bengal Silicon Valley , has Rs 27k cr potential | Kolkata News",https://indianexpress.com/article/cities/kolkata/cm-invest-in-bengals-silicon-valley-has-rs-27k-cr-potential-9733235/
2024-12-20,171 from UGI get jobs in Infosys | Prayagraj News,https://timesofindia.indiatimes.com/city/allahabad/171-from-ugi-get-jobs-in-infosys/articleshow/116513340.cms
2024-10-13,"7 out of 10 companies see drop by ₹1 . 22 lakh crore in market cap ; Airtel , Infosys gained",https://www.livemint.com/companies/news/7-out-of-10-companies-see-drop-by-1-22-lakh-crore-in-market-cap-airtel-infosys-gained-11728802678057.html
2024-10-07,"TCS , Infosys , Wipro , HCL Technologies : Which IT stock to buy ahead of Q2 result season ?",https://www.businesstoday.in/markets/stock-picks/story/tcs-infosys-wipro-hcl-technologies-which-it-stock-to-buy-ahead-of-q2-result-season-449024-2024-10-07
2024-10-17,Infosys : Strong performance with broad based revenue growth in CC of 3 . 1 % sequentially and 3 . 3 % YoY ( 2 ),https://www.europapress.es/comunicados/internacional-00907/noticia-comunicado-infosys-strong-performance-with-broad-based-revenue-growth-in-cc-of-31-sequentially-and-33-yoy-20241017142410.html
2024-10-17,Infosys : Strong performance with broad based revenue growth in CC of 3 . 1 % sequentially and 3 . 3 % YoY ( 1 ),https://www.europapress.es/comunicados/internacional-00907/noticia-comunicado-infosys-strong-performance-with-broad-based-revenue-growth-in-cc-of-31-sequentially-and-33-yoy-20241017142418.html
2024-12-18,Infosy new development centre will attract more companies to invest in West Bengal : Chief Minister Mamata Banerjee,https://www.thehindubusinessline.com/info-tech/infosys-new-development-centre-will-attract-more-companies-to-invest-in-west-bengal-chief-minister-mamata-banerjee/article69001173.ece
2024-10-17,"Infosys Q2 results : IT major announces dividend of ₹21 ; check record date , other details",https://www.livemint.com/market/stock-market-news/infosys-q2-results-it-major-announces-dividend-of-rs-21-check-record-date-other-details-11729160412764.html
2024-12-07,Infosys Founder Narayana Murthy Buys Rs 50 Crore Luxury Apartment In Bengaluru,https://www.news18.com/business/real-estate/infosys-narayana-murthy-luxury-apartment-kingfisher-towers-bengaluru-9148410.html
2024-12-01,"Infosys Agrees To Pay Rs 238 Crore Penalty For Abusing H1B Visa , Immigration Rules : World Highest Penalty ! - Trak . in",https://trak.in/stories/infosys-agrees-to-pay-rs-238-crore-penalty-for-abusing-h1b-visa-immigration-rules-worlds-highest-penalty/
2024-11-27,Nandan Nilekani reveals his small act of rebellion against father :  Ill join IIT Bombay  | Trending,https://www.hindustantimes.com/trending/nandan-nilekani-reveals-his-small-act-of-rebellion-against-father-i-ll-join-iit-bombay-101732684043817.html
2024-10-17,Infosys : Strong performance with broad based revenue growth in CC of 3 . 1 per cent sequentially and 3 . 3 per cent YoY,https://aninews.in/news/business/infosys-strong-performance-with-broad-based-revenue-growth-in-cc-of-31-per-cent-sequentially-and-33-per-cent-yoy20241017182123/
2024-10-15,Infosys Q2 Preview : Co to lead Tier - I IT pack ; profits may grow over 9 % YoY,https://www.business-standard.com/markets/news/infosys-q2-preview-co-to-lead-tier-i-it-pack-profits-may-grow-over-9-yoy-124101500372_1.html
2024-10-08,Fraud check : Infosys candidates need to check system for info,https://pragativadi.com/fraud-check-infosys-candidates-need-to-check-system-for-info/
2024-10-29,Companies expect 15 pc productivity gain on average with enterprise AI : Infosys,https://www.newkerala.com/news/2024/68316.htm
2024-10-23,"The Achille heel slowing Infosys , and Salil Parekh turnaround drive",https://economictimes.indiatimes.com/prime/technology-and-startups/the-achilles-heel-slowing-infosys-and-salil-parekhs-turnaround-drive/primearticleshow/114477958.cms
2024-12-31,This wild animal was spotted in Mysore Infosys campus and employees have been asked to work from home,https://timesofindia.indiatimes.com/etimes/trending/this-wild-animal-was-spotted-in-mysore-infosys-campus-and-employees-have-been-asked-to-work-from-home/articleshow/116828442.cms
2024-12-31,Leopard Sighting At Infosys Mysuru Campus : Work - From - Home For Trainee Employees,https://www.oneindia.com/bengaluru/leopard-sighting-at-infosys-mysuru-campus-work-from-home-for-trainee-employees-011-4030051.html
2024-10-18,"Infosys shares : Should you buy , hold or sell this IT stock post mixed Q2 results ?",https://www.businesstoday.in/markets/stocks/story/infosys-shares-should-you-buy-hold-or-sell-this-it-stock-post-mixed-q2-results-450555-2024-10-18
2024-10-17,"IT major Infosys logs 4 . 7 pc increase in Q2 net profit at Rs 6 , 506 crore",https://www.ibtimes.co.in/it-major-infosys-posts-4-7-pc-increase-q2-net-profit-rs-6506-crore-873450
2024-10-30,Infosys Finacle Launches Data and AI Suite to Help Banks Accelerate their AI Journey,https://www.prnewswire.com/news-releases/infosys-finacle-launches-data-and-ai-suite-to-help-banks-accelerate-their-ai-journey-302291387.html
2024-10-17,Infosys : Strong performance with broad based revenue growth in CC of 3 . 1 % sequentially and 3 . 3 % YoY,https://www.newswire.ca/news-releases/infosys-strong-performance-with-broad-based-revenue-growth-in-cc-of-3-1-sequentially-and-3-3-yoy-842518809.html
2024-10-17,Infosys Strong performance with broad based revenue growth in CC of 3 . 1 sequentially and 3 . 3 YoY,https://www.theweek.in/wire-updates/business/2024/10/17/dcm88-infosys.html
2024-10-17,"Infosys profit rises 5 pc YoY in Q2 to Rs 6 , 506 crore , declared dividend",http://www.uniindia.com/infosys-profit-rises-5-pc-yoy-in-q2-to-rs-6-506-crore-declared-dividend/business-economy/news/3306511.html
2024-10-18,"Infosys to be impacted by salary hikes , furloughs , fewer working days in H2FY25",https://www.moneycontrol.com/news/business/earnings/infosys-to-be-impacted-by-salary-hikes-furloughs-fewer-working-days-in-h2fy25-12844441.html
2024-12-11,Hot Stocks : Axis Capital upgrades Infosys ; Investec reiterates sell on Wipro,https://economictimes.indiatimes.com/markets/stocks/news/hot-stocks-axis-capital-upgrades-infosys-investec-reiterates-sell-on-wipro/articleshow/116196322.cms
2024-10-30,Infosys Finacle Launches Data and AI Suite to Help Banks Accelerate their AI Journey,https://www.ots.at/presseaussendung/OTE_20241030_OTE0002/infosys-finacle-launches-data-and-ai-suite-to-help-banks-accelerate-their-ai-journey
2024-11-27,"Narayana Murthy Infosys announces average performance bonus for employees , check details",https://www.dnaindia.com/business/report-narayana-murthy-s-infosys-announces-average-performance-bonus-for-employees-check-details-3119852
2024-10-17,Infosys : Strong performance with broad based revenue growth in CC of 3 . 1 % sequentially and 3 . 3 % YoY,https://www.manilatimes.net/2024/10/17/tmt-newswire/pr-newswire/infosys-strong-performance-with-broad-based-revenue-growth-in-cc-of-31-sequentially-and-33-yoy/1986567
2024-10-13,Infosys Enhances Recruitment Security : New System to Combat Fraud,https://www.careerindia.com/news/infosys-enhances-recruitment-security-new-system-to-combat-fraud-044261.html
2024-10-17,"Infosys Q2 results , dividend today : Profit may rise 10 %; FY25 sales guidance may see upward revision",https://www.businesstoday.in/markets/stocks/story/infosys-q2-results-dividend-today-profit-may-rise-10-fy25-sales-guidance-may-see-upward-revision-450421-2024-10-17
2024-12-31,Leopard spotted on Infosys Mysore campus : Employees to work from home on Dec 31 ; Trainees given a day off,https://www.moneycontrol.com/news/india/leopard-spotted-on-infosys-mysuru-campus-employees-to-work-from-home-on-dec-31-trainees-given-a-day-off-12900655.html
2024-12-31,"Leopard spotted at Infosys campus in Mysuru , techies asked to work from home",https://www.ibtimes.co.in/leopard-spotted-infosys-campus-mysuru-techies-asked-work-home-877325
2024-11-04,TCS vs Infosys vs Wipro : Which IT stock stands strongest ahead of the US presidential election 2024 ? Experts weigh in,https://www.livemint.com/market/stock-market-news/tcs-vs-infosys-vs-wipro-which-it-stock-stands-strongest-ahead-of-the-us-presidential-election-2024-experts-weigh-in-11730711754648.html
2024-11-28,"Narayana Murthy nandan nilekani meeting : Nandan Nilekani recalls first meeting with Narayana Murthy , says  would have jumped off the clip for him",https://economictimes.indiatimes.com/news/new-updates/infosys-nandan-nilekani-recalls-first-meeting-with-narayana-murthy-says-would-have-jumped-off-the-clip-for-him/articleshow/115773703.cms
2024-11-27,Infosys to give 85 per cent bonus to employees,https://www.financialexpress.com/business/industry-infosys-to-give-85-per-cent-bonus-to-employees-3677886/
2024-11-27,Infosys co - founder Nandan Nilekani reveals why he  rebelled  against his father as a teenager,https://economictimes.indiatimes.com/news/new-updates/infosys-co-founder-nandan-nilekani-reveals-why-he-rebelled-against-his-father-as-a-teenager/articleshow/115721126.cms
2024-10-02,Indian IT earnings : Big IT expects growth momentum to continue in September quarter,https://economictimes.indiatimes.com/tech/information-tech/big-it-expects-growth-momentum-to-continue-in-september-quarter/articleshow/113860625.cms
2024-11-28,Would Have Jumped Off The Cliff For Him : Nandan Nilekani Recalls First Meeting With Narayana Murthy,https://www.news18.com/viral/would-have-jumped-off-the-cliff-for-him-nandan-nilekani-recalls-first-meeting-with-narayana-murthy-9138350.html
2024-12-31,Leopard sighting at Infosys campus sparks search operation in Mysuru,https://www.thehindubusinessline.com/news/leopard-sighting-at-infosys-campus-sparks-search-operation-in-mysuru/article69046670.ece
2024-10-30,Infosys Finacle Launches Data and AI Suite to Help Banks Accelerate their AI Journey,https://www.prnewswire.com/news-releases/infosys-finacle-launches-data-and-ai-suite-to-help-banks-accelerate-their-ai-journey-302291390.html
2024-10-14,Narayana Murthy Infosys earned Rs 6913 crore in just 5 days from ...,https://www.dnaindia.com/business/report-narayana-murthy-s-infosys-earned-rs-6913-crore-in-just-5-days-from-share-market-3113229
2024-10-10,When Ratan Tata asked Narayana Murthy :  TCS is your rival . Why you invited me to Infosys event,https://economictimes.indiatimes.com/magazines/panache/when-ratan-tata-asked-narayana-murthy-tcs-is-your-rival-why-you-invited-me-to-infosys-event/articleshow/114110536.cms
2024-11-15,How can India solve its troubles due to colonisation ? Infosy founder Narayana Murthy has a solution,https://economictimes.indiatimes.com/news/india/how-can-india-solve-its-troubles-due-to-colonisation-infosys-founder-narayana-murthy-has-a-solution/articleshow/115335580.cms
2024-10-03,Infosys may lead Indian IT pack this festive season,https://www.livemint.com/companies/infosys-it-companies-festive-season-tata-consultancy-bsnl-markets-hcl-tech-wipro-tech-mahindra-mohit-joshi-11727864439746.html
2024-10-21,GalaxEye : Space startup GalaxEye to launch  Drishti satellite  through Elon Musk SpaceX,https://economictimes.indiatimes.com/tech/startups/bengaluru-startup-galaxeye-to-launch-drishti-satellite-through-elon-musks-space-x/articleshow/114414299.cms
2024-10-26,Q2 results : Slow growth bottoming out in the top five IT companies,https://www.rediff.com/business/report/q2-results-slow-growth-bottoming-out-in-the-top-five-it-companies/20241026.htm
2024-12-31,"Leopard Walks Into Infosys Mysuru Campus , Employees Asked To Work From Home",https://www.news18.com/india/leopard-walks-into-infosys-mysuru-campus-employees-asked-to-work-from-home-9173415.html
2024-12-18,Infosys opens 3 . 2 lakh sq . ft development centre in Kolkata ; invests ₹426 crore,https://www.thehindu.com/business/infosys-opens-32-lakh-sqft-development-centre-in-kolkata-invests-426-crore/article69000858.ece
2024-11-28,"If he asked me to jump off the cliff , I would ...: Nandan Nilekani on his first meeting with Narayana Murthy |",https://timesofindia.indiatimes.com/technology/tech-news/if-he-asked-me-to-jump-off-the-cliff-i-would-nandan-nilekani-on-his-first-meeting-with-narayana-murthy/articleshow/115762153.cms
2024-10-15,Infosys Q2 Earnings : Five factors to watch out for,https://www.moneycontrol.com/news/business/earnings/infosys-q2-earnings-five-factors-to-watch-for-12842102.html
2024-11-10,Market capitalisation of six of top - 10 most - valued firms decline Rs 1 . 55 lakh crore last week,https://timesofindia.indiatimes.com/business/india-business/market-capitalisation-of-six-of-top-10-most-valued-firms-decline-rs-1-55-lakh-crore-last-week/articleshow/115135989.cms
2024-11-28,Infosys rewards employees with 90 % performance bonus for Q2 FY25,https://www.businesstoday.in/technology/news/story/infosys-rewards-employees-with-90-performance-bonus-for-q2-fy25-455476-2024-11-28
2024-10-20,"Mcap of 4 of top - 10 most valued firms jumps Rs 81 , 151 cr last week ; ICICI , HDFC Bank biggest gainers",https://economictimes.indiatimes.com/markets/stocks/news/mcap-of-4-of-top-10-most-valued-firms-jumps-rs-81151-cr-last-week-icici-hdfc-bank-biggest-gainers/articleshow/114390684.cms
2024-12-15,Five of top - 10 most valued firms together add ₹1 . 13 lakh crore in market valuation,https://www.thehindubusinessline.com/markets/stock-markets/five-of-top-10-most-valued-firms-together-add-113-lakh-crore-in-market-valuation/article68987706.ece
2024-12-15,Five of top - 10 most valued firms add Rs 1 . 13 lakh crore in market valuation ; Airtel shines,https://www.tribuneindia.com/news/business/five-of-top-10-most-valued-firms-add-rs-1-13-lakh-crore-in-market-valuation-airtel-shines/
2024-10-17,"Infosys shares rise 13 % since Q1 earnings , trading in green today",https://www.businesstoday.in/markets/company-stock/story/infosys-shares-rise-q2-earnings-net-profit-revenue-guidance-450437-2024-10-17
2024-11-10,Mcap of 6 of top - 10 most - valued firms erode Rs 1 . 55 lakh cr ; Reliance biggest laggard,https://economictimes.indiatimes.com/markets/stocks/news/mcap-of-6-of-top-10-most-valued-firms-erode-rs-1-55-lakh-cr-reliance-biggest-laggard/articleshow/115136515.cms
2024-12-15,Five of top - 10 most valued firms together add Rs 1 . 13 lakh Crore in market valuation,https://www.dailypioneer.com/2024/business/five-of-top-10-most-valued-firms-together-add-rs-1-13-lakh-crore-in-market-valuation.html
2024-10-17,"Infosys net profit rises to Rs 6506 cr in Q2FY25 , declares dividend of Rs 21 per share",https://timesofoman.com/article/151068-infosys-net-profit-rises-to-rs-6506-cr-in-q2fy25-declares-dividend-of-rs-21-per-share
2024-11-10,Mcap of 6 of top - 10 most - valued firms erode ₹1 . 55 lakh cr ; Reliance biggest laggard,https://www.thehindubusinessline.com/markets/mcap-of-6-of-top-10-most-valued-firms-erode-155-lakh-cr-reliance-biggest-laggard/article68851695.ece
2024-12-31,"Leopard spotted in Mysuru Infosys campus , employees asked to work from home",http://www.uniindia.com/~/leopard-spotted-in-mysuru-infosys-campus-employees-asked-to-work-from-home/States/news/3357447.html
2024-12-07,Bengaluru Kingfisher Towers bought by Narayana Murthy for Rs 50 crore,https://www.indiatimes.com/trending/bengalurus-kingfisher-towers-bought-by-narayana-murthy-for-rs-50-crore-647792.html
2024-11-01,"Big IT Buying Startups to Plug AI , Tech Gaps - The Economic Times",https://economictimes.indiatimes.com/epaper/delhicapital/2024/nov/01/front-page/big-its-buying-startups-to-plug-ai-tech-gaps/articleshow/114829384.cms
2024-10-17,"Q2 Results Today : Infosys , Wipro , Axis Bank , LTIMindtree , among 36 companies to declare earnings on October 17",https://www.livemint.com/companies/company-results/q2-results-today-infosys-wipro-axis-bank-ltimindtree-among-36-companies-to-declare-earnings-on-october-17-11729133506036.html
2024-10-17,"Infosys : Infosys adds 2 , 456 employees in Q2FY25 , reversing trend after six quarters",https://economictimes.indiatimes.com/tech/technology/infosys-adds-2456-employees-in-q2fy25-reversing-trend-after-six-quarters/articleshow/114315578.cms
2024-10-13,"Q2 earnings preview : Infosys forecasts suggest strong revenue boost , potential guidance raise",https://www.thehindubusinessline.com/companies/q2-earnings-preview-infosys-forecasts-suggest-strong-revenue-boost-potential-guidance-raise/article68749394.ece
2024-12-20,"Stocks in news : Stocks in news : Indian Oil , Tata Steel , TCS , Infosys , Airtel , Tata Consumer",https://economictimes.indiatimes.com/markets/stocks/news/stocks-in-news-indian-oil-tata-steel-tcs-infosys-airtel-tata-consumer/articleshow/116486119.cms
2024-12-15,Five of top 10 most valued firms together add Rs 1 . 13 lakh cr in market valuation ; Airtel shines,https://www.moneycontrol.com/news/business/five-of-top-10-most-valued-firms-together-add-rs-1-13-lakh-cr-in-market-valuation-airtel-shines-12890109.html
2024-11-14,Here are the big stories from Karnataka today,https://www.thehindu.com/newsletter/karnataka-today/here-are-the-big-stories-from-karnataka-today/article68867889.ece
2024-11-07,Ex - Infosys CFO Mohandas Pai slams  excessive use of Hindi  in central government communication :  Please do not impose  | Trending,https://www.hindustantimes.com/trending/exinfosys-cfo-mohandas-pai-slams-excessive-use-of-hindi-in-central-government-communication-please-do-not-impose-101730955891482.html
2024-11-04,"Sensex , Nifty plunge in early trade dragged by Reliance Industries",https://www.tribuneindia.com/news/business/sensex-nifty-plunge-in-early-trade-dragged-by-reliance-industries/
2024-11-18,Mukesh Ambani loses Rs 220000000000 in four days due to ...,https://www.india.com/business/mukesh-ambani-reliance-industries-loses-rs-220000000000-in-four-days-due-to-fall-in-stock-market-7400294/
2024-11-26,"Narayana Murthy gifts for Infosys employees , company to give average performance bonuses of ..., the reason is ...",https://www.india.com/business/narayana-murthys-gifts-for-infosys-employees-company-to-give-average-performance-bonuses-of-the-reason-is-7422689/
2024-12-17,"Rank not important in life , but courage to face reality is , says Sudha Murty",https://www.thehindu.com/news/national/karnataka/rank-not-important-in-life-but-courage-to-face-reality-is-says-sudha-murty/article68988939.ece
2024-12-17,Lockheed forms subsidiary to help defense companies adopt AI,https://economictimes.indiatimes.com/news/defence/lockheed-forms-subsidiary-to-help-defense-companies-adopt-ai/articleshow/116390587.cms
2024-10-08,IT sector will see revenue growth in Q2FY25 but high expectations may lead to short - term disappointment : Report,https://news.webindia123.com/news/Articles/Business/20241008/4243565.html
2024-11-17,"M - cap of top 10 firms : Eight companies lose ₹1 . 65 lakh crore led by HDFC Bank , only Infosys and TCS see some gains",https://www.livemint.com/market/stock-market-news/mcap-top-10-firms-eight-lose-rs-1-lakh-crore-two-gain-indian-stock-markets-news-valuation-equities-hdfc-sbi-ril-infosys-11731819761768.html
2024-10-17,"Stocks in news : Stocks in news : Wipro , Infosys , Axis Bank , Nestle , Bajaj Auto , RIL",https://economictimes.indiatimes.com/markets/stocks/news/stocks-in-news-wipro-infosys-axis-bank-nestle-bajaj-auto-ril/articleshow/114297934.cms
2024-10-08,IT sector will see revenue growth in Q2FY25 but high expectations may lead to short - term disappointment : Report,https://www.aninews.in/news/business/it-sector-will-see-revenue-growth-in-q2fy25-but-high-expectations-may-lead-to-short-term-disappointment-report20241008144426/
2024-12-08,"Mcap of 6 of top - 10 most valued firms jump Rs 2 lakh crore ; TCS , HDFC Bank lead gainers",https://www.moneycontrol.com/news/business/markets/mcap-of-6-of-top-10-most-valued-firms-jump-rs-2-lakh-crore-tcs-hdfc-bank-lead-gainers-12885381.html
2024-11-09,Narayana Murthy father - in - law  wasnt thrilled  after first meeting with him ; reveals Sudha Murthy on  The Great Indian Kapil Show,https://economictimes.indiatimes.com/magazines/panache/narayana-murthys-father-in-law-wasnt-thrilled-after-first-meeting-with-him-reveals-sudha-murthy-on-the-great-indian-kapil-show/articleshow/115122246.cms
2024-11-11,Sudha Murty advocates travelling economy as Narayana Murthy discusses hiring chartered flight on Kapil Sharma show,https://www.livemint.com/news/trends/sudha-murty-advocates-travelling-economy-as-narayana-murthy-discusses-hiring-chartered-flight-on-kapil-sharma-show-11731307119097.html
2024-12-11,"Infosys , Mphasis , Birlasoft : Key support and resistance levels for these 3 IT stocks",https://www.businesstoday.in/markets/company-stock/story/infosys-mphasis-birlasoft-key-support-and-resistance-levels-for-these-3-it-stocks-456894-2024-12-11
2024-11-03,"Mcap of 6 of top - 10 most valued firms jump ₹1 lakh crore ; State Bank , ICICI Bank top gainers",https://www.thehindubusinessline.com/markets/mcap-of-6-of-top-10-most-valued-firms-jump-1-lakh-crore-state-bank-icici-bank-top-gainers/article68824948.ece
2024-10-22,Editorial . IT uncertain - The Hindu BusinessLine,https://www.thehindubusinessline.com/opinion/editorial/its-uncertain/article68783328.ece
2024-11-29,"Large - cap IT companies : Strong deal pipeline , US prospects augur well for large - cap IT ; Infy , TCS top picks",https://economictimes.indiatimes.com/markets/stocks/news/strong-deal-pipeline-us-prospects-augur-well-for-large-cap-it-infy-tcs-top-picks/articleshow/115786496.cms
2024-12-24,Top office transitions : How leadership shake - ups have changed India IT sector,https://economictimes.indiatimes.com/jobs/c-suite/top-office-transitions-how-leadership-shake-ups-have-changed-indias-it-sector/articleshow/116621135.cms
2024-12-27,"Infosys founder Narayan Murthy , Zerodha Nikhil Kamath , billionaire Anand Mahindra and others pay tributes to former PM Manmohan Singh",https://timesofindia.indiatimes.com/technology/tech-news/infosys-founder-narayan-murthy-zerodhas-nikhil-kamath-billionaire-anand-mahindra-and-others-pay-tributes-to-former-pm-manmohan-singh/articleshow/116720304.cms
2024-12-08,Mcap of six of top 10 most valued firms jump Rs 2 lakh Crore,https://www.dailypioneer.com/2024/business/mcap-of-six-of-top-10-most-valued-firms-jump-rs-2-lakh-crore.html
2024-12-22,"Top - 10 Indian firms , including TCS and Reliance , lose Rs 4 . 95 lakh crore amid market slump",https://www.financialexpress.com/market/top-10-indian-firms-including-tcs-and-reliance-lose-rs-4-95-lakh-crore-amid-market-slumpnbspnbsp-3697454/
2024-11-05,"Mcap of most valued firms jumps , State Bank , ICICI Bank top gainers",https://www.dailypioneer.com/2024/business/mcap-of-most-valued-firms-jumps--state-bank--icici-bank-top-gainers.html
2024-10-25,"RBI approves third term for Axis Bank MD , CEO Amitabh Chaudhry",https://www.thehindubusinessline.com/money-and-banking/rbi-approves-third-term-for-axis-bank-md-ceo-amitabh-chaudhry/article68792194.ece
2024-11-04,"Share Market Crashes Ahead Of US Elections , Slides Over 1 , 000 Points",https://www.ndtv.com/business-news/share-market-crashes-ahead-of-us-elections-slides-over-1-000-points-6938894
2024-11-14,Infosys Prize 2024 : Celebrating winning innovators in science and research | Bengaluru News,https://timesofindia.indiatimes.com/city/bengaluru/young-innovators-under-40-win-prestigious-infosys-prize-2024-meet-the-laureates/articleshow/115291529.cms
2024-11-26,IT Exporters : IT exporters look beyond North America and Europe,https://economictimes.indiatimes.com/tech/information-tech/it-exporters-look-beyond-north-america-and-europe/articleshow/115669569.cms
2024-11-27,Infosys Employees To Get 90 % Performance Bonus For Q2 FY25,https://zeenews.india.com/economy/infosys-employees-to-get-90-performance-bonus-for-q2-fy25-2825037.html
2024-10-28,automotive sector : EU auto biz slump throws IT growth plans off the track,https://economictimes.indiatimes.com/tech/information-tech/eu-auto-biz-slump-throws-its-growth-plans-off-the-track/articleshow/114662399.cms
2024-12-15,Five out of 10 cos add over Rs 1 . 13 trillion last week,https://www.thestatesman.com/business/five-out-of-10-cos-add-over-rs-1-13-trillion-last-week-1503375989.html
2024-10-11,"Q2 results : Infosys , Wipro , and HCL Technologies brace for challenging earnings amid high expectations",https://www.livemint.com/market/q2-results-infosys-wipro-hcl-technologies-brace-challenging-earnings-high-expectations-india-markets-correction-pressure-11728611467337.html
2024-10-30,8 Best Information Technology Services Stocks to Invest in Now,https://www.insidermonkey.com/blog/8-best-information-technology-services-stocks-to-invest-in-now-1381047/
2024-10-21,Could a weak order book act as a speed bump to Indian IT growth ?,https://www.livemint.com/industry/infotech/could-a-weak-order-book-act-as-a-speed-bump-to-indian-it-s-growth-tcs-infosys-wipro-hcl-tech-stocks-sector-11729420691884.html
2024-12-31,"Leopard spotted at Infosys campus in Mysuru , techies asked to work from home",https://www.siasat.com/leopard-spotted-at-infosys-campus-in-mysuru-techies-asked-to-work-from-home-3157230/
2024-10-18,"Infosys : Infosys net profit rises 4 . 7 % in Q2 , misses Street estimates",https://economictimes.indiatimes.com/tech/information-tech/infosys-net-profit-rises-4-7-in-q2-misses-street-estimates/articleshow/114326215.cms
2024-12-08,Combined market valuation of 6 of top 10 most valued firms spikes over Rs 2 trillion,https://www.thestatesman.com/business/combined-market-valuation-of-6-of-top-10-most-valued-firms-spikes-over-rs-2-trillion-1503373482.html
2024-10-24,"SOIL Institute of Management : Courses , Fees , Admission 2025 , Placements , Ranking",https://www.mbauniverse.com/college/gurugrammba/soil-institute-of-management-gurgaon
2024-12-09,GenAI may pile pricing pressure on customer support and maintenance work of IT services companies,https://www.livemint.com/companies/gena-pricing-customer-support-it-services-chatgpt-chatbots-wipro-hcl-tech-infosys-tech-mahindra-hiring-bpo-ai-11733633816455.html
2024-10-15,Techie claims to receive offer letter 2 . 5 years after interview,https://www.indiatimes.com/trending/social-relevance/techie-claims-to-receive-offer-letter-25-years-after-interview-643809.html
2024-11-11,Sudha Murthy : Kapil Sharma Show : Narayan Murthy  Shahrukh Khan  moment with Sudha Murthy goes viral on the internet,https://economictimes.indiatimes.com/news/latest-news/kapil-sharma-show-narayana-murthys-shah-rukh-khan-moment-with-sudha-murty-goes-viral-on-the-internet/articleshow/115172283.cms
2024-11-11,Sudha Murthy : Kapil Sharma Show : Narayan Murthy  Shahrukh Khan  moment with Sudha Murthy goes viral on the internet,https://economictimes.indiatimes.com/news/latest-news/kapil-sharma-show-narayan-murthys-shahrukh-khan-moment-with-sudha-murthy-goes-viral-on-the-internet/articleshow/115172283.cms
2024-11-14,Which area has India invented ?: Narayana Murthy says lack of problem - solving drives issues like Delhi pollution,https://www.businesstoday.in/india/story/which-area-has-india-invented-narayana-murthy-says-lack-of-problem-solving-drives-issues-like-delhi-pollution-453837-2024-11-14
2024-11-10,"RIL mcap decreases by Rs 74 , 000 crore ; SBI , TCS , Infosys biggest gainers",https://www.ibtimes.co.in/ril-mcap-decreases-by-rs-74000-crore-sbi-tcs-infosys-biggest-gainers-874559
2024-12-10,active stocks : Share market update : Most active stocks of the day in terms of traded value,https://economictimes.indiatimes.com/markets/stocks/stock-watch/share-market-update-most-active-stocks-of-the-day-in-terms-of-traded-value/articleshow/116174162.cms
2024-10-18,"Infosys Q2 revenue up 3 . 3 %, Wipro drops 2 . 3 % YoY",https://timesofindia.indiatimes.com/business/india-business/infosys-q2-revenue-up-3-3-wipros-drops-2-3-yoy/articleshow/114332230.cms
2024-10-17,"India Infosys , Wipro top Q2 revenue estimates as spending revives",https://www.thestar.com.my/tech/tech-news/2024/10/17/india039s-infosys-wipro-top-q2-revenue-estimates-as-spending-revives
2024-11-07,"Rishi Sunak , Akshata Murty spotted at Third Wave Coffee in Bengaluru . Internet jokes  working 70 - hours at Infosys",https://www.moneycontrol.com/news/trends/rishi-sunak-akshata-murty-spotted-at-third-wave-coffee-in-bengaluru-internet-jokes-working-70-hours-at-infosys-12860160.html
2024-12-13,IIT - Madras creates cost - effective desi 3D atlas of human brain | Chennai News,https://timesofindia.indiatimes.com/city/chennai/iit-madras-creates-cost-effective-desi-3d-atlas-of-human-brain/articleshow/116272177.cms
2024-12-09,"Meet man , earns Rs 1860000000 salary , highest paid CEO of India , he works with ...",https://www.india.com/business/meet-man-earns-rs-1860000000-salary-highest-paid-ceo-of-india-he-works-with-cognizant-7451389/
2024-10-19,India IT services firms tighten their wage belts . But are they getting fitter ?,https://www.livemint.com/companies/people/india-it-services-employee-costs-wage-costs-hiring-attrition-cost-cutting-demand-it-slowdown-tcs-infosys-hcltech-wipro-11729242822117.html
2024-12-30,Ex - Infosys CFO Mohandas Pai Slams IndiGo Over Bengaluru Incident :  Left Without Air Conditioning,https://www.news18.com/viral/ex-infosys-cfo-mohandas-pai-slams-indigo-over-bengaluru-incident-left-without-air-conditioning-9172544.html
2024-12-21,This small company Esops will make its housekeeping staff wealthy,https://timesofindia.indiatimes.com/toi-plus/business-economy/this-small-companys-esops-will-make-its-housekeeping-staff-wealthy/articleshow/116495146.cms
2024-11-06,"Indian Stock Market Reacts To Trump Win : Sensex Up 1 . 13 %, Nifty Gains 1 . 12 %; IT Stocks Lead The Charge",https://www.freepressjournal.in/business/indian-stock-market-reacts-to-trump-win-sensex-up-113-nifty-gains-112-it-stocks-lead-the-charge
2024-10-17,"India Infosys , Wipro top Q2 revenue estimates as spending revives",https://www.businesstimes.com.sg/companies-markets/telcos-media-tech/indias-infosys-wipro-top-q2-revenue-estimates-spending-revives
2024-12-20,Can Accenture better than expected earnings usher optimism for IT stocks ?,https://www.moneycontrol.com/news/business/markets/can-accenture-s-better-than-expected-earnings-usher-optimism-for-it-stocks-12894348.html
2024-12-16,70 hour work week : Infosys co - founder Narayana Murthy stands firm on his stance again . Here why,https://www.indiatoday.in/business/story/infosys-co-founder-narayana-murthy-70-hour-work-week-stands-firm-on-his-stance-again-heres-why-2650352-2024-12-16
2024-11-25,"Massive Drop In H1B Visa Sponsorships By Amazon , Google , TCS , Infosys In 2024 - Trak . in - Indian Business of Tech , Mobile & Startups",https://trak.in/stories/massive-drop-in-h1b-visa-sponsorships-by-amazon-google-tcs-infosys-in-2024/
2024-11-10,"Mukesh Ambani loses Rs 74563 crore in 5 days , Reliance emerges as biggest ...",https://www.dnaindia.com/business/report-mukesh-ambani-loses-rs-74563-crore-in-5-days-reliance-emerges-as-biggest-laggard-in-share-market-3117266
2024-10-18,"Sensex , Nifty rebound after 3 - day slump ; banking , metal stocks lead gains",https://www.moneycontrol.com/news/business/markets/sensex-nifty-rebound-after-3-day-slump-banking-metal-stocks-lead-gains-12844835.html
2024-10-26,"The IT party is long over , but investors continue to hang around",https://www.thehindubusinessline.com/portfolio/the-it-party-is-long-over-but-investors-continue-to-hang-around/article68800738.ece
2024-12-31,"Leopard spotted in Mysuru Infosys campus , forest dept launches combing op",https://www.udayavani.com/english-news/leopard-spotted-in-mysuru-infosys-campus-forest-dept-launches-combing-op
2024-10-04,"Mid - day Mood | Sensex , Nifty down amid heightened volatility ; banks , FMCG lead losses",https://www.moneycontrol.com/news/business/markets/mid-day-mood-sensex-nifty-down-amid-heightened-volatility-banks-fmcg-lead-losses-12835399.html
2024-12-16,it stocks to buy : PSU banks & financiers to benefit from govt capex ; bullish on 6 IT stocks : Chakri Lokapriya,https://economictimes.indiatimes.com/markets/expert-view/psu-banks-financiers-to-benefit-from-govt-capex-bullish-on-6-it-stocks-chakri-lokapriya/articleshow/116292091.cms
2024-11-26,AI and Accessibility : AI : the access key to inclusion ?,https://economictimes.indiatimes.com/tech/artificial-intelligence/ai-the-access-key-to-inclusion/articleshow/115667670.cms
2024-11-15,"I cant help falling in love with you : Narayana Murthy sings Elvis classic , dedicates it to wife Sudha Murty | Trending",https://www.hindustantimes.com/trending/i-can-t-help-falling-in-love-with-you-narayana-murthy-sings-elvis-classic-dedicates-it-to-wife-sudha-murty-101731635880400.html
2024-10-09,Morning Scan : All the big stories to get you started for the day,https://www.moneycontrol.com/news/india/morning-scan-all-the-big-stories-to-get-you-started-for-the-day-796-12838446.html
2024-11-04,"Sensex , Nifty plunge in early trade dragged by Reliance Industries",https://indianexpress.com/article/business/market/sensex-nifty-plunge-early-trade-dragged-reliance-industries-9652426/
2024-12-11,Founder Or Manager Mode : What Better For Your Startup ?,https://www.forbesindia.com/article/column/founder-or-manager-mode-whats-better-for-your-startup/94820/1
2024-12-16,"BMRCL reviews Yellow Line metro trainsets schedule , final timeline expected soon",https://www.thehindubusinessline.com/economy/logistics/bmrcl-reviews-yellow-line-metro-trainsets-schedule-final-timeline-expected-soon/article68991893.ece
2024-10-18,"Sensex , Nifty slump as unabated foreign fund outflows drag markets lower",https://www.thehindu.com/business/markets/sensex-nifty-slump-as-unabated-foreign-fund-outflows-drag-markets-lower/article68767761.ece
2024-10-10,Ratan Tata death : When Narayana Murthy learnt lesson in compassionate capitalism from ex - Tata Group chief,https://www.indiatoday.in/india/story/ratan-tata-death-last-rites-narayana-murthy-learnt-lesson-in-compassionate-capitalism-2614842-2024-10-10
2024-12-01,"Market cap of top 9 firms rise , LIC , HDFC Bank lead the pack",https://www.financialexpress.com/market/market-cap-of-top-9-firms-rise-lic-hdfc-bank-lead-the-pack-3681351/
2024-12-03,Short Interest in Infosys Limited ( NYSE : INFY ) Expands By 17 . 2 %,https://www.themarketsdaily.com/2024/12/03/short-interest-in-infosys-limited-nyseinfy-expands-by-17-2.html
2024-10-27,Mcap of nine of top - 10 most valued firms drops ₹2 lakh crore last week as markets tumble,https://www.thehindubusinessline.com/markets/mcap-of-nine-of-top-10-most-valued-firms-drops-2-lakh-crore-last-week-as-markets-tumble/article68802657.ece
2024-11-03,"Six most - valued s add Rs 1 . 07 lakh crore in combined valuation ; SBI , ICICI Bank top gainers",https://www.businesstoday.in/markets/stocks/story/six-most-valued-s-add-rs-107-lakh-crore-in-combined-valuation-sbi-icici-bank-top-gainers-452353-2024-11-03
2024-11-26,"Amazon Beats Infosys , TCS To Become # 1 H1B Visa Sponsor - Trak . in - Indian Business of Tech , Mobile & Startups",https://trak.in/stories/amazon-beats-infosys-tcs-to-become-1-h1b-visa-sponsor/
2024-12-31,"Leopard spotted at Infosys campus in Mysuru , employees instructed to work from home",https://www.thehindu.com/news/national/karnataka/leopard-spotted-at-infosys-campus-in-mysuru-employees-instructed-to-work-from-home/article69046520.ece
2024-10-08,"Shares to buy or sell : Ruchit Jain of 5paisa recommends Infosys , and KPIT Technologies today",https://www.livemint.com/market/stock-market-news/shares-to-buy-or-sell-ruchit-jain-of-5paisa-recommends-infosys-and-kpit-technologies-today-11728358788312.html
2024-10-16,Chiratae Ventures honours Narayana Murthy with the Patrick J . McGovern Award,https://www.thehindu.com/news/cities/bangalore/chiratae-ventures-honours-narayana-murthy-with-the-patrick-j-mcgovern-award/article68756889.ece
2024-11-15,Infosys founder Narayana Murthy stirs row over  work - life balance,https://www.siasat.com/infosys-founder-narayana-murthy-work-life-balance-stance-sparks-row-3132136/
2024-12-27,It is necessary for economic development : Zoho CEO Sridhar Vembu backs Narayana Murthy 70 - hour work week,https://economictimes.indiatimes.com/news/india/it-is-necessary-for-economic-development-zoho-ceo-sridhar-vembu-backs-narayana-murthys-70-hour-work-week/articleshow/116700645.cms
2024-11-09,The Great Indian Kapil Show : Sudha Murthy reveals Narayana Murthy failed to impress her father on first meeting,https://www.hindustantimes.com/entertainment/web-series/the-great-indian-kapil-show-sudha-murthy-reveals-narayana-murthy-failed-to-impress-her-father-in-the-first-meeting-101731164652103.html
2024-10-18,Sensex Nifty slump as unabated foreign fund outflows drag markets lower,https://www.theweek.in/wire-updates/business/2024/10/18/del4-biz-stocks-open.html
2024-11-10,This Tata company earns Rs 570000000000 in just five days ; big blow to Mukesh Ambani as Reliance loses …,https://www.dnaindia.com/business/report-this-tata-company-earns-rs-570000000000-in-just-five-days-big-blow-to-mukesh-ambani-as-reliance-loses-3117311
2024-12-03,South Vermillion Middle School team to showcase project at Statehouse,https://www.yahoo.com/news/south-vermillion-middle-school-team-045900989.html
2024-12-01,Mcap of nine of top - 10 most valued firms surges Rs 2 . 29 lakh cr ; LIC biggest winner,https://economictimes.indiatimes.com/markets/stocks/news/mcap-of-nine-of-top-10-most-valued-firms-surges-rs-2-29-lakh-cr-lic-biggest-winner/articleshow/115860687.cms
2024-12-01,Mcap of nine of top - 10 most valued firms surges ₹2 . 29 lakh crore ; LIC biggest gainer,https://www.thehindubusinessline.com/markets/mcap-of-nine-of-top-10-most-valued-firms-surges-229-lakh-crore-lic-biggest-winner/article68934045.ece
2024-10-24,Infosys Unveils Small Language Models - Infosys Topaz BankingSLM and Infosys Topaz ITOpsSLM,https://www.tmcnet.com/usubmit/2024/10/24/10094257.htm
2024-12-01,Mcap of 9 of top - 10 most valued firms surges Rs 2 . 29 lakh crore ; LIC biggest winner,https://www.tribuneindia.com/news/business/mcap-of-9-of-top-10-most-valued-firms-surges-rs-2-29-lakh-crore-lic-biggest-winner/
2024-12-31,"Hexaware Technologies proposes to set up TechFin centre at GIFT City , to employ 500 persons",https://www.thehindubusinessline.com/companies/hexaware-technologies-proposes-to-set-up-techfin-centre-at-gift-city-to-employ-500-persons/article69045700.ece
2024-11-24,"Chartist Talks : Ashish Kyal bullish on these 2 stocks for medium term , but avoids this FMCG counter",https://www.moneycontrol.com/news/business/markets/chartist-talks-ashish-kyal-bullish-on-these-2-stocks-for-medium-term-but-avoids-this-fmcg-counter-12874539.html
2024-12-17,"Orion Portfolio Solutions LLC Acquires 1 , 741 Shares of Infosys Limited ( NYSE : INFY )",https://www.wkrb13.com/2024/12/17/orion-portfolio-solutions-llc-acquires-1741-shares-of-infosys-limited-nyseinfy.html
2024-12-29,"Mcap of 6 of top - 10 most valued firms climbs Rs 86 , 847 crore ; HDFC Bank , RIL biggest gainers",https://www.tribuneindia.com/news/business/mcap-of-6-of-top-10-most-valued-firms-climbs-rs-86847-crore-hdfc-bank-ril-biggest-gainers/
2024-10-20,Large US banks open purse strings for Indian IT,https://www.livemint.com/industry/infotech/silicon-valley-ban-us-banks-indian-it-tcs-infosys-wipro-hcl-lti-mindtree-bfsi-global-capability-centre-federal-reserve-11729405960123.html
2024-11-28,"Business News | Sensex Tumbles Nearly 1 , 200 Pts to Slip Below 80k ; Nifty Drops 360 Pts as Heavyweights Drag",https://www.latestly.com/quickly/business/sensex-tumbles-nearly-1-200-pts-to-slip-below-80k-nifty-drops-360-pts-as-heavyweights-drag-6452157.html
2024-12-30,Infosys ex - CFO Mohandas Pai : Indigo treats its passengers badly ...; company responds,https://timesofindia.indiatimes.com/technology/social/infosys-ex-cfo-mohandas-pai-indigo-treats-its-passengers-badly-company-responds/articleshow/116800103.cms
2024-10-14,Infosys seen to report strong growth ; Wipro revenue may stay flat - Industry News,https://www.financialexpress.com/business/industry-infosys-seen-to-report-strong-growth-wipros-revenue-may-stay-flat-3639522/
2024-11-28,"Sensex tanks 1 , 190 points to close below 80K",https://www.rediff.com/business/report/sensex-tanks-1190-points-to-close-below-80k/20241128.htm
2024-11-03,"Mcap of 6 of Top - 10 Most Valued Firms Jump Rs 1 Lakh Crore ; State Bank , ICICI Bank Top Gainers",https://www.news18.com/business/markets/mcap-of-6-of-top-10-most-valued-firms-jump-rs-1-lakh-crore-state-bank-icici-bank-top-gainers-9107736.html
2024-12-11,"Meet man who holds major stake in a leading IT firm , but he started his own business …, his father is …",https://www.india.com/business/meet-man-who-holds-major-stake-in-infosys-but-he-started-his-own-business-his-father-is-one-of-richest-indian-narayana-murty-and-mother-sudha-murty-7456861/
2025-11-03,"Launching Today : Infosys Topaz Fabric™ - Composable Stack of AI Agents , Services and Models to Accelerate Value from Enterprise AI Investments",http://www.prnewswire.com/news-releases/launching-today-infosys-topaz-fabric--composable-stack-of-ai-agents-services-and-models-to-accelerate-value-from-enterprise-ai-investments-302602324.html
2025-11-06,Infosys Develops AI Agent to Enhance Operations in the Energy Sector,https://www.prnewswire.com/news-releases/infosys-develops-ai-agent-to-enhance-operations-in-the-energy-sector-302606984.html
2025-11-06,Infosys Develops AI Agent to Enhance Operations in the Energy Sector,https://portal.sina.com.hk/finance/finance-prnewswire/prnasia/2025/11/06/1370252/infosys-develops-ai-agent-to-enhance-operations-in-the-energy-sector/
2025-11-07,"Infosys Share Buyback 2025 : Company Fixes Record Date For Rs 18 , 000 Crore Repurchase",https://www.news18.com/business/markets/infosys-share-buyback-2025-company-fixes-record-date-for-rs-18000-crore-repurchase-ws-l-9685809.html
2025-11-06,Infosys Develops AI Agent to Enhance Operations in the Energy Sector,https://www.manilatimes.net/2025/11/06/tmt-newswire/pr-newswire/infosys-develops-ai-agent-to-enhance-operations-in-the-energy-sector/2217757
2025-11-03,"Launching Today : Infosys Topaz Fabric™ - Composable Stack of AI Agents , Services and Models to Accelerate Value from Enterprise AI Investments",https://aninews.in/news/business/launching-today-infosys-topaz-fabric8482-composable-stack-of-ai-agents-services-and-models-to-accelerate-value-from-enterprise-ai-investments20251103152354/
2025-12-28,"Infosys raises entry - level pay to ₹21 lakh for some roles , internet reacts",https://www.hindustantimes.com/trending/infosys-raises-entry-level-pay-to-rs-21-lakh-for-some-roles-internet-reacts-101766897006854.html
2025-11-06,Infosys Develops AI Agent to Enhance Operations in the Energy Sector,https://www.finanznachrichten.de/nachrichten-2025-11/66904189-infosys-develops-ai-agent-to-enhance-operations-in-the-energy-sector-008.htm
2025-11-23,Cognizant moves US court asking to dismiss Infosy antitrust case,https://www.thehindubusinessline.com/info-tech/cognizant-moves-us-court-asking-to-dismiss-infosys-antitrust-case/article70313496.ece
2025-11-06,Infosys Develops AI Agent to Enhance Operations in the Energy Sector,https://news.webindia123.com/news/Articles/Business/20251106/4380766.html
2025-12-20,"What does Infosys ADR stock rally on the NYSE mean for Infosys shares on the NSE , BSE ?",https://www.livemint.com/market/stock-market-news/what-infosys-adr-stock-rally-on-nyse-mean-for-infosys-shares-on-nse-bse-11766194541067.html
2025-12-21,Data breach case : US court approves Infosys McCamish proposed $17 . 5 million settlement,https://www.thehindubusinessline.com/info-tech/data-breach-case-us-court-approves-infosys-mccamishs-proposed-175-million-settlement/article70422034.ece
2025-11-22,"Infosys share buyback ends next week . Eligibility , important dates , other details ; should you participate ?",https://www.livemint.com/market/stock-market-news/infosys-share-buyback-ends-next-week-eligibility-important-dates-other-details-should-you-participate-11763776480605.html
2025-10-28,Infosys buyback : What past offers reveal about investor sentiment and future stock direction,https://www.livemint.com/market/stock-market-news/infosys-buyback-what-past-offers-reveal-about-investor-sentiment-and-future-stock-direction-11761653327665.html
2025-11-22,Cognizant seeks dismissal of Infosys counterclaims in TriZetto fight,https://www.moneycontrol.com/news/business/information-technology/cognizant-seeks-dismissal-of-infosys-counterclaims-in-trizetto-fight-13691245.html
2025-12-20,"Stock Market Today , Dec . 19 : NYSE Halts Infosys Trading After ADRs Spike",https://www.fool.com/coverage/stock-market-today/2025/12/19/stock-market-today-dec-19-nyse-halts-infosys-trading-after-adrs-spike/?source=iedfolrf0000001
2025-12-21,Data breach case : US court approves Infosys McCamish proposed $17 . 5 million settlement,https://timesofindia.indiatimes.com/business/india-business/data-breach-case-us-court-approves-infosys-mccamishs-proposed-17-5-million-settlement/articleshow/126100785.cms
2025-11-24,Infosys share buyback : Income tax rule change you must know before tendering stocks,https://www.livemint.com/market/stock-market-news/infosys-share-buyback-income-tax-rule-change-you-must-know-before-tendering-infy-shares-11763964133677.html
2025-12-09,Tech giant merges its Romanian subsidiaries,https://www.mediafax.ro/english/tech-giant-merges-its-romanian-subsidiaries-23655442
2025-11-17,Infosys Unveils AI - first GCC Model to Transform Global Capability Centers into Innovation Hubs,http://www.prnewswire.com/news-releases/infosys-unveils-ai-first-gcc-model-to-transform-global-capability-centers-into-innovation-hubs-302616944.html
2025-11-11,"Infosys buyback record date this week : Should retail investors participate in ₹18 , 000 crore proposal ?",https://www.livemint.com/market/stock-market-news/infosys-buyback-record-date-this-week-should-retail-investors-participate-in-rs-18-000-crore-proposal-11762846716964.html
2025-10-03,"Coforge , Infosys , Firstsource are Nomura top IT picks amid mixed Q2 outlook",https://www.businesstoday.in/markets/stocks/story/coforge-infosys-firstsource-are-nomuras-top-it-picks-amid-mixed-q2-outlook-496622-2025-10-03
2025-11-18,Infosys presents AI - first global capability centre model,https://finance.yahoo.com/news/infosys-presents-ai-first-global-110546078.html
2025-11-17,Infosys Unveils AI - first GCC Model to Transform Global Capability Centers into Innovation Hubs,https://www.marketscreener.com/news/infosys-unveils-ai-first-gcc-model-to-transform-global-capability-centers-into-innovation-hubs-ce7d5fd3d081ff2d
2025-12-22,Infosys shares rise 3 % as stock ADRs hit 52 - week high before cooling off ; IT major issues clarification,https://www.livemint.com/market/stock-market-news/infosys-shares-rise-3-as-infosys-adrs-hit-52-week-high-before-cooling-off-it-major-issues-clarification-11766375808760.html
2025-11-16,Infosys Rolls Out Q2 Variable Pay ; Top Performers Get Up to 83 %,https://www.news18.com/business/infosys-rolls-out-q2-variable-pay-top-performers-get-up-to-83-ws-l-9711576.html
2025-11-17,Infosys Unveils AI - first GCC Model to Transform Global Capability Centers into Innovation Hubs,https://www.thehindu.com/brandhub/pr-release/infosys-unveils-ai-first-gcc-model-to-transform-global-capability-centers-into-innovation-hubs/article70290269.ece
2025-12-19,"Stock Market Today , Dec . 19 : NYSE Halts Infosys Trading After ADRs Spike",https://finance.yahoo.com/news/stock-market-today-dec-19-230204325.html
2025-12-20,"Infosys ADR spike likely triggered by data - feed glitch , says Chronicle Journal",https://www.moneycontrol.com/news/business/markets/infosys-adr-spike-likely-triggered-by-data-feed-glitch-says-chronicle-journal-13734796.html
2025-12-05,Weekly Tactical : why this IT bellwether captures our attention,https://www.moneycontrol.com/news/business/moneycontrol-research/weekly-tactical-pick-why-this-it-bellwether-captures-our-attention-13711679.html
2025-11-20,"Are Investors About to Cash In Big Today ? Infosys ₹18 , 000 Crore Buyback Opens , Retail Investors To Strike Gold This Time",https://www.newsx.com/business-awards/are-investors-about-to-cash-in-big-today-infosys-18000-crore-buyback-opens-retail-investors-to-strike-gold-this-time-20-november-112720/
2025-12-18,Deal Dynamo : Infosy growth rngine roars ahead,https://www.marketscreener.com/news/deal-dynamo-infosys-growth-engine-roars-ahead-ce7d50dcda81f723
2025-11-19,"Infosys Buyback Worth Rs 18 , 000 Crore Opens Tomorrow : Key Details For Investors",https://www.news18.com/business/markets/infosys-buyback-worth-rs-18000-crore-opens-tomorrow-key-details-for-investors-9717181.html
2025-12-25,"Techies make merry : Infosys hikes entry - level salaries , offers up to Rs 21 lakh for graduates in specialised roles",https://www.moneycontrol.com/news/business/information-technology/techies-make-merry-infosys-hikes-entry-level-salaries-offers-up-to-rs-21-lakh-for-graduates-in-specialised-roles-13742171.html
2025-12-19,"Infosys ADR Explained : Rockets 38 % In US Trading Amid Classic Short Squeeze , Hits 52 - Week High As NYSE Pauses ; Everything You Need to Know",https://www.newsx.com/business/infosys-adr-explained-rockets-38-in-us-trading-amid-classic-short-squeeze-hits-52-week-high-as-nyse-pauses-everything-you-need-to-know-wall-street-trading-session-stock-market-today-131212/
2025-11-13,"Research is not a luxury , but a necessity : Infosys founder NRN Murthy",https://www.moneycontrol.com/technology/research-is-not-a-luxury-but-a-necessity-says-infosys-founder-nrn-murthy-article-13672650.html
2025-11-18,Infosys Launches AI - First GCC Model to Enable Next - Gen Enterprise Innovation Hubs,https://www.siliconindia.com/news/general/infosys-launches-aifirst-gcc-model-to-enable-nextgen-enterprise-innovation-hubs-nid-238409-cid-1.html
2025-12-26,Infosys promotes Kisha Gupta to Global Head of Brand,https://bestmediainfo.com/mediainfo/mediainfo-marketing/infosys-promotes-kisha-gupta-to-global-head-of-brand-10947638
2025-12-01,IT labour union accuses Infosys of flouting voting norms in Maharashtra,https://www.thehindubusinessline.com/info-tech/it-labour-union-accuses-infosys-of-flouting-voting-norms-in-maharashtra/article70344477.ece
2025-11-07,"Infosys announces record date for Rs 18 , 000 crore share buyback , stock in focus today",https://www.businesstoday.in/markets/stocks/story/infosys-announces-record-date-for-rs-18000-crore-share-buyback-501163-2025-11-07
2025-12-23,The Divine Heritage of Swayambhu Sri Lakshmi Narasimha Swamy,https://www.openpr.com/news/4326153/the-divine-heritage-of-swayambhu-sri-lakshmi-narasimha-swamy
2025-12-25,Infosys to offer up to ₹21 lakh packages in campus hiring for Class of 2026,https://www.thehindubusinessline.com/info-tech/infosys-raises-fresher-pay-bar-with-21-lakh-packages-for-niche-tech-roles/article70437421.ece
2025-12-29,Infosys first major IT outsourcer to outline a cut in fresher hiring as automation scales,https://www.livemint.com/companies/infosys-first-large-it-outsourcer-fewer-fresher-hiring-11766985526621.html
2025-10-08,Ineligible ITC refunds ? Infosys issued Rs 415 crore showcase notice by DGGI ; what the matter is about,https://timesofindia.indiatimes.com/business/india-business/ineligible-itc-refunds-infosys-issued-rs-415-crore-showcase-notice-by-dggi-what-the-matter-is-about/articleshow/124379333.cms
2025-10-29,Infosys share price : IT stock up 5 % in a month ; here why Geojit sees more upside,https://www.businesstoday.in/markets/stocks/story/infosys-share-price-it-stock-up-5-in-a-month-heres-why-geojit-sees-more-upside-499983-2025-10-29
2025-11-06,"Indian tech cos jumped on the AI bandwagon , but where the money ?",https://economictimes.indiatimes.com/prime/technology-and-startups/ai-promised-efficiency-so-why-isnt-revenue-per-employee-rising/primearticleshow/125132675.cms
2025-11-27,"Infosys buyback gets 8x bids , nearly 83 crore shares tendered",https://timesofindia.indiatimes.com/business/india-business/infosys-buyback-gets-8x-bids-nearly-83-crore-shares-tendered/articleshow/125602984.cms
2025-12-16,Infosys and MIT Technology Review Insights Report Reveals the Critical Role of Psychological Safety in Driving AI Initiatives -- with 83 % of Business Leaders Reporting a Measurable Impact,https://www.prnewswire.com/news-releases/infosys-and-mit-technology-review-insights-report-reveals-the-critical-role-of-psychological-safety-in-driving-ai-initiatives--with-83-of-business-leaders-reporting-a-measurable-impact-302643644.html
2025-10-10,Infosys launches AI - driven customer experience suite for Salesforce,https://www.financialexpress.com/business/industry-infosys-launches-ai-driven-customer-experience-suite-for-salesforce-4005923/
2025-11-09,Infosys Buyback Record Date 2025 : Know The Tax Rules Before Submitting Your Shares,https://www.news18.com/business/tax/infosys-buyback-record-date-2025-know-the-tax-rules-before-submitting-your-shares-ws-l-9694212.html
2025-12-23,Infosys ( INFY ) Ends 5 % Lower After 52 - Week High,https://www.insidermonkey.com/blog/infosys-infy-ends-5-lower-after-52-week-high-1664985/
2025-10-23,"I missed the exam , I was not feeling well : Nandan Nilekani reveals what led him to co - found Infosys",https://www.livemint.com/companies/people/i-missed-the-iim-entrance-exam-i-was-not-feeling-well-nandan-nilekani-reveals-what-led-him-to-co-found-infosys-11761224794032.html
2025-11-13,"Six winners of $100 , 000 Infosys Prize 2025 announced",https://www.hindustantimes.com/india-news/six-winners-of-100-000-infosys-prize-2025-announced-101763023956264.html
2025-10-10,Launching Today : Infosys Customer Experience Suite for Salesforce,https://portal.sina.com.hk/finance/finance-prnewswire/prnasia/2025/10/10/1340725/launching-today-infosys-customer-experience-suite-for-salesforce/
2025-11-24,"Infosys shares gain nearly 3 % as Motilal Oswal upgrades to Buy , cites three key factors",https://www.businesstoday.in/markets/stocks/story/infosys-shares-rise-motilal-oswal-upgrade-ai-growth-attractive-valuations-503393-2025-11-24
2025-11-02,"Mcap of four of top 10 valued firms jumps by Rs 95 , 447 cr ; Reliance biggest gainer",https://www.moneycontrol.com/news/business/markets/mcap-of-four-of-top-10-valued-firms-jumps-by-rs-95-447-cr-reliance-biggest-gainer-13647208.html
2025-11-14,"India needs to take bigger bets in deep tech , says Infosys cofounder K . Dinesh",https://www.moneycontrol.com/technology/india-needs-to-take-bigger-bets-in-deep-tech-says-infosys-cofounder-k-dinesh-article-13677670.html
2025-10-22,"Infosys promoters , including Narayana Murthy wife Sudha Murty , Nandan Nilekani , opt out of Rs 18000 crore share buyback",https://www.dnaindia.com/business/report-infosys-promoters-including-narayana-murthy-wife-sudha-murty-nandan-nilekani-opt-out-of-rs-18000-crore-share-buyback-3184988
2025-12-20,"Infosys clarifies ADR rally , denies material developments after 56 % surge to $30 in NYSE trade",https://www.businesstoday.in/markets/stocks/story/infosys-clarifies-adr-rally-denies-material-developments-after-adr-surges-56-to-30-in-nyse-trade-507533-2025-12-20
2025-12-20,Ticker ‑ mapping error likely behind sudden spike in Infosys ADRs : Report,https://www.prokerala.com/news/articles/a1709687.html
2025-11-13,TIFR professor Sabyasachi Mukherjee from Mumbai among winners of 2025 Infosys Prize,https://indianexpress.com/article/cities/mumbai/tifr-professor-sabyasachi-mukherjee-from-mumbai-among-winners-of-2025-infosys-prize-10362485/
2025-12-20,Infosys McCamish gets final approval to settle class action lawsuits for $17 . 5 million,https://www.theweek.in/news/biz-tech/2025/12/20/infosys-mccamish-gets-final-approval-to-settle-class-action-lawsuits-for-17-5-million.html
2025-11-13,Infosys founder Narayana Murthy calls for more supportive research ecosystem,https://www.prokerala.com/news/articles/a1696412.html
2025-10-14,Infosys ends mega - deal drought with $1 . 6 bn united kingdom contract,https://www.livemint.com/companies/infosys-1-6-billion-contract-mega-deal-uk-public-healthcare-giant-nhs-tcs-hcl-cognizant-it-outsourcers-ceo-parekh-11760438508647.html
2025-10-16,"Infosys Q2 results : IT giant reports net profit of Rs 7 , 364 crore , revenue rises 9 %; check details",https://timesofindia.indiatimes.com/business/india-business/infosys-q2-results-it-giant-reports-net-profit-of-rs-7364-crore-revenue-rises-9-check-details/articleshow/124603152.cms
2025-11-30,"Mcap boost : 7 of top - 10 firms gain ₹96 , 201 cr , Reliance , Bajaj Finance lead chart",https://www.thehindubusinessline.com/markets/mcap-boost-7-of-top-10-firms-gain-96201-cr-reliance-bajaj-finance-lead-chart/article70341031.ece
2025-11-12,Six young researchers win Infosys Prize 2025 - The Times of India,https://timesofindia.indiatimes.com/business/india-business/six-young-researchers-win-infosys-prize-2025/articleshow/125269558.cms
2025-12-04,"Scored just 24 marks in Class 12th Chemistry exam , studied at IIT , later quit Infosys job , cracked UPSC , became IAS Officer with AIR ..., he is ..",https://www.india.com/education/scored-just-24-marks-in-class-12th-chemistry-exam-studied-mba-at-iit-later-quit-high-paying-job-at-infosys-cracked-upsc-exam-became-ias-officer-with-air-28-he-is-nitin-sangwan-8213481/
2025-10-16,"Infosys Q2 FY26 results key highlights : Net profit jumps 13 %, declares dividend of Rs 23 , revenue guidance at 2 - 3 % - Industry News",https://www.financialexpress.com/business/industry-infosys-q2-fy26-results-key-highlights-net-profit-jumps-13-declares-dividend-of-rs-23-revenue-guidance-at-2-3-4012908/
2025-10-24,"Infosys founder Narayana Murthy daughter , Akshata Murthy , and son - in - law Rishi Sunak own many properties ; Let check few of them",https://www.india.com/news/world/infosys-founder-narayana-murthys-daughter-akshata-murthy-and-son-in-law-rishi-sunak-own-many-properties-lets-check-few-of-them-8146471/
2025-11-20,Doddathoguru lake revived - The Hindu,https://www.thehindu.com/news/national/karnataka/doddathoguru-lake-revived/article70303170.ece
2025-10-27,"Good news for Mukesh Ambani , Noel Tata , Reliance Industries earns Rs 466870000000 , TCS gains Rs 361260000000 , due to …",https://www.india.com/business/good-news-for-mukesh-ambani-noel-tata-reliance-industries-earns-rs-466870000000-tcs-gains-rs-361260000000-due-to-share-price-surge-8151017/
2025-10-17,"Infosys headcount grows by 14 , 000 - plus in Q2 : Company sends  mass email to senior employees on hiring ; says ,  Visit campus and ...",https://timesofindia.indiatimes.com/technology/tech-news/infosys-headcount-grows-by-14000-plus-in-q2-company-sends-mass-emails-to-senior-employees-on-hiring-says-visit-campus-and-/articleshow/124630016.cms
2025-10-23,Infosys share price jumps over 3 % after promoters opt out of share buyback,https://www.livemint.com/market/infosys-share-price-jumps-over-3-after-promoters-opt-out-of-share-buyback-11761193060260.html
2025-10-09,Infosys challenges ₹415 - crore GST notice from DGGI in Karnataka High Court,https://www.thehindubusinessline.com/info-tech/infosys-moves-karnataka-hc-against-415-crore-gst-show-cause-notice/article70144164.ece
2025-10-13,Infosys debuts AI - powered Customer Experience Suite for Salesforce,https://finance.yahoo.com/news/infosys-debuts-ai-powered-customer-094542914.html
2025-11-20,"Infosys buyback opens today : 8 smart checks before you tender shares ; eligibility , tax rules and more",https://www.moneycontrol.com/news/business/personal-finance/infosys-buyback-opens-today-8-smart-checks-before-you-tender-shares-eligibility-tax-rules-and-more-13685852.html
2025-10-10,Launching Today : Infosys Customer Experience Suite for Salesforce,https://aninews.in/news/business/launching-today-infosys-customer-experience-suite-for-salesforce20251010170155/
2025-10-17,"Mixed bag : Infosys revenue up 3 % in Q2 , Wipro declines 3 %",https://timesofindia.indiatimes.com/business/india-business/mixed-bag-infosys-revenue-up-3-in-q2-wipros-declines-3/articleshow/124618036.cms
2025-11-20,"Infosy Rs 18 , 000 - crore share buyback window opens today : Here why retail investors could benefit",https://www.moneycontrol.com/news/business/markets/infosys-rs-18-000-crore-share-buyback-window-opens-today-here-s-why-retail-investors-could-benefit-13687387.html
2025-11-18,"Infosys share buyback : IT giant Rs 18 , 000 crore buyback window to open on November 20 ; here what shareholders need to know",https://timesofindia.indiatimes.com/business/india-business/infosys-share-buyback-it-giants-rs-18000-crore-buyback-window-to-open-on-november-20-heres-what-shareholders-need-to-know/articleshow/125414143.cms
2025-12-26,What Now ! Infosys Offering Upto Rs 21 lakh For Freshers !,https://www.gulte.com/news/388549/what-now-infosys-offering-upto-rs-21-lakh-for-freshers
2025-11-05,"5 reasons Anand Rathi sees long - term growth for IT : Attrition easing , surging AI deals driving FY26 outlook",https://www.financialexpress.com/business/industry-5-reasons-anand-rathi-sees-long-term-growth-for-it-attrition-easing-surging-ai-deals-driving-fy26-outlook-4032997/
2025-12-08,Infosys Limited ( INFY ) Secures Overweight Ratings Amid Strong Bookings and Cybersecurity Growth,https://finance.yahoo.com/news/infosys-limited-infy-secures-overweight-060115765.html
2025-10-19,"Infosy early employee who retired at 38 in 2006 now worth Rs 300 crore ; still lives in Bengaluru without a luxury car , claims X user",https://economictimes.indiatimes.com/news/new-updates/infosys-early-employee-who-retired-at-38-in-2006-now-worth-rs-300-crore-still-lives-in-bengaluru-without-a-luxury-car-claims-x-user/articleshow/124691361.cms
2025-10-23,3 big reasons why Infosys shares surge 4 % today : A detailed analysis,https://www.financialexpress.com/market/3-big-reasons-why-infosys-shares-surge-4-today-a-detailed-analysis-4018963/
2025-10-23,"Infosys promoters opt out of Rs 18 , 000 - crore buyback",https://timesofindia.indiatimes.com/business/india-business/infosys-promoters-opt-out-of-rs-18000-crore-buyback/articleshow/124750332.cms
2025-10-16,Infosys : Quarterly revenue crosses $5 bn mark ( 1 ),https://www.europapress.es/comunicados/internacional-00907/noticia-comunicado-infosys-quarterly-revenue-crosses-bn-mark-20251016141126.html
2025-10-16,Infosys : Quarterly revenue crosses $5 bn mark ( 2 ),https://www.europapress.es/comunicados/internacional-00907/noticia-comunicado-infosys-quarterly-revenue-crosses-bn-mark-20251016141130.html
2025-10-18,"School launches free digital , life skills education | Mangaluru News",https://timesofindia.indiatimes.com/city/mangaluru/school-launches-free-digital-life-skills-education/articleshow/124673885.cms
2025-12-26,Good News For IT Techies : Infosys Boosts Fresher Salaries With Packages Up To ₹21 Lakh,https://www.freepressjournal.in/tech/good-news-for-it-techies-infosys-boosts-fresher-salaries-with-packages-up-to-21-lakh
2025-10-16,Infosys : Quarterly revenue crosses $5 bn mark,https://news.webindia123.com/news/Articles/Business/20251016/4373433.html
2025-10-26,Mcap of 7 of top 10 most valued firms jumps by ₹1 . 55 lakh crore,https://www.thehindubusinessline.com/markets/mcap-of-7-of-top-10-most-valued-firms-jumps-by-155-lakh-crore/article70204248.ece
2025-10-03,What Going On With Infosys Stock Friday ? - Infosys ( NYSE : INFY ),https://www.benzinga.com/markets/tech/25/10/48014082/telenor-taps-infosys-for-hr-makeover-on-oracle-cloud
2025-10-21,"BMO Capital Lowers PT on Infosys Limited ( INFY ), Keeps a Hold Rating",https://www.insidermonkey.com/blog/bmo-capital-lowers-pt-on-infosys-limited-infy-keeps-a-hold-rating-1630691/
2025-10-23,"Infosys rises 4 % as promoters opt out of Rs 18 , 000 - crore share buyback ; Nifty IT surges 2 . 4 %",https://www.moneycontrol.com/news/business/markets/infosys-rises-4-as-promoters-opt-out-of-rs-18-000-crore-share-buyback-nifty-it-surges-2-4-13628303.html
2025-10-29,"What Going On With Infosys Stock Wednesday ? - Infosys ( NYSE : INFY ), Workday ( NASDAQ : WDAY )",https://www.benzinga.com/trading-ideas/movers/25/10/48503577/infosys-secures-metro-bank-deal-to-modernize-finance-systems-with-workday-tools
2025-12-28,"Top - 10 Valued Firms : SBI , Reliance , Bajaj Finance Lose Market Cap in BSE Weekly Wrap",https://www.thehindu.com/business/markets/sbi-reliance-top-10-firms-see-35439-crore-market-cap-drop/article70445762.ece
2025-10-16,"Masterstroke by Narayana Murthy as Infosys counters TCS layoffs with a unique move , decides to handover hiring drive to ...",https://www.india.com/business/narayana-murthy-infosys-sudha-murthy-tcs-ratan-tata-ata-consultancy-services-noel-tata-job-opportunity-salary-it-sector-hiring-reliance-mukesh-ambani-gautam-adani-8134865/
2025-10-17,Why did Narayan Murthy - owned Infosy stocks dip despite positive financial results ?,https://www.dnaindia.com/business/report-why-did-narayan-murthy-sudha-murthy-owned-infosys-stocks-dip-despite-positive-financial-results-3184431
2025-12-17,"Mutual funds stay cautious in November , private banks , NBFCs among top picks",https://economictimes.indiatimes.com/mf/analysis/mutual-funds-stay-cautious-in-november-private-banks-nbfcs-among-top-picks/articleshow/126028413.cms
2025-10-16,"Infosys Q2 Results : Narayana Murthy Infosys beats estimate , reports profit of Rs ...",https://www.dnaindia.com/business/report-infosys-q2-results-narayana-murthy-infosys-beats-estimate-reports-profit-of-rs-rs-7364-crore-3184312
2025-10-08,DGGI issues Rs 415 crore showcause notice to Infosys over alleged ineligible ITC refunds,https://economictimes.indiatimes.com/news/company/corporate-trends/dggi-issues-rs-415-crore-showcause-notice-to-infosys-over-alleged-ineligible-itc-refunds/articleshow/124375835.cms
2025-11-02,"Market cap of top 10 companies rise Rs 95 , 447 crore , RIL leads - Market News",https://www.financialexpress.com/market/market-cap-of-top-10-companies-rise-rs-95447-crore-ril-leads-4029263/
2025-10-18,Infosys vs Wipro vs TCS vs HCL Technologies : Which IT stock to buy after Q2 results 2025 ?,https://www.livemint.com/market/stock-market-news/infosys-vs-wipro-vs-tcs-vs-hcl-technologies-which-it-stock-to-buy-after-q2-results-2025-11760768405871.html
2025-11-09,"Mcap of 7 of top - 10 most valued firms erodes by ₹88 , 635 cr ; Airtel , TCS biggest laggards",https://www.thehindubusinessline.com/markets/mcap-of-7-of-top-10-most-valued-firms-erodes-by-88635-cr-airtel-tcs-biggest-laggards/article70258775.ece
2025-10-30,"Stocks to buy or sell : Osho Krishan of Angel One suggests buying NHPC , Infosys shares today - 30 October",https://www.livemint.com/market/stock-market-news/stocks-to-buy-or-sell-osho-krishan-of-angel-one-suggests-buying-nhpc-infosys-shares-today-30-october-11761797640091.html
2025-10-07,AI - first approach : Infosys Topaz transforms business operations,https://siliconangle.com/2025/10/07/ai-first-approach-driving-transformation-infosys-topaz-uipathfusion/
2025-10-16,"Infosys Q2 results : Profit , deal TCV to dividend here are 5 key highlights",https://www.livemint.com/market/stock-market-news/infosys-q2-results-profit-revenue-deal-tcv-guidance-attrition-dividend-5-highlights-from-it-firms-q2-earnings-11760607013880.html
2025-11-12,"Infosys , TCS , Tech Mahindra , other tech stocks lift Nifty IT another 2 %; 4 factors fueling the rally",https://www.livemint.com/market/stock-market-news/infosys-tcs-tech-mahindra-other-tech-stocks-lift-nifty-it-another-2-4-factors-fueling-the-rally-11762935329832.html
2025-10-20,"Not just work hours . Ex - Infosys employee remembers the 90s IT work hustle , on - site trips , fun times , camaraderie and more",https://economictimes.indiatimes.com/magazines/panache/not-just-work-hours-ex-infosys-employee-remembers-the-90s-it-work-hustle-on-site-trips-fun-times-camaraderie-and-more/articleshow/124698898.cms
2025-10-27,"Infosys , CESC , LTTS , REC , Tanla Platforms Ltd among stocks to turn ex dividend today",https://www.businesstoday.in/markets/stocks/story/infosys-cesc-ltts-rec-tanla-platforms-ltd-among-stocks-to-turn-ex-dividend-today-499619-2025-10-27
2025-12-16,Psychological safety drives enterprise AI results for 83 % of business leaders : Infosys - MIT report,https://www.moneycontrol.com/artificial-intelligence/psychological-safety-drives-enterprise-ai-results-for-83-of-business-leaders-infosys-mit-report-article-13728669.html
2025-10-16,Infosys : Quarterly revenue crosses $5 bn mark,https://www.prnewswire.com/news-releases/infosys-quarterly-revenue-crosses-5-bn-mark-302586275.html
2025-10-17,"Amid TCS layoffs , Narayana Murthy brings good news , Infosys hires 12000 employees , has 8000 job vacancies for …",https://www.india.com/business/amid-tcs-layoffs-narayana-murthy-brings-good-news-infosys-hires-12000-employees-has-8000-job-vacancies-for-freshers-8136695/
2025-10-23,"Infosys stock in focus as Narayana Murthy , promoters skip Rs 18 , 000 crore share buyback",https://www.businesstoday.in/markets/stocks/story/infosys-stock-in-focus-as-narayana-murthy-promoters-skip-rs-18000-crore-share-buyback-499241-2025-10-23
2025-12-01,Pune : Infosys Under Fire As Employee Union Alleges Violation Of Mandatory Paid Voting Leave Rule Ahead Of Maharashtra Municipal Council Elections,https://www.freepressjournal.in/pune/pune-infosys-under-fire-as-employee-union-alleges-violation-of-mandatory-paid-voting-leave-rule-ahead-of-maharashtra-municipal-council-elections
2025-12-28,"Mcap of 7 of top - 10 most valued firms declines by Rs 35 , 439 cr ; SBI biggest laggard",https://www.moneycontrol.com/news/business/mcap-of-7-of-top-10-most-valued-firms-declines-by-rs-35-439-cr-sbi-biggest-laggard-13745420.html
2025-12-28,"Mcap of 7 of top - 10 most valued firms declines by ₹35 , 439 crore ; SBI biggest laggard",https://www.thehindubusinessline.com/markets/mcap-of-7-of-top-10-most-valued-firms-declines-by-35439-crore-sbi-biggest-laggard/article70445780.ece
2025-10-23,"Infosys shares jump 4 % as promoters opt out of Rs 18 , 000 crore buyback",https://www.businesstoday.in/markets/stocks/story/infosys-shares-jump-4-as-promoters-opt-out-of-rs-18000-crore-buyback-499258-2025-10-23
2025-10-09,Infosys clarifies on Rs 415 crore show cause notice by DGGI,https://economictimes.indiatimes.com/tech/information-tech/infosys-clarifies-on-reports-of-show-cause-notice-by-dggi/articleshow/124405435.cms
2025-10-17,"Good news for Narayana Murthy , Infosys Q2 net profit rises to Rs 73640000000 , CEO Salil Parikh opens up about H1B visa , says …",https://www.india.com/business/good-news-for-narayana-murthy-infosys-q2-net-profit-rises-to-rs-73640000000-ceo-salil-parikh-opens-up-about-h1b-visa-saysmajority-dont-require-it-8136480/
2025-11-19,"IT Giant Infosy Largest - Ever Share Buyback Programme Worth ₹18 , 000 Crore Set To Open For Subscription On November 20 , 2025",https://www.freepressjournal.in/business/it-giant-infosys-largest-ever-share-buyback-programme-worth-18000-crore-set-to-open-for-subscription-on-november-20-2025
2025-11-30,"Mcap of 7 of top - 10 most valued firms climbs by Rs 96 , 201 cr ; Reliance , Bajaj Finance biggest winners",https://economictimes.indiatimes.com/markets/stocks/news/mcap-of-7-of-top-10-most-valued-firms-climbs-by-rs-96201-cr-reliance-bajaj-finance-biggest-winners/articleshow/125669123.cms
2025-11-19,Not for ordinary employee : Mohandas Pai clarifies Narayana Murthy 72 hour workweek pitch,https://www.businesstoday.in/latest/corporate/story/not-for-ordinary-employees-mohandas-pai-clarifies-narayana-murthys-72-hour-workweek-pitch-502817-2025-11-19
2025-10-16,Infosys vs Wipro : Which IT stock to buy ahead of Q2 results 2025 ?,https://www.livemint.com/market/stock-market-news/infosys-vs-wipro-which-it-stock-to-buy-ahead-of-q2-results-2025-11760590950754.html
2025-11-30,"Market capitalisation of 7 of top - 10 most valued firms surges by ₹96 , 201 crore ; RIL , Bajaj Finance biggest gainers",https://www.livemint.com/market/stock-market-news/market-capitalisation-of-7-of-top-10-most-valued-firms-surges-by-96-201-crore-ril-bajaj-finance-biggest-gainers-11764488215128.html
2025-10-23,"Infosys , TCS , HCL Tech , Tech Mahindra Jump By Up To 4 %: Why Are IT Stocks Rising Today ?",https://www.news18.com/business/markets/infosys-tcs-hcl-tech-tech-mahindra-jump-by-up-to-4-why-are-it-stocks-rising-today-ws-l-9653082.html
2025-12-19,"Day Trading Guide for December 19 , 2025 : Intraday supports , resistances for Nifty50 stocks",https://www.thehindubusinessline.com/portfolio/day-trading-guide/day-trading-guide-for-december-19/article70411561.ece
2025-10-31,"Day Trading Guide for October 31 , 2025 : Intraday supports , resistances for Nifty50 stocks",https://www.thehindubusinessline.com/portfolio/day-trading-guide/day-trading-guide-for-october-31/article70220956.ece
2025-10-29,"Day Trading Guide for October 29 , 2025 : Intraday supports , resistances for Nifty50 stocks",https://www.thehindubusinessline.com/portfolio/day-trading-guide/day-trading-guide-for-october-29/article70212553.ece
2025-10-17,"Infosys Falls Nearly 2 % Despite Q2 Results Beat Estimates ; Should You Buy , Sell Or Hold ?",https://www.news18.com/business/markets/infosys-falls-nearly-2-despite-q2-results-beat-estimates-should-you-buy-sell-or-hold-9641797.html
2025-10-16,"Infosys Dividend 2025 : IT giant announces dividend of Rs 23 , net profit jumps 13 . 2 % YoY",https://www.indiatvnews.com/business/markets/infosys-dividend-2025-it-giant-announces-dividend-of-rs-23-net-profit-jumps-13-2-yoy-2025-10-16-1013078
2025-10-16,"Infosys Q2 results : Investors need to focus on strategy , the rest are details",https://www.thehindubusinessline.com/portfolio/infosys-q2-results-investors-need-to-focus-on-strategy-the-rest-are-details/article70172161.ece
2025-12-14,"Mcap of 8 most valued firms erodes by Rs 79 , 129 crore ; Bajaj Finance , ICICI Bank hit hard",https://www.tribuneindia.com/news/business/mcap-of-8-most-valued-firms-erodes-by-rs-79129-crore-bajaj-finance-icici-bank-hit-hard/
2025-11-26,"Day Trading Guide for November 26 , 2025 : Intraday supports , resistances for Nifty50 stocks",https://www.thehindubusinessline.com/portfolio/day-trading-guide/day-trading-guide-for-november-26/article70321503.ece
2025-12-24,Quality Over Hour : Infosys Co - Founder SD Shibulal Weighs In On 70 - Hour Workweek Debate,https://www.news18.com/business/markets/quality-over-hours-infosys-co-founder-sd-shibulal-weighs-in-on-70-hour-workweek-debate-9785488.html
2025-11-12,Prakrit and Kannada poetics scholar among winners of Infosys Prize 2025,https://www.thehindu.com/news/national/karnataka/prakrit-and-kannada-poetics-scholar-bengaluru-based-scientist-among-six-winners-of-infosys-prize-2025/article70270373.ece
2025-12-25,Christmas bonanza ! Infosys hikes fresher pay to Rs 21 lakh for specialised tech roles Report,https://www.businesstoday.in/latest/corporate/story/christmas-bonanza-infosys-hikes-fresher-pay-to-rs-21-lakh-for-specialised-tech-roles-report-508127-2025-12-25
2025-11-30,"Seven of top - 10 gain Rs 96 , 200 crore ; Reliance , Bajaj Finance shine while Airtel , TCS slip",https://www.moneycontrol.com/news/business/markets/seven-of-top-10-gain-rs-96-200-crore-reliance-bajaj-finance-shine-while-airtel-tcs-slip-13703055.html
2025-11-23,"Mcap of 7 of top - 10 most valued firms surges Rs 1 . 28 lakh cr ; RIL , Airtel biggest gainers",https://economictimes.indiatimes.com/markets/stocks/news/mcap-of-7-of-top-10-most-valued-firms-surges-rs-1-28-lakh-cr-ril-airtel-biggest-gainers/articleshow/125517544.cms
2025-12-26,IT stocks fall up to 3 % after Infosys hikes entry - level salaries : Here what analysts say,https://www.moneycontrol.com/news/business/markets/it-stocks-fall-up-to-3-after-infosys-hikes-entry-level-salaries-here-s-what-analysts-say-13743438.html
2025-10-15,"Infosys , Wipro Q2 preview : Will H - 1B visa impact and big deal wins shape tech earnings ? Analysts weigh in",https://www.financialexpress.com/business/industry-infosys-wipro-q2-preview-will-h-1b-visa-impact-and-big-deal-wins-shape-tech-earnings-analysts-weigh-in-4011463/
2025-10-17,"Infosys Consolidated September 2025 Net Sales at Rs 44 , 490 . 00 crore , up 8 . 55 % Y - o - Y",https://www.moneycontrol.com/news/business/earnings/infosys-consolidated-september-2025-net-sales-at-rs-44490-00-crore-up-8-55-y-o-y-13621820.html
2025-11-23,"Mcap of 7 of top - 10 most valued firms surges Rs 1 . 28 lakh crore ; RIL , Airtel biggest gainers",https://www.tribuneindia.com/news/business/mcap-of-7-of-top-10-most-valued-firms-surges-rs-1-28-lakh-crore-ril-airtel-biggest-gainers/
2025-10-27,"Mcap of 7 top firms rises up by ₹1 . 55 lakh crore ; Reliance , TCS leadThe Shillong Times",https://theshillongtimes.com/2025/10/27/mcap-of-7-top-firms-rises-up-by-%E2%82%B91-55-lakh-crore-reliance-tcs-lead/
2025-10-14,Infosys wins £1 . 2 billion NHS contract ; signals revival for Indian IT,https://www.thehindubusinessline.com/info-tech/infosys-wins-12-billion-nhs-contract-signals-revival-for-indian-it/article70163566.ece
2025-11-30,"Market valuation of top 7 firms climbs over Rs 96 , 000 crore",https://www.thestatesman.com/business/market-valuation-of-top-7-firms-climbs-over-rs-96000-crore-1503519617.html
2025-12-23,"Sensex snaps 2 day winning run , Nifty flat ; what next for stock market ?",https://www.businesstoday.in/markets/stocks/story/sensex-snaps-2-day-winning-run-nifty-flat-whats-next-for-stock-market-507871-2025-12-23
2025-10-16,India Infosys raises bottom end of revenue outlook,https://www.khaleejtimes.com/business/tech/indias-infosys-raises-bottom-end-of-revenue-outlook
2025-11-12,"Infosys share buyback : Company set for its biggest Rs 18 , 000 crore offer ever ; what to know before Nov 14 record date",https://timesofindia.indiatimes.com/business/india-business/infosys-share-buyback-company-set-for-its-biggest-rs-18000-crore-offer-ever-what-to-know-before-nov-14-record-date/articleshow/125279213.cms
2025-11-15,Infosys hands out Sept quarter bonus : Employees to get 75 % average bonus ; check details,https://timesofindia.indiatimes.com/business/india-business/infosys-hands-out-sept-quarter-bonus-employees-to-get-75-average-bonus-check-details/articleshow/125343206.cms
2025-10-06,"Infosys , Coforge and HCL Tech : Which IT stocks should you add to your portfolio ahead of Q2 results 2025 ?",https://www.livemint.com/market/stock-market-news/infosys-coforge-and-hcl-tech-which-it-stocks-should-you-add-to-your-portfolio-ahead-of-q2-results-2025-11759757726442.html
2025-10-26,"Masterstroke by Mukesh Ambani as Reliance earns Rs 466870000000 in a week due to ..., Ratan Tata TCS also makes ...",https://www.india.com/business/reliance-market-cap-masterstroke-by-mukesh-ambani-as-reliance-industries-earns-rs-466870000000-in-a-week-due-to-stock-market-ratan-tata-tcs-also-makes-profit-tcs-market-cap-8150432/
2025-11-15,Indian IT sector shows sequential recovery in Q2FY26 ; tier - 2 techs lead growth,https://news.webindia123.com/news/Articles/Business/20251115/4384005.html
2025-10-26,"M - cap of 7 of top - 10 most valued firms jumps by Rs 1 . 55 lakh cr ; Reliance , TCS shine",https://economictimes.indiatimes.com/markets/stocks/news/m-cap-of-7-of-top-10-most-valued-firms-jumps-by-rs-1-55-lakh-cr-reliance-tcs-shine/articleshow/124823225.cms
2025-10-26,"Market recap : Mcap of 7 most valued firms surges by Rs 1 . 55 lakh cr ; Reliance , TCS lead gains",https://timesofindia.indiatimes.com/business/india-business/market-recap-mcap-of-7-most-valued-firms-surges-by-rs-1-55-lakh-cr-reliance-tcs-lead-gains/articleshow/124822802.cms
2025-10-16,"Infosys Q2 profit up 13 % to Rs 7 , 364 crore",https://www.rediff.com/business/report/tech-infosys-q2-profit-up-13-to-rs-7364-crore/20251016.htm
2025-10-26,"Mcap of 7 of top - 10 most valued firms jumps by Rs 1 . 55 lakh crore ; Reliance , TCS shine",https://www.tribuneindia.com/news/business/mcap-of-7-of-top-10-most-valued-firms-jumps-by-rs-1-55-lakh-crore-reliance-tcs-shine/
2025-12-20,Infosys ADR Surge Likely Caused by Data - Feed Ticker Error,https://www.newkerala.com/news/o/tickermapping-error-likely-behind-sudden-spike-infosys-adrs-report-532
2025-10-14,Infosys Chosen by NHSBSA to Deliver a New Workforce Management Solution for the NHS in England and Wales,https://news.webindia123.com/news/Articles/Business/20251014/4372518.html
2025-12-18,"Trump $100 , 000 H - 1B Fee : Why TCS , Infosys , Other Indian IT Giants Face Biggest Shock",https://www.news18.com/business/trumps-100000-h-1b-fee-why-tcs-infosys-other-indian-it-giants-face-biggest-shock-ws-l-9777474.html
2025-10-22,"Infosys promoters to skip Rs 18 , 000 - cr share buyback",https://www.financialexpress.com/market/infosys-promoters-to-skip-rs-18-000-cr-share-buyback-4018596/
2025-10-05,"HDFC Bank leads as seven of India top - 10 most valued firms gain Rs 74 , 573 cr in market cap - India News",https://www.financialexpress.com/india-news/hdfc-bank-leads-as-seven-of-indias-top-10-most-valued-firms-gain-rs-74573-cr-in-market-cap/3999023/
2025-10-16,"Infosys hires 12 , 000 freshers in first half , on track to hire 20 , 000 for FY26",https://www.moneycontrol.com/news/business/earnings/infosys-hires-12-000-freshers-in-first-half-on-track-to-hire-20-000-for-fy26-13620477.html
2025-10-23,"Infosys shares surge 4 % as promoters skip ₹18 , 000 - crore buyback",https://www.thehindubusinessline.com/markets/stock-markets/infosys-shares-surge-4-as-promoters-skip-18000-crore-buyback/article70192335.ece
2025-10-20,"India top IT firms face FY26 test amid slow growth , AI deflation and visa pain",https://www.livemint.com/industry/infotech/india-top-it-firms-face-fy26-test-amid-slow-growth-ai-deflation-visa-pain-11760774035625.html
2025-10-17,"This IT giant adds over 8000 employees in Q2 even as others cut jobs , not TCS , Wipro , Google , Amazon , it is ...",https://www.dnaindia.com/business/report-this-it-giant-adds-over-8000-employees-in-q2-even-as-others-cut-jobs-not-tcs-wipro-google-amazon-it-is-narayana-murthy-infosys-3184378
2025-12-20,Explainer : Why Infosys ADRs jumped 40 % and why the NYSE halted trading,https://economictimes.indiatimes.com/markets/stocks/news/explainer-why-infosys-adrs-jumped-40-and-why-the-nyse-halted-trading/articleshow/126089883.cms
2025-12-24,Infosys sells 53 . 5 - acre Anekal land to Puravankara for Rs 250 crore,https://timesofindia.indiatimes.com/business/india-business/infosys-sells-53-5-acre-anekal-land-to-puravankara-for-rs-250-crore/articleshow/126160244.cms
2025-10-14,Infosys Chosen by NHSBSA to Deliver a New Workforce Management Solution for the NHS in England and Wales,https://www.europapress.es/comunicados/internacional-00907/noticia-comunicado-infosys-chosen-by-nhsbsa-to-deliver-new-workforce-management-solution-for-the-nhs-in-england-and-wales-20251014113304.html
2025-10-19,Market valuation of 7 of top - 10 firms surges by Rs 2 . 16 lakh crore last week,https://www.thestatesman.com/india/market-valuation-of-7-of-top-10-firms-surges-by-rs-2-16-lakh-crore-last-week-1503501046.html
2025-12-22,"Top gainers , losers on NSE , BSE Mid day 22nd Dec : Sensex gains over 500 pts , Nifty above 26 , 100 level , Shriram Finance , Wipro , Infosys lead gainers",https://www.thehindubusinessline.com/markets/stock-markets/top-gainers-losers-on-nse-bse-mid-day-22nd-dec-sensex-gains-over-500-pts-nifty-above-26100-level-shriram-finance-wipro-infosys-lead-gainers/article70425258.ece
2025-10-17,"Infosys shares in focus after Q2 PAT jumps 13 % YoY , ADRs fall 2 %",https://economictimes.indiatimes.com/markets/stocks/news/infosys-shares-in-focus-after-q2-pat-jumps-13-yoy-adrs-fall-2/articleshow/124618738.cms
2025-10-23,"Infosys shares rise 4 % after promoters opt out of Rs 18 , 000 crore share buyback",https://economictimes.indiatimes.com/markets/stocks/news/infosys-shares-in-focus-after-promoters-opt-out-of-rs-18000-crore-share-buyback/articleshow/124751478.cms
2025-10-14,Infosys Chosen by NHSBSA to Deliver a New Workforce Management Solution for the NHS in England and Wales,https://www.finanznachrichten.de/nachrichten-2025-10/66688388-infosys-chosen-by-nhsbsa-to-deliver-a-new-workforce-management-solution-for-the-nhs-in-england-and-wales-008.htm
2025-10-16,"Q2 results 2025 : Infosys , Wipro , Nestle India , Jio Fin , Eternal among companies to declare earnings today",https://www.livemint.com/market/stock-market-news/q2-results-2025-infosys-wipro-nestle-india-jio-fin-eternal-among-companies-to-declare-earnings-today-11760581257712.html
2025-11-03,Infosys buyback : What investors must know about taxes and hidden charges,https://economictimes.indiatimes.com/wealth/tax/infosys-buyback-what-investors-must-know-about-taxes-and-hidden-charges/articleshow/125050559.cms
2025-11-03,Infosys buyback : What investors must know about hidden cost due to taxation,https://economictimes.indiatimes.com/wealth/tax/infosys-buyback-what-investors-must-know-about-hidden-cost-due-to-taxation/articleshow/125050559.cms
2025-11-28,"IT large caps back on acquisition track to boost skills , footprint",https://economictimes.indiatimes.com/tech/information-tech/it-large-caps-back-on-acquisition-track-to-boost-skills-footprint/articleshow/125623462.cms
2025-10-14,"Here Are India Richest Tech Billionaires For 2025 : HCL Shiv Nadar Tops The List , Infosy Nandan Nilekani Is At 7th ; Check FULL LIST",https://www.freepressjournal.in/tech/here-are-indias-richest-tech-billionaires-for-2025-hcls-shiv-nadar-tops-the-list-infosys-nandan-nilekani-comes-in-seventh
2025-10-16,"Infosys Q2 Results : Profit jumps 13 % YoY to Rs 7 , 364 crore , revenue up 9 %",https://economictimes.indiatimes.com/markets/stocks/earnings/infosys-q2-results-profit-jumps-13-yoy-to-rs-7364-crore-revenue-up-9/articleshow/124602906.cms
2025-12-21,"TCS , Infosys , Cognizant Face $2 . 25 Billion H - 1B Fee Hit in 2026 Under Trump Policy - Trak . in - Indian Business of Tech , Mobile & Startups",https://trak.in/stories/tcs-infosys-cognizant-face-2-25-billion-h-1b-fee-hit-in-2026-under-trump-policy/
2025-12-21,"Top 6 firms add Rs 75 , 257 crore in market value",https://www.prokerala.com/news/articles/a1710022.html
2025-10-19,Masterstroke by Mukesh Ambani as he earns Rs 473636500000 in a week due to ...; Sunil Mittal also ...,https://www.india.com/business/masterstroke-by-mukesh-ambani-as-he-earns-rs-473636500000-in-a-week-due-to-reliance-industries-mcap-increase-sunil-mittal-bharti-airtel-mcap-also-surges-8140554/
2025-11-09,"Mcap of 7 of top - 10 most valued firms erodes by Rs 88 , 635 cr ; Airtel , TCS biggest laggards",https://economictimes.indiatimes.com/markets/stocks/news/mcap-of-7-of-top-10-most-valued-firms-erodes-by-rs-88635-cr-airtel-tcs-biggest-laggards/articleshow/125197465.cms
2025-11-20,"Infosys share buyback opens : Eligibility , tax impact & analyst takeaways",https://www.businesstoday.in/markets/stocks/story/infosys-share-buyback-opens-eligibility-tax-impact-analyst-takeaways-502892-2025-11-20
2025-11-20,"Stocks in news : Groww , Infosys , KEC International , NBCC , Varun Beverages and more",https://www.businesstoday.in/markets/stocks/story/stocks-in-news-groww-infosys-kec-international-nbcc-varun-beverages-and-more-502867-2025-11-20
2025-11-09,"Market Cap Of Seven Top Companies Falls By ₹88 , 635 Crore As Bharti Airtel , TCS Lead Weekly Declines",https://www.freepressjournal.in/business/market-cap-of-seven-top-companies-falls-by-88635-crore-as-bharti-airtel-tcs-lead-weekly-declines
2025-10-14,India Infosys wins $1 . 6 billion deal from united kingdom National Health Service,https://www.marketscreener.com/news/india-s-infosys-wins-1-6-billion-deal-from-uk-s-national-health-service-ce7d5ad9dc80f622
2025-11-30,Masterstroke by Mukesh Ambani as he earns Rs 282828600000 in just five days due to ...,https://www.india.com/business/masterstroke-by-mukesh-ambani-as-he-earns-rs-282828600000-in-just-five-days-due-to-reliance-market-cap-bajaj-finance-bharti-airtel-8207690/
2025-10-16,"Infosys founders Narayana Murthy , Sudha Murty opt out of Karnataka caste survey , say  not backward",https://www.livemint.com/news/india/infosys-boss-narayana-murthy-sudha-murty-opt-out-of-caste-survey-say-not-backward-11760592898747.html
2025-10-14,Infosys Chosen by NHSBSA to Deliver a New Workforce Management Solution for the NHS in England and Wales,https://www.manilatimes.net/2025/10/14/tmt-newswire/pr-newswire/infosys-chosen-by-nhsbsa-to-deliver-a-new-workforce-management-solution-for-the-nhs-in-england-and-wales/2200149
2025-12-17,"Why Trump $100 , 000 H - 1B visa fees would hit TCS , Infosys the most – Firstpost",https://www.firstpost.com/explainers/us-donald-trump-100000-h-1b-visa-fees-tcs-infosys-impact-13960699.html
2025-11-20,"Stocks in news : Groww , Infosys , Adani Power , Sammaan Capital , HAL",https://economictimes.indiatimes.com/markets/stocks/news/stocks-in-news-groww-infosys-adani-power-sammaan-capital-hal/articleshow/125441839.cms
2025-10-05,"Mcap of 7 of top - 10 most valued firms climbs ₹74 , 573 crore ; HDFC Bank biggest gainer",https://www.thehindu.com/business/Economy/mcap-of-7-of-top-10-most-valued-firms-climbs-74573-crore-hdfc-bank-biggest-gainer/article70127468.ece
2025-10-23,"India stock benchmarks inch towards record high , led by Infosys",https://www.marketscreener.com/news/india-s-stock-benchmarks-inch-towards-record-high-led-by-infosys-ce7d5ddbdf89fe23
2025-10-16,"Infosys Q2 profit up 13 % to ₹7 , 364 crore",https://www.thehindu.com/business/markets/infosys-q2-profit-up-13-to-7364-crore/article70170964.ece
2025-10-27,Miserable arterial roads in Hebbal Industrial Area,https://starofmysore.com/miserable-arterial-roads-in-hebbal-industrial-area/
2025-12-07,MAJOR boost for Ratan Tata TCS as it earns Rs 359095200000 in just five days ! Market cap surges to ...,https://www.india.com/business/major-boost-for-ratan-tata-tcs-as-it-earns-rs-359095200000-in-just-five-days-tcs-market-cap-surges-to-rs-72284-crore-tata-group-reliance-industries-mukesh-ambani-infosys-narayana-murthy-8218788/
2025-12-07,Buy or sell : Ganesh Dongre of Anand Rathi recommends three stocks to buy on Monday - 8 December 2025,https://www.livemint.com/market/stock-market-news/buy-or-sell-ganesh-dongre-of-anand-rathi-recommends-three-stocks-to-buy-on-monday-8-december-2025-11765081707110.html
2025-10-19,"Mcap of 7 of top - 10 most valued firms surges by Rs 2 . 16 lakh crore ; Reliance , Airtel biggest gainers",https://www.tribuneindia.com/news/business/mcap-of-7-of-top-10-most-valued-firms-surges-by-rs-2-16-lakh-crore-reliance-airtel-biggest-gainers/
2025-10-16,Infosys Q2 better than expected,https://www.financialexpress.com/business/industry-infosys-q2-better-than-expected-4013187/
2025-11-20,9 - 9 - 6 is not slogging : Why Rupifi CEO defended Narayana Murthy 72 - hour workweek idea ; netizens react,https://www.theweek.in/news/biz-tech/2025/11/20/9-9-6-is-not-slogging-why-rupifi-ceo-defended-narayana-murthy-s-72-hour-workweek-idea-netizens-react.html
2025-11-14,Pine Lab strong D - Street debut ; digital protection rules notified,https://economictimes.indiatimes.com/tech/newsletters/tech-top-5/pine-labs-strong-d-street-debut-digital-protection-rules-notified/articleshow/125328508.cms
2025-11-14,Infosys share buyback : Should you sell or hold ? Strategies & opportunities,https://www.businesstoday.in/markets/stocks/story/infosys-share-buyback-should-you-sell-or-hold-strategies-opportunities-502193-2025-11-14
2025-10-17,Buy Infosys ; target of Rs 1650 : Emkay Global Financial,https://www.moneycontrol.com/news/business/stocks/buy-infosys-target-of-rs-1650-emkay-global-financial-2-13621553.html
2025-10-16,"Infosys fares better than expected , steers clear from big - bang AI announcements",https://www.livemint.com/companies/infosys-fares-better-ai-layoffs-wipro-tcs-jobs-inflation-trump-it-firms-tech-mahindra-hcl-11760622132631.html
2025-11-09,"Mcap of 7 of top - 10 most valued firms  erodes by Rs 88 , 635 cr ; Airtel , TCS biggest laggards",https://www.dailyexcelsior.com/mcap-of-7-of-top-10-most-valued-firms-erodes-by-rs-88635-cr-airtel-tcs-biggest-laggards/
2025-10-12,Mcap of eight of top - 10 most valued firms jumps by Rs 1 . 94 lakh cr ; TCS biggest winner,https://www.moneycontrol.com/news/business/markets/mcap-of-eight-of-top-10-most-valued-firms-jumps-by-rs-1-94-lakh-cr-tcs-biggest-winner-13610974.html
2025-10-16,"Infosys Q2 net profit jumps 13 pc to Rs 7 , 364 crore , announces Rs 23 dividend",https://www.prokerala.com/news/articles/a1686690.html
2025-10-26,7 of top 10 firms add Rs 1 . 55 lakh crore in market value,https://www.ibtimes.co.in/7-top-10-firms-add-rs-1-55-lakh-crore-market-value-891285
2025-10-16,"Q2 Earnings : Infosys , Wipro , Nestle India Among Key Companies Reporting Today",https://www.businessworld.in/article/q2-earnings-infosys-wipro-nestle-india-among-key-companies-reporting-today-575754
2025-10-07,"TCS , Infosys , HCL , Wipro , TechM Q2 results : 4 things to watch , earnings preview",https://www.businesstoday.in/markets/stocks/story/tcs-infosys-hcl-wipro-techm-q2-results-4-things-to-watch-earnings-preview-497051-2025-10-07
2025-10-26,Mukesh Ambani earns Rs 46687 crore in just 3 days from ...; Reliance market cap jumps to Rs ...,https://www.dnaindia.com/business/report-mukesh-ambani-earns-rs-46687-crore-in-just-3-days-from-share-market-reliance-market-cap-jumps-to-rs-3185454
2025-12-04,"LTTS , Coforge , Wipro : IT stocks rally up to 4 % as rupee hits record low ; what next ?",https://www.businesstoday.in/markets/stocks/story/ltts-coforge-infosys-wipro-it-stocks-rally-up-to-4-as-rupee-hits-fresh-record-low-504931-2025-12-04
2025-10-17,Infosys share price : Should you buy this IT stock post Q2 results ?  Here are target prices,https://www.businesstoday.in/markets/stocks/story/infosys-share-price-should-you-buy-this-it-stock-post-q2-results-here-are-target-prices-498683-2025-10-17
2025-10-24,Behind promoters opting out of Infosy largest buyback is a tax conundrum,https://www.livemint.com/companies/news/infosys-buyback-promoters-income-tax-nandan-nilekani-narayana-murthy-shares-11761221145215.html
2025-10-05,"Mcap of top 7 firms climbs Rs 74 , 573 crore ; HDFC Bank biggest gainer",https://www.tribuneindia.com/news/business/mcap-of-top-7-firms-climbs-rs-74573-crore-hdfc-bank-biggest-gainer/
2025-10-23,"Top Gainers & Losers on Oct 23 : Vodafone Idea , Bharat Forge , Infosys , Birlasoft , Tata Elxsi among top gainers today",https://www.livemint.com/market/stock-market-news/top-gainers-losers-on-oct-23-vodafone-idea-bharat-forge-infosys-birlasoft-tata-elxsi-among-top-gainers-today-11761213334077.html
2025-12-15,"Cognizant , Infosys hit hardest by $100K H - 1B worker visa fee : report",https://seekingalpha.com/news/4531432-cognizant-infosys-hit-hardest-by-100k-h-1b-worker-visa-fee-report
2025-10-05,"Top Seven Firm Combined Market Valuation Rises ₹74 , 573 Crore ; HDFC Bank Leads Gains",https://www.freepressjournal.in/business/top-seven-firms-combined-market-valuation-rises-74573-crore-hdfc-bank-leads-gains
2025-12-31,"Vande Bharat Sleeper Hits 180 Kmph In Trial , Ex - Infosys CFO Asks :  When Can We Travel This Fast ? | VIDEO | Auto News",https://www.news18.com/auto/railway-minister-shares-vande-bharat-sleeper-clocks-180-kmph-ex-infosys-cfo-reacts-aa-ws-l-9801904.html
2025-12-29,"Genex Infosys PLC Reports Earnings Results for the First Quarter Ended September 30 , 2025",https://www.marketscreener.com/news/genex-infosys-plc-reports-earnings-results-for-the-first-quarter-ended-september-30-2025-ce7e59dbdd89f424
2025-10-17,India IT sector shows signs of demand recovery as clients warm up to AI projects,https://finance.yahoo.com/news/indias-infosys-narrows-annual-revenue-104524759.html
2025-10-10,"Day Trading Guide for October 10 , 2025 : Intraday supports , resistances for Nifty50 stocks",https://www.thehindubusinessline.com/portfolio/day-trading-guide/day-trading-guide-for-october-10/article70143879.ece
2025-10-18,Murthy Couple Denial of Caste Survey Slammed by State CM,https://www.gulte.com/political-news/377247/murthy-couples-denial-of-caste-survey-slammed-by-state-cm
2025-12-23,Stock markets decline in early trade after two days of rally,https://www.thehindubusinessline.com/markets/stock-markets-decline-in-early-trade-after-two-days-of-rally/article70428423.ece
2025-10-17,"Are they experts ?: CM Siddaramaiah questions Sudha Murty , family refusal to take part in Karnataka caste survey",https://www.newindianexpress.com/states/karnataka/2025/Oct/17/are-they-experts-cm-siddaramaiah-questions-sudha-murty-familys-refusal-to-take-part-in-karnataka-caste-survey
2025-11-09,"Mcap of 7 of top - 10 most valued firms falls by ₹88 , 635 crore ; Airtel , TCS biggest laggards",https://www.livemint.com/market/stock-market-news/mcap-of-7-of-top-10-most-valued-firms-falls-by-88-635-crore-airtel-tcs-biggest-laggards-11762673325316.html
2025-10-17,4 key numbers that reveal the widening gap between Infosys and Wipro,https://www.financialexpress.com/market/stock-insights/4-key-numbers-that-reveal-the-widening-gap-between-infosys-and-wipro/4013152/
2025-11-02,"Market recap : Mcap of four of top 10 valued firms jumps Rs 95 , 447 crore ; Reliance leads the gains",https://timesofindia.indiatimes.com/business/india-business/market-recap-mcap-of-four-of-top-10-valued-firms-jumps-rs-95447-crore-reliance-leads-the-gains/articleshow/125031835.cms
2025-12-30,Infosys Explains ₹250 Crore Land Deal – Chennaionline,https://www.chennaionline.com/news/infosys-explains-%E2%82%B9250-crore-land-deal/
2025-12-11,Two - wheelers a key growth engine for Uber India : President Prabhjeet Singh,https://economictimes.indiatimes.com/tech/technology/two-wheelers-a-key-growth-engine-for-uber-india-president-prabhjeet-singh/articleshow/125896856.cms
2025-10-21,"Sensex , Nifty rise on Muhurat trading session : Demand for bank , IT stocks",https://www.theweek.in/news/biz-tech/2025/10/21/sensex-nifty-rise-on-muhurat-trading-session-demand-for-bank-it-stocks.html
2025-11-18,Narayana Murthy points to China 9 - 9 - 6 rule to advocate 72 - hour work week,https://www.hindustantimes.com/trending/narayana-murthy-points-to-china-s-9-9-6-rule-to-advocate-72-hour-work-week-101763433094345.html
2025-11-23,"Seven Of India Top - 10 Firms Add ₹1 . 28 Lakh Crore In Market Value , RIL & Airtel Lead Weekly Gains Amid Positive Equity Sentiment",https://www.freepressjournal.in/business/seven-of-indias-top-10-firms-add-128-lakh-crore-in-market-value-ril-airtel-lead-weekly-gains-amid-positive-equity-sentiment
2025-11-12,Narayana Murthy calls for national focus on research to build a better India,https://economictimes.indiatimes.com/tech/technology/narayana-murthy-calls-for-national-focus-on-research-to-build-a-better-india/articleshow/125271276.cms
2025-10-23,"AI is boosting the legacy business for top Indian IT firms , for now",https://www.livemint.com/companies/news/tcs-infy-infosys-ai-boost-legacy-business-top-indian-it-firms-11761043689431.html
2025-12-09,Narayana Murthy shares leadership lessons at SMU Visionary Series as SMU launches 2026 Singapore - India Hackathon,https://news.webindia123.com/news/Articles/Business/20251209/4392484.html
2025-10-23,A mistake Im glad I made : Infosys co founder Nandan Nilekani recalls skipping IIM exam,https://www.businesstoday.in/india/story/a-mistake-im-glad-i-made-infosys-co-founder-nandan-nilekani-recalls-skipping-iim-exam-499298-2025-10-23
2025-10-06,"As problems compound , Q2 modest revenue growth wont move the needle for battered IT stocks",https://www.livemint.com/market/it-stocks-us-protectionism-investor-caution-indian-stock-markets-h-1b-visa-fee-infosys-ltimindtree-hcl-it-hiring-11759645528935.html
2025-10-16,"Dont belong to ...: Narayana Murty , wife refuse to join Ktaka caste survey",https://www.rediff.com/news/report/dont-belong-to-narayana-murty-wife-refuse-to-join-ktaka-caste-survey/20251016.htm
2025-10-16,"Infosys headcount increases by 8 , 203 in Q2FY26",https://www.moneycontrol.com/news/business/earnings/infosys-headcount-increases-by-8-203-in-q2fy26-13613616.html
2025-10-23,"Markets lose steam after strong start - Nifty ends below 25 , 900 , Sensex too slips 400 points from day high - Market News",https://www.financialexpress.com/market/markets-lose-steam-in-afternoon-trade-nifty-ends-below-25900-after-scaling-past-26100-sensex-too-slips-400-points-from-days-high-4019231/
2025-12-08,"Ex - Infosys techie praises work culture in Germany , says India had no work - life balance",https://www.moneycontrol.com/news/trends/ex-infosys-techie-praises-work-culture-in-germany-says-india-had-no-work-life-balance-13715282.html
2025-11-02,Bharti Airtel SBI LIC Add Rs 95447 Crore Market Value,https://www.newkerala.com/news/o/indias-top-10-companies-add-rs-95447-crore-market-982
2025-12-17,"Trump $100 , 000 H 1B visa fee may deal billion dollar blow to TCS , Infosys , Cognizant . Details here",https://www.businesstoday.in/nri/visa/story/trumps-100000-h-1b-visa-fee-may-deal-billion-dollar-blow-to-tcs-infosys-cognizant-details-here-507094-2025-12-17
2025-10-23,"Infosys , TCS , HCL Tech , other IT stocks jump up to 3 % amid India - US trade deal buzz",https://www.livemint.com/market/stock-market-news/infosys-tcs-hcl-tech-other-it-stocks-jump-up-to-3-amid-india-us-trade-deal-buzz-11761193733822.html
2025-10-17,Karnataka caste survey : Siddaramaiah slams Sudha and Narayana Murthy for opting out ; asks  are Infosys people akin to God ? | India News,https://timesofindia.indiatimes.com/india/karnataka-caste-survey-siddaramaiah-slams-sudha-and-narayana-murthy-for-opting-out-asks-are-infosys-people-akin-to-god/articleshow/124627265.cms
