date,headline,url
2020-12-21,Reliance Industries Share Price news ; Reliance Industries Gains After Reliance And BP Announce First Gas Production From KG D6 Block,https://www.ndtv.com/business/reliance-industries-share-price-news-reliance-industries-gains-after-reliance-and-bp-announce-first-gas-production-from-kg-d6-block-2341483
2020-12-30,Reliance Industries Completes Acquisition Of IMG Reliance ; Stock Edges Lower,https://www.ndtv.com/business/reliance-industries-completes-acquisition-of-img-reliance-stock-edges-lower-2345426
2020-10-03,"GIC , TPG To Invest Rs 7 , 350 Crore In Mukesh Ambani - Led Reliance Industrie Retail Arm",https://www.ndtv.com/business/gic-tpg-to-invest-rs-7-350-crore-in-mukesh-ambani-led-reliance-industries-retail-arm-2304564
2020-10-03,"Mukesh Ambani - Led Reliance Industries Sells Rs 32 , 198 - Crore Stake In Retail Arm Within A Month",https://www.ndtv.com/business/mukesh-ambani-led-reliance-industries-sells-rs-32-198-crore-stake-in-retail-arm-within-a-month-2304701
2020-10-07,"Reliance Industries Share Price News : Reliance Industries Gains After Retail Arm Secures Investment Of Rs 5 , 512 . 590 Crore From Abu Dhabi Investment Authority",https://www.ndtv.com/business/reliance-industries-share-price-news-reliance-industries-gains-after-retail-arm-secures-investment-of-rs-5-512-590-crore-from-abu-dhabi-investment-aut-2306470
2020-10-06,"Mukesh Ambani - led Reliance Industrie retail arm to sell 1 . 2 % stake to Abu Dhabi Investment Authority for Rs 5 , 512 . 50 crore",https://www.ndtv.com/business/mukesh-ambani-led-reliance-industries-retail-arm-to-sell-1-2-stake-to-abu-dhabi-investment-authority-for-rs-5-512-50-crore-2306063
2020-10-06,"Mukesh Ambani - led Reliance Industrie retail arm to sell 1 . 2 % stake to Abu Dhabi Investment Authority for Rs 5 , 512 . 50 crore",https://www.ndtv.com/business/mukesh-ambani-led-reliance-industries-retail-arm-to-sell-1-2-stake-to-abu-dhabi-investment-authority-for-rs-5-512-50-crore-2306063?pfrom=Tech_profit2016
2020-11-24,Reliance Industries Slips 1 % After Jio Platforms Receives Google Deal Amount,https://www.ndtv.com/business/reliance-industries-slips-1-after-jio-platforms-receives-google-deal-amount-2329377?pfrom=Marketss_profit2016
2020-10-05,Why the deal between Viacom18 and Sony Pictures Networks India broke off,https://www.financialexpress.com/brandwagon/why-the-deal-between-viacom18-and-sony-pictures-networks-india-broke-off/2098242/
2020-11-15,Reliance buys Indian furniture retailer Urban Ladder,https://gulfnews.com/business/retail/reliance-buys-indian-furniture-retailer-urban-ladder-1.75290203
2020-10-26,Reliance Industries Slips Almost 2 % After Reliance Retail - Future Deal Put On Hold,https://www.ndtv.com/business/reliance-industries-slips-almost-2-after-reliance-retail-future-deal-on-hold-2315761
2020-11-15,Mukesh Ambani Reliance Retail Acquires Majority Stake In Furniture Retailer Urban Ladder For Rs 182 Crore,https://www.ndtv.com/business/mukesh-ambanis-reliance-retail-acquires-majority-stake-in-furniture-retailer-urban-ladder-for-rs-182-crore-2325388
2020-12-30,"Stocks To Watch : Reliance Industries , JSPL , L & T",https://www.ndtv.com/business/stocks-to-watch-reliance-industries-jspl-l-t-2345369
2020-10-03,"Reliance Industries Says GIC , TPG To Invest Rs 7 , 350 Crore In Reliance Retail",https://www.finanznachrichten.de/nachrichten-2020-10/50866489-reliance-industries-says-gic-tpg-to-invest-rs-7-350-crore-in-reliance-retail-020.htm
2020-12-07,"Stocks to Watch Today Dec 7 2020 : Pfizer India , Reliance Industries , Tata Consumer",https://www.ndtv.com/business/stocks-to-watch-in-trade-today-pfizer-india-reliance-industries-tata-consumer-2335099
2020-10-02,"TPG to invest Rs 1 , 837 crore in Reliance Retail Ventures",https://www.prokerala.com/news/articles/a1088373.html
2020-11-23,"Sensex reclaims 44 , 000 on opening amid COVID - 19 vaccine hopes ; RIL shares lead pack",https://www.financialexpress.com/market/sensex-reclaims-44000-on-opening-amid-covid-19-vaccine-hopes-ril-shares-lead-pack/2134305/
2020-10-02,"Billionaire Mukesh Ambani Reliance Retail To Sell 1 . 4 % Stake To Mubadala For Rs 6 , 248 Crore",https://www.ndtv.com/business/billionaire-mukesh-ambanis-reliance-retail-to-sell-1-4-stake-to-mubadala-for-rs-6-248-crore-2304025
2020-10-03,Global Investment Firm TPG To Invest Rs 1 837 5 Cr In Reliance Retail Ventures - ANI,http://www.businessworld.in/article/Global-Investment-Firm-TPG-To-Invest-Rs-1-837-5-Cr-In-Reliance-Retail-Ventures/03-10-2020-327435/
2020-10-02,Abu Dhabi Mubadala to invest in RRVL,https://english.newstracklive.com/news/abu-dhabis-mubadala-to-acquire-stake-in-rrvl-sc18-nu306-ta289-1121867-1.html
2020-10-03,"GIC , TPG invest $1b in Mukesh Ambani Reliance Retail",https://www.dealstreetasia.com/stories/reliance-retail-tpg-gic-209800/
2020-10-03,"Reliance Industries to raise Rs 7 , 350 crore from two investors – sovereign wealth fund GIC , TPG",https://scroll.in/latest/974806/reliance-industries-continues-investment-spree-to-raise-rs-7350-crore-from-two-investors
2020-10-15,"Mukesh Ambani RIL receives Rs 5 , 550 crore from KKR for Reliance Retail Ventures ; RIL shares fall",https://www.financialexpress.com/market/mukesh-ambanis-ril-reliance-industries-ltd-receives-rs-5550-crore-from-kkr-for-reliance-retail-ventures-ril-share-price-fall/2106147/
2020-12-08,Reliance Industries share price : Reliance Industries Gains After Mukesh Ambani Says Jio 5G Rollout Likely In 2021,https://www.ndtv.com/business/reliance-industries-share-price-reliance-industries-gains-after-mukesh-ambani-says-jio-5g-rollout-likely-in-2021-2335741
2020-12-09,Reliance Industries Extends Gains On Jio 5G Rollout Plans,https://www.ndtv.com/business/reliance-industries-extends-gains-on-jio-5g-rollout-plans-2336113
2020-12-20,Reliance Industries Will Build The World Largest Zoo In Jamnagar,https://www.mensxp.com/social-hits/news/83707-reliance-industries-will-build-the-worlds-largest-zoo-in-jamnagar.html
2020-11-05,"Public Investment Fund to invest Rs 9 , 555 cr in Reliance Retail Ventures",https://www.exchange4media.com/announcements-news/public-investment-fund-to-invest-rs-9555-cr-in-reliance-retail-ventures-108877.html
2020-11-06,"RIL shares jump over 3 per cent after Saudi Arabia PIF invests Rs 9 , 555 crore in Reliance Retail",https://indianexpress.com/article/business/market/reliance-industries-ril-shares-jump-after-saudi-arabia-pif-investment-rs-9555-in-reliance-retail-6977546/
2020-10-03,"Mukesh Ambani - led Reliance Industries Buys Canadian Crude To Offset Venezuelan Decline , Says Report",https://www.ndtv.com/business/mukesh-ambani-led-reliance-industries-buys-canadian-crude-to-offset-venezuelan-decline-says-report-2304180
2020-11-05,Saudi PIF to invest Rs 9555 crore in Reliance Retail Ventures,https://www.prokerala.com/news/articles/a1099187.html
2020-10-07,RIL spikes 4 % after bagging another cheque for retail arm,https://economictimes.indiatimes.com/markets/stocks/news/ril-spikes-4-after-bagging-another-cheque-for-retail-arm/articleshow/78528458.cms
2020-11-15,Reliance buys furniture retailer Urban Ladder for Rs 182 crore,https://www.moneycontrol.com/news/business/reliance-buys-furniture-retailer-urban-ladder-for-rs-182-crore-6121451.html
2020-11-24,"reliance industries : Jio Payments Bank seeks to open Reliance Industries , group companie current accounts",https://economictimes.indiatimes.com/industry/banking/finance/banking/jio-bank-seeks-to-open-ril-group-cos-current-a/cs/articleshow/79377256.cms
2020-12-03,reliance industries : Reliance could be the white knight as Kalaari Capital seeks to raise the fourth fund,https://economictimes.indiatimes.com/prime/technology-and-startups/reliance-could-be-the-white-knight-as-kalaari-capital-seeks-to-raise-the-fourth-fund/primearticleshow/79533603.cms
2020-12-09,Reliance Industries Ltd gains for third straight session,https://www.business-standard.com/article/news-cm/reliance-industries-ltd-gains-for-third-straight-session-120120900484_1.html
2020-12-21,Indian court dismisses Future Group plea against Amazon,https://www.zawya.com/mena/en/legal/story/Indian_court_dismisses_Future_Groups_plea_against_Amazon-ZAWYA20201221053851/
2020-12-03,India market regulator questions BSE hasty nod for Future - Reliance deal,https://www.dealstreetasia.com/stories/sebi-bse-future-reliance-218299/
2020-12-26,Mukesh Ambani out of 10 richest billionaire list as RIL shares decline,https://www.businesstoday.in/current/economy-politics/mukesh-ambani-out-of-10-richest-billionaires-list-as-ril-shares-decline/story/426107.html
2020-12-28,"Nifty , Sensex at record high on boost from Reliance , banking stocks",https://www.hindustantimes.com/business-news/nifty-sensex-at-record-high-on-boost-from-reliance-banking-stocks/story-7tPLysIa03rNhx4bfGOT8J.html
2020-10-27,"In Fight With Amazon . com , Future Retail Sees Liquidation If Reliance Industries Deal Fails",https://www.ndtv.com/business/in-fight-with-amazon-com-future-retail-sees-liquidation-if-reliance-industries-deal-fails-2316379?pfrom=Tech_profit2016
2020-12-22,"In India retail , a battle of the billionaires - business news",https://www.hindustantimes.com/business-news/in-india-s-retail-a-battle-of-the-billionaires/story-iVulSjHM5EfWl5eSgqJP8M.html
2020-11-15,Reliance buys majority stake in Indian furniture retailer Urban Ladder,http://www.businessworld.in/article/Reliance-buys-majority-stake-in-Indian-furniture-retailer-Urban-Ladder/15-11-2020-342880/
2020-12-07,Prime accused in INX Media case named Ambani as owner ; ED did not follow up on the lead,https://www.siasat.com/prime-accused-in-inx-media-case-named-ambani-as-owner-ed-did-not-follow-up-on-the-lead-2040232/
2020-12-26,RIL chairman Mukesh Ambani out from world top 10 richest billionaires list ; check full list here,https://www.financialexpress.com/industry/ril-mukesh-ambani-out-from-worlds-top-10-richest-billionaires-list-check-full-list-here-bloomberg-billionaire-index-reliance-industries-ltd/2157833/
2020-10-15,"Future Group lost Rs 7 , 000 Cr revenue in first 3 - 4 months of COVID - 19 pandemic : Biyani",https://yourstory.com:443/2020/10/future-group-revenue-covid19-kishore-biyani
2020-12-28,"Nifty , Sensex at record high on boost from Reliance , banking stocks",https://www.khaleejtimes.com/business/markets/nifty-sensex-at-record-high-on-boost-from-reliance-banking-stocks
2020-11-10,"Reliance Industries Ltd spurts 1 . 31 %, up for five straight sessions",https://www.business-standard.com/article/news-cm/reliance-industries-ltd-spurts-1-31-up-for-five-straight-sessions-120111000761_1.html
2020-12-28,"Indian shares at record high on boost from Reliance , banking stocks",https://financialpost.com/pmn/business-pmn/indian-shares-at-record-high-on-boost-from-reliance-banking-stocks
2020-12-03,Future - Reliance deal : Sebi awaits clarification before go - ahead,https://timesofindia.indiatimes.com/business/india-business/future-reliance-deal-sebi-awaits-clarification-before-go-ahead/articleshow/79549813.cms
2020-12-03,Future - Reliance deal : Sebi awaits clarification before go - ahead,https://www.timesnownews.com/business-economy/companies/article/future-reliance-deal-sebi-awaits-clarification-before-go-ahead/690144
2020-10-22,FIIs hike stake in Reliance Industries to 25 . 2 per cent,https://www.timesnownews.com/business-economy/companies/article/fiis-hike-stake-in-reliance-industries-to-25-2-per-cent/671238
2020-12-16,"Facebook Fuel for India 2020 | Covid vaccination : RIL working with govt for tech tools , says Mukesh Ambani",https://www.timesnownews.com/business-economy/companies/article/covid-vaccination-ril-working-with-govt-for-tech-tools-says-mukesh-ambani/695116
2020-11-26,CM Jain Impex & Investments sells RIL shares worth over Rs 19 cr,https://economictimes.indiatimes.com/markets/stocks/news/cm-jain-impex-investments-sells-ril-shares-worth-over-rs-19-cr/articleshow/79432987.cms
2020-11-02,RIL Shares Reliance Industries Share Price : Reliance Industries Falls After Profit Declines 15 % In September Quarter,https://www.ndtv.com/business/reliance-industries-share-price-reliance-industries-falls-after-profit-declines-15-in-september-quarter-2319262
2020-11-02,RIL Shares Reliance Industries Share Price : Reliance Industries Falls After Profit Declines 15 % In September Quarter,https://www.ndtv.com/business/reliance-industries-share-price-reliance-industries-falls-after-profit-declines-15-in-september-quarter-2319262?pfrom=Marketss_profit2016
2020-12-28,"Nifty at record high on boost from Reliance , banking stocks",https://in.investing.com/news/indian-shares-at-record-high-on-boost-from-reliance-banking-stocks-2551980
2020-12-28,"Indian shares at record high on boost from Reliance , banking stocks",https://www.reuters.com/article/india-stocks-idUSL4N2J80LG
2020-12-21,"Stocks to Watch Today Dec 21 2020 : Reliance ( RIL ), Bank of Baroda , PNB , Lupin Shares In Focus",https://www.ndtv.com/business/stocks-to-watch-today-dec-21-2020-reliance-ril-bank-of-baroda-pnb-lupin-shares-in-focus-2341375
2020-11-02,Rs 1 . 2 lakh crore investor wealth wiped out as RIL share falls most in seven months,https://www.businesstoday.in/markets/company-stock/reliance-industries-share-crash-ril-investor-wealth-mukesh-ambani-q2-earnings/story/420728.html
2020-11-06,Another big pay cheque for Reliance Retail : Saudi Public Investment Fund to invest 9555cr,https://ca.news.yahoo.com/saudi-public-investment-fund-to-invest-9555-cr-in-rel-retail-for-204-stake-063948195.html
2020-11-06,"RIL Shares Jump Over 3 Percent After Saudi Arabia PIF Invests Rs 9 , 555 Crore in Reliance Retail",https://www.news18.com/news/business/ril-shares-jump-over-3-percent-after-saudi-arabias-pif-invests-rs-9555-crore-in-reliance-retail-3049883.html
2020-10-02,"TPG - Reliance Retail deal : Global investment company to inject Rs 1 , 837 . 5 crore for 0 . 41 % of RIL unit",https://www.moneycontrol.com/news/business/tpg-reliance-retail-deal-global-investment-company-to-inject-rs-1837-5-crore-for-0-41-of-ril-unit-5916491.html
2020-11-06,"Reliance Industries shares jump over 3 % after Saudi Arabia PIF investment of Rs 9 , 555 cr - business news",https://www.hindustantimes.com/business-news/reliance-industries-shares-jump-over-3-after-saudi-arabia-s-pif-investment-of-rs-9-555-cr/story-Q45kNPQZ4DAYAYnmGlOP9K.html
2020-12-28,"There was , is and will be no one like you , Pappa : Tina Ambani remembers Dhirubhai on birth anniversary",https://www.businesstoday.in/current/corporate/there-was-is-and-will-be-no-one-like-you-pappa-tina-ambani-remembers-dhirubhai-on-birth-anniversary/story/426225.html
2020-11-06,RIL shares spurt over 3 per cent after Saudi Arabia PIF invests in Reliance Retail,https://www.thehindubusinessline.com/markets/stock-markets/ril-shares-spurt-over-3-per-cent-after-saudi-arabias-pif-invests-in-reliance-retail/article33038498.ece
2020-10-02,"Investment fund TPG to invest Rs 1 , 837 crore in Reliance Retail Ventures",https://www.business-standard.com/article/companies/investment-fund-tpg-to-invest-rs-1-837-crore-in-reliance-retail-ventures-120100300076_1.html
2020-11-06,"RIL Shares Jump Over 3 % After Saudi Arabia PIF Invests Rs 9 , 555 Cr In Reliance Retail",https://www.outlookindia.com/outlookmoney/equity/ril-shares-jump-over-3-after-saudi-arabias-pif-invests-rs-9555-cr-in-reliance-retail-5467
2020-10-03,"GIC to invest Rs 5 , 512 . 5 cr in Reliance Retail Ventures",https://www.aninews.in/news/business/business/gic-to-invest-rs-55125-cr-in-reliance-retail-ventures20201003074528/
2020-11-06,Reliance Industries Ltd spurts 3 . 69 %,https://www.business-standard.com/article/news-cm/reliance-industries-ltd-spurts-3-69-120110600790_1.html
2020-10-22,FIIs hike stake in Reliance Industries to 25 . 2 per cent,https://indianexpress.com/article/business/companies/fiis-hike-stake-in-reliance-industries-to-25-2-per-cent-6836814/
2020-10-02,Abu Dhabi Mubadala to invest $844mln in Reliance Retail Ventures,https://www.zawya.com/mena/en/wealth/story/Abu_Dhabis_Mubadala_to_invest_844mln_in_Reliance_Retail_Ventures-SNG_186045053/
2020-12-16,Reliance Industries Ltd drops for fifth straight session,https://www.business-standard.com/article/news-cm/reliance-industries-ltd-drops-for-fifth-straight-session-120121600561_1.html
2020-12-03,SEBI awaits BSE reply on Future - Reliance deal before go - ahead,https://www.businesstoday.in/current/corporate/sebi-awaits-bse-reply-before-go-ahead-to-reliance-future-deal/story/423869.html
2020-11-05,"Saudi Arabia PIF invests Rs 9 , 555 crore for 2 . 04 % stake in Reliance Retail",https://timesofindia.indiatimes.com/business/india-business/saudi-arabias-pif-invests-rs-9555-crore-for-2-04-stake-in-reliance-retail/articleshow/79061477.cms
2020-10-14,"Future Group lost Rs 7 , 000 cr revenue in first 3 - 4 months of COVID - 19 pandemic : Biyani",https://economictimes.indiatimes.com/industry/services/retail/future-group-lost-rs-7000-cr-revenue-in-first-3-4-months-of-covid-19-pandemic-biyani/articleshow/78658179.cms
2020-10-17,"Future Group lost Rs 7 , 000 crore revenue in first 3 - 4 months of COVID - 19 pandemic : Kishore Biyani",https://www.moneycontrol.com/news/business/future-group-lost-rs-7000-crore-revenue-in-first-3-4-months-of-covid-19-pandemic-kishore-biyani-5975221.html
2020-11-05,"Saudi Arabia Public Investment Fund invests Rs 9 , 555 cr in Reliance Retail",https://www.devdiscourse.com/article/business/1297688-saudi-arabias-public-investment-fund-invests-rs-9555-cr-in-reliance-retail
2020-10-14,"Future Group lost Rs 7 , 000 cr revenue in first 3 - 4 months of COVID - 19 pandemic : Kishore Biyani",https://www.financialexpress.com/industry/future-group-lost-rs-7000-cr-revenue-in-first-3-4-months-of-covid-19-pandemic-kishore-biyani/2105394/
2020-11-23,RIL shares rise 3 % after CCI approves Future Group - Reliance Retail deal,https://www.moneycontrol.com/news/business/stocks/ril-shares-rise-3-after-cci-approves-future-group-reliance-retail-deal-6146181.html
2020-10-22,Sensex snaps 4 - session winning run - Rediff . com Business,https://www.rediff.com/business/report/sensex-snaps-4-session-winning-run-ends-149-pts-lower/20201022.htm
2020-11-05,PIF Invests Rs 9 555 CR in Reliance Retail Ventures,http://www.businessworld.in/article/PIF-Invests-Rs-9-555-CR-in-Reliance-Retail-Ventures/05-11-2020-339632/
2020-11-05,"Saudi Arabia Public Investment Fund invests Rs 9 , 555 crore in Reliance Retail",https://indianexpress.com/article/business/companies/saudi-arabia-public-investment-fund-invests-rs-9555-crore-in-reliance-retail-reliance-industries-ril-6961718/
2020-12-08,Markets Scale New Peaks ; Sensex Jumps 182 Points Amid Continued Foreign Portfolio Investment Flows,https://www.news18.com/news/business/markets-scale-new-peaks-sensex-jumps-182-points-amid-continued-foreign-portfolio-investment-flows-3157097.html
2020-12-03,Sebi questions BSE on its nod for Future deal,https://www.livemint.com/companies/news/sebi-questions-bse-on-its-nod-for-future-deal-11606955674629.html
2020-11-15,Reliance buys furniture retailer Urban Ladder,https://news.yahoo.com/reliance-buys-majority-stake-furniture-055638214.html
2020-11-23,Share Market Update Nifty gains amid COVID vaccine hopes ; Reliance Industries Ltd ( RIL ) leads pack,https://www.ndtv.com/business/share-market-update-nifty-gains-amid-covid-vaccine-hopes-reliance-industries-ltd-ril-leads-pack-2328872?pfrom=Marketss_profit2016
2020-11-15,Reliance buys furniture retailer Urban Ladder,https://tech.hindustantimes.com/tech/news/reliance-buys-furniture-retailer-urban-ladder-71605428604414.html
2020-11-03,"Ambani Loses $7 Bn , Slips 3 Ranks In Global Rich List",https://www.gulte.com/trends/32682/ambani-loses-7-bn-slips-3-ranks-in-global-rich-list
2020-11-06,"RIL shares jump over 3 per cent after Saudi Arabia PIF invests Rs 9 , 555 crore in Reliance Retail",https://www.timesnownews.com/business-economy/markets/article/ril-shares-jump-over-3-per-cent-after-saudi-arabias-pif-invests-rs-9555-crore-in-reliance-retail/678194
2020-10-07,"Sensex Today | Sensex extends gains to 5th day , ends 304 points higher ; RIL , auto stocks gain",https://www.timesnownews.com/business-economy/markets/article/sensex-extends-gains-to-5th-day-ends-304-points-higher-ril-auto-stocks-gain/663620
2020-10-07,"Sensex rallies 304 . 38 points to end at 39 , 878 . 95",https://www.rediff.com/business/report/sensex-rallies-30438-points-to-end-at-3987895/20201007.htm
2020-11-06,"RIL shares jump over 3 % after Saudi Arabia PIF invests Rs 9 , 555 cr in Reliance Retail",https://www.indiatvnews.com/business/news-reliance-industries-shares-jump-ril-saudi-arabia-deal-pif-invests-reliance-retail-mukesh-ambani-662846
2020-11-23,Reliance Industries Surges After Competition Commission Clears Future Deal,https://www.ndtv.com/business/reliance-industries-surges-after-competition-commission-clears-future-deal-2328926
2020-11-23,Nifty Sensex Gain Amid Vaccine Hopes Reliance Leads Pack,http://www.businessworld.in/article/Nifty-Sensex-Gain-Amid-Vaccine-Hopes-Reliance-Leads-Pack/23-11-2020-345601/
2020-10-14,"Future Group lost Rs 7 , 000 crore revenue in first 3 - 4 months of COVID - 19 pandemic : Biyani",https://www.timesnownews.com/business-economy/companies/article/future-group-lost-rs-7000-crore-revenue-in-first-3-4-months-of-covid-19-pandemic-biyani/667133
2020-11-06,Saudi fund to invest $1 . 3 billion in RIL retail arm ; shares rise 2 %,https://www.msn.com/en-in/money/topstories/saudi-fund-to-invest-13-billion-in-rils-in-retail-arm-shares-rise-2/ar-BB1aKfTM
2020-11-06,Saudi fund to invest $1 . 3 billion in RIL retail arm ; shares rise 2 %,https://www.msn.com/en-in/money/topstories/saudi-fund-to-invest-13-billion-in-rils-retail-arm-shares-rise-2/ar-BB1aKfTM
2020-10-14,Future Group Lost Rs 7 000 Cr Revenue In First 3 4 months Of COVID 19 Pandemic Kishore Biyani,http://www.businessworld.in/article/Future-Group-Lost-Rs-7-000-Cr-Revenue-In-First-3-4-months-Of-COVID-19-Pandemic-Kishore-Biyani/14-10-2020-331467/
2020-11-05,"Reliance Retail : Ambani gets another cheque ; Saudi fund invests ₹9 , 555 crore",https://www.livemint.com/companies/news/saudi-fund-invests-rs-9-555-crore-in-reliance-retail-11604574128322.html
2020-11-20,"Stocks to Watch Today Nov 20 2020 : Reliance Industries , Infosys , Bharti Infratel Shares In Focus Today",https://www.ndtv.com/business/stocks-to-watch-nov-20-2020-reliance-industries-infosys-bharti-infratel-shares-in-focus-today-2327718
2020-11-15,Reliance buys furniture retailer Urban Ladder,https://in.reuters.com/article/urban-ladder-m-a-reliance/reliance-buys-furniture-retailer-urban-ladder-idINKBN27V04M
2020-11-23,RIL shares rise 3 % after CCI approves Future Group - Reliance Retail deal,https://www.msn.com/en-in/money/topstories/ril-shares-rise-3-after-cci-approves-future-group-reliance-retail-deal/ar-BB1bgz10
2020-12-23,Mukesh Ambani RIL biggest wealth creator of D - St in last 25 years ; most gains made in last 5 years,https://www.financialexpress.com/market/ril-mukesh-ambani-reliance-industries-biggest-wealth-creator-infosys-fastest-kotak-mahindra-bank-consistent-motilal-oswal-sensex-share-market/2155897/
2020-11-15,Reliance Retail Urban Ladder I Reliance Retail buys majority stake in Urban Ladder for Rs 182 crore,https://www.timesnownews.com/business-economy/companies/article/reliance-retail-makes-another-online-retail-bet-buys-majority-stake-in-urban-ladder-for-rs-182-crore/682050
2020-10-06,"reliance industries : ADIA picks 1 . 2 % stake in Reliance Retail for Rs 5 , 512 crore",https://economictimes.indiatimes.com/markets/stocks/news/adia-picks-1-2-stake-in-reliance-retail-for-rs-5512-crore/articleshow/78516870.cms
2020-11-23,"Nifty , Sensex gain amid vaccine hopes ; Reliance leads pack",https://in.reuters.com/article/india-stocks/nifty-sensex-gain-amid-vaccine-hopes-reliance-leads-pack-idINKBN283098
2020-11-23,"Stocks to Watch Today Nov 23 2020 : Reliance Industries , Motherson Sumi , BEML , Bharti Airtel In Focus",https://www.ndtv.com/business/stocks-to-watch-today-nov-23-2020-reliance-industries-motherson-sumi-beml-bharti-airtel-in-focus-2328839?pfrom=Marketss_profit2016
2020-11-23,"Stocks to Watch Today Nov 23 2020 : Reliance Industries , Motherson Sumi , BEML , Bharti Airtel In Focus",https://www.ndtv.com/business/stocks-to-watch-today-nov-23-2020-reliance-industries-motherson-sumi-beml-bharti-airtel-in-focus-2328839
2020-12-08,"Share Market Updates : Sensex , Nifty Close At Record Highs For Fourth Session In A Row",https://www.ndtv.com/business/share-market-updates-sensex-nifty-close-at-record-highs-for-fourth-session-in-a-row-2335801
2020-10-26,"Arbitrator puts Reliance Retail - Future deal on hold , RIL share price trades lower",https://www.msn.com/en-in/money/topstories/arbitrator-puts-reliance-retail-future-deal-on-hold-ril-share-price-trades-lower/ar-BB1anXc9
2020-10-26,Your 10 - Point Guide To Amazon Vs Reliance On Future Retail,https://www.ndtv.com/business/your-10-point-guide-to-amazon-vs-reliance-on-future-retail-2315863
2020-12-28,"Indian shares at record high on boost from Reliance , banking stocks",https://uk.reuters.com/article/india-stocks/indian-shares-at-record-high-on-boost-from-reliance-banking-stocks-idUKL4N2J80LG
2020-10-06,ADIA To Invest Rs 5512 50 Cr In Reliance Retail,http://www.businessworld.in/article/ADIA-To-Invest-Rs-5512-50-Cr-In-Reliance-Retail-/06-10-2020-328600/
2020-10-05,TCS m - cap surpasses Rs 10 - lakh - crore mark ; 2nd Indian firm to do so,https://www.moneycontrol.com/news/business/tcs-m-cap-surpasses-rs-10-lakh-crore-mark-2nd-indian-firm-to-do-so-5923531.html
2020-12-08,Markets scale new peaks ; Sensex jumps 182 points,https://www.indiatvnews.com/business/markets-sensex-nifty-bse-nse-top-gainers-share-markets-670048
2020-12-08,Markets Scale New Peaks ; Sensex Jumps 182 Points,https://www.outlookindia.com/website/story/business-news-markets-scale-new-peaks-sensex-jumps-182-points/366607
2020-10-03,"Reliance raises Rs 7 , 350 crore from 2 investors",https://www.oneindia.com/india/reliance-raises-rs-7350-crore-from-2-investors-3158158.html
2020-11-06,"Market Live Updates , Sensex Today : Sensex Gains Over 100 Points , Nifty Above 12 , 150 Tracking Asian Markets",https://www.ndtv.com/business/share-market-live-updates-sensex-today-nifty-bse-nse-stock-market-latest-news-6-november-2020-2321396
2020-10-07,"Sensex continues bullish trend , rallies 304 points to end at 39 , 878",https://www.indiatoday.in/business/story/sensex-continues-bullish-trend-rallies-304-points-to-end-at-39-878-1729346-2020-10-07
2020-12-21,Indian court dismisses Future Group plea against Amazon . com,https://www.channelnewsasia.com/news/business/india-court-dismisses-future-group-plea-against-amazon-13816448
2020-10-02,"GIC - Reliance Retail deal : Singapore investment company to invest Rs 5 , 512 . 5 crore for 1 . 22 % of RIL unit",https://www.msn.com/en-in/money/topstories/gic-to-invest-rs-55125-crore-in-reliance-retail/ar-BB19EkSP
2020-10-03,"GIC - Reliance Retail deal : Singapore investment company to invest Rs 5 , 512 . 5 crore for 1 . 22 % of RIL unit",https://www.msn.com/en-in/money/topstories/gic-reliance-retail-deal-singapore-investment-company-to-invest-rs-55125-crore-for-122-of-ril-unit/ar-BB19EkSP
2020-12-21,India : Court Rejects Future Group Plea Against Amazon . com,https://www.albawaba.com/business/india-court-rejects-future-groups-plea-against-amazoncom-1400324
2020-10-04,Singapore wealth fund GIC and TPG invest $1bn in Ambani Reliance Retail Ventures,https://www.thenational.ae/business/markets/singapore-wealth-fund-gic-and-tpg-invest-1bn-in-ambani-s-reliance-retail-ventures-1.1087890
2020-11-19,RRVL completes recent round of investments from a bevy of global private equity funds,https://economictimes.indiatimes.com/industry/services/retail/rrvl-completes-recent-round-of-investments-from-a-bevy-of-global-private-equity-funds/articleshow/79305649.cms
2020-12-21,Indian court dismisses Future Group plea against Amazon . com,https://news.yahoo.com/indian-court-dismisses-future-groups-053328620.html
2020-11-06,RIL shares surge 4 per cent on PIF investment in Reliance Retail Ltd,https://www.msn.com/en-in/money/markets/ril-shares-surge-4-per-cent-on-pif-e2-80-99s-investment-in-reliance-retail-ltd/ar-BB1aKue8
2020-10-05,RIL share price : Stock market news : RIL shares slip 1 %,https://economictimes.indiatimes.com/markets/stocks/news/stock-market-news-ril-shares-slip-1/articleshow/78489037.cms
2020-10-06,"ADIA to invest Rs 5 , 512 cr in Reliance Retail Ventures ; RRVL raises Rs 37k cr",https://www.prokerala.com/news/articles/a1089468.html
2020-12-20,"M - cap of eight out of 10 most valued cos zoom Rs 1 . 25 lakh cr ; HDFC , TCS lead gainers",https://economictimes.indiatimes.com/markets/stocks/news/m-cap-of-eight-of-top-10-most-valued-cos-zoom-rs-1-25-lakh-cr-hdfc-tcs-lead-gainers/articleshow/79822334.cms
2020-12-19,Delhi High Court To Deliver Verdict On Amazon - Future Retail Spat On December 21,https://www.moneycontrol.com/news/trends/current-affairs-trends/delhi-high-court-to-deliver-verdict-on-amazon-future-retail-spat-on-december-21-6248621.html
2020-12-20,"M - cap of Eight of Top - 10 Most Valued Companies Zoom Rs 1 . 25 Lakh Crore ; HDFC , TCS Lead Gainers",https://www.news18.com/news/business/m-cap-of-eight-of-top-10-most-valued-companies-zoom-rs-1-25-lakh-crore-hdfc-tcs-lead-gainers-3195404.html
2020-10-02,"Reliance Jio fiber trust to raise Rs 39 , 710 crore from group firms ; aims to cut debts , fund expansion",https://www.financialexpress.com/market/reliance-jio-fiber-trust-to-raise-rs-39710-crore-from-group-firms-aims-to-cut-debts-fund-expansion/2096635/
2020-11-06,CNBC - TV18 top stocks to watch out for on November 6,https://www.cnbctv18.com/market/stocks/cnbc-tv18s-top-stocks-to-watch-out-for-on-november-6-reliance-industries-berger-paints-inox-leisure-itc-cipla-ashok-leyland-indiabulls-housing-finance-adani-power-cadila-zydus-7411881.htm/
2020-12-20,"HDFC , TCS lead 10 most valued firms to add Rs 1 . 25 lakh crore in market cap",https://www.financialexpress.com/market/hdfc-tcs-lead-10-most-valued-firms-to-add-rs-1-25-lakh-crore-in-market-cap/2153566/
2020-11-02,RIL share price slips 9 % post September quarter earnings,https://www.moneycontrol.com/news/business/stocks/ril-share-price-slips-9-post-september-quarter-earnings-6050591.html
2020-11-22,Market news I Five of India most - valued cos shed over Rs 1 lakh crore m - cap ; Reliance Industries top loser,https://www.timesnownews.com/business-economy/markets/article/five-of-indias-most-valued-cos-shed-over-rs-1-lakh-crore-m-cap-reliance-industries-top-loser/685132
2020-12-21,Indian court dismisses Future Group plea against Amazon . com,https://www.metro.us/indian-court-dismisses-future/
2020-12-18,Mukesh Ambani Reliance and BP start production from KG - D6 oil field,https://www.businessinsider.in/business/news/reliance-and-bp-start-the-production-from-kg-d6-oil-field-off-the-coast-of-kakinada/articleshow/79797081.cms
2020-12-20,"M - cap of eight of top - 10 most valued companies zoom , HDFC , TCS lead gainers",https://www.thehindubusinessline.com/markets/stock-markets/m-cap-of-eight-of-top-10-most-valued-companies-zoom-hdfc-tcs-lead-gainers/article33377681.ece
2020-10-06,"ADIA to invest Rs 5 , 512 cr in Reliance Retail Ventures ; RRVL raises Rs 37k cr",http://www.daijiworld.com/news/newsDisplay.aspx?newsID=758400
2020-12-20,"Eight of top - 10 companies see M - cap zoom to Rs 1 . 25 lakh cr ; HDFC , TCS big gainers",https://www.businesstoday.in/current/economy-politics/eight-top-10-companies-see-m-cap-zoom-rs-125-lakh-cr-hdfc-tcs-big-gainers/story/425468.html
2020-12-28,RIL share price rises as company agrees to buy remaining stake in IMG - Reliance JV,https://www.msn.com/en-in/money/topstories/ril-share-price-rises-as-company-agrees-to-buy-remaining-stake-in-img-reliance-jv/ar-BB1ch67N
2020-12-28,"Stocks To Watch In Trade Today : Coal India , Reliance Industries , Cadila Healthcare",https://www.ndtv.com/business/stocks-to-watch-in-trade-today-coal-india-reliance-industries-cadila-healthcare-2344382
2020-11-30,Markets closed today on account of Guru Nanak Jayanti,https://zeenews.india.com/markets/markets-closed-today-on-account-of-guru-nanak-jayanti-2327544.html
2020-11-05,"Saudi Arabia PIF invests Rs 9 , 555 crore in Reliance Retail",https://www.newindianexpress.com/business/2020/nov/05/saudi-arabias-pif-invests-rs-9555-crore-in-reliance-retail-2219756.html
2020-10-06,"ADIA - Reliance Retail Deal : Abu Dhabi sovereign fund to invest Rs 5 , 512 . 5 crore in RIL retail arm",https://www.moneycontrol.com/news/business/adia-to-invest-rs-5512-5-crore-in-reliance-retail-5930381.html
2020-10-07,"RIL Shares Jump Over 4 % after ADIA Invests Rs 5 , 512 . 5 Crore in Reliance Retail",https://www.news18.com/news/business/ril-shares-jump-over-4-after-adia-invests-rs-5512-5-crore-in-reliance-retail-2940245.html
2020-12-20,"M - cap of eight of top - 10 most valued companies zoom Rs 1 . 25 lakh cr ; HDFC , TCS lead gainers",https://www.indiatvnews.com/business/news-m-cap-of-eight-of-top-10-most-valued-companies-zoom-rs-1-25-lakh-crore-hdfc-tcs-bajaj-finance-lead-gainers-672689
2020-11-05,"Public Investment Fund - Reliance Retail deal | Saudi PIF to invest Rs 9 , 555 crore in Reliance Retail for 2 . 04 % stake",https://www.timesnownews.com/business-economy/companies/article/saudi-pif-to-buy-2-04-in-reliance-retail-for-rs-9555-crore/677799
2020-10-03,"GIC and TPG pick up stake in Mukesh Ambani Reliance Retail ; to invest combined Rs 7 , 350 cr",https://www.firstpost.com/business/gic-and-tpg-pick-up-stakes-in-mukesh-ambanis-reliance-retail-to-invest-combined-rs-7350-cr-8876591.html
2020-11-05,"Saudi Arabia PIF invests Rs 9 , 555 crore in Reliance Retail",https://www.indiatvnews.com/business/news-saudi-arabia-pif-rs-9555-crore-investment-reliance-industries-662640
2020-10-14,Revealed ! Why Biyani sold his Future to Reliance - Rediff . com Business,https://www.rediff.com/business/report/revealed-why-biyani-sold-his-future-to-reliance/20201014.htm
2020-12-09,Amazon eyeing potential $100 million investment in Apollo Pharmacy : report,https://www.ndtv.com/business/amazon-eyeing-potential-100-million-investment-in-apollo-pharmacy-report-2336174
2020-12-18,"Reliance Industries , BP Start Production From R Cluster Project",https://www.ndtv.com/business/reliance-and-bp-announce-asias-first-deepest-offshore-gas-field-project-2340560
2020-11-02,Nifty Sensex Fall As Reliance Drags Indexes - BW Businessworld,http://www.businessworld.in/article/Nifty-Sensex-Fall-As-Reliance-Drags-Indexes/02-11-2020-338268/
2020-12-21,"In battle With Future Group , A Win In Court Today For Amazon as New Delhi High Court dismissed Future Retail plea",https://www.ndtv.com/business/in-battle-with-future-group-a-win-in-court-today-for-amazon-as-new-delhi-high-court-dismissed-future-retails-plea-2341438
2020-12-21,Delhi High Court dismisses Future Group plea against Amazon . com,https://in.reuters.com/article/amazon-com-india-future-reliance-idINKBN28V0GE
2020-12-08,Natural Gas price discovery made more transparent,https://www.telegraphindia.com/business/natural-gas-price-discovery-made-more-transparent/cid/1799851
2020-10-26,Sensex plunges 540 points ; Reliance Industries tanks 4 %,https://www.thehindu.com/business/markets/sensex-plunges-540-points-reliance-industries-tanks-4/article32943795.ece
2020-12-08,India Jio to launch 5G in 2021 | Light Reading,https://www.lightreading.com/asia/indias-jio-to-launch-5g-in-2021/d/d-id/765966
2020-11-19,"Reliance Retail completes Rs 47 , 000 cr fund raise ; Mukesh Ambani firm sells 10 % stake to investors",https://www.financialexpress.com/industry/reliance-retail-completes-rs-47000-cr-fund-raise-mukesh-ambani-firm-sells-10-stake-to-investors/2132172/
2020-12-03,Future - Reliance deal : Sebi awaits clarification before go - ahead,https://www.livemint.com/companies/news/future-reliance-deal-sebi-awaits-clarification-before-go-ahead-11607001579878.html
2020-11-04,"Sensex rallies 355 points ; Nifty reclaims 11 , 900",https://www.rediff.com/business/report/sensex-rallies-355-points-nifty-reclaims-11900/20201104.htm
2020-11-01,Reliance leads 9 of 10 most valued firms to lose Rs 1 . 63 lakh cr in market valuation,https://www.financialexpress.com/market/reliance-leads-9-of-10-most-valued-firms-to-lose-rs-1-63-lakh-cr-in-market-valuation/2118480/
2020-10-08,Forbes India Rich List 2020 | Forbes India Rich List 2020 : Mukesh Ambani remains India richest man for 13th consecutive year,https://www.timesnownews.com/business-economy/companies/article/forbes-india-rich-list-2020-mukesh-ambani-remains-india-s-richest-man-for-13th-consecutive-year/664063
2020-12-03,"Sensex , Nifty hit record high as banks , Reliance gain",https://news.yahoo.com/sensex-nifty-hit-record-high-041817826.html
2020-10-07,"ADIA to invest Rs 5 , 512 crore in Reliance Retail Ventures ; RRVL raises Rs 37k crore",https://www.siliconindia.com/news/general/ADIA-to-invest-Rs-5512-crore-in-Reliance-Retail-Ventures-RRVL-raises-Rs-37k-crore-nid-214259-cid-1.html
2020-12-05,NCLT Mumbai Approves RIL Arm s Resolution Plan For Reliance Infratel,http://www.businessworld.in/article/NCLT-Mumbai-Approves-RIL-Arm-s-Resolution-Plan-For-Reliance-Infratel/05-12-2020-350127/
2020-12-03,"Sensex , Nifty hit record high as banks , Reliance gain",https://www.khaleejtimes.com/business/markets/sensex-nifty-hit-record-high-as-banks-reliance-gain
2020-12-03,"Indian stock market highlights : Shares hit record high as banks , Reliance gain",https://gulfnews.com/business/markets/indian-stock-market-highlights-shares-hit-record-high-as-banks-reliance-gain-1.1606970025715
2020-12-03,"Market update : Indices hit record high as banks , Reliance gain",https://www.thehindubusinessline.com/markets/stock-markets/market-update-indices-open-in-green/article33236705.ece
2020-11-05,Saudi PIF to invest Rs 9555 crore in Reliance Retail Ventures,https://www.sify.com/finance/saudi-pif-to-invest-rs-9555-crore-in-reliance-retail-ventures-news-news-ulfmkPbfjgcjj.html
2020-12-21,RIL Share Price Gains On First Gas Production From Asia Deepest Project,https://www.moneycontrol.com/news/business/stocks/ril-share-price-gains-on-first-gas-production-from-asias-deepest-project-6251521.html
2020-12-09,Why 5G Plans Give Mukesh Ambani A New Advantage Over Rivals,https://www.ndtv.com/india-news/why-5g-plans-give-mukesh-ambani-a-new-advantage-over-rivals-2336177
2020-12-21,RIL share price gains 1 . 5 % today after Reliance - BP start gas production from Asia deepest project,https://www.financialexpress.com/market/ril-share-price-gains-today-after-mukesh-ambani-led-reliance-industries-ltd-bp-start-gas-production-from-asias-deepest-project/2154131/
2020-10-14,"Future Group lost Rs 7 , 000 cr revenue in first 3 - 4 months of Covid : Biyani",https://www.business-standard.com/article/companies/future-group-lost-rs-7-000-cr-revenue-in-first-3-4-months-of-covid-biyani-120101400706_1.html
2020-10-26,Sensex plunges 540 points ; Reliance Industries tanks 4 per cent,https://www.hindustantimes.com/business-news/sensex-plunges-540-points-to-end-at-40-145-50-nifty-tanks-162-60-points/story-EDFB0TZfSmR9AT1HtExbJN.html
2020-11-05,"Public Investment Fund to invest Rs 9 , 555 crore in Reliance Retail Ventures",https://www.aninews.in/news/business/business/public-investment-fund-to-invest-rs-9555-crore-in-reliance-retail-ventures20201105164203/
2020-12-21,Infosys Shares Hit 52 - week High ; Stock Becomes 5th Stock To Cross Rs 5 Lakh Crore M - cap Mark,https://www.moneycontrol.com/news/business/markets/infosys-shares-hit-52-week-high-stock-becomes-5th-stock-to-cross-rs-5-lakh-crore-m-cap-mark-6252401.html
2020-10-26,Sensex plunges 540 points Reliance Industries tanks 4 percent,https://www.indiatvnews.com/business/markets-sensex-plunges-540-points-reliance-industries-tanks-4-percent-659990
2020-11-15,Reliance buys Indian furniture retailer Urban Ladder,https://leaderpost.com/pmn/business-pmn/reliance-buys-indian-furniture-retailer-urban-ladder
2020-12-03,Future - Reliance deal : Regulator Sebi awaits clarification before go - ahead,https://www.business-standard.com/article/pti-stories/future-reliance-deal-sebi-awaits-clarification-before-go-ahead-120120301122_1.html
2020-12-18,"RIL , BP start output from Asia deepest offshore field | Business News , The Indian Express",https://indianexpress.com/article/business/companies/ril-bp-start-output-from-asias-deepest-offshore-field-7110587/
2020-10-06,"Reliance Retail raises another Rs 5 , 512 . 5 cr - Rediff . com Business",https://www.rediff.com/business/report/reliance-retail-raises-another-rs-55125-crore/20201006.htm
2020-10-06,"Abu Dhabi Sovereign Fund ADIA to Invest Rs 5 , 512 . 5 Crore in Reliance Retail for 1 . 2 % Stake",https://www.news18.com/news/business/abu-dhabis-sovereign-fund-adia-to-invest-rs-5512-5-cr-in-reliance-retail-for-1-2-stake-2938325.html
2020-12-03,"Sensex , Nifty hit record high as banks , Reliance gain",https://in.reuters.com/article/india-stocks/sensex-nifty-hit-record-high-as-banks-reliance-gain-idINKBN28D0FN
2020-12-03,"Indian shares hit record high as banks , Reliance gain",https://www.reuters.com/article/india-stocks/indian-shares-hit-record-high-as-banks-reliance-gain-idUSL4N2IJ11K?rpc=401
2020-12-03,Sensex Nifty Hit Record High As Banks Reliance Gain,http://www.businessworld.in/article/Sensex-Nifty-Hit-Record-High-As-Banks-Reliance-Gain/03-12-2020-349359/
2020-11-21,CCI puts stamp on RIL  Future  in heartburn for Amazon,https://www.timesnownews.com/business-economy/companies/article/cci-puts-stamp-on-rils-future-in-heartburn-for-amazon/684825
2020-10-07,ADIA - Reliance Retail deal : RIL share price gains on investment news,https://www.moneycontrol.com/news/business/stocks/adia-reliance-retail-deal-ril-share-price-gains-on-investment-news-5931391.html
2020-10-06,"As ADIA Joins the Spree with Rs 5 , 512 . 5 Cr Investment , Here How RIL Achieved Eight Deals in Four Weeks",https://www.news18.com/news/business/as-adia-joins-the-spree-with-rs-5512-5-cr-investment-heres-how-ril-achieved-eight-deals-in-four-weeks-2938805.html
2020-10-06,"Abu Dhabi Investment Authority invests Rs 5 , 512 . 5 crore in Reliance Retail for 1 . 2 per cent stake",https://www.indiatvnews.com/business/news-abu-dhabi-investment-authority-rs-5512-5-crore-investment-reliance-retail-for-1-2-per-cent-stake-654913
2020-11-02,Reliance Industries Ltd Partly Paidup leads losers in  A  group,https://www.business-standard.com/article/news-cm/reliance-industries-ltd-partly-paidup-leads-losers-in-a-group-120110200838_1.html
2020-11-05,Saudi Arabia PIF Invests $1 . 3 Bln in India Reliance Retail,https://english.aawsat.com/home/article/2607451/saudi-arabias-pif-invests-13-bln-india%E2%80%99s-reliance-retail
2020-10-07,"RIL shares jump over 4 % after ADIA invests Rs 5 , 512 . 5 crore in Reliance Retail",https://www.indiatvnews.com/business/news-ril-shares-jump-over-4-after-adia-invests-rs-5-512-5-crore-in-reliance-retail-655015
2020-12-24,Stock Market : Is the stock market open tomorrow ? - The Economic Times,https://economictimes.indiatimes.com/markets/stocks/news/is-the-stock-market-open-tomorrow/articleshow/79944475.cms
2020-12-21,Indian shares set to snap six sessions of gains as banks decline,https://www.reuters.com/article/india-stocks/indian-shares-set-to-snap-six-sessions-of-gains-as-banks-decline-idUSL1N2J1068
2020-12-21,"Sensex , Nifty set to snap six sessions of gains as banks decline",https://in.reuters.com/article/india-stocks/sensex-nifty-set-to-snap-six-sessions-of-gains-as-banks-decline-idINKBN28V0DH
2020-10-22,FIIs hike stake in Reliance Industries to 25 . 2 %,https://timesofindia.indiatimes.com/business/india-business/fiis-hike-stake-in-reliance-industries-to-25-2/articleshow/78808575.cms
2020-12-24,"Sensex , Nifty rise on Reliance , financials boost",https://www.indiatoday.in/business/story/sensex-nifty-rise-on-reliance-financials-boost-1752628-2020-12-24
2020-11-27,Singapore GIC to set up $3 billion India - focused public market fund : Report,https://www.moneycontrol.com/news/business/singapores-gic-to-set-up-3-billion-india-focused-public-market-fund-report-6163831.html
2020-10-03,"GIC to invest Rs 5 , 512 crore in Reliance Retail Ventures",https://www.msn.com/en-in/news/other/gic-to-invest-rs-5512-crore-in-reliance-retail-ventures/ar-BB19EXeD
2020-10-03,"GIC to invest Rs 5 , 512 crore in Reliance Retail Ventures",https://www.msn.com/en-in/money/topstories/gic-to-invest-rs-5512-crore-in-reliance-retail-ventures/ar-BB19EXeD
2020-10-02,"GIC - Reliance Retail deal : Singapore investment company to invest Rs 5 , 512 . 5 crore for 1 . 22 % of RIL unit",https://www.moneycontrol.com/news/business/gic-to-invest-rs-5512-5-crore-in-reliance-retail-5916471.html
2020-11-09,Saudi Arabia PIF Invests About $1 . 3 Billion in Mukesh Ambani Reliance Retail,https://www.bloomberg.com/news/articles/2020-11-05/pif-invests-about-1-3-billion-in-ambani-s-reliance-retail
2020-12-28,"No one like you , pappa : Tina Ambani remembers Dhirubhai Ambani on his birth anniversary - business news",https://www.hindustantimes.com/business-news/no-one-like-you-pappa-tina-ambani-remembers-dhirubhai-ambani-on-his-birth-anniversary/story-bjWH9nqXaZ0XoUaRDOckPL.html
2020-11-23,"Reliance Industries Ltd Spurts 3 . 18 %, S & P BSE Energy index Gains 2 . 58 %",https://www.business-standard.com/article/news-cm/reliance-industries-ltd-spurts-3-18-s-p-bse-energy-index-gains-2-58-120112300199_1.html
2020-10-02,"GIC to invest Rs 5 , 512 crore in Reliance Retail Ventures",https://www.prokerala.com/news/articles/a1088371.html
2020-12-21,Delhi HC dismisses Future Group plea for interim injunction against Amazon,https://www.freepressjournal.in/business/delhi-hc-declines-future-groups-request-to-stop-amazon-from-writing-to-authorities-about-arbitral-order
2020-12-31,Indian Shares Flat As IT Weighs Nifty Set For 15 Gain In 2020,http://www.businessworld.in/article/Indian-Shares-Flat-As-IT-Weighs-Nifty-Set-For-15-Gain-In-2020-/31-12-2020-359980/
2020-12-15,India will grow to be among top 3 economies in 2 decades : Ambani,https://indianexpress.com/article/business/economy/india-will-grow-to-be-among-top-3-economies-in-two-decades-mukesh-ambani-7105669/
2020-12-23,"Jio  India : How Reliance won 2020 by shifting focus to sunrise sectors like telecom , retail , new commerce",https://yourstory.com:443/2020/12/jio-reliance-focus-sectors-telecom-retail-new-commerce
2020-10-02,Reliance Jio Fiber Trust to raise 397 . 1b rupees from group firms,https://www.businesstimes.com.sg/technology/reliance-jio-fiber-trust-to-raise-3971b-rupees-from-group-firms
2020-12-10,"Sensex snaps 5 - day winning run , ends 144 points lower",https://www.thehindu.com/business/markets/sensex-snaps-5-day-winning-run-ends-144-points-lower/article33298857.ece
2020-11-20,Setback For Amazon As CCI Gives Nod To Future Retail - Reliance Deal,https://inc42.com/buzz/setback-for-amazon-as-cci-gives-nod-to-future-retail-reliance-deal/
2020-11-15,Reliance buys furniture retailer Urban Ladder,https://www.marketscreener.com/quote/stock/AMAZON-COM-INC-12864605/news/Reliance-buys-furniture-retailer-Urban-Ladder-31780744/
2020-12-24,"Indian shares rise on Reliance , financials boost - Investing . com India",https://in.investing.com/news/indian-shares-rise-on-reliance-financials-boost-2549619
2020-12-21,"Gujarat to feature world largest zoo , Mukesh Ambani Reliance to build it on 250 acres land",https://zeenews.india.com/india/gujarat-to-feature-worlds-largest-zoo-mukesh-ambanis-reliance-to-build-it-on-250-acres-land-2332208.html
2020-11-23,"Reliance Industries , Future Group Stocks Rally on Strong Demand",https://www.news18.com/news/business/reliance-industries-future-group-stocks-rally-on-strong-demand-3107786.html
2020-10-22,"Sensex snaps 4 - session winning run , ends 149 points lower",https://www.thehindu.com/business/markets/sensex-snaps-4-session-winning-run-ends-149-points-lower/article32917689.ece
2020-10-22,"Sensex snaps 4 - session winning run , ends 149 points lower",https://www.hindustantimes.com/business-news/sensex-snaps-4-session-winning-run-ends-149-points-lower/story-PfDbc8M2BmMd4MVs168ZPJ.html
2020-10-22,"FIIs hike RIL stake to all - time high , now hold over 25 % share in Mukesh Ambani firm",https://www.financialexpress.com/market/fiis-hike-ril-stake-to-all-time-high-now-hold-over-25-share-in-mukesh-ambani-firm/2111656/
2020-12-24,"Sensex , Nifty rise on Reliance , financials boost",https://www.khaleejtimes.com/business/markets/sensex-nifty-rise-on-reliance-financials-boost
2020-12-24,Sensex Nifty Rise On Reliance Financials Boost,http://www.businessworld.in/article/Sensex-Nifty-Rise-On-Reliance-Financials-Boost/24-12-2020-357548/
2020-12-28,"Tina Ambani remembers Dhirubhai on his birth anniversary :  No one like you , pappa",https://punemirror.indiatimes.com/news/india/tina-ambani-remembers-dhirubhai-on-his-birth-anniversary-no-one-like-you-pappa/articleshow/79989198.cms
2020-12-28,"Tina Ambani remembers Dhirubhai on his birth anniversary :  No one like you , pappa",https://mumbaimirror.indiatimes.com/news/india/tina-ambani-remembers-dhirubhai-on-his-birth-anniversary-no-one-like-you-pappa/articleshow/79989111.cms
2020-12-28,"Tina Ambani remembers Dhirubhai on his birth anniversary :  No one like you , pappa",https://bangaloremirror.indiatimes.com/news/india/tina-ambani-remembers-dhirubhai-on-his-birth-anniversary-no-one-like-you-pappa/articleshow/79989200.cms
2020-12-31,Indian shares flat as IT weighs ; Nifty set for 15 % gain in 2020,https://in.reuters.com/article/india-stocks/indian-shares-flat-as-it-weighs-nifty-set-for-15-gain-in-2020-idINKBN2950CG
2020-12-31,Indian shares flat as IT weighs ; Nifty set for 15 % gain in 2020,https://www.reuters.com/article/india-stocks/indian-shares-flat-as-it-weighs-nifty-set-for-15-gain-in-2020-idUSL4N2JB0M0
2020-10-05,TCS m - cap surpasses Rs 10 - lakh - crore mark ; second Indian firm to do so,https://timesofindia.indiatimes.com/business/india-business/tcs-m-cap-surpasses-rs-10-lakh-crore-mark-second-indian-firm-to-do-so/articleshow/78489615.cms
2020-10-05,TCS m - cap : TCS becomes second Indian firm with Rs 10 lakh crore market cap after Reliance,https://economictimes.indiatimes.com/markets/stocks/news/tcs-m-cap-surpasses-rs-10-lakh-crore-mark-2nd-indian-firm-to-do-so/articleshow/78489220.cms
2020-10-05,TCS m - cap surpasses ₹10 lakh crore mark,https://www.thehindu.com/business/Industry/tcs-m-cap-surpasses-10-lakh-crore-mark/article32772209.ece
2020-12-09,"Market Live Updates , Sensex Today : Sensex Crosses 45 , 900 Mark For First Time As Markets Extend Rally Today ( December 9 )",https://www.ndtv.com/business/share-market-live-updates-sensex-today-nifty-bse-nse-stock-market-latest-news-9-december-2020-2336091
2020-12-28,"No one like you , pappa : Tina Ambani remembers Dhirubhai on his birth anniversary",https://www.mid-day.com/articles/no-one-like-you-pappa-tina-ambani-remembers-dhirubhai-on-his-birth-anniversary/23166247
2020-10-03,"Reliance Retail Bags $1 Bn From GIC , TPG Capital",https://inc42.com/buzz/reliance-retail-bags-1-bn-from-gic-tpg-capital-to-revamp-retail-ecosystem/
2020-10-05,TCS m - cap surpasses Rs 10 - lakh - cr mark ; second Indian firm to do so,https://www.thehindubusinessline.com/markets/stock-markets/tcs-m-cap-surpasses-rs-10-lakh-cr-mark-second-indian-firm-to-do-so/article32771192.ece
2020-10-07,Facebook - RIL deal : CCI raises concerns over data - sharing pact ; FB assures it  limited,https://www.businesstoday.in/current/corporate/facebook-ril-deal-cci-raises-concerns-over-data-sharing-pact-fb-assures-limited/story/418090.html
2020-12-18,"RIL - BP begin extracting gas from India first ultra - deep - water gas project , KG D6 R - field",https://www.financialexpress.com/industry/ril-bp-begin-extracting-gas-from-indias-first-ultra-deep-water-gas-project-kg-d6-r-field/2152656/
2020-10-26,"Sensex , Nifty fall over 1 %; 4 factors weighing on market",https://www.moneycontrol.com/news/business/markets/sensex-nifty-fall-over-1-4-factors-weighing-on-market-6014681.html
2020-10-06,"Abu Dhabi Investment Authority invests Rs 5 , 512 . 5 crore in Reliance Retail for 1 . 2 % stake",https://indianexpress.com/article/business/companies/reliance-retail-abu-dhabi-investment-authority-mukesh-ambani-6705698/
2020-11-23,"Top stock movers RIL , Future Retail , Ujjivan SFB , Pfizer , CG Power , and others",https://www.businessinsider.in/stock-market/news/top-stock-movers-ril-future-retail-ujjivan-sfb-pfizer-cg-power-and-others/articleshow/79362432.cms
2020-10-27,"Top stock movers Kotak Mahindra Bank , Future Retail , RIL , Angel Broking , DHFL , Finolex Industries , and others",https://www.businessinsider.in/stock-market/news/top-stock-movers-kotak-mahindra-bank-future-retail-ril-angel-broking-dhfl-finolex-industries-and-others/articleshow/78884976.cms
2020-12-28,"No one like you , pappa : Tina Ambani remembers Dhirubhai on his birth anniversary",https://www.aninews.in/news/entertainment/bollywood/no-one-like-you-pappa-tina-ambani-remembers-dhirubhai-on-his-birth-anniversary20201228124420/
2020-12-10,"Sensex snaps 5 - day winning run , ends 144 points lower",https://timesofindia.indiatimes.com/business/india-business/sensex-snaps-5-day-winning-run-ends-144-points-lower/articleshow/79661725.cms
2020-12-10,"Sensex snaps 5 - day winning run , ends 144 points lower",https://zeenews.india.com/markets/sensex-snaps-5-day-winning-run-ends-144-points-lower-2330039.html
2020-10-06,"ADIA to invest Rs 5 , 512 . 50 crore in Reliance Retail Ventures",https://www.aninews.in/news/business/business/adia-to-invest-rs-551250-crore-in-reliance-retail-ventures20201006192814/
2020-10-02,International Business : Mubadala agrees $853m deal with Reliance Retail,http://www.gdnonline.com/Details/873478/Mubadala-agrees-$853m-deal-with-Reliance-Retail
2020-10-02,International Business : Mubadala agrees $853m deal with Reliance Retail,http://www.gdnonline.com/Details/873478
2020-12-24,"Sensex , Nifty rise on Reliance , financials boost",https://in.reuters.com/article/india-stocks/sensex-nifty-rise-on-reliance-financials-boost-idINKBN28Y0DL
2021-10-25,Reliance Industries Share Price News : Reliance Industries Shares Edge Lower After September Quarter Earnings,https://www.ndtv.com/business/reliance-industries-share-price-news-reliance-industries-shares-edge-lower-after-september-quarter-earnings-2586947
2021-10-13,"Reliance Industries Edges Higher As Reliance New Energy Solar Limited ( RNESL ), a wholly - owned subsidiary , Invests In Germany - Based NexWafe",https://www.ndtv.com/business/reliance-industries-edges-higher-as-reliance-new-energy-solar-limited-rnesl-a-wholly-owned-subsidiary-invests-in-germany-based-nexwafe-2573793
2021-10-11,Reliance Industries Hits Life - Time High On Clean Energy Acquisitions,https://www.ndtv.com/business/reliance-industries-hits-life-time-high-on-clean-energy-acquisitions-2571452
2021-11-22,Saudi Aramco $15 Billion Oil Deal With India Largest Company Fails,https://oilprice.com/Latest-Energy-News/World-News/Saudi-Aramcos-15-Billion-Oil-Deal-With-Indias-Largest-Company-Fails.html
2021-10-21,Reliance Industries gets shareholder nod to induct Aramco Chairman Rumayyan on its board,https://www.thehindubusinessline.com/companies/reliance-industries-gets-shareholders-nod-to-induct-aramco-chairman-rumayyan-on-its-board/article37115399.ece
2021-12-26,Mcap of five of top - 10 valued companies soars more than Rs 1 lakh cr,https://economictimes.indiatimes.com/markets/stocks/news/mcap-of-five-of-top-10-valued-companies-soars-more-than-rs-1-lakh-cr/articleshow/88501611.cms
2021-10-22,"Reliance Industries Q2 FY22 Results : Reliance Industries Profit Rises 43 % To Rs 13 , 680 Crore In September Quarter",https://www.ndtv.com/business/reliance-industries-q2-fy22-results-reliance-industries-profit-rises-43-to-rs-13-680-crore-in-september-quarter-2584616
2021-12-26,Mcap of five of top - 10 valued companies soars more than Rs 1 lakh crore,https://www.deccanherald.com/business/mcap-of-five-of-top-10-valued-companies-soars-more-than-rs-1-lakh-crore-1064802.html
2021-12-31,Mukesh Ambani clean energy vision gets a New Year boost with the acquisition of this united kingdom battery tech company,https://www.businessinsider.in/business/corporates/news/mukesh-ambanis-reliance-acquires-uk-battery-tech-company-faradion/articleshow/88606195.cms
2021-10-22,Reliance Industries Gains Over 1 % Ahead Of September quarter Results,https://www.ndtv.com/business/reliance-industries-gains-over-1-ahead-of-september-quarter-results-2583911
2021-10-13,Reliance Industries m - cap goes past Rs 17 lakh crore mark,https://timesofindia.indiatimes.com/business/india-business/reliance-industries-m-cap-goes-past-rs-17-lakh-crore-mark/articleshow/86996256.cms
2021-12-07,"Reliance Industries : Abu Dhabi Chemical Company , Reliance Form $2 Billion Production JV In Ruwais",https://www.ndtv.com/business/reliance-industries-abu-dhabi-chemical-company-reliance-form-2-billion-production-jv-in-ruwais-2640859
2021-12-01,"Reliance Industries share price : Buy Reliance Industries , target price Rs 2925 : ICICI Direct",https://economictimes.indiatimes.com/markets/stocks/recos/buy-reliance-industries-target-price-rs-2925-icici-direct/articleshow/88026774.cms
2021-11-24,Gautami Adani Edges Past Mukesh Ambani To Become Asia Richest Man,https://www.outlookindia.com/website/story/business-news-gautami-adani-edges-past-mukesh-ambani-to-become-asias-richest-man/402409
2021-12-27,Dhirubhai Ambani 89th Birth Anniversary : Here are a few lesser - known facts about India tycoon,https://www.freepressjournal.in/india/dhirubhai-ambani-89th-birth-anniversary-here-are-a-few-lesser-known-facts-about-indias-tycoon
2021-11-23,"Sensex , Nifty likely to open lower amid weak global cues",https://www.businesstoday.in/markets/stocks/story/sensex-nifty-likely-to-open-lower-amid-weak-global-cues-313046-2021-11-23
2021-12-09,Reliance Industries Ltd up for third straight session,https://www.business-standard.com/article/news-cm/reliance-industries-ltd-up-for-third-straight-session-121120900535_1.html
2021-12-08,"UAE , India Launch Strategic Joint Venture for $2 Billion Chemicals Projects in Ruwais",https://english.aawsat.com/home/article/3347806/uae-india-launch-strategic-joint-venture-2-billion-chemicals-projects-ruwais
2021-11-29,Wrong number ! India Jio denies bidding for the united kingdom BT,https://www.lightreading.com/opticalip/fttx/wrong-number!-indias-jio-denies-bidding-for-uks-bt/d/d-id/773747
2021-10-02,"Reliance Industries Sets Up Wholly Owned Subsidiary In UAE For Trading In Crude Oil , Petrol",https://www.ndtv.com/business/reliance-industries-sets-up-wholly-owned-subsidiary-in-uae-for-trading-in-crude-oil-petrol-2561545
2021-10-02,Reliance sets up a subsidiary in UAE for trading oil By Reuters,https://www.investing.com/news/stock-market-news/reliance-sets-up-a-subsidiary-in-uae-for-trading-oil-2632974
2021-11-24,"Gautam Adani pips Mukesh Ambani to become richest man in India , Asia",https://zeenews.india.com/companies/gautam-adani-pips-mukesh-ambani-to-become-richest-man-in-india-asia-2413180.html
2021-10-02,Reliance sets up a subsidiary in UAE for trading oil,https://www.khaleejtimes.com/business/energy/reliance-sets-up-a-subsidiary-in-uae-for-trading-oil
2021-11-24,Gautam Adani displaces Mukesh Ambani to become Asia richest man,https://www.freepressjournal.in/business/gautam-adani-displaces-mukesh-ambani-to-become-asias-richest-man
2021-11-26,"Sensex , Nifty likely to open lower amid weak global cues",https://www.businesstoday.in/markets/top-story/story/sensex-nifty-likely-to-open-lower-amid-weak-global-cues-313453-2021-11-26
2021-12-29,India Reliance Industries hands over leadership to younger generation,https://www.arabnews.com/node/1994956/business-economy
2021-10-05,"Sensex rallies 446 points ; Nifty reclaims 17 , 800 - mark",https://www.thehindu.com/business/markets/sensex-rallies-446-points-nifty-reclaims-17800-mark/article36838824.ece
2021-11-20,Reliance Industries To Re - Evaluate Stake Sale To Saudi Aramco,https://www.outlookindia.com/website/story/business-news-reliance-industries-to-re-evaluate-stake-sale-to-saudi-aramco/401724
2021-12-26,Mcap of five of top - 10 valued companies soars more than Rs 1 lakh crore,https://www.thehindubusinessline.com/markets/stock-markets/mcap-of-five-of-top-10-valued-companies-soars-more-than-rs-1-lakh-crore/article38040716.ece
2021-10-22,"RIL Q2 Result : Profit jumps 46 % to Rs 15 , 479 crore , revenue rises 50 % to Rs 1 . 74 lakh crore",https://www.msn.com/en-in/money/topstories/ril-q2-result-profit-jumps-to-rs-15479-crore-revenue-rises-to-rs-174104-crore/ar-AAPPNEs
2021-11-25,"This man is now Asia Richest Person and no , it is not Mukesh Ambani",https://www.bgr.in/news/reliance-industries-mukesh-ambani-no-longer-asias-richest-person-replaced-by-gautam-adani-net-worth-1023676/
2021-10-19,Reliance Industries Ltd in demand,https://www.business-standard.com/article/news-cm/reliance-industries-ltd-in-demand-121101900558_1.html
2021-10-03,Reliance sets up a subsidiary in UAE for trading oil,https://www.msn.com/en-us/money/companies/reliance-sets-up-a-subsidiary-in-uae-for-trading-oil/ar-AAP4i63
2021-10-05,"Sensex rallies 446 points ; Nifty reclaims 17 , 800 - mark",https://timesofindia.indiatimes.com/business/markets/sensex/sensex-rallies-446-points-nifty-reclaims-17800-mark/articleshow/86780554.cms
2021-10-05,"Sensex rallies 446 points ; Nifty reclaims 17 , 800 - mark",https://zeenews.india.com/markets/sensex-rallies-446-points-nifty-reclaims-17800-mark-2399960.html
2021-10-12,RIL unit partners Denmark Stiesdal to make hydrogen electrolysers,https://www.msn.com/en-in/money/topstories/ril-unit-partners-with-denmarks-stiesdal-to-make-hydrogen-electrolysers/ar-AAPqCB2
2021-12-28,"Magnanimous , gentle , generous , says Tina Ambani about Dhirubhai Ambani on his 89th birth anniversary",https://www.businesstoday.in/trending/story/magnanimous-gentle-generous-says-tina-ambani-about-dhirubhai-ambani-on-his-89th-birth-anniversary-317026-2021-12-28
2021-11-06,RIL Clarify That Ambanis Have No Plan To Relocate To London Or Anywhere Else In The World,https://www.outlookindia.com/website/story/business-news-ril-clarifies-that-ambanis-have-no-plan-to-relocate-to-london-or-anywhere-else-in-the-world/399942
2021-11-29,"Share Market Updates : Sensex zooms over 450 points , Nifty above 17 , 100 ; RIL gains 3 %",https://www.businesstoday.in/markets/top-story/story/share-market-updates-sensex-zooms-over-450-points-nifty-above-17100-ril-gains-3-313747-2021-11-29
2021-10-02,Reliance sets up a subsidiary in UAE for trading oil,https://www.reuters.com/business/energy/reliance-sets-up-subsidiary-uae-trading-oil-2021-10-02/
2021-11-14,Market Capitalisation : M - cap of 6 of top - 10 valued companies jump more than Rs 1 . 18 lakh cr,https://economictimes.indiatimes.com/markets/ipos/fpos/m-cap-of-6-of-top-10-valued-companies-jump-more-than-rs-1-18-lakh-cr/articleshow/87695066.cms
2021-10-02,Reliance sets up a subsidiary in UAE for trading oil,https://menafn.com/1102904754/Reliance-sets-up-a-subsidiary-in-UAE-for-trading-oil&source=24
2021-11-20,RIL will be Aramco  preferred partner  for investments in India private sector,https://www.thehindubusinessline.com/companies/ril-will-be-aramcos-preferred-partner-for-investments-in-indias-private-sector/article37601358.ece
2021-11-29,Reliance Industries Weighs Bid For united kingdom Telco BT Group : Report,https://www.ndtv.com/business/reliance-industries-weighs-bid-for-uk-telco-bt-group-report-2628663
2021-11-24,Gautam Adani Becomes India And Asia Richest Man Surpassing Mukesh Ambani,https://www.latestly.com/india/news/gautam-adani-becomes-india-and-asias-richest-man-supassing-mukesh-ambani-3087774.html
2021-11-11,Reliance Industries Ltd gains for fifth straight session,https://www.business-standard.com/article/news-cm/reliance-industries-ltd-gains-for-fifth-straight-session-121111100627_1.html
2021-11-11,"Reliance Industries Ltd soars 0 . 07 %, gains for fifth straight session",https://www.business-standard.com/article/news-cm/reliance-industries-ltd-soars-0-07-gains-for-fifth-straight-session-121111100627_1.html
2021-11-08,Reliance exits shale gas in N . America,https://www.thehindu.com/business/reliance-exits-shale-gas-in-n-america/article37387195.ece
2021-11-06,"Mukesh Ambani , family have no plan to relocate to London after buying 300 - acre property",https://www.khaleejtimes.com/world/mukesh-ambani-family-deny-move-to-london-after-buying-300-acre-property
2021-10-10,Mukesh Ambani Reliance acquires Norway based REC Solar for $771m,https://gulfnews.com/business/markets/mukesh-ambanis-reliance-acquires-norway-based-rec-solar-for-771m-1.82856412
2021-10-11,Sterling and Wilson Solar shares jump 17 pc after Reliance deal,https://www.outlookindia.com/newsscroll/sterling-and-wilson-solar-shares-jump-17-pc-after-reliance-deal/2176417
2021-10-13,"RIL share price rises on investment in German company , tie - up with Stiesdal",http://www.msn.com/en-in/money/topstories/ril-share-price-rises-on-investment-in-german-company-tie-up-with-stiesdal/ar-AAPrM0C
2021-10-13,"RIL share price rises on investment in German company , tie - up with Stiesdal",https://www.msn.com/en-in/money/topstories/ril-share-price-rises-on-investment-in-german-company-tie-up-with-stiesdal/ar-AAPrM0C
2021-11-21,"RIL , HDFC and SBI Bank : Check The List of Most Valued Firms That Lost Rs 1 . 47 Lakh Crore In Market Value",https://www.outlookindia.com/website/story/business-news-ril-hdfc-and-sbi-bank-chek-the-list-of-most-valued-firms-that-lost-rs-147-lakh-crore-in-market-value/401904
2021-11-22,"Sensex Nosedives 1 , 170 Points to Close at 58 , 466 ; Reliance Industries Ltd Tumbles Over 4 %",https://www.latestly.com/india/news/sensex-nosedives-1170-points-to-close-at-58466-reliance-industries-ltd-tumbles-over-4-3079898.html
2021-11-21,Nine of top - 10 firms lose Rs 1 . 47 lakh crore in m - cap,https://www.deccanherald.com/business/business-news/nine-of-top-10-firms-lose-rs-147-lakh-crore-in-m-cap-1053017.html
2021-11-22,"Sensex falls over 1 , 000 points , Nifty slips below 17 , 500",https://www.deccanherald.com/business/business-news/sensex-falls-over-1000-points-nifty-slips-below-17500-1053350.html
2021-10-08,India Conglomerate Sues In Delaware To End Name Hijackings,https://www.law360.com/corporate/articles/1429366/india-conglomerate-sues-in-delaware-to-end-name-hijackings
2021-10-10,Reliance buys REC Solar for over Rs 5791 crore,https://www.deccanherald.com/business/business-news/reliance-buys-rec-solar-for-over-rs-5791-crore-1039241.html
2021-12-22,"Share Market Updates : Sensex zooms over 400 points , Nifty above 16 , 850 ; ZEEL gains 3 %",https://www.businesstoday.in/markets/top-story/story/share-market-updates-sensex-zooms-over-400-points-nifty-above-16850-zeel-gains-3-316404-2021-12-22
2021-12-30,"Sensex , Nifty edge down ; RIL tumbles nearly 2 %",https://www.thehindu.com/business/markets/sensex-nifty-edge-down-ril-tumbles-nearly-2/article38070618.ece
2021-12-07,$2bn JV to set up chemicals production hub in Abu Dhabi,https://www.arabianbusiness.com/industries/energy/2bn-jv-to-set-up-chemicals-production-hub-in-abu-dhabi
2021-11-29,reliance : RIL denies any intent to bid for united kingdom telecom group BT,https://economictimes.indiatimes.com/news/company/corporate-trends/ril-denies-any-intent-to-bid-for-uk-telecom-group-bt/articleshow/87984979.cms
2021-12-05,"TCS share price : Seven of top - 10 cos add Rs 1 . 31 lakh cr in m - cap ; HUL , TCS lead chart",https://economictimes.indiatimes.com/markets/stocks/news/seven-of-top-10-cos-add-rs-1-31-lakh-cr-in-m-cap-hul-tcs-lead-chart/articleshow/88102951.cms
2021-12-06,"Stocks To Watch : Tech Mahindra , Reliance Industries , SBI , Indraprastha Gas",https://www.ndtv.com/business/stocks-to-watch-tech-mahindra-reliance-industries-sbi-indraprastha-gas-2638587
2021-12-03,"Sensex tanks 764 points , Nifty sinks below 17 , 200 as Omicron enters India",https://www.telegraphindia.com/business/sensex-tanks-764-points-nifty-sinks-below-17200-as-omicron-enters-india/cid/1841735
2021-12-14,World most expensive water costs Rs 44 lakh a bottle and here why,https://timesofindia.indiatimes.com/life-style/food-news/worlds-most-expensive-water-costs-rs-44-lakh-a-bottle-and-heres-why/photostory/88282521.cms
2021-11-25,"Sensex rises 454 points , Nifty ends above 17 , 500 ; Reliance , ITC & Infosys top gainers",https://www.businesstoday.in/markets/stocks/story/sensex-rises-454-points-nifty-ends-above-17500-reliance-itc-infosys-top-gainers-313419-2021-11-25
2021-12-05,Seven of top - 10 most valued cos add over Rs 1 . 29 lakh cr in m - cap ; TCS lead gainer,https://www.businesstoday.in/markets/company-stock/story/seven-of-top-10-most-valued-cos-add-over-rs-129-lakh-cr-in-m-cap-tcs-lead-gainer-314469-2021-12-05
2021-11-01,RIL Jio Platforms to release JioPhone Next on Diwali,https://www.business-standard.com/article/news-cm/ril-s-jio-platforms-to-release-jiophone-next-on-diwali-121110100166_1.html
2021-11-01,Reliance Industries - owned Jio Platforms to release JioPhone Next on Diwali,https://www.business-standard.com/article/news-cm/reliance-industries-owned-jio-platforms-to-release-jiophone-next-on-diwali-121110100166_1.html
2021-12-08,Indian billionaire Ambani says 5G rollout should be nation priority,https://www.oann.com/indian-billionaire-ambani-says-5g-rollout-should-be-nations-priority/
2021-10-11,"Stocks To Watch In Trade Today ( October 11 , 2021 ): Reliance Industries , TCS , Vakrangee",https://www.ndtv.com/business/stocks-to-watch-in-trade-today-october-11-2021-reliance-industries-tcs-vakrangee-2571111
2021-11-28,RIL Executive Director Nikhil Meswani Son Ishaan Engaged To Sandeep Raheja Daughter Gayatri In Los Angeles,https://english.sakshi.com/news/business/ril-executive-director-nikhil-meswani-s-son-ishaan-engaged-sandeep-raheja-daughter
2021-11-29,Bankrupt Sintex Industrie stocks double after RIL bid,https://www.prokerala.com/news/articles/a1221592.html
2021-10-10,Reliance Industries Acquires Norwegian Solar Panel Entity For $771 Million,https://www.ndtv.com/business/reliance-industries-acquires-norwegian-solar-panel-entity-for-771-million-2570541
2021-10-05,"RIL weight to go up in Sensex , Nifty , MSCI India : IIFL Alternative",https://www.thehindubusinessline.com/markets/stock-markets/rils-weight-to-go-up-in-sensexnifty-msci-india-iifl-alternative/article36846858.ece
2021-12-30,"Sensex , Nifty edge down ; RIL tumbles nearly 2 %",https://zeenews.india.com/markets/sensex-nifty-edge-down-ril-tumbles-nearly-2-2424006.html
2021-11-25,Sensex surges 454 pts ; Reliance Industries rebounds over 6 percent,https://www.indiatvnews.com/business/news-bse-sensex-nifty-closing-november-25-share-market-today-updates-746663
2021-11-08,"India : Mukesh Ambani house cordoned off , security beefed up",https://www.khaleejtimes.com/world/india-mukesh-ambanis-house-cordoned-off-security-beefed-up
2021-11-25,Reliance Industries To Turn Gasification Undertaking Into A Wholly - Owned Subsidiary,https://www.outlookindia.com/website/story/business-news-reliance-industries-to-turn-gasification-undertaking-into-a-wholly-owned-subsidiary/402511
2021-10-10,India Reliance buys REC Solar for $771 million - statement | One America News Network,https://www.oann.com/indias-reliance-buys-rec-solar-for-771-million-statement/
2021-12-20,Future Group stocks surge 20 % after CCI suspends 2019 Amazon deal,https://www.deccanherald.com/business/business-news/future-group-stocks-surge-20-after-cci-suspends-2019-amazon-deal-1062738.html
2021-10-12,India Reliance Industries invests nearly $29 mln in Germany NexWafe,https://www.reuters.com/article/nexwafe-investment-reliance-inds-idUSL1N2R81TT
2021-10-12,India Reliance Industries invests nearly $29 mln in Germany NexWafe,https://www.reuters.com/world/india/indias-reliance-industries-invests-nearly-29-mln-germanys-nexwafe-2021-10-12/
2021-12-29,Asia richest man Mukesh Ambani rushes to handover US$217 billion empire,https://www.scmp.com/news/asia/south-asia/article/3161429/asias-richest-man-mukesh-ambani-rushes-handover-us217-billion
2021-12-30,"Sensex , Nifty edge down ; RIL tumbles nearly 2 %",https://www.deccanherald.com/business/business-news/sensex-nifty-edge-down-ril-tumbles-nearly-2-1066227.html
2021-10-09,"Mukesh Ambani joins Elon Musk , Jeff Bezos in world exclusive $100 bn club",https://www.freepressjournal.in/business/mukesh-ambani-joins-elon-musk-jeff-bezos-in-worlds-exclusive-100-bn-club
2021-10-11,Sterling and Wilson Solar shares jump 6 pc after Reliance deal,https://www.outlookindia.com/newsscroll/sterling-and-wilson-solar-shares-jump-6-pc-after-reliance-deal/2176680
2021-11-26,"Share Market Updates : Sensex tanks over 700 points , Nifty below 17 , 400 ; HDFC slips 2 %",https://www.businesstoday.in/markets/stocks/story/share-market-updates-sensex-tanks-over-700-points-nifty-below-17400-hdfc-slips-2-313457-2021-11-26
2021-12-07,UAE - TAZIZ and Reliance launch venture for $2b chemicals p ...,https://menafn.com/1103321012/UAE-TAZIZ-and-Reliance-launch-venture-for-2b-chemicals-projects&source=138
2021-12-07,UAE - TAZIZ and Reliance launch venture for $2b chemicals p ...,https://menafn.com/1103321012/UAE-TAZIZ-and-Reliance-launch-venture-for-2b-chemicals-projects&source=25
2021-12-07,UAE - TAZIZ and Reliance launch venture for $2b chemicals p ...,https://menafn.com/1103321012/UAE-TAZIZ-and-Reliance-launch-venture-for-2b-chemicals-projects&source=22
2021-12-30,fullstory,http://www.ptinews.com/news/13008613_Sensex--Nifty-edge-down--RIL-tumbles-nearly-2-pc.html
2021-10-12,India : RIL solar unit invests $29m in German firm NexWafe Series C round,https://www.dealstreetasia.com/stories/ril-invests-in-germanys-nexwafe-264794/
2021-12-22,"Sensex jumps 612 points ; Nifty ends above 16 , 950",https://www.thehindu.com/business/markets/sensex-jumps-612-points-nifty-ends-above-16950/article38012288.ece
2021-12-22,"Sensex jumps 612 points ; Nifty ends above 16 , 950",https://zeenews.india.com/markets/sensex-jumps-612-points-nifty-ends-above-16950-2421646.html
2021-11-29,Latest News | RIL Denies Any Intent to Bid for united kingdom Telecom Group BT,https://www.latestly.com/agency-news/latest-news-ril-denies-any-intent-to-bid-for-uk-telecom-group-bt-3103852.html
2021-11-29,Bankrupt Sintex Industrie stocks double after RIL bid,https://menafn.com/1103272084/Bankrupt-Sintex-Industries-stocks-double-after-RIL-bid&source=22
2021-10-02,Reliance sets up a subsidiary in UAE for trading oil,https://www.khaleejtimes.com/business/reliance-sets-up-a-subsidiary-in-uae-for-trading-oil
2021-11-16,"Sensex tumbles 396 points ; Nifty slips below 18 , 000",https://www.indiatvnews.com/business/markets-sensex-nifty-tumbled-share-market-nse-bse-update-745333
2021-10-11,Reliance buys two firms in its solar energy push - Here are the details,https://www.msn.com/en-us/autos/news/reliance-buys-two-firms-in-its-solar-energy-push-here-are-the-details/ar-AAPmHpr
2021-10-11,500325 Stock Price | Reliance Industries Ltd . Stock Quote ( India : Bombay ),https://www.marketwatch.com/investing/stock/500325
2021-12-06,"Sensex , Nifty likely to open flat amid mixed global cues",https://www.businesstoday.in/markets/top-story/story/sensex-nifty-likely-to-open-flat-amid-mixed-global-cues-314498-2021-12-06
2021-10-10,Mukesh Ambani net - worth is now over $100 billion Quartz,https://qz.com/2071958/mukesh-ambanis-net-worth-is-now-over-100-billion/
2021-12-08,Reliance plans petrochemical unit in Abu Dhabi,https://menafn.com/1103322845/Reliance-plans-petrochemical-unit-in-Abu-Dhabi&source=28
2021-12-08,Reliance plans petrochemical unit in Abu Dhabi,https://menafn.com/1103322845/Reliance-plans-petrochemical-unit-in-Abu-Dhabi&source=25
2021-12-08,Reliance plans petrochemical unit in Abu Dhabi,https://menafn.com/1103322845/Reliance-plans-petrochemical-unit-in-Abu-Dhabi&source=24
2021-12-08,Reliance plans petrochemical unit in Abu Dhabi,https://menafn.com/1103322845/Reliance-plans-petrochemical-unit-in-Abu-Dhabi&source=27
2021-11-17,"Sensex sheds 314 points , Nifty ends below 17 , 900",https://www.thehindu.com/business/markets/sensex-sheds-314-points-nifty-ends-below-17900/article37537455.ece
2021-10-18,Amara Raja Group among top 500 best employers in world,https://www.thehindu.com/news/national/andhra-pradesh/amara-raja-group-among-top-500-best-employers-in-world/article37063630.ece
2021-10-24,"Reliance Industries , Hindustan Unilever Among Companies With Eroded Valuation",https://www.ndtv.com/business/reliance-industries-hindustan-unilever-among-companies-with-eroded-valuation-2586202
2021-11-23,"Share Market Updates : Sensex tanks over 400 points , Nifty below 17 , 300 ; RIL slips 2 %",https://www.businesstoday.in/markets/top-story/story/share-market-updates-sensex-tanks-over-400-points-nifty-below-17300-ril-slips-2-313047-2021-11-23
2021-10-11,Sterling Wilson Solar spikes 13 % after RIL says it will acquire 40 % stake,https://economictimes.indiatimes.com/markets/stocks/news/sterling-wilson-solar-spikes-13-after-ril-says-it-will-acquire-40-stake/articleshow/86930123.cms
2021-10-11,"Sterling and Wilson Surges Over 8 % As Reliance Industries , through its subsidiary Reliance New Energy Solar , Buys Stake",https://www.ndtv.com/business/sterling-and-wilson-surges-over-8-as-reliance-industries-through-its-subsidiary-reliance-new-energy-solar-buys-stake-2571407
2021-10-13,Reliance Industries mcap goes past Rs 17 trillion mark,https://www.business-standard.com/article/markets/reliance-industries-mcap-goes-past-rs-17-trillion-mark-121101301204_1.html
2021-10-03,Market cap of eight of top 10 valued companies tumble over Rs 1 . 80 lakh crore,https://economictimes.indiatimes.com/markets/stocks/news/market-cap-of-eight-of-top-10-valued-companies-tumble-over-rs-1-80-lakh-crore/articleshow/86722513.cms
2021-10-10,M - cap of eight of top - 10 valued firms zooms over Rs 2 . 32 lakh cr ; Reliance lead gainer,https://www.businesstoday.in/markets/company-stock/story/m-cap-of-eight-of-top-10-valued-firms-zooms-over-rs-232-lakh-cr-reliance-lead-gainer-308969-2021-10-10
2021-11-25,Reliance may slice up oil - to - chemical biz to unlock value,https://www.livemint.com/companies/news/reliance-may-slice-up-oil-to-chemical-biz-to-unlock-value-11637866653475.html
2021-12-31,"Sensex surges over 350 points in early trade ; Nifty above 17 , 300",https://www.thehindu.com/business/markets/sensex-surges-over-350-points-in-early-trade-nifty-above-17300/article38076538.ece
2021-10-03,Market cap of eight of top 10 valued companies tumble over Rs 1 . 80 lakh cr,https://www.freepressjournal.in/business/market-cap-of-eight-of-top-10-valued-companies-tumble-over-rs-180-lakh-cr
2021-10-02,"Reliance forms UAE unit for trading oil , petroleum products",https://gulfnews.com/business/energy/reliance-forms-uae-unit-for-trading-oil-petroleum-products-1.1633170118841
2021-10-10,M - cap of 8 of top - 10 most valued cos jump Rs 2 . 32 lakh cr ; Reliance Industries lead gainer,https://www.deccanherald.com/business/economy-business/m-cap-of-8-of-top-10-most-valued-cos-jump-rs-232-lakh-cr-reliance-industries-lead-gainer-1039277.html
2021-12-07,"Reliance , TAZIZ form USD 2 bn chemical production joint venture in Abu Dhabi Ruwais",https://news.webindia123.com/news/Articles/Business/20211207/3869249.html
2021-12-31,RIL arm to buy united kingdom - based battery firm Faradion,https://www.prokerala.com/news/articles/a1232298.html
2021-10-03,M - cap of 8 of top 10 valued companies tumble over Rs 1 . 80 lakh crore,https://www.deccanherald.com/business/business-news/m-cap-of-8-of-top-10-valued-companies-tumble-over-rs-180-lakh-crore-1036825.html
2021-12-27,RIL arm to invest ₹300 cr in robotics co,https://www.livemint.com/companies/news/ril-arm-to-invest-300-cr-in-robotics-co-11640630267683.html
2021-12-17,"Share Market Updates : Sensex slips 150 points , Nifty holds 17 , 200 ; Titan tanks 3 %",https://www.businesstoday.in/markets/top-story/story/share-market-updates-sensex-slips-150-points-nifty-holds-17200-titan-tanks-3-315908-2021-12-17
2021-12-21,"Reliance Industries ( Reliance Industries ) - Company , India",https://www.swfinstitute.org/profile/5e39a308fcbe7e8ca71614dc
2021-10-03,Reliance sets up a subsidiary in UAE for trading oil,https://bdnews24.com/business/2021/10/03/reliance-sets-up-a-subsidiary-in-uae-for-trading-oil
2021-11-22,Reliance Industries Shares Fall After Halting $15 Billion Sale,https://www.ndtv.com/business/reliance-industries-shares-fall-after-halting-15-billion-sale-2619939
2021-11-17,"Sensex sheds 314 points , Nifty ends below 17 , 900",https://zeenews.india.com/markets/sensex-sheds-314-points-nifty-ends-below-17900-2411187.html
2021-11-22,"Reliance Industries Ltd Slips 3 . 53 %, S & P BSE Energy index Shed 2 . 98 %",https://www.business-standard.com/article/news-cm/reliance-industries-ltd-slips-3-53-s-p-bse-energy-index-shed-2-98-121112200232_1.html
2021-12-18,"Mukesh Ambani , Asia richest man , reveals five books that helped him make sense of 2021",https://www.livemint.com/companies/people/mukesh-ambani-asia-s-richest-man-reveals-five-books-that-helped-him-make-sense-of-2021-11639804709964.html
2021-12-02,"Share Market Updates : Sensex gains 100 points , Nifty above 17 , 200 ; M & M , HDFC top gainers",https://www.businesstoday.in/markets/top-story/story/share-market-updates-sensex-gains-100-points-nifty-above-17200-mm-hdfc-top-gainers-314172-2021-12-02
2021-12-22,"Reliance , Tata , Patanjali among 11 private establishments guarded by CISF : Govt to Rajya Sabha | India News",https://timesofindia.indiatimes.com/india/reliance-tata-patanjali-among-11-private-establishments-guarded-by-cisf-govt-to-rajya-sabha/articleshow/88430253.cms
2021-10-03,Mcap of eight of top 10 valued companies tumble over Rs 1 . 80 lakh cr,https://www.dailyexcelsior.com/mcap-of-eight-of-top-10-valued-companies-tumble-over-rs-1-80-lakh-cr/
2021-11-13,RIL activates Chatbot to assist investors for second and final call of partly paid shares,https://www.prokerala.com/news/articles/a1216218.html
2021-12-31,"Sensex surges over 350 points in early trade ; Nifty above 17 , 300",https://zeenews.india.com/markets/sensex-surges-over-350-points-in-early-trade-nifty-above-17300-2424145.html
2021-11-29,Reliance Jio Follows Smaller Rivals With 20 % Mobile Tariff Hike,https://www.bnnbloomberg.ca/reliance-jio-follows-smaller-rivals-with-20-mobile-tariff-hike-1.1688277
2021-12-22,"Reliance , Tata , Patanjali among 11 private establishments guarded by CISF : Govt to RS",http://www.deccanchronicle.com/nation/current-affairs/221221/reliance-tata-patanjali-among-11-private-establishments-guarded-by-c.html
2021-12-22,"Reliance , Tata , Patanjali among 11 private establishments guarded by CISF : Govt",https://www.businesstoday.in/latest/corporate/story/reliance-tata-patanjali-among-11-private-establishments-guarded-by-cisf-govt-316470-2021-12-22
2021-12-31,"Sensex surges over 350 pts in early trade ; Nifty above 17 , 300",https://www.thehindubusinessline.com/markets/sensex-surges-over-350-pts-in-early-trade-nifty-above-17300/article38076641.ece
2021-12-31,RIL arm to buy united kingdom - based battery firm Faradion,https://news.webindia123.com/news/Articles/Business/20211231/3883746.html
2021-12-09,"Sensex ends 157 points higher ; Nifty reclaims 17 , 500",https://www.thehindu.com/business/markets/sensex-ends-157-points-higher-nifty-reclaims-17500/article37913084.ece
2021-12-22,"Reliance , Tata , Patanjali among 11 private establishments guarded by CISF : Nityanand Rai",https://www.deccanherald.com/national/reliance-tata-patanjali-among-11-private-establishments-guarded-by-cisf-nityanand-rai-1063523.html
2021-10-03,Mcap of eight of top 10 valued companies tumble over ₹1 . 80 lakh crore,https://www.livemint.com/news/india/mcap-of-eight-of-top-10-valued-companies-tumble-over-rs-1-80-lakh-crore-11633236305924.html
2021-12-06,"Share Market Updates : Sensex slips over 100 points , Nifty holds 17 , 150 ; Maruti Suzuki tanks 2 %",https://www.businesstoday.in/markets/top-story/story/share-market-updates-sensex-slips-over-100-points-nifty-holds-17150-maruti-suzuki-tanks-2-314506-2021-12-06
2021-12-16,"Sensex snaps 4 - day losing streak , gains 113 points",https://www.business-standard.com/content/press-releases-ani/sensex-snaps-4-day-losing-streak-gains-113-points-121121601099_1.html
2021-12-07,"TAZIZ , Reliance agree to launch joint venture for $2 bn chemicals project in Ruwais",https://www.prokerala.com/news/articles/a1224373.html
2021-12-14,"Sensex drops 166 pts on weak global cues ; Nifty ends below 17 , 350 - Jammu Kashmir Latest News | Tourism",https://www.dailyexcelsior.com/sensex-drops-166-pts-on-weak-global-cues-nifty-ends-below-17350/
2021-12-07,"RIL , Abu Dhabi company form JV for $2 - b chemicals facility in UAE",https://www.thehindubusinessline.com/companies/ril-abu-dhabi-company-form-jv-for-2-b-chemicals-facility-in-uae/article37884823.ece
2021-12-21,Three sovereign funds are eyeing RIL clean energy unit,https://www.livemint.com/industry/energy/three-sovereign-funds-are-eyeing-ril-s-clean-energy-unit-11640110898784.html
2021-11-08,Reliance Exits North America Shale Gas Business,https://www.ndtv.com/business/reliance-exits-north-america-shale-gas-business-2603520
2021-10-22,"Stocks To Watch For Today : Wipro , RIL , JSW Steel , Zee Entertainment , More",https://www.outlookindia.com/website/story/business-news-stocks-to-watch-for-today-wipro-ril-jsw-steel-zee-entertainment-more/398373
2021-11-22,"Sensex , Nifty fall as Reliance drags energy stocks lower ; Paytm down",https://www.indiatoday.in/business/story/stock-market-opening-november-22-sensex-nifty-energy-stocks-reliance-paytm-1879385-2021-11-22
2021-11-29,Reliance Industries denies BT Group bid intent,https://www.livemint.com/companies/news/reliance-industries-denies-bt-group-bid-intent-11638194276250.html
2021-10-21,Reliance Industries Pass Resolution To Add Aramco Chairman As Independent Director In Shareholder Meeting,https://www.ndtv.com/business/reliance-industries-pass-resolution-to-add-aramco-chairman-as-independent-director-in-shareholder-meeting-2583338
2021-10-21,"Sensex drops 336 points ; Nifty ends below 18 , 200",https://www.thehindu.com/business/markets/sensex-and-nifty-tank-on-thursday/article37107904.ece
2021-11-18,"Share Market LIVE Updates : Sensex , Nifty Trade Marginally Higher ; ITC , Reliance Gain , L & T , Infosys Decline",https://www.ndtv.com/business/share-market-live-updates-sensex-nifty-trade-marginally-higher-itc-reliance-gain-l-t-infosys-decline-2615314
2021-11-25,"Share Market Updates : Sensex zooms over 400 points , Nifty above 17 , 500 ; RIL gains 5 %",https://www.businesstoday.in/markets/top-story/story/share-market-updates-sensex-zooms-over-400-points-nifty-above-17500-ril-gains-5-313337-2021-11-25
2021-11-28,Amazon India Boss Amit Agarwal Boss Summoned Over Alleged Irregularities In Future Group Deal,https://www.ndtv.com/india-news/amazon-india-amit-agarwal-boss-summoned-by-probe-agency-over-alleged-irregularities-in-deal-with-future-group-2627749
2021-10-03,Reliance Industries : sets up a subsidiary in UAE for trading oil,https://www.marketscreener.com/quote/stock/RELIANCE-INDUSTRIES-LTD-9058833/news/Reliance-Industries-sets-up-a-subsidiary-in-UAE-for-trading-oil-36577745/
2021-12-31,Mercia expects windfall as India Reliance to snap up united kingdom battery firm,https://www.lse.co.uk/news/mercia-expects-windfall-as-indias-reliance-to-snap-up-uk-battery-firm-yf2gs59kpqs3c7v.html
2021-11-22,"Reliance Industries , IRCTC , Cadila and other top stocks to watch out for on November 22",https://www.businessinsider.in/stock-market/news/reliance-industries-irctc-cadila-and-other-top-stocks-to-watch-out-for-on-november-22/slidelist/87839556.cms
2021-10-10,Solar Panel Maker REC Acquired By Reliance New Energy Solar,https://www.solarquotes.com.au/blog/rec-new-energy-solar-mb2189/
2021-11-17,"Sensex sheds 314 points to close at 60 , 008",https://www.telegraphindia.com/business/sensex-sheds-314-points-to-close-at-60008/cid/1839351
2021-11-17,"Nifty ends in red for second straight day , Sensex sheds 314 points",https://www.indiatvnews.com/business/markets-nifty-ends-in-red-for-second-straight-day-17898-sensex-sheds-314-points-to-close-60008-745485
2021-12-02,"Sensex , Nifty likely to open flat amid mixed global cues",https://www.businesstoday.in/markets/stocks/story/sensex-nifty-likely-to-open-flat-amid-mixed-global-cues-314164-2021-12-02
2021-10-02,"Reliance floats UAE arm for trading in oil , petro products",https://www.thehindu.com/business/Industry/reliance-floats-uae-arm-for-trading-in-oil-petro-products/article36800705.ece
2021-11-22,Saudi Aramco eyes new investments in India after Reliance Industries scraps deal,https://www.livemint.com/companies/news/saudi-aramco-eyes-new-investments-in-india-after-reliance-industries-scraps-deal-11637565007194.html
2021-12-27,reliance industries share price : RIL sheds 1 % as arm invests in Tata - backed oncology platform Karkinos,https://economictimes.indiatimes.com/markets/stocks/news/ril-sheds-1-as-arm-invests-in-tata-backed-oncology-platform-karkinos/articleshow/88516033.cms
2021-10-09,"Mukesh Ambani joins Jeff Bezos , Elon Musk in world exclusive $100 billion club",https://www.livemint.com/companies/people/mukesh-ambani-joins-jeff-bezos-elon-musk-in-world-s-exclusive-100-billion-club-11633737043633.html
2021-12-08,"Sensex zooms over 700 pts in early trade ; Nifty tops 17 , 350",https://timesofindia.indiatimes.com/business/india-business/sensex-zooms-over-700-pts-in-early-trade-nifty-tops-17350/articleshow/88158420.cms
2021-11-02,"Sensex drops 109 points , Nifty slips below 17 , 900",https://timesofindia.indiatimes.com/business/markets/sensex/sensex-drops-109-points-nifty-slips-below-17900/articleshow/87486701.cms
2021-12-12,"Reliance Industries , Welspun among four bidders for Sintex Industries",https://www.thehindubusinessline.com/companies/reliance-industries-welspun-among-four-bidders-for-sintex-industries/article37940209.ece
2021-12-15,CCI approves acquisition of 40 % stake in Sterling and Wilson Renewable Energy by RIL,https://www.businesstoday.in/latest/corporate/story/cci-approves-acquisition-of-40-stake-in-sterling-and-wilson-renewable-energy-by-ril-315728-2021-12-15
2021-10-12,RIL invests in Germany Nexwafe as part of strategic deal for Indian market,https://www.msn.com/en-in/money/topstories/ril-invests-in-germany-s-nexwafe-as-part-of-strategic-deal-for-indian-market/ar-AAPqLqu
2021-10-12,RIL invests in Germany Nexwafe as part of strategic deal for Indian market,http://www.msn.com/en-in/money/topstories/ril-invests-in-germany-s-nexwafe-as-part-of-strategic-deal-for-indian-market/ar-AAPqLqu
2021-10-13,"ZEEL - Invesco case : Reliance statement confirms merger proposal with Zee , continuation of Punit Goenka as MD & CEO",https://zeenews.india.com/companies/zeel-invesco-case-reliance-statement-confirms-merger-proposal-with-zee-continuation-of-punit-goenka-as-md-ceo-2402385.html
2021-11-05,Unwarranted speculation : Reliance Industries rubbishes report of Ambani family plans to reside in London,https://www.freepressjournal.in/business/unwarranted-speculation-reliance-industries-rubbishes-report-of-ambani-familys-plans-to-relocate-to-london-2
2021-11-25,Sensex surges 454 points ; Reliance Industries rebounds over 6 %,https://timesofindia.indiatimes.com/business/markets/sensex/sensex-surges-454-points-reliance-industries-rebounds-over-6/articleshow/87910826.cms
2021-11-25,"Sensex surges 454 points ; Nifty closes at 17 , 536",https://www.thehindu.com/business/markets/sensex-surges-454-points-nifty-closes-at-17536/article37682183.ece
2021-11-25,Sensex surges 454 points ; Reliance Industries rebounds over 6 %,https://zeenews.india.com/markets/sensex-surges-454-points-reliance-industries-rebounds-over-6-2413511.html
2021-10-21,"Sensex drops 336 points ; Nifty ends below 18 , 200",https://timesofindia.indiatimes.com/business/markets/sensex/sensex-drops-336-points-nifty-ends-below-18200/articleshow/87184940.cms
2021-10-21,"Sensex drops 336 points ; Nifty ends below 18 , 200",https://zeenews.india.com/markets/sensex-drops-336-points-nifty-ends-below-18200-2404479.html
2021-10-31,"Reliance Industries , HDFC Bank Among Those Firms Whose Market Value Fell By Over Rs 2 . 48 Lakh Crore . Check Details",https://www.outlookindia.com/website/story/business-news-reliance-industries-hdfc-bank-among-those-firms-whose-market-value-fell-by-over-rs-248-lakh-crore-check-details/399339
2021-11-22,Stock market news briefing : ETMarkets Morning Podcast : Why Aramco deal rethink will have limited impact on RIL,https://economictimes.indiatimes.com/markets/stocks/etmarkets-podcast/etmarkets-morning-podcast-why-aramco-deal-rethink-will-have-limited-impact-on-ril/podcast/87840462.cms
2021-12-03,"Sensex tanks 764 points , Nifty sinks below 17 , 200 as Omicron enters India",https://zeenews.india.com/markets/sensex-tanks-764-points-nifty-sinks-below-17200-as-omicron-enters-india-2415869.html
2021-10-27,Future asks Delhi court to quash Singapore panel block on RIL deal,https://www.livemint.com/companies/news/future-asks-delhi-court-to-quash-singapore-panel-s-block-on-ril-deal-11635346991038.html
2021-12-15,"Motilal Oswal reveals biggest , fastest , consistent wealth creators of D - Street ; do you own any ?",https://www.businesstoday.in/markets/market-perspective/story/motilal-oswal-reveals-biggest-fastest-consistent-wealth-creators-of-d-street-do-you-own-any-315662-2021-12-15
2021-12-07,"TAZIZ , Reliance agree to launch joint venture for $2 bn chemicals project in Ruwais",https://news.webindia123.com/news/Articles/Business/20211208/3869526.html
2021-12-28,Reliance Industries Chairman Mukesh Ambani Hints At Leadership Transition,https://www.ndtv.com/business/reliance-industries-chairman-mukesh-ambani-hints-at-leadership-transition-2676557
2021-12-31,"Share Market Live Updates : Sensex Reclaims 58 , 000 , Nifty Crosses 17 , 300 On Last Session Of 2021 , Reliance Gains",https://www.ndtv.com/business/share-market-live-updates-sensex-reclaims-58-000-nifty-crosses-17-300-on-last-session-of-2021-reliance-gains-2680915
2021-12-13,Reliance Retail : Is Dalal Street undervaluing Reliance Retail ?,https://economictimes.indiatimes.com/markets/stocks/news/is-dalal-street-undervaluing-reliance-retail/articleshow/88250625.cms
2021-10-22,"google : Google in talks to back social commerce startup Meesho , Retail News , ET Retail",https://retail.economictimes.indiatimes.com/news/e-commerce/e-tailing/google-in-talks-to-back-social-commerce-startup-meesho/87197487
2021-10-22,"Soaring prices dampen consumer mood in India festival season , Retail News , ET Retail",https://retail.economictimes.indiatimes.com/news/industry/soaring-prices-dampen-consumer-mood-in-indias-festival-season/87197673
2021-10-22,"SIAC rejects Future plea to allow RIL deal , Retail News , ET Retail",https://retail.economictimes.indiatimes.com/news/industry/siac-rejects-futures-plea-to-allow-ril-deal/87197763
2021-10-22,"unilever : Indian businesses emerging stronger from pandemic : Unilever CEO , Retail News , ET Retail",https://retail.economictimes.indiatimes.com/news/food-entertainment/personal-care-pet-supplies-liquor/indian-businesses-emerging-stronger-from-pandemic-unilever-ceo/87197421
2021-10-22,"mitra : Government notifies 2 - stage selection process for MITRA parks , Retail News , ET Retail",https://retail.economictimes.indiatimes.com/news/apparel-fashion/apparel/government-notifies-2-stage-selection-process-for-mitra-parks/87197934
2021-10-22,"nykaa ipo : Nykaa sets IPO launch date , seeks valuation of $7 . 4 billion , Retail News , ET Retail",https://retail.economictimes.indiatimes.com/news/health-and-beauty/cosmetics-and-fragrances/nykaa-sets-ipo-launch-date-seeks-valuation-of-7-4-billion/87197855
2021-10-22,"textiles : India textiles sector poised to achieve $100 billion exports : Jardosh , Retail News , ET Retail",https://retail.economictimes.indiatimes.com/news/apparel-fashion/apparel/indias-textiles-sector-poised-to-achieve-100-billion-exports-jardosh/87197623
2021-10-22,"e - commerce issues : CAIT seeks audience with PM to raise e - commerce issues , Retail News , ET Retail",https://retail.economictimes.indiatimes.com/news/industry/cait-seeks-audience-with-pm-to-raise-e-commerce-issues/87198024
2021-10-22,"indiamart : Indiamart Q2 net profit rises 18 % to Rs 82 crore , Retail News , ET Retail",https://retail.economictimes.indiatimes.com/news/e-commerce/e-tailing/indiamart-q2-net-profit-rises-18-to-rs-82-crore/87197968
2021-10-22,"Aditya Birla Group to set up Rs 1 , 000 cr paint hub in Bengal , Retail News , ET Retail",https://retail.economictimes.indiatimes.com/news/home-and-decor/paints/aditya-birla-group-to-set-up-rs-1000-cr-paint-hub-in-bengal/87197581
2021-10-20,"Burberry names Versace boss Akeroyd as new CEO , Retail News , ET Retail",https://retail.economictimes.indiatimes.com/news/apparel-fashion/luxury/burberry-names-versace-boss-akeroyd-as-new-ceo/87153008
2021-10-20,"Uniqlo India reports 86 % jump in FY21 sales , Retail News , ET Retail",https://retail.economictimes.indiatimes.com/news/apparel-fashion/apparel/uniqlo-india-reports-86-jump-in-fy21-sales/87157308
2021-10-20,"Jubilant FoodWorks Q2 Results : Net profit rises 58 % YoY to Rs 121 . 5 crore , beats estimate , Retail News , ET Retail",https://retail.economictimes.indiatimes.com/news/food-entertainment/food-services/jubilant-foodworks-q2-results-net-profit-rises-58-yoy-to-rs-121-5-crore-beats-estimate/87155640
2021-10-20,"Gucci : Sales growth at Gucci slows down sharply in Q3 , missing forecasts , Retail News , ET Retail",https://retail.economictimes.indiatimes.com/news/apparel-fashion/luxury/sales-growth-at-gucci-slows-down-sharply-in-q3-missing-forecasts/87153207
2021-10-20,"rupifi : Flipkart Wholesale partners with Rupifi to offer BNPL option to MSMEs , Retail News , ET Retail",https://retail.economictimes.indiatimes.com/news/e-commerce/e-tailing/flipkart-wholesale-partners-with-rupifi-to-offer-bnpl-option-to-msmes/87156217
2021-10-20,"jewellery : Online - first fashion jewellery brand Sukkhi ropes in Karishma Kapoor as their brand ambassador , Retail News , ET Retail",https://retail.economictimes.indiatimes.com/news/apparel-fashion/jewellery/online-first-fashion-jewellery-brand-sukkhi-ropes-in-karishma-kapoor-as-their-brand-ambassador/87154275
2021-10-20,"Nestle India says small town India grew in double digits ; to further unlock potential of small markets , Retail News , ET Retail",https://retail.economictimes.indiatimes.com/news/food-entertainment/personal-care-pet-supplies-liquor/nestle-india-says-small-town-india-grew-in-double-digits-to-further-unlock-potential-of-small-markets/87148960
2021-10-20,"jobs : Retail , hospitality keep job market on growth path , Retail News , ET Retail",https://retail.economictimes.indiatimes.com/news/industry/retail-hospitality-keep-job-market-on-growth-path/87149302
2021-10-20,"Restaurants and eateries in Maharashtra can function till midnight : Govt , Retail News , ET Retail",https://retail.economictimes.indiatimes.com/news/food-entertainment/food-services/restaurants-and-eateries-in-maharashtra-can-function-till-midnight-govt/87149010
2021-10-20,"textiles : India coal crisis hits textile processing units in Surat , Retail News , ET Retail",https://retail.economictimes.indiatimes.com/news/apparel-fashion/apparel/indias-coal-crisis-hits-textile-processing-units-in-surat/87149381
2021-10-20,"Gold demand to stay subdued , rebound likely only next year : World Gold Council , Retail News , ET Retail",https://retail.economictimes.indiatimes.com/news/apparel-fashion/jewellery/gold-demand-to-stay-subdued-rebound-likely-only-next-year-world-gold-council/87148915
2021-10-20,"Apple to sell fewer iPhones as chip crisis bites , JP Morgan says , Retail News , ET Retail",https://retail.economictimes.indiatimes.com/news/consumer-durables-and-information-technology/consumer-electronics/apple-to-sell-fewer-iphones-as-chip-crisis-bites-jp-morgan-says/87149140
2021-10-20,"gold imports : We expect gold imports to rise further in coming months : GJEPC , Retail News , ET Retail",https://retail.economictimes.indiatimes.com/news/apparel-fashion/jewellery/we-expect-gold-imports-to-rise-further-in-coming-months-gjepc/87159885
2021-10-20,"p & g : P & G raising prices to offset higher commodity , freight costs , Retail News , ET Retail",https://retail.economictimes.indiatimes.com/news/food-entertainment/personal-care-pet-supplies-liquor/pg-raising-prices-to-offset-higher-commodity-freight-costs/87159453
2021-10-20,"future retail : Singapore arbitration panel says Future Retail is party to dispute with Amazon - order , Retail News , ET Retail",https://retail.economictimes.indiatimes.com/news/food-entertainment/grocery/singapore-arbitration-panel-says-future-retail-is-party-to-dispute-with-amazon-order/87163418
2021-10-20,"OnePlus elevates Navnit Nakra as India CEO , Retail News , ET Retail",https://retail.economictimes.indiatimes.com/news/consumer-durables-and-information-technology/consumer-electronics/oneplus-elevates-navnit-nakra-as-india-ceo/87159805
2021-10-20,"deliveroo : Deliveroo upgrades full - year forecast after strong third quarter , Retail News , ET Retail",https://retail.economictimes.indiatimes.com/news/food-entertainment/food-services/deliveroo-upgrades-full-year-forecast-after-strong-third-quarter/87158114
2021-10-21,"future retail : Amazon files another petition in SC against NCLT order on Future Retail , Retail News , ET Retail",https://retail.economictimes.indiatimes.com/news/industry/amazon-files-another-petition-in-sc-against-nclt-order-on-future-retail/87183031
2021-10-21,"Amazon to now tell 3rd - party sellers which products will be popular , Retail News , ET Retail",https://retail.economictimes.indiatimes.com/news/e-commerce/e-tailing/amazon-to-now-tell-3rd-party-sellers-which-products-will-be-popular/87180007
2021-10-21,"retailers : Pandemic fallout could slow U . S . online holiday spending growth : report , Retail News , ET Retail",https://retail.economictimes.indiatimes.com/news/industry/pandemic-fallout-could-slow-u-s-online-holiday-spending-growth-report/87178593
2021-10-21,"Pernod Ricard Q1 sales beat forecasts on strong demand in China , U . S ., Retail News , ET Retail",https://retail.economictimes.indiatimes.com/news/food-entertainment/grocery/pernod-ricard-q1-sales-beat-forecasts-on-strong-demand-in-china-u-s-/87179452
2021-10-21,"Asian Paints Q2 Results : PAT slumps 28 % YoY , misses estimate ; company to pay Rs 3 . 65 dividend , Retail News , ET Retail",https://retail.economictimes.indiatimes.com/news/home-and-decor/paints/asian-paints-q2-results-pat-slumps-28-yoy-misses-estimate-co-to-pay-rs-3-65-dividend/87181706
2021-10-21,"shoppers stop : Shoppers Stop Q2 net loss at Rs 3 . 68 cr ; sales up two - fold to Rs 642 cr , Retail News , ET Retail",https://retail.economictimes.indiatimes.com/news/apparel-fashion/apparel/shoppers-stop-q2-net-loss-at-rs-3-68-cr-sales-up-two-fold-to-rs-642-cr/87174914
2021-10-21,"apple : Apple India set to post quarterly record of 2 million iPhone shipments in Q3 : Analysts , Retail News , ET Retail",https://retail.economictimes.indiatimes.com/news/consumer-durables-and-information-technology/consumer-electronics/apple-india-set-to-post-quarterly-record-of-2-million-iphone-shipments-in-q3-analysts/87174976
2021-10-21,"carrefour : Carrefour Q3 sales slow , on the offensive despite failed Auchan tie - up , Retail News , ET Retail",https://retail.economictimes.indiatimes.com/news/industry/carrefour-q3-sales-slow-on-the-offensive-despite-failed-auchan-tie-up/87175029
2021-10-21,"Nirav Modi united kingdom extradition appeal to be heard on December 14 , Retail News , ET Retail",https://retail.economictimes.indiatimes.com/news/apparel-fashion/jewellery/nirav-modi-uk-extradition-appeal-to-be-heard-on-december-14/87174817
2021-10-21,"Tatas to shift ready - to - eat biz to Tata Consumer , Retail News , ET Retail",https://retail.economictimes.indiatimes.com/news/industry/tatas-to-shift-ready-to-eat-biz-to-tata-consumer/87174759
2021-10-21,"swiggy : Swiggy introduces two - day paid monthly period time - off policy for female delivery partners , Retail News , ET Retail",https://retail.economictimes.indiatimes.com/news/food-entertainment/food-services/swiggy-introduces-two-day-paid-monthly-period-time-off-policy-for-female-delivery-partners/87174848
2021-10-21,"Good Glamm continues its acquisition spree with ScoopWhoop , Retail News , ET Retail",https://retail.economictimes.indiatimes.com/news/health-and-beauty/cosmetics-and-fragrances/good-glamm-continues-its-acquisition-spree-with-scoopwhoop/87175225
2021-10-21,"Domino reduces delivery time to 20 minutes across multiple locations , Retail News , ET Retail",https://retail.economictimes.indiatimes.com/news/food-entertainment/food-services/dominos-reduces-delivery-time-to-20-minutes-across-multiple-locations/87186823
2021-10-21,"Smartphone sales : Festive season to see record smartphone sales of $7 . 6 billion in 2021 : Counterpoint , Retail News , ET Retail",https://retail.economictimes.indiatimes.com/news/consumer-durables-and-information-technology/mobiles/festive-season-to-see-record-smartphone-sales-of-7-6-billion-in-2021-counterpoint/87185464
2021-10-21,"havells : Havells Q2 profit drops 7 . 34 % to Rs 302 . 39 cr , sales up 31 . 6 %, Retail News , ET Retail",https://retail.economictimes.indiatimes.com/news/consumer-durables-and-information-technology/havells-q2-profit-drops-7-34-to-rs-302-39-cr-sales-up-31-6/87184482
2021-10-21,"Rebel Foods ties up with Foodpanda for expansion into Southeast Asia , Retail News , ET Retail",https://retail.economictimes.indiatimes.com/news/food-entertainment/food-services/rebel-foods-ties-up-with-foodpanda-for-expansion-into-southeast-asia/87186317
2021-10-21,"Maharashtra cinemas all set to open their doors to the audience , Retail News , ET Retail",https://retail.economictimes.indiatimes.com/news/food-entertainment/entertainment/maharashtra-cinemas-all-set-to-open-their-doors-to-the-audience/87184657
2021-10-21,"paytm ipo : Paytm weighs scrapping pre - IPO sale plan on valuation differences , Retail News , ET Retail",https://retail.economictimes.indiatimes.com/news/e-commerce/e-tailing/paytm-weighs-scrapping-pre-ipo-sale-plan-on-valuation-differences/87188437
2021-10-22,"Puma opens its largest store in north India in Gurgaon , Retail News , ET Retail",https://retail.economictimes.indiatimes.com/news/apparel-fashion/apparel/puma-opens-its-largest-store-in-north-india-in-gurgaon/87200999
2021-10-22,"Myntra CEO Amar Nagaram puts in his papers , Retail News , ET Retail",https://retail.economictimes.indiatimes.com/news/e-commerce/e-tailing/myntra-ceo-amar-nagaram-puts-in-his-papers/87203781
2021-10-22,"cosmetics : Chinese hunger for luxury fuels LOreal sales growth , Retail News , ET Retail",https://retail.economictimes.indiatimes.com/news/health-and-beauty/cosmetics-and-fragrances/chinese-hunger-for-luxury-fuels-loreal-sales-growth/87201629
2021-10-22,"inox : Inox Leisure Q2 loss widens to Rs 88 crore , Retail News , ET Retail",https://retail.economictimes.indiatimes.com/news/food-entertainment/entertainment/inox-leisure-q2-loss-widens-to-rs-88-cr/87204533
2021-10-22,"nykaa ipo : IPO - bound Nykaa acquires D2C skincare brand Dot & Key , Retail News , ET Retail",https://retail.economictimes.indiatimes.com/news/health-and-beauty/cosmetics-and-fragrances/ipo-bound-nykaa-acquires-d2c-skincare-brand-dot-key/87201888
2021-10-22,"takeaway : Just Eat CEO says Grubhub will be part of US delivery consolidation , Retail News , ET Retail",https://retail.economictimes.indiatimes.com/news/food-entertainment/food-services/just-eat-ceo-says-grubhub-will-be-part-of-us-delivery-consolidation/87204964
2021-10-22,"diamond exports : India looks at Southeast Asian markets to boost polished diamond shipments , Retail News , ET Retail",https://retail.economictimes.indiatimes.com/news/apparel-fashion/jewellery/india-looks-at-southeast-asian-markets-to-boost-polished-diamond-shipments/87202606
2021-10-22,"crocs : Footwear maker Crocs plans to outrun supply chain woes ; shares jump , Retail News , ET Retail",https://retail.economictimes.indiatimes.com/news/apparel-fashion/footwear/footwear-maker-crocs-plans-to-outrun-supply-chain-woes-shares-jump/87205815
2021-10-22,"fmcg : Tata Consumer Q2 results : Consolidated PAT rises 4 % YoY , below estimate , Retail News , ET Retail",https://retail.economictimes.indiatimes.com/news/food-entertainment/personal-care-pet-supplies-liquor/tata-consumer-q2-results-consolidated-pat-rises-4-yoy-below-estimate/87209035
2021-10-22,"consumer electronics : Realme elevates Madhav Sheth as president of international business unit , Retail News , ET Retail",https://retail.economictimes.indiatimes.com/news/consumer-durables-and-information-technology/consumer-electronics/realme-elevates-madhav-sheth-as-president-of-international-business-unit/87207544
2022-12-22,Reliance Industries Share Price : Live NSE / BSE Stock Price Today,https://www.business-standard.com/company/reliance-inds-476.html
2022-11-18,A Look At Mukesh Ambani Reliance Industries And Its Large Array Of Brands,https://www.ndtv.com/business/a-look-at-mukesh-ambanis-reliance-industries-and-its-large-array-of-brands-3529035
2022-10-02,Seven of top - 10 firms lose Rs 1 . 16 lakh crore in mcap ; Reliance worst hit,https://www.indiatvnews.com/business/news/seven-of-top-10-firms-lose-rs-1-16-lakh-crore-in-mcap-reliance-worst-hit-market-update-2022-10-02-813065
2022-11-25,Dhanraj Nathwani elected Gujarat Cricket Association president,https://www.prokerala.com/news/articles/a1366237.html
2022-11-28,Reliance Industries Ltd soars 3 . 28 %,https://www.business-standard.com/article/news-cm/reliance-industries-ltd-soars-3-28-122112800471_1.html
2022-11-30,"Reliance Industries Ltd spurts 0 . 53 %, gains for five straight sessions",https://www.business-standard.com/article/news-cm/reliance-industries-ltd-spurts-0-53-gains-for-five-straight-sessions-122113000477_1.html
2022-11-09,"Reliance Industries Ltd soars 0 . 36 %, up for fifth straight session",https://www.business-standard.com/article/news-cm/reliance-industries-ltd-soars-0-36-up-for-fifth-straight-session-122110900684_1.html
2022-12-28,Reliance will grow bigger and bigger like a banyan tree : Mukesh Ambani,https://economictimes.indiatimes.com/news/company/corporate-trends/reliance-will-grow-bigger-and-bigger-like-a-banyan-tree-mukesh-ambani/articleshow/96575859.cms
2022-11-14,Billionaire Mukesh Ambani willing to acquire Liverpool FC : report,https://www.geo.tv/latest/452235-mukesh-ambani-willing-to-acquire-liverpool-fc-report
2022-10-02,Seven of top - 10 firms lose Rs 1 . 16 lakh crore in mcap ; Reliance worst hit,https://article.wn.com/view/2022/10/02/Seven_of_top10_firms_lose_Rs_116_lakh_crore_in_mcap_Reliance/
2022-11-04,"Reliance Industries Ltd spurts 1 . 17 %, up for third straight session",https://www.business-standard.com/article/news-cm/reliance-industries-ltd-spurts-1-17-up-for-third-straight-session-122110400613_1.html
2022-10-02,Seven of top - 10 firms lose Rs 1 . 16 lakh cr in mcap ; Reliance worst hit,https://timesofindia.indiatimes.com/business/markets/sensex/seven-of-top-10-firms-lose-rs-1-16-lakh-cr-in-mcap-reliance-worst-hit/articleshow/94598024.cms
2022-10-02,top - 10 firms : Seven of top - 10 firms lose Rs 1 . 16 lakh cr in mcap ; Reliance worst hit,https://economictimes.indiatimes.com/markets/stocks/news/seven-of-top-10-firms-lose-rs-1-16-lakh-cr-in-mcap-reliance-worst-hit/articleshow/94595733.cms
2022-10-02,Seven of top - 10 firms lose Rs 1 . 16 trn in mcap ; Reliance worst hit,https://www.business-standard.com/article/markets/seven-of-top-10-firms-lose-rs-1-16-trn-in-mcap-reliance-worst-hit-122100200150_1.html
2022-10-02,Seven of top - 10 firms lose Rs 1 . 16 lakh cr in mcap ; Reliance worst hit,https://www.businesstoday.in/markets/company-stock/story/seven-of-top-10-firms-lose-rs-116-lakh-cr-in-mcap-reliance-worst-hit-348775-2022-10-02
2022-10-02,Seven of top - 10 firms lose Rs 1 . 16 lakh - crore in M - cap ; Reliance worst hit,https://www.tribuneindia.com/news/business/seven-of-top-10-firms-lose-rs-1-16-lakh-crore-in-m-cap-reliance-worst-hit-437432
2022-11-06,Mcap of seven of top - 10 most valued firms rises Rs 1 . 33 lakh crore ; Reliance biggest winner,https://timesofindia.indiatimes.com/business/markets/sensex/mcap-of-seven-of-top-10-most-valued-firms-rises-rs-1-33-lakh-crore-reliance-biggest-winner/articleshow/95332335.cms
2022-11-06,Mcap of 7 of top - 10 most valued firms rises Rs 1 . 33 trn ; Reliance leads,https://www.business-standard.com/article/markets/mcap-of-7-of-top-10-most-valued-firms-rises-rs-1-33-trn-reliance-leads-122110600256_1.html
2022-12-11,"Five of top - 10 firms lose Rs 1 . 67 lakh crore in m - cap ; RIL biggest dragLast week , ...",https://article.wn.com/view/2022/12/11/Five_of_top10_firms_lose_Rs_167_lakh_crore_in_mcap_RIL_bigge_v/
2022-11-06,Mcap : Seven of top - 10 most valued firms rises ₹1 . 33 lakh crore ; Reliance leads,https://www.thehindubusinessline.com/markets/mcap-seven-of-top-10-most-valued-firms-rises-133-lakh-crore-reliance-leads/article66103337.ece
2022-11-06,Mcap of seven of top - 10 most valued firms rises Rs 1 . 33 lakh crore ; Reliance biggest winner,https://www.tribuneindia.com/news/business/mcap-of-seven-of-top-10-most-valued-firms-rises-rs-1-33-lakh-crore-reliance-biggest-winner-448222
2022-12-11,Five of top - 10 firms lose Rs 1 . 67 lakh crore in m - cap ; RIL biggest drag,https://timesofindia.indiatimes.com/business/markets/sensex/five-of-top-10-firms-lose-rs-1-67-lakh-crore-in-m-cap-ril-biggest-drag/articleshow/96147926.cms
2022-10-07,Billionaire Mukesh Ambani to Open a New Family Office in Singapore,https://www.businessinsider.com/reliance-industries-mukesh-ambani-new-family-office-singapore-2022-10
2022-12-11,Five of top - 10 firms lose Rs 1 . 67 trn in m - cap ; RIL biggest drag,https://www.business-standard.com/article/markets/five-of-top-10-firms-lose-rs-1-67-trn-in-m-cap-ril-biggest-drag-122121100334_1.html
2022-10-07,"Mukesh Ambani , the second - richest person in Asia , joins the list of ultra - rich people opening a family office in Singapore",https://www.businessinsider.in/policy/economy/news/mukesh-ambani-the-second-richest-person-in-asia-joins-the-list-of-ultra-rich-people-opening-a-family-office-in-singapore/articleshow/94704382.cms
2022-12-11,Five of top - 10 firms lose ₹1 . 67 lakh crore in m - cap ; RIL biggest drag,https://www.thehindubusinessline.com/markets/five-of-top-10-firms-lose-167-lakh-crore-in-m-cap-ril-biggest-drag/article66251045.ece
2022-10-19,"Reliance Industries Ltd spurts 2 . 13 %, up for third straight session",https://www.business-standard.com/article/news-cm/reliance-industries-ltd-spurts-2-13-up-for-third-straight-session-122101900496_1.html
2022-10-02,Latest News | Seven of Top - 10 Firms Lose Rs 1 . 16 Lakh Cr in Mcap ; Reliance Worst Hit,https://www.latestly.com/agency-news/latest-news-seven-of-top-10-firms-lose-rs-1-16-lakh-cr-in-mcap-reliance-worst-hit-4277210.html
2022-12-09,"Rs 13 trillion ! After remaining sideways for a decade , RIL stock becomes largest wealth creator in last 5 yrs",https://www.businesstoday.in/latest/corporate/story/rs-13-lakh-crore-after-remaining-sideways-for-a-decade-ril-stock-becomes-largest-wealth-creator-in-last-5-yrs-355866-2022-12-09
2022-11-04,Reliance ropes in KV Kamath as non - exec Chairman for financial services unit,https://www.thehindubusinessline.com/todays-paper/tp-money-banking/reliance-ropes-in-kv-kamath-as-non-exec-chairman-for-financial-services-unit/article66096937.ece
2022-10-05,"Mumbai : Mukesh Ambani , family get death threats",https://www.mid-day.com/mumbai/mumbai-news/article/mumbai-mukesh-ambani-family-get-death-threats-23248933
2022-11-04,Ambani Taps Veteran Banker as Head of Financial Services Unit,https://www.bloomberg.com/news/articles/2022-11-04/ambani-taps-veteran-banker-as-head-of-financial-services-unit
2022-12-01,"India top ten most valuable companies : RIL tops list yet again , but Adani gains most in a year",https://timesofindia.indiatimes.com/business/india-business/indias-top-ten-most-valuable-companies-ril-tops-list-yet-again-but-adani-gains-most-in-a-year/articleshow/95914602.cms
2022-11-20,"Eight of top - 10 firms add Rs 42 , 173 crore in m - cap ; ICICI Bank , Infy biggest gainers",https://timesofindia.indiatimes.com/business/markets/sensex/eight-of-top-10-firms-add-rs-42173-crore-in-m-cap-icici-bank-infy-biggest-gainers/articleshow/95635341.cms
2022-11-20,"ICICI Bank , Infosys top gainers as eight of top - 10 firms add Rs 42 , 173 cr in market capital",https://zeenews.india.com/markets/icici-bank-infosys-top-gainers-as-eight-of-top-10-firms-add-rs-42173-cr-in-market-capital-2537835.html
2022-11-20,"Mcap : Eight of top - 10 firms add ₹42 , 173 cr ; ICICI Bank , Infosys biggest gainers",https://www.thehindubusinessline.com/markets/mcap-eight-of-top-10-firms-add-42173-cr-icici-bank-infosys-biggest-gainers/article66160114.ece
2022-11-20,"Eight of top - 10 firms add Rs 42 , 173 crore in m - cap ; ICICI Bank , Infy biggest gainers",https://www.tribuneindia.com/news/business/eight-of-top-10-firms-add-rs-42-173-crore-in-m-cap-icici-bank-infy-biggest-gainers-452857
2022-11-28,"Stock market - Markets hit fresh all - time highs ; Sensex climbs over 210 points to settle at over 62 , 000",https://www.telegraphindia.com/business/markets-hit-fresh-all-time-highs-sensex-climbs-over-210-points-to-settle-at-over-62000/cid/1900720
2022-10-25,"RIL : Bulls set eyes on Rs 3 , 500 - mark as stock above support held since 2017",https://www.business-standard.com/article/markets/ril-bulls-set-eyes-on-rs-3-500-mark-as-stock-above-support-held-since-2017-122102500315_1.html
2022-11-06,"Reliance Industries ranked 20th in the world , highest among Indian companies in World Best Employers rankings",https://www.prokerala.com/news/articles/a1360864.html
2022-10-09,"Seven of top 10 firms add ₹1 lakh cr in mcap ; RIL , TCS biggest gainers",https://www.thehindubusinessline.com/markets/seven-of-top-10-firms-add-1-lakh-cr-in-mcap-ril-tcs-biggest-gainers/article65987697.ece
2022-11-06,"Reliance Industries ranked 20th in the world , highest among Indian companies in World Best Employers rankings",https://news.webindia123.com/news/Articles/Business/20221107/4000823.html
2022-10-21,"Ambani Reliance Plans to Spin Off , List Jio Financial Services",https://www.bloomberg.com/news/articles/2022-10-21/ambani-s-reliance-plans-to-spin-off-list-jio-financial-services
2022-12-18,Mcap of 9 of top 10 most - valued cos erode by Rs 1 . 22 trn ; RIL top loser,https://www.business-standard.com/article/markets/mcap-of-9-out-of-top-10-most-valued-firms-erode-by-rs-1-22-trillion-122121800196_1.html
2022-12-22,"Reliance Jio arm acquires 100 pc stake in Reliance Infratel for Rs 3 , 720 crore",https://news.webindia123.com/news/Articles/Business/20221223/4017933.html
2022-11-06,Mcap of seven of top - 10 most valued firms rises Rs 1 . 33 lakh crore ; Reliance biggest winner,https://economictimes.indiatimes.com/markets/stocks/news/mcap-of-seven-of-top-10-most-valued-firms-rises-rs-1-33-lakh-crore-reliance-biggest-winner/articleshow/95332371.cms
2022-10-15,Reliance Industries Infrastructure records 11 . 4 % drop in Q2 net profit,https://www.business-standard.com/article/companies/reliance-industries-infrastructure-records-11-4-drop-in-q2-net-profit-122101500678_1.html
2022-10-09,"Seven of top - 10 firms add Rs 1 trn in mcap ; RIL , TCS biggest gainers",https://www.business-standard.com/article/markets/seven-of-top-10-firms-add-rs-1-trn-in-mcap-ril-tcs-biggest-gainers-122100900165_1.html
2022-12-11,Five of top - 10 firms lose Rs 1 . 67 lakh crore in m - cap ; RIL biggest drag,https://economictimes.indiatimes.com/markets/stocks/news/five-of-top-10-firms-lose-rs-1-67-lakh-crore-in-m-cap-ril-biggest-drag/articleshow/96148270.cms
2022-10-09,"Seven of top - 10 firms add Rs 1 lakh - crore in M - cap ; RIL , TCS biggest gainers",https://www.tribuneindia.com/news/business/seven-of-top-10-firms-add-rs-1-lakh-crore-in-m-cap-ril-tcs-biggest-gainers-439626
2022-11-06,"Reliance Industries Ranked 20Th In The World , Highest Among ...",https://menafn.com/1105139174/Reliance-Industries-Ranked-20Th-In-The-World-Highest-Among-Indian-Companies-In-Worlds-Best-Employers-Rankings
2022-12-04,Mcap of eight of top - 10 most valued firms climb Rs 1 . 15 lakh cr ; Reliance biggest winner,https://timesofindia.indiatimes.com/business/markets/sensex/mcap-of-eight-of-top-10-most-valued-firms-climb-rs-1-15-lakh-cr-reliance-biggest-winner/articleshow/95976121.cms
2022-11-27,"Mcap of nine of top 10 firms climbs Rs 79 , 798 crore ; TCS , Infosys biggest winners",https://timesofindia.indiatimes.com/business/markets/sensex/mcap-of-nine-of-top-10-firms-climbs-rs-79798-crore-tcs-infosys-biggest-winners/articleshow/95801063.cms
2022-11-27,"TCS , Infosys top gainers as nine of top - 10 firms add Rs 79 , 798 . 3 cr in market capital",https://zeenews.india.com/markets/tcs-infosys-top-gainers-as-nine-of-top-10-firms-add-rs-79798-3-cr-in-market-capital-2540645.html
2022-12-04,Mcap of 8 of top - 10 most valued firms climb Rs 1 . 15 trn ; RIL biggest winner,https://www.business-standard.com/article/markets/mcap-of-8-of-top-10-most-valued-firms-climb-rs-1-15-trn-ril-biggest-winner-122120400212_1.html
2022-12-05,BCL Inds gains on bagging orders to supply ethanol,https://www.business-standard.com/article/news-cm/bcl-inds-gains-on-bagging-orders-to-supply-ethanol-122120500454_1.html
2022-11-28,"Mcap of 9 of top 10 firms climbs Rs 79 , 798 cr ; TCS , Infosys biggest winners",https://www.business-standard.com/article/markets/mcap-of-9-of-top-10-firms-climbs-rs-79-798-cr-tcs-infosys-biggest-winners-122112700164_1.html
2022-11-27,"M - cap of nine of top 10 firms climbs Rs 79 , 798 cr ; TCS , Infosys biggest winners",https://www.thehindubusinessline.com/markets/stock-markets/m-cap-of-nine-of-top-10-firms-climbs-rs-79798-cr-tcs-infosys-biggest-winners/article66190721.ece
2022-12-04,M - cap of eight of top - 10 most valued firms climb Rs 1 . 15 lakh - crore ; Reliance biggest gainer,https://www.tribuneindia.com/news/business/m-cap-of-eight-of-top-10-most-valued-firms-climb-rs-1-15-lakh-crore-reliance-biggest-gainer-457638
2022-10-16,"Six of top - 10 firms lose Rs 78 , 163 crore in m - cap ; RIL biggest drag",https://www.business-standard.com/article/markets/six-of-top-10-firms-lose-rs-78-163-crore-in-m-cap-ril-biggest-drag-122101600169_1.html
2022-12-16,Five things to know about Reliance Industries stock in 2022,https://www.businesstoday.in/markets/company-stock/story/reliance-industries-stock-in-2022-mukesh-ambani-356658-2022-12-16
2022-11-04,Ambani Taps Veteran Banker as Head of Financial Services Unit,https://www.bnnbloomberg.ca/ambani-taps-veteran-banker-as-head-of-financial-services-unit-1.1841904
2022-10-16,"Mcap : Six of top - 10 firms lose ₹78 , 163 cr ; RIL biggest drag - The Hindu BusinessLine",https://www.thehindubusinessline.com/markets/mcap-six-of-top-10-firms-lose-78163-cr-ril-biggest-drag/article66017054.ece
2022-10-16,"Six of top - 10 firms lose Rs 78 , 163 crore in m - cap ; RIL biggest drag",https://www.tribuneindia.com/news/business/six-of-top-10-firms-lose-rs-78-163-crore-in-m-cap-ril-biggest-drag-441823
2022-12-22,METRO AG to Sell India Cash & Carry Business for Over $300M,https://www.marketwatch.com/story/metro-ag-to-sell-india-cash-carry-business-for-over-300m-271671665631
2022-12-01,"India top 500 firms employ 11 . 6 lakh women , create 3 . 9 lakh jobs",https://www.thehindubusinessline.com/economy/indias-top-500-firms-employ-116-lakh-women-create-39-lakh-jobs/article66210044.ece
2022-12-23,D - St selloff in numbers : Rs 8 . 5L cr investor wealth wiped out ; 7 of 8 stocks in red,https://www.businesstoday.in/markets/story/d-st-selloff-in-numbers-rs-85l-cr-investor-wealth-wiped-out-in-four-days-7-of-8-stocks-in-red-357588-2022-12-23
2022-12-19,FPJ Rewind 2022 : Best performing Stocks of 2022,https://www.freepressjournal.in/business/fpj-rewind-2022-best-performing-stocks-of-2022
2022-12-05,BCL Industries and its subsidiary win orders worth Rs 661 cr,https://www.business-standard.com/article/news-cm/bcl-industries-and-its-subsidiary-win-orders-worth-rs-661-cr-122120500290_1.html
2022-10-27,Benchmark indices trade higher in early trade,https://www.tribuneindia.com/news/business/benchmark-indices-trade-higher-in-early-trade-444875
2022-11-04,Ambani appoints K . V . Kamath as head of Financial Services unit,https://gulfnews.com/business/markets/ambani-appoints-kv-kamath-as-head-of-financial-services-unit-1.91735838
2022-10-06,Reliance Hospital gets threat call ; One nabbed from Bihar : Police,https://www.newsx.com/reliance-hospital-gets-threat-call/
2022-10-23,Eight of top - 10 firms add Rs 2 lakh cr in market valuation ; Reliance lead gainer,https://timesofindia.indiatimes.com/business/markets/sensex/eight-of-top-10-firms-add-rs-2-lakh-cr-in-market-valuation-reliance-lead-gainer/articleshow/95044553.cms
2022-10-20,Reliance Industries Expected to Post 23 % Rise in Second - Quarter Net Profit -- Earnings Preview,https://www.marketwatch.com/story/reliance-industries-expected-to-post-23-rise-in-second-quarter-net-profit-earnings-preview-271666250889
2022-10-23,Eight of top - 10 firms add Rs 2 trn in market valuation ; Reliance leads,https://www.business-standard.com/article/markets/eight-of-top-10-firms-add-rs-2-trn-in-market-valuation-reliance-leads-122102300176_1.html
2022-10-23,Eight of top - 10 firms add ₹2 - lakh cr in market valuation ; Reliance lead gainer,https://www.thehindubusinessline.com/companies/eight-of-top-10-firms-add-2-lakh-cr-in-market-valuation-reliance-lead-gainer/article66047819.ece
2022-10-23,Eight of top - 10 firms add Rs 2 lakh - crore in market valuation ; Reliance lead gainer,https://www.tribuneindia.com/news/business/eight-of-top-10-firms-add-rs-2-lakh-crore-in-market-valuation-reliance-lead-gainer-444028
2022-10-28,"Markets climb in early trade on buying in Reliance , banking counters",https://www.tribuneindia.com/news/business/markets-climb-in-early-trade-on-buying-in-reliance-banking-counters-445173
2022-11-25,"Reliance Industries , Akash Ambani : Jio 5G Network Now Covers All District Headquarters In Gujarat",https://www.ndtv.com/business/reliance-industries-akash-ambani-jios-5g-network-now-covers-all-district-headquarters-in-gujarat-3552064
2022-11-14,Indian Billionaire Mukesh Ambani Enters Bid To Take Over Liv ...,https://menafn.com/1105176382/Indian-Billionaire-Mukesh-Ambani-Enters-Bid-To-Take-Over-Liverpool-FC-Reports
2022-10-30,"9 Of Top - 10 Firms Add Rs 90 , 319 Crore In Market Valuation Amid Upward Trend",https://www.ndtv.com/business/9-of-top-10-firms-add-rs-90-319-crore-in-market-valuation-amid-upward-trend-3473594
2022-10-30,"Nine of top - 10 firms add Rs 90 , 319 cr in market valuation ; RIL leads pack",https://www.business-standard.com/article/markets/nine-of-top-10-firms-add-rs-90-319-cr-in-market-valuation-ril-leads-pack-122103000214_1.html
2022-10-30,"Mcap : Nine of top - 10 firms add ₹90 , 319 crore ; RIL leads pack",https://www.thehindubusinessline.com/markets/mcap-nine-of-top-10-firms-add-90319-crore-ril-leads-pack/article66072576.ece
2022-12-13,Business News | Reliance is India Most Visible Corporate in Media : Wizikey Report,https://www.latestly.com/agency-news/business-news-reliance-is-indias-most-visible-corporate-in-media-wizikey-report-4580834.html
2022-10-21,"Ambani Reliance Plans to Spin Off , List Jio Financial Services",https://www.bnnbloomberg.ca/ambani-s-reliance-plans-to-spin-off-list-jio-financial-services-1.1835860
2022-12-29,"Top Headlines : India billionaire club shrinks , Airtel 5G monetisation",https://www.business-standard.com/article/companies/todays-top-headlines-gautam-adani-bharti-airtel-cough-syrup-ril-dot-122122900362_1.html
2022-12-28,Mukesh Ambani completes 20 years at the helm of Reliance . His journey in numbers,https://www.livemint.com/companies/people/mukesh-ambani-completes-20-years-at-the-helm-of-reliance-his-journey-in-numbers-11672216084321.html
2022-12-31,"Anant Ambani , Karan Adani to be part of Maharashtra Economic Advisory Council",https://www.freepressjournal.in/business/anant-ambani-karan-adani-to-be-part-of-maharashtra-economic-advisory-council
2022-10-06,Ambani threat call : One nabbed from Bihar,https://news.webindia123.com/news/Articles/India/20221006/3990333.html
2022-12-01,"The second edition of  500 most valuable private companies in India  list released , here is who is on top",https://www.freepressjournal.in/business/the-second-edition-of-500-most-valuable-private-companies-in-india-list-released-here-is-who-is-on-top
2022-11-25,Benchmark indices settle at fresh lifetime highs,https://www.thehindu.com/business/markets/benchmark-indices-settle-at-fresh-lifetime-highsc/article66182998.ece
2022-11-22,Delhi HC junks Future plea to stall proceedings before Spore tribunal,https://www.prokerala.com/news/articles/a1365246.html
2022-11-23,Paytm slips 11 % on Macquarie risk alert on RIL financial foray,https://www.livemint.com/market/stock-market-news/paytm-slips-11-on-macquarie-s-risk-alert-on-ril-financial-foray-11669145647776.html
2022-11-22,Delhi HC rejects Future Group plea seeking termination of arbitration before SIAC,https://www.freepressjournal.in/business/delhi-hc-rejects-future-groups-plea-seeking-termination-of-arbitration-before-siac
2022-11-21,"Sensex - Sensex falls 518 . 64 points , Nifty decline nearly 1 per cent",https://www.telegraphindia.com/business/sensex-falls-518-64-points-nifty-declines-over-147points/cid/1899389
2022-11-06,"metro : Reliance set to acquire METRO Cash & Carry India in Rs 4 , 060 crore deal",https://economictimes.indiatimes.com/industry/services/retail/reliance-set-to-acquire-metro-cash-carry-india-in-rs-4060-crore-deal/articleshow/95341266.cms
2022-11-07,Mukesh Ambani Reliance Set To Acquire Metro AG Cash & Carry India Biz,https://www.india.com/business/mukesh-ambanis-reliance-set-to-acquire-metro-ags-cash-carry-india-business-5727884/
2022-11-06,Reliance set to acquire METRO Cash & Carry India in 500 million euros deal,https://www.business-standard.com/article/pti-stories/reliance-set-to-acquire-metro-cash-carry-india-in-500-million-euros-deal-122110600863_1.html
2022-11-06,Reliance to acquire METRO Cash & Carry India in 500 million euros deal,https://www.businesstoday.in/latest/corporate/story/reliance-to-acquire-metro-cash-carry-india-in-500-million-euros-deal-352000-2022-11-06
2022-11-06,Reliance set to acquire METRO Cash & Carry India in 500 million euros deal,https://www.tribuneindia.com/news/business/reliance-set-to-acquire-metro-cash-carry-india-in-500-million-euros-deal-448288
2022-10-30,"Nine of top - 10 firms add Rs 90 , 319 crore in market valuation ; RIL leads pack",https://timesofindia.indiatimes.com/business/india-business/nine-of-top-10-firms-add-rs-90319-crore-in-market-valuation-ril-leads-pack/articleshow/95177367.cms
2022-11-22,Delhi HC junks Future plea to stall proceedings before Spore tribunal,https://www.daijiworld.com/news/newsDisplay?newsID=1022075
2022-10-30,"Nine of top - 10 firms add Rs 90 , 319 crore in market valuation ; RIL leads pack",https://www.tribuneindia.com/news/business/nine-of-top-10-firms-add-rs-90-319-crore-in-market-valuation-ril-leads-pack-445854
2022-12-26,The 10 most expensive houses in the world,https://timesofindia.indiatimes.com/life-style/home-garden/web-stories/the-10-most-expensive-houses-in-the-world/photostory/96479030.cms
2022-12-08,"Top 100 firms create ₹92 . 2 lakh cr wealth led by Relaince , 2 Adani companies",https://www.livemint.com/news/india/top-100-firms-create-rs-92-2-lakh-cr-wealth-led-by-relaince-2-adani-companies-11670513254124.html
2022-10-16,"Six of top - 10 firms lose Rs 78 , 163 cr in m - cap ; RIL biggest drag",https://economictimes.indiatimes.com/markets/stocks/news/six-of-top-10-firms-lose-rs-78163-cr-in-m-cap-ril-biggest-drag/articleshow/94891550.cms
2022-12-29,Anant Ambani gets engaged to Radhika Merchant ! Check out the dreamy pictures .,https://economictimes.indiatimes.com/news/web-stories/anant-ambani-gets-engaged-to-radhika-merchant-check-out-the-dreamy-pictures/slideshow/96595763.cms
2022-11-29,"Under IBC , asset protection and recovery key , Sebi told",https://www.livemint.com/companies/news/under-ibc-asset-protection-and-recovery-key-sebi-told-11669741667860.html
2022-10-03,Adani vs Reliance vs Tata : Which group delivered better return in 2022 so far ?,https://www.businesstoday.in/markets/story/adani-vs-reliance-vs-tata-which-group-delivered-better-return-in-2022-so-far-348858-2022-10-03
2022-12-28,Mukesh Ambani Completes 2 Decades At Helm Of Reliance Industries,https://www.ndtv.com/business/mukesh-ambani-completes-2-decades-at-helm-of-reliance-industries-3644021
2022-11-28,Markets hit fresh all - time highs ; rally for fifth day,https://www.thehindu.com/business/markets/markets-hit-fresh-all-time-highs-rally-for-fifth-day/article66195368.ece
2022-10-17,"Stock market - Sensex , Nifty rise for 2nd day as oil , banking stocks advance",https://www.telegraphindia.com/business/sensex-nifty-rise-for-2nd-day-as-oil-banking-stocks-advance/cid/1892599
2022-11-14,Markets settle lower in volatile trade - Times of India,https://timesofindia.indiatimes.com/business/markets/sensex/markets-settle-lower-in-volatile-trade/articleshow/95508418.cms
2022-11-25,"Benchmark indices settle at fresh lifetime highs , Sensex climbs 20 . 96 points to settle at 62 , 293",https://www.tribuneindia.com/news/business/benchmark-indices-settle-at-fresh-lifetime-highs-sensex-climbs-20-96-points-to-settle-at-62-293-454641
2022-12-08,"RIL , 2 Adani group companies fastest wealth creators : Motilal Oswal",https://www.prokerala.com/news/articles/a1370184.html
2022-12-20,Markets recover most of intra - day losses ; end marginally lower,https://www.thehindu.com/business/markets/markets-recover-most-of-intra-day-losses-end-marginally-lower/article66284818.ece
2022-12-20,Markets recover most of intra - day losses ; end marginally lower,https://zeenews.india.com/markets/markets-recover-most-of-intra-day-losses-end-marginally-lower-2551164.html
2022-12-22,"RIL , Sula Vineyards , Bharat Forge in spotlight",https://www.business-standard.com/article/news-cm/ril-sula-vineyards-bharat-forge-in-spotlight-122122200163_1.html
2022-12-22,Reliance subsidiary acquires 23 pc stake in US - based Exyn Technologies,https://news.webindia123.com/news/Articles/Business/20221223/4017960.html
2022-12-31,"Lanco Amarkantak resolution voting extended till Jan 7 with Adani , RIL , PFC - REC in fray",https://economictimes.indiatimes.com/industry/energy/power/lanco-amarkantak-resolution-voting-extended-till-jan-7-with-adani-ril-pfc-rec-in-fray/articleshow/96634035.cms
2022-10-26,"Markets halt seven - day winning streak ; RIL , FMCG stocks weigh",https://www.tribuneindia.com/news/business/markets-halt-seven-day-winning-streak-ril-fmcg-stocks-weigh-444540
2022-12-20,"Sensex , Nifty end marginally lower amid volatility",https://article.wn.com/view/2022/12/20/Sensex_Nifty_end_marginally_lower_amid_volatility/
2022-12-21,"Reliance Industries stocks : Buy Reliance Industries , target price Rs 2659 : ICICI Direct",https://economictimes.indiatimes.com/markets/stocks/recos/buy-reliance-industries-target-price-rs-2659-icici-direct/articleshow/96387269.cms
2022-12-22,Business News | Reliance Subsidiary Acquires 23 Pc Stake in US - based Exyn Technologies,https://www.latestly.com/agency-news/business-news-reliance-subsidiary-acquires-23-pc-stake-in-us-based-exyn-technologies-4622498.html
2022-12-28,Stock market - Markets quote lower in early trade after two days of rally ; Sensex declines over 210 points,https://www.telegraphindia.com/business/markets-quote-lower-in-early-trade-after-two-days-of-rally-sensex-declines-over-210-points/cid/1906336
2022-12-30,"Stock market - Sensex climbs over 250 points , Nifty advances to 18 , 260 in early trade",https://www.telegraphindia.com/business/sensex-climbs-over-250-points-nifty-advances-to-18260-in-early-trade/cid/1906740
2022-11-22,Delhi HC Junks Future Plea To Stall Proceedings Before ...,https://menafn.com/1105216736/Delhi-HC-Junks-Futures-Plea-To-Stall-Proceedings-Before-Spore-Tribunal
2022-11-08,"Amazon India set to deliver third - party ecommerce orders , Retail News , ET Retail",https://retail.economictimes.indiatimes.com/news/e-commerce/e-tailing/amazon-india-set-to-deliver-third-party-ecommerce-orders/95368068
2022-11-08,"Flipkart India : Flipkart losses widened to over Rs 7 , 800 crore in FY22 , Retail News , ET Retail",https://retail.economictimes.indiatimes.com/news/e-commerce/e-tailing/flipkart-losses-widened-to-over-rs-7800-crore-in-fy22/95367837
2022-11-08,"Sula Vineyards IPO : Sula Vineyards receives Sebi nod for IPO , Retail News , ET Retail",https://retail.economictimes.indiatimes.com/news/food-entertainment/grocery/sula-vineyards-receives-sebi-nod-for-ipo/95367800
2022-11-08,"Paytm Q2 Results : Net loss widens to Rs 571 cr ; revenue jumps 76 %, Retail News , ET Retail",https://retail.economictimes.indiatimes.com/news/e-commerce/e-tailing/paytm-q2-results-net-loss-widens-to-rs-571-cr-revenue-jumps-76/95367871
2022-11-08,"Beauty Products : Carlyle looks to buy VLCC Healthcare , Retail News , ET Retail",https://retail.economictimes.indiatimes.com/news/health-and-beauty/carlyle-looks-to-buy-vlcc-healthcare/95368245
2022-11-08,"Rural bet helps Wipro FMCG arm beat slowdown , Retail News , ET Retail",https://retail.economictimes.indiatimes.com/news/food-entertainment/personal-care-pet-supplies-liquor/rural-bet-helps-wipro-fmcg-arm-beat-slowdown/95367981
2022-11-07,"Vietnam : Weakening global demand hurts Vietnam garment makers - industry official , Retail News , ET Retail",https://retail.economictimes.indiatimes.com/news/apparel-fashion/apparel/weakening-global-demand-hurts-vietnams-garment-makers-industry-official/95357796
2022-11-07,"Iphone : Apple warns of hit to iPhone shipments from China COVID disruption , Retail News , ET Retail",https://retail.economictimes.indiatimes.com/news/consumer-durables-and-information-technology/consumer-electronics/apple-warns-of-hit-to-iphone-shipments-from-china-covid-disruption/95359134
2022-11-07,"Bikaji : Bikaji Foods IPO subscribed 26 . 67 times on last day of offer , Retail News , ET Retail",https://retail.economictimes.indiatimes.com/news/food-entertainment/personal-care-pet-supplies-liquor/bikaji-foods-ipo-subscribed-26-67-times-on-last-day-of-offer/95360815
2022-11-07,"Unicommerce : Unicommerce expands international operations to 10 countries , Retail News , ET Retail",https://retail.economictimes.indiatimes.com/news/industry/unicommerce-expands-international-operations-to-10-countries/95357078
2022-11-07,"Jaipur Kurti : Jaipur Kurti Raises ₹18 . 96 Crore Via Preferential Issue , Retail News , ET Retail",https://retail.economictimes.indiatimes.com/news/apparel-fashion/apparel/jaipur-kurti-raises-18-96-crore-via-preferential-issue/95350841
2022-11-07,"Titan : Titan can achieve Rs 2 , 500 crore from international biz earlier than expected : CFO , Retail News , ET Retail",https://retail.economictimes.indiatimes.com/news/apparel-fashion/accessories/titan-can-achieve-rs-2500-crore-from-international-biz-earlier-than-expected-cfo/95355599
2022-11-07,"Voltas to invest Rs 1 , 000 cr for capacity expansion , Retail News , ET Retail",https://retail.economictimes.indiatimes.com/news/consumer-durables-and-information-technology/consumer-electronics/voltas-to-invest-rs-1000-cr-for-capacity-expansion/95349678
2022-11-07,"Zomato Pay : Zomato Pay goes live for customers in some cities , replaces flagship Zomato Pro programme , Retail News , ET Retail",https://retail.economictimes.indiatimes.com/news/food-entertainment/food-services/zomato-pay-goes-live-for-customers-in-some-cities-replaces-flagship-zomato-pro-programme/95352908
2022-11-07,"Indian apparel exporters to record top - line growth of 14 - 15 % in FY23 ; high raw material costs may impact profits : ICRA , Retail News , ET Retail",https://retail.economictimes.indiatimes.com/news/apparel-fashion/apparel/indian-apparel-exporters-to-record-top-line-growth-of-14-15-in-fy23-high-raw-material-costs-may-impact-profits-icra/95352634
2022-11-07,"Siddharth Jhawar Zomato : Zomato intercity delivery head Siddharth Jhawar quits ; Blinkit executive Kamayani Sadhwani to take over , Retail News , ET Retail",https://retail.economictimes.indiatimes.com/news/food-entertainment/food-services/zomatos-intercity-delivery-head-siddharth-jhawar-quits-blinkit-executive-kamayani-sadhwani-to-take-over/95353277
2022-11-07,"Rising pollution pushes up air purifier sales , Retail News , ET Retail",https://retail.economictimes.indiatimes.com/news/consumer-durables-and-information-technology/consumer-electronics/rising-pollution-pushes-up-air-purifier-sales/95344988
2022-11-07,"Beauty And Personal Care :  Took a good call by not going offline early in our journey , says mCaffeine co - founder , Tarun Sharma , Retail News , ET Retail",https://retail.economictimes.indiatimes.com/news/health-and-beauty/took-a-good-call-by-not-going-offline-early-in-our-journey-says-mcaffeines-co-founder-tarun-sharma/95345432
2022-11-07,"Reliance set to acquire METRO Cash & Carry India in Rs 4 , 060 crore deal , Retail News , ET Retail",https://retail.economictimes.indiatimes.com/news/food-entertainment/grocery/reliance-set-to-acquire-metro-cash-carry-india-in-rs-4060-crore-deal/95344968
2022-11-07,"Kroger , Albertsons unions , antitrust experts urge FTC to block merger - letter , Retail News , ET Retail",https://retail.economictimes.indiatimes.com/news/food-entertainment/grocery/kroger-albertsons-unions-antitrust-experts-urge-ftc-to-block-merger-letter/95345059
2022-11-07,"Alco - bev brands see no impact of inflation on consumer demand ; capitalize on festive surge with new launches , Retail News , ET Retail",https://retail.economictimes.indiatimes.com/news/food-entertainment/grocery/alco-bev-brands-see-no-impact-of-inflation-capitalize-on-festive-surge-with-new-launches/95345696
2022-11-07,"More sugar export could be allowed after assessing domestic production : Food Ministry , Retail News , ET Retail",https://retail.economictimes.indiatimes.com/news/food-entertainment/grocery/more-sugar-export-could-be-allowed-after-assessing-domestic-production-food-ministry/95345881
2022-11-07,"Bikaji Foods IPO subscribed 1 . 48 times on Day 2 , Retail News , ET Retail",https://retail.economictimes.indiatimes.com/news/food-entertainment/food-services/bikaji-foods-ipo-subscribed-1-48-times-on-day-2/95345169
2022-11-07,"Pepsi : Pepsi wins battle against Hyderabad company on Mountain Dew , Retail News , ET Retail",https://retail.economictimes.indiatimes.com/news/food-entertainment/personal-care-pet-supplies-liquor/pepsi-wins-battle-against-hyderabad-company-on-mountain-dew/95345110
2022-11-07,"Bombay Dyeing & Manufacturing Q2 net loss at Rs 93 cr ; revenue up 50 pc at Rs 745 cr , Retail News , ET Retail",https://retail.economictimes.indiatimes.com/news/home-and-decor/bedding-and-bath/bombay-dyeing-manufacturing-q2-net-loss-at-rs-93-cr-revenue-up-50-pc-at-rs-745-cr/95345993
2022-11-06,"Cloudtail : CCPA levies Rs 1 lakh fine on Cloudtail for selling pressure cookers on Amazon in violation of BIS standards , Retail News , ET Retail",https://retail.economictimes.indiatimes.com/news/e-commerce/e-tailing/ccpa-levies-rs-1-lakh-fine-on-cloudtail-for-selling-pressure-cookers-on-amazon-in-violation-of-bis-standards/95338381
2022-11-06,"Fmcg News : FMCG makers expect margins improvement and comeback of rural sales from Q3 as inflation eases , Retail News , ET Retail",https://retail.economictimes.indiatimes.com/news/food-entertainment/personal-care-pet-supplies-liquor/fmcg-makers-expect-margins-improvement-and-comeback-of-rural-sales-from-q3-as-inflation-eases/95337645
2022-11-06,"Handloom Industry : Handloom industry should diversify to attract youth : Nirmala Sitharaman , Retail News , ET Retail",https://retail.economictimes.indiatimes.com/news/apparel-fashion/apparel/handloom-industry-should-diversify-to-attract-youth-nirmala-sitharaman/95338237
2022-11-08,"Carrefour : Carrefour plans investments and savings to tackle inflation , Retail News , ET Retail",https://retail.economictimes.indiatimes.com/news/food-entertainment/grocery/carrefour-plans-investments-and-savings-to-tackle-inflation/95378863
2022-11-08,"Pandora : Pandora braces for recession despite resilient demand , Retail News , ET Retail",https://retail.economictimes.indiatimes.com/news/apparel-fashion/jewellery/pandora-braces-for-recession-despite-resilient-demand/95382060
2022-11-08,"Gcpl : GCPL Q2 net profit falls 25 % to Rs 359 crore , Retail News , ET Retail",https://retail.economictimes.indiatimes.com/news/food-entertainment/personal-care-pet-supplies-liquor/gcpl-q2-net-profit-falls-25-to-rs-359-crore/95381893
2022-11-08,"Coty : Coty quarterly results beat estimates as beauty demand sits pretty , Retail News , ET Retail",https://retail.economictimes.indiatimes.com/news/health-and-beauty/cosmetics-and-fragrances/coty-quarterly-results-beat-estimates-as-beauty-demand-sits-pretty/95382164
2022-11-08,"Arvind Q2 net profit rises nearly 80 pc to Rs 125 crore , Retail News , ET Retail",https://retail.economictimes.indiatimes.com/news/apparel-fashion/apparel/arvinds-q2-net-profit-rises-nearly-80-pc-to-rs-125-crore/95378618
2022-11-08,"Primark : Primark owner AB Foods warns of  substantial  cost inflation , Retail News , ET Retail",https://retail.economictimes.indiatimes.com/news/industry/primark-owner-ab-foods-warns-of-substantial-cost-inflation/95379076
2022-11-08,"Gap to sell Greater China units to e - commerce firm Baozun , Retail News , ET Retail",https://retail.economictimes.indiatimes.com/news/apparel-fashion/apparel/gap-to-sell-greater-china-units-to-e-commerce-firm-baozun/95374324
2022-11-08,"Domino India franchisee Jubilant Q2 profit rises 10 % on dine - in demand , Retail News , ET Retail",https://retail.economictimes.indiatimes.com/news/food-entertainment/food-services/dominos-india-franchisee-jubilants-q2-profit-rises-10-on-dine-in-demand/95376978
2022-11-09,"Barbeque - nation Hospitality Ltd : Barbeque - Nation Q2 net profit jumps 143 % to Rs 709 lakh , Retail News , ET Retail",https://retail.economictimes.indiatimes.com/news/food-entertainment/food-services/barbeque-nation-q2-net-profit-jumps-143-to-rs-709-lakh/95402984
2022-11-09,"Iphone : Apple cuts new iPhone output by 3 million units as demand cools , Retail News , ET Retail",https://retail.economictimes.indiatimes.com/news/consumer-durables-and-information-technology/consumer-electronics/apple-cuts-new-iphone-output-by-3-million-units-as-demand-cools/95404850
2022-11-09,"Made . com : British online furniture store Made . com collapses , Retail News , ET Retail",https://retail.economictimes.indiatimes.com/news/home-and-decor/furniture-and-decor/british-online-furniture-store-made-com-collapses/95400579
2022-11-09,"Nirav Modi : Big win for India : united kingdom High Court clears Nirav Modi extradition , Retail News , ET Retail",https://retail.economictimes.indiatimes.com/news/apparel-fashion/jewellery/big-win-for-india-uk-high-court-clears-nirav-modis-extradition/95403240
2022-11-09,"Reliance Jio : India Q3 smartphone shipments fall 12 % on year : CMR , Retail News , ET Retail",https://retail.economictimes.indiatimes.com/news/consumer-durables-and-information-technology/mobiles/india-q3-smartphone-shipments-fall-12-on-year-cmr/95405988
2022-11-09,"Westlife Profit : McDonald India franchisee Westlife beats Q2 profit view on strong demand , Retail News , ET Retail",https://retail.economictimes.indiatimes.com/news/food-entertainment/food-services/mcdonalds-india-franchisee-westlife-beats-q2-profit-view-on-strong-demand/95402941
2022-11-09,"Marks & Spencer : Britain M & S warns of  gathering storm  of higher costs and weak consumer , Retail News , ET Retail",https://retail.economictimes.indiatimes.com/news/apparel-fashion/apparel/britains-ms-warns-of-gathering-storm-of-higher-costs-and-weak-consumer/95400694
2022-11-09,"Europe : Europe retailers strive to keep prices low to win struggling shoppers , Retail News , ET Retail",https://retail.economictimes.indiatimes.com/news/industry/europes-retailers-strive-to-keep-prices-low-to-win-struggling-shoppers/95404726
2022-11-09,"Supertails : Petcare startup Supertails raises $10 million in Series A funding round , Retail News , ET Retail",https://retail.economictimes.indiatimes.com/news/food-entertainment/personal-care-pet-supplies-liquor/petcare-startup-supertails-raises-10-million-in-series-a-funding-round/95393428
2022-11-09,"Virat Kohli backed Rage Coffee enters healthy snacking segment , Retail News , ET Retail",https://retail.economictimes.indiatimes.com/news/food-entertainment/personal-care-pet-supplies-liquor/virat-kohli-backed-rage-coffee-enters-healthy-snacking-segment/95398510
2022-11-09,"Kohl CEO steps down to take president role at Levi Strauss , Retail News , ET Retail",https://retail.economictimes.indiatimes.com/news/apparel-fashion/apparel/kohls-ceo-steps-down-to-take-president-role-at-levi-strauss/95389806
2022-11-09,"Consumer Electronics : Bajaj Electrical Q2 profit at Rs 62 cr , sales slip 6 . 4 % to Rs 1 , 201 cr , Retail News , ET Retail",https://retail.economictimes.indiatimes.com/news/consumer-durables-and-information-technology/consumer-electronics/bajaj-electrical-q2-profit-at-rs-62-cr-sales-slip-6-4-to-rs-1201-cr/95390021
2022-11-09,"National Retail Policy : Need of the hour is uniform retail policy to ensure level playing field , control predatory pricing , say industry leaders , Retail News , ET Retail",https://retail.economictimes.indiatimes.com/news/industry/need-of-the-hour-is-uniform-retail-policy-to-ensure-level-playing-field-control-predatory-pricing-say-industry-leaders/95390503
2022-11-09,"Air Freight Shipping : Domestic e - commerce sellers expand overseas with air freight shipping , Retail News , ET Retail",https://retail.economictimes.indiatimes.com/blog/domestic-e-commerce-sellers-expand-overseas-with-air-freight-shipping/95390543
2022-11-09,"Bajaj Electricals intends to grow share in premium segment ; remain very tight on cost optimisation : MD , Retail News , ET Retail",https://retail.economictimes.indiatimes.com/news/consumer-durables-and-information-technology/consumer-electronics/bajaj-electricals-intends-to-grow-share-in-premium-segment-remain-very-tight-on-cost-optimisation-md/95389987
2022-11-09,"Bottler Coca - Cola HBC keeps its fizz on robust demand , Retail News , ET Retail",https://retail.economictimes.indiatimes.com/news/food-entertainment/personal-care-pet-supplies-liquor/bottler-coca-cola-hbc-keeps-its-fizz-on-robust-demand/95390272
2022-11-09,"Welspun India Q2 net profit down 96 pc at Rs 8 . 33 cr , Retail News , ET Retail",https://retail.economictimes.indiatimes.com/news/apparel-fashion/apparel/welspun-indias-q2-net-profit-down-96-pc-at-rs-8-33-cr/95389702
2022-11-10,"Piyush Goyal pushes for introduction of advanced technologies to boost cotton and textile industry , Retail News , ET Retail",https://retail.economictimes.indiatimes.com/news/apparel-fashion/apparel/piyush-goyal-pushes-for-introduction-of-advanced-technologies-to-boost-cotton-and-textile-industry/95414885
2022-11-10,"M & s Reliance India : Marks & Spencer India to speed up expansion amid global headwinds , Retail News , ET Retail",https://retail.economictimes.indiatimes.com/news/apparel-fashion/apparel/marks-spencer-india-to-speed-up-expansion-amid-global-headwinds/95414555
2022-11-10,"Bajaj Consumer Care : Bajaj Consumer Care Q2 net profit dips 32 % to Rs 32 crore , Retail News , ET Retail",https://retail.economictimes.indiatimes.com/news/food-entertainment/personal-care-pet-supplies-liquor/bajaj-consumer-care-q2-net-profit-dips-32-to-rs-32-crore/95414957
2022-11-10,"Ab Inbev : AB InBev expects India to be among top 3 markets for Budweiser ; enters into whiskey segment , Retail News , ET Retail",https://retail.economictimes.indiatimes.com/news/food-entertainment/grocery/ab-inbev-expects-india-to-be-among-top-3-markets-for-budweiser-enters-into-whiskey-segment/95414461
2022-11-10,"Hul : HUL and GSK Consumer to terminate distribution agreement for OTC products , Retail News , ET Retail",https://retail.economictimes.indiatimes.com/news/food-entertainment/personal-care-pet-supplies-liquor/hul-and-gsk-consumer-to-terminate-distribution-agreement-for-otc-products/95414386
2022-11-10,"India growth pace may slow next fiscal year as global headwinds will seep through the cracks in its shield , says UBS , Retail News , ET Retail",https://retail.economictimes.indiatimes.com/news/industry/indias-growth-pace-may-slow-next-fiscal-year-as-global-headwinds-will-seep-through-the-cracks-in-its-shield-says-ubs/95414799
2022-11-10,"Trent : Trent profit drops marginally to Rs 78 . 94 crore in Q2 FY23 , Retail News , ET Retail",https://retail.economictimes.indiatimes.com/news/apparel-fashion/apparel/trent-profit-drops-marginally-to-rs-78-94-crore-in-q2-fy23/95431187
2022-11-10,"Zomato Q2 net loss narrows to Rs 251 crore ; revenue jumps 62 % YoY , Retail News , ET Retail",https://retail.economictimes.indiatimes.com/news/food-entertainment/food-services/zomato-q2-net-loss-narrows-to-rs-251-crore-revenue-jumps-62-yoy/95430562
2022-11-10,"Mohit Burman : Mohit Burman on running Dabur , game plan for Eveready ; what to do with Religare & more , Retail News , ET Retail",https://retail.economictimes.indiatimes.com/news/industry/mohit-burman-on-running-dabur-game-plan-for-eveready-what-to-do-with-religare-more/95426342
2022-11-10,"Q2 roundup : Indian cos get festive boost ; almost 62 % post profit rise , Retail News , ET Retail",https://retail.economictimes.indiatimes.com/news/industry/q2-roundup-indian-cos-get-festive-boost-almost-62-post-profit-rise/95428797
2022-11-10,"Lenskart : Lenskart FY22 revenue jumps 66 % to Rs 1 , 502 crore , but slips into losses , Retail News , ET Retail",https://retail.economictimes.indiatimes.com/news/apparel-fashion/accessories/lenskart-fy22-revenue-jumps-66-to-rs-1502-crore-but-slips-into-losses/95432765
2022-11-10,"Walmart Wholesale : Flipkart burns over $3 . 7 billion cash in about a year till Sep 2022 , Retail News , ET Retail",https://retail.economictimes.indiatimes.com/news/e-commerce/e-tailing/flipkart-burns-over-3-7-billion-cash-in-about-a-year-till-sep-2022/95425180
2022-11-10,"Supply Chains | HSBC Holdings Survey : Global supply chains set for overhaul next year , HSBC poll shows , Retail News , ET Retail",https://retail.economictimes.indiatimes.com/news/industry/global-supply-chains-set-for-overhaul-next-year-hsbc-poll-shows/95419782
2022-11-10,"Emami Agrotech appoints Debabrata Mukherjee as its chief marketing and strategy officer , Retail News , ET Retail",https://retail.economictimes.indiatimes.com/news/food-entertainment/personal-care-pet-supplies-liquor/emami-agrotech-appoints-debabrata-mukherjee-as-its-chief-marketing-strategy-officer/95422564
2022-11-10,"Kalyan Jewellers India Q2 PAT up 54 . 02 pc at Rs 105 . 92 cr , Retail News , ET Retail",https://retail.economictimes.indiatimes.com/news/apparel-fashion/jewellery/kalyan-jewellers-india-q2-pat-up-54-02-pc-at-rs-105-92-cr/95423781
2022-11-10,"Inflation likely slowed in October , still well above RBI target band : Report , Retail News , ET Retail",https://retail.economictimes.indiatimes.com/news/industry/inflation-likely-slowed-in-october-still-well-above-rbi-target-band-report/95421860
2022-11-10,"Michael Kors : Michael Kors - owner Capri cuts holiday forecasts as China recovery stalls , Retail News , ET Retail",https://retail.economictimes.indiatimes.com/news/apparel-fashion/luxury/michael-kors-owner-capri-cuts-holiday-forecasts-as-china-recovery-stalls/95419535
2022-11-10,"Leon : QSR startup Leon expects 40 - 48 % revenue growth this fiscal ; plans to reach 300 outlets by 2027 , Retail News , ET Retail",https://retail.economictimes.indiatimes.com/news/food-entertainment/food-services/qsr-startup-leons-expects-40-48-revenue-growth-this-fiscal-plans-to-reach-300-outlets-by-2027/95414100
2022-11-10,Getvantage : Raising capital from traditional lenders is a big issue for cloud kitchens and QSR chains,https://retail.economictimes.indiatimes.com/news/food-entertainment/food-services/raising-capital-from-traditional-lenders-is-a-big-issue-for-cloud-kitchens-and-qsr-chains-getvantage/95432982
2022-11-10,"Bata India : Bata India Q2 profit rises 47 % to Rs 55 crore ; net sales up 35 % at Rs 830 crore , Retail News , ET Retail",https://retail.economictimes.indiatimes.com/news/apparel-fashion/footwear/bata-india-q2-profit-rises-47-to-rs-55-crore-net-sales-up-35-at-rs-830-crore/95433321
2022-11-09,"On2Cook India secures seed funding of Rs 17 crore , Retail News , ET Retail",https://retail.economictimes.indiatimes.com/news/consumer-durables-and-information-technology/consumer-electronics/on2cook-india-secures-seed-funding-of-rs-17-crore/95396362
2022-12-08,"RIL , 2 Adani Group Companies Fastest Wealth Creators : Motil ...",https://menafn.com/1105284631/RIL-2-Adani-Group-Companies-Fastest-Wealth-Creators-Motilal-Oswal
2022-12-26,Reliance Industries Share : 500 % Return In 10 Years ! Whats Next ?,https://www.businesstoday.in/visualstories/stock/reliance-industries-share-500-return-in-10-years-whats-next-16200-26-12-2022
2022-10-09,"Reliance new floating production system collides , no one injured",https://article.wn.com/view/2022/10/09/Reliances_new_floating_production_system_collides_no_one_inj/
2022-11-14,Markets settle lower in volatile trade,https://www.thehindu.com/business/markets/markets-settle-lower-in-volatile-trade/article66135489.ece
2022-11-28,Markets hit fresh all - time highs ; rally for fifth day - The Hindu BusinessLine,https://www.thehindubusinessline.com/markets/markets-hit-fresh-all-time-highs-rally-for-fifth-day/article66195324.ece
2022-11-28,Markets hit fresh all - time highs ; rally for 5th day,https://www.tribuneindia.com/news/business/markets-hit-fresh-all-time-highs-rally-for-5th-day-455615
2022-10-11,"Reliance Industries shares slip over 7 % in a month , what lies ahead ?",https://www.businesstoday.in/markets/company-stock/story/reliance-industries-shares-fall-in-a-month-inflation-volatile-market-349524-2022-10-11
2022-11-11,Govt : RIL To Build Multi - Modal Logistics Park In TN,https://menafn.com/1105169690/Govt-RIL-To-Build-Multi-Modal-Logistics-Park-In-TN
2022-12-20,Markets recover most of intra - day losses ; end marginally lower,https://www.tribuneindia.com/news/business/markets-recover-most-of-intra-day-losses-end-marginally-lower-462871
2022-12-19,"Stock market - Sensex , Nifty climb nearly 1 pc after two sessions of fall",https://www.telegraphindia.com/business/sensex-nifty-climb-nearly-1-pc-after-two-sessions-of-fall/cid/1904696
2022-10-27,Benchmark indices trade higher in early trade,https://www.thehindu.com/business/markets/benchmark-indices-trade-higher-in-early-trade/article66059809.ece
2022-10-27,Sensex climbs 415 points in early trade amid mixed global market trends,https://zeenews.india.com/markets/sensex-climbs-415-points-in-early-trade-amid-mixed-global-market-trends-2527144.html
2022-11-20,"ICICI Bank : Eight of top - 10 firms add Rs 42 , 173 cr in m - cap ; ICICI Bank , Infy biggest gainers",https://economictimes.indiatimes.com/markets/stocks/news/eight-of-top-10-firms-add-rs-42173-cr-in-m-cap-icici-bank-infy-biggest-gainers/articleshow/95635573.cms
2022-12-10,World Most Valuable Firms : India Ranks 5th With 20 Companies Featuring In The List,https://www.india.com/business/worlds-most-valuable-firms-india-ranks-5th-with-20-companies-featuring-in-the-list-5794648/
2022-11-25,"Sensex , Nifty settle at fresh lifetime highs - The Hindu BusinessLine",https://www.thehindubusinessline.com/markets/sensex-nifty-settle-at-fresh-lifetime-highs/article66183095.ece
2022-10-27,India News | Benchmark Indices Trade Higher in Early Trade,https://www.latestly.com/agency-news/india-news-benchmark-indices-trade-higher-in-early-trade-4381855.html
2022-12-22,RIL acquisitions : RIL to acquire Metro AG India ; here are the conglomerate major acquisitions,https://economictimes.indiatimes.com/markets/web-stories/ril-to-acquire-metro-ag-india-here-are-the-conglomerates-major-acquisitions/slideshow/96424324.cms
2022-12-13,Indian state - run power firms close to buying Lanco asset for $365 mn : Report,https://www.livemint.com/companies/news/indian-state-run-power-firms-close-to-buying-lanco-asset-for-365-mn-report-11670943032650.html
2022-11-12,RIL to build multi - modal logistics park in TN,https://www.siliconindia.com/news/general/ril-to-build-multimodal-logistics-park-in-tn-nid-220444-cid-1.html
2022-11-22,Paytm Slumps as Macquarie Sees Risk from Ambani Financial Foray,https://www.bnnbloomberg.ca/paytm-slumps-as-macquarie-sees-risk-from-ambani-financial-foray-1.1849643
2022-11-14,Markets settle lower in volatile trade - The Hindu BusinessLine,https://www.thehindubusinessline.com/markets/markets-settle-lower-in-volatile-trade/article66135488.ece
2022-11-14,Markets settle lower in volatile trade ; Sensex declines 170 . 89 points,https://www.tribuneindia.com/news/business/markets-settle-lower-in-volatile-trade-sensex-declines-170-89-points-450889
2022-12-25,M - cap of 10 most valued firms erodes by ₹1 . 68 lakh crore ; Reliance biggest drag,https://article.wn.com/view/2022/12/25/Mcap_of_10_most_valued_firms_erodes_by_168_lakh_crore_Relian/
2022-12-29,"On Reliance Family Day event , Mukesh Ambani reveals RILs big future plans",https://article.wn.com/view/2022/12/29/On_Reliance_Family_Day_event_Mukesh_Ambani_reveals_RILs_big_/
2022-12-20,"Sensex , Nifty end marginally lower amid volatility - The Hindu BusinessLine",https://www.thehindubusinessline.com/markets/sensex-nifty-end-marginally-lower-amid-volatility/article66284782.ece
2022-12-20,Markets recover most of intra - day losses ; end marginally lower - Jammu Kashmir Latest News | Tourism,https://www.dailyexcelsior.com/markets-recover-most-of-intra-day-losses-end-marginally-lower/
2022-10-06,One held from Bihar Darbhanga district for issuing life threats to Mukesh Ambani,https://zeenews.india.com/india/one-held-from-bihars-darbhanga-district-for-issuing-life-threats-to-mukesh-ambani-2518445.html
2022-12-22,Reliance subsidiary acquires 23 pc stake in US - based Exyn Technologies,https://www.devdiscourse.com/article/business/2296034-reliance-subsidiary-acquires-23-pc-stake-in-us-based-exyn-technologies
2022-11-25,"Sensex , Nifty scale fresh lifetime highs as Reliance , Wipro advance",https://article.wn.com/view/2022/11/25/Sensex_Nifty_scale_fresh_lifetime_highs_as_Reliance_Wipro_ad/
2022-10-18,Markets rally for 3rd day amid firm global trends,https://www.thehindu.com/business/markets/markets-rally-for-3rd-day-amid-firm-global-trends/article66026361.ece
2022-10-19,"Sensex , Nifty settle higher for 4th consecutive day as RL , HDFC twins gain",https://www.thehindu.com/business/markets/sensex-nifty-settle-higher-for-4th-consecutive-day-as-rl-hdfc-twins-gain/article66030978.ece
2022-10-18,Markets rally for 3rd day amid firm global trends ; Sensex up 549 points,https://www.business-standard.com/article/markets/markets-rally-for-3rd-day-amid-firm-global-trends-sensex-up-549-points-122101801460_1.html
2022-12-28,RIL scorching growth in 20 years of Mukesh Ambani leadership,https://www.prokerala.com/news/articles/a1376191.html
2022-12-28,RIL achieves double - digit growth with Mukesh Ambani at helm for 2 decades,https://news.webindia123.com/news/Articles/Business/20221228/4020061.html
2022-10-07,Mukesh Ambani to open family office in Singapore : Report,https://article.wn.com/view/2022/10/07/Mukesh_Ambani_to_open_family_office_in_Singapore_Report/
2022-11-18,Money laundering case : Court grants bail to dismissed Mumbai Police officer Sachin Waze,https://news.webindia123.com/news/Articles/India/20221118/4005206.html
2022-12-18,Mcap of nine of top - 10 most valued firms erode by Rs 1 . 22 lakh cr ; Reliance biggest laggard,https://economictimes.indiatimes.com/markets/stocks/news/mcap-of-nine-of-top-10-most-valued-firms-erode-by-rs-1-22-lakh-cr-reliance-biggest-laggard/articleshow/96316064.cms
2022-11-14,Markets settle lower in volatile trade - Jammu Kashmir Latest News | Tourism,https://www.dailyexcelsior.com/markets-settle-lower-in-volatile-trade/
2022-12-25,Mcap of 10 most valued firms erodes by Rs 1 . 68 lakh cr ; Reliance biggest drag,https://timesofindia.indiatimes.com/business/markets/sensex/mcap-of-10-most-valued-firms-erodes-by-rs-1-68-lakh-cr-reliance-biggest-drag/articleshow/96491314.cms
2022-11-19,Mentions of cloud decreased in the oil & gas industry in Q3 2022,https://www.offshore-technology.com/dashboards/filings/cloud-mentions-oil-gas-industry-q3-2022/
2022-11-19,Mentions of digitalization decreased in the oil & gas industry in Q3 2022,https://www.offshore-technology.com/dashboards/filings/digitalization-mentions-oil-gas-industry-q3-2022/
2022-12-25,Mcap of 10 most valued firms erodes by Rs 1 . 68 trn ; Reliance biggest drag,https://www.business-standard.com/article/markets/mcap-of-10-most-valued-firms-erodes-by-rs-1-68-trn-reliance-biggest-drag-122122500157_1.html
2022-12-25,M - cap of 10 most valued firms erodes by Rs 1 . 68 lakh - crore ; Reliance biggest drag,https://www.tribuneindia.com/news/business/m-cap-of-10-most-valued-firms-erodes-by-rs-1-68-lakh-crore-reliance-biggest-drag-464401
2022-12-25,Latest News | Mcap of 10 Most Valued Firms Erodes by Rs 1 . 68 Lakh Cr ; Reliance Biggest Drag,https://www.latestly.com/agency-news/latest-news-mcap-of-10-most-valued-firms-erodes-by-rs-1-68-lakh-cr-reliance-biggest-drag-4631413.html
2022-11-06,Reliance To Acquire METRO Cash Carry India For Rs 4 060 Cr Report,https://www.businessworld.in/article/Reliance-To-Acquire-METRO-Cash-Carry-India-For-Rs-4-060-Cr-Report/06-11-2022-453056/
2022-10-28,"Sensex , Nifty rally for second day amid foreign fund inflows",https://www.thehindu.com/business/markets/sensex-nifty-rally-for-second-day-amid-foreign-fund-inflows/article66064950.ece
2022-12-28,Mukesh Ambani At Reliance Apex : A Journey That Began 20 Yrs Ago Creating India Most Valued Firm,https://www.india.com/business/mukesh-ambani-at-reliances-apex-a-journey-that-began-20-years-ago-creating-indias-most-valued-firm-5827574/
2022-10-24,RIL to commission MJ gas condensate field by year - end,https://www.freepressjournal.in/business/ril-to-commission-mj-gas-condensate-field-by-year-end
2022-10-18,"Markets rally for 3rd day amid firm global trends , Sensex jumps 549 points",https://zeenews.india.com/markets/markets-rally-for-3rd-day-amid-firm-global-trends-sensex-jumps-549-points-2523650.html
2023-12-05,"Mukesh Ambani gets big relief from SAT , SEBI order against Rs 16 . 39 trillion Reliance Industries …",https://www.dnaindia.com/business/report-mukesh-ambani-gets-big-relief-from-sat-sebi-order-against-rs-1639-trillion-reliance-industries-3070671
2023-10-25,"Meet KV Kamath , led Infosys after Narayana Murthy , ex CEO of ICICI Bank , Mukesh Ambani  trusted ...",https://www.dnaindia.com/business/report-meet-kv-kamath-led-infosys-after-narayana-murthy-ex-ceo-of-icici-bank-mukesh-ambani-s-trusted-3065802
2023-11-02,Ambani Reliance Industries considers record $1 . 8 billion bond sale,https://gulfnews.com/business/markets/ambanis-reliance-industries-considers-record-18-billion-bond-sale-1.99132833
2023-12-06,"Reliance Industries continues to be on Jefferies  Buy  list with price target of Rs 2 , 990 ; upcoming renewable ventures key positive - Market News",https://www.financialexpress.com/market/reliance-industries-continues-to-be-on-jefferies-buy-list-with-price-target-of-rs-2990-upcoming-renewable-ventures-key-positive-3329365/
2023-11-02,Reliance Industries considers record ₹150 billion bond sale,https://www.hindustantimes.com/business/reliance-industries-considers-record-1-8-billion-bond-sale-101698898203240.html
2023-10-09,"As the directors of Reliance Industries , Mukesh Ambani children Isha , Akash & Anant Ambani will get the same perks as Nita Ambani",https://www.gqindia.com/content/as-the-directors-of-reliance-industries-mukesh-ambanis-children-isha-akash-and-anant-ambani-will-get-the-same-perks-as-nita-ambani
2023-10-04,Reliance Industries Presents Removable Energy Storage Battery,https://oilprice.com/Latest-Energy-News/World-News/Reliance-Industries-Presents-Removable-Energy-Storage-Battery.html
2023-11-21,"Mukesh Ambani Rs 120000 crore Bajaj Finance rival may raise Rs 10000 crore , in talks with …",https://www.dnaindia.com/business/report-mukesh-ambani-s-rs-120000-crore-bajaj-finance-rival-may-raise-rs-10000-crore-in-talks-with-3069051
2023-11-26,"HDFC Bank : Mcap of four of top 10 most - valued firms rise Rs 65 , 671 crore ; Reliance biggest winner",https://economictimes.indiatimes.com/markets/stocks/news/mcap-of-four-of-top-10-most-valued-firms-rise-rs-65671-crore-reliance-biggest-winner/articleshow/105508851.cms
2023-11-26,"Mcap of four of top 10 most - valued firms rise Rs 65 , 671 crore ; Reliance biggest winner",https://www.moneycontrol.com/news/business/markets/mcap-of-four-of-top-10-most-valued-firms-rise-rs-65671-crore-reliance-biggest-winner-11813301.html
2023-11-26,"Mcap of four of top 10 most - valued firms rise ₹65 , 671 crore ; Reliance biggest winner",https://www.thehindubusinessline.com/markets/mcap-of-four-of-top-10-most-valued-firms-rise-65671-crore-reliance-biggest-winner/article67575796.ece
2023-11-02,Mukesh Ambani Reliance Industries considers record $1 . 8 billion bond sale,https://timesofindia.indiatimes.com/business/india-business/mukesh-ambanis-reliance-industries-considers-record-1-8-billion-bond-sale/articleshow/104902630.cms
2023-11-05,"Mcap of nine of top - 10 most valued firms surges Rs 97 , 463 crore ; Reliance leads",https://www.moneycontrol.com/news/business/markets/mcap-of-nine-of-top-10-most-valued-firms-surges-rs-97463-crore-reliance-leads-11665501.html
2023-11-02,"Mukesh Ambani Reliance Industries mulls Rs 15 , 000 crore bond sale : Report",https://www.businesstoday.in/latest/corporate/story/mukesh-ambanis-reliance-industries-mulls-rs-15000-crore-bond-sale-report-404249-2023-11-02
2023-11-02,reliance industries : Ambani Reliance Industries considers record $1 . 8 billion bond sale,https://economictimes.indiatimes.com/markets/stocks/news/ambanis-reliance-industries-considers-record-1-8-billion-bond-sale/articleshow/104903393.cms
2023-11-26,"Mcap of four of top 10 most - valued firms rise Rs 65 , 671 crore ; Reliance biggest winner",https://www.dailyexcelsior.com/mcap-of-four-of-top-10-most-valued-firms-rise-rs-65671-crore-reliance-biggest-winner/
2023-11-26,Top 10 Companies Gain Rs 65 671 Cr In Market Cap Led By Reliance - BW Businessworld,https://www.businessworld.in/article/Top-10-Companies-Gain-Rs-65-671-Cr-In-Market-Cap-Led-By-Reliance/26-11-2023-500094/
2023-10-23,"Meet Mukesh Ambani relative who is Reliance highest paid employee , more salary than CEOs of many companies",https://www.dnaindia.com/business/report-mukesh-ambani-s-relative-who-is-reliance-s-highest-paid-employee-more-salary-than-ceos-of-many-companies-3065623
2023-10-25,Asia Richest Man Mukesh Ambani May Soon Own Disney India Business,https://observer.com/2023/10/disney-sell-indian-business-mukesh-ambani/
2023-11-02,Ambani Reliance Industries considers record $1 . 8 billion bond sale,https://www.business-standard.com/companies/news/ambani-s-reliance-industries-considers-record-1-8-billion-bond-sale-123110200192_1.html
2023-11-02,"Ambani Reliance Industries considers record Rs 15 , 000 - crore bond sale",https://www.deccanherald.com/business/ambanis-reliance-industries-considers-record-rs-15000-crore-bond-sale-2753191
2023-12-13,Reliance Industries partners with DBS Bank for financing programme of CBG plants,https://www.moneycontrol.com/news/business/reliance-industries-partners-with-dbs-bank-for-financing-programme-of-cbg-plants-11899121.html
2023-12-24,"Mcap of three of 10 most valued firms jump Rs 70 , 312 . 7 cr ; Reliance biggest winner",https://www.dailyexcelsior.com/mcap-of-three-of-10-most-valued-firms-jump-rs-70312-7-cr-reliance-biggest-winner/
2023-10-30,"3rd e - mail sent to Ambani company , this time raising demand to ₹400cr | India News",https://timesofindia.indiatimes.com/india/3rd-e-mail-sent-to-ambani-company-this-time-raising-demand-to-400cr/articleshow/104835217.cms
2023-10-31,"3rd e - mail sent to Ambani company , this time raising demand to Rs 400 crore | Mumbai News",https://timesofindia.indiatimes.com/city/mumbai/3rd-e-mail-sent-to-ambani-company-this-time-raising-demand-to-400cr/articleshow/104835217.cms
2023-11-05,"M - cap of 9 of top - 10 most valued firms surges Rs 97 , 463 cr ; Reliance leads",https://www.business-standard.com/markets/news/m-cap-of-9-of-top-10-most-valued-firms-surges-rs-97-463-cr-reliance-leads-123110500222_1.html
2023-11-05,"Mcap of 9 of top 10 most valued firms surges Rs 97 , 463 Cr ; Reliance Industries leads",https://social.yourstory.com:443/enterprise-story/2023/11/mcap-of-9-of-top-10-most-valued-firms-surges-reliance-leads
2023-11-05,"Mcap of 9 of top 10 most valued firms surges Rs 97 , 463 Cr ; Reliance Industries leads",https://her.yourstory.com:443/enterprise-story/2023/11/mcap-of-9-of-top-10-most-valued-firms-surges-reliance-leads
2023-11-05,"M - cap of nine of top - 10 most valued firms surges Rs 97 , 463 crore ; Reliance leads",https://www.tribuneindia.com/news/business/m-cap-of-nine-of-top-10-most-valued-firms-surges-rs-97-463-crore-reliance-leads-559725
2023-11-05,"Mcap of nine of top - 10 most valued firms surges Rs 97 , 463 crore ; Reliance leads",https://www.dailypioneer.com/2023/business/mcap-of-nine-of-top-10-most-valued-firms-surges-rs-97-463-crore--reliance-leads.html
2023-11-21,"Reliance Industries to invest additional Rs 20 , 000 crore in Bengal in 3 years : Mukesh Ambani",https://www.tribuneindia.com/news/business/reliance-industries-to-invest-additional-rs-20-000-cr-in-bengal-in-3-years-mukesh-ambani-564562
2023-11-17,Good news for Mukesh Ambani as Isha Ambani gets RBI approval for …,https://www.dnaindia.com/business/report-good-news-for-mukesh-ambani-as-isha-ambani-gets-rbi-approval-for-jio-financial-director-3068629
2023-10-28,"RIL Chairman Mukesh Ambani receives death threat , email demands Rs 20 crore",https://www.moneycontrol.com/news/business/ril-chairman-mukesh-ambani-receives-death-threat-email-demands-rs-20-crore-11616301.html
2023-11-26,"Mcap of four of top 10 most - valued firms rise Rs 65 , 671 crore ; Reliance biggest winner",https://indianexpress.com/article/business/mcap-most-valued-firms-rise-reliance-biggest-winner-9042883/
2023-10-27,"Isha , Akash and Anant Ambani get shareholder nod for appointment on RIL board",https://indianexpress.com/article/business/companies/mukesh-ambani-scions-isha-anant-anant-shareholder-nod-reliance-board-appointment-9001714/
2023-11-21,Markets rebound in early trade after two days of fall,https://www.tribuneindia.com/news/business/markets-rebound-in-early-trade-after-two-days-of-fall-564495
2023-11-22,"Reliance to pump in additional Rs 20 , 000 crore in Bengal in 3 years",https://www.tribuneindia.com/news/business/reliance-to-pump-in-additional-rs-20-000-crore-in-bengal-in-3-years-564718
2023-12-15,"RIL , Adani , JSW Energy , L & T bid for green hydrogen , electrolyser incentives - sources",https://www.marketscreener.com/quote/stock/JSW-ENERGY-LIMITED-6500125/news/RIL-Adani-JSW-Energy-L-T-bid-for-green-hydrogen-electrolyser-incentives-sources-45579486/
2023-12-24,M cap Of Three Top Companies Surges By Rs 70 312 Cr - BW Businessworld,https://www.businessworld.in/article/M-cap-Of-Three-Top-Companies-Surges-By-Rs-70-312-Cr/24-12-2023-503340/
2023-11-08,"Reliance files for record ₹20 , 000 crore bond sale",https://www.hindustantimes.com/business/reliance-files-for-record-rs-20-000-crore-bond-sale-101699432756142.html
2023-10-28,"Mukesh Ambani gets death threat via email , with Rs 20 cr demand",https://www.rediff.com/news/report/mukesh-ambani-gets-death-threat-via-email-with-rs-20-cr-demand/20231028.htm
2023-12-30,"Business Success Story : Dhirubhai Ambani , The Visionary Trailblazer Who Rewrote India Business Narrative | Companies News",https://zeenews.india.com/companies/business-success-story-dhirubhai-ambani-the-visionary-trailblazer-who-rewrote-indias-business-narrative-2704269.html
2023-12-04,Tribunal quashes Sebi order against Mukesh Ambani,https://www.rediff.com/business/report/tribunal-quashes-sebis-order-against-mukesh-ambani/20231204.htm
2023-10-15,"Mcap of six of top 10 firms jumps ₹70 , 527 . 11 crore ; Reliance Industries biggest gainer",https://www.thehindu.com/business/markets/mcap-of-six-of-top-10-firms-jumps-7052711-crore-reliance-industries-biggest-gainer/article67423423.ece
2023-10-27,"RIL Q2 Results : Net Profit Rises 27 % to Rs 17 , 394 Crore , Revenue At Rs 2 . 34 Lakh Crore",https://www.news18.com/business/ril-q2-results-net-profit-rises-27-to-rs-17394-crore-revenue-at-rs-2-34-lakh-crore-8636699.html
2023-11-07,"Alok Industries stock soars 7 % after board nod to Rs 3 , 300 crore NCD issue to Reliance Industries",https://www.moneycontrol.com/news/business/stocks/alok-industries-stock-soars-7-percent-after-board-oks-rs-3300-crore-ncd-issue-to-reliance-industries-11685981.html
2023-10-24,Reliance reportedly plotting multi - billion dollar deal for major stake in Disney+Hotstar,https://www.gizbot.com/news/reliance-reportedly-plotting-multi-billion-dollar-deal-major-stake-disney-hotstar-gen-088023.html
2023-12-03,"Mcap of nine of top - 10 most valued firms up Rs 1 . 30 lakh crore ; Airtel , TCS biggest gainers",https://timesofindia.indiatimes.com/business/india-business/mcap-of-nine-of-top-10-most-valued-firms-up-rs-1-30-lakh-crore-airtel-tcs-biggest-gainers/articleshow/105696003.cms
2023-11-02,Ambani Reliance Industries Considers Record $1 . 8 Billion Bond Sale,https://www.bnnbloomberg.ca/ambani-s-reliance-industries-considers-record-1-8-billion-bond-sale-1.1992848
2023-12-03,"Mcap of nine of top - 10 most valued firms up Rs 1 . 30 lakh crore ; Airtel , TCS biggest gainers",https://www.financialexpress.com/market/mcap-of-nine-of-top-10-most-valued-firms-up-rs-1-30-lakh-crore-airtel-tcs-biggest-gainers-3326180/
2023-11-19,"TCS , Infy lead as 7 of India Inc Top 10 add Rs 1 . 50 lakh cr to market value",https://www.moneycontrol.com/news/business/markets/mcap-of-7-of-top-10-firms-swells-rs-1-50-lakh-cr-tcs-infosys-biggest-gainers-11767211.html
2023-12-03,"market capitalisation | Market capitalisation of nine of top - 10 most valued firms up Rs 1 . 30 lakh crore ; Airtel , Tata Consultancy Services biggest gainers",https://www.telegraphindia.com/business/market-capitalisation-of-nine-of-top-10-most-valued-firms-up-rs-1-30-lakh-crore-airtel-tata-consultancy-services-biggest-gainers/cid/1984234
2023-12-03,"market capitalisation | Market capitalisation of nine of top - 10 most valued firms up Rs 1 . 30 lakh crore ; Airtel , Tata Consultancy Services biggest gainers",https://www.telegraphindia.com/feeds/business/market-capitalisation-of-nine-of-top-10-most-valued-firms-up-rs-1-30-lakh-crore-airtel-tata-consultancy-services-biggest-gainers/cid/1984234
2023-10-15,"Mcap of six of top 10 firms jumps Rs 70 , 527 . 11 crore ; RIL biggest gainer",https://www.business-standard.com/companies/news/mcap-of-six-of-top-10-firms-jumps-rs-70-527-11-crore-ril-biggest-gainer-123101500501_1.html
2023-11-19,"Mcap of 7 of top 10 firms swells Rs 1 . 50 lakh cr ; TCS , Infosys biggest gainers",https://www.financialexpress.com/market/mcap-of-7-of-top-10-firms-swells-rs-1-50-lakh-cr-tcs-infosys-biggest-gainers-3310983/
2023-11-19,"Mcap of 7 of top 10 firms swells ₹1 . 50 lakh crore ; TCS , Infosys biggest gainers",https://www.thehindubusinessline.com/markets/mcap-of-7-of-top-10-firms-swells-150-lakh-crore-tcs-infosys-biggest-gainers/article67550399.ece
2023-11-19,"M - cap of 7 of top - 10 firms swells Rs 1 . 50 lakh - crore ; TCS , Infosys biggest gainers",https://www.tribuneindia.com/news/business/m-cap-of-7-of-top-10-firms-swells-rs-1-50-lakh-crore-tcs-infosys-biggest-gainers-563844
2023-10-09,"Isha , Akash and Anant Ambani to get these perks as Reliance board members ; salary for each meeting is …",https://www.dnaindia.com/business/report-isha-akash-and-anant-ambani-to-get-these-perks-as-reliance-board-members-salary-per-meeting-mukesh-ambani-3063688
2023-12-05,"SAT quashes SEBI order against RIL , Ambani",https://indianexpress.com/article/business/market/sat-quashes-sebi-order-against-ril-ambani-9054581/
2023-10-22,"tcs : Mcap of top 10 valued firms plunge Rs 1 . 52 lakh cr last week ; Reliance , TCS biggest laggards",https://economictimes.indiatimes.com/markets/stocks/news/mcap-of-top-10-valued-firms-plunge-rs-1-52-lakh-cr-last-week-reliance-tcs-biggest-laggards/articleshow/104623665.cms
2023-12-31,HDFC Bank m - cap : Mcap of 8 of top - 10 most valued firms jump Rs 1 . 29 lakh cr ; HDFC Bank biggest gainer,https://economictimes.indiatimes.com/markets/stocks/news/mcap-of-8-of-top-10-most-valued-firms-jump-rs-1-29-lakh-cr-hdfc-bank-biggest-gainer/articleshow/106415290.cms
2023-12-31,Mcap of 8 of top - 10 most valued firms jump Rs 1 . 29 lakh crore ; HDFC Bank biggest gainer,https://timesofindia.indiatimes.com/business/india-business/mcap-of-8-of-top-10-most-valued-firms-jump-rs-1-29-lakh-crore-hdfc-bank-biggest-gainer/articleshow/106415804.cms
2023-12-31,Mcap of 8 of top - 10 most valued firms jump Rs 1 . 29 lakh cr ; HDFC Bank biggest gainer,https://www.financialexpress.com/market/mcap-of-8-of-top-10-most-valued-firms-jump-rs-1-29-lakh-cr-hdfc-bank-biggest-gainer-3351796/
2023-10-22,"M - cap of top - 10 most valued firms erodes by Rs 1 . 52 lakh - crore ; Reliance , TCS biggest laggards",https://www.tribuneindia.com/news/business/m-cap-of-top-10-most-valued-firms-erodes-by-rs-1-52-lakh-crore-reliance-tcs-biggest-laggards-555600
2023-10-28,"Reliance Industries shows robust growth ; net profit reaches Rs 19 , 878 crore , EBITDA at Rs 44 , 867",https://timesofoman.com/article/137760-reliance-industries-shows-robust-growth-with-297-jump-in-net-profit
2023-12-04,TVS Holding applies for CIC registration to RBI,https://www.moneycontrol.com/news/business/tvs-holding-applies-for-cic-registration-to-rbi-11853131.html
2023-12-22,"Isha Ambani may receive this huge Christmas gift , her Rs 800000 crore company to get …",https://www.dnaindia.com/business/report-isha-ambani-may-receive-this-huge-christmas-gift-her-rs-800000-crore-company-to-get-3072283
2023-10-22,Mcap of Top - 10 Valued Firms Plunges Rs 1 . 52 Lakh Crore,https://www.news18.com/business/mcap-of-top-10-valued-firms-plunge-rs-1-52-lakh-crore-8628934.html
2023-11-09,Reliance Industries Plans To Raise Rs 200 Bn Via Biggest Bond Issue Till Date,https://www.businessworld.in/article/Reliance-Industries-Plans-To-Raise-Rs-200-Bn-Via-Biggest-Bond-Issue-Till-Date/09-11-2023-498213/
2023-12-03,"Mcap of nine of top - 10 most valued firms up Rs 1 . 30 lakh crore ; Airtel , TCS biggest gainers",https://www.moneycontrol.com/news/business/markets/mcap-of-nine-of-top-10-most-valued-firms-up-rs-1-30-lakh-crore-airtel-tcs-biggest-gainers-11846321.html
2023-11-12,"M - cap of 4 of top - 10 firms decline by Rs 23 , 417 cr ; TCS biggest laggard",https://www.business-standard.com/markets/news/m-cap-of-4-of-top-10-firms-decline-by-rs-23-417-cr-tcs-biggest-laggard-123111200191_1.html
2023-11-12,"Mcap of four of top - 10 most valued firms decline by ₹23 , 417 cr",https://www.thehindubusinessline.com/markets/mcap-of-four-of-top-10-most-valued-firms-decline-by-23417-cr/article67526983.ece
2023-12-31,Mcap of 8 of top - 10 most valued firms jump Rs 1 . 29 lakh cr ; HDFC Bank biggest gainer,https://www.moneycontrol.com/news/business/markets/mcap-of-8-of-top-10-most-valued-firms-jump-rs-1-29-lakh-cr-hdfc-bank-biggest-gainer-11978611.html
2023-11-09,"Sensex today : Festive cheer eludes D - Street ! Sensex , Nifty dip despite firm Asian market cues",https://economictimes.indiatimes.com/markets/stocks/news/festive-cheer-eludes-d-street-sensex-nifty-dip-despite-firm-asian-market-cues/articleshow/105083842.cms
2023-12-17,"tcs : Mcap of nine of top - 10 most valued firms jumps Rs 2 . 26 lakh cr ; TCS , Infosys biggest gainers",https://economictimes.indiatimes.com/markets/stocks/news/mcap-of-nine-of-top-10-most-valued-firms-jumps-rs-2-26-lakh-cr-tcs-infosys-biggest-gainers/articleshow/106059240.cms
2023-12-20,Reliance paid ₹254 crore to this German firm to use its brand name in India,https://www.hindustantimes.com/business/reliance-mukesh-ambani-paid-rs-254-crore-to-this-german-multinational-for-using-its-name-in-india-101703043281559.html
2023-10-27,"Mukesh Ambani Children Isha , Akash , and Anant Appointed As Non - Executive Directors At Reliance Industries",https://www.timesnownews.com/business-economy/companies/mukesh-ambanis-children-isha-akash-and-anant-appointed-as-non-executive-directors-at-reliance-industries-article-104753552
2023-11-07,Reliance Industries files for record $2 . 4 billion rupee bond sale : Report,https://www.business-standard.com/companies/news/reliance-industries-files-for-record-rs-240-crore-rupee-bond-sale-report-123110701356_1.html
2023-11-21,"Sensex , Nifty rebound in early trade on positive global cues",https://www.thehindu.com/business/markets/sensex-nifty-rebound-in-early-trade-on-positive-global-cues/article67556876.ece
2023-12-17,"M - cap of nine of top - 10 most valued firms jumps Rs 2 . 26 lakh - crore ; TCS , Infosys biggest gainers",https://www.tribuneindia.com/news/business/m-cap-of-nine-of-top-10-most-valued-firms-jumps-rs-2-26-lakh-crore-tcs-infosys-biggest-gainers-572813
2023-10-10,Looking for the next big winners on Dalal Street ? Why large cap stocks may offer best returns,https://timesofindia.indiatimes.com/business/india-business/looking-for-the-next-big-winners-on-dalal-street-why-large-cap-stocks-may-offer-best-returns/articleshow/104306945.cms
2023-11-24,"Meet Isha Ambani  right hand , Mukesh Ambani first employee at retail brand , his salary is …",https://www.dnaindia.com/business/report-meet-isha-ambani-s-right-hand-mukesh-ambani-s-first-employee-retail-brand-his-salary-is-3069423
2023-11-04,Mukesh Ambani Death Threat : Reliance Industries Chairman Gets Email Threatening of â€˜Serious Consequencesâ€™ if He Fails To Pay Rs 400 Crore,https://www.latestly.com/socially/india/news/mukesh-ambani-death-threat-reliance-industries-chairman-gets-email-threatening-of-serious-consequences-if-he-fails-to-pay-rs-400-crore-5538116.html
2023-11-21,Reliance Foundation to renovate and restore Kalighat temple in Kolkata,https://www.theweek.in/news/biz-tech/2023/11/21/reliance-foundation-to-renovate-and-restore-kalighat-temple-in-kolkata.html
2023-12-29,Reliance belongs to ...: What Mukesh Ambani said on RIL succession planning,https://www.hindustantimes.com/business/reliance-belongs-to-what-mukesh-ambani-said-on-rils-succession-planning-anant-isha-akash-101703808682978.html
2023-11-30,5 best equity mutual funds to consider for year - end investment based on their past three - year returns,https://www.livemint.com/money/personal-finance/5-best-equity-mutual-funds-to-consider-for-year-end-investment-based-on-their-past-three-year-returns-11701322558903.html
2023-10-07,"ADIA to invest Rs 4 , 966 cr in Reliance Retail Ventures",https://www.tribuneindia.com/news/business/adia-to-invest-4-966-cr-in-reliance-retail-ventures-551172
2023-11-21,"Stock market | Sensex climbs over 268 points to 65 , 923 in early trade ; Nifty up 85 points to 19 , 779",https://www.telegraphindia.com/feeds/business/sensex-climbs-over-268-points-to-65923-in-early-trade-nifty-up-85-points-to-19779/cid/1981452
2023-11-21,"Stock market | Sensex climbs over 268 points to 65 , 923 in early trade ; Nifty up 85 points to 19 , 779",https://www.telegraphindia.com/business/sensex-climbs-over-268-points-to-65923-in-early-trade-nifty-up-85-points-to-19779/cid/1981452
2023-12-20,"Reliance India  most visible company , defeats Adani , SBI : Report",https://www.hindustantimes.com/business/reliance-indias-most-visible-company-defeats-adani-sbi-report-101703069627403.html
2023-10-27,"Isha , Akash and Anant Ambani get shareholders nod for appointment as RIL non - executive directors",https://www.moneycontrol.com/news/business/isha-akash-and-anant-ambani-get-shareholders-nod-for-appointment-as-ril-non-executive-directors-11610891.html
2023-10-18,Anant Ambani : Some proxy firms oppose RIL move to give a board seat to Anant Ambani,https://economictimes.indiatimes.com/markets/stocks/news/some-proxy-firms-oppose-rils-move-to-give-a-board-seat-to-anant-ambani/articleshow/104510328.cms
2023-11-28,"BSE : Listing of new Commercial Paper of Reliance Industries Ltd - November 28 , 2023 at 07 : 57 am EST",https://www.marketscreener.com/quote/stock/BSE-LIMITED-33930062/news/BSE-Listing-of-new-Commercial-Paper-of-Reliance-Industries-Ltd-45451386/
2023-12-10,"market valuation : Seven of top - 10 most valued firms added Rs 3 . 04 lakh cr in m - cap ; HDFC Bank , LIC biggest gainers",https://economictimes.indiatimes.com/markets/stocks/news/seven-of-top-10-most-valued-firms-added-rs-3-04-lakh-cr-in-m-cap-hdfc-bank-lic-biggest-gainers/articleshow/105876541.cms
2023-10-27,Business brief,https://www.dailypioneer.com/2023/business/business-brief-business-brief-2023-10-28.html
2023-12-10,"M - cap of seven of top - 10 most valued firms add Rs 3 . 04 lakh - crore ; HDFC Bank , LIC biggest gainers",https://www.tribuneindia.com/news/business/m-cap-of-seven-of-top-10-most-valued-firms-add-rs-3-04-lakh-crore-hdfc-bank-lic-biggest-gainers-570612
2023-10-23,Reliance Industries nearing deal to buy Walt Disney India ops,https://article.wn.com/view/2023/10/23/Reliance_Industries_nearing_deal_to_buy_Walt_Disney_s_India_/
2023-12-20,"Sensex at 71 , 913 and Nifty at 21 , 591 hit fresh all - time highs",https://www.tribuneindia.com/news/business/sensex-at-71-913-and-nifty-at-21-591-hit-fresh-all-time-highs-573743
2023-11-29,"Stock Market : Sensex Rises By 305 Points , Nifty By 103 In Early Market Trade",https://www.ndtv.com/business/stock-market-sensex-rises-by-305-points-nifty-by-103-in-early-market-trade-4616211
2023-11-28,Netweb Tech shares fire up 10 % on collaboration with NVIDIA,https://www.moneycontrol.com/news/business/markets/netweb-tech-shares-fire-up-10-on-collaboration-with-nvidia-11819431.html
2023-11-29,"Markets climb in early trade on foreign fund inflows , buying in IT stocks",https://www.thehindu.com/business/markets/markets-climb-in-early-trade-on-foreign-fund-inflows-buying-in-it-stocks/article67585896.ece
2023-11-29,"Stock market | Sensex climbs over 305 points to 66 , 479 in early trade ; Nifty up 103 points to 19 , 992",https://www.telegraphindia.com/business/sensex-climbs-over-305-points-to-66479-in-early-trade-nifty-up-103-points-to-19992/cid/1983350
2023-11-29,"Stock market | Sensex climbs over 305 points to 66 , 479 in early trade ; Nifty up 103 points to 19 , 992",https://www.telegraphindia.com/feeds/business/sensex-climbs-over-305-points-to-66479-in-early-trade-nifty-up-103-points-to-19992/cid/1983350
2023-10-05,Markets fall on unabated foreign fund outflows,https://www.rediff.com/business/report/markets-fall-on-unabated-foreign-fund-outflows/20231003.htm
2023-11-22,Markets climb in early trade on buying in Reliance,https://timesofindia.indiatimes.com/business/india-business/markets-climb-in-early-trade-on-buying-in-reliance/articleshow/105405108.cms
2023-10-31,20 ... 200 ... 400 - Crore - Mukesh Ambani Gets 3rd Threat Mail In A Week : Report,https://www.ndtv.com/india-news/20-200-400-crore-mukesh-ambani-gets-3rd-threat-mail-in-a-week-report-4530175
2023-11-04,Two More Threatening Emails Sent To Mukesh Ambani,https://www.oneindia.com/india/two-more-threatening-emails-sent-to-mukesh-ambani-3675459.html
2023-11-22,Sensex | Markets climb in early trade on buying in index major Reliance Industries,https://www.telegraphindia.com/business/markets-climb-in-early-trade-on-buying-in-index-major-reliance-industries/cid/1981710
2023-11-22,Sensex | Markets climb in early trade on buying in index major Reliance Industries,https://www.telegraphindia.com/feeds/business/markets-climb-in-early-trade-on-buying-in-index-major-reliance-industries/cid/1981710
2023-12-10,"Mcap of seven of top - 10 most valued firms added Rs 3 . 04 lakh crore ; HDFC Bank , LIC biggest gainers",https://www.moneycontrol.com/news/business/markets/mcap-of-seven-of-top-10-most-valued-firms-added-rs-3-04-lakh-crore-hdfc-bank-lic-biggest-gainers-11881341.html
2023-12-12,"Disney , Reliance working on terms of India media operations merger",https://www.deccanherald.com/business/disney-reliance-working-on-terms-of-india-media-operations-merger-et-2-2807006
2023-12-13,"Stocks to watch out for today : Reliance Industries , Axis Bank , Wipro , Ultratech Cement and more",https://www.businesstoday.in/markets/trending-stocks/story/stocks-to-watch-out-for-today-reliance-industries-axis-bank-wipro-ultratech-cement-and-more-409233-2023-12-13
2023-10-28,Rs 20 Cr Extortion - Cum - Death Threat Email To Tycoon Mukesh Ambani,https://article.wn.com/view/2023/10/28/Rs_20_Cr_ExtortionCumDeath_Threat_Email_To_Tycoon_Mukesh_Amb/
2023-10-22,"Mcap of top 10 valued firms plunge Rs 1 . 52 lakh crore last week ; Reliance , TCS biggest laggards",https://indianexpress.com/article/business/market/market-cap-top-10-valued-firms-plunge-reliance-tcs-biggest-laggards-8994630/
2023-11-29,"Markets climb in early trade on foreign fund inflows , buying in IT stocks",https://www.tribuneindia.com/news/business/markets-climb-in-early-trade-on-foreign-fund-inflows-buying-in-it-stocks-567073
2023-10-31,Mukesh Ambani receives third threat email with ₹400 crore demand,https://www.hindustantimes.com/india-news/mukesh-ambani-threat-email-400-crore-demand-reliance-mumbai-police-101698725312295.html
2023-12-06,"Why did Sebi impose ₹25 crore fine on Mukesh Ambani , Reliance ?",https://www.hindustantimes.com/business/what-did-sebi-impose-rs-25-crore-fine-on-mukesh-ambani-reliance-know-why-order-was-quashed-ril-101701830933769.html
2023-10-09,"Hindustan Petroleum Corp : India HPCL aims to cut diesel purchase from other cos following output boost , ET Auto",https://auto.economictimes.indiatimes.com/news/oil-and-lubes/indias-hpcl-aims-to-cut-diesel-purchase-from-other-cos-following-output-boost/104287308
2023-12-17,"Reliance , Adani Enterprises India biggest wealth creators from 2018 - 23 : Study",https://article.wn.com/view/2023/12/17/Reliance_Adani_Enterprises_Indias_biggest_wealth_creators_fr/
2023-12-20,Stock Market | Sensex and Nifty hit fresh all - time high levels,https://www.telegraphindia.com/business/sensex-and-nifty-hit-fresh-all-time-high-levels/cid/1988136
2023-12-07,"Gautam Adani inches closer to rival Mukesh Ambani , Adani group behind by just Rs …",https://www.dnaindia.com/business/report-gautam-adani-inches-closer-to-rival-mukesh-ambani-adani-group-behind-by-just-rs-3070872
2023-11-24,Jio Financial Services Applies to RBI for Conversion from NBFC to CIC,https://www.siliconindia.com/news/general/jio-financial-services-applies-to-rbi-for-conversion-from-nbfc-to-cic-nid-226630-cid-1.html
2023-11-21,Bengal marquee business summit from Tuesday | Science - Environment,https://www.devdiscourse.com/article/science-environment/2719574-bengals-marquee-business-summit-from-tuesday
2023-10-31,"Jio World Plaza opens in Mumbai , sets the bar for top - end retail , entertainment experience in India",https://www.firstpost.com/india/jio-world-plaza-opens-in-mumbai-sets-the-bar-for-top-end-retail-entertainment-experience-in-india-13325262.html
2023-12-24,"Market capitalisation of 3 of 10 most valued firms jump ₹70 , 312 . 7 crore ; RIL , HDFC Bank and HUL top gainers",https://www.livemint.com/market/stock-market-news/market-capitalisation-of-3-of-10-most-valued-firms-jump-rs-70-312-7-crore-ril-hdfc-bank-and-hul-top-gainers-11703394092036.html
2023-12-28,"Mukesh Ambani owned Reliance Jio investing big on AI tool for Indians , planning to launch …",https://www.dnaindia.com/technology/report-mukesh-ambani-owned-reliance-jio-investing-big-on-bharat-gpt-ai-tool-for-indians-planning-to-launch-3072857
2023-12-20,"Sensex , Nifty hit fresh all - time high levels amid firm global trends",https://www.theweek.in/news/biz-tech/2023/12/20/sensex-nifty-hit-fresh-all-time-high-levels-amid-firm-global-trend.html
2023-10-18,Mukesh Ambani luxury real estate bet gets HSBC financing boost,https://article.wn.com/view/2023/10/18/Mukesh_Ambani_s_luxury_real_estate_bet_gets_HSBC_financing_b_h/
2023-11-04,Samvat 2080 : Kotak Securities picks eight potential stock ideas,https://aninews.in/news/business/business/samvat-2080-kotak-securities-picks-eight-potential-stock-ideas20231104133501/
2023-11-22,Sensex ends up 92 points in volatile trade,https://www.rediff.com/business/report/sensex-ends-up-92-points-in-volatile-trade/20231122.htm
2023-10-31,Mukesh Ambani gets 3rd death threat demanding Rs 400 crore ransom,https://economictimes.indiatimes.com/news/india/mukesh-ambani-gets-3rd-death-threat-demanding-rs-400-crore-ransom/articleshow/104841352.cms
2023-12-20,"Covid scare , profit booking , and more : 5 reasons why Sensex plunged 931 points today",https://www.businesstoday.in/visualstories/stock/covid-scare-profit-booking-and-more-5-reasons-why-sensex-plunged-931-points-today-83393-20-12-2023
2023-12-19,"Sensex , Nifty hit new record highs on firm global trends , buying in Reliance",https://www.tribuneindia.com/news/business/sensex-nifty-hit-new-record-highs-on-firm-global-trends-buying-in-reliance-573484
2023-12-06,"Not only Mukesh Ambani , Gautam Adani , these Indians are also billionaires and own massive wealth",https://www.dnaindia.com/business/report-forbes-2023-indian-billionaires-mukesh-ambani-gautam-adani-shiv-nadar-cyrus-poonawalla-dilip-shanghvi-damani-3070771
2023-10-05,RIL unveils swappable battery for EVs,https://www.tribuneindia.com/news/business/ril-unveils-swappable-battery-for-evs-550632
2023-10-11,Mukesh Ambani and Gautam Adani to Shiv Nadar and Savitri Jindal : Meet the 7 richest people in India in October,https://www.financialexpress.com/lifestyle/mukesh-ambani-and-gautam-adani-to-shiv-nadar-and-savitri-jindal-meet-the-7-richest-people-in-india-in-october/3269020/
2023-10-26,Reliance Industries Expected to Post 32 % Rise in Second - Quarter Net Profit -- Earnings Preview,https://www.marketwatch.com/story/reliance-industries-expected-to-post-32-rise-in-second-quarter-net-profit-earnings-preview-fc5a61da
2023-10-30,Reliance Industries shares climb over 2 % after Q2 earnings,https://timesofindia.indiatimes.com/business/india-business/reliance-industries-shares-climb-over-2-after-q2-earnings/articleshow/104815077.cms
2023-11-07,"Isha Ambani Rs 8 . 4 lakh crore brand gets big push ahead of Diwali , partners with local brands after Armani , Versace",https://www.dnaindia.com/business/report-isha-ambani-s-rs-84-lakh-crore-brand-gets-big-push-ahead-of-diwali-partners-with-local-brands-after-armani-3067456
2023-10-27,"Isha , Akash , Anant get shareholder approval to be appointed on RIL board",https://article.wn.com/view/2023/10/27/Isha_Akash_Anant_get_shareholders_approval_to_be_appointed_o/
2023-10-31,RIL to open luxury retail destination Jio World Plaza on Nov 1 in Mumbai,https://article.wn.com/view/2023/10/31/RIL_to_open_luxury_retail_destination_Jio_World_Plaza_on_Nov/
2023-12-04,"Mukesh Ambani bold Rs 33 , 28 , 97 , 800 crore prediction for India , the economy will ...",https://www.dnaindia.com/business/report-mukesh-ambani-s-bold-rs-332897800-crore-prediction-for-india-the-economy-will-3070609
2023-10-27,"Reliance Industries | Ambani scions Akash , Isha and Anant get shareholder nod for appointment on Reliance Industries board",https://www.telegraphindia.com/feeds/business/ambani-scions-akash-isha-and-anant-get-shareholder-nod-for-appointment-on-reliance-industries-board/cid/1975716
2023-10-18,HSBC Boosts Mukesh Ambani Luxury Real Estate Bet After Stoke Park,https://www.bloomberg.com/news/articles/2023-10-18/mukesh-ambani-s-luxury-real-estate-bet-gets-hsbc-financing-boost
2023-10-31,"Mukesh Ambani receives death threat again via same email , sender demands Rs 400 Cr",https://aninews.in/news/national/general-news/mukesh-ambani-receives-death-threat-again-via-same-email-sender-demands-rs-400-cr20231031121714/
2023-11-15,"Meet daughter of Mukesh Ambani  right hand , helps Isha Ambani run Rs 8 . 4 lakh crore firm , she is …",https://www.dnaindia.com/business/report-meet-daughter-of-mukesh-ambani-s-right-hand-helps-isha-ambani-run-rs-84-lakh-crore-firm-she-is-3068368
2023-11-01,Jio World Plaza opens its doors in Mumbai,https://article.wn.com/view/2023/10/31/Jio_World_Plaza_opens_its_doors_in_Mumbai/
2023-12-13,"Bharat Petroleum may join Reliance , IOCL to secure oil from Venezuela",https://economictimes.indiatimes.com/industry/energy/oil-gas/bharat-petroleum-may-join-reliance-iocl-to-secure-oil-from-venezuela/articleshow/105955301.cms
2023-12-14,Reliance becomes biggest wealth creator in last 5 years : Report,https://www.hindustantimes.com/business/reliance-becomes-biggest-wealth-creator-in-last-5-years-surpasses-tcs-infosys-report-101702566254266.html
2023-11-21,India Jio Financial Services in talks for maiden bond issue - bankers - Banking & Finance News,https://www.financialexpress.com/business/banking-finance-jio-financial-services-in-talks-for-maiden-bond-issue-bankers-3313150/
2023-12-12,Disney In Talks With Mukesh Ambani Reliance For Mega Indian Media Merger - Walt Disney ( NYSE : DIS ),https://www.benzinga.com/m-a/23/12/36189798/disney-in-talks-with-mukesh-ambanis-reliance-for-mega-indian-media-merger
2023-10-03,"Markets fall on unabated foreign fund outflows ; HDFC Bank , Reliance also drag",https://www.tribuneindia.com/news/business/markets-fall-on-unabated-foreign-fund-outflows-hdfc-bank-reliance-also-drag-550072
2023-12-22,"Sensex rebounds 358 pts on buying in HDFC Bank , Reliance Industries",https://www.dailyexcelsior.com/sensex-rebounds-358-pts-on-buying-in-hdfc-bank-reliance-industries/
2023-10-30,Latest News | Reliance Industries Shares Climb over 2 Pc After Q2 Earnings,https://www.latestly.com/agency-news/latest-news-reliance-industries-shares-climb-over-2-pc-after-q2-earnings-5524459.html
2023-10-27,"Reliance Industrial Infrastructure Q2 profit up 40 . 7 % to Rs 3 . 18 crore , revenue drops by 13 . 6 %",https://www.financialexpress.com/business/industry-reliance-industrial-infrastructure-q2-profit-up-40-7-to-rs-318-crore-revenue-drops-by-136-3288183/
2023-10-28,"Mukesh Ambani gets death threat via e - mail , told to pay Rs 20 crore",https://www.businesstoday.in/latest/trends/story/mukesh-ambani-gets-death-threat-via-e-mail-told-to-pay-rs-20-crore-403613-2023-10-28
2023-10-03,"Markets fall on unabated foreign fund outflows ; HDFC Bank , Reliance drag",https://www.theweek.in/news/biz-tech/2023/10/03/markets-fall-on-unabated-foreign-fund-outflows-hdfc-bank-reliance-drag.html
2023-10-29,"Mcap of top - 10 most valued firms plunge Rs 1 . 93 lakh cr ; TCS , HDFC Bank biggest laggards",https://www.financialexpress.com/market/mcap-of-top-10-most-valued-firms-plunge-rs-1-93-lakh-cr-tcs-hdfc-bank-biggest-laggards-3290125/
2023-11-10,"Stocks that will see action today : November 10 , 2023 - The Hindu BusinessLine",https://www.thehindubusinessline.com/markets/stocks-that-will-see-action-today-november-10-2023/article67520013.ece
2023-10-29,"M - cap of top - 10 most valued firms plunge Rs 1 . 93 lakh - crore ; TCS , HDFC Bank biggest laggards",https://www.tribuneindia.com/news/business/m-cap-of-top-10-most-valued-firms-plunge-rs-1-93-lakh-crore-tcs-hdfc-bank-biggest-laggards-557601
2023-10-18,"Mukesh Ambani gets Rs 1165 crore loan boost after Rs 550 luxury property bet , check details",https://www.dnaindia.com/business/report-mukesh-ambani-gets-rs-1165-crore-loan-boost-after-rs-550-luxury-property-bet-check-details-3064957
2023-10-28,Pay Rs 20 Crore Or We Will Kill You : Reliance Industries Chairman Mukesh Ambani Gets Death Threat,https://menafn.com/1107321759/Pay-Rs-20-Crore-Or-We-Will-Kill-You-Reliance-Industries-Chairman-Mukesh-Ambani-Gets-Death-Threat
2023-12-20,Reliance continues to be India most visible corporate in media : Wizikey,https://www.business-standard.com/companies/news/reliance-continues-to-be-india-s-most-visible-corporate-in-media-wizikey-123122000866_1.html
2023-12-20,Reliance remains India most visible corporate in media even in 2023 : Wizikey report,https://aninews.in/news/business/business/reliance-remains-indias-most-visible-corporate-in-media-even-in-2023-wizikey-report20231220134358/
2023-11-07,Reliance Disney deal : Building a behemoth : All about the likely Reliance - Disney Star deal and its impact .,https://economictimes.indiatimes.com/prime/media-and-communications/building-a-behemoth-all-about-the-likely-reliance-disney-star-deal-and-its-impact-/primearticleshow/105020545.cms
2023-10-28,"Future Enterprises : Why Ambani and Jindal see future in debt - laden Future Group , ET Retail",https://retail.economictimes.indiatimes.com/news/food-entertainment/grocery/why-ambani-and-jindal-see-future-in-debt-laden-future-group/104782825
2023-12-03,Reliance targets Mumbai wealthy with new shopping mall - Nikkei Asia,https://asia.nikkei.com/Business/Retail/Reliance-targets-Mumbai-s-wealthy-with-new-shopping-mall
2023-12-05,Indian shares set to open at new record highs while global rally eases - Markets,https://www.brecorder.com/news/40276793/indian-shares-set-to-open-at-new-record-highs-while-global-rally-eases
2023-10-28,Mumbai News : Reliance Industries Chairman Mukesh Ambani Receives Death Threat On Email ; Case Filed,https://www.freepressjournal.in/mumbai/mumbai-news-reliance-industries-chairman-mukesh-ambani-receives-death-threat-on-email-case-filed
2023-11-22,Markets settle with modest gains in highly volatile trade,https://www.thehindu.com/business/markets/markets-settle-with-modest-gains-in-highly-volatile-trade/article67561602.ece
2023-10-30,India Reliance climbs on Q2 profit jump,https://www.zawya.com/en/markets/equities/indias-reliance-climbs-on-q2-profit-jump-wl8hx5wh
2023-11-11,Markets continue to rally for 7th day running,https://www.dailyexcelsior.com/markets-continue-to-rally-for-7th-day-running/
2023-11-21,"RIL to invest additional Rs 20 , 000 cr in Bengal in 3 years : Mukesh Ambani",https://www.rediff.com/business/report/ril-to-invest-additional-rs-20000-cr-in-bengal-in-3-years-mukesh-ambani/20231121.htm
2023-10-27,"RIL profit up 27 % driven by growth in telecom , retail segments",https://www.thehindubusinessline.com/companies/ril-profit-up-27-driven-by-growth-in-telecom-retail-segments/article67467022.ece
2023-12-22,​RIL Group market cap surges 10 % in 2023 ; 5 stocks from the group rally over 25 %,https://economictimes.indiatimes.com/markets/web-stories/ril-market-cap-surges-10-in-2023-5-stocks-from-the-group-rally-over-25/slideshow/106211173.cms
2023-10-27,Ambani scions get shareholder nod to become RIL non - executive directors,https://www.business-standard.com/companies/news/ambani-scions-get-shareholders-nod-to-become-ril-s-non-executive-directors-123102700309_1.html
2023-10-23,"Mukesh Ambani firm may finalise deal with Rs 83 , 000 crore streaming company ; to compete with Netflix , Amazon Prime",https://www.dnaindia.com/business/report-mukesh-ambani-firm-reliance-may-deal-rs-83000-crore-streaming-company-to-compete-with-netflix-amazon-prime-3065676
2023-11-21,Bengal Global Business Summit 2023 : Reliance to take up investment in state to Rs 65k cr,https://www.firstpost.com/business/bengal-global-business-summit-2023-reliance-to-take-up-investment-in-state-to-rs-65k-cr-13414012.html
2023-10-31,"Reliance ups retail game , Jio World Plaza opens in Mumbai , Retail News , ET Retail",https://retail.economictimes.indiatimes.com/news/food-entertainment/entertainment/reliance-ups-retail-game-jio-world-plaza-opens-in-mumbai/104854463
2023-12-28,Billionaire Mukesh Ambani Aims to Complete Reliance AI Transformation in 2024,https://www.bloomberg.com/news/articles/2023-12-28/ambani-targets-completing-reliance-s-ai-transformation-in-2024
2023-10-31,What the team under leadership of Isha has done makes me proud : Mukesh Ambani at Jio World Plaza launch,https://news.webindia123.com/news/Articles/Entertainment/20231031/4135026.html
2023-12-30,"Mukesh Ambani adds $9 . 98 billion in 2023 , leads Indians adding wealth",https://www.thestatesman.com/business/mukesh-ambani-adds-9-98-billion-in-2023-leads-indians-adding-wealth-1503254641.html
2023-11-08,Swadesh Store : Reliance Retail to take Swadesh store to US and Europe,https://timesofindia.indiatimes.com/business/india-business/reliance-retail-to-take-swadesh-store-to-us-and-europe/articleshow/105076420.cms
2023-10-29,M - cap of 10 most valued firms plunged ₹1 . 93 lakh cr last week . See top losers,https://www.hindustantimes.com/business/market-sensex-top-losers-tcs-hdfc-cap-of-top-10-most-valued-firms-plunge-rs-1-93-lakh-crore-see-top-losers-101698556848016.html
2023-10-30,Financials lead slide in Indian shares ; Reliance curbs losses,https://www.financialexpress.com/market/financials-lead-slide-in-indian-shares-reliance-curbs-losses-3290935/
2023-11-06,"Mukesh Ambani Reliance empire will go to ...: Nita Ambani reveals inheritance plan for Akash , Isha , Anant",https://www.dnaindia.com/business/report-mukesh-ambani-s-reliance-empire-will-go-to-nita-ambani-reveals-inheritance-plan-for-akash-isha-anant-3067332
2023-11-12,Indian Stocks Advance in Diwali Session on Improving Economy,https://www.bloomberg.com/news/articles/2023-11-12/indian-stocks-advance-in-diwali-session-on-improving-economy
2023-10-28,India Reliance misses profit view as crude drop hurts mainstay business,https://www.zawya.com/en/world/indian-sub-continent/indias-reliance-misses-profit-view-as-crude-drop-hurts-mainstay-business-rqvq4krn
2023-11-22,Markets settle with modest gains in highly volatile trade,https://www.dailyexcelsior.com/markets-settle-with-modest-gains-in-highly-volatile-trade/
2023-12-26,"Grapevine : Reliance , Disney ink term sheet for media merger ; IL to sell road assets",https://www.vccircle.com/grapevinereliance-disney-ink-term-sheet-for-media-merger-il-fs-to-sell-road-assets
2023-12-06,"Reliance stays on  buy  list of Jefferies , target price remains Rs 2 , 990",https://www.moneycontrol.com/news/business/earnings/reliance-stays-on-buy-list-of-jefferies-target-price-remains-rs-2990-11861421.html
2023-10-28,"Mukesh Ambani receives death threat , email demands Rs 20 crore",https://news.webindia123.com/news/Articles/India/20231028/4133752.html
2023-10-28,"India richest person Mukesh Ambani receives death threats , person demands 20 crore",https://news.webindia123.com/news/Articles/India/20231028/4133753.html
2023-11-16,"Viacom18 to stream Pokemon shows , movies on JioCinema - The Hindu BusinessLine",https://www.thehindubusinessline.com/info-tech/viacom18-to-stream-pokemon-shows-movies-on-jiocinema/article67540063.ece
2023-10-28,India richest person Mukesh Ambani receives death threats,https://www.siasat.com/indias-richest-person-mukesh-ambani-receives-death-threats-2765657/
2023-12-29,sensex today : Sensex opens last session of the year in the red as heavyweights fall,https://economictimes.indiatimes.com/markets/stocks/news/sensex-opens-last-session-of-the-year-in-the-red-as-heavyweights-fall/articleshow/106366042.cms
2023-12-14,"IREDA , YES Bank , SAIL , IRFC , HUDCO , NBCC shares rise up to 9 % amid high volumes on NSE",https://www.businesstoday.in/markets/company-stock/story/ireda-yes-bank-sail-irfc-hudco-nbcc-shares-rise-up-to-9-amid-high-volumes-on-nse-409389-2023-12-14
2023-11-16,"50 - day sma stocks : ITC , Maruti Suzuki and 4 other Nifty50 stocks cross 50 - day SMA",https://economictimes.indiatimes.com/markets/stocks/news/itc-maruti-suzuki-and-4-other-nifty50-stocks-cross-50-day-sma/articleshow/105260284.cms
2023-10-03,Markets fall in early trade on unabated foreign fund outflows,https://www.thehindu.com/business/markets/markets-fall-in-early-trade-on-unabated-foreign-fund-outflows/article67374656.ece
2023-10-27,"Reliance Jio Q2 results : Telco posts 4 % QoQ rise in net profit at Rs 5 , 058 cr",https://www.businesstoday.in/latest/corporate/story/reliance-jio-q2-results-telco-posts-4-qoq-rise-in-net-profit-at-rs-5058-cr-403579-2023-10-27
2023-10-03,"Sensex , Nifty fall in early trade on sustained foreign fund outflows",https://www.thehindubusinessline.com/markets/sensex-nifty-fall-in-early-trade-on-sustained-foreign-fund-outflows/article67374652.ece
2023-12-28,"Nifty quarterly rejig today : Bajaj Finance , HDFC Bank , ICICI Bank to see most inflows",https://www.moneycontrol.com/news/business/markets/nifty-quarterly-rejig-today-bajaj-finance-hdfc-bank-icici-bank-to-see-most-inflows-11966651.html
2023-10-03,"Stock market | Sensex falls over 347 points to 65 , 481 in early trade ; Nifty declines over 117 points to 19 , 521",https://www.telegraphindia.com/feeds/business/sensex-falls-over-347-points-to-65481-in-early-trade-nifty-declines-over-117-points-to-19521/cid/1970705
2023-10-28,Mukesh Ambani Receives Death Threat Email Demands Rs 20 Cr - BW Businessworld,https://www.businessworld.in/article/Mukesh-Ambani-Receives-Death-Threat-Email-Demands-Rs-20-Cr/28-10-2023-496631/
2023-12-06,Venezuela PDVSA authorizes first two oil cargoes to India after sanctions relief,https://www.streetinsider.com/Reuters/Venezuelas+PDVSA+authorizes+first+two+oil+cargoes+to+India+after+sanctions+relief/22499061.html
2023-12-12,"Grapevine : Reliance , Disney finalising deal terms ; Actis joins race for road assets",https://www.vccircle.com/grapevinereliance-disney-finalising-deal-terms-actis-joins-race-for-road-assets
2023-10-28,"Mukesh Ambani receives death threat , email demands Rs 20 crore",http://aninews.in/news/national/general-news/indias-richest-person-mukesh-ambani-receives-death-threats-person-demands-20-crore20231028100317/
2023-10-28,"Mukesh Ambani receives death threat , email demands Rs 20 crore",https://www.aninews.in/news/national/general-news/indias-richest-person-mukesh-ambani-receives-death-threats-person-demands-20-crore20231028100317/
2023-10-25,Indian shares set to open higher tracking Asian peers,https://www.marketscreener.com/quote/commodity/WTI-2355639/news/Indian-shares-set-to-open-higher-tracking-Asian-peers-45140966/
2023-10-03,Markets fall in early trade on unabated foreign fund outflows,https://www.theweek.in/wire-updates/business/2023/10/03/del9-biz-stocks-open.html
2023-10-30,TVS Credit : Tvs Credit Net Profit Up 40 % In Q2 Fy24 | Chennai News,https://timesofindia.indiatimes.com/city/chennai/tvs-credit-net-profit-up-40-in-q2-fy24/articleshow/104810345.cms
2023-10-31,"Veer Pahariya , Harnaaz Sandhu Dating ? Duo Makes Joint Appearance At Jio World Plaza ; Watch",https://www.news18.com/movies/veer-pahariya-harnaaz-sandhu-dating-duo-makes-joint-appearance-at-jio-world-plaza-watch-8642670.html
2023-10-31,"Mukesh Ambani receives death threat for third time , sender demands Rs 400 crore as ransom",https://www.businesstoday.in/latest/trends/story/mukesh-ambani-receives-death-threat-for-third-time-sender-demands-rs-400-crore-as-ransom-403882-2023-10-31
2023-10-27,RIL Q2 Results Live : A mixed bag seen with solid profit growth & subdued revenues,https://economictimes.indiatimes.com/markets/stocks/live-blog/ril-reliance-jio-q2-results-today-live-updates-mukesh-ambani-latest-news-26-october-2023/liveblog/104749038.cms
2023-10-28,"Mukesh Ambani receives death threat via email , told to pay Rs 20 crore | Mumbai News",https://timesofindia.indiatimes.com/city/mumbai/mukesh-ambani-receives-death-threat-via-email-told-to-pay-rs-20-crore/articleshow/104770509.cms
2023-10-30,INDIA STOCKS - Financials lead slide in Indian shares ; Reliance curbs losses,https://www.marketscreener.com/quote/stock/RELIANCE-INDUSTRIES-LTD-9058833/news/INDIA-STOCKS-Financials-lead-slide-in-Indian-shares-Reliance-curbs-losses-45181058/
2023-11-02,"Lost biz worth Rs 7 , 000 crore in 3 month : Kishore Biyani on how Covid - 19 hit Big Bazaar",https://www.businesstoday.in/latest/corporate/story/lost-biz-worth-rs-7000-crore-in-3-months-kishore-biyani-on-how-covid-19-hit-big-bazaar-404255-2023-11-02
2023-11-16,"morgan stanley on india : Morgan Stanley sees India outperforming China in 2024 ; adds RIL , DMart to focus list",https://economictimes.indiatimes.com/markets/stocks/news/morgan-stanley-sees-india-outperforming-china-in-2024-adds-ril-dmart-to-focus-list/articleshow/105264622.cms
2023-12-05,Indian shares set to open at new record highs while global rally eases,https://www.marketscreener.com/quote/index/NIFTY-50-9743680/news/Indian-shares-set-to-open-at-new-record-highs-while-global-rally-eases-45498400/
2023-10-10,"ril share price : Hot Stocks : Brokerages view on Adani Ports , RIL and Escorts Kubota",https://economictimes.indiatimes.com/markets/stocks/news/hot-stocks-brokerages-view-on-adani-ports-ril-and-escorts-kubota/articleshow/104300337.cms
2023-11-04,"Reliance Industries : Luxury brands script clause to share space with equals at Jio World Plaza , ET Retail",https://retail.economictimes.indiatimes.com/news/apparel-fashion/luxury/luxury-brands-script-clause-to-share-space-with-equals-at-jio-world-plaza/104957633
2023-12-12,Investegate | Company Announcement,https://www.investegate.co.uk:443/announcement/rns/jpmorgan-indian-investment-trust--jii/ten-largest-investments/7937986
2023-10-27,Reliance Industries : Reliance Industries net profit jumps 27 per cent in Q2,https://timesofindia.indiatimes.com/business/india-business/reliance-industries-net-profit-jumps-27-per-cent-in-q2/articleshow/104760914.cms
2023-10-16,India Jio Financial Q2 profit doubles from previous quarter,https://www.marketscreener.com/quote/stock/RELIANCE-INDUSTRIES-LTD-9058833/news/India-s-Jio-Financial-Q2-profit-doubles-from-previous-quarter-45070834/
2023-10-28,Rs 20 cr extortion - cum - death threat email to tycoon Mukesh Ambani,https://www.prokerala.com/news/articles/a1473132.html
2023-12-29,Ambani : Ambani aims for AI revamp of Reliance Industries in 2024,https://timesofindia.indiatimes.com/business/india-business/ambani-aims-for-ai-revamp-of-reliance-industries-in-2024/articleshow/106362187.cms
2023-11-05,"Meet man who lost Rs 7000 crore in 3 months , Mukesh Ambani wants to buy his …",https://www.dnaindia.com/business/report-meet-man-kishore-biyani-who-lost-rs-7000-crore-in-3-months-mukesh-ambani-wants-to-buy-future-group-reliance-3067201
2023-12-06,Venezuela PDVSA authorizes first two oil cargoes to India after sanctions relief,https://www.marketscreener.com/quote/commodity/WTI-2355639/news/Venezuela-s-PDVSA-authorizes-first-two-oil-cargoes-to-India-after-sanctions-relief-45516170/
2023-10-30,"Markets log gains for 2nd day on buying in Reliance , HDFC Bank",https://www.tribuneindia.com/news/business/markets-log-gains-for-2nd-day-on-buying-in-reliance-hdfc-bank-557876
2023-10-27,"Ambani siblings approved for RIL board by shareholders , says Reliance",https://www.hindustantimes.com/business/ambani-siblings-approved-for-ril-board-by-shareholders-says-reliance-101698390013756.html
2023-12-03,"India energy needs likely to double by decade - end , says Mukesh Ambani",https://www.moneycontrol.com/news/business/indias-energy-needs-likely-to-double-by-decade-end-says-mukesh-ambani-11845221.html
2023-12-13,"Stock Market Updates : Sensex , Nifty Flat ; BoI Tanks 5 %, Adani Total 4 %",https://www.news18.com/business/stock-market-updates-sensex-nifty-flat-boi-tanks-5-adani-total-4-8701596.html
2023-10-25,"Stocks To Watch On 25 October : Reliance , Tata Motors , Mahindra Logistics , Others Are Trending",https://business.outlookindia.com/markets/stocks-to-watch-on-25-october-reliance-tata-motors-mahindra-logistics-others-are-trending
2023-10-12,LFW x FDCI : Varun Bahl Showcase Blossoms in Harmony with R|Elan Sustainable Fabrics,https://www.news18.com/lifestyle/lfw-x-fdci-varun-bahls-showcase-blossoms-in-harmony-with-relans-sustainable-fabrics-8613331.html
2023-11-22,Jio Financial seeks RBI nod to convert from NBFC to CIC,https://www.moneycontrol.com/news/business/markets/jio-financial-seeks-rbi-nod-to-convert-from-nbfc-to-cic-11786011.html
2023-11-21,Mamata Banerjee announces Sourav Ganguly as  Brand Ambassador of Bengal  | Latest News India,https://www.hindustantimes.com/india-news/mamata-banerjee-announces-sourav-ganguly-as-brand-ambassador-of-bengal-101700569891019.html
2023-10-27,"Reliance Jio Q2 net profit jumps 12 % YoY to Rs 5 , 058 crore",https://www.moneycontrol.com/news/business/earnings/reliance-jio-q2-net-profit-jumps-12-yoy-to-rs-5058-crore-11614091.html
2023-10-31,Bollywood Celebrities arrive at JIO World Plaza launch in Mumbai,https://aninews.in/national/national/bollywood-celebrities-arrive-at-jio-world-plaza-launch-in-mumbai/
2023-11-23,core investment companies ( CIC ) | Jio Financial Services submits bid to RBI for convertion to core investment company,https://www.telegraphindia.com/business/jio-financial-services-submits-bid-to-rbi-for-convertion-to-core-investment-company/cid/1981994
2023-11-10,"Reliance Industries : Prior Intimation of Analyst Meet - Morgan Stanley Annual Asia Pacific Summit - November 09 , 2023 at 11 : 46 pm EST",https://www.marketscreener.com/quote/stock/RELIANCE-INDUSTRIES-LTD-9058833/news/Reliance-Industries-Prior-Intimation-of-Analyst-Meet-Morgan-Stanley-Annual-Asia-Pacific-Summit-45294556/
2023-10-17,Ambani Jio Financial launches lending and insurance businesses,https://techcrunch.com/2023/10/17/ambani-jio-financial-launches-lending-and-insurance-businesses/
2023-12-30,"After AI Platform , Reliance Jio Will Now Launch Operating System For Smart TVs ! Can Akash Ambani Disrupt TV Industry ? - Trak . in",https://trak.in/stories/after-ai-platform-reliance-jio-will-now-launch-operating-system-for-smart-tvs-can-akash-ambani-disrupt-tv-industry/
2023-12-29,"Morning Buzz : Mukesh Ambani Seeks Reliance Completing AI Transformation In 2024 , Tata Coffee Merger With Tata Consumer Products , TCPL Beverages Kicks Off On Jan 1 And More",https://www.forbesindia.com/article/news/morning-buzz-tata-sons-chairman-warns-employees-of-volatility-and-disruptions-in-2024-finance-minister-sends-notices-to-9-offshore-virtual-digital-assets-providers-and-more/90593/1
2023-11-07,Markets snap 3 days of rally ; settle marginally lower,https://indianexpress.com/article/business/market/markets-snap-3-days-of-rally-settle-marginally-lower-9017237/
2023-12-02,Indian Refiners Resume Venezuelan Oil Purchases Amid Eased US Sanctions,https://www.businessworld.in/article/Indian-Refiners-Resume-Venezuelan-Oil-Purchases-Amid-Eased-US-Sanctions/02-12-2023-500840/
2023-11-21,"Bengal Global Biz Summit : Reliance to invest additional ₹20 , 000 cr in Bengal in next 3 years",https://www.thehindubusinessline.com/companies/bengal-global-biz-summit-reliance-to-invest-additional-20000-cr-in-bengal-in-next-3-years/article67558953.ece
2023-12-19,Markets give up early gains ; trade lower,https://www.deccanherald.com/business/markets/sensex-climbs-25411-points-to-7156920-nifty-up-6135-points-to-21480-2816801
2023-12-14,"wealth creators : ICICI Bank , Adani Enterprises among consistent wealth creators",https://economictimes.indiatimes.com/markets/stocks/news/icici-bank-adani-enterprises-among-consistent-wealth-creators/articleshow/105971873.cms
2023-10-12,Mukesh Ambani reclaims top spot on Forbes list of India 100 Richest,https://www.tribuneindia.com/news/business/mukesh-ambani-reclaims-top-spot-on-forbes-list-of-indias-100-richest-552658
2023-12-30,"Mukesh Ambani adds $10 billion to his net worth , leads Indians adding wealth in 2023",https://www.moneycontrol.com/news/business/mukesh-ambani-adds-10-billion-to-his-net-worth-leads-indians-adding-wealth-in-2023-11975851.html
2024-12-23,"Reliance Industries Share Price Today Live Updates , 23 Dec , 2024 : Reliance Industries on the radar",https://www.financialexpress.com/market/reliance-industries-share-price-today-live-updates-23-dec-2024-3697776/
2024-11-29,"Reliance Industries Share Price Today Live Updates , 29 Nov , 2024 : Reliance Industries on the radar",https://www.financialexpress.com/market/reliance-industries-share-price-today-live-updates-29-nov-2024-3679704/
2024-10-15,"Reliance Industries / RIL Stocks , Reliance Share Price Today Live Updates 15 Oct 2024 : Reliance Industries stock in focus",https://www.thehindubusinessline.com/markets/stock-markets/reliance-industries-share-price-live-updates-15-oct-2024/article68755210.ece
2024-10-28,Reliance share price in focus on record date for Bonus issue of 1 : 1 ; stock to turn ex - date today,https://www.livemint.com/market/stock-market-news/reliance-share-price-in-focus-on-record-date-for-bonus-issue-of-1-1-stock-to-turn-ex-date-today-11730083944832.html
2024-10-28,"Reliance Industries Share Price Today on : Reliance Industries share are up by 1 . 18 %, Nifty up by 0 . 92 %",https://www.livemint.com/market/reliance-industries-share-price-today-latest-on-28102024-11730094181800.html
2024-11-25,"Reliance Industries Share Price Today on 25 - 11 - 2024 : Reliance Industries share price are up by 2 . 69 %, Nifty up by 1 . 81 %",https://www.livemint.com/market/reliance-industries-share-price-today-latest-on-25-nov-2024-11732514206616.html
2024-10-25,"Reliance Industries Share Price Today on : Reliance Industries share are down by - 0 . 71 %, Nifty down by - 1 . 05 %",https://www.livemint.com/market/reliance-industries-share-price-today-latest-on-25102024-11729835770621.html
2024-10-15,Reliance Industries Q2 Results Live : Profit Falls by 4 . 78 % YOY,https://www.livemint.com/companies/company-results/reliance-industries-q2-results-live-profit-falls-by-4-78-yoy-11728968635511.html
2024-10-15,"Big UPDATE on Mukesh Ambani Reliance merger with Disney , to be completed by ...",https://www.dnaindia.com/business/report-mukesh-ambani-reliance-disney-merger-on-track-completion-expected-by-q3-fy25-3113331
2024-10-13,Reliance Industries Q2 results tomorrow : Net EBITDA to O2C biz 5 key things to watch out for,https://www.livemint.com/companies/news/reliance-industries-q2fy25-results-tomorrow-oct-14-ebitda-to-o2c-biz-here-are-5-key-things-to-watch-out-for-11728817791873.html
2024-12-30,"Sensex Rises By Rs 87 , 000 Crore In 5 Days ; HDFC Bank , Reliance Industries Lead Market Surge",https://www.news18.com/business/sensex-rises-by-rs-87000-crore-in-5-days-hdfc-bank-reliance-industries-lead-market-surge-ws-ab-9172813.html
2024-10-15,Reliance expects to complete merger with Disney India business in Q3,https://www.thehindu.com/business/Industry/reliance-expects-to-complete-merger-with-disneys-india-business-in-q3/article68755196.ece
2024-10-15,Reliance eyes completing merger with Disney India business in Q3,https://www.business-standard.com/companies/news/reliance-eyes-completing-merger-with-disney-s-india-business-in-q3-124101500020_1.html
2024-10-15,Reliance expects to complete merger with Disney India business in Q3,https://www.businessinsider.in/business/news/reliance-expects-to-complete-merger-with-disneys-india-business-in-q3/articleshow/114232933.cms
2024-10-03,Mukesh Ambani father Dhirubhai Ambani banked on Rs 500 to become millionaire with this product ....,https://www.dnaindia.com/business/report-mukesh-ambani-s-father-dhirubhai-ambani-banked-on-rs-500-to-become-millionaire-with-this-product-3111240
2024-10-15,Viacom18 - Disney Star merger to be completed in Q3 : Reliance,https://bestmediainfo.com/mediainfo/television/viacom18-disney-star-merger-to-be-completed-in-q3-reliance-7315088
2024-11-11,"What is Mukesh Ambani , Nita Ambani son Anant Ambani annual salary ? Know all about his net worth",https://www.dnaindia.com/business/report-what-is-mukesh-ambani-nita-ambani-son-anant-ambani-annual-salary-from-reliance-know-all-about-his-net-worth-radhika-merchant-isha-ambani-akash-ambani-3117410
2024-11-08,Reliance Industries loses over ₹4 lakh crore in market cap on earnings dismay,https://www.livemint.com/market/stock-market-news/reliance-industries-loses-50-billion-in-market-cap-on-earnings-dismay-11731039407424.html
2024-12-11,"Top 10 biggest wealth creating stocks : Reliance Industries tops list ; Adani Green emerges as fastest wealth creator , says MOFSL report",https://timesofindia.indiatimes.com/business/india-business/top-10-biggest-wealth-creating-stocks-reliance-industries-tops-list-adani-green-emerges-as-fastest-wealth-creator-says-mofsl-report/articleshow/116200777.cms
2024-10-15,Reliance Expects To Complete Merger With Disney India Business In Q3,https://www.freepressjournal.in/business/reliance-expects-to-complete-merger-with-disneys-india-business-in-q3
2024-11-25,Penny stock hits 5 % upper circuit as company completes ₹31 crore order from Reliance Industries,https://www.livemint.com/market/stock-market-news/penny-stock-hits-5-upper-circuit-after-receiving-an-order-from-reliance-industries-11732515749401.html
2024-10-07,"Mukesh Ambani loses Rs 188479 crore in just 4 days due to .., Reliance Industries Market cap falls to Rs ...",https://www.india.com/business/mukesh-ambani-loses-rs-188479-crore-in-just-4-days-due-to-reliance-industries-market-cap-falls-to-rs-7303827/
2024-12-29,"Mcap of 6 of top - 10 most valued firms climbs Rs 86 , 847 crore ; HDFC Bank , RIL biggest gainers",https://www.tribuneindia.com/news/business/mcap-of-6-of-top-10-most-valued-firms-climbs-rs-86847-crore-hdfc-bank-ril-biggest-gainers/
2024-11-17,Mercedes - Benz to hike prices of all cars from 1 Jan 2025,https://www.financialexpress.com/shorts/auto/mercedes-benz-to-hike-prices-of-all-cars-from-1-jan-2025-3667264/
2024-10-14,"Mukesh Ambani Reliance Industries Announces Q2 Results , Net Profit Declines To ...",https://www.timesnownews.com/business-economy/companies/mukesh-ambanis-reliance-industries-announces-q2-results-net-profit-declines-to-article-114221870
2024-10-15,What Reliance Industries Limited interest means for Dharma Productions – A look at the financial Ups and Downs at the production house : Bollywood News,https://www.bollywoodhungama.com/news/bollywood/reliance-industries-limiteds-interest-means-dharma-productions-look-financial-ups-downs-production-house/
2024-12-10,Reliance Industries seeks up to $3 billion loan for refinancing,https://www.moneycontrol.com/news/business/companies/reliance-industries-seeks-up-to-3-billion-loan-for-refinancing-12886340.html
2024-11-10,Mcap of 6 of top - 10 most - valued firms erode Rs 1 . 55 lakh cr ; Reliance biggest laggard,https://economictimes.indiatimes.com/markets/stocks/news/mcap-of-6-of-top-10-most-valued-firms-erode-rs-1-55-lakh-cr-reliance-biggest-laggard/articleshow/115136515.cms
2024-12-22,Bad news for Mukesh Ambani as Reliance chairman loses Rs 91140 crore in just 5 days due to ...,https://www.india.com/business/bad-news-for-mukesh-ambani-as-reliance-chairman-loses-rs-91140-crore-in-just-5-days-due-to-reliance-industries-market-cap-tcs-hdfc-bank-icici-airtel-sbi-infosys-ratan-tata-narayana-murthy-7484834/
2024-10-03,Reliance was not Mukesh Ambani first business – Know how he started his journey … - Lifestyle News,https://www.financialexpress.com/life/lifestyle-reliance-was-not-mukesh-ambanis-first-business-know-how-he-started-his-journey-3629984/
2024-11-10,Mcap of 6 of top - 10 most - valued firms erode ₹1 . 55 lakh cr ; Reliance biggest laggard,https://www.thehindubusinessline.com/markets/mcap-of-6-of-top-10-most-valued-firms-erode-155-lakh-cr-reliance-biggest-laggard/article68851695.ece
2024-10-27,"Who are Jainam and Jivika , Dubai siblings that now own Jiohotstar domain",https://www.hindustantimes.com/india-news/who-are-jainam-and-jivika-dubai-siblings-that-now-own-jiohotstar-domain-101730012229169.html
2024-12-25,Bad news for Mukesh Ambani as Reliance may lose its crown as country most valued firm due to ...,https://www.dnaindia.com/business/report-bad-news-for-mukesh-ambani-as-reliance-may-lose-its-crown-as-country-s-most-valued-firm-due-to-market-capitalization-cap-tata-group-3124198
2024-11-18,Mukesh Ambani loses Rs 220000000000 in four days due to ...,https://www.india.com/business/mukesh-ambani-reliance-industries-loses-rs-220000000000-in-four-days-due-to-fall-in-stock-market-7400294/
2024-11-28,"Mukesh Ambani makes big move , buys 21 % stake in US company for a massive Rs ..., its business is ...",https://www.india.com/business/mukesh-ambani-makes-big-move-buys-21-stake-in-us-company-wavelength-helium-inc-for-a-massive-12-million-dollars-its-business-is-helium-production-reliance-industries-7428443/
2024-12-28,Reliance Industries acquires oncology platform Karkinos Healthcare for Rs 375 crore,https://www.financialexpress.com/business/healthcare-reliance-industries-acquires-oncology-platform-karkinos-healthcare-for-rs-375-crore-3702191/
2024-11-25,Beware ! These six headwinds may spoil the current Indian stock market rally,https://www.livemint.com/market/stock-market-news/beware-russia-ukraine-war-to-inflation-these-six-headwinds-may-spoil-the-current-indian-stock-market-rally-11732517557232.html
2024-12-17,"The richest man in Asia worth more than 2 , 000 Buckingham Palaces",https://www.express.co.uk/news/world/1989628/asias-richest-man-mukesh-ambani-net-worth-buckingham-palace
2024-11-10,"Mukesh Ambani loses Rs 74563 crore in 5 days , Reliance emerges as biggest ...",https://www.dnaindia.com/business/report-mukesh-ambani-loses-rs-74563-crore-in-5-days-reliance-emerges-as-biggest-laggard-in-share-market-3117266
2024-10-15,Oil and gas drives $2 . 3 billion profit for Indian giant Reliance Industries,https://www.upstreamonline.com/finance/oil-and-gas-drives-2-3-billion-profit-for-indian-giant-reliance-industries/2-1-1724125
2024-10-14,Narayana Murthy Infosys earned Rs 6913 crore in just 5 days from ...,https://www.dnaindia.com/business/report-narayana-murthy-s-infosys-earned-rs-6913-crore-in-just-5-days-from-share-market-3113229
2024-10-04,Nifty October futures trade at premium,https://www.business-standard.com/markets/capital-market-news/nifty-october-futures-trade-at-premium-124100400762_1.html
2024-10-21,"In Reliance - Disney merger , how Star shines over Viacom18",https://bestmediainfo.com/mediainfo/television/in-reliance-disney-merger-how-star-shines-over-viacom18-7342564
2024-11-08,"Another masterstroke by Mukesh Ambani , set to challenge Haldiram , Britannia",https://www.dnaindia.com/business/report-another-masterstroke-by-mukesh-ambani-set-to-challenge-haldiram-britannia-3117062
2024-10-10,Passing of Ratan Tata has filled me with immense grief : Mukesh Ambani,https://aninews.in/news/national/general-news/passing-of-ratan-tata-has-filled-me-with-immense-grief-mukesh-ambani20241010070936/
2024-10-17,Mukesh Ambani net worth tumbles by $2 billion in just one day,https://tribune.com.pk/story/2503453/mukesh-ambanis-net-worth-tumbles-by-2-billion-in-just-one-day
2024-11-25,"Citi upgrades Reliance Industries rating to  Buy , raises target price to Rs 1 , 530",https://economictimes.indiatimes.com/markets/stocks/news/citi-upgrades-reliance-industries-rating-to-buy-raises-target-price-to-rs-1530/articleshow/115647183.cms
2024-11-10,Market capitalisation of six of top - 10 most - valued firms decline Rs 1 . 55 lakh crore last week,https://timesofindia.indiatimes.com/business/india-business/market-capitalisation-of-six-of-top-10-most-valued-firms-decline-rs-1-55-lakh-crore-last-week/articleshow/115135989.cms
2024-12-26,"Share Price Live : Tata Motors , Reliance Industries , Tata Power , Jio Financial , Suzlon , Yes Bank , Tata ...",https://article.wn.com/view/2024/12/26/Share_Price_Live_Tata_Motors_Reliance_Industries_Tata_Power_/
2024-10-15,RIL media co stocks rally after update on merger with Disney India,https://www.business-standard.com/markets/news/ril-s-media-co-stocks-rally-after-update-on-merger-with-disney-india-124101500190_1.html
2024-10-10,India Wealthiest Tycoons : Mukesh Ambani Reclaims Top Spot ; Collective Wealth Of 100 Richest Indians Hit Record Mark,https://www.news18.com/business/india-100-richest-people-mukesh-ambani-reliance-industries-wealth-top-indian-billionaires-list-9081226.html
2024-12-22,"Top - 10 Indian firms , including TCS and Reliance , lose Rs 4 . 95 lakh crore amid market slump",https://www.financialexpress.com/market/top-10-indian-firms-including-tcs-and-reliance-lose-rs-4-95-lakh-crore-amid-market-slumpnbspnbsp-3697454/
2024-12-23,"Months after Ratan Tata death , This Tata company led by Noel Tata loses Rs 110550 crore in five days due to …",https://www.dnaindia.com/business/report-months-after-ratan-tata-s-death-this-tata-company-led-by-noel-tata-loses-rs-1105500000000-in-five-days-due-to-3123835
2024-12-15,Five of top - 10 most valued firms together add ₹1 . 13 lakh crore in market valuation,https://www.thehindubusinessline.com/markets/stock-markets/five-of-top-10-most-valued-firms-together-add-113-lakh-crore-in-market-valuation/article68987706.ece
2024-12-15,Five of top - 10 most valued firms add Rs 1 . 13 lakh crore in market valuation ; Airtel shines,https://www.tribuneindia.com/news/business/five-of-top-10-most-valued-firms-add-rs-1-13-lakh-crore-in-market-valuation-airtel-shines/
2024-12-22,"Mcap of top - 10 most valued firms slumps Rs 4 . 95 lakh crore ; TCS , Reliance hardest hit",https://www.tribuneindia.com/news/business/mcap-of-top-10-most-valued-firms-slumps-rs-4-95-lakh-crore-tcs-reliance-hardest-hit/
2024-11-30,Reliance dominates Wizikey media visibility rankings for 2024 among all listed companies : Wizikey report,https://timesofindia.indiatimes.com/business/india-business/reliance-dominates-wizikey-media-visibility-rankings-for-2024-among-all-listed-companies-wizikey-report/articleshow/115838014.cms
2024-12-10,Reliance Industries in Talks for $3 Billion Loan to Refinance Debt,https://www.siliconindia.com/news/general/reliance-industries-in-talks-for-3-billion-loan-to-refinance-debt-nid-233276-cid-1.html
2024-10-21,Reliance Industries Limited Operations Internship 2024,https://www.careerindia.com/news/reliance-industries-limited-operations-internship-2024-044525.html
2024-10-23,"Reliance , Disney not to bundle ad sales for IPL , ICC and BCCI games",https://www.afaqs.com/news/media/reliance-disney-merger-cci-grants-conditional-permission-including-divestment-of-7-tv-channels-7348324
2024-10-13,"Not Mukesh Ambani , Nita Ambani , Anant , Akash or Isha but this Ambani family member owns maximum shares in Reliance",https://www.dnaindia.com/business/report-not-mukesh-ambani-nita-ambani-anant-akash-or-isha-but-this-ambani-family-member-owns-maximum-shares-in-reli-3113004
2024-12-15,Five of top - 10 most valued firms together add Rs 1 . 13 lakh Crore in market valuation,https://www.dailypioneer.com/2024/business/five-of-top-10-most-valued-firms-together-add-rs-1-13-lakh-crore-in-market-valuation.html
2024-11-04,"Sensex , Nifty plunge in early trade dragged by Reliance Industries",https://www.tribuneindia.com/news/business/sensex-nifty-plunge-in-early-trade-dragged-by-reliance-industries/
2024-12-06,Tripura CM urges Reliance Industries to join state  growth story,https://economictimes.indiatimes.com/news/india/tripura-cm-urges-reliance-industries-to-join-states-growth-story/articleshow/116030962.cms
2024-10-13,"Mcap of seven of top - 10 most valued firms erode by Rs 1 . 22 lakh cr ; TCS , Reliance biggest laggards",https://www.moneycontrol.com/news/business/mcap-of-seven-of-top-10-most-valued-firms-erode-by-rs-1-22-lakh-cr-tcs-reliance-biggest-laggards-12840985.html
2024-11-12,Reliance - Disney merger : JioStar website goes live amid JioHotstar domain saga,https://www.livemint.com/companies/reliancedisney-merger-jiostar-website-goes-live-amid-jiohotstar-domain-saga-11731405960527.html
2024-12-08,"Mukesh Ambani Reliance earns Rs 26185 crore in one week , net worth of Asia richest man reaches Rs ...",https://www.dnaindia.com/business/report-mukesh-ambani-s-reliance-earns-rs-26185-crore-in-one-week-net-worth-of-asia-s-richest-man-reaches-rs-3121409
2024-10-20,"Mcap of 4 of top - 10 most valued firms jumps Rs 81 , 151 cr last week ; ICICI , HDFC Bank biggest gainers",https://economictimes.indiatimes.com/markets/stocks/news/mcap-of-4-of-top-10-most-valued-firms-jumps-rs-81151-cr-last-week-icici-hdfc-bank-biggest-gainers/articleshow/114390684.cms
2024-10-10,Ratan Tata Funeral : Heartbroken Mukesh Ambani And Nita Ambani Offer Last Respects | Watch,https://www.news18.com/movies/ratan-tata-funeral-heartbroken-mukesh-ambani-and-nita-ambani-offer-last-respects-watch-9081792.html
2024-10-16,"Did you know Mukesh Ambani , Nita Ambani were told they couldnt become parents ? Here rest of the story here",https://www.dnaindia.com/viral/report-mukesh-ambani-nita-ambani-were-told-they-couldn-t-become-parents-here-s-how-they-conceived-akash-isha-anan-3113448
2024-11-08,RIL shares fall 2 % after 11 . 9 lakh shares change hands in a block deal,https://economictimes.indiatimes.com/markets/stocks/news/ril-shares-fall-2-after-11-9-lakh-shares-change-hands-in-a-block-deal/articleshow/115073855.cms
2024-12-15,Five of top 10 most valued firms together add Rs 1 . 13 lakh cr in market valuation ; Airtel shines,https://www.moneycontrol.com/news/business/five-of-top-10-most-valued-firms-together-add-rs-1-13-lakh-cr-in-market-valuation-airtel-shines-12890109.html
2024-11-24,Eight of top - 10 most valued firms add over Rs 1 . 50 trillion,https://www.thestatesman.com/business/eight-of-top-10-most-valued-firms-add-over-rs-1-50-trillion-1503368452.html
2024-11-03,"Mcap of 6 of top - 10 most valued firms jump ₹1 lakh crore ; State Bank , ICICI Bank top gainers",https://www.thehindubusinessline.com/markets/mcap-of-6-of-top-10-most-valued-firms-jump-1-lakh-crore-state-bank-icici-bank-top-gainers/article68824948.ece
2024-12-08,"Mcap of 6 of top - 10 most valued firms jump Rs 2 lakh crore ; TCS , HDFC Bank lead gainers",https://www.moneycontrol.com/news/business/markets/mcap-of-6-of-top-10-most-valued-firms-jump-rs-2-lakh-crore-tcs-hdfc-bank-lead-gainers-12885381.html
2024-12-13,Reliance Industries marching towards negative return for 1st time in last 10 years,https://www.ibtimes.co.in/reliance-industries-marching-towards-negative-return-1st-time-last-10-years-876408
2024-11-05,"Mcap of most valued firms jumps , State Bank , ICICI Bank top gainers",https://www.dailypioneer.com/2024/business/mcap-of-most-valued-firms-jumps--state-bank--icici-bank-top-gainers.html
2024-10-14,Mukesh Ambani Reliance Industries looks to acquire stake in Karan Johar Dharma Productions amid OTT boom : Report,https://www.livemint.com/companies/news/mukesh-ambanis-reliance-industries-looks-to-acquire-stake-in-karan-johars-dharma-productions-amid-ott-boom-report-11728873327433.html
2024-12-08,Mcap of six of top 10 most valued firms jump Rs 2 lakh Crore,https://www.dailypioneer.com/2024/business/mcap-of-six-of-top-10-most-valued-firms-jump-rs-2-lakh-crore.html
2024-10-29,"Who is the richest kid of Mukesh Ambani and Nita Ambani ? Is it Akash , Isha or Anant ?  Know here",https://www.dnaindia.com/business/report-who-is-the-richest-kid-of-mukesh-ambani-and-nita-ambani-is-it-akash-isha-or-anant-know-here-3115545
2024-10-10,Mukesh and Nita Ambani pay homage to Ratan Tata at Mumbai NCPA,https://www.moneycontrol.com/news/india/mukesh-and-nita-ambani-pay-homage-to-ratan-tata-at-mumbais-ncpa-12839568.html
2024-10-29,RIL subsidiary Reliance New Energy acquires remaining stake in Faradion,https://www.financialexpress.com/business/industry-ril-subsidiary-reliance-new-energy-acquires-remaining-stake-in-faradion-3652315/
2024-10-08,Sensex rebounds 584 points on gains in bluechip stocks,https://www.tribuneindia.com/news/business/sensex-rebounds-584-points-on-gains-in-bluechip-stocks/
2024-12-30,Acquisition of Karkinos adds another stack in Reliance health portfolio : Morgan Stanley,https://news.webindia123.com/news/Articles/Business/20241230/4271604.html
2024-11-29,"Sensex , Nifty bounce back after sharp correction in previous trade",https://www.thehindu.com/business/markets/sensex-nifty-bounce-back-after-sharp-correction-in-previous-trade/article68925947.ece
2024-11-22,"Brokerage Radar : Morgan Stanley , JPMorgan stay  Overweight  on RIL ; Jefferies rates SBI a  Buy",https://www.moneycontrol.com/news/business/markets/brokerage-radar-morgan-stanley-jpmorgan-stay-overweight-on-ril-jefferies-rates-sbi-a-buy-12873027.html
2024-10-10,Passing of Ratan Tata has filled me with immense grief : Mukesh Ambani,https://news.webindia123.com/news/Articles/India/20241010/4244214.html
2024-12-12,"Intense selling in select index majors ; Sensex , Nifty end down",https://www.rediff.com/business/report/intense-selling-in-select-index-majors-sensex-nifty-end-down/20241212.htm
2024-12-15,Five out of 10 cos add over Rs 1 . 13 trillion last week,https://www.thestatesman.com/business/five-out-of-10-cos-add-over-rs-1-13-trillion-last-week-1503375989.html
2024-11-14,"Latest News | Reliance , Disney Complete Media Assets Merger to Form Rs 70 , 352 - cr JV",https://www.latestly.com/agency-news/latest-news-reliance-disney-complete-media-assets-merger-to-form-rs-70352-cr-jv-6417297.html
2024-12-08,Combined market valuation of 6 of top 10 most valued firms spikes over Rs 2 trillion,https://www.thestatesman.com/business/combined-market-valuation-of-6-of-top-10-most-valued-firms-spikes-over-rs-2-trillion-1503373482.html
2024-11-24,"Mcap of 8 of top - 10 most - valued domestic firms  jumps Rs 1 . 55 lakh cr ; HDFC Bank , TCS sparkle",https://www.dailyexcelsior.com/mcap-of-8-of-top-10-most-valued-domestic-firms-jumps-rs-1-55-lakh-cr-hdfc-bank-tcs-sparkle/
2024-10-15,We lost a great son of India : Nita Ambani pays tribute to Ratan Tata at Reliance Industries Annual Diwali dinner,https://aninews.in/news/entertainment/out-of-box/we-lost-a-great-son-of-india-nita-ambani-pays-tribute-to-ratan-tata-at-reliance-industries-annual-diwali-dinner20241015192718/
2024-10-02,"Meet Mukesh Ambani  brother  who is known as  third son  of Dhirubhai Ambani , his son owns home near Antilia , he is …",https://www.dnaindia.com/business/report-meet-mukesh-ambani-s-brother-who-is-known-as-third-son-of-dhirubhai-ambani-his-son-owns-home-near-antilia-3110990
2024-11-25,Citi upgrades Reliance Industries to a  buy  as risk - reward turns favourable,https://www.moneycontrol.com/news/business/markets/citi-upgrades-reliance-industries-to-a-buy-as-risk-reward-turns-favourable-12874594.html
2024-10-23,"JioHotstar domain bought by an app developer who wants Reliance to fund his higher studies , read his  letter  to the company",https://timesofindia.indiatimes.com/technology/tech-news/jiohotstar-domain-bought-by-an-app-developer-who-wants-reliance-to-fund-his-higher-studies-read-his-letter-to-the-company/articleshow/114517530.cms
2024-10-10,Passing of Ratan Tata has filled me with immense grief : Mukesh Ambani,https://economictimes.indiatimes.com/news/india/passing-of-ratan-tata-has-filled-me-with-immense-grief-mukesh-ambani/articleshow/114102138.cms
2024-10-10,"Ratan Tata passes away : Narendra Modi , Mukesh Ambani , Gautam Adani , Sundar Puchai , Simi Garewal pay tribute",https://www.dnaindia.com/india/report-ratan-tata-passes-away-narendra-modi-mukesh-ambani-gautam-adani-sundar-puchai-simi-garewal-pay-tribute-3112548
2024-11-04,"Reliance Jio IPO – India biggest telco to go public in 2025 , retail IPO further away",https://www.businessinsider.in/business/telecom/news/reliance-jio-ipo-indias-biggest-telco-to-go-public-in-2025-retail-ipo-further-away/articleshow/114944496.cms
2024-10-25,"YES Bank , Reliance Industries , Nestle : How to trade these 3 buzzing stocks",https://www.businesstoday.in/markets/company-stock/story/yes-bank-reliance-industries-nestle-how-to-trade-these-3-buzzing-stocks-451468-2024-10-25
2024-10-24,"RIL Chairman Mukesh Ambani , Nvidia Jensen Huang set to share stage in key session today",https://www.moneycontrol.com/technology/ril-chairman-mukesh-ambani-nvidias-jensen-huang-set-to-share-stage-in-key-session-today-article-12849484.html
2024-12-02,"Govt scraps windfall tax on ATF , crude , petrol and diesel products",https://www.thestatesman.com/business/govt-scraps-windfall-tax-on-atf-crude-petrol-and-diesel-products-1503371278.html
2024-12-22,"Mukesh Ambani Reliance loses Rs 91140 crore in just 5 days , market cap declines to Rs ...",https://www.dnaindia.com/business/report-mukesh-ambani-reliance-loses-rs-91140-crore-in-just-5-days-market-cap-declines-to-rs-3123679
2024-11-13,"Mukesh Ambani becomes only Indian to enter Fortune list of 100 Most Powerful People in Business , secures ...",https://www.dnaindia.com/business/report-mukesh-ambani-becomes-only-indian-to-enter-fortune-s-list-of-100-most-powerful-people-in-business-secures-3117862
2024-11-15,"Mukesh Ambani biggest achivement ! Rs 700000000000 Reliance Industries , Viacom18 , Disney merger completed , Nita Ambani will …",https://www.india.com/business/mukesh-ambanis-biggest-achivement-rs-700000000000-reliance-industries-viacom18-disney-merger-completed-nita-ambani-will-be-chairperson-7394151/
2024-11-29,"Sensex , Nifty settle nearly 1 % higher ; Bharti Airtel , RIL among top gainers",https://www.rediff.com/business/report/sensex-nifty-settle-nearly-1-higher-bharti-airtel-ril-among-top-gainers/20241129.htm
2024-11-29,The Making of a Media Giant,https://www.businesstoday.in/magazine/issue/2024-12-08
2024-12-04,"Sensex Today | Stock Market LIVE Updates : Opening Bell : Sensex rises marginally , Nifty above 24 , 450 ; Swiggy climbs 5 %, HAL 2 %",https://economictimes.indiatimes.com/markets/stocks/live-blog/bse-sensex-today-live-nifty-stock-market-updates-04-december-2024/liveblog/115954333.cms
2024-10-14,Top 10 largest companies in India 2024,https://indianexpress.com/article/trending/top-10-listing/top-10-largest-companies-in-india-2024-forbes-global-2000-9619179/
2024-10-15,Reliance Q2 Results Review : Net profit drops but brokerages remain bullish with up to 26 % upside potential,https://www.livemint.com/market/stock-market-news/reliance-q2-results-review-net-profit-drops-but-brokerages-remain-bullish-with-up-to-26-upside-potential-11728961955909.html
2024-11-08,Losses in blue - chip stocks drag markets down,https://www.rediff.com/business/report/losses-in-blue-chip-stocks-drag-markets-down/20241108.htm
2024-11-04,Big update on Reliance Jio IPO as Mukesh Ambani eyes THIS date,https://www.dnaindia.com/business/report-mukesh-ambani-reliance-jio-ipo-set-for-2025-retail-debut-much-later-3116320
2024-12-23,Markets stage sharp recovery after five days of fall ; Sensex climbs 500 points,https://www.thehindu.com/business/markets/markets-stage-sharp-recovery-after-five-days-of-fall-sensex-climbs-500-points/article69018711.ece
2024-10-16,"Stocks To Watch : Adani Energy , Cochin Shipyard , HDFC Life , Vi , Ola Electric",https://www.business-standard.com/markets/news/stocks-to-watch-adani-energy-cochin-shipyard-hdfc-life-vi-ola-electric-124101600058_1.html
2024-10-24,Mukesh Ambani says Mark Zuckerberg  will go down in history for doing thi : Find out what,https://www.hindustantimes.com/business/mukesh-ambani-says-mark-zuckerberg-will-go-down-in-history-for-doing-this-find-out-why-101729761169481.html
2024-10-15,"sensex news today : Market Wrap : Sensex falls 153 points , Nifty below 25 , 100 as inflation spooks investors ; RIL , IT stocks weigh",https://economictimes.indiatimes.com/markets/stocks/news/market-wrap-sensex-falls-153-points-nifty-below-25100-as-inflation-spooks-investors-ril-it-stocks-weigh/articleshow/114248054.cms
2024-10-10,Lost a dear friend : Mukesh Ambani emotional farewell to Ratan Tata – Firstpost,https://www.firstpost.com/india/reliance-industries-chairman-mukesh-ambani-emotional-farewell-to-ratan-tata-13823895.html
2024-12-28,Reliance acquires Karkinos Healthcare for Rs 375 crore,https://www.moneycontrol.com/news/business/companies/reliance-acquires-karkinos-healthcare-for-rs-375-crore-12899351.html
2024-12-29,Reliance Industries completes Rs 375 crore acquisition of healthtech company Karkinos : All details,https://timesofindia.indiatimes.com/technology/tech-news/reliance-industries-completes-rs-375-crore-acquisition-of-healthtech-company-karkinos-all-details/articleshow/116776452.cms
2024-11-12,"Mukesh Ambani set to invest Rs 65000 crore in THIS state , Reliance biggest ...",https://www.dnaindia.com/business/report-mukesh-ambani-set-to-invest-rs-65000-crore-in-andhra-pradesh-reliance-biggest-clean-energy-investment-outside-gujarat-3117590
2024-10-10,Mukesh Ambani retains top spot on Forbes India rich list with $108 bn net worth,https://www.moneycontrol.com/news/india/mukesh-ambani-retains-top-spot-on-forbes-indias-rich-list-with-108-bn-net-worth-12839260.html
2024-10-24,"Techie who bought JioHotstar domain and wants Reliance to fund his higher studies , gives an update : Reliance executive called ...",https://timesofindia.indiatimes.com/technology/tech-news/techie-who-bought-jiohotstar-domain-and-wants-reliance-to-fund-his-higher-studies-gives-an-update-reliance-executive-called-/articleshow/114546898.cms
2024-10-11,Noel Tata appointed chairman of Tata Trusts : Report,https://www.hindustantimes.com/business/noel-tata-appointed-chairman-of-tata-trusts-report-101728634585059.html
2024-11-03,"Six most - valued s add Rs 1 . 07 lakh crore in combined valuation ; SBI , ICICI Bank top gainers",https://www.businesstoday.in/markets/stocks/story/six-most-valued-s-add-rs-107-lakh-crore-in-combined-valuation-sbi-icici-bank-top-gainers-452353-2024-11-03
2024-11-28,"Mukesh Ambani acquires 21 % stake in another US company for Rs 1013712000 , its business is ...",https://www.dnaindia.com/business/report-mukesh-ambani-reliance-acquires-21-per-cent-stake-in-another-us-company-wavetech-helium-for-usd-12-million-3120070
2024-12-28,Reliance Acquires Karkinos Healthcare for Rs 375 Crore,https://www.siliconindia.com/news/general/reliance-acquires-karkinos-healthcare-for-rs-375-crore-nid-233626-cid-1.html
2024-10-15,"Sensex , Nifty Close Lower On Selling In Reliance , Spike In Retail Inflation",https://zeenews.india.com/economy/sensex-nifty-close-lower-on-selling-in-reliance-spike-in-retail-inflation-2807119.html
2024-10-04,Mukesh Ambani loses Rs 132000 crore in 4 days amid market sell - off,https://www.dnaindia.com/business/report-mukesh-ambani-loses-rs-132000-crore-in-4-days-amid-market-sell-off-reliance-industries-shares-3111505
2024-12-03,"Sensex , Nifty rally for 3rd day propelled by buying in blue - chip stocks , firm global peers",https://www.thehindu.com/business/markets/sensex-nifty-rally-for-3rd-day-propelled-by-buying-in-blue-chip-stocks-firm-global-peers/article68942018.ece
2024-10-13,"Mcap of seven of top - 10 most valued firms erode by ₹1 . 22 lakh cr ; TCS , Reliance biggest laggards",https://www.thehindubusinessline.com/markets/mcap-of-seven-of-top-10-most-valued-firms-erode-by-122-lakh-cr-tcs-reliance-biggest-laggards/article68748409.ece
2024-12-01,"Mukesh Ambani earns Rs 35860 crore in 120 hours , his net worth now surges to Rs ...",https://www.dnaindia.com/business/report-mukesh-ambani-reliance-earns-rs-35860-crore-in-120-hours-his-net-worth-now-surges-to-rs-3120502
2024-11-19,"Sensex , Nifty rebound after days of downtrend",https://www.rediff.com/business/report/sensex-nifty-rebound-after-days-of-downtrend/20241119.htm
2024-11-07,"Indiantelevision . com TV Linx Reporter dated 07 Nov 2024 - links to broadcasting , cable , satellite , media , TV , television related news stories from India and abroad 07",https://event.indiantelevision.com/tvlinx/y2k24/nov/tvlinx_nov7.htm
2024-11-03,"Mukesh Ambani Reliance earns Rs 15393 crore during festive season , market cap reaches Rs ...",https://www.dnaindia.com/business/report-mukesh-ambani-reliance-earns-rs-15393-crore-during-festive-season-market-cap-reaches-rs-18-lakh-crore-3116188
2024-11-05,"Mukesh Ambani company earned Rs 15393 crore last week , his net worth now stands at ...",https://www.dnaindia.com/business/report-mukesh-ambani-company-earned-rs-15393-crore-diwali-week-his-net-worth-now-stands-at-3116414
2024-12-13,"Reliance Industries acquires 74 % stake in Navi Mumbai IIA for Rs 1 , 628 crore",https://economictimes.indiatimes.com/news/company/corporate-trends/reliance-industries-acquires-74-stake-in-navi-mumbai-iia-for-rs-1628-crore/articleshow/116295330.cms
2024-11-14,Reliance and Disney completes joint venture transaction for entertainment brand,https://news.webindia123.com/news/Articles/Business/20241114/4255892.html
2024-12-09,Mukesh Ambani Reliance to send team in THIS state to explore ...,https://www.dnaindia.com/business/report-mukesh-ambani-reliance-to-send-team-in-tripura-to-explore-investment-opportunities-3121630
2024-12-14,Mukesh Ambani Reliance Industries acquires majority stake of 74 % in Navi Mumbai IIA for Rs ...,https://www.dnaindia.com/business/report-mukesh-ambani-s-reliance-industries-acquires-majority-stake-of-74-in-navi-mumbai-iia-for-rs-3122374
2024-10-22,"Mukesh Ambani , Asia richest man , once took biggest corporate loan ever of Rs 41000000000 in Indian history for ...",https://www.dnaindia.com/business/report-mukesh-ambani-asia-s-richest-man-once-took-biggest-corporate-loan-ever-of-rs-41000000000-in-indian-history-f-3114454
2024-12-14,Anant Ambani pays courtesy visit to UP CM in Mumbai,https://news.webindia123.com/news/Articles/India/20241215/4266344.html
2024-10-06,"Market capitalisation of 10 - most valued firms drops to Rs 4 . 74 lakh crore , Reliance and HDFC Bank hard hit",https://www.financialexpress.com/market/market-capitalisation-of-10-most-valued-firms-drops-to-rs-4-74-lakh-crore-reliance-and-hdfc-bank-hard-hit-3631800/
2024-11-14,Reliance and Disney completes joint venture transaction for entertainment brand,https://aninews.in/news/business/reliance-and-disney-completes-joint-venture-transaction-for-entertainment-brand20241114182040/
2024-10-08,RIL Q2 Update : Reliance Industries to declare July - Sept quarter results on THIS date ; details here,https://www.livemint.com/market/stock-market-news/ril-q2-update-reliance-industries-to-declare-july-sept-quarter-results-on-this-date-details-here-11728383569805.html
2024-11-03,"Mcap of 6 of Top - 10 Most Valued Firms Jump Rs 1 Lakh Crore ; State Bank , ICICI Bank Top Gainers",https://www.news18.com/business/markets/mcap-of-6-of-top-10-most-valued-firms-jump-rs-1-lakh-crore-state-bank-icici-bank-top-gainers-9107736.html
2024-10-23,"Mukesh Ambani suffers Rs 344730000000 loss ahead of Isha Ambani , Akash Ambani birthday due to …..",https://www.india.com/business/mukesh-ambani-suffers-rs-344730000000-loss-ahead-of-isha-ambani-akash-ambani-birthday-due-to-7343001/
2024-10-15,What is Karan Johar net worth ?  Jigra  producer creates buzz over Dharma Production X bio amid Reliance takeover talks,https://www.theweek.in/news/biz-tech/2024/10/15/what-is-karan-johar-net-worth-jigra-producer-dharma-productions-x-bio-amid-reliance-takeover-talks.html
2024-11-20,Maharashtra Elections 2024 : Reliance Industries Chairman Mukesh Ambani And Family Cast Their Votes,https://www.freepressjournal.in/business/maharashtra-elections-2024-reliance-chairman-mukesh-ambani-and-family-cast-their-votes
2024-10-19,"Mukesh Ambani gets Diwali gift as Jio Financial earns huge profit of Rs ...., profit rises by ...",https://www.india.com/business/mukesh-ambani-gets-diwali-gift-as-jio-financial-earns-huge-profit-of-rs-profit-rises-by-7333977/
2024-12-31,Mukesh Ambani Reliance spends Rs 111327 crore in five years on ...,https://www.dnaindia.com/business/report-mukesh-ambani-reliance-spends-rs-111327-crore-in-five-years-on-acquisitions-3125052
2024-10-08,"Market Wrap : Sensex , Nifty snap six - day decline , boosted by HDFC Bank , Reliance",https://economictimes.indiatimes.com/markets/stocks/news/market-wrap-sensex-nifty-snap-six-day-decline-boosted-by-hdfc-bank-reliance/articleshow/114045374.cms
2024-12-17,"Markets decline in early trade dragged by Reliance , HDFC Bank ; caution ahead of US Fed rate decision",https://www.dailypioneer.com/2024/business/markets-decline-in-early-trade-dragged-by-reliance--hdfc-bank--caution-ahead-of-us-fed-rate-decision.html
2024-10-08,"Amitabh Bachchan asked Anant , Akash and Isha Ambani about Reliance first - ever business , it was ..",https://www.dnaindia.com/bollywood/report-amitabh-bachchan-asked-anant-akash-and-isha-ambani-about-reliance-s-first-ever-business-it-was-3112103
2024-11-29,"Sensex , Nifty Rebound After Deep Plunge To Settle Nearly 1 % Higher",https://zeenews.india.com/economy/sensex-nifty-rebound-after-deep-plunge-to-settle-nearly-1-higher-2826095.html
2024-10-02,"Meet close aide of Mukesh Ambani , known as  third son  of Dhirubhai Ambani , who left his business to join Reliance , his salary is ...",https://www.india.com/business/meet-close-aide-of-mukesh-ambani-anand-jain-known-as-third-son-of-dhirubhai-ambani-who-left-his-business-to-join-reliance-his-salary-is-7291420/
2024-10-07,"Buy Bank of Baroda , NTPC shares ; sell Reliance Industries stock , says Arihant Capital",https://www.businesstoday.in/markets/company-stock/story/buy-bank-of-baroda-ntpc-shares-sell-reliance-industries-stock-says-arihant-capital-448957-2024-10-07
2024-12-13,What the big 10 fund houses bought and sold in November 2024,https://www.indiainfoline.com/blog/what-the-big-10-fund-houses-bought-and-sold-in-november-2024
2024-12-01,"Market cap of top 9 firms rise , LIC , HDFC Bank lead the pack",https://www.financialexpress.com/market/market-cap-of-top-9-firms-rise-lic-hdfc-bank-lead-the-pack-3681351/
2024-11-05,Share Market : Sensex extends losses to 2nd session ; Nifty below 24k mark,https://economictimes.indiatimes.com/markets/stocks/news/sensex-extends-losses-to-2nd-session-nifty-below-24k-mark/articleshow/114964549.cms
2024-11-04,"Sensex , Nifty Plunge In Early Trade Dragged By Reliance Industries",https://zeenews.india.com/economy/sensex-nifty-plunge-in-early-trade-dragged-by-reliance-industries-2815447.html
2024-11-17,"HDFC Bank , SBI , HUL among 8 firms that lost Rs 1 . 65 lakh crore this week",https://www.financialexpress.com/market/hdfc-bank-sbi-hul-among-8-firms-that-lost-rs-1-65-lakh-crore-this-week-3667212/
2024-10-06,"Nine most - valued firms lost Rs 4 . 74 lakh crore in combined market valuation ; RIL , HDFC Bank biggest losers",https://www.businesstoday.in/markets/stocks/story/nine-most-valued-firms-lost-rs-474-lakh-crore-in-combined-market-valuation-ril-hdfc-bank-biggest-losers-448907-2024-10-06
2024-11-15,"Indiantelevision . com TV Linx Reporter dated 15 Nov 2024 - links to broadcasting , cable , satellite , media , TV , television related news stories from India and abroad 07",https://event.indiantelevision.com/tvlinx/y2k24/nov/tvlinx_nov15.htm
2024-11-29,Sensex Nifty rebound after deep plunge to settle nearly 1 pc higher,https://www.theweek.in/wire-updates/business/2024/11/29/del38-biz-stocks-close.html
2024-10-08,"Gainers & Losers : RVNL , Trent among 11 stocks in limelight on Tuesday",https://economictimes.indiatimes.com/markets/web-stories/gainers-losers-rvnl-trent-among-11-stocks-in-limelight-on-tuesday/slideshow/114046447.cms
2024-12-12,"NTPC Green Energy , Zomato , Swiggy , Trent , BEL , PNB among stocks that MFs bought in Nov",https://www.businesstoday.in/markets/stocks/story/ntpc-green-energy-zomato-swiggy-trent-bel-pnb-among-stocks-that-mfs-bought-in-nov-457035-2024-12-12
2024-10-27,Mcap of nine of top - 10 most valued firms drops ₹2 lakh crore last week as markets tumble,https://www.thehindubusinessline.com/markets/mcap-of-nine-of-top-10-most-valued-firms-drops-2-lakh-crore-last-week-as-markets-tumble/article68802657.ece
2024-10-15,"Stocks that will see action today : October 15 , 2024",https://article.wn.com/view/2024/10/15/Stocks_that_will_see_action_today_October_15_2024/
2024-11-27,Nita Ambani exudes boss - lady vibes at IPL auction ; fans ask  what happened to her face ?,https://www.ibtimes.co.in/nita-ambani-exudes-boss-lady-vibes-ipl-auction-fans-ask-what-happened-her-face-875470
2024-10-03,"Sensex tumbles 1 , 769 points as Middle East conflict deepens",https://www.rediff.com/business/report/sensex-tumbles-1769-points-as-middle-east-conflict-deepens/20241003.htm
2024-12-01,Mcap of nine of top - 10 most valued firms surges Rs 2 . 29 lakh cr ; LIC biggest winner,https://economictimes.indiatimes.com/markets/stocks/news/mcap-of-nine-of-top-10-most-valued-firms-surges-rs-2-29-lakh-cr-lic-biggest-winner/articleshow/115860687.cms
2024-12-02,"Sensex , Nifty decline in early trade amid disappointing macroeconomic data",https://www.thehindu.com/business/sensex-nifty-decline-in-early-trade-amid-disappointing-macroeconomic-data/article68937181.ece
2024-10-27,"Meet Dubai siblings Jainam and Jivika , who are now new owner of Jiohotsar domain , they bought it from ...",https://www.dnaindia.com/viral/report-meet-dubai-siblings-jainam-and-jivika-who-are-now-new-owner-of-jiohotsar-domain-they-bought-it-from-3115219
2024-12-02,"Government scraps windfall tax on crude oil , jet fuel , petrol and diesel exports",https://www.indiatoday.in/business/story/windfall-tax-on-crude-oil-atf-petrol-and-diesel-exports-scrapped-by-government-2643545-2024-12-02
2024-11-09,"Tough competition for BSNL , Airtel as Jio offers unlimited calling , 3GB data under Rs 100 with subscriptions ...",https://www.india.com/business/tough-competition-for-bsnl-airtel-as-mukesh-ambani-jio-offers-unlimited-calling-3gb-data-under-rs-100-with-subscriptions-7380561/
2024-10-27,9 of top 10 most valued firms lose over Rs 2 lakh crore in week,https://www.thestatesman.com/business/9-of-top-10-most-valued-firms-lose-over-rs-2-lakh-crore-in-week-1503358316.html
2024-12-01,Mcap of nine of top - 10 most valued firms surges ₹2 . 29 lakh crore ; LIC biggest gainer,https://www.thehindubusinessline.com/markets/mcap-of-nine-of-top-10-most-valued-firms-surges-229-lakh-crore-lic-biggest-winner/article68934045.ece
2024-11-22,"Sensex reclaims 79k level , Nifty surges 557 . 35 points",https://www.rediff.com/business/report/sensex-reclaims-79k-level-nifty-surges-55735-points/20241122.htm
2024-12-01,Mcap of 9 of top - 10 most valued firms surges Rs 2 . 29 lakh crore ; LIC biggest winner,https://www.tribuneindia.com/news/business/mcap-of-9-of-top-10-most-valued-firms-surges-rs-2-29-lakh-crore-lic-biggest-winner/
2024-12-02,"Sensex , Nifty decline in early trade amid disappointing macroeconomic data",https://www.tribuneindia.com/news/business/sensex-nifty-decline-in-early-trade-amid-disappointing-macroeconomic-data/
2024-12-17,"Markets decline in early trade dragged by Reliance , HDFC Bank ; caution ahead of U . S . Fed rate decision",https://www.thehindu.com/business/markets/markets-decline-in-early-trade-dragged-by-reliance-hdfc-bank-caution-ahead-of-us-fed-rate-decision/article68994588.ece
2024-12-17,"Stock Market Updates : Sensex Drops 351 Points , Nifty Below 24 , 600",https://www.news18.com/business/markets/stock-market-today-live-india-sensex-nifty-50-bse-nse-9158665.html
2024-12-03,"Markets rally for 3rd day propelled by buying  in blue - chip stocks , firm global peers",https://www.dailyexcelsior.com/markets-rally-for-3rd-day-propelled-by-buying-in-blue-chip-stocks-firm-global-peers/
2024-12-17,"Market today : Sensex , Nifty decline amid selling pressure from key stocks ahead of US rate cut",https://www.hindustantimes.com/business/sensex-today-nifty-bse-nse-share-stock-market-reliance-hdfc-shares-december-17-101734419739235.html
2024-10-31,Who are Jainam and Jivika ? Dubai young siblings now own the JioHotstar domain |,https://timesofindia.indiatimes.com/technology/tech-news/who-are-jainam-and-jivika-dubais-young-siblings-now-own-the-jiohotstar-domain/articleshow/114804170.cms
2024-11-17,Mcap of eight of top 10 most - valued firms take ₹1 . 65 lakh crore hit,https://www.thehindubusinessline.com/markets/mcap-of-eight-of-top-10-most-valued-firms-take-165-lakh-crore-hit/article68878214.ece
2024-11-04,"Manic Monday ! Sensex , Nifty plunge in early trade",https://www.rediff.com/business/report/how-the-markets-fared-on-nov4/20241104.htm
2024-12-09,Markets settle lower amid selling in blue - chip stocks,https://www.thehindu.com/business/markets/markets-settle-lower-amid-selling-in-blue-chip-stocks/article68964940.ece
2024-12-09,Markets Settle Lower Amid Selling In Blue - Chip Stocks,https://zeenews.india.com/economy/markets-settle-lower-amid-selling-in-blue-chip-stocks-2829618.html
2024-11-26,"SoftBank founder Masayoshi Son to meet Indian PM Modi , source says",https://economictimes.indiatimes.com/news/india/softbank-founder-masayoshi-son-to-meet-indian-pm-modi-source-says/articleshow/115704942.cms
2024-10-24,Nvidia and Reliance partner up to build AI infrastructure in India : Nvidia AI Summit 2024,https://www.hindustantimes.com/business/nvidia-and-reliance-partner-up-to-build-ai-infrastructure-in-india-nvidia-ai-summit-2024-101729754211350.html
2024-12-13,Reliance Industries marching towards negative return for 1st time in last 10 years,https://www.prokerala.com/news/articles/a1589944.html
2024-12-09,Markets settle lower amid blue - chip stock selling - The Hindu BusinessLine,https://www.thehindubusinessline.com/markets/markets-settle-lower-amid-blue-chip-stock-selling/article68965036.ece
2024-12-09,Markets settle lower amid selling in blue - chip stocks,https://www.tribuneindia.com/news/business/markets-settle-lower-amid-selling-in-blue-chip-stocks/
2024-11-14,"Mukesh Ambani , Isha Ambani luxury retail chain opens new store at ...",https://www.dnaindia.com/business/report-mukesh-ambani-isha-ambani-s-luxury-beauty-retail-chain-tira-opens-new-store-at-jio-world-plaza-in-mumbai-3117957
2024-10-13,Network18 Media shuffles senior management,https://indiantelevision.com/television/tv-channels/news-broadcasting/network18--media-shuffles-senior-management-241013
2024-12-03,Sensex pares intra - day high to end up 598 points,https://www.rediff.com/business/report/sensex-pares-intra-day-high-to-end-up-598-points/20241203.htm
2024-11-15,"BT Magazine exclusive : Reliance - Disney to focus on both television and digital , says Uday Shankar",https://www.businesstoday.in/latest/corporate/story/reliance-disney-to-focus-on-both-television-and-digital-says-uday-shankar-bt-magazine-453940-2024-11-15
2024-12-02,"Isha Ambani Salary , Education , Career & More",https://www.indiatimes.com/worth/news/heres-how-much-mukesh-nita-ambanis-daughter-isha-ambanis-salary-647310.html
2024-10-10,VA Tech gains 7 % on securing large repeat orders from Reliance Industries,https://www.business-standard.com/markets/news/va-tech-gains-7-on-securing-large-repeat-orders-from-reliance-industries-124101000262_1.html
2024-12-25,The Mutual Funds Thread,https://www.team-bhp.com/forum/shifting-gears/105873-mutual-funds-thread-337.html
2024-11-29,"Sensex , Nifty rebound after deep  plunge to settle nearly 1 pc higher",https://www.dailyexcelsior.com/sensex-nifty-rebound-after-deep-plunge-to-settle-nearly-1-pc-higher/
2024-11-26,SoftBank founder Masayoshi Son to meet PM Modi : Report,https://www.moneycontrol.com/news/india/softbank-founder-masayoshi-son-to-meet-pm-modi-report-12877059.html
2024-10-14,Reliance Industries shares under pressure ahead of Q2 earnings,https://www.financialexpress.com/market/reliance-industries-shares-under-pressure-ahead-of-q2-earnings-3638715/
2024-11-12,"RIL shares are down 20 % from record high , oversold on charts ; here what analysts say",https://www.businesstoday.in/markets/company-stock/story/ril-shares-fall-record-high-oversold-on-charts-price-targets-technicals-453393-2024-11-12
2024-12-06,In Pics : India largest luxury shopping mall owned by richest Asian Mukesh Ambani ; monthly rent is ...,https://www.dnaindia.com/business/report-in-pics-india-s-largest-luxury-shopping-mall-owned-by-richest-asian-mukesh-ambani-monthly-rent-is-3121193
2024-10-31,Nita Ambani turns 60 : How Dhirubhai Ambani played matchmaker for Mukesh and Nita,https://www.indiatimes.com/entertainment/celebs/nita-ambani-turns-60-how-dhirubhai-ambani-played-matchmaker-for-mukesh-and-nita-644908.html
2024-10-31,"Diwali 2024 Picks : Reliance , BEML among 5 stocks to buy by StoxBox for Samvat 2081",https://www.livemint.com/market/stock-market-news/diwali-2024-picks-reliance-beml-among-5-stocks-to-buy-by-stoxbox-for-samvat-2081-11730365534938.html
2024-10-25,RIL 1 : 1 bonus share issue record date on Monday . Last chance to buy today,https://economictimes.indiatimes.com/markets/stocks/news/ril-11-bonus-share-issue-record-date-on-monday-last-chance-to-buy-today/articleshow/114566302.cms
2024-10-24,"Developer Buys  JioHotstar  Domain , Wants Reliance To Fund Higher Studies",https://www.ndtv.com/india-news/delhi-developer-offers-jiohotstar-domain-to-reliance-in-exchange-for-funds-for-higher-studies-6862049
2024-10-23,"Q2 Result 2024 Live Updates : HUL , Dr Lal PathLabs , Piramal Pharma , Heritage Foods , TVS Motor , others releasing Q2 report today",https://www.financialexpress.com/business/industry-q2-result-2024-live-updates-hul-dr-lal-pathlabs-piramal-pharma-heritage-foods-tvs-motor-others-releasing-q2-report-today-3647268/
2024-10-27,"M - cap of nine of the top 10 most valued firms plunges Rs 2 lakh crore as Sensex , Nifty tumble",https://economictimes.indiatimes.com/markets/stocks/news/m-cap-of-nine-of-the-top-10-most-valued-firms-plunges-rs-2-lakh-crore-as-sensex-nifty-tumble/articleshow/114648502.cms
2024-10-27,Mcap of nine of top - 10 most valued firms drops Rs 2 lakh cr last week as markets tumble,https://www.moneycontrol.com/news/business/markets/mcap-of-nine-of-top-10-most-valued-firms-drops-rs-2-lakh-cr-last-week-as-markets-tumble-12851714.html
2024-10-18,Jio Financial Q2 results : Net profit rises 3 % to Rs 689 crore,https://www.moneycontrol.com/news/business/markets/jio-financial-services-q2-results-net-profit-rises-3-to-rs-689-crore-12845164.html
2024-12-05,"Mukesh Ambani Net Worth 2024 : Salary , Net Worth in Rupees ( INR ), Annual Income , Houses , and Cars .",https://www.jagranjosh.com/general-knowledge/mukesh-ambani-net-worth-1675338922-1
2024-10-15,Reliance - Disney Star India merger to see closure within a couple of months,https://indiantelevision.com/television/tv-channels/gecs/reliance-disney-star-india-merger-to-see-closure-within-a-couple-of-months-241015
2024-10-27,Mcap of nine of top - 10 most valued firms drops Rs 2 lakh crore last week as markets tumble,https://www.tribuneindia.com/news/business/mcap-of-nine-of-top-10-most-valued-firms-drops-rs-2-lakh-crore-last-week-as-markets-tumble/
2024-11-05,Let acknowledge the slowdown : Bernstein after Q2 earnings miss,https://economictimes.indiatimes.com/markets/stocks/news/lets-acknowledge-the-slowdown-bernstein-after-q2-earnings-miss/articleshow/114966640.cms
2024-12-02,Sensex climbs 445 points on buying in blue - chip stocks,https://www.rediff.com/business/report/sensex-climbs-445-points-on-buying-in-blue-chip-stocks/20241202.htm
2024-12-16,Top 10 most powerful business leaders in 2024 : Find out sole Indian among Global 100,https://indianexpress.com/article/trending/top-10-listing/top-10-most-powerful-people-in-business-2024-9727745/
2024-11-19,"Sensex , Nifty rebound after days of downtrend",https://www.thehindu.com/business/markets/sensex-nifty-rebound-after-days-of-downtrend/article68885633.ece
2024-11-22,"Markets stage sharp recovery ; Sensex reclaims 79k level , Nifty surges 557 . 35 points",https://www.thehindu.com/business/markets/markets-stage-sharp-recovery-sensex-reclaims-79k-level-nifty-surges-55735-points/article68898048.ece
2024-11-19,"Sensex , Nifty Rebound After Days Of Downtrend ; Rally In Blue - Chip Stocks",https://zeenews.india.com/economy/sensex-nifty-rebound-after-days-of-downtrend-rally-in-blue-chip-stocks-2822008.html
2024-11-17,Eight of top 10 most - valued firms take ₹1 . 65 lakh cr hit in mcap,https://www.hindustantimes.com/business/eight-of-top-10-most-valued-firms-take-rs-1-65-lakh-cr-hit-in-mcap-101731823052754.html
2024-11-21,Nita Ambani shows a leaner new look in simple green suit at polling station : Watch,https://www.hindustantimes.com/lifestyle/fashion/nita-ambani-shows-a-leaner-new-look-in-simple-green-suit-at-polling-station-watch-101732187359759.html
2024-10-24,"Nvidia strategic expansion in India : Advanced AI chip , 1GW AI data center planned",https://www.yahoo.com/news/nvidia-strategic-expansion-india-advanced-210644543.html
2024-10-27,Mcap of nine of top - 10 most valued firms drops Rs 2 lakh cr last week as markets tumble,https://www.theweek.in/wire-updates/business/2024/10/27/dcm10-biz-stocks-mcap.html
2024-10-24,Delhi - based developer owns JioHotstar domain and wants funds for college from Mukesh - Ambani led company,https://www.digit.in/news/general/delhi-based-developer-owns-jiohotstar-domain-and-wants-mukesh-ambani-led-company-to-fund-his-college.html
2024-11-04,"Gainers & Losers : Adani Ports , M & M among 5 stocks in action on Monday",https://economictimes.indiatimes.com/markets/web-stories/gainers-amp-losers-adani-ports-mampm-among-5-stocks-in-action-on-monday/slideshow/114946367.cms
2024-11-04,Equity investors become poorer by Rs 7 . 37 lakh crore during morning trade as markets tumble,https://www.udayavani.com/english-news/equity-investors-become-poorer-by-rs-7-37-lakh-cr-during-morning-trade-as-mkts-tumble
2024-12-01,Market valuation of 9 of top 10 most valued firms surges to over Rs 2 . 29 lakh crore,https://www.thestatesman.com/business/market-valuation-of-9-of-top-10-most-valued-firms-surges-to-over-rs-2-29-lakh-crore-1503370889.html
2024-10-17,Reliance Investors Alert ! RIL 1 : 1 Bonus Share Record Date Announced,https://zeenews.india.com/economy/reliance-investors-alert-ril-11-bonus-share-record-date-announced-2807809.html
2024-11-04,Equity investors become poorer by Rs 7 . 37 lakh cr during morning trade as mkts tumble,https://www.dailypioneer.com/2024/business/equity-investors-become-poorer-by-rs-7-37-lakh-cr-during-morning-trade-as-mkts-tumble.html
2024-12-08,"Mcap of six of top - 10 most valued firms surges Rs 2 . 03 lakh crore , TCS biggest winner",https://www.prokerala.com/news/articles/a1588292.html
2024-10-11,Jio Financial Services : Jio Financial Services rolls out upgraded JioFinance app with new offerings,https://economictimes.indiatimes.com/tech/technology/jio-financial-services-rolls-out-upgraded-jiofinance-app-with-new-offerings/articleshow/114143504.cms
2024-11-14,"Mukesh Ambani Reliance , Disney complete Rs 70352 crore media merger , to be headed by ...",https://www.dnaindia.com/business/report-mukesh-ambani-reliance-disney-complete-rs-70352-crore-media-merger-to-be-headed-by-nita-ambani-3118009
2024-12-14,Ira Bindra joins Reliance Industries Limited as Group President - people and talent,https://news.webindia123.com/news/Articles/Business/20241214/4266173.html
2024-11-14,"RIL , Zomato , Adani Enterprises shares saw MF buying in Oct ; RBL Bank , MCX on sell list",https://www.businesstoday.in/markets/stock-picks/story/ril-zomato-adani-enterprises-shares-saw-mf-buying-in-oct-rbl-bank-mcx-on-sell-list-453717-2024-11-14
2024-10-29,Diwali Stock Picks 2024 : Top Stocks To Buy On Muhurat Trading For Samvat 2081,https://www.news18.com/business/markets/diwali-stock-picks-2024-top-stocks-to-buy-on-muhurat-trading-for-samvat-2081-9102974.html
2024-12-14,Ira Bindra joins Reliance Industries Limited as Group President - people and talent,https://www.aninews.in/news/business/ira-bindra-joins-reliance-industries-limited-as-group-president-people-and-talent20241214143504/
2024-12-14,Ira Bindra joins Reliance Industries Limited as Group President - people and talent,https://aninews.in/news/business/ira-bindra-joins-reliance-industries-limited-as-group-president-people-and-talent20241214143504/
2024-10-03,"Sensex , Nifty slump over 2 % as Middle East conflict deepens",https://www.thehindu.com/business/markets/sensex-nifty-slump-over-2-as-middle-east-conflict-deepens/article68713225.ece
2024-11-04,"From Mukesh Ambani Rs 10 Crore Rolls Royce present to Nita Ambani to a Rs 1000 Crore business jet for himself , these are 5 of the most lavish and expensive Diwali gifts the billionaire family has given over the years",https://www.gqindia.com/content/from-mukesh-ambani-gifting-a-rs-10-crore-rolls-royce-to-nita-ambani-to-purchasing-a-rs-1000-crore-business-jet-for-himself-here-are-5-most-lavish-and-expensive-festive-season-spends-of-the-billionaire-family
2024-10-04,"Mukesh Ambani loses Rs 36000 crore , Gautam Adani net worth drops by Rs 24600 crore in just 1 day due to ...",https://www.dnaindia.com/business/report-mukesh-ambani-loses-rs-36000-crore-adani-net-worth-drops-by-rs-24600-crore-in-1-day-due-to-iran-israel-war-3111328
2024-10-15,Reliance Industries consolidated net profit declines 4 . 78 % in the September 2024 quarter,https://www.business-standard.com/markets/capital-market-news/reliance-industries-consolidated-net-profit-declines-4-78-in-the-september-2024-quarter-124101500104_1.html
2024-11-15,"Top News On Nov 14 : Market Slides For 6Th Day , Reliance , Disney Complete Transaction , Q2 Results , GRAP 3 In Delhi , More",https://menafn.com/1108888357/Top-News-On-Nov-14-Market-Slides-For-6Th-Day-Reliance-Disney-Complete-Transaction-Q2-Results-GRAP-3-In-Delhi-More
2024-10-21,"Mukesh Ambani visits Kedarnath and Badrinath , donates ₹5 crore to temple",https://www.hindustantimes.com/india-news/mukesh-ambani-visits-kedarnath-and-badrinath-donates-rs-5-crore-to-temple-101729491501506.html
2024-10-23,Reliance Industries : Stock Radar : Time to buy ? RIL turns range bound in last 3 months but found support above 89 - EMA,https://economictimes.indiatimes.com/markets/stocks/news/stock-radar-time-to-buy-ril-turns-range-bound-in-last-3-months-but-found-support-above-89-ema/articleshow/114458675.cms
2024-11-26,Nita Ambani brings ultimate  boss energy  to IPL Auction day 2 with her stylish denim blazer look . Watch | Fashion Trends,https://www.hindustantimes.com/lifestyle/fashion/nita-ambani-brings-ultimate-boss-babe-energy-to-ipl-auction-day-2-with-her-stylish-denim-blazer-look-watch-101732591438530.html
2024-11-28,Flipkart Black Friday Sale : Huge TVS iQube price drop,https://www.financialexpress.com/auto/electric-vehicles/flipkart-black-friday-sale-huge-tvs-iqube-price-drop/3679115/
2025-11-18,"Latest News on Reliance Industries Ltd : Get Reliance Industries Ltd News Updates along with Photos , Videos and Latest News Headlines",https://indianexpress.com/about/reliance-industries-ltd/
2025-11-06,Unprecedented move by Reliance Industries - oil importer mulls selling Middle East oil cargo in India and abroad - Industry News,https://www.financialexpress.com/business/industry-reliance-industries-may-sell-middle-eastern-oil-amid-us-sanctions-on-russia-report-4034279/
2025-12-29,"Reliance Industries refutes report , says no claim of $30 billion against the company and BP",https://www.prokerala.com/news/articles/a1712805.html
2025-10-17,Reliance Industries Q2 results : Profit surges 16 % as all three engines gain steam,https://www.livemint.com/companies/company-results/reliance-industries-q2-results-profit-surges-16-11760708936700.html
2025-10-14,"Mukesh Ambani - led Reliance Industries Q2 FY26 results date , time : Check complete details of Q2 earnings schedule",https://www.financialexpress.com/business/industry-mukesh-ambani-led-reliance-industries-q2-fy26-results-date-time-check-complete-details-of-q2-earnings-schedule-4010051/
2025-12-29,KG - D6 additional profit petroleum dispute : RIL hopeful of early resolution,https://www.thehindubusinessline.com/companies/kg-d6-additional-profit-petroleum-dispute-ril-hopeful-of-early-resolution/article70448466.ece
2025-12-29,KG - D6 dispute : Reliance Industries refutes reports of govt seeking $30 billion,https://www.thehindubusinessline.com/companies/kg-d6-dispute-reliance-industries-refutes-reports-of-govt-seeking-30-billion/article70448374.ece
2025-10-18,Reliance Industries Q2 results : Experts see big upside in Reliance share price after strong earnings . Should you buy ?,https://www.livemint.com/market/stock-market-news/reliance-industries-q2-results-2025-experts-see-big-upside-in-reliance-share-price-should-you-buy-11760761551562.html
2025-12-29,"Reliance rejects report claiming govt demanded $30bn over gas underproduction , calls it irresponsible",https://www.moneycontrol.com/news/business/reliance-rejects-report-claiming-govt-demanded-30bn-over-gas-underproduction-calls-it-irresponsible-13747679.html
2025-11-19,"Indian biz tycoon to discuss network , AI ties with Samsung head : sources",https://www.koreaherald.com/article/10619247
2025-12-29,"RIL rejects report of govt demanding $30 billon over gas underproduction , calls it factually incorrect",https://www.businesstoday.in/latest/corporate/story/ril-rejects-report-of-govt-demanding-30-billon-over-gas-underproduction-calls-it-factually-incorrect-508575-2025-12-29
2025-12-29,Inappropriate and irresponsible : Reliance Industries refutes reports claiming USD 30 billion by Indian government,https://news.webindia123.com/news/Articles/Business/20251229/4399427.html
2025-12-24,"Axis Energy , Reliance Industries lead bids in coal gasification block auctions",https://www.thehindubusinessline.com/markets/commodities/axis-energy-reliance-industries-emerge-top-bidders-in-coal-gasification-block-auctions/article70433331.ece
2025-11-25,"Reliance Industries share price up 1 . 5 %, hits new 52 - week high as JPMorgan turns more bullish on 2026 outlook",https://www.moneycontrol.com/news/business/stocks/reliance-industries-share-price-up-1-5-hits-new-52-week-high-as-jp-morgan-turns-more-bullish-on-2026-outlook-13694440.html
2025-11-26,Reliance Industries JV to invest $11 billion for data centre in Andhra Pradesh,https://www.thehindubusinessline.com/companies/reliance-industries-jv-to-invest-11-billion-for-data-centre-in-andhra-pradesh/article70325593.ece
2025-11-30,BIG win for Mukesh Ambani as Reliance gets Rs 28282 crore in just 5 days from ...,https://www.dnaindia.com/business/report-big-win-for-mukesh-ambani-as-reliance-industries-gets-rs-28282-crore-in-just-5-days-from-ril-shares-rise-3191166
2025-11-30,"Mcap boost : 7 of top - 10 firms gain ₹96 , 201 cr , Reliance , Bajaj Finance lead chart",https://www.thehindubusinessline.com/markets/mcap-boost-7-of-top-10-firms-gain-96201-cr-reliance-bajaj-finance-lead-chart/article70341031.ece
2025-10-27,"Good news for Mukesh Ambani , Noel Tata , Reliance Industries earns Rs 466870000000 , TCS gains Rs 361260000000 , due to …",https://www.india.com/business/good-news-for-mukesh-ambani-noel-tata-reliance-industries-earns-rs-466870000000-tcs-gains-rs-361260000000-due-to-share-price-surge-8151017/
2025-11-30,"Seven of top - 10 gain Rs 96 , 200 crore ; Reliance , Bajaj Finance shine while Airtel , TCS slip",https://www.moneycontrol.com/news/business/markets/seven-of-top-10-gain-rs-96-200-crore-reliance-bajaj-finance-shine-while-airtel-tcs-slip-13703055.html
2025-11-05,Reliance Industries cuts Russian crude share by 13 % after US sanctions : Report,https://www.financialexpress.com/business/industry-reliance-industries-cuts-russian-crude-share-by-13-after-us-sanctions-reportnbsp-4032736/
2025-10-16,Nita Ambani Shocking Net Worth Revealed : How She Builds Here Own Wealth Beyond The Ambani Empire $100 Billion !,https://www.newsx.com/business/nita-ambanis-shocking-net-worth-revealed-how-she-builds-here-own-wealth-beyond-the-ambani-empires-100-billion-93104/
2025-10-26,Mcap of 7 of top 10 most valued firms jumps by ₹1 . 55 lakh crore,https://www.thehindubusinessline.com/markets/mcap-of-7-of-top-10-most-valued-firms-jumps-by-155-lakh-crore/article70204248.ece
2025-11-23,"Mcap of 7 of top - 10 most valued firms surges Rs 1 . 28 lakh cr ; RIL , Airtel biggest gainers",https://economictimes.indiatimes.com/markets/stocks/news/mcap-of-7-of-top-10-most-valued-firms-surges-rs-1-28-lakh-cr-ril-airtel-biggest-gainers/articleshow/125517544.cms
2025-11-23,"Mcap of 7 of top - 10 most valued firms surges Rs 1 . 28 lakh crore ; RIL , Airtel biggest gainers",https://www.tribuneindia.com/news/business/mcap-of-7-of-top-10-most-valued-firms-surges-rs-1-28-lakh-crore-ril-airtel-biggest-gainers/
2025-10-19,Masterstroke by Mukesh Ambani as he earns Rs 473636500000 in a week due to ...; Sunil Mittal also ...,https://www.india.com/business/masterstroke-by-mukesh-ambani-as-he-earns-rs-473636500000-in-a-week-due-to-reliance-industries-mcap-increase-sunil-mittal-bharti-airtel-mcap-also-surges-8140554/
2025-12-07,"What is the source of Mukesh Ambani $111 billion fortune ? Reliance boss doesnt take salary or sell his shares , his wealth comes from ...",https://www.india.com/business/what-is-the-source-of-mukesh-ambani-111-billion-usd-fortune-reliance-industries-boss-doesnt-take-salary-or-sell-his-shares-his-wealth-comes-from-dividends-8218690/
2025-10-19,Market valuation of 7 of top - 10 firms surges by Rs 2 . 16 lakh crore last week,https://www.thestatesman.com/india/market-valuation-of-7-of-top-10-firms-surges-by-rs-2-16-lakh-crore-last-week-1503501046.html
2025-12-25,Reliance Industries resumes Russian oil imports to feed Jamnagar refinery,https://www.hindustantimes.com/business/reliance-industries-resumes-russian-oil-imports-to-feed-jamnagar-refinery-101766639017704.html
2025-11-02,"Mcap of four of top 10 valued firms jumps by Rs 95 , 447 cr ; Reliance biggest gainer",https://www.moneycontrol.com/news/business/markets/mcap-of-four-of-top-10-valued-firms-jumps-by-rs-95-447-cr-reliance-biggest-gainer-13647208.html
2025-11-02,"Market cap of top 10 companies rise Rs 95 , 447 crore , RIL leads - Market News",https://www.financialexpress.com/market/market-cap-of-top-10-companies-rise-rs-95447-crore-ril-leads-4029263/
2025-10-26,"Masterstroke by Mukesh Ambani as Reliance earns Rs 466870000000 in a week due to ..., Ratan Tata TCS also makes ...",https://www.india.com/business/reliance-market-cap-masterstroke-by-mukesh-ambani-as-reliance-industries-earns-rs-466870000000-in-a-week-due-to-stock-market-ratan-tata-tcs-also-makes-profit-tcs-market-cap-8150432/
2025-10-12,Mcap of eight of top - 10 most valued firms jumps by Rs 1 . 94 lakh cr ; TCS biggest winner,https://www.moneycontrol.com/news/business/markets/mcap-of-eight-of-top-10-most-valued-firms-jumps-by-rs-1-94-lakh-cr-tcs-biggest-winner-13610974.html
2025-11-16,"Mcap : 8 of top - 10 valued firms jump ₹2 . 05 lakh crore ; Bharti Airtel , RIL major winners",https://www.thehindubusinessline.com/markets/mcap-8-of-top-10-valued-firms-jump-205-lakh-crore-bharti-airtel-ril-major-winners/article70286490.ece
2025-11-30,"Mcap of 7 of top - 10 most valued firms climbs by Rs 96 , 201 cr ; Reliance , Bajaj Finance biggest winners",https://economictimes.indiatimes.com/markets/stocks/news/mcap-of-7-of-top-10-most-valued-firms-climbs-by-rs-96201-cr-reliance-bajaj-finance-biggest-winners/articleshow/125669123.cms
2025-12-29,Mukesh Ambani Reliance BREAKS silence on report on USD 30 billion compensation :  Claim made by ...,https://www.dnaindia.com/business/report-mukesh-ambani-s-reliance-reacts-to-report-on-usd-30-billion-compensation-claim-made-by-3195319
2025-11-19,Asia richest tycoon Ambani to visit Korea for talks with Samsung chief,https://www.koreaherald.com/article/10619254
2025-10-24,Reliance Industries rushes to ship battery components from China ahead of export curbs : Report,https://www.financialexpress.com/business/industry-reliance-industries-rushes-to-ship-battery-components-from-china-ahead-of-export-curbs-report-4020519/
2025-11-30,Masterstroke by Mukesh Ambani as he earns Rs 282828600000 in just five days due to ...,https://www.india.com/business/masterstroke-by-mukesh-ambani-as-he-earns-rs-282828600000-in-just-five-days-due-to-reliance-market-cap-bajaj-finance-bharti-airtel-8207690/
2025-11-28,"Reliance Industries share price hits fresh 52 - week high as Jefferies reiterates buy , check target price , upside",https://www.moneycontrol.com/news/business/stocks/reliance-industries-share-price-hits-fresh-52-week-high-as-jefferies-reiterates-buy-check-target-price-upside-13700818.html
2025-10-27,"Mcap of 7 top firms rises up by ₹1 . 55 lakh crore ; Reliance , TCS leadThe Shillong Times",https://theshillongtimes.com/2025/10/27/mcap-of-7-top-firms-rises-up-by-%E2%82%B91-55-lakh-crore-reliance-tcs-lead/
2025-11-30,"Market capitalisation of 7 of top - 10 most valued firms surges by ₹96 , 201 crore ; RIL , Bajaj Finance biggest gainers",https://www.livemint.com/market/stock-market-news/market-capitalisation-of-7-of-top-10-most-valued-firms-surges-by-96-201-crore-ril-bajaj-finance-biggest-gainers-11764488215128.html
2025-10-19,"Mcap of 7 of top - 10 most valued firms surges by Rs 2 . 16 lakh crore ; Reliance , Airtel biggest gainers",https://www.tribuneindia.com/news/business/mcap-of-7-of-top-10-most-valued-firms-surges-by-rs-2-16-lakh-crore-reliance-airtel-biggest-gainers/
2025-11-12,Reliance International : How global oil dynamics made Abu Dhabi unit a vital trade artery for Reliance,https://www.livemint.com/companies/reliance-international-industries-russia-oil-trade-abu-dhabi-uae-crude-sikka-port-petroleum-products-11762885889173.html
2025-11-30,"Market valuation of top 7 firms climbs over Rs 96 , 000 crore",https://www.thestatesman.com/business/market-valuation-of-top-7-firms-climbs-over-rs-96000-crore-1503519617.html
2025-10-23,Reliance recalibrating Russian oil imports to align with India guidelines,https://www.thehindubusinessline.com/companies/reliance-recalibrating-russian-oil-imports-to-align-with-indias-guidelines/article70192225.ece
2025-10-23,Reliance to halt oil imports under Rosneft deal - The HinduBusinessLine,https://www.thehindubusinessline.com/companies/reliance-to-halt-crude-oil-imports-under-rosneft-deal/article70193117.ece
2025-11-23,"Seven Of India Top - 10 Firms Add ₹1 . 28 Lakh Crore In Market Value , RIL & Airtel Lead Weekly Gains Amid Positive Equity Sentiment",https://www.freepressjournal.in/business/seven-of-indias-top-10-firms-add-128-lakh-crore-in-market-value-ril-airtel-lead-weekly-gains-amid-positive-equity-sentiment
2025-10-26,"M - cap of 7 of top - 10 most valued firms jumps by Rs 1 . 55 lakh cr ; Reliance , TCS shine",https://economictimes.indiatimes.com/markets/stocks/news/m-cap-of-7-of-top-10-most-valued-firms-jumps-by-rs-1-55-lakh-cr-reliance-tcs-shine/articleshow/124823225.cms
2025-10-26,"Market recap : Mcap of 7 most valued firms surges by Rs 1 . 55 lakh cr ; Reliance , TCS lead gains",https://timesofindia.indiatimes.com/business/india-business/market-recap-mcap-of-7-most-valued-firms-surges-by-rs-1-55-lakh-cr-reliance-tcs-lead-gains/articleshow/124822802.cms
2025-11-19,Mukesh Ambani Reliance enters new market with launch of ...; aims to redefine ...,https://www.dnaindia.com/business/report-mukesh-ambani-reliance-enters-pet-care-market-with-launch-of-waggies-aims-to-redefine-rcpl-3189589
2025-10-26,"Mcap of 7 of top - 10 most valued firms jumps by Rs 1 . 55 lakh crore ; Reliance , TCS shine",https://www.tribuneindia.com/news/business/mcap-of-7-of-top-10-most-valued-firms-jumps-by-rs-1-55-lakh-crore-reliance-tcs-shine/
2025-10-09,"Anthropic plans to open India office , eyes tie - up with billionaire Ambani",https://finance.yahoo.com/news/anthropic-plans-open-india-office-162715425.html
2025-11-06,Reliance trying to sell West Asian oil in rare offer - The HinduBusinessLine,https://www.thehindubusinessline.com/companies/reliance-trying-to-sell-west-asian-oil-in-rare-offer/article70247469.ece
2025-11-23,"Market capitalisation of 7 of top - 10 most valued firms jumps by ₹1 . 28 lakh crore ; RIL , Bharti Airtel biggest gainers",https://www.livemint.com/market/stock-market-news/market-capitalisation-of-7-of-top-10-most-valued-firms-jumps-by-1-28-lakh-crore-ril-bharti-airtel-biggest-gainers-11763884494978.html
2025-12-03,Reliance Retail appoints Jeyandran Venugopal as President & CEO,https://bestmediainfo.com/mediainfo/mediainfo-marketing/reliance-retail-appoints-jeyandran-venugopal-as-president-ceo-10874545
2025-12-28,"Mcap of 7 of top - 10 most valued firms declines by ₹35 , 439 crore ; SBI biggest laggard",https://www.thehindubusinessline.com/markets/mcap-of-7-of-top-10-most-valued-firms-declines-by-35439-crore-sbi-biggest-laggard/article70445780.ece
2025-10-26,Mukesh Ambani earns Rs 46687 crore in just 3 days from ...; Reliance market cap jumps to Rs ...,https://www.dnaindia.com/business/report-mukesh-ambani-earns-rs-46687-crore-in-just-3-days-from-share-market-reliance-market-cap-jumps-to-rs-3185454
2025-10-10,Reliance Q2 results 2025 : Mukesh Ambani - led RIL to report its Q2 results 2025 on this date ; details here,https://www.livemint.com/market/stock-market-news/reliance-q2-results-2025-mukesh-ambani-led-ril-to-report-its-q2-results-2025-on-this-date-details-here-11760064085561.html
2025-10-05,"Mcap of 7 of top - 10 most valued firms climbs ₹74 , 573 crore ; HDFC Bank biggest gainer",https://www.thehindu.com/business/Economy/mcap-of-7-of-top-10-most-valued-firms-climbs-74573-crore-hdfc-bank-biggest-gainer/article70127468.ece
2025-10-12,"Dalal Street rally lifts top firm value by Rs 1 . 94 lakh crore ; TCS , HDFC Bank shine - Market News",https://www.financialexpress.com/market/dalal-street-rally-lifts-top-firms-value-by-rs-1-94-lakh-crore-tcs-hdfc-bank-shine-4007896/
2025-10-17,"Reliance Q2 result preview : O2C margins , Jio tariff hike and retail push among 3 key factors to watch",https://www.financialexpress.com/business/industry-reliance-q2-result-preview-how-will-o2c-margins-tariff-impactnbsp-on-jio-and-retail-drive-growth-4013129/
2025-12-14,"Mcap of 8 most valued firms erodes by Rs 79 , 129 crore ; Bajaj Finance , ICICI Bank hit hard",https://www.tribuneindia.com/news/business/mcap-of-8-most-valued-firms-erodes-by-rs-79129-crore-bajaj-finance-icici-bank-hit-hard/
2025-10-12,Mcap of eight of top - 10 most valued firms jumps by Rs 1 . 94 lakh cr ; TCS biggest winner,https://www.tribuneindia.com/news/business/mcap-of-eight-of-top-10-most-valued-firms-jumps-by-rs-1-94-lakh-cr-tcs-biggest-winner/
2025-10-12,"Market Rally Lifts Eight Of Top - 10 Valued Firms By ₹1 . 94 Lakh Crore ; TCS , Reliance , HDFC Bank Among Top Gainers",https://www.freepressjournal.in/business/market-rally-lifts-eight-of-top-10-valued-firms-by-194-lakh-crore-tcs-reliance-hdfc-bank-among-top-gainers
2025-12-07,MAJOR boost for Ratan Tata TCS as it earns Rs 359095200000 in just five days ! Market cap surges to ...,https://www.india.com/business/major-boost-for-ratan-tata-tcs-as-it-earns-rs-359095200000-in-just-five-days-tcs-market-cap-surges-to-rs-72284-crore-tata-group-reliance-industries-mukesh-ambani-infosys-narayana-murthy-8218788/
2025-11-09,"Mcap of 7 of top - 10 most valued firms erodes by ₹88 , 635 cr ; Airtel , TCS biggest laggards",https://www.thehindubusinessline.com/markets/mcap-of-7-of-top-10-most-valued-firms-erodes-by-88635-cr-airtel-tcs-biggest-laggards/article70258775.ece
2025-12-15,"Mukesh Ambani , Isha Ambani plan BIG move , in talks to acquire stake in Rs 668 crore company to take on Tata , it is ...",https://www.dnaindia.com/business/report-mukesh-ambani-isha-ambani-plan-big-move-in-talks-to-acquire-stake-in-rs-668-crore-udhaiyams-agro-foods-to-take-on-tata-it-is-3193440
2025-10-23,Russian oil supply to India set to fall to near zero after US sanctions : Sources,https://www.thehindubusinessline.com/news/russian-oil-supply-to-india-set-to-fall-to-near-zero-after-us-sanctions-sources/article70192224.ece
2025-11-23,"Adani Commodities sells 7 % stake in AWL Agri for Rs 2 , 502 crore , promoter offloads 0 . 46 % shares in Max Financial",https://www.moneycontrol.com/news/business/markets/adani-commodities-sells-7-stake-in-awl-agri-for-rs-2-502-crore-promoter-offloads-0-46-shares-in-max-financial-13690706.html
2025-10-12,Mcap of eight of top - 10 most valued firms jumps  by Rs 1 . 94 lakh cr ; TCS biggest winner,https://www.dailyexcelsior.com/mcap-of-eight-of-top-10-most-valued-firms-jumps-by-rs-1-94-lakh-cr-tcs-biggest-winner/
2025-10-12,Mcap of eight of top - 10 most valued firms jumps  by Rs 1 . 94 lakh cr ; TCS biggest winner,https://www.dailyexcelsior.com/mcap-of-eight-of-top-10-most-valued-firms-jumps-by-rs-1-94-lakh-cr-tcs-biggest-winner-2/
2025-10-20,"Markets say Happy Diwali : Nifty around 25 , 900 , Sensex jumps 500 points ; Reliance Industries up 2 . 7 %",https://www.financialexpress.com/market/markets-say-happy-diwali-nifty-around-25900-sensex-jumps-500-points-reliance-industries-up-2-7-4016144/
2025-11-28,Reliance Industries gets Rs 56 . 44 crore CGST penalty,https://www.ibtimes.co.in/reliance-industries-gets-rs-56-44-crore-cgst-penalty-893275
2025-10-13,"Upcoming earnings this week : From RIL , Infosys , to HDFC Bank , over 100 companies to announce Q2 results - Check complete list - Industry News",https://www.financialexpress.com/business/industry-upcoming-earnings-this-week-from-reliance-infosys-to-hdfc-bank-over-100-companies-set-to-announce-q1-results-check-key-companiesnbsp-4008377/
2025-10-09,"Mukesh Ambani brings back indigenous personal - care brand , ropes in Krithi Shetty as ...",https://www.dnaindia.com/business/report-mukesh-ambani-reliance-consumer-brings-back-indigenous-personal-care-brand-velvette-ropes-in-krithi-shetty-as-brand-ambassador-ck-rajkumar-family-3183487
2025-10-05,"Mcap of top 7 firms climbs Rs 74 , 573 crore ; HDFC Bank biggest gainer",https://www.tribuneindia.com/news/business/mcap-of-top-7-firms-climbs-rs-74573-crore-hdfc-bank-biggest-gainer/
2025-10-05,"Top Seven Firm Combined Market Valuation Rises ₹74 , 573 Crore ; HDFC Bank Leads Gains",https://www.freepressjournal.in/business/top-seven-firms-combined-market-valuation-rises-74573-crore-hdfc-bank-leads-gains
2025-11-27,Reliance Industries crosses Rs 21 lakh crore market valuation as shares hit 52 - week high,https://bestmediainfo.com/mediainfo/mediainfo-marketing/reliance-industries-crosses-rs-21-lakh-crore-market-valuation-as-shares-hit-52-week-high-10816593
2025-11-09,"Mcap of 7 of top - 10 most valued firms erodes by Rs 88 , 635 cr ; Airtel , TCS biggest laggards",https://economictimes.indiatimes.com/markets/stocks/news/mcap-of-7-of-top-10-most-valued-firms-erodes-by-rs-88635-cr-airtel-tcs-biggest-laggards/articleshow/125197465.cms
2025-11-14,What the big 10 fund houses bought and sold in October 2025,https://www.indiainfoline.com/blog/what-the-big-10-fund-houses-bought-and-sold-in-october-2025
2025-11-09,"Market Cap Of Seven Top Companies Falls By ₹88 , 635 Crore As Bharti Airtel , TCS Lead Weekly Declines",https://www.freepressjournal.in/business/market-cap-of-seven-top-companies-falls-by-88635-crore-as-bharti-airtel-tcs-lead-weekly-declines
2025-11-25,"Reliance Industries share price hits 52 - week high , jumps 8 % in six months ; here why",https://www.livemint.com/market/stock-market-news/reliance-industries-share-price-hits-52-week-high-jumps-8-in-six-months-heres-why-11764051934046.html
2025-11-09,"Valuation of 7 of top 10 firms erodes by over Rs 88 , 000 crore in holiday - shortened week",https://www.thestatesman.com/business/valuation-of-7-of-top-10-firms-erodes-by-over-rs-88000-crore-in-holiday-shortened-week-1503509549.html
2025-12-23,"Mukesh Ambani Reliance tops India wealth - creation table after sharp comeback in 2025 , market cap reaches Rs ...",https://www.dnaindia.com/business/report-mukesh-ambani-reliance-industries-tops-india-wealth-creation-table-after-sharp-comeback-in-2025-market-cap-reaches-rs-3194749
2025-11-19,Reliance Snaps Up Kuwaiti Crude as India Shuns Sanctioned Russian Oil,https://finance.yahoo.com/news/reliance-snaps-kuwaiti-crude-india-103500921.html
2025-11-16,"Valuation boost : India top firms add over Rs 2 lakh crore in market value ; Airtel , Reliance lead while Bajaj Finance slips",https://timesofindia.indiatimes.com/business/india-business/valuation-boost-indias-top-firms-add-over-rs-2-lakh-crore-in-market-value-airtel-reliance-lead-while-bajaj-finance-slips/articleshow/125361277.cms
2025-11-09,"Mcap of 7 of top - 10 most valued firms  erodes by Rs 88 , 635 cr ; Airtel , TCS biggest laggards",https://www.dailyexcelsior.com/mcap-of-7-of-top-10-most-valued-firms-erodes-by-rs-88635-cr-airtel-tcs-biggest-laggards/
2025-12-02,Reliance completes merger of Star Television Productions with Jiostar,https://www.thehindu.com/business/Industry/reliance-completes-merger-of-star-television-productions-with-jiostar/article70348237.ece
2025-10-05,"HDFC Bank leads as seven of India top - 10 most valued firms gain Rs 74 , 573 cr in market cap - India News",https://www.financialexpress.com/india-news/hdfc-bank-leads-as-seven-of-indias-top-10-most-valued-firms-gain-rs-74573-cr-in-market-cap/3999023/
2025-11-16,Market valuation of 8 of top 10 firms surges by over Rs 2 lakh crore,https://www.thestatesman.com/business/market-valuation-of-8-of-top-10-firms-surges-by-over-rs-2-lakh-crore-1503512868.html
2025-10-17,"Q2 results 2025 : RIL , JSW Steel , Tata Technologies among companies to declare earnings today",https://www.livemint.com/market/stock-market-news/q2-results-2025-ril-jsw-steel-tata-technologies-among-companies-to-declare-earnings-today-11760666983991.html
2025-10-03,"Adani and Ambani to install modular reactors , other big names are …",https://www.india.com/business/adani-ambani-to-install-modular-reactors-other-big-names-are-reliance-industries-adani-power-bsmr-npcil-tata-power-hindalco-jsw-energy-gujarat-madhya-pradesh-odisha-8112391/
2025-10-17,Reliance Retail Q2 revenue surges 18 % YoY ; customer base crosses 369 million,https://aninews.in/news/national/general-news/reliance-retail-q2-revenue-surges-18-yoy-customer-base-crosses-369-million20251017215118/
2025-11-16,"Masterstroke by Mukesh Ambani as he earns Rs 54941840000 is just five days due to ..., Sunil Mittal - led Bharti Airtel becomes ...",https://www.india.com/business/masterstroke-by-mukesh-ambani-as-he-earns-rs-54941840000-is-just-five-days-due-to-reliance-market-cap-sunil-mittal-led-bharti-airtel-emerges-biggest-gainer-reliance-industries-tcs-infosys-mcap-8187624/
2025-10-30,"Reliance and Google to offer 18 - month free Google AI Pro access to Jio users ; worth ₹35 , 100 per user",https://www.thehindubusinessline.com/info-tech/reliance-and-google-to-offer-18-month-free-google-ai-pro-access-to-jio-users-worth-35100-per-user/article70221096.ece
2025-12-18,"Mukesh Ambani Reliance Industries slashes Russian oil imports , turns to ...",https://www.dnaindia.com/business/report-mukesh-ambani-s-reliance-industries-slashes-russian-oil-import-under-us-pressure-3194106
2025-12-02,Reliance completes merger of Star Television Productions with Jiostar,https://economictimes.indiatimes.com/industry/media/entertainment/media/reliance-completes-merger-of-star-television-productions-with-jiostar/articleshow/125710815.cms
2025-11-16,"Mcap of 8 of top - 10 most valued firms jumps by ₹2 . 05 lakh crore ; Bharti Airtel , RIL biggest gainers",https://www.livemint.com/market/stock-market-news/mcap-of-8-of-top-10-most-valued-firms-jump-by-2-05-lakh-crore-bharti-airtel-ril-biggest-gainers-11763271073980.html
2025-12-17,Top Stocks for Today - 17th December 2025,https://www.indiainfoline.com/news/markets/top-stocks-for-today-17th-december-2025
2025-10-25,Facebook picks 30 pc in AI venture of Reliance ; two companies to invest Rs 855 crore,https://www.tribuneindia.com/news/business/facebook-picks-30-pc-in-ai-venture-of-reliance-two-companies-to-invest-rs-855-crore/
2025-10-17,"Mukesh Ambani RIL strikes gold before Diwali , Q2 results show increased profits and higher revenue ; Details here",https://www.india.com/business/mukesh-ambanis-ril-strikes-gold-before-diwali-q2-results-show-increased-profits-higher-revenue-details-here-reliance-industries-telecom-financial-year-ebitda-jio-platforms-gst-8137684/
2025-10-08,Anthropic CEO Dario Amodei visits India to open Bengaluru office and explore partnership with Reliance Industries,https://www.businesstoday.in/technology/news/story/anthropic-ceo-dario-amodei-visits-india-to-open-bengaluru-office-and-explore-partnership-with-reliance-industries-497233-2025-10-08
2025-10-27,"Another Rate Cut Hopes Boost Banking & Financial Stocks , Sensex & Nifty Move Toward Higher Levels",https://www.freepressjournal.in/business/another-rate-cut-hopes-boost-banking-financial-stocks-sensex-nifty-move-toward-higher-levels
2025-12-19,"Despite eroding confidence world over , India sprinting at 8 % growth : Mukesh Ambani",https://www.thehindubusinessline.com/companies/despite-eroding-confidence-world-over-india-sprinting-at-8-growth-mukesh-ambani/article70384798.ece
2025-10-25,Facebook picks 30 % in AI venture of Reliance ; two cos to invest Rs 855 crore,https://www.moneycontrol.com/news/business/reliance-meta-ai-venture-takes-shape-with-70-30-split-rs-855-crore-infusion-13631941.html
2025-10-20,"Market Wrap : Sensex jumps 411 pts , Nifty tops 25 , 800 as Reliance , HDFC Bank rally post - earnings",https://economictimes.indiatimes.com/markets/stocks/news/sensex-jumps-411-pts-nifty-tops-25800-as-reliance-hdfc-bank-rally-post-earnings-on-diwali-2025/articleshow/124703535.cms
2025-12-30,"India claims $30b from Reliance , BP",https://tribune.com.pk/story/2584567/india-claims-30b-from-reliance-bp
2025-12-30,"RIL shares set to post best returns in five years , what lies ahead ?",https://www.businesstoday.in/markets/stocks/story/ril-shares-set-to-post-best-returns-in-five-years-what-lies-ahead-508700-2025-12-30
2025-10-26,"As Reliance , Meta announce Rs 855 crore AI partnership ; RIL clarifies that the transaction does not ...",https://timesofindia.indiatimes.com/technology/tech-news/as-reliance-meta-announce-rs-855-crore-ai-partnership-ril-clarifies-that-the-transaction-does-not-/articleshow/124824940.cms
2025-12-24,Reliance Industries Entitled To Proportionate Cenvat Credit On Insurance Services For Post 01 . 07 . 2003 Period : CESTAT Ahmedabad,https://www.livelaw.in/tax-cases/reliance-industries-entitled-to-proportionate-cenvat-credit-on-insurance-services-for-post-01072003-period-cestat-ahmedabad-514350
2025-10-23,Reliance Industries may consider halting Russian oil imports : Report,https://www.financialexpress.com/business/industry-reliance-industries-may-consider-halting-russian-oil-imports-report-4019462/
2025-12-22,Qatar Museums and Nita Mukesh Ambani Cultural Centre collaborate to develop museum - in - residence education initiatives,https://www.moneycontrol.com/news/india/qatar-museums-and-nita-mukesh-ambani-cultural-centre-collaborate-to-develop-museum-in-residence-education-initiatives-13738032.html
2025-10-25,Facebook picks 30 pc in AI venture of  Reliance ; two cos to invest Rs 855 cr,https://www.dailyexcelsior.com/facebook-picks-30-pc-in-ai-venture-of-reliance-two-cos-to-invest-rs-855-cr/
2025-10-20,Stock markets surge in early trade ; Sensex jumps over 700 points,https://www.tribuneindia.com/news/business/stock-markets-surge-in-early-trade-sensex-jumps-over-700-points/
2025-12-30,Reliance Jio defining act : What the 2026 IPO means for RIL shareholders after Rs 4 . 5 lakh crore rally,https://economictimes.indiatimes.com/markets/stocks/news/reliance-jios-defining-act-what-the-2026-ipo-means-for-ril-shareholders-after-rs-4-5-lakh-crore-rally/articleshow/126243684.cms
2025-12-30,Reliance Jio defining act : What the 2026 IPO means for RIL shareholders after ₹4 . 5 lakh crore rally,https://telecom.economictimes.indiatimes.com/news/industry/reliance-jios-defining-act-what-the-2026-ipo-means-for-ril-shareholders-after-4-5-lakh-crore-rally/126244007
2025-12-28,"Top - 10 Valued Firms : SBI , Reliance , Bajaj Finance Lose Market Cap in BSE Weekly Wrap",https://www.thehindu.com/business/markets/sbi-reliance-top-10-firms-see-35439-crore-market-cap-drop/article70445762.ece
2025-12-31,"Who is Vimal Ambani ? Man behind Dhirubhai iconic brand  Only Vimal , where is he now and what does he do ?",https://www.dnaindia.com/business/report-who-is-vimal-ambani-man-behind-dhirubhai-ambani-s-mukesh-ambani-iconic-brand-only-vimal-where-is-he-now-and-what-does-he-do-3195498
2025-10-20,Reliance Industrie share price jumps nearly 3 % after strong Q2 results ; brokerages bullish,https://www.moneycontrol.com/news/business/stocks/reliance-industries-share-price-jumps-nearly-3-after-strong-q2-results-brokerages-bullish-13624572.html
2025-12-01,Which stocks pulled Nifty 50 to its all - time high after 14 months ?,https://www.livemint.com/market/stock-market-news/nifty-50-all-time-high-14-months-reliance-industries-tata-consultancy-services-tcs-bharti-airtel-11764528435724.html
2025-12-29,"India seeks $30B from BP , Reliance Industries in gas production dispute - Reuters ( BP : NYSE )",https://seekingalpha.com/news/4535730-india-seeks-30b-from-bp-reliance-industries-in-gas-production-dispute-reuters
2025-11-24,"Top stocks to buy : Stock recommendations for the week starting November 24 , 2025 - check list",https://timesofindia.indiatimes.com/business/india-business/top-stock-recommendations-for-november-24-2025-week-max-healthcare-reliance-industries-stocks-to-buy-today/articleshow/125530833.cms
2025-11-28,Stock market trades higher in early deals,https://www.thehindu.com/business/markets/stock-market-trades-higher-in-early-deals/article70333427.ece
2025-12-22,"Nita Mukesh Ambani Cultural Centre inks deal to develop education initiatives in India , Qatar",https://www.dailyexcelsior.com/nita-mukesh-ambani-cultural-centre-inks-deal-to-develop-education-initiatives-in-india-qatar/
2025-11-06,Mukesh Ambani Reliance trying to sell Middle Eastern oil in rare offer,https://economictimes.indiatimes.com/industry/energy/oil-gas/mukesh-ambanis-reliance-trying-to-sell-middle-eastern-oil-in-rare-offer/articleshow/125128084.cms
2025-12-04,"Stocks to watch : Reliance Industries , RVNL , Pine Labs , ONGC among 10 shares in focus today",https://www.livemint.com/market/stock-market-news/stocks-to-watch-reliance-industries-rvnl-pine-labs-ongc-among-10-shares-in-focus-today-11764811424741.html
2025-10-12,Dalal Street rally ! M - cap of eight of top - 10 valued firms add Rs 1 . 94 lakh crore ; TCS leads gain,https://timesofindia.indiatimes.com/business/india-business/dalal-street-rally-m-cap-of-eight-of-top-10-valued-firms-add-rs-1-94-lakh-crore-tcs-leads-gain/articleshow/124495285.cms
2025-10-13,Top 10 richest Indians in 2025 : Mukesh Ambani and Gautam Adani lead ; Sunil Mittal jumps 3 spots,https://indianexpress.com/article/trending/top-10-listing/top-10-richest-indians-in-2025-forbes-billionaires-list-10303742/
2025-10-17,"Markets open lower : Nifty at 25 , 550 , Sensex falls 75 points ; Wipro cracks 4 %",https://www.financialexpress.com/market/markets-open-lower-nifty-at-25550-sensex-falls-75-points-wipro-cracks-4-4013511/
2025-12-30,Russian Oil Flows to India Sink But Reliance May Limit Decline,https://www.bloomberg.com:443/news/articles/2025-12-30/why-russian-oil-shipments-to-india-are-set-to-plunge-in-december-and-what-s-next
2025-10-09,"Stock markets rebound in early trade on foreign fund inflows , buying in Reliance , IT counters",https://www.thehindu.com/business/markets/stock-markets-rebound-in-early-trade-on-foreign-fund-inflows-buying-in-reliance-it-counters/article70142340.ece
2025-12-30,Reliance denies report of $30 billion Indian government claim over BP - partnered deepwater field,https://www.upstreamonline.com/production/reliance-denies-report-of-30-billion-indian-government-claim-over-bp-partnered-deepwater-field/2-1-1921708
2025-12-02,Top Stocks for Today - 2nd December 2025,https://www.indiainfoline.com/news/markets/top-stocks-for-today-2nd-december-2025
2025-10-20,Stock markets surge for 4th day ; Sensex jumps over 411 points,https://www.thehindubusinessline.com/markets/stock-markets-surge-for-4th-day-sensex-jumps-over-411-points/article70184732.ece
2025-12-04,S & P raises Reliance Industrie rating to  A  as consumer businesses boost earnings,https://www.businesstoday.in/latest/corporate/story/sp-raises-reliance-industries-rating-to-a-as-consumer-businesses-boost-earnings-505130-2025-12-04
2025-10-23,Reliance  recalibrating  Russian oil imports to align with Centre guidelines,https://www.moneycontrol.com/news/business/reliance-recalibrating-russian-oil-imports-to-align-with-centre-s-guidelines-13628494.html
2025-10-12,MAJOR boost for Ratan Tata TCS amid Tata Group power tussle as it earns Rs 456783500000 in just 5 days due to ...,https://www.india.com/business/tcs-market-cap-major-boost-for-ratan-tata-tcs-amid-tata-group-power-tussle-as-it-earns-rs-456783500000-in-just-5-days-due-to-stock-market-tata-trusts-tata-sons-noel-tata-8128728/
2025-12-28,"Mcap of 7 of top - 10 most valued firms declines by Rs 35 , 439 cr ; SBI biggest laggard",https://www.moneycontrol.com/news/business/mcap-of-7-of-top-10-most-valued-firms-declines-by-rs-35-439-cr-sbi-biggest-laggard-13745420.html
2025-11-26,"Reliance , Brookfield , JV partner to invest $11 bn in AI data capacity",https://www.vccircle.com/relianceindustries-brookfield-jv-partners-to-invest-11-bn-in-india-ai-data-capacity
2025-10-17,"Reliance Q2 Results Today : Retail , Jio , O2C To Drive Earnings Growth",https://www.news18.com/business/markets/reliance-q2-results-today-retail-jio-o2c-to-drive-earnings-growth-9641610.html
2025-11-13,"Bombay High Court Flags Rs 12 , 000 - Crore  Gas Theft : Petitioner Seeks CBI Probe Against Reliance Industries",https://www.outlookindia.com/national/bombay-high-court-flags-rs-12000-crore-gas-theft-petitioner-seeks-cbi-probe-against-reliance-industries
2025-12-29,India Seeks $30 Billion From Reliance and BP in Long - Running Gas Dispute,https://oilprice.com/Latest-Energy-News/World-News/India-Seeks-30-Billion-From-Reliance-and-BP-in-Long-Running-Gas-Dispute.html
2025-10-27,"Markets steady on China - US trade deal framework : Nifty around 25 , 900 , Sensex climbs 225 points ; Kotak Mahindra Bank down over 1 %",https://www.financialexpress.com/market/markets-steady-on-china-us-trade-deal-framework-nifty-around-25900-sensex-climbs-225-points-kotak-mahindra-bank-down-over-1-4022520/
2025-11-20,"Sensex gains 300 pts , Nifty at 26 , 150 : Positive global cues among key factors behind market rise",https://www.moneycontrol.com/news/business/markets/sensex-gains-300-pts-nifty-at-26-150-fii-buying-among-key-factors-behind-market-rise-13687560.html
2025-10-27,"NSE / BSE , Top Gainers & Top Losers Today 27 October 2025 : Bharti Airtel , Reliance , SBI , Tata Motors PV , Eternal",https://www.thehindubusinessline.com/markets/stock-markets/nse-bse-stock-market-top-gainers-top-losers-today-bhartiartl-reliance-sbin-27-october-2025/article70208352.ece
2025-10-27,RIL shares rise 2 % as Facebook picks 30 % stake in its AI venture,https://www.moneycontrol.com/news/business/markets/ril-shares-rise-2-as-facebook-picks-30-stake-in-its-ai-venture-13633623.html
2025-11-09,Mukesh Ambani prays at Tirumala temple,https://www.thehindu.com/news/national/andhra-pradesh/mukesh-ambani-prays-at-tirumala-temple/article70258888.ece
2025-11-20,"Reliance stops importing Russian crude for SEZ refinery , shifts exports to non - Russian oil",https://www.thehindubusinessline.com/markets/commodities/ril-halts-russian-oil-imports-export-cargoes-to-use-non-russian-crude-from-dec-1/article70304420.ece
2025-11-21,India begins probe against alleged dumping of polyester yarn by Chinese firms,https://www.thehindubusinessline.com/economy/india-begins-probe-against-alleged-dumping-of-polyester-yarn-by-chinese-firms/article70306400.ece
2025-11-07,"Future Group , Amazon in Settlement Talks Post Rs23 . 7 Crore SIAC Award : Lawyers to Delhi High Court",https://moneylife.in/article/future-group-amazon-in-settlement-talks-post-rs237-crore-siac-award-lawyers-to-delhi-high-court/78774.html
2025-11-07,Reliance Jio Platforms valuation seen at $170 billion by bankers : Report,https://www.livemint.com/market/ipo/reliances-jio-platforms-valuation-seen-at-170-billion-by-bankers-report-11762497239390.html
2025-10-27,Asia to head global polypropylene capacity additions until 2030,https://www.offshore-technology.com/analyst-comment/asia-global-polypropylene-capacity-additions-2030/
2025-10-29,"He a killer : Trump praises  nicest - looking guy  Modi , repeats trade sanction claim",https://indianexpress.com/shorts/world/trump-praises-modi-repeats-trade-sanction-claim-pakistan-conflict-10333500/
2025-10-26,"Kurnool bus accident that killed 20 caused by drunk biker , says forensic report",https://indianexpress.com/shorts/india/kurnool-bus-accident-killed-caused-drunk-biker-forensic-report-10327612/
2025-10-25,How a humble sedan drove past SUVs to top sales charts,https://www.financialexpress.com/shorts/industry/how-a-humble-sedan-drove-past-suvs-to-top-sales-charts-4021687/
2025-10-20,Stock markets surge for 4th day ; Sensex jumps over 411 points,https://www.dailyexcelsior.com/stock-markets-surge-for-4th-day-sensex-jumps-over-411-points/
2025-11-29,How to turn your finished tasks into Netflix time 🍿 ; Reliance,https://nextbigwhat.com/how-to-turn-your-finished-tasks-into-netflix-time-%F0%9F%8D%BF-reliance/
2025-12-20,"Despite US curbs , Rosneft supplies most Russian oil",https://economictimes.indiatimes.com/industry/energy/oil-gas/despite-us-curbs-rosneft-supplies-most-russian-oil/articleshow/126083850.cms
2025-12-02,Jio - Facebook deal : SC rejects RIL plea against SAT order,https://www.rediff.com/business/report/jio-facebook-deal-sc-rejects-rils-plea-against-sat-order/20251202.htm
2025-10-20,"From Reliance Industries , HDFC Bank to IndusInd Bank , JSW Energy – Here are 8 stocks to watch today",https://www.financialexpress.com/market/from-reliance-industries-hdfc-bank-to-jsw-energy-here-are-8-stocks-to-watch-today-4015912/
2025-12-02,Jio - Facebook deal : SC rejects plea of RIL against SAT order imposing ₹30 lakh fine,https://www.thehindubusinessline.com/news/jio-facebook-deal-sc-rejects-plea-of-ril-against-30-lakh-sebi-fine/article70348325.ece
2025-10-05,"Seven of top 10 firms climb over Rs 74 , 000 crore ; HDFC Bank emerges as biggest gainer",https://www.thestatesman.com/business/seven-of-top-10-firms-climb-over-rs-74000-crore-hdfc-bank-emerges-as-biggest-gainer-1503495146.html
2025-12-03,"Reliance Jio : Supreme Court Upholds ₹30 Lakh Fine on Reliance Industries Over Jio - Facebook Deal Disclosure Issue , ETTelecom",https://telecom.economictimes.indiatimes.com/news/industry/supreme-court-upholds-30-lakh-fine-on-reliance-industries-over-jio-facebook-deal-disclosure-issue/125731733
2025-10-17,"RIL O2C Q2 results : Revenue rises 3 . 2 % to Rs 1 . 60 lakh crore , EBITDA up 21 %",https://www.moneycontrol.com/news/business/ril-o2c-q2-results-revenue-rises-3-2-to-rs-1-60-lakh-crore-in-q2-fy26-ebitda-up-21-13622450.html
2025-12-05,Plea In Supreme Court Challenges Mumbai Civic Body Proposal To Engage Reliance Industries For Landscaping Reclaimed Lands,https://www.livelaw.in/top-stories/supreme-court-pil-against-mcgm-proposal-to-engage-reliance-industries-for-landscaping-on-reclaimed-lands-along-mumbai-coastal-road-312370
2025-10-23,Shobha De claims Shilpa Shetty Bastian – At The Top earns Rs 2 - 3 crore a night,https://www.financialexpress.com/shorts/life/entertainment/shobha-de-claims-shilpa-shettys-bastian-at-the-top-earns-rs-2-3-crore-a-night-inside-one-of-mumbais-most-lavish-restaurants-4019110/
2025-11-25,"Mukesh Ambani , Nita Ambani , Anant Ambani Attended Lavish Wedding Of This Couple At Jio World Centre , Groom Father Is Close Aide Of ...",https://www.newsx.com/business/mukesh-ambani-nita-ambani-anant-ambani-attended-lavish-wedding-of-this-couple-at-jio-world-centre-grooms-father-is-close-aide-karan-nathwani-reliance-industries-parimal-nathwani-115269/
2025-10-11,"Lakme Fashion Week : India leads circular fashion , material innovation at R|Elan Circular Design Challenge 2025",https://news.webindia123.com/news/Articles/Entertainment/20251011/4371472.html
2025-10-20,"Gainers & Losers : RIL , South Indian Bank among 7 stocks that moved most today . Here why",https://economictimes.indiatimes.com/markets/stocks/news/gainers-amp-losers-ril-south-indian-bank-among-7-stocks-that-moved-most-today-heres-why/slideshow/124704547.cms
2025-10-29,India Feels Sanctions Impact As Russian Oil Tanker Turns Back In Baltic,https://indiawest.com/india-feels-sanctions-impact-as-russian-oil-tanker-turns-back-in-baltic/
2025-10-11,"Lakme Fashion Week : India leads circular fashion , material innovation at R|Elan™ Circular Design Challenge 2025",https://aninews.in/news/entertainment/out-of-box/lakme-fashion-week-india-leads-circular-fashion-material-innovation-at-relan8482-circular-design-challenge-202520251011200638/
2025-11-11,Men We Love : Mukesh Ambani,https://www.femina.in/trending/achievers/men-we-love-mukesh-ambani-288312.html
2025-11-02,"Market recap : Mcap of four of top 10 valued firms jumps Rs 95 , 447 crore ; Reliance leads the gains",https://timesofindia.indiatimes.com/business/india-business/market-recap-mcap-of-four-of-top-10-valued-firms-jumps-rs-95447-crore-reliance-leads-the-gains/articleshow/125031835.cms
2025-10-20,"Fireworks on D - St : Markets extend rally for 4th day on strong RIL , HDFC Bank Q2 results",https://www.moneycontrol.com/news/business/earnings/fireworks-on-d-st-markets-extend-rally-for-4th-day-on-strong-ril-hdfc-bank-q2-results-13624360.html
2025-11-24,Ambani Reliance Builds Coastal Road Garden in Push for Mumbai Green Space,https://www.bloomberg.com/news/features/2025-11-20/ambani-s-reliance-builds-coastal-road-garden-in-push-for-mumbai-green-space
2025-11-21,US President son Donald Trump Jr visits Vantara wildlife centre in Gujarat,https://www.tribuneindia.com/news/india/us-presidents-son-donald-trump-jr-visits-vantara-wildlife-centre-in-gujarat/
2025-12-04,S & P raises Reliance Industrie rating to  A - on improving cash flow stability,https://www.prokerala.com/news/articles/a1704187.html
2025-12-24,"Sensex slips 116 pts , Nifty below 26 , 150 ahead of Christmas break ; what next ?",https://www.businesstoday.in/markets/stocks/story/sensex-slips-116-pts-nifty-below-26150-ahead-of-christmas-break-whats-next-508037-2025-12-24
2025-10-23,Barrels to bytes & gigawatts : Inside RIL carefully scripted green ambition,https://economictimes.indiatimes.com/prime/energy/barrels-to-bytes-gigawatts-inside-rils-carefully-scripted-green-ambition/primearticleshow/124737417.cms
2025-10-23,Trump tariffs on India Russian oil purchases push Reliance to recalibrate imports under government guidelines,https://www.thehindu.com/business/Industry/reliance-industries-recalibrates-russian-oil-imports-to-align-with-indias-guidelines/article70192283.ece
2025-11-18,reliance industries ltd : Stock Radar : RIL stock breaks out from a cup & handle pattern on daily charts ; what should investors do ?,https://economictimes.indiatimes.com/markets/stocks/news/stock-radar-ril-stock-breaks-out-from-a-cup-handle-pattern-on-daily-charts-what-should-investors-do/articleshow/125385339.cms
2025-10-17,"JioStar hits jackpot : Rs 7 , 232 crore revenue , Rs 1 , 322 crore profit in Q2 FY26",https://bestmediainfo.com/mediainfo/television/jiostar-hits-jackpot-rs-7232-crore-revenue-rs-1322-crore-profit-in-q2-fy26-10573158
2025-11-28,"Big blow to Mukesh Ambani Reliance Industries , faces massive GST penalty of Rs ...; company vows to ...",https://www.dnaindia.com/business/report-big-blow-to-mukesh-ambani-s-reliance-industries-faces-massive-gst-penalty-of-rs-company-vows-to-3190932
2025-12-29,"Reliance Industries refutes report , says no claim of $30 billion against the company and BP",https://ianslive.in/reliance-industries-refutes-report-says-no-claim-of-30-billion-against-the-company-and-bp--20251229220604
2025-12-18,Reliance Consumer acquires majority stake in Udhaiyams Agro Foods,https://economictimes.indiatimes.com/industry/cons-products/fmcg/reliance-consumer-acquires-majority-stake-in-udhaiyams-agro-foods/articleshow/126062539.cms
2025-12-17,"Footie with elephant , bonding with big cats , prayers : Memorable moments from Messi Vantara visit",https://www.moneycontrol.com/news/india/footie-with-elephant-bonding-with-big-cats-prayers-memorable-moments-from-messi-s-vantara-visit-watch-13730736.html
2025-12-19,Reliance Consumer Products picks up majority stake in Tamil Nadu Udhaiyams Agro Foods,https://www.thehindu.com/business/Industry/reliance-consumer-products-picks-up-majority-stake-in-tamil-nadus-udhaiyams-agro-foods/article70415345.ece
2025-12-02,"BIG blow to Mukesh Ambani - controlled Reliance Industries , Supreme Court upholds SEBI fine of Rs ... for ...",https://www.dnaindia.com/business/report-big-blow-to-mukesh-ambani-controlled-reliance-industries-supreme-court-upholds-sebi-fine-3191560
2025-10-30,"Google to offer Gemini Pro AI plan worth Rs 35 , 100 free to all Reliance Jio users",https://timesofindia.indiatimes.com/technology/tech-news/google-ai-pro-plan-worth-rs-35100-available-free-to-all-reliance-jio-users-these-users-to-get-access-first/articleshow/124952247.cms
2025-10-17,Jio subscriber base crosses 500 million ; ARPU rises to Rs 211 . 4,https://news.webindia123.com/news/Articles/Business/20251017/4373832.html
2025-11-09,"Seven of top 10 valued firms lose Rs 88 , 600 crore , Airtel , TCS among biggest losers",https://www.ibtimes.co.in/seven-top-10-valued-firms-lose-rs-88600-crore-airtel-tcs-among-biggest-losers-892136
2025-10-19,Buy or sell : Ganesh Dongre of Anand Rathi recommends three stocks to buy on Monday 20 October 2025,https://www.livemint.com/market/stock-market-news/buy-or-sell-ganesh-dongre-of-anand-rathi-recommends-three-stocks-to-buy-on-monday-20-october-2025-11760864190657.html
2025-10-20,"RIL fires up Diwali trade ! Stock jumps 3 % as Jefferies , Nuvama see up to 30 % upside - Here why - Market News",https://www.financialexpress.com/market/ril-fires-up-diwali-trade-stock-jumps-3-as-jefferies-nuvama-see-up-to-30-upside-heres-why-4016200/
2025-10-17,"Reliance Industries : Profit climbs 14 % on strong growth in refining , retail , and digital units",https://www.moneycontrol.com/news/business/earnings/reliance-industries-profit-climbs-14-on-strong-growth-in-refining-retail-and-digital-units-13622268.html
2025-10-17,Jio subscriber base crosses 500 million ; ARPU rises to Rs 211 . 4,https://aninews.in/news/business/jio-subscriber-base-crosses-500-million-arpu-rises-to-rs-211420251017200631/
2025-10-20,Sensex jumps over 700 points in early trade,https://www.rediff.com/business/report/how-the-sensex-fared-on-october20/20251020.htm
2025-11-06,"Reliance Jio Valuation Soars to $170 Billion Ahead of Historic IPO , ETTelecom",https://telecom.economictimes.indiatimes.com/news/industry/reliance-jio-valuation-soars-to-170-billion-ahead-of-historic-ipo/125130581
2025-11-06,Bankers said to see Reliance Jio value as high as $170 billion,https://economictimes.indiatimes.com/markets/ipos/fpos/bankers-said-to-see-reliances-jio-value-as-high-as-170-billion/articleshow/125129913.cms
2025-10-20,"Markets Soar In Early Trade , Sensex Jumps Over 700 Points ; Global Trends & Fund Inflows Boost Sentiment",https://www.freepressjournal.in/business/markets-soar-in-early-trade-sensex-jumps-over-700-points-global-trends-fund-inflows-boost-sentiment
2025-11-06,"Reliance eyes mega Jio listing at $130 – 170 billion valuation , bankers say",https://www.thehindubusinessline.com/markets/jio-platforms-may-seek-170-billion-valuation-ahead-of-record-ipo/article70248034.ece
2025-11-05,"Is this the end of Russian oil for Reliance ? Sanctions , tech ties forcing rethink , says report",https://www.businesstoday.in/latest/corporate/story/is-this-the-end-of-russian-oil-for-reliance-sanctions-tech-ties-forcing-rethink-says-report-500893-2025-11-05
2025-10-17,Reliance Q2 net profit rises 9 . 6 pc y - o - y but falls compared to Q1,https://www.siasat.com/reliance-q2-net-profit-rises-9-6-pc-y-o-y-but-falls-compared-to-q1-3284409/
2025-11-20,Mukesh Ambani Reliance halts Russian oil imports for its only - for - export refinery in Jamnagar due to ...,https://www.dnaindia.com/business/report-mukesh-ambani-reliance-halts-russian-oil-imports-for-its-only-for-export-refinery-in-jamnagar-due-to-european-union-sanctions-3189754
2025-12-28,Happy Birthday Dhirubhai Ambani : A Look At The Visionary Remarkable Business Journey,https://www.newsx.com/business/happy-birthday-dhirubhai-ambani-a-look-at-the-visionarys-remarkable-business-journey-136023/
2025-11-20,"Sensex rises 959 pts in 2 days , Nifty above 26 , 150 ; stock market eyes fresh record zone",https://www.businesstoday.in/markets/stocks/story/sensex-rises-959-pts-in-2-days-nifty-above-26150-stock-market-eyes-fresh-record-zone-502955-2025-11-20
2025-12-09,"Stock Markets Tumble In Early Trade Amid Weak Global Cues , FII Outflows",https://www.deccanchronicle.com/business/stock-markets-tumble-in-early-trade-amid-weak-global-cues-fii-outflows-1922616
2025-12-05,India Reliance Retail completes consumer business restructuring,https://finance.yahoo.com/news/india-reliance-retail-completes-consumer-120858536.html
2025-11-08,Once upon a Dalmianagar : The decline of an industrial township,https://indianexpress.com/article/long-reads/once-upon-a-dalmianagar-the-decline-of-an-industrial-township-10352592/
2025-12-09,"Stock markets tumble in early trade amid weak global cues , FII outflows",https://www.tribuneindia.com/news/business/stock-markets-tumble-in-early-trade-amid-weak-global-cues-fii-outflows/
2025-11-06,ED summons Anil Ambani to depose on Nov 14 - The HinduBusinessLine,https://www.thehindubusinessline.com/news/ed-summons-anil-ambani-to-depose-on-nov-14/article70247471.ece
2025-10-21,US Corneal Topographers Market Trends 2025 Highlight AI,https://www.openpr.com/news/4232120/us-corneal-topographers-market-trends-2025-highlight-ai
2025-11-23,India Russian crude imports set to decline sharply following new US sanctions,https://www.indiatvnews.com/news/world/india-s-russian-crude-imports-set-to-decline-sharply-following-new-us-sanctions-2025-11-23-1018731
2025-11-29,Bombay High Court Grants Interim Relief To  JIO ; Restrains Taxi Operator From Using  JIO Taxi  Mark,https://www.livelaw.in/high-court/bombay-high-court/bombay-high-court-grants-interim-relief-to-jio-restrains-taxi-operator-from-using-jio-taxi-mark-311577
2025-11-25,"Samsung , Reliance chiefs push deeper AI - chip alliance",https://www.koreaherald.com/article/10623519
2025-12-14,"Bajaj Finance loses over Rs 19 , 000 crore in market valuation this week",https://www.prokerala.com/news/articles/a1707449.html
2025-10-26,"Reliance , Meta form new Rs 855 - crore joint venture to build enterprise AI products in India",https://indianexpress.com/article/technology/artificial-intelligence/reliance-meta-new-joint-venture-enterprise-ai-products-10327562/
2025-12-14,"Bajaj Finance loses over Rs 19 , 000 crore in market valuation this week",https://www.ibtimes.co.in/bajaj-finance-loses-over-rs-19000-crore-market-valuation-this-week-894159
2025-10-12,Factors that will guide the markets this week,https://www.rediff.com/business/report/factors-that-will-guide-the-markets-this-week/20251012.htm
2025-10-23,Reliance recalibrating Russian oil imports to align with India guidelines,https://economictimes.indiatimes.com/industry/energy/oil-gas/reliance-recalibrating-russian-oil-imports-to-align-with-indias-guidelines/articleshow/124752506.cms
2025-10-26,Reliance snaps up Mideast oil after Russia sanctions - The HinduBusinessLine,https://www.thehindubusinessline.com/companies/reliance-snaps-up-mideast-oil-after-russia-sanctions/article70204568.ece
2025-10-31,Indian Refiner HPCL Says It Doesnt Need Russian Crude,https://oilprice.com/Latest-Energy-News/World-News/Indian-Refiner-HPCL-Says-It-Doesnt-Need-Russian-Crude.html
2025-11-14,"RIL To Set Up 1 GW AI Data Centre , 6 GWp Solar Power Project In Andhra : CM Naidu",https://www.deccanchronicle.com/southern-states/andhra-pradesh/ril-to-set-up-1-gw-ai-data-centre-6-gwp-solar-power-project-in-andhra-cm-naidu-1917074
2025-11-09,"Seven of top 10 valued firms lose Rs 88 , 600 crore , Airtel , TCS among biggest losers",https://www.prokerala.com/news/articles/a1695078.html
2025-12-31,"Markets extend gains in year - end session , Sensex jumps over 500 points",https://www.thehindubusinessline.com/markets/stock-markets/markets-extend-gains-in-year-end-session-sensex-jumps-over-500-points/article70456241.ece
2025-10-24,Russia top Indian oil client Reliance says will abide by western sanctions,https://www.zawya.com/en/world/indian-sub-continent/russias-top-indian-oil-client-reliance-says-will-abide-by-western-sanctions-cb97jsjn
2025-11-06,Bankers said to see Reliance Jio value as high as $170 billion,https://www.moneycontrol.com/news/business/ipo/bankers-said-to-see-reliance-s-jio-value-as-high-as-170-billion-13656932.html
2025-11-03,5 heavyweights drive most of Nifty Q2 profit growth so far,https://www.moneycontrol.com/news/business/markets/5-heavyweights-drive-most-of-nifty-s-q2-profit-growth-so-far-13649136.html
2025-10-21,"Suzlon Energy , YES Bank , VIL , Tata Steel , Reliance Power : Retail favourite performance in Samvat 2081",https://www.businesstoday.in/markets/stocks/story/suzlon-energy-yes-bank-vil-tata-steel-reliance-power-retail-favourites-performance-in-samvat-2081-499035-2025-10-21
2025-12-17,World richest families : Ambanis only Indian family on the list,https://www.moneycontrol.com/news/business/world-s-richest-families-ambanis-at-8th-spot-only-indian-family-in-list-13730745.html
2025-11-03,"HDFC Bank , RIL , TCS , JSW Steel , Infosys : Top 5 Nifty Q2 earnings contributors",https://www.businesstoday.in/markets/stocks/story/hdfc-bank-ril-tcs-jsw-steel-infosys-top-5-nifty-q2-earnings-contributors-500530-2025-11-03
2025-10-20,"Indian shares rise as steady earnings aid sentiment ; Reliance leads rally , HDFC Bank hits record high",https://www.marketscreener.com/news/indian-shares-rise-as-steady-earnings-aid-sentiment-reliance-leads-rally-hdfc-bank-hits-record-hig-ce7d5ad2d88cf120
2025-10-20,"India stock benchmarks to open higher on strong earnings from lenders , global cues",https://www.marketscreener.com/news/india-stock-benchmarks-to-open-higher-on-strong-earnings-from-lenders-global-cues-ce7d5ad2d88bf52c
2025-12-09,"Stock markets tumble in early trade amid weak global cues , FII outflows",https://www.thehindu.com/business/markets/stock-markets-tumble-in-early-trade-amid-weak-global-cues-fii-outflows/article70374938.ece
2025-11-17,India ships first jet fuel cargo to US West Coast for Chevron,https://www.thehindubusinessline.com/economy/india-ships-first-jet-fuel-cargo-to-us-west-coast-for-chevron/article70289682.ece
2025-12-02,"Products Ltd : Reliance Retail completes internal restructuring process , ETRetail",https://retail.economictimes.indiatimes.com/news/industry/reliance-retail-completes-internal-restructuring-process/125714204
2025-11-28,"UPSC Daily Current Affairs Quiz : Gamma Rays , Dark Matter , Hong Kong , NASA , Chess World Cup",https://www.hindustantimes.com/education/upsc-daily-current-affairs-quiz-gamma-rays-dark-matter-hong-kong-nasa-chess-world-cup-commonwealth-games-101764298598642.html
2025-11-24,Deepest discount in two years : Russia offers cheaper Urals crude to Indian refiners,https://www.businesstoday.in/latest/economy/story/deepest-discount-in-two-years-russia-offers-cheaper-urals-crude-to-indian-refiners-503497-2025-11-24
2025-10-10,"Billionaire Mukesh Ambani , offers prayers at Badrinath Dham , clicks selfies with visitors - Lifestyle News",https://www.financialexpress.com/life/lifestyle-billionaire-mukesh-ambani-offers-prayers-at-badrinath-dham-clicks-selfies-with-visitors-4005854/
2025-10-06,"Tata Steel , Bajaj Finance , RIL to drive Nifty Q2 ; Tata Motors , Axis Bank may drag numbers",https://www.businesstoday.in/markets/stocks/story/tata-steel-bajaj-finance-ril-to-drive-nifty-q2-tata-motors-axis-bank-may-drag-numbers-496911-2025-10-06
2025-12-18,Top 10 richest families in the world 2025 : Indian family with net worth of $105 . 6bn ranks 8th,https://indianexpress.com/article/trending/top-10-listing/top-10-richest-families-worldwide-2025-indian-family-ranks-8th-10426187/
2025-12-23,Round 14 : 49 bids for 24 coal blocks,https://economictimes.indiatimes.com/industry/indl-goods/svs/metals-mining/round-14-49-bids-for-24-coal-blocks/articleshow/126146963.cms
2025-10-27,Reliance Meta AI Joint Venture Launches REIL,https://respawn.outlookindia.com/gaming/gaming-news/reliance-and-meta-partners-up-for-inr-855-crore-ai-joint-venture
2025-10-20,Stock markets surge for 4th day ; Sensex jumps over 411 points,https://www.siasat.com/stock-markets-surge-for-4th-day-sensex-jumps-over-411-points-3285387/
2025-10-08,Bombay High Court Grants Ad - Interim Relief To Reliance In  JIO  Trademark Infringement Suit Against Cab Operators,https://www.livelaw.in/high-court/bombay-high-court/bombay-high-court-relief-jio-trademark-violation-by-cab-operators-306295
2025-10-21,"Sensex , Nifty surge for fourth dayThe Shillong Times",https://theshillongtimes.com/2025/10/21/sensex-nifty-surge-for-fourth-day/
2025-12-03,"Stock markets decline for third day on FII selling , weak rupeeThe Shillong Times",https://theshillongtimes.com/2025/12/03/stock-markets-decline-for-third-day-on-fii-selling-weak-rupee/
2025-11-06,Goldman Sachs has  Buy  recommendation on 6 stocks with up to 43 % upside potential - Market News,https://www.financialexpress.com/market/goldman-sachs-has-buy-recommendation-on-6-stocks-with-up-to-43-upside-potential-4033864/
2025-12-30,Mukesh Ambani unveils draft Reliance AI manifesto :  World has only seen tip of iceberg of AI possibilities,https://www.moneycontrol.com/news/business/mukesh-ambani-unveils-draft-reliance-ai-manifesto-world-has-only-seen-tip-of-iceberg-of-ai-s-possibilities-13749109.html
2025-10-31,Reliance Industries shares in focus after AI partnership with Google ; key details,https://www.businesstoday.in/markets/stocks/story/reliance-industries-shares-in-focus-after-ai-partnership-with-google-key-details-500296-2025-10-31
2025-11-14,Another AI boost for Andhra ! Ambani Reliance announces 1 GW data centre ; soon after Google investment,https://timesofindia.indiatimes.com/business/india-business/another-ai-boost-for-andhra-ambanis-reliance-announces-1-gw-data-centre-soon-after-googles-investment/articleshow/125324208.cms
